"Cluster","CO_ID","CI01","CI02","CI06","CI07","CI08","CO_E01","CO_E02","CO_E03","CO_E04","CO_E05","CO_E06","CO_E07","Basicweight"
2,1,1,1,2,1,1,9,"Ibitaro",0,15,,,,33.29115
2,1,1,1,2,1,1,15,"Ibiro by!iposita",0,15,,,,33.29115
2,1,1,1,2,1,1,17,"Imiryango itari ibigo by!imari itari iya leta",0,10,,,,33.29115
2,1,1,1,2,1,1,21,"Ipompo izamura amazi ikoresha amashanyarazi",0,99,,,,33.29115
2,1,1,1,2,1,1,7,"Amavuriro ya Leta/Ikigo nderabuzima",0,1,,,,33.29115
2,1,1,1,2,1,1,19,"Insyo/amabarizo/aho bakora amavuta ateka",1,,2015,1,1,33.29115
2,1,1,1,2,1,1,13,"Ibigo by!imari iciriritse",1,,2009,1,1,33.29115
2,1,1,1,2,1,1,11,"Amakusanyirizo y!amata",0,10,,,,33.29115
2,1,1,1,2,1,1,1,"Ibigo by!amashuri y!incuke",0,1,,,,33.29115
2,1,1,1,2,1,1,16,"Aho abantu babonera Internet",0,1,,,,33.29115
2,1,1,1,2,1,1,8,"Poste de sante cg Farumasi",0,2,,,,33.29115
2,1,1,1,2,1,1,14,"Poste ya polisi",0,10,,,,33.29115
2,1,1,1,2,1,1,3,"Ibigo by!amashuri yisumbuye",0,1,,,,33.29115
2,1,1,1,2,1,1,12,"Amashami ya Banki",0,10,,,,33.29115
2,1,1,1,2,1,1,2,"Ibigo by!amashuri yibanza",0,1,,,,33.29115
2,1,1,1,2,1,1,20,"Aho basharija/bakora telefoni",0,10,,,,33.29115
2,1,1,1,2,1,1,22,"Kiliziya/Umusigiti/Urusengero",2,,1960,1,1,33.29115
2,1,1,1,2,1,1,5,"Aho bategera Bus",0,1,,,,33.29115
2,1,1,1,2,1,1,6,"Amavuriro y!igenga",0,1,,,,33.29115
2,1,1,1,2,1,1,23,"Ibiro by!ibigo bya Leta bitanga amashanyarazi",0,11,,,,33.29115
2,1,1,1,2,1,1,4,"Ikigo cy!amashuri y!imyuga  (TVET)",0,1,,,,33.29115
2,1,1,1,2,1,1,18,"Aho bajya inama bakanatanga serivisi z!ubuhinzi",0,10,,,,33.29115
2,1,1,1,2,1,1,10,"Amasoko",0,10,,,,33.29115
3,2,1,1,2,1,1,8,"Poste de sante cg Farumasi",0,0,,,,65.275125
3,2,1,1,2,1,1,16,"Aho abantu babonera Internet",0,2,,,,65.275125
3,2,1,1,2,1,1,19,"Insyo/amabarizo/aho bakora amavuta ateka",0,0,,,,65.275125
3,2,1,1,2,1,1,1,"Ibigo by!amashuri y!incuke",1,,2018,1,1,65.275125
3,2,1,1,2,1,1,2,"Ibigo by!amashuri yibanza",1,,2018,1,1,65.275125
3,2,1,1,2,1,1,22,"Kiliziya/Umusigiti/Urusengero",1,,1990,1,1,65.275125
3,2,1,1,2,1,1,6,"Amavuriro y!igenga",0,7,,,,65.275125
3,2,1,1,2,1,1,15,"Ibiro by!iposita",0,9,,,,65.275125
3,2,1,1,2,1,1,23,"Ibiro by!ibigo bya Leta bitanga amashanyarazi",0,9,,,,65.275125
3,2,1,1,2,1,1,13,"Ibigo by!imari iciriritse",0,6,,,,65.275125
3,2,1,1,2,1,1,10,"Amasoko",0,9,,,,65.275125
3,2,1,1,2,1,1,21,"Ipompo izamura amazi ikoresha amashanyarazi",0,1,,,,65.275125
3,2,1,1,2,1,1,14,"Poste ya polisi",0,6,,,,65.275125
3,2,1,1,2,1,1,5,"Aho bategera Bus",0,8,,,,65.275125
3,2,1,1,2,1,1,3,"Ibigo by!amashuri yisumbuye",0,1,,,,65.275125
3,2,1,1,2,1,1,20,"Aho basharija/bakora telefoni",0,4,,,,65.275125
3,2,1,1,2,1,1,9,"Ibitaro",0,8,,,,65.275125
3,2,1,1,2,1,1,12,"Amashami ya Banki",0,9,,,,65.275125
3,2,1,1,2,1,1,7,"Amavuriro ya Leta/Ikigo nderabuzima",0,1,,,,65.275125
3,2,1,1,2,1,1,4,"Ikigo cy!amashuri y!imyuga  (TVET)",0,8,,,,65.275125
3,2,1,1,2,1,1,17,"Imiryango itari ibigo by!imari itari iya leta",0,9,,,,65.275125
3,2,1,1,2,1,1,11,"Amakusanyirizo y!amata",0,9,,,,65.275125
3,2,1,1,2,1,1,18,"Aho bajya inama bakanatanga serivisi z!ubuhinzi",0,2,,,,65.275125
4,3,1,1,1,1,1,2,"Ibigo by!amashuri yibanza",0,1,,,,32.3729260273973
4,3,1,1,1,1,1,20,"Aho basharija/bakora telefoni",0,1,,,,32.3729260273973
4,3,1,1,1,1,1,5,"Aho bategera Bus",0,1,,,,32.3729260273973
4,3,1,1,1,1,1,12,"Amashami ya Banki",0,1,,,,32.3729260273973
4,3,1,1,1,1,1,11,"Amakusanyirizo y!amata",0,1,,,,32.3729260273973
4,3,1,1,1,1,1,9,"Ibitaro",0,8,,,,32.3729260273973
4,3,1,1,1,1,1,15,"Ibiro by!iposita",0,8,,,,32.3729260273973
4,3,1,1,1,1,1,10,"Amasoko",0,0,,,,32.3729260273973
4,3,1,1,1,1,1,3,"Ibigo by!amashuri yisumbuye",0,4,,,,32.3729260273973
4,3,1,1,1,1,1,22,"Kiliziya/Umusigiti/Urusengero",0,1,,,,32.3729260273973
4,3,1,1,1,1,1,21,"Ipompo izamura amazi ikoresha amashanyarazi",0,99,,,,32.3729260273973
4,3,1,1,1,1,1,7,"Amavuriro ya Leta/Ikigo nderabuzima",0,3,,,,32.3729260273973
4,3,1,1,1,1,1,13,"Ibigo by!imari iciriritse",0,4,,,,32.3729260273973
4,3,1,1,1,1,1,14,"Poste ya polisi",0,2,,,,32.3729260273973
4,3,1,1,1,1,1,6,"Amavuriro y!igenga",2,,2019,1,1,32.3729260273973
4,3,1,1,1,1,1,4,"Ikigo cy!amashuri y!imyuga  (TVET)",0,1,,,,32.3729260273973
4,3,1,1,1,1,1,1,"Ibigo by!amashuri y!incuke",0,1,,,,32.3729260273973
4,3,1,1,1,1,1,17,"Imiryango itari ibigo by!imari itari iya leta",0,3,,,,32.3729260273973
4,3,1,1,1,1,1,18,"Aho bajya inama bakanatanga serivisi z!ubuhinzi",0,4,,,,32.3729260273973
4,3,1,1,1,1,1,16,"Aho abantu babonera Internet",0,1,,,,32.3729260273973
4,3,1,1,1,1,1,23,"Ibiro by!ibigo bya Leta bitanga amashanyarazi",0,8,,,,32.3729260273973
4,3,1,1,1,1,1,19,"Insyo/amabarizo/aho bakora amavuta ateka",0,1,,,,32.3729260273973
4,3,1,1,1,1,1,8,"Poste de sante cg Farumasi",0,1,,,,32.3729260273973
5,4,1,1,1,1,5,20,"Aho basharija/bakora telefoni",1,,2019,1,1,10.1755732217573
5,4,1,1,1,1,5,18,"Aho bajya inama bakanatanga serivisi z!ubuhinzi",0,2,,,,10.1755732217573
5,4,1,1,1,1,5,3,"Ibigo by!amashuri yisumbuye",0,1,,,,10.1755732217573
5,4,1,1,1,1,5,10,"Amasoko",0,3,,,,10.1755732217573
5,4,1,1,1,1,5,4,"Ikigo cy!amashuri y!imyuga  (TVET)",0,1,,,,10.1755732217573
5,4,1,1,1,1,5,16,"Aho abantu babonera Internet",0,1,,,,10.1755732217573
5,4,1,1,1,1,5,13,"Ibigo by!imari iciriritse",0,2,,,,10.1755732217573
5,4,1,1,1,1,5,1,"Ibigo by!amashuri y!incuke",0,1,,,,10.1755732217573
5,4,1,1,1,1,5,12,"Amashami ya Banki",0,2,,,,10.1755732217573
5,4,1,1,1,1,5,7,"Amavuriro ya Leta/Ikigo nderabuzima",0,1,,,,10.1755732217573
5,4,1,1,1,1,5,2,"Ibigo by!amashuri yibanza",0,1,,,,10.1755732217573
5,4,1,1,1,1,5,6,"Amavuriro y!igenga",0,1,,,,10.1755732217573
5,4,1,1,1,1,5,5,"Aho bategera Bus",0,1,,,,10.1755732217573
5,4,1,1,1,1,5,19,"Insyo/amabarizo/aho bakora amavuta ateka",0,5,,,,10.1755732217573
5,4,1,1,1,1,5,15,"Ibiro by!iposita",0,10,,,,10.1755732217573
5,4,1,1,1,1,5,21,"Ipompo izamura amazi ikoresha amashanyarazi",0,2,,,,10.1755732217573
5,4,1,1,1,1,5,23,"Ibiro by!ibigo bya Leta bitanga amashanyarazi",0,7,,,,10.1755732217573
5,4,1,1,1,1,5,11,"Amakusanyirizo y!amata",0,1,,,,10.1755732217573
5,4,1,1,1,1,5,8,"Poste de sante cg Farumasi",0,1,,,,10.1755732217573
5,4,1,1,1,1,5,17,"Imiryango itari ibigo by!imari itari iya leta",0,10,,,,10.1755732217573
5,4,1,1,1,1,5,9,"Ibitaro",0,5,,,,10.1755732217573
5,4,1,1,1,1,5,14,"Poste ya polisi",0,2,,,,10.1755732217573
5,4,1,1,1,1,5,22,"Kiliziya/Umusigiti/Urusengero",0,1,,,,10.1755732217573
6,5,1,1,1,1,1,15,"Ibiro by!iposita",0,2,,,,34.7765724137931
6,5,1,1,1,1,1,7,"Amavuriro ya Leta/Ikigo nderabuzima",0,1,,,,34.7765724137931
6,5,1,1,1,1,1,16,"Aho abantu babonera Internet",0,1,,,,34.7765724137931
6,5,1,1,1,1,1,13,"Ibigo by!imari iciriritse",0,1,,,,34.7765724137931
6,5,1,1,1,1,1,12,"Amashami ya Banki",0,1,,,,34.7765724137931
6,5,1,1,1,1,1,3,"Ibigo by!amashuri yisumbuye",0,1,,,,34.7765724137931
6,5,1,1,1,1,1,18,"Aho bajya inama bakanatanga serivisi z!ubuhinzi",0,3,,,,34.7765724137931
6,5,1,1,1,1,1,4,"Ikigo cy!amashuri y!imyuga  (TVET)",0,1,,,,34.7765724137931
6,5,1,1,1,1,1,20,"Aho basharija/bakora telefoni",5,,2003,1,1,34.7765724137931
6,5,1,1,1,1,1,17,"Imiryango itari ibigo by!imari itari iya leta",0,2,,,,34.7765724137931
6,5,1,1,1,1,1,2,"Ibigo by!amashuri yibanza",0,1,,,,34.7765724137931
6,5,1,1,1,1,1,14,"Poste ya polisi",0,1,,,,34.7765724137931
6,5,1,1,1,1,1,8,"Poste de sante cg Farumasi",0,1,,,,34.7765724137931
6,5,1,1,1,1,1,21,"Ipompo izamura amazi ikoresha amashanyarazi",0,4,,,,34.7765724137931
6,5,1,1,1,1,1,9,"Ibitaro",0,1,,,,34.7765724137931
6,5,1,1,1,1,1,22,"Kiliziya/Umusigiti/Urusengero",0,1,,,,34.7765724137931
6,5,1,1,1,1,1,23,"Ibiro by!ibigo bya Leta bitanga amashanyarazi",0,1,,,,34.7765724137931
6,5,1,1,1,1,1,19,"Insyo/amabarizo/aho bakora amavuta ateka",0,4,,,,34.7765724137931
6,5,1,1,1,1,1,10,"Amasoko",0,1,,,,34.7765724137931
6,5,1,1,1,1,1,5,"Aho bategera Bus",0,1,,,,34.7765724137931
6,5,1,1,1,1,1,6,"Amavuriro y!igenga",0,1,,,,34.7765724137931
6,5,1,1,1,1,1,11,"Amakusanyirizo y!amata",0,1,,,,34.7765724137931
6,5,1,1,1,1,1,1,"Ibigo by!amashuri y!incuke",0,1,,,,34.7765724137931
7,6,1,1,1,1,1,21,"Ipompo izamura amazi ikoresha amashanyarazi",0,8,,,,22.7114407894737
7,6,1,1,1,1,1,22,"Kiliziya/Umusigiti/Urusengero",2,,888,1,1,22.7114407894737
7,6,1,1,1,1,1,16,"Aho abantu babonera Internet",2,,2017,1,1,22.7114407894737
7,6,1,1,1,1,1,19,"Insyo/amabarizo/aho bakora amavuta ateka",0,6,,,,22.7114407894737
7,6,1,1,1,1,1,7,"Amavuriro ya Leta/Ikigo nderabuzima",0,3,,,,22.7114407894737
7,6,1,1,1,1,1,14,"Poste ya polisi",0,2,,,,22.7114407894737
7,6,1,1,1,1,1,5,"Aho bategera Bus",1,,888,1,1,22.7114407894737
7,6,1,1,1,1,1,23,"Ibiro by!ibigo bya Leta bitanga amashanyarazi",3,,2010,1,1,22.7114407894737
7,6,1,1,1,1,1,3,"Ibigo by!amashuri yisumbuye",1,,888,1,1,22.7114407894737
7,6,1,1,1,1,1,18,"Aho bajya inama bakanatanga serivisi z!ubuhinzi",0,2,,,,22.7114407894737
7,6,1,1,1,1,1,2,"Ibigo by!amashuri yibanza",1,,888,1,1,22.7114407894737
7,6,1,1,1,1,1,15,"Ibiro by!iposita",0,1,,,,22.7114407894737
7,6,1,1,1,1,1,1,"Ibigo by!amashuri y!incuke",2,,888,1,1,22.7114407894737
7,6,1,1,1,1,1,13,"Ibigo by!imari iciriritse",1,,888,1,1,22.7114407894737
7,6,1,1,1,1,1,9,"Ibitaro",0,3,,,,22.7114407894737
7,6,1,1,1,1,1,4,"Ikigo cy!amashuri y!imyuga  (TVET)",5,,888,1,1,22.7114407894737
7,6,1,1,1,1,1,17,"Imiryango itari ibigo by!imari itari iya leta",1,,2018,1,1,22.7114407894737
7,6,1,1,1,1,1,10,"Amasoko",0,2,,,,22.7114407894737
7,6,1,1,1,1,1,11,"Amakusanyirizo y!amata",0,2,,,,22.7114407894737
7,6,1,1,1,1,1,20,"Aho basharija/bakora telefoni",2,,2016,1,1,22.7114407894737
7,6,1,1,1,1,1,8,"Poste de sante cg Farumasi",4,,888,1,1,22.7114407894737
7,6,1,1,1,1,1,12,"Amashami ya Banki",0,2,,,,22.7114407894737
7,6,1,1,1,1,1,6,"Amavuriro y!igenga",3,,888,1,1,22.7114407894737
8,7,1,1,1,1,1,18,"Aho bajya inama bakanatanga serivisi z!ubuhinzi",0,3,,,,28.8663050239234
8,7,1,1,1,1,1,17,"Imiryango itari ibigo by!imari itari iya leta",0,3,,,,28.8663050239234
8,7,1,1,1,1,1,15,"Ibiro by!iposita",0,3,,,,28.8663050239234
8,7,1,1,1,1,1,11,"Amakusanyirizo y!amata",0,0,,,,28.8663050239234
8,7,1,1,1,1,1,5,"Bus stop",1,,888,1,1,28.8663050239234
8,7,1,1,1,1,1,19,"Insyo/amabarizo/aho bakora amavuta ateka",0,1,,,,28.8663050239234
8,7,1,1,1,1,1,21,"Ipompo izamura amazi ikoresha amashanyarazi",0,8,,,,28.8663050239234
8,7,1,1,1,1,1,14,"Poste ya polisi",0,0,,,,28.8663050239234
8,7,1,1,1,1,1,6,"Amavuriro y!igenga",0,1,,,,28.8663050239234
8,7,1,1,1,1,1,10,"Amasoko",0,1,,,,28.8663050239234
8,7,1,1,1,1,1,13,"Ibigo by!imari iciriritse",0,1,,,,28.8663050239234
8,7,1,1,1,1,1,2,"Ibigo by!amashuri yibanza",0,2,,,,28.8663050239234
8,7,1,1,1,1,1,7,"Amavuriro ya Leta/Ikigo nderabuzima",0,2,,,,28.8663050239234
8,7,1,1,1,1,1,16,"Aho abantu babonera Internet",0,2,,,,28.8663050239234
8,7,1,1,1,1,1,4,"TVET (technical vocational training institution)",0,1,,,,28.8663050239234
8,7,1,1,1,1,1,12,"Amashami ya Banki",0,2,,,,28.8663050239234
8,7,1,1,1,1,1,3,"Ibigo by!amashuri yisumbuye",0,2,,,,28.8663050239234
8,7,1,1,1,1,1,8,"Poste de sante cg Farumasi",0,0,,,,28.8663050239234
8,7,1,1,1,1,1,20,"Aho basharija/bakora telefoni",0,1,,,,28.8663050239234
8,7,1,1,1,1,1,1,"Ibigo by!amashuri y!incuke",1,,2007,1,1,28.8663050239234
8,7,1,1,1,1,1,22,"Kiliziya/Umusigiti/Urusengero",1,,2001,1,1,28.8663050239234
8,7,1,1,1,1,1,23,"Ibiro by!ibigo bya Leta bitanga amashanyarazi",0,1,,,,28.8663050239234
8,7,1,1,1,1,1,9,"Ibitaro",0,2,,,,28.8663050239234
9,8,1,1,1,1,1,8,"Poste de sante cg Farumasi",0,1,,,,19.4070469002695
9,8,1,1,1,1,1,18,"Aho bajya inama bakanatanga serivisi z!ubuhinzi",0,3,,,,19.4070469002695
9,8,1,1,1,1,1,2,"Ibigo by!amashuri yibanza",0,1,,,,19.4070469002695
9,8,1,1,1,1,1,12,"Amashami ya Banki",0,1,,,,19.4070469002695
9,8,1,1,1,1,1,5,"Aho bategera Bus",0,1,,,,19.4070469002695
9,8,1,1,1,1,1,14,"Poste ya polisi",0,2,,,,19.4070469002695
9,8,1,1,1,1,1,1,"Ibigo by!amashuri y!incuke",0,1,,,,19.4070469002695
9,8,1,1,1,1,1,13,"Ibigo by!imari iciriritse",0,2,,,,19.4070469002695
9,8,1,1,1,1,1,21,"Ipompo izamura amazi ikoresha amashanyarazi",0,0,,,,19.4070469002695
9,8,1,1,1,1,1,15,"Ibiro by!iposita",0,3,,,,19.4070469002695
9,8,1,1,1,1,1,10,"Amasoko",0,2,,,,19.4070469002695
9,8,1,1,1,1,1,22,"Kiliziya/Umusigiti/Urusengero",0,1,,,,19.4070469002695
9,8,1,1,1,1,1,7,"Amavuriro ya Leta/Ikigo nderabuzima",0,1,,,,19.4070469002695
9,8,1,1,1,1,1,3,"Ibigo by!amashuri yisumbuye",0,2,,,,19.4070469002695
9,8,1,1,1,1,1,19,"Insyo/amabarizo/aho bakora amavuta ateka",0,3,,,,19.4070469002695
9,8,1,1,1,1,1,23,"Ibiro by!ibigo bya Leta bitanga amashanyarazi",0,2,,,,19.4070469002695
9,8,1,1,1,1,1,6,"Amavuriro y!igenga",0,1,,,,19.4070469002695
9,8,1,1,1,1,1,20,"Aho basharija/bakora telefoni",1,,2015,1,1,19.4070469002695
9,8,1,1,1,1,1,11,"Amakusanyirizo y!amata",0,1,,,,19.4070469002695
9,8,1,1,1,1,1,9,"Ibitaro",0,3,,,,19.4070469002695
9,8,1,1,1,1,1,17,"Imiryango itari ibigo by!imari itari iya leta",0,3,,,,19.4070469002695
9,8,1,1,1,1,1,4,"Ikigo cy!amashuri y!imyuga  (TVET)",0,3,,,,19.4070469002695
9,8,1,1,1,1,1,16,"Aho abantu babonera Internet",0,3,,,,19.4070469002695
10,9,1,1,1,1,1,10,"Amasoko",0,2,,,,45.3452229357798
10,9,1,1,1,1,1,11,"Amakusanyirizo y!amata",0,1,,,,45.3452229357798
10,9,1,1,1,1,1,17,"Imiryango itari ibigo by!imari itari iya leta",0,2,,,,45.3452229357798
10,9,1,1,1,1,1,8,"Poste de sante cg Farumasi",0,1,,,,45.3452229357798
10,9,1,1,1,1,1,15,"Ibiro by!iposita",0,3,,,,45.3452229357798
10,9,1,1,1,1,1,22,"Kiliziya/Umusigiti/Urusengero",2,,2000,1,1,45.3452229357798
10,9,1,1,1,1,1,9,"Ibitaro",0,3,,,,45.3452229357798
10,9,1,1,1,1,1,6,"Amavuriro y!igenga",0,1,,,,45.3452229357798
10,9,1,1,1,1,1,23,"Ibiro by!ibigo bya Leta bitanga amashanyarazi",0,3,,,,45.3452229357798
10,9,1,1,1,1,1,12,"Amashami ya Banki",0,1,,,,45.3452229357798
10,9,1,1,1,1,1,7,"Amavuriro ya Leta/Ikigo nderabuzima",1,,2014,1,1,45.3452229357798
10,9,1,1,1,1,1,18,"Aho bajya inama bakanatanga serivisi z!ubuhinzi",0,5,,,,45.3452229357798
10,9,1,1,1,1,1,1,"Ibigo by!amashuri y!incuke",1,,1982,1,1,45.3452229357798
10,9,1,1,1,1,1,3,"Ibigo by!amashuri yisumbuye",2,,2000,1,1,45.3452229357798
10,9,1,1,1,1,1,2,"Ibigo by!amashuri yibanza",0,0,,,,45.3452229357798
10,9,1,1,1,1,1,16,"Aho abantu babonera Internet",0,3,,,,45.3452229357798
10,9,1,1,1,1,1,20,"Aho basharija/bakora telefoni",0,1,,,,45.3452229357798
10,9,1,1,1,1,1,21,"Ipompo izamura amazi ikoresha amashanyarazi",0,12,,,,45.3452229357798
10,9,1,1,1,1,1,14,"Poste ya polisi",0,2,,,,45.3452229357798
10,9,1,1,1,1,1,19,"Insyo/amabarizo/aho bakora amavuta ateka",0,2,,,,45.3452229357798
10,9,1,1,1,1,1,4,"Ikigo cy!amashuri y!imyuga  (TVET)",1,,2000,1,1,45.3452229357798
10,9,1,1,1,1,1,5,"Aho bategera Bus",0,1,,,,45.3452229357798
10,9,1,1,1,1,1,13,"Ibigo by!imari iciriritse",0,1,,,,45.3452229357798
11,10,1,1,1,1,1,8,"Poste de sante cg Farumasi",2,,2021,1,1,24.2731346260388
11,10,1,1,1,1,1,14,"Poste ya polisi",0,2,,,,24.2731346260388
11,10,1,1,1,1,1,17,"Imiryango itari ibigo by!imari itari iya leta",0,2,,,,24.2731346260388
11,10,1,1,1,1,1,2,"Ibigo by!amashuri yibanza",1,,2007,1,1,24.2731346260388
11,10,1,1,1,1,1,7,"Amavuriro ya Leta/Ikigo nderabuzima",0,1,,,,24.2731346260388
11,10,1,1,1,1,1,11,"Amakusanyirizo y!amata",2,,2020,1,1,24.2731346260388
11,10,1,1,1,1,1,20,"Aho basharija/bakora telefoni",0,1,,,,24.2731346260388
11,10,1,1,1,1,1,16,"Aho abantu babonera Internet",0,2,,,,24.2731346260388
11,10,1,1,1,1,1,19,"Insyo/amabarizo/aho bakora amavuta ateka",1,,2020,1,1,24.2731346260388
11,10,1,1,1,1,1,15,"Ibiro by!iposita",0,4,,,,24.2731346260388
11,10,1,1,1,1,1,18,"Aho bajya inama bakanatanga serivisi z!ubuhinzi",0,5,,,,24.2731346260388
11,10,1,1,1,1,1,21,"Ipompo izamura amazi ikoresha amashanyarazi",0,5,,,,24.2731346260388
11,10,1,1,1,1,1,23,"Ibiro by!ibigo bya Leta bitanga amashanyarazi",0,2,,,,24.2731346260388
11,10,1,1,1,1,1,13,"Ibigo by!imari iciriritse",0,2,,,,24.2731346260388
11,10,1,1,1,1,1,9,"Ibitaro",0,3,,,,24.2731346260388
11,10,1,1,1,1,1,10,"Amasoko",0,5,,,,24.2731346260388
11,10,1,1,1,1,1,3,"Ibigo by!amashuri yisumbuye",0,1,,,,24.2731346260388
11,10,1,1,1,1,1,5,"Aho bategera Bus",2,,2005,1,1,24.2731346260388
11,10,1,1,1,1,1,6,"Amavuriro y!igenga",1,,2000,1,1,24.2731346260388
11,10,1,1,1,1,1,1,"Ibigo by!amashuri y!incuke",0,1,,,,24.2731346260388
11,10,1,1,1,1,1,4,"Ikigo cy!amashuri y!imyuga  (TVET)",1,,2013,1,1,24.2731346260388
11,10,1,1,1,1,1,12,"Amashami ya Banki",0,2,,,,24.2731346260388
11,10,1,1,1,1,1,22,"Kiliziya/Umusigiti/Urusengero",1,,2000,1,1,24.2731346260388
12,11,1,2,2,1,1,16,"Aho abantu babonera Internet",0,6,,,,30.805986784141
12,11,1,2,2,1,1,21,"Ipompo izamura amazi ikoresha amashanyarazi",0,0,,,,30.805986784141
12,11,1,2,2,1,1,22,"Kiliziya/Umusigiti/Urusengero",0,3,,,,30.805986784141
12,11,1,2,2,1,1,10,"Amasoko",0,6,,,,30.805986784141
12,11,1,2,2,1,1,2,"Ibigo by!amashuri yibanza",0,1,,,,30.805986784141
12,11,1,2,2,1,1,5,"Aho bategera Bus",0,3,,,,30.805986784141
12,11,1,2,2,1,1,3,"Ibigo by!amashuri yisumbuye",0,6,,,,30.805986784141
12,11,1,2,2,1,1,23,"Ibiro by!ibigo bya Leta bitanga amashanyarazi",0,6,,,,30.805986784141
12,11,1,2,2,1,1,8,"Poste de sante cg Farumasi",0,0,,,,30.805986784141
12,11,1,2,2,1,1,20,"Aho basharija/bakora telefoni",0,3,,,,30.805986784141
12,11,1,2,2,1,1,7,"Amavuriro ya Leta/Ikigo nderabuzima",0,15,,,,30.805986784141
12,11,1,2,2,1,1,17,"Imiryango itari ibigo by!imari itari iya leta",0,6,,,,30.805986784141
12,11,1,2,2,1,1,18,"Aho bajya inama bakanatanga serivisi z!ubuhinzi",0,6,,,,30.805986784141
12,11,1,2,2,1,1,19,"Insyo/amabarizo/aho bakora amavuta ateka",1,,2017,1,1,30.805986784141
12,11,1,2,2,1,1,1,"Ibigo by!amashuri y!incuke",1,,2017,1,1,30.805986784141
12,11,1,2,2,1,1,4,"Ikigo cy!amashuri y!imyuga  (TVET)",0,6,,,,30.805986784141
12,11,1,2,2,1,1,12,"Amashami ya Banki",0,6,,,,30.805986784141
12,11,1,2,2,1,1,13,"Ibigo by!imari iciriritse",0,6,,,,30.805986784141
12,11,1,2,2,1,1,6,"Amavuriro y!igenga",0,0,,,,30.805986784141
12,11,1,2,2,1,1,11,"Amakusanyirizo y!amata",0,6,,,,30.805986784141
12,11,1,2,2,1,1,9,"Ibitaro",0,11,,,,30.805986784141
12,11,1,2,2,1,1,14,"Poste ya polisi",0,6,,,,30.805986784141
12,11,1,2,2,1,1,15,"Ibiro by!iposita",0,11,,,,30.805986784141
13,12,1,2,2,1,1,20,"Aho basharija/bakora telefoni",0,1,,,,13.4902167539267
13,12,1,2,2,1,1,12,"Amashami ya Banki",0,3,,,,13.4902167539267
13,12,1,2,2,1,1,2,"Ibigo by!amashuri yibanza",0,1,,,,13.4902167539267
13,12,1,2,2,1,1,16,"Aho abantu babonera Internet",0,2,,,,13.4902167539267
13,12,1,2,2,1,1,15,"Ibiro by!iposita",0,6,,,,13.4902167539267
13,12,1,2,2,1,1,18,"Aho bajya inama bakanatanga serivisi z!ubuhinzi",0,2,,,,13.4902167539267
13,12,1,2,2,1,1,13,"Ibigo by!imari iciriritse",4,,888,1,1,13.4902167539267
13,12,1,2,2,1,1,21,"Ipompo izamura amazi ikoresha amashanyarazi",0,0,,,,13.4902167539267
13,12,1,2,2,1,1,23,"Ibiro by!ibigo bya Leta bitanga amashanyarazi",0,3,,,,13.4902167539267
13,12,1,2,2,1,1,1,"Ibigo by!amashuri y!incuke",3,,2014,1,1,13.4902167539267
13,12,1,2,2,1,1,17,"Imiryango itari ibigo by!imari itari iya leta",0,5,,,,13.4902167539267
13,12,1,2,2,1,1,4,"Ikigo cy!amashuri y!imyuga  (TVET)",0,2,,,,13.4902167539267
13,12,1,2,2,1,1,19,"Insyo/amabarizo/aho bakora amavuta ateka",0,1,,,,13.4902167539267
13,12,1,2,2,1,1,14,"Poste ya polisi",0,4,,,,13.4902167539267
13,12,1,2,2,1,1,3,"Ibigo by!amashuri yisumbuye",0,1,,,,13.4902167539267
13,12,1,2,2,1,1,8,"Poste de sante cg Farumasi",0,1,,,,13.4902167539267
13,12,1,2,2,1,1,6,"Amavuriro y!igenga",0,1,,,,13.4902167539267
13,12,1,2,2,1,1,9,"Ibitaro",0,4,,,,13.4902167539267
13,12,1,2,2,1,1,7,"Amavuriro ya Leta/Ikigo nderabuzima",0,4,,,,13.4902167539267
13,12,1,2,2,1,1,10,"Amasoko",0,4,,,,13.4902167539267
13,12,1,2,2,1,1,11,"Amakusanyirizo y!amata",0,3,,,,13.4902167539267
13,12,1,2,2,1,1,5,"Aho bategera Bus",0,1,,,,13.4902167539267
13,12,1,2,2,1,1,22,"Kiliziya/Umusigiti/Urusengero",1,,888,1,1,13.4902167539267
14,13,1,2,1,1,2,6,"Amavuriro y!igenga",0,1,,,,27.6634577777778
14,13,1,2,1,1,2,18,"Aho bajya inama bakanatanga serivisi z!ubuhinzi",0,12,,,,27.6634577777778
14,13,1,2,1,1,2,13,"Ibigo by!imari iciriritse",0,2,,,,27.6634577777778
14,13,1,2,1,1,2,22,"Kiliziya/Umusigiti/Urusengero",0,0,,,,27.6634577777778
14,13,1,2,1,1,2,23,"Ibiro by!ibigo bya Leta bitanga amashanyarazi",0,2,,,,27.6634577777778
14,13,1,2,1,1,2,5,"Aho bategera Bus",1,,1990,3,,27.6634577777778
14,13,1,2,1,1,2,10,"Amasoko",0,2,,,,27.6634577777778
14,13,1,2,1,1,2,14,"Poste ya polisi",0,1,,,,27.6634577777778
14,13,1,2,1,1,2,19,"Insyo/amabarizo/aho bakora amavuta ateka",0,4,,,,27.6634577777778
14,13,1,2,1,1,2,1,"Ibigo by!amashuri y!incuke",0,0,,,,27.6634577777778
14,13,1,2,1,1,2,11,"Amakusanyirizo y!amata",0,25,,,,27.6634577777778
14,13,1,2,1,1,2,3,"Ibigo by!amashuri yisumbuye",0,3,,,,27.6634577777778
14,13,1,2,1,1,2,8,"Poste de sante cg Farumasi",0,0,,,,27.6634577777778
14,13,1,2,1,1,2,17,"Imiryango itari ibigo by!imari itari iya leta",0,6,,,,27.6634577777778
14,13,1,2,1,1,2,7,"Amavuriro ya Leta/Ikigo nderabuzima",0,3,,,,27.6634577777778
14,13,1,2,1,1,2,4,"Ikigo cy!amashuri y!imyuga  (TVET)",0,10,,,,27.6634577777778
14,13,1,2,1,1,2,12,"Amashami ya Banki",0,2,,,,27.6634577777778
14,13,1,2,1,1,2,16,"Aho abantu babonera Internet",0,0,,,,27.6634577777778
14,13,1,2,1,1,2,21,"Ipompo izamura amazi ikoresha amashanyarazi",0,9,,,,27.6634577777778
14,13,1,2,1,1,2,2,"Ibigo by!amashuri yibanza",0,2,,,,27.6634577777778
14,13,1,2,1,1,2,9,"Ibitaro",0,5,,,,27.6634577777778
14,13,1,2,1,1,2,20,"Aho basharija/bakora telefoni",0,0,,,,27.6634577777778
14,13,1,2,1,1,2,15,"Ibiro by!iposita",0,5,,,,27.6634577777778
15,14,1,2,1,1,1,15,"Ibiro by!iposita",0,1,,,,20.4148122137405
15,14,1,2,1,1,1,13,"Ibigo by!imari iciriritse",0,0,,,,20.4148122137405
15,14,1,2,1,1,1,21,"Ipompo izamura amazi ikoresha amashanyarazi",0,8,,,,20.4148122137405
15,14,1,2,1,1,1,3,"Ibigo by!amashuri yisumbuye",0,2,,,,20.4148122137405
15,14,1,2,1,1,1,23,"Ibiro by!ibigo bya Leta bitanga amashanyarazi",0,1,,,,20.4148122137405
15,14,1,2,1,1,1,20,"Aho basharija/bakora telefoni",5,,2000,1,1,20.4148122137405
15,14,1,2,1,1,1,5,"Aho bategera Bus",0,0,,,,20.4148122137405
15,14,1,2,1,1,1,4,"Ikigo cy!amashuri y!imyuga  (TVET)",0,2,,,,20.4148122137405
15,14,1,2,1,1,1,6,"Amavuriro y!igenga",0,0,,,,20.4148122137405
15,14,1,2,1,1,1,16,"Aho abantu babonera Internet",0,0,,,,20.4148122137405
15,14,1,2,1,1,1,12,"Amashami ya Banki",0,1,,,,20.4148122137405
15,14,1,2,1,1,1,8,"Poste de sante cg Farumasi",1,,2017,1,1,20.4148122137405
15,14,1,2,1,1,1,17,"Imiryango itari ibigo by!imari itari iya leta",0,3,,,,20.4148122137405
15,14,1,2,1,1,1,1,"Ibigo by!amashuri y!incuke",2,,2012,1,1,20.4148122137405
15,14,1,2,1,1,1,19,"Insyo/amabarizo/aho bakora amavuta ateka",0,1,,,,20.4148122137405
15,14,1,2,1,1,1,14,"Poste ya polisi",0,1,,,,20.4148122137405
15,14,1,2,1,1,1,10,"Amasoko",0,1,,,,20.4148122137405
15,14,1,2,1,1,1,11,"Amakusanyirizo y!amata",0,1,,,,20.4148122137405
15,14,1,2,1,1,1,22,"Kiliziya/Umusigiti/Urusengero",0,0,,,,20.4148122137405
15,14,1,2,1,1,1,18,"Aho bajya inama bakanatanga serivisi z!ubuhinzi",0,3,,,,20.4148122137405
15,14,1,2,1,1,1,7,"Amavuriro ya Leta/Ikigo nderabuzima",0,2,,,,20.4148122137405
15,14,1,2,1,1,1,2,"Ibigo by!amashuri yibanza",0,1,,,,20.4148122137405
15,14,1,2,1,1,1,9,"Ibitaro",0,3,,,,20.4148122137405
16,15,1,2,1,1,1,5,"Aho bategera Bus",0,0,,,,7.50649791666667
16,15,1,2,1,1,1,21,"Ipompo izamura amazi ikoresha amashanyarazi",0,3,,,,7.50649791666667
16,15,1,2,1,1,1,15,"Ibiro by!iposita",0,3,,,,7.50649791666667
16,15,1,2,1,1,1,11,"Amakusanyirizo y!amata",0,15,,,,7.50649791666667
16,15,1,2,1,1,1,2,"Ibigo by!amashuri yibanza",0,0,,,,7.50649791666667
16,15,1,2,1,1,1,19,"Insyo/amabarizo/aho bakora amavuta ateka",3,,2019,1,1,7.50649791666667
16,15,1,2,1,1,1,10,"Amasoko",0,0,,,,7.50649791666667
16,15,1,2,1,1,1,6,"Amavuriro y!igenga",1,,2002,1,1,7.50649791666667
16,15,1,2,1,1,1,16,"Aho abantu babonera Internet",0,1,,,,7.50649791666667
16,15,1,2,1,1,1,23,"Ibiro by!ibigo bya Leta bitanga amashanyarazi",0,1,,,,7.50649791666667
16,15,1,2,1,1,1,13,"Ibigo by!imari iciriritse",0,0,,,,7.50649791666667
16,15,1,2,1,1,1,20,"Aho basharija/bakora telefoni",3,,2016,1,1,7.50649791666667
16,15,1,2,1,1,1,18,"Aho bajya inama bakanatanga serivisi z!ubuhinzi",0,9,,,,7.50649791666667
16,15,1,2,1,1,1,1,"Ibigo by!amashuri y!incuke",2,,2012,1,1,7.50649791666667
16,15,1,2,1,1,1,4,"Ikigo cy!amashuri y!imyuga  (TVET)",0,1,,,,7.50649791666667
16,15,1,2,1,1,1,22,"Kiliziya/Umusigiti/Urusengero",1,,2015,1,1,7.50649791666667
16,15,1,2,1,1,1,9,"Ibitaro",0,1,,,,7.50649791666667
16,15,1,2,1,1,1,14,"Poste ya polisi",0,1,,,,7.50649791666667
16,15,1,2,1,1,1,3,"Ibigo by!amashuri yisumbuye",0,0,,,,7.50649791666667
16,15,1,2,1,1,1,8,"Poste de sante cg Farumasi",2,,2019,1,1,7.50649791666667
16,15,1,2,1,1,1,7,"Amavuriro ya Leta/Ikigo nderabuzima",0,1,,,,7.50649791666667
16,15,1,2,1,1,1,12,"Amashami ya Banki",0,0,,,,7.50649791666667
16,15,1,2,1,1,1,17,"Imiryango itari ibigo by!imari itari iya leta",0,5,,,,7.50649791666667
17,16,1,2,1,1,1,22,"Kiliziya/Umusigiti/Urusengero",1,,1991,1,1,3.57904556634304
17,16,1,2,1,1,1,10,"Amasoko",0,6,,,,3.57904556634304
17,16,1,2,1,1,1,9,"Ibitaro",0,4,,,,3.57904556634304
17,16,1,2,1,1,1,16,"Aho abantu babonera Internet",1,,2000,1,1,3.57904556634304
17,16,1,2,1,1,1,5,"Aho bategera Bus",1,,1996,3,,3.57904556634304
17,16,1,2,1,1,1,21,"Ipompo izamura amazi ikoresha amashanyarazi",0,3,,,,3.57904556634304
17,16,1,2,1,1,1,18,"Aho bajya inama bakanatanga serivisi z!ubuhinzi",0,4,,,,3.57904556634304
17,16,1,2,1,1,1,15,"Ibiro by!iposita",0,5,,,,3.57904556634304
17,16,1,2,1,1,1,12,"Amashami ya Banki",0,1,,,,3.57904556634304
17,16,1,2,1,1,1,11,"Amakusanyirizo y!amata",0,2,,,,3.57904556634304
17,16,1,2,1,1,1,17,"Imiryango itari ibigo by!imari itari iya leta",0,5,,,,3.57904556634304
17,16,1,2,1,1,1,19,"Insyo/amabarizo/aho bakora amavuta ateka",1,,2019,1,1,3.57904556634304
17,16,1,2,1,1,1,13,"Ibigo by!imari iciriritse",0,1,,,,3.57904556634304
17,16,1,2,1,1,1,8,"Poste de sante cg Farumasi",0,4,,,,3.57904556634304
17,16,1,2,1,1,1,1,"Ibigo by!amashuri y!incuke",2,,2015,1,1,3.57904556634304
17,16,1,2,1,1,1,3,"Ibigo by!amashuri yisumbuye",0,4,,,,3.57904556634304
17,16,1,2,1,1,1,2,"Ibigo by!amashuri yibanza",0,2,,,,3.57904556634304
17,16,1,2,1,1,1,4,"Ikigo cy!amashuri y!imyuga  (TVET)",0,15,,,,3.57904556634304
17,16,1,2,1,1,1,6,"Amavuriro y!igenga",3,,2017,1,1,3.57904556634304
17,16,1,2,1,1,1,7,"Amavuriro ya Leta/Ikigo nderabuzima",0,3,,,,3.57904556634304
17,16,1,2,1,1,1,23,"Ibiro by!ibigo bya Leta bitanga amashanyarazi",0,5,,,,3.57904556634304
17,16,1,2,1,1,1,20,"Aho basharija/bakora telefoni",0,2,,,,3.57904556634304
17,16,1,2,1,1,1,14,"Poste ya polisi",0,4,,,,3.57904556634304
18,17,1,2,2,1,1,3,"Ibigo by!amashuri yisumbuye",1,,2010,1,1,41.0282164502164
18,17,1,2,2,1,1,20,"Aho basharija/bakora telefoni",0,0,,,,41.0282164502164
18,17,1,2,2,1,1,14,"Poste ya polisi",0,0,,,,41.0282164502164
18,17,1,2,2,1,1,11,"Amakusanyirizo y!amata",0,0,,,,41.0282164502164
18,17,1,2,2,1,1,13,"Ibigo by!imari iciriritse",0,0,,,,41.0282164502164
18,17,1,2,2,1,1,8,"Poste de sante cg Farumasi",2,,2015,1,1,41.0282164502164
18,17,1,2,2,1,1,1,"Ibigo by!amashuri y!incuke",0,0,,,,41.0282164502164
18,17,1,2,2,1,1,2,"Ibigo by!amashuri yibanza",2,,1980,1,1,41.0282164502164
18,17,1,2,2,1,1,5,"Aho bategera Bus",1,,2021,2,1,41.0282164502164
18,17,1,2,2,1,1,10,"Amasoko",1,,1987,3,,41.0282164502164
18,17,1,2,2,1,1,17,"Imiryango itari ibigo by!imari itari iya leta",0,0,,,,41.0282164502164
18,17,1,2,2,1,1,7,"Amavuriro ya Leta/Ikigo nderabuzima",0,0,,,,41.0282164502164
18,17,1,2,2,1,1,19,"Insyo/amabarizo/aho bakora amavuta ateka",0,0,,,,41.0282164502164
18,17,1,2,2,1,1,22,"Kiliziya/Umusigiti/Urusengero",2,,1990,1,1,41.0282164502164
18,17,1,2,2,1,1,6,"Amavuriro y!igenga",1,,1985,1,1,41.0282164502164
18,17,1,2,2,1,1,12,"Amashami ya Banki",2,,2015,1,1,41.0282164502164
18,17,1,2,2,1,1,4,"Ikigo cy!amashuri y!imyuga  (TVET)",0,0,,,,41.0282164502164
18,17,1,2,2,1,1,16,"Aho abantu babonera Internet",0,0,,,,41.0282164502164
18,17,1,2,2,1,1,18,"Aho bajya inama bakanatanga serivisi z!ubuhinzi",0,0,,,,41.0282164502164
18,17,1,2,2,1,1,23,"Ibiro by!ibigo bya Leta bitanga amashanyarazi",0,0,,,,41.0282164502164
18,17,1,2,2,1,1,15,"Ibiro by!iposita",0,0,,,,41.0282164502164
18,17,1,2,2,1,1,21,"Ipompo izamura amazi ikoresha amashanyarazi",0,0,,,,41.0282164502164
18,17,1,2,2,1,1,9,"Ibitaro",0,0,,,,41.0282164502164
19,18,1,2,1,1,1,22,"Kiliziya/Umusigiti/Urusengero",2,,1950,1,1,19.94468875
19,18,1,2,1,1,1,11,"Amakusanyirizo y!amata",0,16,,,,19.94468875
19,18,1,2,1,1,1,18,"Aho bajya inama bakanatanga serivisi z!ubuhinzi",0,11,,,,19.94468875
19,18,1,2,1,1,1,17,"Imiryango itari ibigo by!imari itari iya leta",0,11,,,,19.94468875
19,18,1,2,1,1,1,14,"Poste ya polisi",1,,2006,1,1,19.94468875
19,18,1,2,1,1,1,13,"Ibigo by!imari iciriritse",0,5,,,,19.94468875
19,18,1,2,1,1,1,9,"Ibitaro",0,10,,,,19.94468875
19,18,1,2,1,1,1,7,"Amavuriro ya Leta/Ikigo nderabuzima",0,1,,,,19.94468875
19,18,1,2,1,1,1,16,"Aho abantu babonera Internet",0,5,,,,19.94468875
19,18,1,2,1,1,1,10,"Amasoko",0,2,,,,19.94468875
19,18,1,2,1,1,1,2,"Ibigo by!amashuri yibanza",2,,1954,1,1,19.94468875
19,18,1,2,1,1,1,3,"Ibigo by!amashuri yisumbuye",1,,2011,1,1,19.94468875
19,18,1,2,1,1,1,19,"Insyo/amabarizo/aho bakora amavuta ateka",2,,2011,1,1,19.94468875
19,18,1,2,1,1,1,5,"Aho bategera Bus",1,,1974,2,1,19.94468875
19,18,1,2,1,1,1,6,"Amavuriro y!igenga",0,5,,,,19.94468875
19,18,1,2,1,1,1,21,"Ipompo izamura amazi ikoresha amashanyarazi",0,20,,,,19.94468875
19,18,1,2,1,1,1,12,"Amashami ya Banki",0,5,,,,19.94468875
19,18,1,2,1,1,1,4,"Ikigo cy!amashuri y!imyuga  (TVET)",1,,1979,1,1,19.94468875
19,18,1,2,1,1,1,15,"Ibiro by!iposita",0,11,,,,19.94468875
19,18,1,2,1,1,1,1,"Ibigo by!amashuri y!incuke",2,,2003,1,1,19.94468875
19,18,1,2,1,1,1,20,"Aho basharija/bakora telefoni",0,5,,,,19.94468875
19,18,1,2,1,1,1,23,"Ibiro by!ibigo bya Leta bitanga amashanyarazi",0,0,,,,19.94468875
19,18,1,2,1,1,1,8,"Poste de sante cg Farumasi",0,0,,,,19.94468875
20,19,1,2,2,1,1,18,"Aho bajya inama bakanatanga serivisi z!ubuhinzi",0,15,,,,39.7495568493151
20,19,1,2,2,1,1,21,"Ipompo izamura amazi ikoresha amashanyarazi",0,0,,,,39.7495568493151
20,19,1,2,2,1,1,19,"Insyo/amabarizo/aho bakora amavuta ateka",0,15,,,,39.7495568493151
20,19,1,2,2,1,1,3,"Ibigo by!amashuri yisumbuye",0,1,,,,39.7495568493151
20,19,1,2,2,1,1,22,"Kiliziya/Umusigiti/Urusengero",4,,1991,1,1,39.7495568493151
20,19,1,2,2,1,1,13,"Ibigo by!imari iciriritse",0,15,,,,39.7495568493151
20,19,1,2,2,1,1,16,"Aho abantu babonera Internet",0,15,,,,39.7495568493151
20,19,1,2,2,1,1,8,"Poste de sante cg Farumasi",0,15,,,,39.7495568493151
20,19,1,2,2,1,1,7,"Amavuriro ya Leta/Ikigo nderabuzima",0,10,,,,39.7495568493151
20,19,1,2,2,1,1,2,"Ibigo by!amashuri yibanza",1,,2019,1,1,39.7495568493151
20,19,1,2,2,1,1,23,"Ibiro by!ibigo bya Leta bitanga amashanyarazi",0,15,,,,39.7495568493151
20,19,1,2,2,1,1,9,"Ibitaro",0,25,,,,39.7495568493151
20,19,1,2,2,1,1,20,"Aho basharija/bakora telefoni",0,10,,,,39.7495568493151
20,19,1,2,2,1,1,5,"Aho bategera Bus",0,15,,,,39.7495568493151
20,19,1,2,2,1,1,10,"Amasoko",0,15,,,,39.7495568493151
20,19,1,2,2,1,1,1,"Ibigo by!amashuri y!incuke",1,,2018,1,1,39.7495568493151
20,19,1,2,2,1,1,6,"Amavuriro y!igenga",0,15,,,,39.7495568493151
20,19,1,2,2,1,1,14,"Poste ya polisi",0,7,,,,39.7495568493151
20,19,1,2,2,1,1,11,"Amakusanyirizo y!amata",0,15,,,,39.7495568493151
20,19,1,2,2,1,1,12,"Amashami ya Banki",0,15,,,,39.7495568493151
20,19,1,2,2,1,1,4,"Ikigo cy!amashuri y!imyuga  (TVET)",0,15,,,,39.7495568493151
20,19,1,2,2,1,1,15,"Ibiro by!iposita",0,25,,,,39.7495568493151
20,19,1,2,2,1,1,17,"Imiryango itari ibigo by!imari itari iya leta",0,12,,,,39.7495568493151
21,20,1,2,1,1,1,21,"Ipompo izamura amazi ikoresha amashanyarazi",0,5,,,,92.4598432989691
21,20,1,2,1,1,1,11,"Amakusanyirizo y!amata",0,0,,,,92.4598432989691
21,20,1,2,1,1,1,3,"Ibigo by!amashuri yisumbuye",0,1,,,,92.4598432989691
21,20,1,2,1,1,1,18,"Aho bajya inama bakanatanga serivisi z!ubuhinzi",0,0,,,,92.4598432989691
21,20,1,2,1,1,1,1,"Ibigo by!amashuri y!incuke",2,,1996,1,1,92.4598432989691
21,20,1,2,1,1,1,12,"Amashami ya Banki",0,1,,,,92.4598432989691
21,20,1,2,1,1,1,5,"Aho bategera Bus",3,,1983,3,,92.4598432989691
21,20,1,2,1,1,1,15,"Ibiro by!iposita",0,1,,,,92.4598432989691
21,20,1,2,1,1,1,23,"Ibiro by!ibigo bya Leta bitanga amashanyarazi",0,2,,,,92.4598432989691
21,20,1,2,1,1,1,20,"Aho basharija/bakora telefoni",0,1,,,,92.4598432989691
21,20,1,2,1,1,1,10,"Amasoko",0,7,,,,92.4598432989691
21,20,1,2,1,1,1,2,"Ibigo by!amashuri yibanza",1,,1996,1,1,92.4598432989691
21,20,1,2,1,1,1,8,"Poste de sante cg Farumasi",0,1,,,,92.4598432989691
21,20,1,2,1,1,1,16,"Aho abantu babonera Internet",1,,2020,1,1,92.4598432989691
21,20,1,2,1,1,1,22,"Kiliziya/Umusigiti/Urusengero",1,,1984,1,1,92.4598432989691
21,20,1,2,1,1,1,9,"Ibitaro",0,2,,,,92.4598432989691
21,20,1,2,1,1,1,4,"Ikigo cy!amashuri y!imyuga  (TVET)",0,7,,,,92.4598432989691
21,20,1,2,1,1,1,7,"Amavuriro ya Leta/Ikigo nderabuzima",0,2,,,,92.4598432989691
21,20,1,2,1,1,1,17,"Imiryango itari ibigo by!imari itari iya leta",1,,1985,1,1,92.4598432989691
21,20,1,2,1,1,1,14,"Poste ya polisi",0,1,,,,92.4598432989691
21,20,1,2,1,1,1,13,"Ibigo by!imari iciriritse",1,,2008,1,1,92.4598432989691
21,20,1,2,1,1,1,6,"Amavuriro y!igenga",1,,2000,1,1,92.4598432989691
21,20,1,2,1,1,1,19,"Insyo/amabarizo/aho bakora amavuta ateka",0,7,,,,92.4598432989691
22,21,1,2,1,1,1,7,"Amavuriro ya Leta/Ikigo nderabuzima",0,1,,,,9.87333272727273
22,21,1,2,1,1,1,15,"Ibiro by!iposita",0,7,,,,9.87333272727273
22,21,1,2,1,1,1,16,"Aho abantu babonera Internet",0,0,,,,9.87333272727273
22,21,1,2,1,1,1,3,"Ibigo by!amashuri yisumbuye",0,3,,,,9.87333272727273
22,21,1,2,1,1,1,9,"Ibitaro",0,1,,,,9.87333272727273
22,21,1,2,1,1,1,14,"Poste ya polisi",0,0,,,,9.87333272727273
22,21,1,2,1,1,1,19,"Insyo/amabarizo/aho bakora amavuta ateka",0,0,,,,9.87333272727273
22,21,1,2,1,1,1,12,"Amashami ya Banki",3,,888,1,1,9.87333272727273
22,21,1,2,1,1,1,2,"Ibigo by!amashuri yibanza",1,,2007,1,1,9.87333272727273
22,21,1,2,1,1,1,10,"Amasoko",0,7,,,,9.87333272727273
22,21,1,2,1,1,1,17,"Imiryango itari ibigo by!imari itari iya leta",0,1,,,,9.87333272727273
22,21,1,2,1,1,1,5,"Aho bategera Bus",0,0,,,,9.87333272727273
22,21,1,2,1,1,1,11,"Amakusanyirizo y!amata",0,10,,,,9.87333272727273
22,21,1,2,1,1,1,22,"Kiliziya/Umusigiti/Urusengero",0,0,,,,9.87333272727273
22,21,1,2,1,1,1,21,"Ipompo izamura amazi ikoresha amashanyarazi",0,2,,,,9.87333272727273
22,21,1,2,1,1,1,18,"Aho bajya inama bakanatanga serivisi z!ubuhinzi",0,5,,,,9.87333272727273
22,21,1,2,1,1,1,13,"Ibigo by!imari iciriritse",0,1,,,,9.87333272727273
22,21,1,2,1,1,1,1,"Ibigo by!amashuri y!incuke",1,,2007,1,1,9.87333272727273
22,21,1,2,1,1,1,4,"Ikigo cy!amashuri y!imyuga  (TVET)",0,0,,,,9.87333272727273
22,21,1,2,1,1,1,20,"Aho basharija/bakora telefoni",2,,888,1,1,9.87333272727273
22,21,1,2,1,1,1,23,"Ibiro by!ibigo bya Leta bitanga amashanyarazi",0,4,,,,9.87333272727273
22,21,1,2,1,1,1,6,"Amavuriro y!igenga",0,0,,,,9.87333272727273
22,21,1,2,1,1,1,8,"Poste de sante cg Farumasi",0,0,,,,9.87333272727273
23,22,1,2,1,1,1,9,"Ibitaro",0,6,,,,15.03859
23,22,1,2,1,1,1,22,"Kiliziya/Umusigiti/Urusengero",2,,2005,1,1,15.03859
23,22,1,2,1,1,1,18,"Aho bajya inama bakanatanga serivisi z!ubuhinzi",0,0,,,,15.03859
23,22,1,2,1,1,1,12,"Amashami ya Banki",0,2,,,,15.03859
23,22,1,2,1,1,1,13,"Ibigo by!imari iciriritse",0,0,,,,15.03859
23,22,1,2,1,1,1,5,"Aho bategera Bus",0,1,,,,15.03859
23,22,1,2,1,1,1,14,"Poste ya polisi",0,0,,,,15.03859
23,22,1,2,1,1,1,23,"Ibiro by!ibigo bya Leta bitanga amashanyarazi",0,6,,,,15.03859
23,22,1,2,1,1,1,10,"Amasoko",0,7,,,,15.03859
23,22,1,2,1,1,1,15,"Ibiro by!iposita",0,9,,,,15.03859
23,22,1,2,1,1,1,17,"Imiryango itari ibigo by!imari itari iya leta",0,0,,,,15.03859
23,22,1,2,1,1,1,3,"Ibigo by!amashuri yisumbuye",0,0,,,,15.03859
23,22,1,2,1,1,1,19,"Insyo/amabarizo/aho bakora amavuta ateka",0,0,,,,15.03859
23,22,1,2,1,1,1,20,"Aho basharija/bakora telefoni",0,0,,,,15.03859
23,22,1,2,1,1,1,1,"Ibigo by!amashuri y!incuke",0,0,,,,15.03859
23,22,1,2,1,1,1,8,"Poste de sante cg Farumasi",1,,2020,1,1,15.03859
23,22,1,2,1,1,1,6,"Amavuriro y!igenga",0,3,,,,15.03859
23,22,1,2,1,1,1,7,"Amavuriro ya Leta/Ikigo nderabuzima",0,5,,,,15.03859
23,22,1,2,1,1,1,21,"Ipompo izamura amazi ikoresha amashanyarazi",0,0,,,,15.03859
23,22,1,2,1,1,1,2,"Ibigo by!amashuri yibanza",1,,2018,1,1,15.03859
23,22,1,2,1,1,1,11,"Amakusanyirizo y!amata",0,0,,,,15.03859
23,22,1,2,1,1,1,4,"Ikigo cy!amashuri y!imyuga  (TVET)",0,2,,,,15.03859
23,22,1,2,1,1,1,16,"Aho abantu babonera Internet",0,3,,,,15.03859
24,23,1,2,1,1,1,2,"Ibigo by!amashuri yibanza",0,0,,,,21.1205211428571
24,23,1,2,1,1,1,12,"Amashami ya Banki",0,1,,,,21.1205211428571
24,23,1,2,1,1,1,17,"Imiryango itari ibigo by!imari itari iya leta",0,1,,,,21.1205211428571
24,23,1,2,1,1,1,16,"Aho abantu babonera Internet",0,1,,,,21.1205211428571
24,23,1,2,1,1,1,22,"Kiliziya/Umusigiti/Urusengero",1,,888,1,1,21.1205211428571
24,23,1,2,1,1,1,13,"Ibigo by!imari iciriritse",0,1,,,,21.1205211428571
24,23,1,2,1,1,1,1,"Ibigo by!amashuri y!incuke",1,,888,1,1,21.1205211428571
24,23,1,2,1,1,1,14,"Poste ya polisi",0,1,,,,21.1205211428571
24,23,1,2,1,1,1,11,"Amakusanyirizo y!amata",0,0,,,,21.1205211428571
24,23,1,2,1,1,1,18,"Aho bajya inama bakanatanga serivisi z!ubuhinzi",0,0,,,,21.1205211428571
24,23,1,2,1,1,1,9,"Ibitaro",0,5,,,,21.1205211428571
24,23,1,2,1,1,1,8,"Poste de sante cg Farumasi",1,,888,1,1,21.1205211428571
24,23,1,2,1,1,1,3,"Ibigo by!amashuri yisumbuye",0,0,,,,21.1205211428571
24,23,1,2,1,1,1,15,"Ibiro by!iposita",0,13,,,,21.1205211428571
24,23,1,2,1,1,1,6,"Amavuriro y!igenga",0,0,,,,21.1205211428571
24,23,1,2,1,1,1,7,"Amavuriro ya Leta/Ikigo nderabuzima",0,4,,,,21.1205211428571
24,23,1,2,1,1,1,5,"Aho bategera Bus",0,0,,,,21.1205211428571
24,23,1,2,1,1,1,4,"Ikigo cy!amashuri y!imyuga  (TVET)",0,1,,,,21.1205211428571
24,23,1,2,1,1,1,10,"Amasoko",0,2,,,,21.1205211428571
24,23,1,2,1,1,1,23,"Ibiro by!ibigo bya Leta bitanga amashanyarazi",0,1,,,,21.1205211428571
24,23,1,2,1,1,1,19,"Insyo/amabarizo/aho bakora amavuta ateka",0,2,,,,21.1205211428571
24,23,1,2,1,1,1,21,"Ipompo izamura amazi ikoresha amashanyarazi",0,1,,,,21.1205211428571
24,23,1,2,1,1,1,20,"Aho basharija/bakora telefoni",0,1,,,,21.1205211428571
25,24,1,2,1,1,1,9,"Ibitaro",0,5,,,,16.7416508571429
25,24,1,2,1,1,1,15,"Ibiro by!iposita",0,12,,,,16.7416508571429
25,24,1,2,1,1,1,17,"Imiryango itari ibigo by!imari itari iya leta",0,5,,,,16.7416508571429
25,24,1,2,1,1,1,12,"Amashami ya Banki",0,1,,,,16.7416508571429
25,24,1,2,1,1,1,10,"Amasoko",0,1,,,,16.7416508571429
25,24,1,2,1,1,1,19,"Insyo/amabarizo/aho bakora amavuta ateka",0,1,,,,16.7416508571429
25,24,1,2,1,1,1,13,"Ibigo by!imari iciriritse",0,1,,,,16.7416508571429
25,24,1,2,1,1,1,14,"Poste ya polisi",0,1,,,,16.7416508571429
25,24,1,2,1,1,1,11,"Amakusanyirizo y!amata",0,1,,,,16.7416508571429
25,24,1,2,1,1,1,8,"Poste de sante cg Farumasi",0,2,,,,16.7416508571429
25,24,1,2,1,1,1,4,"Ikigo cy!amashuri y!imyuga  (TVET)",0,8,,,,16.7416508571429
25,24,1,2,1,1,1,22,"Kiliziya/Umusigiti/Urusengero",1,,2007,1,1,16.7416508571429
25,24,1,2,1,1,1,21,"Ipompo izamura amazi ikoresha amashanyarazi",0,0,,,,16.7416508571429
25,24,1,2,1,1,1,5,"Aho bategera Bus",1,,2008,1,1,16.7416508571429
25,24,1,2,1,1,1,6,"Amavuriro y!igenga",0,5,,,,16.7416508571429
25,24,1,2,1,1,1,23,"Ibiro by!ibigo bya Leta bitanga amashanyarazi",0,1,,,,16.7416508571429
25,24,1,2,1,1,1,1,"Ibigo by!amashuri y!incuke",1,,2018,1,1,16.7416508571429
25,24,1,2,1,1,1,20,"Aho basharija/bakora telefoni",0,1,,,,16.7416508571429
25,24,1,2,1,1,1,3,"Ibigo by!amashuri yisumbuye",0,8,,,,16.7416508571429
25,24,1,2,1,1,1,18,"Aho bajya inama bakanatanga serivisi z!ubuhinzi",1,,2000,1,1,16.7416508571429
25,24,1,2,1,1,1,2,"Ibigo by!amashuri yibanza",0,4,,,,16.7416508571429
25,24,1,2,1,1,1,7,"Amavuriro ya Leta/Ikigo nderabuzima",0,5,,,,16.7416508571429
25,24,1,2,1,1,1,16,"Aho abantu babonera Internet",0,1,,,,16.7416508571429
26,25,1,2,1,1,1,10,"Amasoko",1,,2020,1,1,15.1199458740018
26,25,1,2,1,1,1,5,"Aho bategera Bus",1,,2014,3,,15.1199458740018
26,25,1,2,1,1,1,14,"Poste ya polisi",0,3,,,,15.1199458740018
26,25,1,2,1,1,1,11,"Amakusanyirizo y!amata",0,1,,,,15.1199458740018
26,25,1,2,1,1,1,9,"Ibitaro",0,4,,,,15.1199458740018
26,25,1,2,1,1,1,6,"Amavuriro y!igenga",1,,2019,1,1,15.1199458740018
26,25,1,2,1,1,1,23,"Ibiro by!ibigo bya Leta bitanga amashanyarazi",0,7,,,,15.1199458740018
26,25,1,2,1,1,1,21,"Ipompo izamura amazi ikoresha amashanyarazi",0,0,,,,15.1199458740018
26,25,1,2,1,1,1,4,"Ikigo cy!amashuri y!imyuga  (TVET)",0,5,,,,15.1199458740018
26,25,1,2,1,1,1,18,"Aho bajya inama bakanatanga serivisi z!ubuhinzi",0,1,,,,15.1199458740018
26,25,1,2,1,1,1,8,"Poste de sante cg Farumasi",0,1,,,,15.1199458740018
26,25,1,2,1,1,1,16,"Aho abantu babonera Internet",0,7,,,,15.1199458740018
26,25,1,2,1,1,1,22,"Kiliziya/Umusigiti/Urusengero",1,,2020,1,1,15.1199458740018
26,25,1,2,1,1,1,13,"Ibigo by!imari iciriritse",0,1,,,,15.1199458740018
26,25,1,2,1,1,1,1,"Ibigo by!amashuri y!incuke",4,,2013,1,1,15.1199458740018
26,25,1,2,1,1,1,20,"Aho basharija/bakora telefoni",0,1,,,,15.1199458740018
26,25,1,2,1,1,1,3,"Ibigo by!amashuri yisumbuye",0,1,,,,15.1199458740018
26,25,1,2,1,1,1,7,"Amavuriro ya Leta/Ikigo nderabuzima",0,2,,,,15.1199458740018
26,25,1,2,1,1,1,15,"Ibiro by!iposita",0,10,,,,15.1199458740018
26,25,1,2,1,1,1,17,"Imiryango itari ibigo by!imari itari iya leta",0,1,,,,15.1199458740018
26,25,1,2,1,1,1,2,"Ibigo by!amashuri yibanza",4,,2013,1,1,15.1199458740018
26,25,1,2,1,1,1,12,"Amashami ya Banki",0,1,,,,15.1199458740018
26,25,1,2,1,1,1,19,"Insyo/amabarizo/aho bakora amavuta ateka",0,1,,,,15.1199458740018
27,26,1,2,1,1,1,8,"Poste de sante cg Farumasi",1,,2018,1,1,4.12082943262411
27,26,1,2,1,1,1,17,"Imiryango itari ibigo by!imari itari iya leta",0,2,,,,4.12082943262411
27,26,1,2,1,1,1,11,"Amakusanyirizo y!amata",0,1,,,,4.12082943262411
27,26,1,2,1,1,1,18,"Aho bajya inama bakanatanga serivisi z!ubuhinzi",0,10,,,,4.12082943262411
27,26,1,2,1,1,1,6,"Amavuriro y!igenga",2,,2004,1,1,4.12082943262411
27,26,1,2,1,1,1,2,"Ibigo by!amashuri yibanza",0,1,,,,4.12082943262411
27,26,1,2,1,1,1,7,"Amavuriro ya Leta/Ikigo nderabuzima",0,1,,,,4.12082943262411
27,26,1,2,1,1,1,3,"Ibigo by!amashuri yisumbuye",0,1,,,,4.12082943262411
27,26,1,2,1,1,1,14,"Poste ya polisi",0,1,,,,4.12082943262411
27,26,1,2,1,1,1,1,"Ibigo by!amashuri y!incuke",3,,2008,1,1,4.12082943262411
27,26,1,2,1,1,1,21,"Ipompo izamura amazi ikoresha amashanyarazi",0,3,,,,4.12082943262411
27,26,1,2,1,1,1,12,"Amashami ya Banki",0,1,,,,4.12082943262411
27,26,1,2,1,1,1,4,"Ikigo cy!amashuri y!imyuga  (TVET)",0,1,,,,4.12082943262411
27,26,1,2,1,1,1,10,"Amasoko",1,,2017,1,1,4.12082943262411
27,26,1,2,1,1,1,22,"Kiliziya/Umusigiti/Urusengero",1,,2011,1,1,4.12082943262411
27,26,1,2,1,1,1,9,"Ibitaro",0,4,,,,4.12082943262411
27,26,1,2,1,1,1,5,"Aho bategera Bus",0,1,,,,4.12082943262411
27,26,1,2,1,1,1,16,"Aho abantu babonera Internet",0,1,,,,4.12082943262411
27,26,1,2,1,1,1,23,"Ibiro by!ibigo bya Leta bitanga amashanyarazi",0,1,,,,4.12082943262411
27,26,1,2,1,1,1,13,"Ibigo by!imari iciriritse",0,1,,,,4.12082943262411
27,26,1,2,1,1,1,20,"Aho basharija/bakora telefoni",5,,2007,1,1,4.12082943262411
27,26,1,2,1,1,1,15,"Ibiro by!iposita",0,7,,,,4.12082943262411
27,26,1,2,1,1,1,19,"Insyo/amabarizo/aho bakora amavuta ateka",3,,2017,1,1,4.12082943262411
28,27,1,2,1,1,4,10,"Amasoko",0,2,,,,11.2538897515528
28,27,1,2,1,1,4,4,"Ikigo cy!amashuri y!imyuga  (TVET)",0,5,,,,11.2538897515528
28,27,1,2,1,1,4,12,"Amashami ya Banki",0,2,,,,11.2538897515528
28,27,1,2,1,1,4,7,"Amavuriro ya Leta/Ikigo nderabuzima",0,2,,,,11.2538897515528
28,27,1,2,1,1,4,17,"Imiryango itari ibigo by!imari itari iya leta",0,88,,,,11.2538897515528
28,27,1,2,1,1,4,16,"Aho abantu babonera Internet",0,2,,,,11.2538897515528
28,27,1,2,1,1,4,13,"Ibigo by!imari iciriritse",0,2,,,,11.2538897515528
28,27,1,2,1,1,4,22,"Kiliziya/Umusigiti/Urusengero",4,,888,1,1,11.2538897515528
28,27,1,2,1,1,4,19,"Insyo/amabarizo/aho bakora amavuta ateka",2,,2015,1,1,11.2538897515528
28,27,1,2,1,1,4,8,"Poste de sante cg Farumasi",0,1,,,,11.2538897515528
28,27,1,2,1,1,4,15,"Ibiro by!iposita",0,6,,,,11.2538897515528
28,27,1,2,1,1,4,6,"Amavuriro y!igenga",0,2,,,,11.2538897515528
28,27,1,2,1,1,4,9,"Ibitaro",0,4,,,,11.2538897515528
28,27,1,2,1,1,4,5,"Aho bategera Bus",0,1,,,,11.2538897515528
28,27,1,2,1,1,4,23,"Ibiro by!ibigo bya Leta bitanga amashanyarazi",0,6,,,,11.2538897515528
28,27,1,2,1,1,4,3,"Ibigo by!amashuri yisumbuye",0,1,,,,11.2538897515528
28,27,1,2,1,1,4,20,"Aho basharija/bakora telefoni",0,1,,,,11.2538897515528
28,27,1,2,1,1,4,21,"Ipompo izamura amazi ikoresha amashanyarazi",0,0,,,,11.2538897515528
28,27,1,2,1,1,4,2,"Ibigo by!amashuri yibanza",0,1,,,,11.2538897515528
28,27,1,2,1,1,4,14,"Poste ya polisi",0,4,,,,11.2538897515528
28,27,1,2,1,1,4,18,"Aho bajya inama bakanatanga serivisi z!ubuhinzi",0,1,,,,11.2538897515528
28,27,1,2,1,1,4,1,"Ibigo by!amashuri y!incuke",4,,2015,1,1,11.2538897515528
28,27,1,2,1,1,4,11,"Amakusanyirizo y!amata",0,2,,,,11.2538897515528
29,28,1,2,1,1,1,1,"Ibigo by!amashuri y!incuke",1,,2022,1,1,65.775825
29,28,1,2,1,1,1,9,"Ibitaro",0,7,,,,65.775825
29,28,1,2,1,1,1,12,"Amashami ya Banki",0,0,,,,65.775825
29,28,1,2,1,1,1,17,"Imiryango itari ibigo by!imari itari iya leta",0,0,,,,65.775825
29,28,1,2,1,1,1,16,"Aho abantu babonera Internet",0,0,,,,65.775825
29,28,1,2,1,1,1,20,"Aho basharija/bakora telefoni",0,0,,,,65.775825
29,28,1,2,1,1,1,8,"Poste de sante cg Farumasi",0,0,,,,65.775825
29,28,1,2,1,1,1,19,"Insyo/amabarizo/aho bakora amavuta ateka",0,1,,,,65.775825
29,28,1,2,1,1,1,23,"Ibiro by!ibigo bya Leta bitanga amashanyarazi",0,10,,,,65.775825
29,28,1,2,1,1,1,22,"Kiliziya/Umusigiti/Urusengero",0,1,,,,65.775825
29,28,1,2,1,1,1,2,"Ibigo by!amashuri yibanza",0,1,,,,65.775825
29,28,1,2,1,1,1,21,"Ipompo izamura amazi ikoresha amashanyarazi",0,0,,,,65.775825
29,28,1,2,1,1,1,4,"Ikigo cy!amashuri y!imyuga  (TVET)",0,0,,,,65.775825
29,28,1,2,1,1,1,15,"Ibiro by!iposita",0,18,,,,65.775825
29,28,1,2,1,1,1,11,"Amakusanyirizo y!amata",0,0,,,,65.775825
29,28,1,2,1,1,1,14,"Poste ya polisi",0,0,,,,65.775825
29,28,1,2,1,1,1,10,"Amasoko",0,1,,,,65.775825
29,28,1,2,1,1,1,13,"Ibigo by!imari iciriritse",0,0,,,,65.775825
29,28,1,2,1,1,1,5,"Aho bategera Bus",1,,2017,1,1,65.775825
29,28,1,2,1,1,1,3,"Ibigo by!amashuri yisumbuye",0,1,,,,65.775825
29,28,1,2,1,1,1,18,"Aho bajya inama bakanatanga serivisi z!ubuhinzi",0,0,,,,65.775825
29,28,1,2,1,1,1,6,"Amavuriro y!igenga",0,0,,,,65.775825
29,28,1,2,1,1,1,7,"Amavuriro ya Leta/Ikigo nderabuzima",0,0,,,,65.775825
30,29,1,2,2,1,1,11,"Amakusanyirizo y!amata",0,0,,,,27.3053669724771
30,29,1,2,2,1,1,13,"Ibigo by!imari iciriritse",0,5,,,,27.3053669724771
30,29,1,2,2,1,1,12,"Amashami ya Banki",0,5,,,,27.3053669724771
30,29,1,2,2,1,1,23,"Ibiro by!ibigo bya Leta bitanga amashanyarazi",0,4,,,,27.3053669724771
30,29,1,2,2,1,1,3,"Ibigo by!amashuri yisumbuye",0,8,,,,27.3053669724771
30,29,1,2,2,1,1,1,"Ibigo by!amashuri y!incuke",1,,2012,1,1,27.3053669724771
30,29,1,2,2,1,1,20,"Aho basharija/bakora telefoni",0,5,,,,27.3053669724771
30,29,1,2,2,1,1,10,"Amasoko",1,,2018,1,1,27.3053669724771
30,29,1,2,2,1,1,16,"Aho abantu babonera Internet",0,0,,,,27.3053669724771
30,29,1,2,2,1,1,22,"Kiliziya/Umusigiti/Urusengero",2,,2015,1,1,27.3053669724771
30,29,1,2,2,1,1,8,"Poste de sante cg Farumasi",0,4,,,,27.3053669724771
30,29,1,2,2,1,1,17,"Imiryango itari ibigo by!imari itari iya leta",0,0,,,,27.3053669724771
30,29,1,2,2,1,1,2,"Ibigo by!amashuri yibanza",0,8,,,,27.3053669724771
30,29,1,2,2,1,1,7,"Amavuriro ya Leta/Ikigo nderabuzima",0,20,,,,27.3053669724771
30,29,1,2,2,1,1,9,"Ibitaro",4,,2020,1,1,27.3053669724771
30,29,1,2,2,1,1,14,"Poste ya polisi",0,20,,,,27.3053669724771
30,29,1,2,2,1,1,18,"Aho bajya inama bakanatanga serivisi z!ubuhinzi",0,0,,,,27.3053669724771
30,29,1,2,2,1,1,4,"Ikigo cy!amashuri y!imyuga  (TVET)",0,0,,,,27.3053669724771
30,29,1,2,2,1,1,5,"Aho bategera Bus",1,,2017,1,1,27.3053669724771
30,29,1,2,2,1,1,19,"Insyo/amabarizo/aho bakora amavuta ateka",0,25,,,,27.3053669724771
30,29,1,2,2,1,1,21,"Ipompo izamura amazi ikoresha amashanyarazi",0,0,,,,27.3053669724771
30,29,1,2,2,1,1,15,"Ibiro by!iposita",0,0,,,,27.3053669724771
30,29,1,2,2,1,1,6,"Amavuriro y!igenga",0,15,,,,27.3053669724771
31,30,1,2,1,1,1,12,"Amashami ya Banki",0,2,,,,7.984714375
31,30,1,2,1,1,1,17,"Imiryango itari ibigo by!imari itari iya leta",0,2,,,,7.984714375
31,30,1,2,1,1,1,21,"Ipompo izamura amazi ikoresha amashanyarazi",0,0,,,,7.984714375
31,30,1,2,1,1,1,13,"Ibigo by!imari iciriritse",0,2,,,,7.984714375
31,30,1,2,1,1,1,19,"Insyo/amabarizo/aho bakora amavuta ateka",0,2,,,,7.984714375
31,30,1,2,1,1,1,1,"Ibigo by!amashuri y!incuke",3,,2003,1,1,7.984714375
31,30,1,2,1,1,1,2,"Ibigo by!amashuri yibanza",2,,2003,1,1,7.984714375
31,30,1,2,1,1,1,23,"Ibiro by!ibigo bya Leta bitanga amashanyarazi",0,2,,,,7.984714375
31,30,1,2,1,1,1,5,"Aho bategera Bus",0,1,,,,7.984714375
31,30,1,2,1,1,1,14,"Poste ya polisi",0,2,,,,7.984714375
31,30,1,2,1,1,1,4,"Ikigo cy!amashuri y!imyuga  (TVET)",0,1,,,,7.984714375
31,30,1,2,1,1,1,20,"Aho basharija/bakora telefoni",0,1,,,,7.984714375
31,30,1,2,1,1,1,6,"Amavuriro y!igenga",1,,2009,1,1,7.984714375
31,30,1,2,1,1,1,10,"Amasoko",0,2,,,,7.984714375
31,30,1,2,1,1,1,16,"Aho abantu babonera Internet",2,,2015,1,1,7.984714375
31,30,1,2,1,1,1,7,"Amavuriro ya Leta/Ikigo nderabuzima",0,1,,,,7.984714375
31,30,1,2,1,1,1,8,"Poste de sante cg Farumasi",0,0,,,,7.984714375
31,30,1,2,1,1,1,3,"Ibigo by!amashuri yisumbuye",0,1,,,,7.984714375
31,30,1,2,1,1,1,18,"Aho bajya inama bakanatanga serivisi z!ubuhinzi",0,2,,,,7.984714375
31,30,1,2,1,1,1,22,"Kiliziya/Umusigiti/Urusengero",1,,2000,1,1,7.984714375
31,30,1,2,1,1,1,15,"Ibiro by!iposita",0,5,,,,7.984714375
31,30,1,2,1,1,1,11,"Amakusanyirizo y!amata",1,,2021,1,1,7.984714375
31,30,1,2,1,1,1,9,"Ibitaro",0,3,,,,7.984714375
32,31,1,2,1,1,1,12,"Amashami ya Banki",0,2,,,,4.23082260869565
32,31,1,2,1,1,1,14,"Poste ya polisi",0,3,,,,4.23082260869565
32,31,1,2,1,1,1,5,"Aho bategera Bus",0,1,,,,4.23082260869565
32,31,1,2,1,1,1,6,"Amavuriro y!igenga",0,2,,,,4.23082260869565
32,31,1,2,1,1,1,17,"Imiryango itari ibigo by!imari itari iya leta",0,5,,,,4.23082260869565
32,31,1,2,1,1,1,2,"Ibigo by!amashuri yibanza",0,1,,,,4.23082260869565
32,31,1,2,1,1,1,19,"Insyo/amabarizo/aho bakora amavuta ateka",0,1,,,,4.23082260869565
32,31,1,2,1,1,1,23,"Ibiro by!ibigo bya Leta bitanga amashanyarazi",0,5,,,,4.23082260869565
32,31,1,2,1,1,1,15,"Ibiro by!iposita",0,3,,,,4.23082260869565
32,31,1,2,1,1,1,4,"Ikigo cy!amashuri y!imyuga  (TVET)",0,6,,,,4.23082260869565
32,31,1,2,1,1,1,20,"Aho basharija/bakora telefoni",0,2,,,,4.23082260869565
32,31,1,2,1,1,1,3,"Ibigo by!amashuri yisumbuye",0,1,,,,4.23082260869565
32,31,1,2,1,1,1,18,"Aho bajya inama bakanatanga serivisi z!ubuhinzi",0,5,,,,4.23082260869565
32,31,1,2,1,1,1,22,"Kiliziya/Umusigiti/Urusengero",0,1,,,,4.23082260869565
32,31,1,2,1,1,1,1,"Ibigo by!amashuri y!incuke",2,,2012,1,1,4.23082260869565
32,31,1,2,1,1,1,7,"Amavuriro ya Leta/Ikigo nderabuzima",0,2,,,,4.23082260869565
32,31,1,2,1,1,1,10,"Amasoko",0,5,,,,4.23082260869565
32,31,1,2,1,1,1,11,"Amakusanyirizo y!amata",0,5,,,,4.23082260869565
32,31,1,2,1,1,1,16,"Aho abantu babonera Internet",0,1,,,,4.23082260869565
32,31,1,2,1,1,1,13,"Ibigo by!imari iciriritse",0,3,,,,4.23082260869565
32,31,1,2,1,1,1,21,"Ipompo izamura amazi ikoresha amashanyarazi",0,0,,,,4.23082260869565
32,31,1,2,1,1,1,8,"Poste de sante cg Farumasi",1,,2022,1,1,4.23082260869565
32,31,1,2,1,1,1,9,"Ibitaro",0,2,,,,4.23082260869565
33,32,1,2,1,1,1,8,"Poste de sante cg Farumasi",0,1,,,,21.1555548
33,32,1,2,1,1,1,1,"Ibigo by!amashuri y!incuke",0,1,,,,21.1555548
33,32,1,2,1,1,1,3,"Ibigo by!amashuri yisumbuye",0,1,,,,21.1555548
33,32,1,2,1,1,1,18,"Aho bajya inama bakanatanga serivisi z!ubuhinzi",0,1,,,,21.1555548
33,32,1,2,1,1,1,14,"Poste ya polisi",0,1,,,,21.1555548
33,32,1,2,1,1,1,11,"Amakusanyirizo y!amata",0,2,,,,21.1555548
33,32,1,2,1,1,1,22,"Kiliziya/Umusigiti/Urusengero",0,1,,,,21.1555548
33,32,1,2,1,1,1,15,"Ibiro by!iposita",0,1,,,,21.1555548
33,32,1,2,1,1,1,16,"Aho abantu babonera Internet",0,1,,,,21.1555548
33,32,1,2,1,1,1,10,"Amasoko",0,1,,,,21.1555548
33,32,1,2,1,1,1,9,"Ibitaro",0,3,,,,21.1555548
33,32,1,2,1,1,1,2,"Ibigo by!amashuri yibanza",0,1,,,,21.1555548
33,32,1,2,1,1,1,23,"Ibiro by!ibigo bya Leta bitanga amashanyarazi",0,1,,,,21.1555548
33,32,1,2,1,1,1,7,"Amavuriro ya Leta/Ikigo nderabuzima",0,1,,,,21.1555548
33,32,1,2,1,1,1,5,"Aho bategera Bus",0,1,,,,21.1555548
33,32,1,2,1,1,1,21,"Ipompo izamura amazi ikoresha amashanyarazi",0,1,,,,21.1555548
33,32,1,2,1,1,1,13,"Ibigo by!imari iciriritse",0,1,,,,21.1555548
33,32,1,2,1,1,1,12,"Amashami ya Banki",0,1,,,,21.1555548
33,32,1,2,1,1,1,6,"Amavuriro y!igenga",0,1,,,,21.1555548
33,32,1,2,1,1,1,19,"Insyo/amabarizo/aho bakora amavuta ateka",0,1,,,,21.1555548
33,32,1,2,1,1,1,17,"Imiryango itari ibigo by!imari itari iya leta",0,1,,,,21.1555548
33,32,1,2,1,1,1,20,"Aho basharija/bakora telefoni",0,1,,,,21.1555548
33,32,1,2,1,1,1,4,"Ikigo cy!amashuri y!imyuga  (TVET)",0,1,,,,21.1555548
34,33,1,2,2,1,2,11,"Milk collection center",0,8,,,,48.7433
34,33,1,2,2,1,2,3,"Secondary school/high school",0,5,,,,48.7433
34,33,1,2,2,1,2,4,"TVET (technical vocational training institution)",0,8,,,,48.7433
34,33,1,2,2,1,2,6,"Private clinic",0,8,,,,48.7433
34,33,1,2,2,1,2,5,"Bus stop",0,8,,,,48.7433
34,33,1,2,2,1,2,20,"Mobile phone charging/repairing service",0,8,,,,48.7433
34,33,1,2,2,1,2,15,"Post office",0,20,,,,48.7433
34,33,1,2,2,1,2,22,"Temple/Monastery/Church/Mosque",3,,1990,1,1,48.7433
34,33,1,2,2,1,2,9,"Hospital",0,12,,,,48.7433
34,33,1,2,2,1,2,8,"Dispensary or pharmacy",0,8,,,,48.7433
34,33,1,2,2,1,2,1,"Ibigo by!amashuri y!incuke",1,,2020,3,,48.7433
34,33,1,2,2,1,2,19,"Grain/saw/oil mill",0,8,,,,48.7433
34,33,1,2,2,1,2,10,"Market",0,8,,,,48.7433
34,33,1,2,2,1,2,23,"National Electricity Utility Office",0,12,,,,48.7433
34,33,1,2,2,1,2,18,"Agriculture extension office",0,13,,,,48.7433
34,33,1,2,2,1,2,14,"Police station",0,8,,,,48.7433
34,33,1,2,2,1,2,17,"Non-MFI NGOs",0,8,,,,48.7433
34,33,1,2,2,1,2,7,"Government clinic/Public Health Center",0,9,,,,48.7433
34,33,1,2,2,1,2,13,"Microfinance Institutions (MFIs)",0,8,,,,48.7433
34,33,1,2,2,1,2,21,"Electric Water pump",0,88,,,,48.7433
34,33,1,2,2,1,2,2,"Primary school",1,,1987,2,1,48.7433
34,33,1,2,2,1,2,12,"Bank branch",0,7,,,,48.7433
34,33,1,2,2,1,2,16,"Internet caf!",0,8,,,,48.7433
35,34,1,3,1,1,1,14,"Poste ya polisi",0,0,,,,39.1813092105263
35,34,1,3,1,1,1,13,"Ibigo by!imari iciriritse",0,0,,,,39.1813092105263
35,34,1,3,1,1,1,22,"Kiliziya/Umusigiti/Urusengero",2,,2001,1,1,39.1813092105263
35,34,1,3,1,1,1,8,"Poste de sante cg Farumasi",0,0,,,,39.1813092105263
35,34,1,3,1,1,1,4,"Ikigo cy!amashuri y!imyuga  (TVET)",0,1,,,,39.1813092105263
35,34,1,3,1,1,1,10,"Amasoko",1,,1962,1,1,39.1813092105263
35,34,1,3,1,1,1,21,"Ipompo izamura amazi ikoresha amashanyarazi",0,0,,,,39.1813092105263
35,34,1,3,1,1,1,17,"Imiryango itari ibigo by!imari itari iya leta",0,0,,,,39.1813092105263
35,34,1,3,1,1,1,1,"Ibigo by!amashuri y!incuke",1,,2021,1,1,39.1813092105263
35,34,1,3,1,1,1,9,"Ibitaro",0,30,,,,39.1813092105263
35,34,1,3,1,1,1,3,"Ibigo by!amashuri yisumbuye",0,1,,,,39.1813092105263
35,34,1,3,1,1,1,23,"Ibiro by!ibigo bya Leta bitanga amashanyarazi",0,0,,,,39.1813092105263
35,34,1,3,1,1,1,12,"Amashami ya Banki",0,0,,,,39.1813092105263
35,34,1,3,1,1,1,16,"Aho abantu babonera Internet",1,,2016,1,1,39.1813092105263
35,34,1,3,1,1,1,15,"Ibiro by!iposita",0,13,,,,39.1813092105263
35,34,1,3,1,1,1,11,"Amakusanyirizo y!amata",0,30,,,,39.1813092105263
35,34,1,3,1,1,1,7,"Amavuriro ya Leta/Ikigo nderabuzima",1,,1960,1,1,39.1813092105263
35,34,1,3,1,1,1,19,"Insyo/amabarizo/aho bakora amavuta ateka",0,1,,,,39.1813092105263
35,34,1,3,1,1,1,20,"Aho basharija/bakora telefoni",0,2,,,,39.1813092105263
35,34,1,3,1,1,1,5,"Aho bategera Bus",0,2,,,,39.1813092105263
35,34,1,3,1,1,1,18,"Aho bajya inama bakanatanga serivisi z!ubuhinzi",0,0,,,,39.1813092105263
35,34,1,3,1,1,1,6,"Amavuriro y!igenga",0,0,,,,39.1813092105263
35,34,1,3,1,1,1,2,"Ibigo by!amashuri yibanza",1,,2021,1,1,39.1813092105263
36,35,1,3,2,1,2,13,"Ibigo by!imari iciriritse",0,5,,,,33.7477419354839
36,35,1,3,2,1,2,10,"Amasoko",1,,1964,1,1,33.7477419354839
36,35,1,3,2,1,2,2,"Ibigo by!amashuri yibanza",2,,2015,1,1,33.7477419354839
36,35,1,3,2,1,2,19,"Insyo/amabarizo/aho bakora amavuta ateka",8,,2021,1,1,33.7477419354839
36,35,1,3,2,1,2,1,"Ibigo by!amashuri y!incuke",1,,2017,1,1,33.7477419354839
36,35,1,3,2,1,2,6,"Amavuriro y!igenga",1,,2017,1,1,33.7477419354839
36,35,1,3,2,1,2,12,"Amashami ya Banki",2,,2017,1,1,33.7477419354839
36,35,1,3,2,1,2,9,"Ibitaro",0,30,,,,33.7477419354839
36,35,1,3,2,1,2,16,"Aho abantu babonera Internet",0,1,,,,33.7477419354839
36,35,1,3,2,1,2,7,"Amavuriro ya Leta/Ikigo nderabuzima",0,7,,,,33.7477419354839
36,35,1,3,2,1,2,17,"Imiryango itari ibigo by!imari itari iya leta",0,7,,,,33.7477419354839
36,35,1,3,2,1,2,18,"Aho bajya inama bakanatanga serivisi z!ubuhinzi",1,,2015,1,1,33.7477419354839
36,35,1,3,2,1,2,20,"Aho basharija/bakora telefoni",14,,2020,1,1,33.7477419354839
36,35,1,3,2,1,2,22,"Kiliziya/Umusigiti/Urusengero",7,,1930,1,1,33.7477419354839
36,35,1,3,2,1,2,21,"Ipompo izamura amazi ikoresha amashanyarazi",0,88,,,,33.7477419354839
36,35,1,3,2,1,2,5,"Aho bategera Bus",0,1,,,,33.7477419354839
36,35,1,3,2,1,2,11,"Amakusanyirizo y!amata",0,88,,,,33.7477419354839
36,35,1,3,2,1,2,8,"Poste de sante cg Farumasi",2,,2019,1,1,33.7477419354839
36,35,1,3,2,1,2,15,"Ibiro by!iposita",0,15,,,,33.7477419354839
36,35,1,3,2,1,2,3,"Ibigo by!amashuri yisumbuye",1,,2018,1,1,33.7477419354839
36,35,1,3,2,1,2,14,"Poste ya polisi",0,6,,,,33.7477419354839
36,35,1,3,2,1,2,23,"Ibiro by!ibigo bya Leta bitanga amashanyarazi",0,15,,,,33.7477419354839
36,35,1,3,2,1,2,4,"Ikigo cy!amashuri y!imyuga  (TVET)",0,5,,,,33.7477419354839
37,36,1,3,1,1,1,11,"Amakusanyirizo y!amata",0,0,,,,13.9474928131417
37,36,1,3,1,1,1,14,"Poste ya polisi",0,1,,,,13.9474928131417
37,36,1,3,1,1,1,4,"Ikigo cy!amashuri y!imyuga  (TVET)",0,2,,,,13.9474928131417
37,36,1,3,1,1,1,20,"Aho basharija/bakora telefoni",0,1,,,,13.9474928131417
37,36,1,3,1,1,1,8,"Poste de sante cg Farumasi",0,2,,,,13.9474928131417
37,36,1,3,1,1,1,13,"Ibigo by!imari iciriritse",0,4,,,,13.9474928131417
37,36,1,3,1,1,1,1,"Ibigo by!amashuri y!incuke",0,2,,,,13.9474928131417
37,36,1,3,1,1,1,15,"Ibiro by!iposita",0,0,,,,13.9474928131417
37,36,1,3,1,1,1,9,"Ibitaro",0,2,,,,13.9474928131417
37,36,1,3,1,1,1,22,"Kiliziya/Umusigiti/Urusengero",0,1,,,,13.9474928131417
37,36,1,3,1,1,1,17,"Imiryango itari ibigo by!imari itari iya leta",0,0,,,,13.9474928131417
37,36,1,3,1,1,1,12,"Amashami ya Banki",0,4,,,,13.9474928131417
37,36,1,3,1,1,1,6,"Amavuriro y!igenga",0,4,,,,13.9474928131417
37,36,1,3,1,1,1,2,"Ibigo by!amashuri yibanza",0,2,,,,13.9474928131417
37,36,1,3,1,1,1,23,"Ibiro by!ibigo bya Leta bitanga amashanyarazi",0,2,,,,13.9474928131417
37,36,1,3,1,1,1,18,"Aho bajya inama bakanatanga serivisi z!ubuhinzi",0,0,,,,13.9474928131417
37,36,1,3,1,1,1,16,"Aho abantu babonera Internet",0,0,,,,13.9474928131417
37,36,1,3,1,1,1,10,"Amasoko",0,3,,,,13.9474928131417
37,36,1,3,1,1,1,5,"Aho bategera Bus",0,4,,,,13.9474928131417
37,36,1,3,1,1,1,7,"Amavuriro ya Leta/Ikigo nderabuzima",0,2,,,,13.9474928131417
37,36,1,3,1,1,1,21,"Ipompo izamura amazi ikoresha amashanyarazi",1,,2022,1,1,13.9474928131417
37,36,1,3,1,1,1,3,"Ibigo by!amashuri yisumbuye",0,1,,,,13.9474928131417
37,36,1,3,1,1,1,19,"Insyo/amabarizo/aho bakora amavuta ateka",0,0,,,,13.9474928131417
38,37,1,3,1,1,1,17,"Imiryango itari ibigo by!imari itari iya leta",0,1,,,,12.3686712765957
38,37,1,3,1,1,1,16,"Aho abantu babonera Internet",0,0,,,,12.3686712765957
38,37,1,3,1,1,1,23,"Ibiro by!ibigo bya Leta bitanga amashanyarazi",0,0,,,,12.3686712765957
38,37,1,3,1,1,1,8,"Poste de sante cg Farumasi",4,,2019,1,1,12.3686712765957
38,37,1,3,1,1,1,19,"Insyo/amabarizo/aho bakora amavuta ateka",0,1,,,,12.3686712765957
38,37,1,3,1,1,1,1,"Ibigo by!amashuri y!incuke",2,,2020,1,1,12.3686712765957
38,37,1,3,1,1,1,4,"Ikigo cy!amashuri y!imyuga  (TVET)",0,0,,,,12.3686712765957
38,37,1,3,1,1,1,12,"Amashami ya Banki",0,1,,,,12.3686712765957
38,37,1,3,1,1,1,6,"Amavuriro y!igenga",0,0,,,,12.3686712765957
38,37,1,3,1,1,1,7,"Amavuriro ya Leta/Ikigo nderabuzima",0,2,,,,12.3686712765957
38,37,1,3,1,1,1,22,"Kiliziya/Umusigiti/Urusengero",2,,1990,1,1,12.3686712765957
38,37,1,3,1,1,1,14,"Poste ya polisi",0,2,,,,12.3686712765957
38,37,1,3,1,1,1,2,"Ibigo by!amashuri yibanza",1,,2020,1,1,12.3686712765957
38,37,1,3,1,1,1,18,"Aho bajya inama bakanatanga serivisi z!ubuhinzi",0,0,,,,12.3686712765957
38,37,1,3,1,1,1,9,"Ibitaro",0,0,,,,12.3686712765957
38,37,1,3,1,1,1,5,"Aho bategera Bus",0,0,,,,12.3686712765957
38,37,1,3,1,1,1,13,"Ibigo by!imari iciriritse",0,1,,,,12.3686712765957
38,37,1,3,1,1,1,21,"Ipompo izamura amazi ikoresha amashanyarazi",0,99,,,,12.3686712765957
38,37,1,3,1,1,1,20,"Aho basharija/bakora telefoni",0,1,,,,12.3686712765957
38,37,1,3,1,1,1,10,"Amasoko",0,1,,,,12.3686712765957
38,37,1,3,1,1,1,11,"Amakusanyirizo y!amata",0,14,,,,12.3686712765957
38,37,1,3,1,1,1,3,"Ibigo by!amashuri yisumbuye",0,0,,,,12.3686712765957
38,37,1,3,1,1,1,15,"Ibiro by!iposita",0,9,,,,12.3686712765957
39,38,1,3,1,1,7,4,"TVET (technical vocational training institution)",2,,2005,1,1,28.5102728323699
39,38,1,3,1,1,7,21,"Electric Water pump",0,88,,,,28.5102728323699
39,38,1,3,1,1,7,14,"Police station",1,,2019,1,1,28.5102728323699
39,38,1,3,1,1,7,16,"Internet caf!",2,,2016,1,1,28.5102728323699
39,38,1,3,1,1,7,11,"Milk collection center",0,14,,,,28.5102728323699
39,38,1,3,1,1,7,13,"Microfinance Institutions (MFIs)",0,3,,,,28.5102728323699
39,38,1,3,1,1,7,17,"Non-MFI NGOs",0,9,,,,28.5102728323699
39,38,1,3,1,1,7,9,"Hospital",0,7,,,,28.5102728323699
39,38,1,3,1,1,7,10,"Market",1,,2000,1,1,28.5102728323699
39,38,1,3,1,1,7,22,"Temple/Monastery/Church/Mosque",3,,888,1,1,28.5102728323699
39,38,1,3,1,1,7,20,"Mobile phone charging/repairing service",3,,2018,1,1,28.5102728323699
39,38,1,3,1,1,7,2,"Primary school",0,2,,,,28.5102728323699
39,38,1,3,1,1,7,19,"Grain/saw/oil mill",0,16,,,,28.5102728323699
39,38,1,3,1,1,7,1,"Pre-primary school / Kindergarten",5,,2010,1,1,28.5102728323699
39,38,1,3,1,1,7,5,"Bus stop",1,,2007,1,3,28.5102728323699
39,38,1,3,1,1,7,8,"Dispensary or pharmacy",4,,2014,1,1,28.5102728323699
39,38,1,3,1,1,7,7,"Government clinic/Public Health Center",1,,2007,1,1,28.5102728323699
39,38,1,3,1,1,7,3,"Secondary school/high school",3,,2005,1,1,28.5102728323699
39,38,1,3,1,1,7,12,"Bank branch",2,,2015,1,1,28.5102728323699
39,38,1,3,1,1,7,15,"Post office",0,9,,,,28.5102728323699
39,38,1,3,1,1,7,23,"National Electricity Utility Office",0,9,,,,28.5102728323699
39,38,1,3,1,1,7,18,"Agriculture extension office",0,88,,,,28.5102728323699
39,38,1,3,1,1,7,6,"Private clinic",3,,2007,1,1,28.5102728323699
40,39,1,3,1,1,1,21,"Ipompo izamura amazi ikoresha amashanyarazi",0,2,,,,46.9627568421053
40,39,1,3,1,1,1,4,"Ikigo cy!amashuri y!imyuga  (TVET)",1,,888,1,1,46.9627568421053
40,39,1,3,1,1,1,22,"Kiliziya/Umusigiti/Urusengero",2,,888,1,1,46.9627568421053
40,39,1,3,1,1,1,11,"Amakusanyirizo y!amata",0,2,,,,46.9627568421053
40,39,1,3,1,1,1,20,"Aho basharija/bakora telefoni",0,2,,,,46.9627568421053
40,39,1,3,1,1,1,18,"Aho bajya inama bakanatanga serivisi z!ubuhinzi",1,,888,1,1,46.9627568421053
40,39,1,3,1,1,1,16,"Aho abantu babonera Internet",0,3,,,,46.9627568421053
40,39,1,3,1,1,1,10,"Amasoko",1,,2009,1,1,46.9627568421053
40,39,1,3,1,1,1,7,"Amavuriro ya Leta/Ikigo nderabuzima",0,2,,,,46.9627568421053
40,39,1,3,1,1,1,14,"Poste ya polisi",0,2,,,,46.9627568421053
40,39,1,3,1,1,1,2,"Ibigo by!amashuri yibanza",0,1,,,,46.9627568421053
40,39,1,3,1,1,1,23,"Ibiro by!ibigo bya Leta bitanga amashanyarazi",0,3,,,,46.9627568421053
40,39,1,3,1,1,1,1,"Ibigo by!amashuri y!incuke",2,,888,1,1,46.9627568421053
40,39,1,3,1,1,1,5,"Aho bategera Bus",1,,888,1,1,46.9627568421053
40,39,1,3,1,1,1,15,"Ibiro by!iposita",0,15,,,,46.9627568421053
40,39,1,3,1,1,1,8,"Poste de sante cg Farumasi",0,3,,,,46.9627568421053
40,39,1,3,1,1,1,17,"Imiryango itari ibigo by!imari itari iya leta",0,3,,,,46.9627568421053
40,39,1,3,1,1,1,13,"Ibigo by!imari iciriritse",0,1,,,,46.9627568421053
40,39,1,3,1,1,1,19,"Insyo/amabarizo/aho bakora amavuta ateka",0,2,,,,46.9627568421053
40,39,1,3,1,1,1,12,"Amashami ya Banki",0,1,,,,46.9627568421053
40,39,1,3,1,1,1,9,"Ibitaro",0,2,,,,46.9627568421053
40,39,1,3,1,1,1,3,"Ibigo by!amashuri yisumbuye",0,1,,,,46.9627568421053
40,39,1,3,1,1,1,6,"Amavuriro y!igenga",1,,888,1,1,46.9627568421053
41,40,1,3,1,1,1,3,"Ibigo by!amashuri yisumbuye",0,1,,,,43.053996
41,40,1,3,1,1,1,4,"Ikigo cy!amashuri y!imyuga  (TVET)",0,2,,,,43.053996
41,40,1,3,1,1,1,11,"Amakusanyirizo y!amata",3,,888,1,1,43.053996
41,40,1,3,1,1,1,12,"Amashami ya Banki",2,,888,1,1,43.053996
41,40,1,3,1,1,1,19,"Insyo/amabarizo/aho bakora amavuta ateka",1,,888,1,1,43.053996
41,40,1,3,1,1,1,18,"Aho bajya inama bakanatanga serivisi z!ubuhinzi",0,5,,,,43.053996
41,40,1,3,1,1,1,17,"Imiryango itari ibigo by!imari itari iya leta",0,5,,,,43.053996
41,40,1,3,1,1,1,20,"Aho basharija/bakora telefoni",0,1,,,,43.053996
41,40,1,3,1,1,1,8,"Poste de sante cg Farumasi",3,,888,1,1,43.053996
41,40,1,3,1,1,1,5,"Aho bategera Bus",1,,2010,1,1,43.053996
41,40,1,3,1,1,1,9,"Ibitaro",0,5,,,,43.053996
41,40,1,3,1,1,1,6,"Amavuriro y!igenga",2,,888,1,1,43.053996
41,40,1,3,1,1,1,1,"Ibigo by!amashuri y!incuke",1,,888,1,1,43.053996
41,40,1,3,1,1,1,21,"Ipompo izamura amazi ikoresha amashanyarazi",0,8,,,,43.053996
41,40,1,3,1,1,1,15,"Ibiro by!iposita",0,5,,,,43.053996
41,40,1,3,1,1,1,16,"Aho abantu babonera Internet",0,0,,,,43.053996
41,40,1,3,1,1,1,22,"Kiliziya/Umusigiti/Urusengero",3,,888,1,1,43.053996
41,40,1,3,1,1,1,2,"Ibigo by!amashuri yibanza",1,,888,1,1,43.053996
41,40,1,3,1,1,1,10,"Amasoko",1,,1998,1,1,43.053996
41,40,1,3,1,1,1,7,"Amavuriro ya Leta/Ikigo nderabuzima",1,,888,1,1,43.053996
41,40,1,3,1,1,1,23,"Ibiro by!ibigo bya Leta bitanga amashanyarazi",0,2,,,,43.053996
41,40,1,3,1,1,1,14,"Poste ya polisi",0,1,,,,43.053996
41,40,1,3,1,1,1,13,"Ibigo by!imari iciriritse",0,2,,,,43.053996
42,41,1,3,1,1,1,2,"Ibigo by!amashuri yibanza",0,1,,,,23.9960368421053
42,41,1,3,1,1,1,4,"Ikigo cy!amashuri y!imyuga  (TVET)",0,5,,,,23.9960368421053
42,41,1,3,1,1,1,14,"Poste ya polisi",0,2,,,,23.9960368421053
42,41,1,3,1,1,1,17,"Imiryango itari ibigo by!imari itari iya leta",0,5,,,,23.9960368421053
42,41,1,3,1,1,1,7,"Amavuriro ya Leta/Ikigo nderabuzima",0,1,,,,23.9960368421053
42,41,1,3,1,1,1,22,"Kiliziya/Umusigiti/Urusengero",0,1,,,,23.9960368421053
42,41,1,3,1,1,1,6,"Amavuriro y!igenga",0,1,,,,23.9960368421053
42,41,1,3,1,1,1,16,"Aho abantu babonera Internet",0,1,,,,23.9960368421053
42,41,1,3,1,1,1,15,"Ibiro by!iposita",0,5,,,,23.9960368421053
42,41,1,3,1,1,1,23,"Ibiro by!ibigo bya Leta bitanga amashanyarazi",0,4,,,,23.9960368421053
42,41,1,3,1,1,1,12,"Amashami ya Banki",0,1,,,,23.9960368421053
42,41,1,3,1,1,1,5,"Aho bategera Bus",0,1,,,,23.9960368421053
42,41,1,3,1,1,1,21,"Ipompo izamura amazi ikoresha amashanyarazi",0,5,,,,23.9960368421053
42,41,1,3,1,1,1,1,"Ibigo by!amashuri y!incuke",0,1,,,,23.9960368421053
42,41,1,3,1,1,1,8,"Poste de sante cg Farumasi",0,1,,,,23.9960368421053
42,41,1,3,1,1,1,13,"Ibigo by!imari iciriritse",1,,888,1,1,23.9960368421053
42,41,1,3,1,1,1,11,"Amakusanyirizo y!amata",0,2,,,,23.9960368421053
42,41,1,3,1,1,1,10,"Amasoko",0,2,,,,23.9960368421053
42,41,1,3,1,1,1,9,"Ibitaro",0,12,,,,23.9960368421053
42,41,1,3,1,1,1,18,"Aho bajya inama bakanatanga serivisi z!ubuhinzi",0,0,,,,23.9960368421053
42,41,1,3,1,1,1,20,"Aho basharija/bakora telefoni",1,,888,1,1,23.9960368421053
42,41,1,3,1,1,1,19,"Insyo/amabarizo/aho bakora amavuta ateka",1,,888,1,1,23.9960368421053
42,41,1,3,1,1,1,3,"Ibigo by!amashuri yisumbuye",0,1,,,,23.9960368421053
43,42,1,3,1,1,1,15,"Ibiro by!iposita",0,6,,,,27.0597727969349
43,42,1,3,1,1,1,5,"Aho bategera Bus",1,,888,1,1,27.0597727969349
43,42,1,3,1,1,1,3,"Ibigo by!amashuri yisumbuye",1,,888,1,1,27.0597727969349
43,42,1,3,1,1,1,10,"Amasoko",0,0,,,,27.0597727969349
43,42,1,3,1,1,1,8,"Poste de sante cg Farumasi",0,0,,,,27.0597727969349
43,42,1,3,1,1,1,14,"Poste ya polisi",0,1,,,,27.0597727969349
43,42,1,3,1,1,1,21,"Ipompo izamura amazi ikoresha amashanyarazi",0,10,,,,27.0597727969349
43,42,1,3,1,1,1,22,"Kiliziya/Umusigiti/Urusengero",0,0,,,,27.0597727969349
43,42,1,3,1,1,1,13,"Ibigo by!imari iciriritse",0,0,,,,27.0597727969349
43,42,1,3,1,1,1,17,"Imiryango itari ibigo by!imari itari iya leta",0,4,,,,27.0597727969349
43,42,1,3,1,1,1,2,"Ibigo by!amashuri yibanza",1,,888,1,1,27.0597727969349
43,42,1,3,1,1,1,19,"Insyo/amabarizo/aho bakora amavuta ateka",2,,2010,1,1,27.0597727969349
43,42,1,3,1,1,1,20,"Aho basharija/bakora telefoni",0,0,,,,27.0597727969349
43,42,1,3,1,1,1,23,"Ibiro by!ibigo bya Leta bitanga amashanyarazi",0,1,,,,27.0597727969349
43,42,1,3,1,1,1,9,"Ibitaro",0,8,,,,27.0597727969349
43,42,1,3,1,1,1,6,"Amavuriro y!igenga",0,1,,,,27.0597727969349
43,42,1,3,1,1,1,12,"Amashami ya Banki",0,0,,,,27.0597727969349
43,42,1,3,1,1,1,11,"Amakusanyirizo y!amata",0,0,,,,27.0597727969349
43,42,1,3,1,1,1,16,"Aho abantu babonera Internet",0,0,,,,27.0597727969349
43,42,1,3,1,1,1,7,"Amavuriro ya Leta/Ikigo nderabuzima",0,0,,,,27.0597727969349
43,42,1,3,1,1,1,4,"Ikigo cy!amashuri y!imyuga  (TVET)",0,1,,,,27.0597727969349
43,42,1,3,1,1,1,18,"Aho bajya inama bakanatanga serivisi z!ubuhinzi",0,6,,,,27.0597727969349
43,42,1,3,1,1,1,1,"Ibigo by!amashuri y!incuke",1,,888,1,1,27.0597727969349
45,43,1,3,1,1,1,16,"Aho abantu babonera Internet",0,1,,,,17.1043262068966
45,43,1,3,1,1,1,1,"Ibigo by!amashuri y!incuke",0,1,,,,17.1043262068966
45,43,1,3,1,1,1,11,"Amakusanyirizo y!amata",0,1,,,,17.1043262068966
45,43,1,3,1,1,1,13,"Ibigo by!imari iciriritse",0,1,,,,17.1043262068966
45,43,1,3,1,1,1,22,"Kiliziya/Umusigiti/Urusengero",0,1,,,,17.1043262068966
45,43,1,3,1,1,1,4,"Ikigo cy!amashuri y!imyuga  (TVET)",0,1,,,,17.1043262068966
45,43,1,3,1,1,1,8,"Poste de sante cg Farumasi",0,10,,,,17.1043262068966
45,43,1,3,1,1,1,3,"Ibigo by!amashuri yisumbuye",0,2,,,,17.1043262068966
45,43,1,3,1,1,1,5,"Aho bategera Bus",0,1,,,,17.1043262068966
45,43,1,3,1,1,1,10,"Amasoko",0,0,,,,17.1043262068966
45,43,1,3,1,1,1,15,"Ibiro by!iposita",0,20,,,,17.1043262068966
45,43,1,3,1,1,1,21,"Ipompo izamura amazi ikoresha amashanyarazi",1,,2018,1,1,17.1043262068966
45,43,1,3,1,1,1,17,"Imiryango itari ibigo by!imari itari iya leta",0,1,,,,17.1043262068966
45,43,1,3,1,1,1,20,"Aho basharija/bakora telefoni",0,0,,,,17.1043262068966
45,43,1,3,1,1,1,14,"Poste ya polisi",0,5,,,,17.1043262068966
45,43,1,3,1,1,1,12,"Amashami ya Banki",0,1,,,,17.1043262068966
45,43,1,3,1,1,1,18,"Aho bajya inama bakanatanga serivisi z!ubuhinzi",0,1,,,,17.1043262068966
45,43,1,3,1,1,1,23,"Ibiro by!ibigo bya Leta bitanga amashanyarazi",0,12,,,,17.1043262068966
45,43,1,3,1,1,1,2,"Ibigo by!amashuri yibanza",0,0,,,,17.1043262068966
45,43,1,3,1,1,1,19,"Insyo/amabarizo/aho bakora amavuta ateka",0,1,,,,17.1043262068966
45,43,1,3,1,1,1,7,"Amavuriro ya Leta/Ikigo nderabuzima",1,,1998,1,1,17.1043262068966
45,43,1,3,1,1,1,9,"Ibitaro",1,,2013,1,1,17.1043262068966
45,43,1,3,1,1,1,6,"Amavuriro y!igenga",1,,1998,1,1,17.1043262068966
46,44,1,3,2,1,4,17,"Imiryango itari ibigo by!imari itari iya leta",0,6,,,,34.238744813278
46,44,1,3,2,1,4,4,"Ikigo cy!amashuri y!imyuga  (TVET)",0,8,,,,34.238744813278
46,44,1,3,2,1,4,2,"Ibigo by!amashuri yibanza",2,,2017,1,1,34.238744813278
46,44,1,3,2,1,4,20,"Aho basharija/bakora telefoni",1,,2021,1,1,34.238744813278
46,44,1,3,2,1,4,6,"Amavuriro y!igenga",0,5,,,,34.238744813278
46,44,1,3,2,1,4,22,"Kiliziya/Umusigiti/Urusengero",3,,2007,1,1,34.238744813278
46,44,1,3,2,1,4,11,"Amakusanyirizo y!amata",0,5,,,,34.238744813278
46,44,1,3,2,1,4,14,"Poste ya polisi",0,5,,,,34.238744813278
46,44,1,3,2,1,4,13,"Ibigo by!imari iciriritse",0,5,,,,34.238744813278
46,44,1,3,2,1,4,9,"Ibitaro",7,,2017,1,1,34.238744813278
46,44,1,3,2,1,4,15,"Ibiro by!iposita",0,15,,,,34.238744813278
46,44,1,3,2,1,4,18,"Aho bajya inama bakanatanga serivisi z!ubuhinzi",0,0,,,,34.238744813278
46,44,1,3,2,1,4,19,"Insyo/amabarizo/aho bakora amavuta ateka",1,,2018,1,1,34.238744813278
46,44,1,3,2,1,4,12,"Amashami ya Banki",0,5,,,,34.238744813278
46,44,1,3,2,1,4,5,"Aho bategera Bus",0,5,,,,34.238744813278
46,44,1,3,2,1,4,21,"Ipompo izamura amazi ikoresha amashanyarazi",0,88,,,,34.238744813278
46,44,1,3,2,1,4,16,"Aho abantu babonera Internet",0,5,,,,34.238744813278
46,44,1,3,2,1,4,10,"Amasoko",0,5,,,,34.238744813278
46,44,1,3,2,1,4,3,"Ibigo by!amashuri yisumbuye",0,5,,,,34.238744813278
46,44,1,3,2,1,4,23,"Ibiro by!ibigo bya Leta bitanga amashanyarazi",0,14,,,,34.238744813278
46,44,1,3,2,1,4,1,"Ibigo by!amashuri y!incuke",1,,2022,3,,34.238744813278
46,44,1,3,2,1,4,7,"Amavuriro ya Leta/Ikigo nderabuzima",0,5,,,,34.238744813278
46,44,1,3,2,1,4,8,"Poste de sante cg Farumasi",0,3,,,,34.238744813278
47,45,1,3,1,1,1,18,"Aho bajya inama bakanatanga serivisi z!ubuhinzi",0,2,,,,88.8850588235294
47,45,1,3,1,1,1,20,"Aho basharija/bakora telefoni",3,,888,1,1,88.8850588235294
47,45,1,3,1,1,1,7,"Amavuriro ya Leta/Ikigo nderabuzima",1,,888,1,1,88.8850588235294
47,45,1,3,1,1,1,22,"Kiliziya/Umusigiti/Urusengero",2,,888,1,1,88.8850588235294
47,45,1,3,1,1,1,15,"Ibiro by!iposita",0,6,,,,88.8850588235294
47,45,1,3,1,1,1,16,"Aho abantu babonera Internet",0,2,,,,88.8850588235294
47,45,1,3,1,1,1,12,"Amashami ya Banki",0,2,,,,88.8850588235294
47,45,1,3,1,1,1,19,"Insyo/amabarizo/aho bakora amavuta ateka",0,2,,,,88.8850588235294
47,45,1,3,1,1,1,13,"Ibigo by!imari iciriritse",0,2,,,,88.8850588235294
47,45,1,3,1,1,1,10,"Amasoko",0,3,,,,88.8850588235294
47,45,1,3,1,1,1,3,"Ibigo by!amashuri yisumbuye",2,,2005,1,1,88.8850588235294
47,45,1,3,1,1,1,11,"Amakusanyirizo y!amata",0,5,,,,88.8850588235294
47,45,1,3,1,1,1,14,"Poste ya polisi",0,1,,,,88.8850588235294
47,45,1,3,1,1,1,6,"Amavuriro y!igenga",0,3,,,,88.8850588235294
47,45,1,3,1,1,1,8,"Poste de sante cg Farumasi",0,3,,,,88.8850588235294
47,45,1,3,1,1,1,23,"Ibiro by!ibigo bya Leta bitanga amashanyarazi",0,2,,,,88.8850588235294
47,45,1,3,1,1,1,21,"Ipompo izamura amazi ikoresha amashanyarazi",0,3,,,,88.8850588235294
47,45,1,3,1,1,1,2,"Ibigo by!amashuri yibanza",3,,1994,1,1,88.8850588235294
47,45,1,3,1,1,1,5,"Aho bategera Bus",2,,2010,1,1,88.8850588235294
47,45,1,3,1,1,1,1,"Ibigo by!amashuri y!incuke",2,,1994,1,1,88.8850588235294
47,45,1,3,1,1,1,4,"Ikigo cy!amashuri y!imyuga  (TVET)",0,5,,,,88.8850588235294
47,45,1,3,1,1,1,17,"Imiryango itari ibigo by!imari itari iya leta",3,,888,1,1,88.8850588235294
47,45,1,3,1,1,1,9,"Ibitaro",0,6,,,,88.8850588235294
48,46,1,3,1,1,1,3,"Ibigo by!amashuri yisumbuye",1,,2022,1,1,24.1846151162791
48,46,1,3,1,1,1,12,"Amashami ya Banki",0,5,,,,24.1846151162791
48,46,1,3,1,1,1,14,"Poste ya polisi",1,,2007,1,1,24.1846151162791
48,46,1,3,1,1,1,2,"Ibigo by!amashuri yibanza",1,,2000,1,1,24.1846151162791
48,46,1,3,1,1,1,10,"Amasoko",0,1,,,,24.1846151162791
48,46,1,3,1,1,1,1,"Ibigo by!amashuri y!incuke",1,,2021,1,1,24.1846151162791
48,46,1,3,1,1,1,7,"Amavuriro ya Leta/Ikigo nderabuzima",1,,1999,1,1,24.1846151162791
48,46,1,3,1,1,1,21,"Ipompo izamura amazi ikoresha amashanyarazi",0,0,,,,24.1846151162791
48,46,1,3,1,1,1,4,"Ikigo cy!amashuri y!imyuga  (TVET)",0,5,,,,24.1846151162791
48,46,1,3,1,1,1,17,"Imiryango itari ibigo by!imari itari iya leta",0,0,,,,24.1846151162791
48,46,1,3,1,1,1,11,"Amakusanyirizo y!amata",0,3,,,,24.1846151162791
48,46,1,3,1,1,1,20,"Aho basharija/bakora telefoni",5,,2018,1,1,24.1846151162791
48,46,1,3,1,1,1,8,"Poste de sante cg Farumasi",0,2,,,,24.1846151162791
48,46,1,3,1,1,1,6,"Amavuriro y!igenga",0,3,,,,24.1846151162791
48,46,1,3,1,1,1,19,"Insyo/amabarizo/aho bakora amavuta ateka",0,2,,,,24.1846151162791
48,46,1,3,1,1,1,16,"Aho abantu babonera Internet",0,0,,,,24.1846151162791
48,46,1,3,1,1,1,13,"Ibigo by!imari iciriritse",1,,2005,1,1,24.1846151162791
48,46,1,3,1,1,1,23,"Ibiro by!ibigo bya Leta bitanga amashanyarazi",1,,2017,1,1,24.1846151162791
48,46,1,3,1,1,1,9,"Ibitaro",1,,1995,1,1,24.1846151162791
48,46,1,3,1,1,1,15,"Ibiro by!iposita",0,0,,,,24.1846151162791
48,46,1,3,1,1,1,22,"Kiliziya/Umusigiti/Urusengero",0,2,,,,24.1846151162791
48,46,1,3,1,1,1,5,"Aho bategera Bus",1,,1998,1,1,24.1846151162791
48,46,1,3,1,1,1,18,"Aho bajya inama bakanatanga serivisi z!ubuhinzi",1,,2017,3,,24.1846151162791
49,47,1,3,1,1,1,3,"Ibigo by!amashuri yisumbuye",0,1,,,,22.5478852941176
49,47,1,3,1,1,1,15,"Ibiro by!iposita",0,12,,,,22.5478852941176
49,47,1,3,1,1,1,2,"Ibigo by!amashuri yibanza",1,,2010,1,1,22.5478852941176
49,47,1,3,1,1,1,7,"Amavuriro ya Leta/Ikigo nderabuzima",0,4,,,,22.5478852941176
49,47,1,3,1,1,1,11,"Amakusanyirizo y!amata",0,1,,,,22.5478852941176
49,47,1,3,1,1,1,9,"Ibitaro",0,5,,,,22.5478852941176
49,47,1,3,1,1,1,4,"Ikigo cy!amashuri y!imyuga  (TVET)",0,10,,,,22.5478852941176
49,47,1,3,1,1,1,18,"Aho bajya inama bakanatanga serivisi z!ubuhinzi",0,3,,,,22.5478852941176
49,47,1,3,1,1,1,10,"Amasoko",0,4,,,,22.5478852941176
49,47,1,3,1,1,1,21,"Ipompo izamura amazi ikoresha amashanyarazi",0,0,,,,22.5478852941176
49,47,1,3,1,1,1,16,"Aho abantu babonera Internet",0,3,,,,22.5478852941176
49,47,1,3,1,1,1,12,"Amashami ya Banki",0,3,,,,22.5478852941176
49,47,1,3,1,1,1,5,"Aho bategera Bus",1,,1995,1,1,22.5478852941176
49,47,1,3,1,1,1,14,"Poste ya polisi",0,4,,,,22.5478852941176
49,47,1,3,1,1,1,19,"Insyo/amabarizo/aho bakora amavuta ateka",0,4,,,,22.5478852941176
49,47,1,3,1,1,1,1,"Ibigo by!amashuri y!incuke",1,,2010,1,1,22.5478852941176
49,47,1,3,1,1,1,13,"Ibigo by!imari iciriritse",0,4,,,,22.5478852941176
49,47,1,3,1,1,1,22,"Kiliziya/Umusigiti/Urusengero",1,,2007,1,1,22.5478852941176
49,47,1,3,1,1,1,23,"Ibiro by!ibigo bya Leta bitanga amashanyarazi",0,4,,,,22.5478852941176
49,47,1,3,1,1,1,6,"Amavuriro y!igenga",0,5,,,,22.5478852941176
49,47,1,3,1,1,1,20,"Aho basharija/bakora telefoni",11,,2015,1,1,22.5478852941176
49,47,1,3,1,1,1,8,"Poste de sante cg Farumasi",0,3,,,,22.5478852941176
49,47,1,3,1,1,1,17,"Imiryango itari ibigo by!imari itari iya leta",2,,2007,1,1,22.5478852941176
50,48,2,1,1,1,1,12,"Amashami ya Banki",0,2,,,,20.2034487562189
50,48,2,1,1,1,1,2,"Ibigo by!amashuri yibanza",1,,2019,1,1,20.2034487562189
50,48,2,1,1,1,1,23,"Ibiro by!ibigo bya Leta bitanga amashanyarazi",0,2,,,,20.2034487562189
50,48,2,1,1,1,1,17,"Imiryango itari ibigo by!imari itari iya leta",0,2,,,,20.2034487562189
50,48,2,1,1,1,1,5,"Aho bategera Bus",0,2,,,,20.2034487562189
50,48,2,1,1,1,1,6,"Amavuriro y!igenga",0,2,,,,20.2034487562189
50,48,2,1,1,1,1,7,"Amavuriro ya Leta/Ikigo nderabuzima",0,2,,,,20.2034487562189
50,48,2,1,1,1,1,14,"Poste ya polisi",0,2,,,,20.2034487562189
50,48,2,1,1,1,1,8,"Poste de sante cg Farumasi",0,2,,,,20.2034487562189
50,48,2,1,1,1,1,19,"Insyo/amabarizo/aho bakora amavuta ateka",0,2,,,,20.2034487562189
50,48,2,1,1,1,1,10,"Amasoko",0,2,,,,20.2034487562189
50,48,2,1,1,1,1,22,"Kiliziya/Umusigiti/Urusengero",1,,1992,1,1,20.2034487562189
50,48,2,1,1,1,1,18,"Aho bajya inama bakanatanga serivisi z!ubuhinzi",1,,2000,3,,20.2034487562189
50,48,2,1,1,1,1,20,"Aho basharija/bakora telefoni",0,2,,,,20.2034487562189
50,48,2,1,1,1,1,4,"Ikigo cy!amashuri y!imyuga  (TVET)",0,2,,,,20.2034487562189
50,48,2,1,1,1,1,15,"Ibiro by!iposita",0,2,,,,20.2034487562189
50,48,2,1,1,1,1,11,"Amakusanyirizo y!amata",0,2,,,,20.2034487562189
50,48,2,1,1,1,1,3,"Ibigo by!amashuri yisumbuye",0,2,,,,20.2034487562189
50,48,2,1,1,1,1,21,"Ipompo izamura amazi ikoresha amashanyarazi",0,2,,,,20.2034487562189
50,48,2,1,1,1,1,1,"Ibigo by!amashuri y!incuke",1,,2019,1,1,20.2034487562189
50,48,2,1,1,1,1,13,"Ibigo by!imari iciriritse",0,2,,,,20.2034487562189
50,48,2,1,1,1,1,9,"Ibitaro",0,2,,,,20.2034487562189
50,48,2,1,1,1,1,16,"Aho abantu babonera Internet",0,2,,,,20.2034487562189
51,49,2,1,1,1,1,18,"Aho bajya inama bakanatanga serivisi z!ubuhinzi",0,2,,,,8.52196355140187
51,49,2,1,1,1,1,22,"Kiliziya/Umusigiti/Urusengero",1,,1932,1,1,8.52196355140187
51,49,2,1,1,1,1,14,"Poste ya polisi",0,2,,,,8.52196355140187
51,49,2,1,1,1,1,11,"Amakusanyirizo y!amata",0,3,,,,8.52196355140187
51,49,2,1,1,1,1,3,"Ibigo by!amashuri yisumbuye",2,,1960,1,1,8.52196355140187
51,49,2,1,1,1,1,9,"Ibitaro",0,3,,,,8.52196355140187
51,49,2,1,1,1,1,1,"Ibigo by!amashuri y!incuke",1,,2004,1,1,8.52196355140187
51,49,2,1,1,1,1,15,"Ibiro by!iposita",0,2,,,,8.52196355140187
51,49,2,1,1,1,1,17,"Imiryango itari ibigo by!imari itari iya leta",0,2,,,,8.52196355140187
51,49,2,1,1,1,1,19,"Insyo/amabarizo/aho bakora amavuta ateka",0,4,,,,8.52196355140187
51,49,2,1,1,1,1,10,"Amasoko",0,1,,,,8.52196355140187
51,49,2,1,1,1,1,2,"Ibigo by!amashuri yibanza",2,,2002,1,1,8.52196355140187
51,49,2,1,1,1,1,4,"Ikigo cy!amashuri y!imyuga  (TVET)",0,2,,,,8.52196355140187
51,49,2,1,1,1,1,6,"Amavuriro y!igenga",0,2,,,,8.52196355140187
51,49,2,1,1,1,1,13,"Ibigo by!imari iciriritse",0,2,,,,8.52196355140187
51,49,2,1,1,1,1,8,"Poste de sante cg Farumasi",0,1,,,,8.52196355140187
51,49,2,1,1,1,1,21,"Ipompo izamura amazi ikoresha amashanyarazi",0,4,,,,8.52196355140187
51,49,2,1,1,1,1,16,"Aho abantu babonera Internet",0,2,,,,8.52196355140187
51,49,2,1,1,1,1,12,"Amashami ya Banki",0,2,,,,8.52196355140187
51,49,2,1,1,1,1,7,"Amavuriro ya Leta/Ikigo nderabuzima",0,1,,,,8.52196355140187
51,49,2,1,1,1,1,20,"Aho basharija/bakora telefoni",0,2,,,,8.52196355140187
51,49,2,1,1,1,1,23,"Ibiro by!ibigo bya Leta bitanga amashanyarazi",0,2,,,,8.52196355140187
51,49,2,1,1,1,1,5,"Aho bategera Bus",0,1,,,,8.52196355140187
52,50,2,1,2,1,1,6,"Amavuriro y!igenga",0,33,,,,90.9873333333333
52,50,2,1,2,1,1,23,"Ibiro by!ibigo bya Leta bitanga amashanyarazi",0,33,,,,90.9873333333333
52,50,2,1,2,1,1,5,"Aho bategera Bus",0,5,,,,90.9873333333333
52,50,2,1,2,1,1,8,"Poste de sante cg Farumasi",0,3,,,,90.9873333333333
52,50,2,1,2,1,1,21,"Ipompo izamura amazi ikoresha amashanyarazi",0,33,,,,90.9873333333333
52,50,2,1,2,1,1,7,"Amavuriro ya Leta/Ikigo nderabuzima",0,3,,,,90.9873333333333
52,50,2,1,2,1,1,19,"Insyo/amabarizo/aho bakora amavuta ateka",0,5,,,,90.9873333333333
52,50,2,1,2,1,1,22,"Kiliziya/Umusigiti/Urusengero",2,,888,2,1,90.9873333333333
52,50,2,1,2,1,1,12,"Amashami ya Banki",0,5,,,,90.9873333333333
52,50,2,1,2,1,1,16,"Aho abantu babonera Internet",0,5,,,,90.9873333333333
52,50,2,1,2,1,1,13,"Ibigo by!imari iciriritse",0,5,,,,90.9873333333333
52,50,2,1,2,1,1,17,"Imiryango itari ibigo by!imari itari iya leta",0,33,,,,90.9873333333333
52,50,2,1,2,1,1,1,"Ibigo by!amashuri y!incuke",1,,2015,2,1,90.9873333333333
52,50,2,1,2,1,1,18,"Aho bajya inama bakanatanga serivisi z!ubuhinzi",1,,2014,3,,90.9873333333333
52,50,2,1,2,1,1,10,"Amasoko",0,3,,,,90.9873333333333
52,50,2,1,2,1,1,11,"Amakusanyirizo y!amata",0,33,,,,90.9873333333333
52,50,2,1,2,1,1,2,"Ibigo by!amashuri yibanza",1,,2015,2,1,90.9873333333333
52,50,2,1,2,1,1,15,"Ibiro by!iposita",0,33,,,,90.9873333333333
52,50,2,1,2,1,1,9,"Ibitaro",0,33,,,,90.9873333333333
52,50,2,1,2,1,1,20,"Aho basharija/bakora telefoni",0,5,,,,90.9873333333333
52,50,2,1,2,1,1,4,"Ikigo cy!amashuri y!imyuga  (TVET)",0,3,,,,90.9873333333333
52,50,2,1,2,1,1,14,"Poste ya polisi",0,3,,,,90.9873333333333
52,50,2,1,2,1,1,3,"Ibigo by!amashuri yisumbuye",0,2,,,,90.9873333333333
53,51,2,1,2,1,1,10,"Amasoko",0,8,,,,152.80155
53,51,2,1,2,1,1,12,"Amashami ya Banki",0,8,,,,152.80155
53,51,2,1,2,1,1,20,"Aho basharija/bakora telefoni",0,5,,,,152.80155
53,51,2,1,2,1,1,22,"Kiliziya/Umusigiti/Urusengero",0,1,,,,152.80155
53,51,2,1,2,1,1,6,"Amavuriro y!igenga",0,1,,,,152.80155
53,51,2,1,2,1,1,23,"Ibiro by!ibigo bya Leta bitanga amashanyarazi",0,8,,,,152.80155
53,51,2,1,2,1,1,14,"Poste ya polisi",0,8,,,,152.80155
53,51,2,1,2,1,1,15,"Ibiro by!iposita",0,8,,,,152.80155
53,51,2,1,2,1,1,21,"Ipompo izamura amazi ikoresha amashanyarazi",0,8,,,,152.80155
53,51,2,1,2,1,1,8,"Poste de sante cg Farumasi",0,1,,,,152.80155
53,51,2,1,2,1,1,4,"Ikigo cy!amashuri y!imyuga  (TVET)",0,5,,,,152.80155
53,51,2,1,2,1,1,19,"Insyo/amabarizo/aho bakora amavuta ateka",0,8,,,,152.80155
53,51,2,1,2,1,1,18,"Aho bajya inama bakanatanga serivisi z!ubuhinzi",1,,2015,3,,152.80155
53,51,2,1,2,1,1,17,"Imiryango itari ibigo by!imari itari iya leta",0,5,,,,152.80155
53,51,2,1,2,1,1,1,"Ibigo by!amashuri y!incuke",1,,2021,1,1,152.80155
53,51,2,1,2,1,1,5,"Aho bategera Bus",0,2,,,,152.80155
53,51,2,1,2,1,1,7,"Amavuriro ya Leta/Ikigo nderabuzima",0,8,,,,152.80155
53,51,2,1,2,1,1,3,"Ibigo by!amashuri yisumbuye",0,1,,,,152.80155
53,51,2,1,2,1,1,13,"Ibigo by!imari iciriritse",0,8,,,,152.80155
53,51,2,1,2,1,1,16,"Aho abantu babonera Internet",0,8,,,,152.80155
53,51,2,1,2,1,1,2,"Ibigo by!amashuri yibanza",0,1,,,,152.80155
53,51,2,1,2,1,1,11,"Amakusanyirizo y!amata",0,3,,,,152.80155
53,51,2,1,2,1,1,9,"Ibitaro",0,8,,,,152.80155
54,52,2,1,2,1,1,1,"Ibigo by!amashuri y!incuke",0,2,,,,45.2318409090909
54,52,2,1,2,1,1,4,"Ikigo cy!amashuri y!imyuga  (TVET)",0,7,,,,45.2318409090909
54,52,2,1,2,1,1,11,"Amakusanyirizo y!amata",0,0,,,,45.2318409090909
54,52,2,1,2,1,1,17,"Imiryango itari ibigo by!imari itari iya leta",0,7,,,,45.2318409090909
54,52,2,1,2,1,1,3,"Ibigo by!amashuri yisumbuye",0,1,,,,45.2318409090909
54,52,2,1,2,1,1,9,"Ibitaro",0,7,,,,45.2318409090909
54,52,2,1,2,1,1,14,"Poste ya polisi",0,4,,,,45.2318409090909
54,52,2,1,2,1,1,7,"Amavuriro ya Leta/Ikigo nderabuzima",0,7,,,,45.2318409090909
54,52,2,1,2,1,1,12,"Amashami ya Banki",2,,2015,1,1,45.2318409090909
54,52,2,1,2,1,1,19,"Insyo/amabarizo/aho bakora amavuta ateka",0,1,,,,45.2318409090909
54,52,2,1,2,1,1,6,"Amavuriro y!igenga",0,7,,,,45.2318409090909
54,52,2,1,2,1,1,8,"Poste de sante cg Farumasi",0,1,,,,45.2318409090909
54,52,2,1,2,1,1,5,"Aho bategera Bus",0,7,,,,45.2318409090909
54,52,2,1,2,1,1,2,"Ibigo by!amashuri yibanza",1,,888,1,1,45.2318409090909
54,52,2,1,2,1,1,22,"Kiliziya/Umusigiti/Urusengero",2,,888,2,1,45.2318409090909
54,52,2,1,2,1,1,13,"Ibigo by!imari iciriritse",0,4,,,,45.2318409090909
54,52,2,1,2,1,1,18,"Aho bajya inama bakanatanga serivisi z!ubuhinzi",0,4,,,,45.2318409090909
54,52,2,1,2,1,1,10,"Amasoko",0,7,,,,45.2318409090909
54,52,2,1,2,1,1,20,"Aho basharija/bakora telefoni",0,7,,,,45.2318409090909
54,52,2,1,2,1,1,15,"Ibiro by!iposita",0,7,,,,45.2318409090909
54,52,2,1,2,1,1,23,"Ibiro by!ibigo bya Leta bitanga amashanyarazi",0,7,,,,45.2318409090909
54,52,2,1,2,1,1,16,"Aho abantu babonera Internet",0,7,,,,45.2318409090909
54,52,2,1,2,1,1,21,"Ipompo izamura amazi ikoresha amashanyarazi",0,88,,,,45.2318409090909
55,53,2,1,2,1,1,12,"Amashami ya Banki",0,20,,,,207.560347826087
55,53,2,1,2,1,1,21,"Ipompo izamura amazi ikoresha amashanyarazi",0,20,,,,207.560347826087
55,53,2,1,2,1,1,11,"Amakusanyirizo y!amata",0,20,,,,207.560347826087
55,53,2,1,2,1,1,13,"Ibigo by!imari iciriritse",0,7,,,,207.560347826087
55,53,2,1,2,1,1,23,"Ibiro by!ibigo bya Leta bitanga amashanyarazi",0,20,,,,207.560347826087
55,53,2,1,2,1,1,18,"Aho bajya inama bakanatanga serivisi z!ubuhinzi",0,5,,,,207.560347826087
55,53,2,1,2,1,1,8,"Poste de sante cg Farumasi",0,5,,,,207.560347826087
55,53,2,1,2,1,1,10,"Amasoko",0,10,,,,207.560347826087
55,53,2,1,2,1,1,15,"Ibiro by!iposita",0,20,,,,207.560347826087
55,53,2,1,2,1,1,7,"Amavuriro ya Leta/Ikigo nderabuzima",0,5,,,,207.560347826087
55,53,2,1,2,1,1,17,"Imiryango itari ibigo by!imari itari iya leta",0,20,,,,207.560347826087
55,53,2,1,2,1,1,14,"Poste ya polisi",0,10,,,,207.560347826087
55,53,2,1,2,1,1,6,"Amavuriro y!igenga",0,20,,,,207.560347826087
55,53,2,1,2,1,1,19,"Insyo/amabarizo/aho bakora amavuta ateka",0,7,,,,207.560347826087
55,53,2,1,2,1,1,2,"Ibigo by!amashuri yibanza",0,5,,,,207.560347826087
55,53,2,1,2,1,1,9,"Ibitaro",0,20,,,,207.560347826087
55,53,2,1,2,1,1,22,"Kiliziya/Umusigiti/Urusengero",0,1,,,,207.560347826087
55,53,2,1,2,1,1,5,"Aho bategera Bus",0,20,,,,207.560347826087
55,53,2,1,2,1,1,1,"Ibigo by!amashuri y!incuke",0,5,,,,207.560347826087
55,53,2,1,2,1,1,4,"Ikigo cy!amashuri y!imyuga  (TVET)",0,20,,,,207.560347826087
55,53,2,1,2,1,1,16,"Aho abantu babonera Internet",0,7,,,,207.560347826087
55,53,2,1,2,1,1,20,"Aho basharija/bakora telefoni",0,20,,,,207.560347826087
55,53,2,1,2,1,1,3,"Ibigo by!amashuri yisumbuye",0,7,,,,207.560347826087
56,54,2,2,2,1,10,1,"Ibigo by!amashuri y!incuke",1,,2022,1,1,11.9489366834171
56,54,2,2,2,1,10,14,"Poste ya polisi",0,15,,,,11.9489366834171
56,54,2,2,2,1,10,23,"Ibiro by!ibigo bya Leta bitanga amashanyarazi",0,0,,,,11.9489366834171
56,54,2,2,2,1,10,20,"Aho basharija/bakora telefoni",0,6,,,,11.9489366834171
56,54,2,2,2,1,10,6,"Amavuriro y!igenga",0,0,,,,11.9489366834171
56,54,2,2,2,1,10,12,"Amashami ya Banki",0,6,,,,11.9489366834171
56,54,2,2,2,1,10,11,"Amakusanyirizo y!amata",0,15,,,,11.9489366834171
56,54,2,2,2,1,10,2,"Ibigo by!amashuri yibanza",0,4,,,,11.9489366834171
56,54,2,2,2,1,10,13,"Ibigo by!imari iciriritse",0,6,,,,11.9489366834171
56,54,2,2,2,1,10,21,"Ipompo izamura amazi ikoresha amashanyarazi",0,0,,,,11.9489366834171
56,54,2,2,2,1,10,22,"Kiliziya/Umusigiti/Urusengero",1,,888,3,,11.9489366834171
56,54,2,2,2,1,10,16,"Aho abantu babonera Internet",0,0,,,,11.9489366834171
56,54,2,2,2,1,10,8,"Poste de sante cg Farumasi",0,6,,,,11.9489366834171
56,54,2,2,2,1,10,7,"Amavuriro ya Leta/Ikigo nderabuzima",0,6,,,,11.9489366834171
56,54,2,2,2,1,10,4,"Ikigo cy!amashuri y!imyuga  (TVET)",0,5,,,,11.9489366834171
56,54,2,2,2,1,10,15,"Ibiro by!iposita",0,0,,,,11.9489366834171
56,54,2,2,2,1,10,9,"Ibitaro",0,6,,,,11.9489366834171
56,54,2,2,2,1,10,5,"Aho bategera Bus",0,0,,,,11.9489366834171
56,54,2,2,2,1,10,18,"Aho bajya inama bakanatanga serivisi z!ubuhinzi",0,0,,,,11.9489366834171
56,54,2,2,2,1,10,17,"Imiryango itari ibigo by!imari itari iya leta",0,0,,,,11.9489366834171
56,54,2,2,2,1,10,10,"Amasoko",0,6,,,,11.9489366834171
56,54,2,2,2,1,10,3,"Ibigo by!amashuri yisumbuye",0,4,,,,11.9489366834171
56,54,2,2,2,1,10,19,"Insyo/amabarizo/aho bakora amavuta ateka",1,,2019,1,1,11.9489366834171
57,55,2,2,2,1,10,19,"Insyo/amabarizo/aho bakora amavuta ateka",0,30,,,,6.323716875
57,55,2,2,2,1,10,2,"Ibigo by!amashuri yibanza",0,2,,,,6.323716875
57,55,2,2,2,1,10,3,"Ibigo by!amashuri yisumbuye",0,10,,,,6.323716875
57,55,2,2,2,1,10,9,"Ibitaro",0,20,,,,6.323716875
57,55,2,2,2,1,10,14,"Poste ya polisi",0,20,,,,6.323716875
57,55,2,2,2,1,10,1,"Ibigo by!amashuri y!incuke",0,2,,,,6.323716875
57,55,2,2,2,1,10,4,"Ikigo cy!amashuri y!imyuga  (TVET)",0,30,,,,6.323716875
57,55,2,2,2,1,10,6,"Amavuriro y!igenga",0,35,,,,6.323716875
57,55,2,2,2,1,10,10,"Amasoko",0,30,,,,6.323716875
57,55,2,2,2,1,10,23,"Ibiro by!ibigo bya Leta bitanga amashanyarazi",0,30,,,,6.323716875
57,55,2,2,2,1,10,21,"Ipompo izamura amazi ikoresha amashanyarazi",0,0,,,,6.323716875
57,55,2,2,2,1,10,16,"Aho abantu babonera Internet",0,30,,,,6.323716875
57,55,2,2,2,1,10,12,"Amashami ya Banki",0,30,,,,6.323716875
57,55,2,2,2,1,10,11,"Amakusanyirizo y!amata",0,30,,,,6.323716875
57,55,2,2,2,1,10,8,"Poste de sante cg Farumasi",0,2,,,,6.323716875
57,55,2,2,2,1,10,20,"Aho basharija/bakora telefoni",0,20,,,,6.323716875
57,55,2,2,2,1,10,13,"Ibigo by!imari iciriritse",0,30,,,,6.323716875
57,55,2,2,2,1,10,22,"Kiliziya/Umusigiti/Urusengero",1,,888,1,1,6.323716875
57,55,2,2,2,1,10,18,"Aho bajya inama bakanatanga serivisi z!ubuhinzi",0,30,,,,6.323716875
57,55,2,2,2,1,10,17,"Imiryango itari ibigo by!imari itari iya leta",0,30,,,,6.323716875
57,55,2,2,2,1,10,5,"Aho bategera Bus",0,35,,,,6.323716875
57,55,2,2,2,1,10,7,"Amavuriro ya Leta/Ikigo nderabuzima",0,30,,,,6.323716875
57,55,2,2,2,1,10,15,"Ibiro by!iposita",0,30,,,,6.323716875
58,56,2,2,2,1,10,23,"Ibiro by!ibigo bya Leta bitanga amashanyarazi",0,0,,,,94.0141550802139
58,56,2,2,2,1,10,18,"Aho bajya inama bakanatanga serivisi z!ubuhinzi",0,0,,,,94.0141550802139
58,56,2,2,2,1,10,1,"Ibigo by!amashuri y!incuke",0,8,,,,94.0141550802139
58,56,2,2,2,1,10,12,"Amashami ya Banki",0,8,,,,94.0141550802139
58,56,2,2,2,1,10,6,"Amavuriro y!igenga",0,6,,,,94.0141550802139
58,56,2,2,2,1,10,17,"Imiryango itari ibigo by!imari itari iya leta",0,17,,,,94.0141550802139
58,56,2,2,2,1,10,14,"Poste ya polisi",0,5,,,,94.0141550802139
58,56,2,2,2,1,10,3,"Ibigo by!amashuri yisumbuye",0,5,,,,94.0141550802139
58,56,2,2,2,1,10,19,"Insyo/amabarizo/aho bakora amavuta ateka",0,0,,,,94.0141550802139
58,56,2,2,2,1,10,20,"Aho basharija/bakora telefoni",0,5,,,,94.0141550802139
58,56,2,2,2,1,10,2,"Ibigo by!amashuri yibanza",0,6,,,,94.0141550802139
58,56,2,2,2,1,10,21,"Ipompo izamura amazi ikoresha amashanyarazi",0,0,,,,94.0141550802139
58,56,2,2,2,1,10,10,"Amasoko",0,17,,,,94.0141550802139
58,56,2,2,2,1,10,9,"Ibitaro",0,14,,,,94.0141550802139
58,56,2,2,2,1,10,7,"Amavuriro ya Leta/Ikigo nderabuzima",0,6,,,,94.0141550802139
58,56,2,2,2,1,10,8,"Poste de sante cg Farumasi",0,6,,,,94.0141550802139
58,56,2,2,2,1,10,5,"Aho bategera Bus",0,13,,,,94.0141550802139
58,56,2,2,2,1,10,11,"Amakusanyirizo y!amata",0,17,,,,94.0141550802139
58,56,2,2,2,1,10,13,"Ibigo by!imari iciriritse",0,8,,,,94.0141550802139
58,56,2,2,2,1,10,22,"Kiliziya/Umusigiti/Urusengero",0,1,,,,94.0141550802139
58,56,2,2,2,1,10,15,"Ibiro by!iposita",0,17,,,,94.0141550802139
58,56,2,2,2,1,10,16,"Aho abantu babonera Internet",0,17,,,,94.0141550802139
58,56,2,2,2,1,10,4,"Ikigo cy!amashuri y!imyuga  (TVET)",0,15,,,,94.0141550802139
59,57,2,2,2,1,10,8,"Poste de sante cg Farumasi",0,2,,,,11.4382214285714
59,57,2,2,2,1,10,3,"Ibigo by!amashuri yisumbuye",0,3,,,,11.4382214285714
59,57,2,2,2,1,10,14,"Poste ya polisi",0,3,,,,11.4382214285714
59,57,2,2,2,1,10,21,"Ipompo izamura amazi ikoresha amashanyarazi",0,0,,,,11.4382214285714
59,57,2,2,2,1,10,19,"Insyo/amabarizo/aho bakora amavuta ateka",0,5,,,,11.4382214285714
59,57,2,2,2,1,10,4,"Ikigo cy!amashuri y!imyuga  (TVET)",0,4,,,,11.4382214285714
59,57,2,2,2,1,10,22,"Kiliziya/Umusigiti/Urusengero",0,3,,,,11.4382214285714
59,57,2,2,2,1,10,18,"Aho bajya inama bakanatanga serivisi z!ubuhinzi",0,0,,,,11.4382214285714
59,57,2,2,2,1,10,11,"Amakusanyirizo y!amata",0,15,,,,11.4382214285714
59,57,2,2,2,1,10,20,"Aho basharija/bakora telefoni",1,,888,1,1,11.4382214285714
59,57,2,2,2,1,10,12,"Amashami ya Banki",0,5,,,,11.4382214285714
59,57,2,2,2,1,10,7,"Amavuriro ya Leta/Ikigo nderabuzima",0,6,,,,11.4382214285714
59,57,2,2,2,1,10,9,"Ibitaro",0,15,,,,11.4382214285714
59,57,2,2,2,1,10,2,"Ibigo by!amashuri yibanza",0,3,,,,11.4382214285714
59,57,2,2,2,1,10,23,"Ibiro by!ibigo bya Leta bitanga amashanyarazi",0,15,,,,11.4382214285714
59,57,2,2,2,1,10,17,"Imiryango itari ibigo by!imari itari iya leta",0,0,,,,11.4382214285714
59,57,2,2,2,1,10,10,"Amasoko",0,7,,,,11.4382214285714
59,57,2,2,2,1,10,5,"Aho bategera Bus",0,5,,,,11.4382214285714
59,57,2,2,2,1,10,13,"Ibigo by!imari iciriritse",0,5,,,,11.4382214285714
59,57,2,2,2,1,10,6,"Amavuriro y!igenga",0,2,,,,11.4382214285714
59,57,2,2,2,1,10,16,"Aho abantu babonera Internet",0,0,,,,11.4382214285714
59,57,2,2,2,1,10,15,"Ibiro by!iposita",0,0,,,,11.4382214285714
59,57,2,2,2,1,10,1,"Ibigo by!amashuri y!incuke",3,,2018,3,,11.4382214285714
60,58,2,2,2,1,10,12,"Amashami ya Banki",0,15,,,,15.5927013157895
60,58,2,2,2,1,10,7,"Amavuriro ya Leta/Ikigo nderabuzima",0,15,,,,15.5927013157895
60,58,2,2,2,1,10,16,"Aho abantu babonera Internet",0,0,,,,15.5927013157895
60,58,2,2,2,1,10,19,"Insyo/amabarizo/aho bakora amavuta ateka",1,,2022,1,1,15.5927013157895
60,58,2,2,2,1,10,5,"Aho bategera Bus",0,0,,,,15.5927013157895
60,58,2,2,2,1,10,22,"Kiliziya/Umusigiti/Urusengero",0,3,,,,15.5927013157895
60,58,2,2,2,1,10,1,"Ibigo by!amashuri y!incuke",1,,2021,3,,15.5927013157895
60,58,2,2,2,1,10,20,"Aho basharija/bakora telefoni",0,0,,,,15.5927013157895
60,58,2,2,2,1,10,6,"Amavuriro y!igenga",0,0,,,,15.5927013157895
60,58,2,2,2,1,10,10,"Amasoko",0,3,,,,15.5927013157895
60,58,2,2,2,1,10,9,"Ibitaro",0,3,,,,15.5927013157895
60,58,2,2,2,1,10,3,"Ibigo by!amashuri yisumbuye",0,3,,,,15.5927013157895
60,58,2,2,2,1,10,23,"Ibiro by!ibigo bya Leta bitanga amashanyarazi",0,0,,,,15.5927013157895
60,58,2,2,2,1,10,17,"Imiryango itari ibigo by!imari itari iya leta",0,0,,,,15.5927013157895
60,58,2,2,2,1,10,13,"Ibigo by!imari iciriritse",0,15,,,,15.5927013157895
60,58,2,2,2,1,10,8,"Poste de sante cg Farumasi",0,2,,,,15.5927013157895
60,58,2,2,2,1,10,18,"Aho bajya inama bakanatanga serivisi z!ubuhinzi",0,0,,,,15.5927013157895
60,58,2,2,2,1,10,21,"Ipompo izamura amazi ikoresha amashanyarazi",0,0,,,,15.5927013157895
60,58,2,2,2,1,10,4,"Ikigo cy!amashuri y!imyuga  (TVET)",0,20,,,,15.5927013157895
60,58,2,2,2,1,10,2,"Ibigo by!amashuri yibanza",0,2,,,,15.5927013157895
60,58,2,2,2,1,10,15,"Ibiro by!iposita",0,0,,,,15.5927013157895
60,58,2,2,2,1,10,14,"Poste ya polisi",0,15,,,,15.5927013157895
60,58,2,2,2,1,10,11,"Amakusanyirizo y!amata",0,0,,,,15.5927013157895
61,59,2,2,2,1,10,11,"Amakusanyirizo y!amata",0,20,,,,10.5182256410256
61,59,2,2,2,1,10,7,"Amavuriro ya Leta/Ikigo nderabuzima",0,6,,,,10.5182256410256
61,59,2,2,2,1,10,18,"Aho bajya inama bakanatanga serivisi z!ubuhinzi",0,0,,,,10.5182256410256
61,59,2,2,2,1,10,14,"Poste ya polisi",0,20,,,,10.5182256410256
61,59,2,2,2,1,10,1,"Ibigo by!amashuri y!incuke",1,,2020,3,,10.5182256410256
61,59,2,2,2,1,10,5,"Aho bategera Bus",0,20,,,,10.5182256410256
61,59,2,2,2,1,10,8,"Poste de sante cg Farumasi",0,1,,,,10.5182256410256
61,59,2,2,2,1,10,22,"Kiliziya/Umusigiti/Urusengero",0,10,,,,10.5182256410256
61,59,2,2,2,1,10,16,"Aho abantu babonera Internet",0,20,,,,10.5182256410256
61,59,2,2,2,1,10,9,"Ibitaro",0,20,,,,10.5182256410256
61,59,2,2,2,1,10,23,"Ibiro by!ibigo bya Leta bitanga amashanyarazi",0,20,,,,10.5182256410256
61,59,2,2,2,1,10,4,"Ikigo cy!amashuri y!imyuga  (TVET)",0,20,,,,10.5182256410256
61,59,2,2,2,1,10,13,"Ibigo by!imari iciriritse",0,20,,,,10.5182256410256
61,59,2,2,2,1,10,19,"Insyo/amabarizo/aho bakora amavuta ateka",0,1,,,,10.5182256410256
61,59,2,2,2,1,10,17,"Imiryango itari ibigo by!imari itari iya leta",0,0,,,,10.5182256410256
61,59,2,2,2,1,10,6,"Amavuriro y!igenga",0,20,,,,10.5182256410256
61,59,2,2,2,1,10,3,"Ibigo by!amashuri yisumbuye",0,15,,,,10.5182256410256
61,59,2,2,2,1,10,21,"Ipompo izamura amazi ikoresha amashanyarazi",0,0,,,,10.5182256410256
61,59,2,2,2,1,10,15,"Ibiro by!iposita",0,0,,,,10.5182256410256
61,59,2,2,2,1,10,2,"Ibigo by!amashuri yibanza",0,1,,,,10.5182256410256
61,59,2,2,2,1,10,20,"Aho basharija/bakora telefoni",1,,2016,2,1,10.5182256410256
61,59,2,2,2,1,10,10,"Amasoko",0,20,,,,10.5182256410256
61,59,2,2,2,1,10,12,"Amashami ya Banki",0,20,,,,10.5182256410256
62,60,2,2,2,1,10,4,"Ikigo cy!amashuri y!imyuga  (TVET)",0,20,,,,9.59673777777778
62,60,2,2,2,1,10,8,"Poste de sante cg Farumasi",0,15,,,,9.59673777777778
62,60,2,2,2,1,10,23,"Ibiro by!ibigo bya Leta bitanga amashanyarazi",0,15,,,,9.59673777777778
62,60,2,2,2,1,10,20,"Aho basharija/bakora telefoni",0,15,,,,9.59673777777778
62,60,2,2,2,1,10,14,"Poste ya polisi",0,20,,,,9.59673777777778
62,60,2,2,2,1,10,7,"Amavuriro ya Leta/Ikigo nderabuzima",0,15,,,,9.59673777777778
62,60,2,2,2,1,10,11,"Amakusanyirizo y!amata",0,0,,,,9.59673777777778
62,60,2,2,2,1,10,9,"Ibitaro",0,30,,,,9.59673777777778
62,60,2,2,2,1,10,21,"Ipompo izamura amazi ikoresha amashanyarazi",0,0,,,,9.59673777777778
62,60,2,2,2,1,10,1,"Ibigo by!amashuri y!incuke",0,1,,,,9.59673777777778
62,60,2,2,2,1,10,2,"Ibigo by!amashuri yibanza",0,1,,,,9.59673777777778
62,60,2,2,2,1,10,3,"Ibigo by!amashuri yisumbuye",0,1,,,,9.59673777777778
62,60,2,2,2,1,10,18,"Aho bajya inama bakanatanga serivisi z!ubuhinzi",0,0,,,,9.59673777777778
62,60,2,2,2,1,10,17,"Imiryango itari ibigo by!imari itari iya leta",0,0,,,,9.59673777777778
62,60,2,2,2,1,10,22,"Kiliziya/Umusigiti/Urusengero",0,20,,,,9.59673777777778
62,60,2,2,2,1,10,19,"Insyo/amabarizo/aho bakora amavuta ateka",0,15,,,,9.59673777777778
62,60,2,2,2,1,10,16,"Aho abantu babonera Internet",0,0,,,,9.59673777777778
62,60,2,2,2,1,10,15,"Ibiro by!iposita",0,0,,,,9.59673777777778
62,60,2,2,2,1,10,10,"Amasoko",0,20,,,,9.59673777777778
62,60,2,2,2,1,10,6,"Amavuriro y!igenga",0,0,,,,9.59673777777778
62,60,2,2,2,1,10,13,"Ibigo by!imari iciriritse",0,15,,,,9.59673777777778
62,60,2,2,2,1,10,5,"Aho bategera Bus",0,30,,,,9.59673777777778
62,60,2,2,2,1,10,12,"Amashami ya Banki",0,15,,,,9.59673777777778
63,61,2,2,2,1,10,16,"Aho abantu babonera Internet",0,0,,,,5.68636416666667
63,61,2,2,2,1,10,7,"Amavuriro ya Leta/Ikigo nderabuzima",0,10,,,,5.68636416666667
63,61,2,2,2,1,10,14,"Poste ya polisi",0,4,,,,5.68636416666667
63,61,2,2,2,1,10,21,"Ipompo izamura amazi ikoresha amashanyarazi",0,0,,,,5.68636416666667
63,61,2,2,2,1,10,2,"Ibigo by!amashuri yibanza",0,3,,,,5.68636416666667
63,61,2,2,2,1,10,22,"Kiliziya/Umusigiti/Urusengero",1,,2015,1,1,5.68636416666667
63,61,2,2,2,1,10,1,"Ibigo by!amashuri y!incuke",0,3,,,,5.68636416666667
63,61,2,2,2,1,10,23,"Ibiro by!ibigo bya Leta bitanga amashanyarazi",0,0,,,,5.68636416666667
63,61,2,2,2,1,10,5,"Aho bategera Bus",0,0,,,,5.68636416666667
63,61,2,2,2,1,10,12,"Amashami ya Banki",0,5,,,,5.68636416666667
63,61,2,2,2,1,10,18,"Aho bajya inama bakanatanga serivisi z!ubuhinzi",0,0,,,,5.68636416666667
63,61,2,2,2,1,10,19,"Insyo/amabarizo/aho bakora amavuta ateka",0,3,,,,5.68636416666667
63,61,2,2,2,1,10,10,"Amasoko",0,5,,,,5.68636416666667
63,61,2,2,2,1,10,15,"Ibiro by!iposita",0,0,,,,5.68636416666667
63,61,2,2,2,1,10,3,"Ibigo by!amashuri yisumbuye",0,3,,,,5.68636416666667
63,61,2,2,2,1,10,6,"Amavuriro y!igenga",0,0,,,,5.68636416666667
63,61,2,2,2,1,10,9,"Ibitaro",0,11,,,,5.68636416666667
63,61,2,2,2,1,10,8,"Poste de sante cg Farumasi",0,8,,,,5.68636416666667
63,61,2,2,2,1,10,11,"Amakusanyirizo y!amata",0,16,,,,5.68636416666667
63,61,2,2,2,1,10,4,"Ikigo cy!amashuri y!imyuga  (TVET)",0,3,,,,5.68636416666667
63,61,2,2,2,1,10,13,"Ibigo by!imari iciriritse",0,5,,,,5.68636416666667
63,61,2,2,2,1,10,20,"Aho basharija/bakora telefoni",0,2,,,,5.68636416666667
63,61,2,2,2,1,10,17,"Imiryango itari ibigo by!imari itari iya leta",0,0,,,,5.68636416666667
64,62,2,2,2,1,10,2,"Ibigo by!amashuri yibanza",0,1,,,,7.20332459016393
64,62,2,2,2,1,10,14,"Poste ya polisi",0,20,,,,7.20332459016393
64,62,2,2,2,1,10,22,"Kiliziya/Umusigiti/Urusengero",0,5,,,,7.20332459016393
64,62,2,2,2,1,10,5,"Aho bategera Bus",0,0,,,,7.20332459016393
64,62,2,2,2,1,10,3,"Ibigo by!amashuri yisumbuye",0,20,,,,7.20332459016393
64,62,2,2,2,1,10,16,"Aho abantu babonera Internet",0,0,,,,7.20332459016393
64,62,2,2,2,1,10,10,"Amasoko",0,30,,,,7.20332459016393
64,62,2,2,2,1,10,23,"Ibiro by!ibigo bya Leta bitanga amashanyarazi",0,0,,,,7.20332459016393
64,62,2,2,2,1,10,12,"Amashami ya Banki",0,15,,,,7.20332459016393
64,62,2,2,2,1,10,13,"Ibigo by!imari iciriritse",0,15,,,,7.20332459016393
64,62,2,2,2,1,10,8,"Poste de sante cg Farumasi",0,1,,,,7.20332459016393
64,62,2,2,2,1,10,15,"Ibiro by!iposita",0,0,,,,7.20332459016393
64,62,2,2,2,1,10,7,"Amavuriro ya Leta/Ikigo nderabuzima",0,20,,,,7.20332459016393
64,62,2,2,2,1,10,19,"Insyo/amabarizo/aho bakora amavuta ateka",1,,2022,1,1,7.20332459016393
64,62,2,2,2,1,10,1,"Ibigo by!amashuri y!incuke",0,1,,,,7.20332459016393
64,62,2,2,2,1,10,9,"Ibitaro",0,30,,,,7.20332459016393
64,62,2,2,2,1,10,17,"Imiryango itari ibigo by!imari itari iya leta",0,0,,,,7.20332459016393
64,62,2,2,2,1,10,4,"Ikigo cy!amashuri y!imyuga  (TVET)",0,20,,,,7.20332459016393
64,62,2,2,2,1,10,18,"Aho bajya inama bakanatanga serivisi z!ubuhinzi",0,0,,,,7.20332459016393
64,62,2,2,2,1,10,20,"Aho basharija/bakora telefoni",0,0,,,,7.20332459016393
64,62,2,2,2,1,10,11,"Amakusanyirizo y!amata",0,0,,,,7.20332459016393
64,62,2,2,2,1,10,21,"Ipompo izamura amazi ikoresha amashanyarazi",0,0,,,,7.20332459016393
64,62,2,2,2,1,10,6,"Amavuriro y!igenga",0,0,,,,7.20332459016393
65,63,2,2,2,1,10,18,"Aho bajya inama bakanatanga serivisi z!ubuhinzi",0,0,,,,10.1865876923077
65,63,2,2,2,1,10,16,"Aho abantu babonera Internet",0,0,,,,10.1865876923077
65,63,2,2,2,1,10,11,"Amakusanyirizo y!amata",0,0,,,,10.1865876923077
65,63,2,2,2,1,10,20,"Aho basharija/bakora telefoni",0,1,,,,10.1865876923077
65,63,2,2,2,1,10,13,"Ibigo by!imari iciriritse",0,6,,,,10.1865876923077
65,63,2,2,2,1,10,8,"Poste de sante cg Farumasi",0,8,,,,10.1865876923077
65,63,2,2,2,1,10,14,"Poste ya polisi",0,9,,,,10.1865876923077
65,63,2,2,2,1,10,21,"Ipompo izamura amazi ikoresha amashanyarazi",0,0,,,,10.1865876923077
65,63,2,2,2,1,10,9,"Ibitaro",0,20,,,,10.1865876923077
65,63,2,2,2,1,10,10,"Amasoko",0,6,,,,10.1865876923077
65,63,2,2,2,1,10,17,"Imiryango itari ibigo by!imari itari iya leta",0,0,,,,10.1865876923077
65,63,2,2,2,1,10,23,"Ibiro by!ibigo bya Leta bitanga amashanyarazi",0,0,,,,10.1865876923077
65,63,2,2,2,1,10,1,"Ibigo by!amashuri y!incuke",0,1,,,,10.1865876923077
65,63,2,2,2,1,10,12,"Amashami ya Banki",0,6,,,,10.1865876923077
65,63,2,2,2,1,10,7,"Amavuriro ya Leta/Ikigo nderabuzima",0,8,,,,10.1865876923077
65,63,2,2,2,1,10,5,"Aho bategera Bus",0,0,,,,10.1865876923077
65,63,2,2,2,1,10,19,"Insyo/amabarizo/aho bakora amavuta ateka",0,2,,,,10.1865876923077
65,63,2,2,2,1,10,2,"Ibigo by!amashuri yibanza",0,1,,,,10.1865876923077
65,63,2,2,2,1,10,15,"Ibiro by!iposita",0,0,,,,10.1865876923077
65,63,2,2,2,1,10,22,"Kiliziya/Umusigiti/Urusengero",0,1,,,,10.1865876923077
65,63,2,2,2,1,10,4,"Ikigo cy!amashuri y!imyuga  (TVET)",0,8,,,,10.1865876923077
65,63,2,2,2,1,10,6,"Amavuriro y!igenga",0,8,,,,10.1865876923077
65,63,2,2,2,1,10,3,"Ibigo by!amashuri yisumbuye",0,1,,,,10.1865876923077
66,64,2,2,2,1,10,1,"Ibigo by!amashuri y!incuke",0,1,,,,4.40477818181818
66,64,2,2,2,1,10,18,"Aho bajya inama bakanatanga serivisi z!ubuhinzi",0,0,,,,4.40477818181818
66,64,2,2,2,1,10,22,"Kiliziya/Umusigiti/Urusengero",0,1,,,,4.40477818181818
66,64,2,2,2,1,10,20,"Aho basharija/bakora telefoni",0,0,,,,4.40477818181818
66,64,2,2,2,1,10,6,"Amavuriro y!igenga",0,1,,,,4.40477818181818
66,64,2,2,2,1,10,12,"Amashami ya Banki",0,1,,,,4.40477818181818
66,64,2,2,2,1,10,23,"Ibiro by!ibigo bya Leta bitanga amashanyarazi",0,1,,,,4.40477818181818
66,64,2,2,2,1,10,17,"Imiryango itari ibigo by!imari itari iya leta",0,0,,,,4.40477818181818
66,64,2,2,2,1,10,7,"Amavuriro ya Leta/Ikigo nderabuzima",0,1,,,,4.40477818181818
66,64,2,2,2,1,10,3,"Ibigo by!amashuri yisumbuye",0,1,,,,4.40477818181818
66,64,2,2,2,1,10,15,"Ibiro by!iposita",0,0,,,,4.40477818181818
66,64,2,2,2,1,10,5,"Aho bategera Bus",0,0,,,,4.40477818181818
66,64,2,2,2,1,10,21,"Ipompo izamura amazi ikoresha amashanyarazi",0,0,,,,4.40477818181818
66,64,2,2,2,1,10,14,"Poste ya polisi",0,1,,,,4.40477818181818
66,64,2,2,2,1,10,16,"Aho abantu babonera Internet",0,0,,,,4.40477818181818
66,64,2,2,2,1,10,2,"Ibigo by!amashuri yibanza",0,1,,,,4.40477818181818
66,64,2,2,2,1,10,8,"Poste de sante cg Farumasi",0,1,,,,4.40477818181818
66,64,2,2,2,1,10,9,"Ibitaro",0,1,,,,4.40477818181818
66,64,2,2,2,1,10,11,"Amakusanyirizo y!amata",0,0,,,,4.40477818181818
66,64,2,2,2,1,10,19,"Insyo/amabarizo/aho bakora amavuta ateka",0,0,,,,4.40477818181818
66,64,2,2,2,1,10,13,"Ibigo by!imari iciriritse",0,1,,,,4.40477818181818
66,64,2,2,2,1,10,10,"Amasoko",0,0,,,,4.40477818181818
66,64,2,2,2,1,10,4,"Ikigo cy!amashuri y!imyuga  (TVET)",0,1,,,,4.40477818181818
67,65,2,2,2,1,10,6,"Amavuriro y!igenga",0,0,,,,6.27120765957447
67,65,2,2,2,1,10,17,"Imiryango itari ibigo by!imari itari iya leta",0,0,,,,6.27120765957447
67,65,2,2,2,1,10,9,"Ibitaro",0,15,,,,6.27120765957447
67,65,2,2,2,1,10,15,"Ibiro by!iposita",0,0,,,,6.27120765957447
67,65,2,2,2,1,10,16,"Aho abantu babonera Internet",0,0,,,,6.27120765957447
67,65,2,2,2,1,10,23,"Ibiro by!ibigo bya Leta bitanga amashanyarazi",0,15,,,,6.27120765957447
67,65,2,2,2,1,10,21,"Ipompo izamura amazi ikoresha amashanyarazi",0,0,,,,6.27120765957447
67,65,2,2,2,1,10,18,"Aho bajya inama bakanatanga serivisi z!ubuhinzi",0,0,,,,6.27120765957447
67,65,2,2,2,1,10,11,"Amakusanyirizo y!amata",0,0,,,,6.27120765957447
67,65,2,2,2,1,10,8,"Poste de sante cg Farumasi",1,,2018,1,1,6.27120765957447
67,65,2,2,2,1,10,22,"Kiliziya/Umusigiti/Urusengero",1,,888,1,1,6.27120765957447
67,65,2,2,2,1,10,1,"Ibigo by!amashuri y!incuke",1,,2021,3,,6.27120765957447
67,65,2,2,2,1,10,19,"Insyo/amabarizo/aho bakora amavuta ateka",0,1,,,,6.27120765957447
67,65,2,2,2,1,10,12,"Amashami ya Banki",0,15,,,,6.27120765957447
67,65,2,2,2,1,10,14,"Poste ya polisi",0,15,,,,6.27120765957447
67,65,2,2,2,1,10,10,"Amasoko",0,15,,,,6.27120765957447
67,65,2,2,2,1,10,4,"Ikigo cy!amashuri y!imyuga  (TVET)",0,15,,,,6.27120765957447
67,65,2,2,2,1,10,3,"Ibigo by!amashuri yisumbuye",0,15,,,,6.27120765957447
67,65,2,2,2,1,10,7,"Amavuriro ya Leta/Ikigo nderabuzima",0,15,,,,6.27120765957447
67,65,2,2,2,1,10,5,"Aho bategera Bus",0,0,,,,6.27120765957447
67,65,2,2,2,1,10,13,"Ibigo by!imari iciriritse",0,15,,,,6.27120765957447
67,65,2,2,2,1,10,2,"Ibigo by!amashuri yibanza",1,,2021,3,,6.27120765957447
67,65,2,2,2,1,10,20,"Aho basharija/bakora telefoni",0,0,,,,6.27120765957447
68,66,2,2,2,1,10,2,"Ibigo by!amashuri yibanza",0,2,,,,138.488
68,66,2,2,2,1,10,5,"Aho bategera Bus",0,2,,,,138.488
68,66,2,2,2,1,10,7,"Amavuriro ya Leta/Ikigo nderabuzima",0,2,,,,138.488
68,66,2,2,2,1,10,4,"Ikigo cy!amashuri y!imyuga  (TVET)",0,3,,,,138.488
68,66,2,2,2,1,10,3,"Ibigo by!amashuri yisumbuye",0,3,,,,138.488
68,66,2,2,2,1,10,17,"Imiryango itari ibigo by!imari itari iya leta",0,0,,,,138.488
68,66,2,2,2,1,10,16,"Aho abantu babonera Internet",0,0,,,,138.488
68,66,2,2,2,1,10,13,"Ibigo by!imari iciriritse",0,2,,,,138.488
68,66,2,2,2,1,10,9,"Ibitaro",0,20,,,,138.488
68,66,2,2,2,1,10,8,"Poste de sante cg Farumasi",0,0,,,,138.488
68,66,2,2,2,1,10,12,"Amashami ya Banki",0,2,,,,138.488
68,66,2,2,2,1,10,19,"Insyo/amabarizo/aho bakora amavuta ateka",2,,2019,1,1,138.488
68,66,2,2,2,1,10,23,"Ibiro by!ibigo bya Leta bitanga amashanyarazi",0,2,,,,138.488
68,66,2,2,2,1,10,22,"Kiliziya/Umusigiti/Urusengero",0,1,,,,138.488
68,66,2,2,2,1,10,10,"Amasoko",0,3,,,,138.488
68,66,2,2,2,1,10,20,"Aho basharija/bakora telefoni",0,2,,,,138.488
68,66,2,2,2,1,10,18,"Aho bajya inama bakanatanga serivisi z!ubuhinzi",0,0,,,,138.488
68,66,2,2,2,1,10,21,"Ipompo izamura amazi ikoresha amashanyarazi",0,0,,,,138.488
68,66,2,2,2,1,10,14,"Poste ya polisi",0,2,,,,138.488
68,66,2,2,2,1,10,6,"Amavuriro y!igenga",0,0,,,,138.488
68,66,2,2,2,1,10,15,"Ibiro by!iposita",0,0,,,,138.488
68,66,2,2,2,1,10,1,"Ibigo by!amashuri y!incuke",0,3,,,,138.488
68,66,2,2,2,1,10,11,"Amakusanyirizo y!amata",0,0,,,,138.488
69,67,2,2,2,1,10,10,"Amasoko",0,2,,,,6.55938214285714
69,67,2,2,2,1,10,15,"Ibiro by!iposita",0,0,,,,6.55938214285714
69,67,2,2,2,1,10,12,"Amashami ya Banki",0,6,,,,6.55938214285714
69,67,2,2,2,1,10,7,"Amavuriro ya Leta/Ikigo nderabuzima",0,6,,,,6.55938214285714
69,67,2,2,2,1,10,19,"Insyo/amabarizo/aho bakora amavuta ateka",0,0,,,,6.55938214285714
69,67,2,2,2,1,10,23,"Ibiro by!ibigo bya Leta bitanga amashanyarazi",0,6,,,,6.55938214285714
69,67,2,2,2,1,10,22,"Kiliziya/Umusigiti/Urusengero",1,,888,1,1,6.55938214285714
69,67,2,2,2,1,10,18,"Aho bajya inama bakanatanga serivisi z!ubuhinzi",0,0,,,,6.55938214285714
69,67,2,2,2,1,10,4,"Ikigo cy!amashuri y!imyuga  (TVET)",0,2,,,,6.55938214285714
69,67,2,2,2,1,10,3,"Ibigo by!amashuri yisumbuye",0,1,,,,6.55938214285714
69,67,2,2,2,1,10,9,"Ibitaro",0,6,,,,6.55938214285714
69,67,2,2,2,1,10,16,"Aho abantu babonera Internet",0,0,,,,6.55938214285714
69,67,2,2,2,1,10,11,"Amakusanyirizo y!amata",0,0,,,,6.55938214285714
69,67,2,2,2,1,10,20,"Aho basharija/bakora telefoni",0,0,,,,6.55938214285714
69,67,2,2,2,1,10,5,"Aho bategera Bus",0,0,,,,6.55938214285714
69,67,2,2,2,1,10,14,"Poste ya polisi",0,6,,,,6.55938214285714
69,67,2,2,2,1,10,21,"Ipompo izamura amazi ikoresha amashanyarazi",0,0,,,,6.55938214285714
69,67,2,2,2,1,10,6,"Amavuriro y!igenga",0,0,,,,6.55938214285714
69,67,2,2,2,1,10,17,"Imiryango itari ibigo by!imari itari iya leta",0,0,,,,6.55938214285714
69,67,2,2,2,1,10,13,"Ibigo by!imari iciriritse",0,0,,,,6.55938214285714
69,67,2,2,2,1,10,2,"Ibigo by!amashuri yibanza",0,1,,,,6.55938214285714
69,67,2,2,2,1,10,1,"Ibigo by!amashuri y!incuke",1,,2021,3,,6.55938214285714
69,67,2,2,2,1,10,8,"Poste de sante cg Farumasi",0,1,,,,6.55938214285714
70,68,2,2,2,1,10,4,"Ikigo cy!amashuri y!imyuga  (TVET)",0,3,,,,5.97752774193548
70,68,2,2,2,1,10,12,"Amashami ya Banki",0,7,,,,5.97752774193548
70,68,2,2,2,1,10,1,"Ibigo by!amashuri y!incuke",1,,2010,1,1,5.97752774193548
70,68,2,2,2,1,10,2,"Ibigo by!amashuri yibanza",1,,888,1,1,5.97752774193548
70,68,2,2,2,1,10,9,"Ibitaro",0,20,,,,5.97752774193548
70,68,2,2,2,1,10,3,"Ibigo by!amashuri yisumbuye",1,,2021,1,1,5.97752774193548
70,68,2,2,2,1,10,21,"Ipompo izamura amazi ikoresha amashanyarazi",0,0,,,,5.97752774193548
70,68,2,2,2,1,10,18,"Aho bajya inama bakanatanga serivisi z!ubuhinzi",0,0,,,,5.97752774193548
70,68,2,2,2,1,10,17,"Imiryango itari ibigo by!imari itari iya leta",0,7,,,,5.97752774193548
70,68,2,2,2,1,10,23,"Ibiro by!ibigo bya Leta bitanga amashanyarazi",0,0,,,,5.97752774193548
70,68,2,2,2,1,10,15,"Ibiro by!iposita",0,0,,,,5.97752774193548
70,68,2,2,2,1,10,10,"Amasoko",0,7,,,,5.97752774193548
70,68,2,2,2,1,10,16,"Aho abantu babonera Internet",0,0,,,,5.97752774193548
70,68,2,2,2,1,10,8,"Poste de sante cg Farumasi",0,7,,,,5.97752774193548
70,68,2,2,2,1,10,19,"Insyo/amabarizo/aho bakora amavuta ateka",0,3,,,,5.97752774193548
70,68,2,2,2,1,10,20,"Aho basharija/bakora telefoni",0,0,,,,5.97752774193548
70,68,2,2,2,1,10,11,"Amakusanyirizo y!amata",0,7,,,,5.97752774193548
70,68,2,2,2,1,10,13,"Ibigo by!imari iciriritse",0,7,,,,5.97752774193548
70,68,2,2,2,1,10,14,"Poste ya polisi",0,7,,,,5.97752774193548
70,68,2,2,2,1,10,6,"Amavuriro y!igenga",0,0,,,,5.97752774193548
70,68,2,2,2,1,10,5,"Aho bategera Bus",0,0,,,,5.97752774193548
70,68,2,2,2,1,10,22,"Kiliziya/Umusigiti/Urusengero",0,3,,,,5.97752774193548
70,68,2,2,2,1,10,7,"Amavuriro ya Leta/Ikigo nderabuzima",0,7,,,,5.97752774193548
71,69,2,2,2,1,10,12,"Amashami ya Banki",0,1,,,,111.031052054795
71,69,2,2,2,1,10,1,"Ibigo by!amashuri y!incuke",0,2,,,,111.031052054795
71,69,2,2,2,1,10,11,"Amakusanyirizo y!amata",1,,2021,1,1,111.031052054795
71,69,2,2,2,1,10,5,"Aho bategera Bus",0,5,,,,111.031052054795
71,69,2,2,2,1,10,2,"Ibigo by!amashuri yibanza",0,1,,,,111.031052054795
71,69,2,2,2,1,10,7,"Amavuriro ya Leta/Ikigo nderabuzima",0,2,,,,111.031052054795
71,69,2,2,2,1,10,8,"Poste de sante cg Farumasi",0,2,,,,111.031052054795
71,69,2,2,2,1,10,21,"Ipompo izamura amazi ikoresha amashanyarazi",0,0,,,,111.031052054795
71,69,2,2,2,1,10,17,"Imiryango itari ibigo by!imari itari iya leta",0,0,,,,111.031052054795
71,69,2,2,2,1,10,22,"Kiliziya/Umusigiti/Urusengero",0,1,,,,111.031052054795
71,69,2,2,2,1,10,13,"Ibigo by!imari iciriritse",0,1,,,,111.031052054795
71,69,2,2,2,1,10,15,"Ibiro by!iposita",0,3,,,,111.031052054795
71,69,2,2,2,1,10,23,"Ibiro by!ibigo bya Leta bitanga amashanyarazi",0,0,,,,111.031052054795
71,69,2,2,2,1,10,9,"Ibitaro",0,3,,,,111.031052054795
71,69,2,2,2,1,10,4,"Ikigo cy!amashuri y!imyuga  (TVET)",0,3,,,,111.031052054795
71,69,2,2,2,1,10,6,"Amavuriro y!igenga",0,3,,,,111.031052054795
71,69,2,2,2,1,10,16,"Aho abantu babonera Internet",0,0,,,,111.031052054795
71,69,2,2,2,1,10,20,"Aho basharija/bakora telefoni",0,1,,,,111.031052054795
71,69,2,2,2,1,10,19,"Insyo/amabarizo/aho bakora amavuta ateka",0,1,,,,111.031052054795
71,69,2,2,2,1,10,3,"Ibigo by!amashuri yisumbuye",0,2,,,,111.031052054795
71,69,2,2,2,1,10,10,"Amasoko",0,1,,,,111.031052054795
71,69,2,2,2,1,10,18,"Aho bajya inama bakanatanga serivisi z!ubuhinzi",0,0,,,,111.031052054795
71,69,2,2,2,1,10,14,"Poste ya polisi",0,2,,,,111.031052054795
79,70,2,3,1,1,1,17,"Imiryango itari ibigo by!imari itari iya leta",0,1,,,,13.34441
79,70,2,3,1,1,1,20,"Aho basharija/bakora telefoni",0,0,,,,13.34441
79,70,2,3,1,1,1,16,"Aho abantu babonera Internet",0,4,,,,13.34441
79,70,2,3,1,1,1,23,"Ibiro by!ibigo bya Leta bitanga amashanyarazi",0,1,,,,13.34441
79,70,2,3,1,1,1,11,"Amakusanyirizo y!amata",0,4,,,,13.34441
79,70,2,3,1,1,1,14,"Poste ya polisi",1,,2018,1,1,13.34441
79,70,2,3,1,1,1,21,"Ipompo izamura amazi ikoresha amashanyarazi",0,0,,,,13.34441
79,70,2,3,1,1,1,2,"Ibigo by!amashuri yibanza",1,,2013,1,1,13.34441
79,70,2,3,1,1,1,6,"Amavuriro y!igenga",0,35,,,,13.34441
79,70,2,3,1,1,1,13,"Ibigo by!imari iciriritse",0,1,,,,13.34441
79,70,2,3,1,1,1,9,"Ibitaro",0,14,,,,13.34441
79,70,2,3,1,1,1,3,"Ibigo by!amashuri yisumbuye",4,,888,1,1,13.34441
79,70,2,3,1,1,1,15,"Ibiro by!iposita",0,35,,,,13.34441
79,70,2,3,1,1,1,5,"Aho bategera Bus",1,,2020,1,1,13.34441
79,70,2,3,1,1,1,12,"Amashami ya Banki",0,1,,,,13.34441
79,70,2,3,1,1,1,19,"Insyo/amabarizo/aho bakora amavuta ateka",0,1,,,,13.34441
79,70,2,3,1,1,1,1,"Ibigo by!amashuri y!incuke",1,,2008,1,1,13.34441
79,70,2,3,1,1,1,18,"Aho bajya inama bakanatanga serivisi z!ubuhinzi",1,,2020,1,1,13.34441
79,70,2,3,1,1,1,10,"Amasoko",1,,2020,1,1,13.34441
79,70,2,3,1,1,1,22,"Kiliziya/Umusigiti/Urusengero",1,,1943,1,1,13.34441
79,70,2,3,1,1,1,7,"Amavuriro ya Leta/Ikigo nderabuzima",1,,888,1,1,13.34441
79,70,2,3,1,1,1,4,"Ikigo cy!amashuri y!imyuga  (TVET)",1,,2016,1,1,13.34441
79,70,2,3,1,1,1,8,"Poste de sante cg Farumasi",0,3,,,,13.34441
80,71,2,3,2,1,2,3,"Ibigo by!amashuri yisumbuye",0,9,,,,104.835668449198
80,71,2,3,2,1,2,4,"Ikigo cy!amashuri y!imyuga  (TVET)",0,3,,,,104.835668449198
80,71,2,3,2,1,2,1,"Ibigo by!amashuri y!incuke",1,,2010,1,1,104.835668449198
80,71,2,3,2,1,2,5,"Aho bategera Bus",0,10,,,,104.835668449198
80,71,2,3,2,1,2,10,"Amasoko",0,5,,,,104.835668449198
80,71,2,3,2,1,2,7,"Amavuriro ya Leta/Ikigo nderabuzima",0,5,,,,104.835668449198
80,71,2,3,2,1,2,2,"Ibigo by!amashuri yibanza",1,,2010,1,1,104.835668449198
80,71,2,3,2,1,2,15,"Ibiro by!iposita",0,0,,,,104.835668449198
80,71,2,3,2,1,2,9,"Ibitaro",0,16,,,,104.835668449198
80,71,2,3,2,1,2,12,"Amashami ya Banki",0,15,,,,104.835668449198
80,71,2,3,2,1,2,19,"Insyo/amabarizo/aho bakora amavuta ateka",0,15,,,,104.835668449198
80,71,2,3,2,1,2,14,"Poste ya polisi",0,6,,,,104.835668449198
80,71,2,3,2,1,2,23,"Ibiro by!ibigo bya Leta bitanga amashanyarazi",0,16,,,,104.835668449198
80,71,2,3,2,1,2,16,"Aho abantu babonera Internet",0,2,,,,104.835668449198
80,71,2,3,2,1,2,6,"Amavuriro y!igenga",0,20,,,,104.835668449198
80,71,2,3,2,1,2,20,"Aho basharija/bakora telefoni",0,16,,,,104.835668449198
80,71,2,3,2,1,2,8,"Poste de sante cg Farumasi",0,15,,,,104.835668449198
80,71,2,3,2,1,2,22,"Kiliziya/Umusigiti/Urusengero",3,,888,2,1,104.835668449198
80,71,2,3,2,1,2,17,"Imiryango itari ibigo by!imari itari iya leta",0,7,,,,104.835668449198
80,71,2,3,2,1,2,13,"Ibigo by!imari iciriritse",0,15,,,,104.835668449198
80,71,2,3,2,1,2,11,"Amakusanyirizo y!amata",0,0,,,,104.835668449198
80,71,2,3,2,1,2,21,"Ipompo izamura amazi ikoresha amashanyarazi",0,0,,,,104.835668449198
80,71,2,3,2,1,2,18,"Aho bajya inama bakanatanga serivisi z!ubuhinzi",0,3,,,,104.835668449198
81,72,2,3,2,1,1,7,"Amavuriro ya Leta/Ikigo nderabuzima",1,,2010,1,1,112.872822222222
81,72,2,3,2,1,1,5,"Aho bategera Bus",1,,2018,1,1,112.872822222222
81,72,2,3,2,1,1,12,"Amashami ya Banki",0,15,,,,112.872822222222
81,72,2,3,2,1,1,9,"Ibitaro",0,8,,,,112.872822222222
81,72,2,3,2,1,1,14,"Poste ya polisi",0,20,,,,112.872822222222
81,72,2,3,2,1,1,19,"Insyo/amabarizo/aho bakora amavuta ateka",0,4,,,,112.872822222222
81,72,2,3,2,1,1,23,"Ibiro by!ibigo bya Leta bitanga amashanyarazi",0,35,,,,112.872822222222
81,72,2,3,2,1,1,10,"Amasoko",0,20,,,,112.872822222222
81,72,2,3,2,1,1,3,"Ibigo by!amashuri yisumbuye",1,,1998,1,1,112.872822222222
81,72,2,3,2,1,1,1,"Ibigo by!amashuri y!incuke",1,,888,2,1,112.872822222222
81,72,2,3,2,1,1,4,"Ikigo cy!amashuri y!imyuga  (TVET)",0,4,,,,112.872822222222
81,72,2,3,2,1,1,8,"Poste de sante cg Farumasi",0,4,,,,112.872822222222
81,72,2,3,2,1,1,21,"Ipompo izamura amazi ikoresha amashanyarazi",0,30,,,,112.872822222222
81,72,2,3,2,1,1,16,"Aho abantu babonera Internet",0,35,,,,112.872822222222
81,72,2,3,2,1,1,2,"Ibigo by!amashuri yibanza",1,,1987,1,1,112.872822222222
81,72,2,3,2,1,1,11,"Amakusanyirizo y!amata",1,,2017,1,1,112.872822222222
81,72,2,3,2,1,1,20,"Aho basharija/bakora telefoni",1,,888,1,1,112.872822222222
81,72,2,3,2,1,1,18,"Aho bajya inama bakanatanga serivisi z!ubuhinzi",0,20,,,,112.872822222222
81,72,2,3,2,1,1,17,"Imiryango itari ibigo by!imari itari iya leta",0,35,,,,112.872822222222
81,72,2,3,2,1,1,22,"Kiliziya/Umusigiti/Urusengero",1,,2000,1,1,112.872822222222
81,72,2,3,2,1,1,13,"Ibigo by!imari iciriritse",1,,2010,1,1,112.872822222222
81,72,2,3,2,1,1,6,"Amavuriro y!igenga",0,8,,,,112.872822222222
81,72,2,3,2,1,1,15,"Ibiro by!iposita",0,35,,,,112.872822222222
82,73,2,3,2,1,1,11,"Amakusanyirizo y!amata",0,0,,,,198.80024
82,73,2,3,2,1,1,15,"Ibiro by!iposita",0,0,,,,198.80024
82,73,2,3,2,1,1,13,"Ibigo by!imari iciriritse",0,9,,,,198.80024
82,73,2,3,2,1,1,23,"Ibiro by!ibigo bya Leta bitanga amashanyarazi",0,4,,,,198.80024
82,73,2,3,2,1,1,9,"Ibitaro",0,9,,,,198.80024
82,73,2,3,2,1,1,16,"Aho abantu babonera Internet",0,9,,,,198.80024
82,73,2,3,2,1,1,4,"Ikigo cy!amashuri y!imyuga  (TVET)",0,5,,,,198.80024
82,73,2,3,2,1,1,18,"Aho bajya inama bakanatanga serivisi z!ubuhinzi",0,3,,,,198.80024
82,73,2,3,2,1,1,10,"Amasoko",0,4,,,,198.80024
82,73,2,3,2,1,1,17,"Imiryango itari ibigo by!imari itari iya leta",1,,888,1,1,198.80024
82,73,2,3,2,1,1,6,"Amavuriro y!igenga",0,15,,,,198.80024
82,73,2,3,2,1,1,14,"Poste ya polisi",0,4,,,,198.80024
82,73,2,3,2,1,1,1,"Ibigo by!amashuri y!incuke",1,,2020,1,1,198.80024
82,73,2,3,2,1,1,2,"Ibigo by!amashuri yibanza",1,,888,1,1,198.80024
82,73,2,3,2,1,1,20,"Aho basharija/bakora telefoni",0,9,,,,198.80024
82,73,2,3,2,1,1,3,"Ibigo by!amashuri yisumbuye",0,3,,,,198.80024
82,73,2,3,2,1,1,5,"Aho bategera Bus",0,8,,,,198.80024
82,73,2,3,2,1,1,21,"Ipompo izamura amazi ikoresha amashanyarazi",0,9,,,,198.80024
82,73,2,3,2,1,1,12,"Amashami ya Banki",0,8,,,,198.80024
82,73,2,3,2,1,1,19,"Insyo/amabarizo/aho bakora amavuta ateka",0,8,,,,198.80024
82,73,2,3,2,1,1,22,"Kiliziya/Umusigiti/Urusengero",0,3,,,,198.80024
82,73,2,3,2,1,1,8,"Poste de sante cg Farumasi",0,0,,,,198.80024
82,73,2,3,2,1,1,7,"Amavuriro ya Leta/Ikigo nderabuzima",0,5,,,,198.80024
83,74,2,4,2,1,1,5,"Aho bategera Bus",0,15,,,,283.146722891566
83,74,2,4,2,1,1,20,"Aho basharija/bakora telefoni",0,12,,,,283.146722891566
83,74,2,4,2,1,1,16,"Aho abantu babonera Internet",0,5,,,,283.146722891566
83,74,2,4,2,1,1,12,"Amashami ya Banki",0,3,,,,283.146722891566
83,74,2,4,2,1,1,6,"Amavuriro y!igenga",0,20,,,,283.146722891566
83,74,2,4,2,1,1,11,"Amakusanyirizo y!amata",0,20,,,,283.146722891566
83,74,2,4,2,1,1,10,"Amasoko",0,15,,,,283.146722891566
83,74,2,4,2,1,1,23,"Ibiro by!ibigo bya Leta bitanga amashanyarazi",0,20,,,,283.146722891566
83,74,2,4,2,1,1,4,"Ikigo cy!amashuri y!imyuga  (TVET)",0,10,,,,283.146722891566
83,74,2,4,2,1,1,3,"Ibigo by!amashuri yisumbuye",0,10,,,,283.146722891566
83,74,2,4,2,1,1,1,"Ibigo by!amashuri y!incuke",0,3,,,,283.146722891566
83,74,2,4,2,1,1,17,"Imiryango itari ibigo by!imari itari iya leta",0,20,,,,283.146722891566
83,74,2,4,2,1,1,18,"Aho bajya inama bakanatanga serivisi z!ubuhinzi",0,20,,,,283.146722891566
83,74,2,4,2,1,1,19,"Insyo/amabarizo/aho bakora amavuta ateka",0,20,,,,283.146722891566
83,74,2,4,2,1,1,22,"Kiliziya/Umusigiti/Urusengero",0,1,,,,283.146722891566
83,74,2,4,2,1,1,21,"Ipompo izamura amazi ikoresha amashanyarazi",0,20,,,,283.146722891566
83,74,2,4,2,1,1,9,"Ibitaro",0,20,,,,283.146722891566
83,74,2,4,2,1,1,7,"Amavuriro ya Leta/Ikigo nderabuzima",0,3,,,,283.146722891566
83,74,2,4,2,1,1,2,"Ibigo by!amashuri yibanza",0,3,,,,283.146722891566
83,74,2,4,2,1,1,13,"Ibigo by!imari iciriritse",0,12,,,,283.146722891566
83,74,2,4,2,1,1,15,"Ibiro by!iposita",0,20,,,,283.146722891566
83,74,2,4,2,1,1,8,"Poste de sante cg Farumasi",0,5,,,,283.146722891566
83,74,2,4,2,1,1,14,"Poste ya polisi",0,12,,,,283.146722891566
84,75,2,4,2,1,1,3,"Ibigo by!amashuri yisumbuye",0,4,,,,72.2506289308176
84,75,2,4,2,1,1,15,"Ibiro by!iposita",0,7,,,,72.2506289308176
84,75,2,4,2,1,1,22,"Kiliziya/Umusigiti/Urusengero",2,,1996,1,1,72.2506289308176
84,75,2,4,2,1,1,13,"Ibigo by!imari iciriritse",0,5,,,,72.2506289308176
84,75,2,4,2,1,1,7,"Amavuriro ya Leta/Ikigo nderabuzima",0,5,,,,72.2506289308176
84,75,2,4,2,1,1,6,"Amavuriro y!igenga",0,3,,,,72.2506289308176
84,75,2,4,2,1,1,10,"Amasoko",0,5,,,,72.2506289308176
84,75,2,4,2,1,1,16,"Aho abantu babonera Internet",0,5,,,,72.2506289308176
84,75,2,4,2,1,1,11,"Amakusanyirizo y!amata",0,3,,,,72.2506289308176
84,75,2,4,2,1,1,1,"Ibigo by!amashuri y!incuke",0,3,,,,72.2506289308176
84,75,2,4,2,1,1,2,"Ibigo by!amashuri yibanza",0,4,,,,72.2506289308176
84,75,2,4,2,1,1,14,"Poste ya polisi",0,5,,,,72.2506289308176
84,75,2,4,2,1,1,20,"Aho basharija/bakora telefoni",2,,2012,1,1,72.2506289308176
84,75,2,4,2,1,1,9,"Ibitaro",0,7,,,,72.2506289308176
84,75,2,4,2,1,1,18,"Aho bajya inama bakanatanga serivisi z!ubuhinzi",1,,2012,3,,72.2506289308176
84,75,2,4,2,1,1,4,"Ikigo cy!amashuri y!imyuga  (TVET)",0,4,,,,72.2506289308176
84,75,2,4,2,1,1,8,"Poste de sante cg Farumasi",0,5,,,,72.2506289308176
84,75,2,4,2,1,1,17,"Imiryango itari ibigo by!imari itari iya leta",0,7,,,,72.2506289308176
84,75,2,4,2,1,1,21,"Ipompo izamura amazi ikoresha amashanyarazi",0,7,,,,72.2506289308176
84,75,2,4,2,1,1,23,"Ibiro by!ibigo bya Leta bitanga amashanyarazi",0,6,,,,72.2506289308176
84,75,2,4,2,1,1,12,"Amashami ya Banki",0,5,,,,72.2506289308176
84,75,2,4,2,1,1,5,"Aho bategera Bus",0,1,,,,72.2506289308176
84,75,2,4,2,1,1,19,"Insyo/amabarizo/aho bakora amavuta ateka",0,7,,,,72.2506289308176
85,76,2,4,1,1,1,13,"Ibigo by!imari iciriritse",0,2,,,,18.0142465909091
85,76,2,4,1,1,1,4,"Ikigo cy!amashuri y!imyuga  (TVET)",1,,888,1,1,18.0142465909091
85,76,2,4,1,1,1,7,"Amavuriro ya Leta/Ikigo nderabuzima",0,2,,,,18.0142465909091
85,76,2,4,1,1,1,8,"Poste de sante cg Farumasi",0,2,,,,18.0142465909091
85,76,2,4,1,1,1,11,"Amakusanyirizo y!amata",0,1,,,,18.0142465909091
85,76,2,4,1,1,1,17,"Imiryango itari ibigo by!imari itari iya leta",0,3,,,,18.0142465909091
85,76,2,4,1,1,1,18,"Aho bajya inama bakanatanga serivisi z!ubuhinzi",0,5,,,,18.0142465909091
85,76,2,4,1,1,1,2,"Ibigo by!amashuri yibanza",1,,2012,1,1,18.0142465909091
85,76,2,4,1,1,1,23,"Ibiro by!ibigo bya Leta bitanga amashanyarazi",0,3,,,,18.0142465909091
85,76,2,4,1,1,1,10,"Amasoko",0,3,,,,18.0142465909091
85,76,2,4,1,1,1,14,"Poste ya polisi",1,,888,1,1,18.0142465909091
85,76,2,4,1,1,1,16,"Aho abantu babonera Internet",0,3,,,,18.0142465909091
85,76,2,4,1,1,1,20,"Aho basharija/bakora telefoni",0,1,,,,18.0142465909091
85,76,2,4,1,1,1,3,"Ibigo by!amashuri yisumbuye",1,,888,1,1,18.0142465909091
85,76,2,4,1,1,1,12,"Amashami ya Banki",0,1,,,,18.0142465909091
85,76,2,4,1,1,1,9,"Ibitaro",0,5,,,,18.0142465909091
85,76,2,4,1,1,1,5,"Aho bategera Bus",0,2,,,,18.0142465909091
85,76,2,4,1,1,1,21,"Ipompo izamura amazi ikoresha amashanyarazi",0,3,,,,18.0142465909091
85,76,2,4,1,1,1,15,"Ibiro by!iposita",0,3,,,,18.0142465909091
85,76,2,4,1,1,1,6,"Amavuriro y!igenga",1,,888,1,1,18.0142465909091
85,76,2,4,1,1,1,1,"Ibigo by!amashuri y!incuke",1,,2015,1,1,18.0142465909091
85,76,2,4,1,1,1,19,"Insyo/amabarizo/aho bakora amavuta ateka",0,2,,,,18.0142465909091
85,76,2,4,1,1,1,22,"Kiliziya/Umusigiti/Urusengero",2,,888,1,1,18.0142465909091
86,77,2,4,1,1,1,1,"Ibigo by!amashuri y!incuke",0,1,,,,18.0087829787234
86,77,2,4,1,1,1,14,"Poste ya polisi",0,1,,,,18.0087829787234
86,77,2,4,1,1,1,7,"Amavuriro ya Leta/Ikigo nderabuzima",0,2,,,,18.0087829787234
86,77,2,4,1,1,1,5,"Aho bategera Bus",0,2,,,,18.0087829787234
86,77,2,4,1,1,1,18,"Aho bajya inama bakanatanga serivisi z!ubuhinzi",0,6,,,,18.0087829787234
86,77,2,4,1,1,1,19,"Insyo/amabarizo/aho bakora amavuta ateka",0,5,,,,18.0087829787234
86,77,2,4,1,1,1,9,"Ibitaro",0,6,,,,18.0087829787234
86,77,2,4,1,1,1,21,"Ipompo izamura amazi ikoresha amashanyarazi",0,0,,,,18.0087829787234
86,77,2,4,1,1,1,10,"Amasoko",0,4,,,,18.0087829787234
86,77,2,4,1,1,1,15,"Ibiro by!iposita",0,5,,,,18.0087829787234
86,77,2,4,1,1,1,13,"Ibigo by!imari iciriritse",0,6,,,,18.0087829787234
86,77,2,4,1,1,1,6,"Amavuriro y!igenga",0,2,,,,18.0087829787234
86,77,2,4,1,1,1,17,"Imiryango itari ibigo by!imari itari iya leta",0,5,,,,18.0087829787234
86,77,2,4,1,1,1,16,"Aho abantu babonera Internet",0,2,,,,18.0087829787234
86,77,2,4,1,1,1,23,"Ibiro by!ibigo bya Leta bitanga amashanyarazi",0,6,,,,18.0087829787234
86,77,2,4,1,1,1,3,"Ibigo by!amashuri yisumbuye",0,2,,,,18.0087829787234
86,77,2,4,1,1,1,2,"Ibigo by!amashuri yibanza",0,1,,,,18.0087829787234
86,77,2,4,1,1,1,12,"Amashami ya Banki",0,2,,,,18.0087829787234
86,77,2,4,1,1,1,8,"Poste de sante cg Farumasi",0,3,,,,18.0087829787234
86,77,2,4,1,1,1,22,"Kiliziya/Umusigiti/Urusengero",1,,888,1,1,18.0087829787234
86,77,2,4,1,1,1,11,"Amakusanyirizo y!amata",0,1,,,,18.0087829787234
86,77,2,4,1,1,1,4,"Ikigo cy!amashuri y!imyuga  (TVET)",0,2,,,,18.0087829787234
86,77,2,4,1,1,1,20,"Aho basharija/bakora telefoni",1,,888,1,1,18.0087829787234
87,78,2,4,2,1,1,21,"Ipompo izamura amazi ikoresha amashanyarazi",0,20,,,,102.260069686411
87,78,2,4,2,1,1,11,"Amakusanyirizo y!amata",0,2,,,,102.260069686411
87,78,2,4,2,1,1,6,"Amavuriro y!igenga",0,8,,,,102.260069686411
87,78,2,4,2,1,1,7,"Amavuriro ya Leta/Ikigo nderabuzima",0,2,,,,102.260069686411
87,78,2,4,2,1,1,20,"Aho basharija/bakora telefoni",0,3,,,,102.260069686411
87,78,2,4,2,1,1,18,"Aho bajya inama bakanatanga serivisi z!ubuhinzi",0,20,,,,102.260069686411
87,78,2,4,2,1,1,5,"Aho bategera Bus",0,5,,,,102.260069686411
87,78,2,4,2,1,1,16,"Aho abantu babonera Internet",0,2,,,,102.260069686411
87,78,2,4,2,1,1,3,"Ibigo by!amashuri yisumbuye",0,2,,,,102.260069686411
87,78,2,4,2,1,1,22,"Kiliziya/Umusigiti/Urusengero",2,,2014,3,,102.260069686411
87,78,2,4,2,1,1,15,"Ibiro by!iposita",0,20,,,,102.260069686411
87,78,2,4,2,1,1,10,"Amasoko",0,2,,,,102.260069686411
87,78,2,4,2,1,1,4,"Ikigo cy!amashuri y!imyuga  (TVET)",0,7,,,,102.260069686411
87,78,2,4,2,1,1,1,"Ibigo by!amashuri y!incuke",1,,888,2,1,102.260069686411
87,78,2,4,2,1,1,19,"Insyo/amabarizo/aho bakora amavuta ateka",0,3,,,,102.260069686411
87,78,2,4,2,1,1,17,"Imiryango itari ibigo by!imari itari iya leta",0,10,,,,102.260069686411
87,78,2,4,2,1,1,13,"Ibigo by!imari iciriritse",0,2,,,,102.260069686411
87,78,2,4,2,1,1,23,"Ibiro by!ibigo bya Leta bitanga amashanyarazi",0,20,,,,102.260069686411
87,78,2,4,2,1,1,9,"Ibitaro",0,20,,,,102.260069686411
87,78,2,4,2,1,1,8,"Poste de sante cg Farumasi",1,,2020,2,1,102.260069686411
87,78,2,4,2,1,1,14,"Poste ya polisi",0,2,,,,102.260069686411
87,78,2,4,2,1,1,12,"Amashami ya Banki",0,2,,,,102.260069686411
87,78,2,4,2,1,1,2,"Ibigo by!amashuri yibanza",1,,888,2,1,102.260069686411
88,79,2,4,1,1,1,9,"Ibitaro",0,3,,,,12.1381444776119
88,79,2,4,1,1,1,6,"Amavuriro y!igenga",0,3,,,,12.1381444776119
88,79,2,4,1,1,1,4,"Ikigo cy!amashuri y!imyuga  (TVET)",0,1,,,,12.1381444776119
88,79,2,4,1,1,1,12,"Amashami ya Banki",3,,2012,1,1,12.1381444776119
88,79,2,4,1,1,1,22,"Kiliziya/Umusigiti/Urusengero",3,,888,1,1,12.1381444776119
88,79,2,4,1,1,1,1,"Ibigo by!amashuri y!incuke",1,,888,1,1,12.1381444776119
88,79,2,4,1,1,1,21,"Ipompo izamura amazi ikoresha amashanyarazi",0,5,,,,12.1381444776119
88,79,2,4,1,1,1,16,"Aho abantu babonera Internet",0,3,,,,12.1381444776119
88,79,2,4,1,1,1,10,"Amasoko",1,,888,2,1,12.1381444776119
88,79,2,4,1,1,1,11,"Amakusanyirizo y!amata",2,,2015,1,1,12.1381444776119
88,79,2,4,1,1,1,14,"Poste ya polisi",0,4,,,,12.1381444776119
88,79,2,4,1,1,1,20,"Aho basharija/bakora telefoni",4,,2000,1,1,12.1381444776119
88,79,2,4,1,1,1,8,"Poste de sante cg Farumasi",1,,888,1,1,12.1381444776119
88,79,2,4,1,1,1,23,"Ibiro by!ibigo bya Leta bitanga amashanyarazi",0,5,,,,12.1381444776119
88,79,2,4,1,1,1,2,"Ibigo by!amashuri yibanza",0,1,,,,12.1381444776119
88,79,2,4,1,1,1,5,"Aho bategera Bus",1,,888,1,1,12.1381444776119
88,79,2,4,1,1,1,3,"Ibigo by!amashuri yisumbuye",0,1,,,,12.1381444776119
88,79,2,4,1,1,1,13,"Ibigo by!imari iciriritse",0,3,,,,12.1381444776119
88,79,2,4,1,1,1,15,"Ibiro by!iposita",0,3,,,,12.1381444776119
88,79,2,4,1,1,1,18,"Aho bajya inama bakanatanga serivisi z!ubuhinzi",0,5,,,,12.1381444776119
88,79,2,4,1,1,1,7,"Amavuriro ya Leta/Ikigo nderabuzima",0,3,,,,12.1381444776119
88,79,2,4,1,1,1,19,"Insyo/amabarizo/aho bakora amavuta ateka",2,,888,1,1,12.1381444776119
88,79,2,4,1,1,1,17,"Imiryango itari ibigo by!imari itari iya leta",0,5,,,,12.1381444776119
89,80,2,4,1,1,1,20,"Aho basharija/bakora telefoni",0,1,,,,15.4509974137931
89,80,2,4,1,1,1,5,"Aho bategera Bus",0,2,,,,15.4509974137931
89,80,2,4,1,1,1,22,"Kiliziya/Umusigiti/Urusengero",0,1,,,,15.4509974137931
89,80,2,4,1,1,1,21,"Ipompo izamura amazi ikoresha amashanyarazi",0,7,,,,15.4509974137931
89,80,2,4,1,1,1,10,"Amasoko",0,2,,,,15.4509974137931
89,80,2,4,1,1,1,17,"Imiryango itari ibigo by!imari itari iya leta",0,7,,,,15.4509974137931
89,80,2,4,1,1,1,12,"Amashami ya Banki",0,2,,,,15.4509974137931
89,80,2,4,1,1,1,9,"Ibitaro",0,5,,,,15.4509974137931
89,80,2,4,1,1,1,23,"Ibiro by!ibigo bya Leta bitanga amashanyarazi",0,7,,,,15.4509974137931
89,80,2,4,1,1,1,19,"Insyo/amabarizo/aho bakora amavuta ateka",0,5,,,,15.4509974137931
89,80,2,4,1,1,1,14,"Poste ya polisi",0,5,,,,15.4509974137931
89,80,2,4,1,1,1,6,"Amavuriro y!igenga",0,7,,,,15.4509974137931
89,80,2,4,1,1,1,18,"Aho bajya inama bakanatanga serivisi z!ubuhinzi",0,7,,,,15.4509974137931
89,80,2,4,1,1,1,15,"Ibiro by!iposita",0,7,,,,15.4509974137931
89,80,2,4,1,1,1,13,"Ibigo by!imari iciriritse",0,2,,,,15.4509974137931
89,80,2,4,1,1,1,2,"Ibigo by!amashuri yibanza",0,2,,,,15.4509974137931
89,80,2,4,1,1,1,11,"Amakusanyirizo y!amata",0,2,,,,15.4509974137931
89,80,2,4,1,1,1,8,"Poste de sante cg Farumasi",0,5,,,,15.4509974137931
89,80,2,4,1,1,1,1,"Ibigo by!amashuri y!incuke",1,,2014,3,,15.4509974137931
89,80,2,4,1,1,1,4,"Ikigo cy!amashuri y!imyuga  (TVET)",0,2,,,,15.4509974137931
89,80,2,4,1,1,1,16,"Aho abantu babonera Internet",0,5,,,,15.4509974137931
89,80,2,4,1,1,1,3,"Ibigo by!amashuri yisumbuye",0,3,,,,15.4509974137931
89,80,2,4,1,1,1,7,"Amavuriro ya Leta/Ikigo nderabuzima",0,2,,,,15.4509974137931
90,81,2,5,2,1,1,14,"Poste ya polisi",0,5,,,,124.678725925926
90,81,2,5,2,1,1,22,"Kiliziya/Umusigiti/Urusengero",1,,2011,1,1,124.678725925926
90,81,2,5,2,1,1,18,"Aho bajya inama bakanatanga serivisi z!ubuhinzi",7,,888,3,,124.678725925926
90,81,2,5,2,1,1,2,"Ibigo by!amashuri yibanza",0,2,,,,124.678725925926
90,81,2,5,2,1,1,8,"Poste de sante cg Farumasi",1,,2021,1,1,124.678725925926
90,81,2,5,2,1,1,17,"Imiryango itari ibigo by!imari itari iya leta",0,55,,,,124.678725925926
90,81,2,5,2,1,1,3,"Ibigo by!amashuri yisumbuye",0,2,,,,124.678725925926
90,81,2,5,2,1,1,13,"Ibigo by!imari iciriritse",0,5,,,,124.678725925926
90,81,2,5,2,1,1,19,"Insyo/amabarizo/aho bakora amavuta ateka",0,50,,,,124.678725925926
90,81,2,5,2,1,1,4,"Ikigo cy!amashuri y!imyuga  (TVET)",0,2,,,,124.678725925926
90,81,2,5,2,1,1,5,"Aho bategera Bus",1,,2020,3,,124.678725925926
90,81,2,5,2,1,1,1,"Ibigo by!amashuri y!incuke",1,,2018,3,,124.678725925926
90,81,2,5,2,1,1,10,"Amasoko",0,7,,,,124.678725925926
90,81,2,5,2,1,1,9,"Ibitaro",0,50,,,,124.678725925926
90,81,2,5,2,1,1,7,"Amavuriro ya Leta/Ikigo nderabuzima",0,2,,,,124.678725925926
90,81,2,5,2,1,1,6,"Amavuriro y!igenga",0,55,,,,124.678725925926
90,81,2,5,2,1,1,20,"Aho basharija/bakora telefoni",5,,2012,1,1,124.678725925926
90,81,2,5,2,1,1,21,"Ipompo izamura amazi ikoresha amashanyarazi",0,50,,,,124.678725925926
90,81,2,5,2,1,1,12,"Amashami ya Banki",0,5,,,,124.678725925926
90,81,2,5,2,1,1,16,"Aho abantu babonera Internet",0,5,,,,124.678725925926
90,81,2,5,2,1,1,15,"Ibiro by!iposita",0,55,,,,124.678725925926
90,81,2,5,2,1,1,11,"Amakusanyirizo y!amata",0,50,,,,124.678725925926
90,81,2,5,2,1,1,23,"Ibiro by!ibigo bya Leta bitanga amashanyarazi",0,55,,,,124.678725925926
91,82,2,5,2,1,1,7,"Government clinic/Public Health Center",2,,888,1,1,5.83359555555556
91,82,2,5,2,1,1,18,"Agriculture extension office",0,5,,,,5.83359555555556
91,82,2,5,2,1,1,8,"Dispensary or pharmacy",0,12,,,,5.83359555555556
91,82,2,5,2,1,1,6,"Private clinic",0,12,,,,5.83359555555556
91,82,2,5,2,1,1,13,"Microfinance Institutions (MFIs)",0,4,,,,5.83359555555556
91,82,2,5,2,1,1,17,"Non-MFI NGOs",0,12,,,,5.83359555555556
91,82,2,5,2,1,1,14,"Police station",1,,2012,1,1,5.83359555555556
91,82,2,5,2,1,1,21,"Electric Water pump",0,12,,,,5.83359555555556
91,82,2,5,2,1,1,12,"Bank branch",1,,2019,1,1,5.83359555555556
91,82,2,5,2,1,1,10,"Market",0,12,,,,5.83359555555556
91,82,2,5,2,1,1,5,"Bus stop",1,,888,1,1,5.83359555555556
91,82,2,5,2,1,1,15,"Post office",0,12,,,,5.83359555555556
91,82,2,5,2,1,1,19,"Grain/saw/oil mill",1,,2012,1,1,5.83359555555556
91,82,2,5,2,1,1,11,"Milk collection center",0,13,,,,5.83359555555556
91,82,2,5,2,1,1,2,"Primary school",1,,1950,2,1,5.83359555555556
91,82,2,5,2,1,1,4,"TVET (technical vocational training institution)",0,1,,,,5.83359555555556
91,82,2,5,2,1,1,3,"Secondary school/high school",1,,2013,2,1,5.83359555555556
91,82,2,5,2,1,1,16,"Internet caf!",1,,888,1,1,5.83359555555556
91,82,2,5,2,1,1,1,"Pre-primary school / Kindergarten",1,,2008,2,1,5.83359555555556
91,82,2,5,2,1,1,20,"Mobile phone charging/repairing service",3,,2019,1,1,5.83359555555556
91,82,2,5,2,1,1,23,"National Electricity Utility Office",0,12,,,,5.83359555555556
91,82,2,5,2,1,1,9,"Hospital",1,,888,1,1,5.83359555555556
91,82,2,5,2,1,1,22,"Temple/Monastery/Church/Mosque",5,,888,1,1,5.83359555555556
92,83,2,5,1,1,1,11,"Amakusanyirizo y!amata",0,2,,,,6.58144009096816
92,83,2,5,1,1,1,16,"Aho abantu babonera Internet",2,,2008,1,1,6.58144009096816
92,83,2,5,1,1,1,9,"Ibitaro",0,3,,,,6.58144009096816
92,83,2,5,1,1,1,5,"Aho bategera Bus",3,,888,1,1,6.58144009096816
92,83,2,5,1,1,1,21,"Ipompo izamura amazi ikoresha amashanyarazi",0,88,,,,6.58144009096816
92,83,2,5,1,1,1,22,"Kiliziya/Umusigiti/Urusengero",4,,888,1,1,6.58144009096816
92,83,2,5,1,1,1,2,"Ibigo by!amashuri yibanza",0,1,,,,6.58144009096816
92,83,2,5,1,1,1,6,"Amavuriro y!igenga",1,,2022,1,1,6.58144009096816
92,83,2,5,1,1,1,17,"Imiryango itari ibigo by!imari itari iya leta",0,88,,,,6.58144009096816
92,83,2,5,1,1,1,1,"Ibigo by!amashuri y!incuke",2,,2014,1,1,6.58144009096816
92,83,2,5,1,1,1,23,"Ibiro by!ibigo bya Leta bitanga amashanyarazi",1,,888,1,1,6.58144009096816
92,83,2,5,1,1,1,14,"Poste ya polisi",0,1,,,,6.58144009096816
92,83,2,5,1,1,1,20,"Aho basharija/bakora telefoni",1,,2010,1,1,6.58144009096816
92,83,2,5,1,1,1,7,"Amavuriro ya Leta/Ikigo nderabuzima",0,2,,,,6.58144009096816
92,83,2,5,1,1,1,19,"Insyo/amabarizo/aho bakora amavuta ateka",0,5,,,,6.58144009096816
92,83,2,5,1,1,1,8,"Poste de sante cg Farumasi",1,,888,1,1,6.58144009096816
92,83,2,5,1,1,1,15,"Ibiro by!iposita",0,1,,,,6.58144009096816
92,83,2,5,1,1,1,10,"Amasoko",1,,888,1,1,6.58144009096816
92,83,2,5,1,1,1,18,"Aho bajya inama bakanatanga serivisi z!ubuhinzi",0,1,,,,6.58144009096816
92,83,2,5,1,1,1,13,"Ibigo by!imari iciriritse",1,,888,1,1,6.58144009096816
92,83,2,5,1,1,1,4,"Ikigo cy!amashuri y!imyuga  (TVET)",0,2,,,,6.58144009096816
92,83,2,5,1,1,1,3,"Ibigo by!amashuri yisumbuye",0,1,,,,6.58144009096816
92,83,2,5,1,1,1,12,"Amashami ya Banki",3,,888,1,1,6.58144009096816
93,84,2,5,2,1,1,14,"Poste ya polisi",0,3,,,,6.03000852631579
93,84,2,5,2,1,1,6,"Amavuriro y!igenga",0,3,,,,6.03000852631579
93,84,2,5,2,1,1,1,"Ibigo by!amashuri y!incuke",0,3,,,,6.03000852631579
93,84,2,5,2,1,1,13,"Ibigo by!imari iciriritse",0,3,,,,6.03000852631579
93,84,2,5,2,1,1,21,"Ipompo izamura amazi ikoresha amashanyarazi",0,88,,,,6.03000852631579
93,84,2,5,2,1,1,8,"Poste de sante cg Farumasi",0,2,,,,6.03000852631579
93,84,2,5,2,1,1,20,"Aho basharija/bakora telefoni",0,3,,,,6.03000852631579
93,84,2,5,2,1,1,22,"Kiliziya/Umusigiti/Urusengero",1,,888,1,1,6.03000852631579
93,84,2,5,2,1,1,7,"Amavuriro ya Leta/Ikigo nderabuzima",0,2,,,,6.03000852631579
93,84,2,5,2,1,1,12,"Amashami ya Banki",0,3,,,,6.03000852631579
93,84,2,5,2,1,1,10,"Amasoko",0,3,,,,6.03000852631579
93,84,2,5,2,1,1,15,"Ibiro by!iposita",0,3,,,,6.03000852631579
93,84,2,5,2,1,1,19,"Insyo/amabarizo/aho bakora amavuta ateka",2,,2015,1,1,6.03000852631579
93,84,2,5,2,1,1,3,"Ibigo by!amashuri yisumbuye",0,3,,,,6.03000852631579
93,84,2,5,2,1,1,9,"Ibitaro",0,2,,,,6.03000852631579
93,84,2,5,2,1,1,4,"Ikigo cy!amashuri y!imyuga  (TVET)",0,3,,,,6.03000852631579
93,84,2,5,2,1,1,5,"Aho bategera Bus",1,,888,1,1,6.03000852631579
93,84,2,5,2,1,1,11,"Amakusanyirizo y!amata",0,88,,,,6.03000852631579
93,84,2,5,2,1,1,23,"Ibiro by!ibigo bya Leta bitanga amashanyarazi",0,3,,,,6.03000852631579
93,84,2,5,2,1,1,17,"Imiryango itari ibigo by!imari itari iya leta",0,3,,,,6.03000852631579
93,84,2,5,2,1,1,16,"Aho abantu babonera Internet",0,3,,,,6.03000852631579
93,84,2,5,2,1,1,2,"Ibigo by!amashuri yibanza",0,3,,,,6.03000852631579
93,84,2,5,2,1,1,18,"Aho bajya inama bakanatanga serivisi z!ubuhinzi",0,3,,,,6.03000852631579
94,85,2,5,2,1,1,5,"Aho bategera Bus",0,4,,,,5.1029127090301
94,85,2,5,2,1,1,13,"Ibigo by!imari iciriritse",0,4,,,,5.1029127090301
94,85,2,5,2,1,1,1,"Ibigo by!amashuri y!incuke",1,,2019,3,,5.1029127090301
94,85,2,5,2,1,1,14,"Poste ya polisi",0,4,,,,5.1029127090301
94,85,2,5,2,1,1,3,"Ibigo by!amashuri yisumbuye",1,,2020,3,,5.1029127090301
94,85,2,5,2,1,1,23,"Ibiro by!ibigo bya Leta bitanga amashanyarazi",0,4,,,,5.1029127090301
94,85,2,5,2,1,1,11,"Amakusanyirizo y!amata",0,4,,,,5.1029127090301
94,85,2,5,2,1,1,7,"Amavuriro ya Leta/Ikigo nderabuzima",0,4,,,,5.1029127090301
94,85,2,5,2,1,1,10,"Amasoko",0,4,,,,5.1029127090301
94,85,2,5,2,1,1,20,"Aho basharija/bakora telefoni",0,1,,,,5.1029127090301
94,85,2,5,2,1,1,15,"Ibiro by!iposita",0,4,,,,5.1029127090301
94,85,2,5,2,1,1,2,"Ibigo by!amashuri yibanza",1,,888,3,,5.1029127090301
94,85,2,5,2,1,1,22,"Kiliziya/Umusigiti/Urusengero",0,88,,,,5.1029127090301
94,85,2,5,2,1,1,8,"Poste de sante cg Farumasi",0,4,,,,5.1029127090301
94,85,2,5,2,1,1,18,"Aho bajya inama bakanatanga serivisi z!ubuhinzi",0,4,,,,5.1029127090301
94,85,2,5,2,1,1,17,"Imiryango itari ibigo by!imari itari iya leta",0,4,,,,5.1029127090301
94,85,2,5,2,1,1,21,"Ipompo izamura amazi ikoresha amashanyarazi",0,4,,,,5.1029127090301
94,85,2,5,2,1,1,19,"Insyo/amabarizo/aho bakora amavuta ateka",0,2,,,,5.1029127090301
94,85,2,5,2,1,1,4,"Ikigo cy!amashuri y!imyuga  (TVET)",0,4,,,,5.1029127090301
94,85,2,5,2,1,1,12,"Amashami ya Banki",0,4,,,,5.1029127090301
94,85,2,5,2,1,1,16,"Aho abantu babonera Internet",0,4,,,,5.1029127090301
94,85,2,5,2,1,1,9,"Ibitaro",0,4,,,,5.1029127090301
94,85,2,5,2,1,1,6,"Amavuriro y!igenga",0,4,,,,5.1029127090301
95,86,2,5,2,1,1,14,"Poste ya polisi",0,8,,,,8.59660148148148
95,86,2,5,2,1,1,3,"Ibigo by!amashuri yisumbuye",0,8,,,,8.59660148148148
95,86,2,5,2,1,1,12,"Amashami ya Banki",0,8,,,,8.59660148148148
95,86,2,5,2,1,1,5,"Aho bategera Bus",0,8,,,,8.59660148148148
95,86,2,5,2,1,1,10,"Amasoko",0,8,,,,8.59660148148148
95,86,2,5,2,1,1,18,"Aho bajya inama bakanatanga serivisi z!ubuhinzi",0,8,,,,8.59660148148148
95,86,2,5,2,1,1,23,"Ibiro by!ibigo bya Leta bitanga amashanyarazi",0,8,,,,8.59660148148148
95,86,2,5,2,1,1,1,"Ibigo by!amashuri y!incuke",1,,2020,1,1,8.59660148148148
95,86,2,5,2,1,1,13,"Ibigo by!imari iciriritse",0,8,,,,8.59660148148148
95,86,2,5,2,1,1,9,"Ibitaro",0,8,,,,8.59660148148148
95,86,2,5,2,1,1,17,"Imiryango itari ibigo by!imari itari iya leta",0,8,,,,8.59660148148148
95,86,2,5,2,1,1,15,"Ibiro by!iposita",0,8,,,,8.59660148148148
95,86,2,5,2,1,1,7,"Amavuriro ya Leta/Ikigo nderabuzima",0,8,,,,8.59660148148148
95,86,2,5,2,1,1,4,"Ikigo cy!amashuri y!imyuga  (TVET)",0,8,,,,8.59660148148148
95,86,2,5,2,1,1,21,"Ipompo izamura amazi ikoresha amashanyarazi",0,88,,,,8.59660148148148
95,86,2,5,2,1,1,6,"Amavuriro y!igenga",0,8,,,,8.59660148148148
95,86,2,5,2,1,1,2,"Ibigo by!amashuri yibanza",1,,2018,1,1,8.59660148148148
95,86,2,5,2,1,1,16,"Aho abantu babonera Internet",0,8,,,,8.59660148148148
95,86,2,5,2,1,1,8,"Poste de sante cg Farumasi",1,,2022,1,1,8.59660148148148
95,86,2,5,2,1,1,20,"Aho basharija/bakora telefoni",1,,2017,1,1,8.59660148148148
95,86,2,5,2,1,1,11,"Amakusanyirizo y!amata",0,8,,,,8.59660148148148
95,86,2,5,2,1,1,19,"Insyo/amabarizo/aho bakora amavuta ateka",0,8,,,,8.59660148148148
95,86,2,5,2,1,1,22,"Kiliziya/Umusigiti/Urusengero",2,,888,1,1,8.59660148148148
96,87,2,5,2,1,1,22,"Kiliziya/Umusigiti/Urusengero",2,,2014,1,1,5.64209608695652
96,87,2,5,2,1,1,2,"Ibigo by!amashuri yibanza",0,2,,,,5.64209608695652
96,87,2,5,2,1,1,1,"Ibigo by!amashuri y!incuke",0,2,,,,5.64209608695652
96,87,2,5,2,1,1,16,"Aho abantu babonera Internet",0,5,,,,5.64209608695652
96,87,2,5,2,1,1,5,"Aho bategera Bus",0,5,,,,5.64209608695652
96,87,2,5,2,1,1,12,"Amashami ya Banki",0,5,,,,5.64209608695652
96,87,2,5,2,1,1,15,"Ibiro by!iposita",0,5,,,,5.64209608695652
96,87,2,5,2,1,1,13,"Ibigo by!imari iciriritse",1,,2015,1,1,5.64209608695652
96,87,2,5,2,1,1,17,"Imiryango itari ibigo by!imari itari iya leta",0,5,,,,5.64209608695652
96,87,2,5,2,1,1,9,"Ibitaro",0,5,,,,5.64209608695652
96,87,2,5,2,1,1,11,"Amakusanyirizo y!amata",0,88,,,,5.64209608695652
96,87,2,5,2,1,1,3,"Ibigo by!amashuri yisumbuye",0,2,,,,5.64209608695652
96,87,2,5,2,1,1,10,"Amasoko",0,5,,,,5.64209608695652
96,87,2,5,2,1,1,21,"Ipompo izamura amazi ikoresha amashanyarazi",0,88,,,,5.64209608695652
96,87,2,5,2,1,1,23,"Ibiro by!ibigo bya Leta bitanga amashanyarazi",0,5,,,,5.64209608695652
96,87,2,5,2,1,1,8,"Poste de sante cg Farumasi",0,88,,,,5.64209608695652
96,87,2,5,2,1,1,7,"Amavuriro ya Leta/Ikigo nderabuzima",0,1,,,,5.64209608695652
96,87,2,5,2,1,1,18,"Aho bajya inama bakanatanga serivisi z!ubuhinzi",0,3,,,,5.64209608695652
96,87,2,5,2,1,1,4,"Ikigo cy!amashuri y!imyuga  (TVET)",0,5,,,,5.64209608695652
96,87,2,5,2,1,1,20,"Aho basharija/bakora telefoni",0,1,,,,5.64209608695652
96,87,2,5,2,1,1,6,"Amavuriro y!igenga",0,3,,,,5.64209608695652
96,87,2,5,2,1,1,14,"Poste ya polisi",0,5,,,,5.64209608695652
96,87,2,5,2,1,1,19,"Insyo/amabarizo/aho bakora amavuta ateka",1,,2017,1,1,5.64209608695652
97,88,2,5,2,1,1,8,"Poste de sante cg Farumasi",1,,2019,2,1,4.88795216326531
97,88,2,5,2,1,1,9,"Ibitaro",0,7,,,,4.88795216326531
97,88,2,5,2,1,1,18,"Aho bajya inama bakanatanga serivisi z!ubuhinzi",0,7,,,,4.88795216326531
97,88,2,5,2,1,1,10,"Amasoko",0,7,,,,4.88795216326531
97,88,2,5,2,1,1,1,"Ibigo by!amashuri y!incuke",1,,2020,2,1,4.88795216326531
97,88,2,5,2,1,1,6,"Amavuriro y!igenga",0,5,,,,4.88795216326531
97,88,2,5,2,1,1,22,"Kiliziya/Umusigiti/Urusengero",1,,888,3,,4.88795216326531
97,88,2,5,2,1,1,16,"Aho abantu babonera Internet",0,7,,,,4.88795216326531
97,88,2,5,2,1,1,5,"Aho bategera Bus",0,4,,,,4.88795216326531
97,88,2,5,2,1,1,13,"Ibigo by!imari iciriritse",0,4,,,,4.88795216326531
97,88,2,5,2,1,1,11,"Amakusanyirizo y!amata",0,7,,,,4.88795216326531
97,88,2,5,2,1,1,3,"Ibigo by!amashuri yisumbuye",0,2,,,,4.88795216326531
97,88,2,5,2,1,1,12,"Amashami ya Banki",0,7,,,,4.88795216326531
97,88,2,5,2,1,1,2,"Ibigo by!amashuri yibanza",0,1,,,,4.88795216326531
97,88,2,5,2,1,1,21,"Ipompo izamura amazi ikoresha amashanyarazi",0,88,,,,4.88795216326531
97,88,2,5,2,1,1,20,"Aho basharija/bakora telefoni",0,88,,,,4.88795216326531
97,88,2,5,2,1,1,7,"Amavuriro ya Leta/Ikigo nderabuzima",0,3,,,,4.88795216326531
97,88,2,5,2,1,1,19,"Insyo/amabarizo/aho bakora amavuta ateka",1,,2010,3,,4.88795216326531
97,88,2,5,2,1,1,23,"Ibiro by!ibigo bya Leta bitanga amashanyarazi",0,7,,,,4.88795216326531
97,88,2,5,2,1,1,17,"Imiryango itari ibigo by!imari itari iya leta",0,7,,,,4.88795216326531
97,88,2,5,2,1,1,14,"Poste ya polisi",0,7,,,,4.88795216326531
97,88,2,5,2,1,1,4,"Ikigo cy!amashuri y!imyuga  (TVET)",0,4,,,,4.88795216326531
97,88,2,5,2,1,1,15,"Ibiro by!iposita",0,7,,,,4.88795216326531
98,89,2,5,2,1,1,5,"Aho bategera Bus",0,10,,,,7.90328774193548
98,89,2,5,2,1,1,3,"Ibigo by!amashuri yisumbuye",0,10,,,,7.90328774193548
98,89,2,5,2,1,1,16,"Aho abantu babonera Internet",0,10,,,,7.90328774193548
98,89,2,5,2,1,1,2,"Ibigo by!amashuri yibanza",0,2,,,,7.90328774193548
98,89,2,5,2,1,1,23,"Ibiro by!ibigo bya Leta bitanga amashanyarazi",0,10,,,,7.90328774193548
98,89,2,5,2,1,1,13,"Ibigo by!imari iciriritse",0,10,,,,7.90328774193548
98,89,2,5,2,1,1,20,"Aho basharija/bakora telefoni",0,88,,,,7.90328774193548
98,89,2,5,2,1,1,8,"Poste de sante cg Farumasi",0,1,,,,7.90328774193548
98,89,2,5,2,1,1,11,"Amakusanyirizo y!amata",0,10,,,,7.90328774193548
98,89,2,5,2,1,1,10,"Amasoko",0,10,,,,7.90328774193548
98,89,2,5,2,1,1,14,"Poste ya polisi",0,10,,,,7.90328774193548
98,89,2,5,2,1,1,19,"Insyo/amabarizo/aho bakora amavuta ateka",0,2,,,,7.90328774193548
98,89,2,5,2,1,1,4,"Ikigo cy!amashuri y!imyuga  (TVET)",0,15,,,,7.90328774193548
98,89,2,5,2,1,1,1,"Ibigo by!amashuri y!incuke",0,2,,,,7.90328774193548
98,89,2,5,2,1,1,15,"Ibiro by!iposita",0,15,,,,7.90328774193548
98,89,2,5,2,1,1,7,"Amavuriro ya Leta/Ikigo nderabuzima",0,10,,,,7.90328774193548
98,89,2,5,2,1,1,22,"Kiliziya/Umusigiti/Urusengero",1,,888,1,1,7.90328774193548
98,89,2,5,2,1,1,18,"Aho bajya inama bakanatanga serivisi z!ubuhinzi",0,10,,,,7.90328774193548
98,89,2,5,2,1,1,21,"Ipompo izamura amazi ikoresha amashanyarazi",0,88,,,,7.90328774193548
98,89,2,5,2,1,1,17,"Imiryango itari ibigo by!imari itari iya leta",0,88,,,,7.90328774193548
98,89,2,5,2,1,1,9,"Ibitaro",0,10,,,,7.90328774193548
98,89,2,5,2,1,1,6,"Amavuriro y!igenga",0,10,,,,7.90328774193548
98,89,2,5,2,1,1,12,"Amashami ya Banki",0,10,,,,7.90328774193548
99,90,2,5,2,1,1,3,"Ibigo by!amashuri yisumbuye",0,5,,,,134.667481889764
99,90,2,5,2,1,1,18,"Aho bajya inama bakanatanga serivisi z!ubuhinzi",0,5,,,,134.667481889764
99,90,2,5,2,1,1,4,"Ikigo cy!amashuri y!imyuga  (TVET)",0,20,,,,134.667481889764
99,90,2,5,2,1,1,21,"Ipompo izamura amazi ikoresha amashanyarazi",0,5,,,,134.667481889764
99,90,2,5,2,1,1,17,"Imiryango itari ibigo by!imari itari iya leta",0,5,,,,134.667481889764
99,90,2,5,2,1,1,2,"Ibigo by!amashuri yibanza",0,2,,,,134.667481889764
99,90,2,5,2,1,1,12,"Amashami ya Banki",0,20,,,,134.667481889764
99,90,2,5,2,1,1,23,"Ibiro by!ibigo bya Leta bitanga amashanyarazi",0,20,,,,134.667481889764
99,90,2,5,2,1,1,10,"Amasoko",0,20,,,,134.667481889764
99,90,2,5,2,1,1,1,"Ibigo by!amashuri y!incuke",0,3,,,,134.667481889764
99,90,2,5,2,1,1,7,"Amavuriro ya Leta/Ikigo nderabuzima",0,5,,,,134.667481889764
99,90,2,5,2,1,1,13,"Ibigo by!imari iciriritse",0,5,,,,134.667481889764
99,90,2,5,2,1,1,9,"Ibitaro",0,20,,,,134.667481889764
99,90,2,5,2,1,1,20,"Aho basharija/bakora telefoni",0,5,,,,134.667481889764
99,90,2,5,2,1,1,16,"Aho abantu babonera Internet",0,20,,,,134.667481889764
99,90,2,5,2,1,1,5,"Aho bategera Bus",0,20,,,,134.667481889764
99,90,2,5,2,1,1,11,"Amakusanyirizo y!amata",0,20,,,,134.667481889764
99,90,2,5,2,1,1,8,"Poste de sante cg Farumasi",0,2,,,,134.667481889764
99,90,2,5,2,1,1,14,"Poste ya polisi",0,5,,,,134.667481889764
99,90,2,5,2,1,1,22,"Kiliziya/Umusigiti/Urusengero",1,,888,3,,134.667481889764
99,90,2,5,2,1,1,15,"Ibiro by!iposita",0,20,,,,134.667481889764
99,90,2,5,2,1,1,6,"Amavuriro y!igenga",0,20,,,,134.667481889764
99,90,2,5,2,1,1,19,"Insyo/amabarizo/aho bakora amavuta ateka",0,5,,,,134.667481889764
100,91,2,5,2,1,1,2,"Ibigo by!amashuri yibanza",0,1,,,,179.081928947368
100,91,2,5,2,1,1,11,"Amakusanyirizo y!amata",0,88,,,,179.081928947368
100,91,2,5,2,1,1,1,"Ibigo by!amashuri y!incuke",0,1,,,,179.081928947368
100,91,2,5,2,1,1,12,"Amashami ya Banki",0,5,,,,179.081928947368
100,91,2,5,2,1,1,19,"Insyo/amabarizo/aho bakora amavuta ateka",0,3,,,,179.081928947368
100,91,2,5,2,1,1,3,"Ibigo by!amashuri yisumbuye",0,3,,,,179.081928947368
100,91,2,5,2,1,1,7,"Amavuriro ya Leta/Ikigo nderabuzima",0,5,,,,179.081928947368
100,91,2,5,2,1,1,22,"Kiliziya/Umusigiti/Urusengero",2,,888,1,1,179.081928947368
100,91,2,5,2,1,1,21,"Ipompo izamura amazi ikoresha amashanyarazi",0,88,,,,179.081928947368
100,91,2,5,2,1,1,17,"Imiryango itari ibigo by!imari itari iya leta",0,88,,,,179.081928947368
100,91,2,5,2,1,1,8,"Poste de sante cg Farumasi",0,2,,,,179.081928947368
100,91,2,5,2,1,1,9,"Ibitaro",0,8,,,,179.081928947368
100,91,2,5,2,1,1,4,"Ikigo cy!amashuri y!imyuga  (TVET)",0,3,,,,179.081928947368
100,91,2,5,2,1,1,23,"Ibiro by!ibigo bya Leta bitanga amashanyarazi",0,35,,,,179.081928947368
100,91,2,5,2,1,1,10,"Amasoko",0,50,,,,179.081928947368
100,91,2,5,2,1,1,6,"Amavuriro y!igenga",0,10,,,,179.081928947368
100,91,2,5,2,1,1,15,"Ibiro by!iposita",0,35,,,,179.081928947368
100,91,2,5,2,1,1,5,"Aho bategera Bus",0,50,,,,179.081928947368
100,91,2,5,2,1,1,20,"Aho basharija/bakora telefoni",0,35,,,,179.081928947368
100,91,2,5,2,1,1,14,"Poste ya polisi",0,5,,,,179.081928947368
100,91,2,5,2,1,1,16,"Aho abantu babonera Internet",0,35,,,,179.081928947368
100,91,2,5,2,1,1,18,"Aho bajya inama bakanatanga serivisi z!ubuhinzi",0,5,,,,179.081928947368
100,91,2,5,2,1,1,13,"Ibigo by!imari iciriritse",0,8,,,,179.081928947368
101,92,2,5,2,1,1,11,"Amakusanyirizo y!amata",0,88,,,,11.0025058064516
101,92,2,5,2,1,1,1,"Ibigo by!amashuri y!incuke",0,5,,,,11.0025058064516
101,92,2,5,2,1,1,17,"Imiryango itari ibigo by!imari itari iya leta",0,7,,,,11.0025058064516
101,92,2,5,2,1,1,21,"Ipompo izamura amazi ikoresha amashanyarazi",0,88,,,,11.0025058064516
101,92,2,5,2,1,1,10,"Amasoko",0,7,,,,11.0025058064516
101,92,2,5,2,1,1,8,"Poste de sante cg Farumasi",0,2,,,,11.0025058064516
101,92,2,5,2,1,1,13,"Ibigo by!imari iciriritse",0,7,,,,11.0025058064516
101,92,2,5,2,1,1,5,"Aho bategera Bus",0,5,,,,11.0025058064516
101,92,2,5,2,1,1,19,"Insyo/amabarizo/aho bakora amavuta ateka",0,7,,,,11.0025058064516
101,92,2,5,2,1,1,12,"Amashami ya Banki",0,7,,,,11.0025058064516
101,92,2,5,2,1,1,4,"Ikigo cy!amashuri y!imyuga  (TVET)",0,20,,,,11.0025058064516
101,92,2,5,2,1,1,16,"Aho abantu babonera Internet",0,7,,,,11.0025058064516
101,92,2,5,2,1,1,15,"Ibiro by!iposita",0,20,,,,11.0025058064516
101,92,2,5,2,1,1,7,"Amavuriro ya Leta/Ikigo nderabuzima",0,5,,,,11.0025058064516
101,92,2,5,2,1,1,18,"Aho bajya inama bakanatanga serivisi z!ubuhinzi",0,7,,,,11.0025058064516
101,92,2,5,2,1,1,14,"Poste ya polisi",0,7,,,,11.0025058064516
101,92,2,5,2,1,1,3,"Ibigo by!amashuri yisumbuye",0,5,,,,11.0025058064516
101,92,2,5,2,1,1,20,"Aho basharija/bakora telefoni",0,7,,,,11.0025058064516
101,92,2,5,2,1,1,9,"Ibitaro",0,20,,,,11.0025058064516
101,92,2,5,2,1,1,22,"Kiliziya/Umusigiti/Urusengero",0,3,,,,11.0025058064516
101,92,2,5,2,1,1,23,"Ibiro by!ibigo bya Leta bitanga amashanyarazi",0,7,,,,11.0025058064516
101,92,2,5,2,1,1,6,"Amavuriro y!igenga",0,5,,,,11.0025058064516
101,92,2,5,2,1,1,2,"Ibigo by!amashuri yibanza",0,1,,,,11.0025058064516
102,93,2,5,1,1,1,4,"Ikigo cy!amashuri y!imyuga  (TVET)",0,8,,,,6.93965068493151
102,93,2,5,1,1,1,12,"Amashami ya Banki",0,1,,,,6.93965068493151
102,93,2,5,1,1,1,6,"Amavuriro y!igenga",0,1,,,,6.93965068493151
102,93,2,5,1,1,1,17,"Imiryango itari ibigo by!imari itari iya leta",0,1,,,,6.93965068493151
102,93,2,5,1,1,1,10,"Amasoko",0,1,,,,6.93965068493151
102,93,2,5,1,1,1,7,"Amavuriro ya Leta/Ikigo nderabuzima",0,1,,,,6.93965068493151
102,93,2,5,1,1,1,18,"Aho bajya inama bakanatanga serivisi z!ubuhinzi",1,,888,1,1,6.93965068493151
102,93,2,5,1,1,1,3,"Ibigo by!amashuri yisumbuye",1,,2005,1,1,6.93965068493151
102,93,2,5,1,1,1,21,"Ipompo izamura amazi ikoresha amashanyarazi",0,88,,,,6.93965068493151
102,93,2,5,1,1,1,15,"Ibiro by!iposita",0,8,,,,6.93965068493151
102,93,2,5,1,1,1,5,"Aho bategera Bus",1,,888,1,1,6.93965068493151
102,93,2,5,1,1,1,19,"Insyo/amabarizo/aho bakora amavuta ateka",1,,2020,1,1,6.93965068493151
102,93,2,5,1,1,1,16,"Aho abantu babonera Internet",0,1,,,,6.93965068493151
102,93,2,5,1,1,1,22,"Kiliziya/Umusigiti/Urusengero",1,,2000,1,1,6.93965068493151
102,93,2,5,1,1,1,14,"Poste ya polisi",1,,888,1,1,6.93965068493151
102,93,2,5,1,1,1,2,"Ibigo by!amashuri yibanza",0,1,,,,6.93965068493151
102,93,2,5,1,1,1,11,"Amakusanyirizo y!amata",1,,2003,1,1,6.93965068493151
102,93,2,5,1,1,1,20,"Aho basharija/bakora telefoni",1,,888,1,1,6.93965068493151
102,93,2,5,1,1,1,23,"Ibiro by!ibigo bya Leta bitanga amashanyarazi",0,8,,,,6.93965068493151
102,93,2,5,1,1,1,9,"Ibitaro",0,8,,,,6.93965068493151
102,93,2,5,1,1,1,8,"Poste de sante cg Farumasi",0,8,,,,6.93965068493151
102,93,2,5,1,1,1,1,"Ibigo by!amashuri y!incuke",1,,2016,1,1,6.93965068493151
102,93,2,5,1,1,1,13,"Ibigo by!imari iciriritse",0,1,,,,6.93965068493151
103,94,2,5,2,1,1,11,"Amakusanyirizo y!amata",0,1,,,,7.06769470588235
103,94,2,5,2,1,1,5,"Aho bategera Bus",0,3,,,,7.06769470588235
103,94,2,5,2,1,1,20,"Aho basharija/bakora telefoni",0,2,,,,7.06769470588235
103,94,2,5,2,1,1,23,"Ibiro by!ibigo bya Leta bitanga amashanyarazi",0,20,,,,7.06769470588235
103,94,2,5,2,1,1,17,"Imiryango itari ibigo by!imari itari iya leta",0,20,,,,7.06769470588235
103,94,2,5,2,1,1,22,"Kiliziya/Umusigiti/Urusengero",1,,888,1,1,7.06769470588235
103,94,2,5,2,1,1,4,"Ikigo cy!amashuri y!imyuga  (TVET)",0,20,,,,7.06769470588235
103,94,2,5,2,1,1,16,"Aho abantu babonera Internet",0,2,,,,7.06769470588235
103,94,2,5,2,1,1,2,"Ibigo by!amashuri yibanza",0,2,,,,7.06769470588235
103,94,2,5,2,1,1,19,"Insyo/amabarizo/aho bakora amavuta ateka",1,,2021,1,1,7.06769470588235
103,94,2,5,2,1,1,1,"Ibigo by!amashuri y!incuke",0,2,,,,7.06769470588235
103,94,2,5,2,1,1,3,"Ibigo by!amashuri yisumbuye",0,2,,,,7.06769470588235
103,94,2,5,2,1,1,18,"Aho bajya inama bakanatanga serivisi z!ubuhinzi",0,2,,,,7.06769470588235
103,94,2,5,2,1,1,8,"Poste de sante cg Farumasi",0,3,,,,7.06769470588235
103,94,2,5,2,1,1,7,"Amavuriro ya Leta/Ikigo nderabuzima",0,2,,,,7.06769470588235
103,94,2,5,2,1,1,14,"Poste ya polisi",0,2,,,,7.06769470588235
103,94,2,5,2,1,1,10,"Amasoko",0,2,,,,7.06769470588235
103,94,2,5,2,1,1,9,"Ibitaro",0,20,,,,7.06769470588235
103,94,2,5,2,1,1,6,"Amavuriro y!igenga",0,2,,,,7.06769470588235
103,94,2,5,2,1,1,13,"Ibigo by!imari iciriritse",0,2,,,,7.06769470588235
103,94,2,5,2,1,1,21,"Ipompo izamura amazi ikoresha amashanyarazi",0,88,,,,7.06769470588235
103,94,2,5,2,1,1,15,"Ibiro by!iposita",0,20,,,,7.06769470588235
103,94,2,5,2,1,1,12,"Amashami ya Banki",0,2,,,,7.06769470588235
104,95,2,5,2,1,1,19,"Insyo/amabarizo/aho bakora amavuta ateka",0,2,,,,11.688666
104,95,2,5,2,1,1,17,"Imiryango itari ibigo by!imari itari iya leta",0,2,,,,11.688666
104,95,2,5,2,1,1,4,"Ikigo cy!amashuri y!imyuga  (TVET)",0,10,,,,11.688666
104,95,2,5,2,1,1,16,"Aho abantu babonera Internet",0,2,,,,11.688666
104,95,2,5,2,1,1,18,"Aho bajya inama bakanatanga serivisi z!ubuhinzi",0,2,,,,11.688666
104,95,2,5,2,1,1,5,"Aho bategera Bus",1,,888,1,1,11.688666
104,95,2,5,2,1,1,22,"Kiliziya/Umusigiti/Urusengero",1,,2002,1,1,11.688666
104,95,2,5,2,1,1,21,"Ipompo izamura amazi ikoresha amashanyarazi",0,88,,,,11.688666
104,95,2,5,2,1,1,1,"Ibigo by!amashuri y!incuke",0,1,,,,11.688666
104,95,2,5,2,1,1,8,"Poste de sante cg Farumasi",0,2,,,,11.688666
104,95,2,5,2,1,1,15,"Ibiro by!iposita",0,10,,,,11.688666
104,95,2,5,2,1,1,12,"Amashami ya Banki",0,2,,,,11.688666
104,95,2,5,2,1,1,23,"Ibiro by!ibigo bya Leta bitanga amashanyarazi",0,2,,,,11.688666
104,95,2,5,2,1,1,2,"Ibigo by!amashuri yibanza",0,1,,,,11.688666
104,95,2,5,2,1,1,6,"Amavuriro y!igenga",0,2,,,,11.688666
104,95,2,5,2,1,1,10,"Amasoko",0,2,,,,11.688666
104,95,2,5,2,1,1,3,"Ibigo by!amashuri yisumbuye",0,1,,,,11.688666
104,95,2,5,2,1,1,11,"Amakusanyirizo y!amata",0,2,,,,11.688666
104,95,2,5,2,1,1,14,"Poste ya polisi",0,2,,,,11.688666
104,95,2,5,2,1,1,9,"Ibitaro",0,10,,,,11.688666
104,95,2,5,2,1,1,13,"Ibigo by!imari iciriritse",0,2,,,,11.688666
104,95,2,5,2,1,1,7,"Amavuriro ya Leta/Ikigo nderabuzima",0,2,,,,11.688666
104,95,2,5,2,1,1,20,"Aho basharija/bakora telefoni",0,2,,,,11.688666
105,96,2,5,2,1,1,4,"Ikigo cy!amashuri y!imyuga  (TVET)",0,17,,,,7.49371745454545
105,96,2,5,2,1,1,2,"Ibigo by!amashuri yibanza",0,2,,,,7.49371745454545
105,96,2,5,2,1,1,11,"Amakusanyirizo y!amata",0,3,,,,7.49371745454545
105,96,2,5,2,1,1,9,"Ibitaro",0,2,,,,7.49371745454545
105,96,2,5,2,1,1,20,"Aho basharija/bakora telefoni",0,1,,,,7.49371745454545
105,96,2,5,2,1,1,6,"Amavuriro y!igenga",0,3,,,,7.49371745454545
105,96,2,5,2,1,1,10,"Amasoko",0,3,,,,7.49371745454545
105,96,2,5,2,1,1,3,"Ibigo by!amashuri yisumbuye",0,2,,,,7.49371745454545
105,96,2,5,2,1,1,19,"Insyo/amabarizo/aho bakora amavuta ateka",0,1,,,,7.49371745454545
105,96,2,5,2,1,1,5,"Aho bategera Bus",0,3,,,,7.49371745454545
105,96,2,5,2,1,1,22,"Kiliziya/Umusigiti/Urusengero",1,,888,3,,7.49371745454545
105,96,2,5,2,1,1,1,"Ibigo by!amashuri y!incuke",0,2,,,,7.49371745454545
105,96,2,5,2,1,1,8,"Poste de sante cg Farumasi",0,1,,,,7.49371745454545
105,96,2,5,2,1,1,18,"Aho bajya inama bakanatanga serivisi z!ubuhinzi",0,3,,,,7.49371745454545
105,96,2,5,2,1,1,13,"Ibigo by!imari iciriritse",0,3,,,,7.49371745454545
105,96,2,5,2,1,1,12,"Amashami ya Banki",0,3,,,,7.49371745454545
105,96,2,5,2,1,1,7,"Amavuriro ya Leta/Ikigo nderabuzima",0,2,,,,7.49371745454545
105,96,2,5,2,1,1,21,"Ipompo izamura amazi ikoresha amashanyarazi",0,88,,,,7.49371745454545
105,96,2,5,2,1,1,15,"Ibiro by!iposita",0,17,,,,7.49371745454545
105,96,2,5,2,1,1,16,"Aho abantu babonera Internet",0,3,,,,7.49371745454545
105,96,2,5,2,1,1,14,"Poste ya polisi",0,3,,,,7.49371745454545
105,96,2,5,2,1,1,23,"Ibiro by!ibigo bya Leta bitanga amashanyarazi",0,17,,,,7.49371745454545
105,96,2,5,2,1,1,17,"Imiryango itari ibigo by!imari itari iya leta",0,3,,,,7.49371745454545
114,97,2,6,2,1,1,18,"Aho bajya inama bakanatanga serivisi z!ubuhinzi",1,,2013,2,1,109.48854
114,97,2,6,2,1,1,4,"Ikigo cy!amashuri y!imyuga  (TVET)",0,4,,,,109.48854
114,97,2,6,2,1,1,22,"Kiliziya/Umusigiti/Urusengero",1,,1970,1,1,109.48854
114,97,2,6,2,1,1,14,"Poste ya polisi",0,8,,,,109.48854
114,97,2,6,2,1,1,6,"Amavuriro y!igenga",0,18,,,,109.48854
114,97,2,6,2,1,1,19,"Insyo/amabarizo/aho bakora amavuta ateka",0,6,,,,109.48854
114,97,2,6,2,1,1,7,"Amavuriro ya Leta/Ikigo nderabuzima",0,6,,,,109.48854
114,97,2,6,2,1,1,10,"Amasoko",0,1,,,,109.48854
114,97,2,6,2,1,1,20,"Aho basharija/bakora telefoni",0,2,,,,109.48854
114,97,2,6,2,1,1,1,"Ibigo by!amashuri y!incuke",0,3,,,,109.48854
114,97,2,6,2,1,1,21,"Ipompo izamura amazi ikoresha amashanyarazi",0,5,,,,109.48854
114,97,2,6,2,1,1,23,"Ibiro by!ibigo bya Leta bitanga amashanyarazi",0,20,,,,109.48854
114,97,2,6,2,1,1,9,"Ibitaro",0,6,,,,109.48854
114,97,2,6,2,1,1,5,"Aho bategera Bus",0,1,,,,109.48854
114,97,2,6,2,1,1,12,"Amashami ya Banki",0,7,,,,109.48854
114,97,2,6,2,1,1,3,"Ibigo by!amashuri yisumbuye",0,6,,,,109.48854
114,97,2,6,2,1,1,17,"Imiryango itari ibigo by!imari itari iya leta",0,4,,,,109.48854
114,97,2,6,2,1,1,2,"Ibigo by!amashuri yibanza",0,3,,,,109.48854
114,97,2,6,2,1,1,16,"Aho abantu babonera Internet",0,4,,,,109.48854
114,97,2,6,2,1,1,15,"Ibiro by!iposita",0,20,,,,109.48854
114,97,2,6,2,1,1,13,"Ibigo by!imari iciriritse",0,5,,,,109.48854
114,97,2,6,2,1,1,11,"Amakusanyirizo y!amata",0,7,,,,109.48854
114,97,2,6,2,1,1,8,"Poste de sante cg Farumasi",0,6,,,,109.48854
115,98,2,6,1,1,1,20,"Aho basharija/bakora telefoni",2,,2010,1,1,6.9631550877193
115,98,2,6,1,1,1,23,"Ibiro by!ibigo bya Leta bitanga amashanyarazi",0,23,,,,6.9631550877193
115,98,2,6,1,1,1,5,"Aho bategera Bus",1,,1995,1,1,6.9631550877193
115,98,2,6,1,1,1,6,"Amavuriro y!igenga",0,23,,,,6.9631550877193
115,98,2,6,1,1,1,19,"Insyo/amabarizo/aho bakora amavuta ateka",12,,888,1,1,6.9631550877193
115,98,2,6,1,1,1,12,"Amashami ya Banki",2,,1989,1,1,6.9631550877193
115,98,2,6,1,1,1,10,"Amasoko",1,,1960,1,1,6.9631550877193
115,98,2,6,1,1,1,3,"Ibigo by!amashuri yisumbuye",2,,2001,1,1,6.9631550877193
115,98,2,6,1,1,1,1,"Ibigo by!amashuri y!incuke",3,,2005,1,1,6.9631550877193
115,98,2,6,1,1,1,17,"Imiryango itari ibigo by!imari itari iya leta",1,,888,1,1,6.9631550877193
115,98,2,6,1,1,1,16,"Aho abantu babonera Internet",0,23,,,,6.9631550877193
115,98,2,6,1,1,1,22,"Kiliziya/Umusigiti/Urusengero",4,,1963,1,1,6.9631550877193
115,98,2,6,1,1,1,21,"Ipompo izamura amazi ikoresha amashanyarazi",0,30,,,,6.9631550877193
115,98,2,6,1,1,1,4,"Ikigo cy!amashuri y!imyuga  (TVET)",1,,2003,1,1,6.9631550877193
115,98,2,6,1,1,1,11,"Amakusanyirizo y!amata",1,,1995,1,1,6.9631550877193
115,98,2,6,1,1,1,14,"Poste ya polisi",1,,2005,1,1,6.9631550877193
115,98,2,6,1,1,1,7,"Amavuriro ya Leta/Ikigo nderabuzima",1,,1975,1,1,6.9631550877193
115,98,2,6,1,1,1,2,"Ibigo by!amashuri yibanza",2,,1962,1,1,6.9631550877193
115,98,2,6,1,1,1,15,"Ibiro by!iposita",0,24,,,,6.9631550877193
115,98,2,6,1,1,1,9,"Ibitaro",1,,2015,1,1,6.9631550877193
115,98,2,6,1,1,1,18,"Aho bajya inama bakanatanga serivisi z!ubuhinzi",0,23,,,,6.9631550877193
115,98,2,6,1,1,1,8,"Poste de sante cg Farumasi",2,,2000,1,1,6.9631550877193
115,98,2,6,1,1,1,13,"Ibigo by!imari iciriritse",1,,2009,1,1,6.9631550877193
116,99,2,6,2,1,1,13,"Ibigo by!imari iciriritse",0,10,,,,138.22532038835
116,99,2,6,2,1,1,12,"Amashami ya Banki",0,10,,,,138.22532038835
116,99,2,6,2,1,1,19,"Insyo/amabarizo/aho bakora amavuta ateka",0,10,,,,138.22532038835
116,99,2,6,2,1,1,11,"Amakusanyirizo y!amata",0,10,,,,138.22532038835
116,99,2,6,2,1,1,14,"Poste ya polisi",0,10,,,,138.22532038835
116,99,2,6,2,1,1,10,"Amasoko",0,10,,,,138.22532038835
116,99,2,6,2,1,1,23,"Ibiro by!ibigo bya Leta bitanga amashanyarazi",0,30,,,,138.22532038835
116,99,2,6,2,1,1,4,"Ikigo cy!amashuri y!imyuga  (TVET)",0,8,,,,138.22532038835
116,99,2,6,2,1,1,5,"Aho bategera Bus",0,10,,,,138.22532038835
116,99,2,6,2,1,1,7,"Amavuriro ya Leta/Ikigo nderabuzima",0,10,,,,138.22532038835
116,99,2,6,2,1,1,9,"Ibitaro",0,10,,,,138.22532038835
116,99,2,6,2,1,1,1,"Ibigo by!amashuri y!incuke",0,5,,,,138.22532038835
116,99,2,6,2,1,1,18,"Aho bajya inama bakanatanga serivisi z!ubuhinzi",1,,2014,3,,138.22532038835
116,99,2,6,2,1,1,6,"Amavuriro y!igenga",0,8,,,,138.22532038835
116,99,2,6,2,1,1,8,"Poste de sante cg Farumasi",0,10,,,,138.22532038835
116,99,2,6,2,1,1,3,"Ibigo by!amashuri yisumbuye",0,8,,,,138.22532038835
116,99,2,6,2,1,1,15,"Ibiro by!iposita",0,30,,,,138.22532038835
116,99,2,6,2,1,1,16,"Aho abantu babonera Internet",0,10,,,,138.22532038835
116,99,2,6,2,1,1,20,"Aho basharija/bakora telefoni",0,10,,,,138.22532038835
116,99,2,6,2,1,1,22,"Kiliziya/Umusigiti/Urusengero",0,8,,,,138.22532038835
116,99,2,6,2,1,1,17,"Imiryango itari ibigo by!imari itari iya leta",0,10,,,,138.22532038835
116,99,2,6,2,1,1,2,"Ibigo by!amashuri yibanza",0,5,,,,138.22532038835
116,99,2,6,2,1,1,21,"Ipompo izamura amazi ikoresha amashanyarazi",0,30,,,,138.22532038835
117,100,2,6,2,1,1,9,"Ibitaro",0,15,,,,121.078246153846
117,100,2,6,2,1,1,1,"Ibigo by!amashuri y!incuke",0,3,,,,121.078246153846
117,100,2,6,2,1,1,5,"Aho bategera Bus",0,11,,,,121.078246153846
117,100,2,6,2,1,1,4,"Ikigo cy!amashuri y!imyuga  (TVET)",0,4,,,,121.078246153846
117,100,2,6,2,1,1,20,"Aho basharija/bakora telefoni",0,4,,,,121.078246153846
117,100,2,6,2,1,1,18,"Aho bajya inama bakanatanga serivisi z!ubuhinzi",1,,2016,3,,121.078246153846
117,100,2,6,2,1,1,7,"Amavuriro ya Leta/Ikigo nderabuzima",0,3,,,,121.078246153846
117,100,2,6,2,1,1,22,"Kiliziya/Umusigiti/Urusengero",1,,1980,1,1,121.078246153846
117,100,2,6,2,1,1,12,"Amashami ya Banki",0,5,,,,121.078246153846
117,100,2,6,2,1,1,6,"Amavuriro y!igenga",0,3,,,,121.078246153846
117,100,2,6,2,1,1,17,"Imiryango itari ibigo by!imari itari iya leta",0,20,,,,121.078246153846
117,100,2,6,2,1,1,14,"Poste ya polisi",0,5,,,,121.078246153846
117,100,2,6,2,1,1,8,"Poste de sante cg Farumasi",0,4,,,,121.078246153846
117,100,2,6,2,1,1,3,"Ibigo by!amashuri yisumbuye",0,3,,,,121.078246153846
117,100,2,6,2,1,1,16,"Aho abantu babonera Internet",0,5,,,,121.078246153846
117,100,2,6,2,1,1,10,"Amasoko",0,4,,,,121.078246153846
117,100,2,6,2,1,1,13,"Ibigo by!imari iciriritse",0,5,,,,121.078246153846
117,100,2,6,2,1,1,2,"Ibigo by!amashuri yibanza",0,3,,,,121.078246153846
117,100,2,6,2,1,1,11,"Amakusanyirizo y!amata",0,4,,,,121.078246153846
117,100,2,6,2,1,1,23,"Ibiro by!ibigo bya Leta bitanga amashanyarazi",0,20,,,,121.078246153846
117,100,2,6,2,1,1,19,"Insyo/amabarizo/aho bakora amavuta ateka",0,4,,,,121.078246153846
117,100,2,6,2,1,1,15,"Ibiro by!iposita",0,20,,,,121.078246153846
117,100,2,6,2,1,1,21,"Ipompo izamura amazi ikoresha amashanyarazi",0,2,,,,121.078246153846
118,101,2,6,2,1,2,16,"Aho abantu babonera Internet",0,5,,,,164.318615384615
118,101,2,6,2,1,2,8,"Poste de sante cg Farumasi",0,2,,,,164.318615384615
118,101,2,6,2,1,2,17,"Imiryango itari ibigo by!imari itari iya leta",0,8,,,,164.318615384615
118,101,2,6,2,1,2,19,"Insyo/amabarizo/aho bakora amavuta ateka",0,8,,,,164.318615384615
118,101,2,6,2,1,2,12,"Amashami ya Banki",0,8,,,,164.318615384615
118,101,2,6,2,1,2,23,"Ibiro by!ibigo bya Leta bitanga amashanyarazi",0,8,,,,164.318615384615
118,101,2,6,2,1,2,18,"Aho bajya inama bakanatanga serivisi z!ubuhinzi",1,,2010,2,1,164.318615384615
118,101,2,6,2,1,2,6,"Amavuriro y!igenga",0,8,,,,164.318615384615
118,101,2,6,2,1,2,5,"Aho bategera Bus",0,8,,,,164.318615384615
118,101,2,6,2,1,2,3,"Ibigo by!amashuri yisumbuye",0,8,,,,164.318615384615
118,101,2,6,2,1,2,2,"Ibigo by!amashuri yibanza",0,2,,,,164.318615384615
118,101,2,6,2,1,2,10,"Amasoko",0,8,,,,164.318615384615
118,101,2,6,2,1,2,21,"Ipompo izamura amazi ikoresha amashanyarazi",0,8,,,,164.318615384615
118,101,2,6,2,1,2,20,"Aho basharija/bakora telefoni",0,1,,,,164.318615384615
118,101,2,6,2,1,2,4,"Ikigo cy!amashuri y!imyuga  (TVET)",0,8,,,,164.318615384615
118,101,2,6,2,1,2,9,"Ibitaro",0,8,,,,164.318615384615
118,101,2,6,2,1,2,7,"Amavuriro ya Leta/Ikigo nderabuzima",0,7,,,,164.318615384615
118,101,2,6,2,1,2,15,"Ibiro by!iposita",0,8,,,,164.318615384615
118,101,2,6,2,1,2,14,"Poste ya polisi",0,8,,,,164.318615384615
118,101,2,6,2,1,2,13,"Ibigo by!imari iciriritse",0,8,,,,164.318615384615
118,101,2,6,2,1,2,11,"Amakusanyirizo y!amata",0,9,,,,164.318615384615
118,101,2,6,2,1,2,22,"Kiliziya/Umusigiti/Urusengero",1,,1980,3,,164.318615384615
118,101,2,6,2,1,2,1,"Ibigo by!amashuri y!incuke",0,2,,,,164.318615384615
119,102,2,6,1,1,1,21,"Ipompo izamura amazi ikoresha amashanyarazi",0,2,,,,26.6755114503817
119,102,2,6,1,1,1,20,"Aho basharija/bakora telefoni",0,1,,,,26.6755114503817
119,102,2,6,1,1,1,5,"Aho bategera Bus",0,1,,,,26.6755114503817
119,102,2,6,1,1,1,14,"Poste ya polisi",0,1,,,,26.6755114503817
119,102,2,6,1,1,1,15,"Ibiro by!iposita",0,1,,,,26.6755114503817
119,102,2,6,1,1,1,4,"Ikigo cy!amashuri y!imyuga  (TVET)",0,1,,,,26.6755114503817
119,102,2,6,1,1,1,1,"Ibigo by!amashuri y!incuke",0,1,,,,26.6755114503817
119,102,2,6,1,1,1,2,"Ibigo by!amashuri yibanza",0,1,,,,26.6755114503817
119,102,2,6,1,1,1,7,"Amavuriro ya Leta/Ikigo nderabuzima",0,1,,,,26.6755114503817
119,102,2,6,1,1,1,22,"Kiliziya/Umusigiti/Urusengero",0,1,,,,26.6755114503817
119,102,2,6,1,1,1,19,"Insyo/amabarizo/aho bakora amavuta ateka",0,1,,,,26.6755114503817
119,102,2,6,1,1,1,23,"Ibiro by!ibigo bya Leta bitanga amashanyarazi",0,1,,,,26.6755114503817
119,102,2,6,1,1,1,13,"Ibigo by!imari iciriritse",0,1,,,,26.6755114503817
119,102,2,6,1,1,1,11,"Amakusanyirizo y!amata",0,2,,,,26.6755114503817
119,102,2,6,1,1,1,8,"Poste de sante cg Farumasi",0,1,,,,26.6755114503817
119,102,2,6,1,1,1,9,"Ibitaro",0,10,,,,26.6755114503817
119,102,2,6,1,1,1,3,"Ibigo by!amashuri yisumbuye",0,1,,,,26.6755114503817
119,102,2,6,1,1,1,16,"Aho abantu babonera Internet",0,1,,,,26.6755114503817
119,102,2,6,1,1,1,17,"Imiryango itari ibigo by!imari itari iya leta",0,1,,,,26.6755114503817
119,102,2,6,1,1,1,12,"Amashami ya Banki",0,1,,,,26.6755114503817
119,102,2,6,1,1,1,10,"Amasoko",0,1,,,,26.6755114503817
119,102,2,6,1,1,1,6,"Amavuriro y!igenga",0,1,,,,26.6755114503817
119,102,2,6,1,1,1,18,"Aho bajya inama bakanatanga serivisi z!ubuhinzi",0,1,,,,26.6755114503817
120,103,2,7,1,1,1,7,"Amavuriro ya Leta/Ikigo nderabuzima",0,1,,,,10.14123
120,103,2,7,1,1,1,19,"Insyo/amabarizo/aho bakora amavuta ateka",1,,2015,1,1,10.14123
120,103,2,7,1,1,1,16,"Aho abantu babonera Internet",0,3,,,,10.14123
120,103,2,7,1,1,1,23,"Ibiro by!ibigo bya Leta bitanga amashanyarazi",0,3,,,,10.14123
120,103,2,7,1,1,1,17,"Imiryango itari ibigo by!imari itari iya leta",0,3,,,,10.14123
120,103,2,7,1,1,1,3,"Ibigo by!amashuri yisumbuye",0,3,,,,10.14123
120,103,2,7,1,1,1,22,"Kiliziya/Umusigiti/Urusengero",2,,2000,1,1,10.14123
120,103,2,7,1,1,1,4,"Ikigo cy!amashuri y!imyuga  (TVET)",0,2,,,,10.14123
120,103,2,7,1,1,1,21,"Ipompo izamura amazi ikoresha amashanyarazi",0,3,,,,10.14123
120,103,2,7,1,1,1,11,"Amakusanyirizo y!amata",0,1,,,,10.14123
120,103,2,7,1,1,1,1,"Ibigo by!amashuri y!incuke",2,,2015,1,1,10.14123
120,103,2,7,1,1,1,13,"Ibigo by!imari iciriritse",0,3,,,,10.14123
120,103,2,7,1,1,1,15,"Ibiro by!iposita",0,3,,,,10.14123
120,103,2,7,1,1,1,5,"Aho bategera Bus",0,1,,,,10.14123
120,103,2,7,1,1,1,2,"Ibigo by!amashuri yibanza",2,,2015,1,1,10.14123
120,103,2,7,1,1,1,12,"Amashami ya Banki",0,3,,,,10.14123
120,103,2,7,1,1,1,6,"Amavuriro y!igenga",1,,2017,1,1,10.14123
120,103,2,7,1,1,1,10,"Amasoko",0,3,,,,10.14123
120,103,2,7,1,1,1,18,"Aho bajya inama bakanatanga serivisi z!ubuhinzi",1,,2020,1,1,10.14123
120,103,2,7,1,1,1,9,"Ibitaro",0,5,,,,10.14123
120,103,2,7,1,1,1,20,"Aho basharija/bakora telefoni",0,1,,,,10.14123
120,103,2,7,1,1,1,8,"Poste de sante cg Farumasi",3,,2015,1,1,10.14123
120,103,2,7,1,1,1,14,"Poste ya polisi",0,3,,,,10.14123
121,104,2,7,2,1,1,14,"Poste ya polisi",0,3,,,,90.2549166666667
121,104,2,7,2,1,1,1,"Ibigo by!amashuri y!incuke",2,,2021,3,,90.2549166666667
121,104,2,7,2,1,1,20,"Aho basharija/bakora telefoni",0,3,,,,90.2549166666667
121,104,2,7,2,1,1,10,"Amasoko",0,3,,,,90.2549166666667
121,104,2,7,2,1,1,23,"Ibiro by!ibigo bya Leta bitanga amashanyarazi",0,3,,,,90.2549166666667
121,104,2,7,2,1,1,12,"Amashami ya Banki",0,5,,,,90.2549166666667
121,104,2,7,2,1,1,8,"Poste de sante cg Farumasi",0,3,,,,90.2549166666667
121,104,2,7,2,1,1,2,"Ibigo by!amashuri yibanza",0,2,,,,90.2549166666667
121,104,2,7,2,1,1,11,"Amakusanyirizo y!amata",0,18,,,,90.2549166666667
121,104,2,7,2,1,1,7,"Amavuriro ya Leta/Ikigo nderabuzima",0,5,,,,90.2549166666667
121,104,2,7,2,1,1,17,"Imiryango itari ibigo by!imari itari iya leta",0,18,,,,90.2549166666667
121,104,2,7,2,1,1,22,"Kiliziya/Umusigiti/Urusengero",0,5,,,,90.2549166666667
121,104,2,7,2,1,1,4,"Ikigo cy!amashuri y!imyuga  (TVET)",0,20,,,,90.2549166666667
121,104,2,7,2,1,1,16,"Aho abantu babonera Internet",0,3,,,,90.2549166666667
121,104,2,7,2,1,1,21,"Ipompo izamura amazi ikoresha amashanyarazi",0,5,,,,90.2549166666667
121,104,2,7,2,1,1,9,"Ibitaro",0,12,,,,90.2549166666667
121,104,2,7,2,1,1,13,"Ibigo by!imari iciriritse",0,3,,,,90.2549166666667
121,104,2,7,2,1,1,15,"Ibiro by!iposita",0,18,,,,90.2549166666667
121,104,2,7,2,1,1,3,"Ibigo by!amashuri yisumbuye",0,5,,,,90.2549166666667
121,104,2,7,2,1,1,5,"Aho bategera Bus",0,3,,,,90.2549166666667
121,104,2,7,2,1,1,6,"Amavuriro y!igenga",0,3,,,,90.2549166666667
121,104,2,7,2,1,1,18,"Aho bajya inama bakanatanga serivisi z!ubuhinzi",1,,2020,3,,90.2549166666667
121,104,2,7,2,1,1,19,"Insyo/amabarizo/aho bakora amavuta ateka",0,3,,,,90.2549166666667
122,105,2,7,2,1,1,5,"Aho bategera Bus",0,2,,,,53.5930577507599
122,105,2,7,2,1,1,14,"Poste ya polisi",0,2,,,,53.5930577507599
122,105,2,7,2,1,1,19,"Insyo/amabarizo/aho bakora amavuta ateka",0,2,,,,53.5930577507599
122,105,2,7,2,1,1,21,"Ipompo izamura amazi ikoresha amashanyarazi",0,2,,,,53.5930577507599
122,105,2,7,2,1,1,22,"Kiliziya/Umusigiti/Urusengero",2,,1950,1,1,53.5930577507599
122,105,2,7,2,1,1,16,"Aho abantu babonera Internet",0,2,,,,53.5930577507599
122,105,2,7,2,1,1,2,"Ibigo by!amashuri yibanza",2,,1990,1,1,53.5930577507599
122,105,2,7,2,1,1,1,"Ibigo by!amashuri y!incuke",4,,2018,2,1,53.5930577507599
122,105,2,7,2,1,1,4,"Ikigo cy!amashuri y!imyuga  (TVET)",1,,2010,1,1,53.5930577507599
122,105,2,7,2,1,1,3,"Ibigo by!amashuri yisumbuye",3,,1997,1,1,53.5930577507599
122,105,2,7,2,1,1,7,"Amavuriro ya Leta/Ikigo nderabuzima",1,,1950,1,1,53.5930577507599
122,105,2,7,2,1,1,12,"Amashami ya Banki",0,2,,,,53.5930577507599
122,105,2,7,2,1,1,15,"Ibiro by!iposita",0,19,,,,53.5930577507599
122,105,2,7,2,1,1,17,"Imiryango itari ibigo by!imari itari iya leta",0,19,,,,53.5930577507599
122,105,2,7,2,1,1,10,"Amasoko",0,2,,,,53.5930577507599
122,105,2,7,2,1,1,8,"Poste de sante cg Farumasi",0,10,,,,53.5930577507599
122,105,2,7,2,1,1,23,"Ibiro by!ibigo bya Leta bitanga amashanyarazi",0,2,,,,53.5930577507599
122,105,2,7,2,1,1,20,"Aho basharija/bakora telefoni",0,2,,,,53.5930577507599
122,105,2,7,2,1,1,18,"Aho bajya inama bakanatanga serivisi z!ubuhinzi",1,,2010,1,1,53.5930577507599
122,105,2,7,2,1,1,13,"Ibigo by!imari iciriritse",0,2,,,,53.5930577507599
122,105,2,7,2,1,1,9,"Ibitaro",0,12,,,,53.5930577507599
122,105,2,7,2,1,1,6,"Amavuriro y!igenga",0,1,,,,53.5930577507599
122,105,2,7,2,1,1,11,"Amakusanyirizo y!amata",0,2,,,,53.5930577507599
123,106,2,7,1,1,1,15,"Ibiro by!iposita",0,3,,,,6.04231948051948
123,106,2,7,1,1,1,2,"Ibigo by!amashuri yibanza",2,,1985,1,1,6.04231948051948
123,106,2,7,1,1,1,17,"Imiryango itari ibigo by!imari itari iya leta",0,4,,,,6.04231948051948
123,106,2,7,1,1,1,4,"Ikigo cy!amashuri y!imyuga  (TVET)",1,,2010,1,1,6.04231948051948
123,106,2,7,1,1,1,18,"Aho bajya inama bakanatanga serivisi z!ubuhinzi",2,,2010,1,1,6.04231948051948
123,106,2,7,1,1,1,11,"Amakusanyirizo y!amata",0,4,,,,6.04231948051948
123,106,2,7,1,1,1,22,"Kiliziya/Umusigiti/Urusengero",13,,888,1,1,6.04231948051948
123,106,2,7,1,1,1,21,"Ipompo izamura amazi ikoresha amashanyarazi",2,,2015,1,1,6.04231948051948
123,106,2,7,1,1,1,3,"Ibigo by!amashuri yisumbuye",3,,2009,1,1,6.04231948051948
123,106,2,7,1,1,1,23,"Ibiro by!ibigo bya Leta bitanga amashanyarazi",0,3,,,,6.04231948051948
123,106,2,7,1,1,1,14,"Poste ya polisi",0,3,,,,6.04231948051948
123,106,2,7,1,1,1,6,"Amavuriro y!igenga",4,,2014,1,1,6.04231948051948
123,106,2,7,1,1,1,8,"Poste de sante cg Farumasi",8,,888,1,1,6.04231948051948
123,106,2,7,1,1,1,13,"Ibigo by!imari iciriritse",5,,2010,1,1,6.04231948051948
123,106,2,7,1,1,1,7,"Amavuriro ya Leta/Ikigo nderabuzima",1,,888,1,1,6.04231948051948
123,106,2,7,1,1,1,16,"Aho abantu babonera Internet",1,,2015,1,1,6.04231948051948
123,106,2,7,1,1,1,19,"Insyo/amabarizo/aho bakora amavuta ateka",30,,1986,1,1,6.04231948051948
123,106,2,7,1,1,1,10,"Amasoko",1,,1965,1,1,6.04231948051948
123,106,2,7,1,1,1,9,"Ibitaro",1,,888,1,1,6.04231948051948
123,106,2,7,1,1,1,5,"Aho bategera Bus",1,,888,1,1,6.04231948051948
123,106,2,7,1,1,1,20,"Aho basharija/bakora telefoni",5,,2010,1,1,6.04231948051948
123,106,2,7,1,1,1,1,"Ibigo by!amashuri y!incuke",3,,888,1,1,6.04231948051948
123,106,2,7,1,1,1,12,"Amashami ya Banki",8,,1985,1,1,6.04231948051948
124,107,2,7,1,1,1,4,"Ikigo cy!amashuri y!imyuga  (TVET)",0,1,,,,7.471653
124,107,2,7,1,1,1,20,"Aho basharija/bakora telefoni",0,1,,,,7.471653
124,107,2,7,1,1,1,13,"Ibigo by!imari iciriritse",0,1,,,,7.471653
124,107,2,7,1,1,1,8,"Poste de sante cg Farumasi",0,1,,,,7.471653
124,107,2,7,1,1,1,6,"Amavuriro y!igenga",0,1,,,,7.471653
124,107,2,7,1,1,1,23,"Ibiro by!ibigo bya Leta bitanga amashanyarazi",0,1,,,,7.471653
124,107,2,7,1,1,1,9,"Ibitaro",0,1,,,,7.471653
124,107,2,7,1,1,1,19,"Insyo/amabarizo/aho bakora amavuta ateka",0,1,,,,7.471653
124,107,2,7,1,1,1,14,"Poste ya polisi",0,2,,,,7.471653
124,107,2,7,1,1,1,21,"Ipompo izamura amazi ikoresha amashanyarazi",0,3,,,,7.471653
124,107,2,7,1,1,1,10,"Amasoko",0,1,,,,7.471653
124,107,2,7,1,1,1,18,"Aho bajya inama bakanatanga serivisi z!ubuhinzi",1,,2000,1,1,7.471653
124,107,2,7,1,1,1,11,"Amakusanyirizo y!amata",0,1,,,,7.471653
124,107,2,7,1,1,1,17,"Imiryango itari ibigo by!imari itari iya leta",0,1,,,,7.471653
124,107,2,7,1,1,1,16,"Aho abantu babonera Internet",0,1,,,,7.471653
124,107,2,7,1,1,1,3,"Ibigo by!amashuri yisumbuye",0,1,,,,7.471653
124,107,2,7,1,1,1,15,"Ibiro by!iposita",0,2,,,,7.471653
124,107,2,7,1,1,1,5,"Aho bategera Bus",2,,2000,1,1,7.471653
124,107,2,7,1,1,1,2,"Ibigo by!amashuri yibanza",0,2,,,,7.471653
124,107,2,7,1,1,1,7,"Amavuriro ya Leta/Ikigo nderabuzima",0,1,,,,7.471653
124,107,2,7,1,1,1,22,"Kiliziya/Umusigiti/Urusengero",1,,2010,1,1,7.471653
124,107,2,7,1,1,1,12,"Amashami ya Banki",0,1,,,,7.471653
124,107,2,7,1,1,1,1,"Ibigo by!amashuri y!incuke",1,,2018,1,1,7.471653
125,108,2,7,2,1,1,12,"Amashami ya Banki",0,5,,,,100.539116883117
125,108,2,7,2,1,1,8,"Poste de sante cg Farumasi",0,30,,,,100.539116883117
125,108,2,7,2,1,1,14,"Poste ya polisi",0,5,,,,100.539116883117
125,108,2,7,2,1,1,5,"Aho bategera Bus",0,20,,,,100.539116883117
125,108,2,7,2,1,1,10,"Amasoko",0,5,,,,100.539116883117
125,108,2,7,2,1,1,13,"Ibigo by!imari iciriritse",0,5,,,,100.539116883117
125,108,2,7,2,1,1,20,"Aho basharija/bakora telefoni",0,3,,,,100.539116883117
125,108,2,7,2,1,1,17,"Imiryango itari ibigo by!imari itari iya leta",0,25,,,,100.539116883117
125,108,2,7,2,1,1,3,"Ibigo by!amashuri yisumbuye",0,3,,,,100.539116883117
125,108,2,7,2,1,1,11,"Amakusanyirizo y!amata",0,5,,,,100.539116883117
125,108,2,7,2,1,1,15,"Ibiro by!iposita",0,30,,,,100.539116883117
125,108,2,7,2,1,1,4,"Ikigo cy!amashuri y!imyuga  (TVET)",0,3,,,,100.539116883117
125,108,2,7,2,1,1,21,"Ipompo izamura amazi ikoresha amashanyarazi",0,0,,,,100.539116883117
125,108,2,7,2,1,1,19,"Insyo/amabarizo/aho bakora amavuta ateka",0,3,,,,100.539116883117
125,108,2,7,2,1,1,18,"Aho bajya inama bakanatanga serivisi z!ubuhinzi",1,,2019,3,,100.539116883117
125,108,2,7,2,1,1,6,"Amavuriro y!igenga",0,30,,,,100.539116883117
125,108,2,7,2,1,1,23,"Ibiro by!ibigo bya Leta bitanga amashanyarazi",0,5,,,,100.539116883117
125,108,2,7,2,1,1,7,"Amavuriro ya Leta/Ikigo nderabuzima",0,4,,,,100.539116883117
125,108,2,7,2,1,1,9,"Ibitaro",0,40,,,,100.539116883117
125,108,2,7,2,1,1,1,"Ibigo by!amashuri y!incuke",1,,2007,3,,100.539116883117
125,108,2,7,2,1,1,2,"Ibigo by!amashuri yibanza",6,,1980,3,,100.539116883117
125,108,2,7,2,1,1,22,"Kiliziya/Umusigiti/Urusengero",1,,1980,3,,100.539116883117
125,108,2,7,2,1,1,16,"Aho abantu babonera Internet",0,20,,,,100.539116883117
126,109,2,7,1,1,1,15,"Ibiro by!iposita",0,1,,,,16.0080777777778
126,109,2,7,1,1,1,16,"Aho abantu babonera Internet",0,1,,,,16.0080777777778
126,109,2,7,1,1,1,6,"Amavuriro y!igenga",1,,2015,1,1,16.0080777777778
126,109,2,7,1,1,1,21,"Ipompo izamura amazi ikoresha amashanyarazi",0,5,,,,16.0080777777778
126,109,2,7,1,1,1,12,"Amashami ya Banki",0,2,,,,16.0080777777778
126,109,2,7,1,1,1,4,"Ikigo cy!amashuri y!imyuga  (TVET)",0,3,,,,16.0080777777778
126,109,2,7,1,1,1,23,"Ibiro by!ibigo bya Leta bitanga amashanyarazi",0,3,,,,16.0080777777778
126,109,2,7,1,1,1,19,"Insyo/amabarizo/aho bakora amavuta ateka",0,5,,,,16.0080777777778
126,109,2,7,1,1,1,2,"Ibigo by!amashuri yibanza",2,,2003,1,1,16.0080777777778
126,109,2,7,1,1,1,10,"Amasoko",0,2,,,,16.0080777777778
126,109,2,7,1,1,1,7,"Amavuriro ya Leta/Ikigo nderabuzima",1,,1978,1,1,16.0080777777778
126,109,2,7,1,1,1,14,"Poste ya polisi",0,1,,,,16.0080777777778
126,109,2,7,1,1,1,8,"Poste de sante cg Farumasi",1,,2017,1,1,16.0080777777778
126,109,2,7,1,1,1,18,"Aho bajya inama bakanatanga serivisi z!ubuhinzi",0,2,,,,16.0080777777778
126,109,2,7,1,1,1,9,"Ibitaro",0,4,,,,16.0080777777778
126,109,2,7,1,1,1,11,"Amakusanyirizo y!amata",0,1,,,,16.0080777777778
126,109,2,7,1,1,1,1,"Ibigo by!amashuri y!incuke",2,,2016,1,1,16.0080777777778
126,109,2,7,1,1,1,20,"Aho basharija/bakora telefoni",2,,2020,1,1,16.0080777777778
126,109,2,7,1,1,1,3,"Ibigo by!amashuri yisumbuye",0,2,,,,16.0080777777778
126,109,2,7,1,1,1,22,"Kiliziya/Umusigiti/Urusengero",3,,2003,1,1,16.0080777777778
126,109,2,7,1,1,1,5,"Aho bategera Bus",1,,1989,1,1,16.0080777777778
126,109,2,7,1,1,1,13,"Ibigo by!imari iciriritse",1,,2016,1,1,16.0080777777778
126,109,2,7,1,1,1,17,"Imiryango itari ibigo by!imari itari iya leta",2,,1991,1,1,16.0080777777778
127,110,2,8,2,1,1,19,"Insyo/amabarizo/aho bakora amavuta ateka",2,,2018,1,1,60.01412
127,110,2,8,2,1,1,11,"Amakusanyirizo y!amata",0,1,,,,60.01412
127,110,2,8,2,1,1,17,"Imiryango itari ibigo by!imari itari iya leta",0,1,,,,60.01412
127,110,2,8,2,1,1,1,"Ibigo by!amashuri y!incuke",2,,2018,1,1,60.01412
127,110,2,8,2,1,1,18,"Aho bajya inama bakanatanga serivisi z!ubuhinzi",1,,2014,1,1,60.01412
127,110,2,8,2,1,1,2,"Ibigo by!amashuri yibanza",1,,2008,1,1,60.01412
127,110,2,8,2,1,1,14,"Poste ya polisi",0,1,,,,60.01412
127,110,2,8,2,1,1,8,"Poste de sante cg Farumasi",0,1,,,,60.01412
127,110,2,8,2,1,1,20,"Aho basharija/bakora telefoni",0,99,,,,60.01412
127,110,2,8,2,1,1,12,"Amashami ya Banki",0,20,,,,60.01412
127,110,2,8,2,1,1,13,"Ibigo by!imari iciriritse",1,,2002,1,1,60.01412
127,110,2,8,2,1,1,23,"Ibiro by!ibigo bya Leta bitanga amashanyarazi",0,20,,,,60.01412
127,110,2,8,2,1,1,10,"Amasoko",0,1,,,,60.01412
127,110,2,8,2,1,1,21,"Ipompo izamura amazi ikoresha amashanyarazi",1,,2010,1,1,60.01412
127,110,2,8,2,1,1,15,"Ibiro by!iposita",0,24,,,,60.01412
127,110,2,8,2,1,1,4,"Ikigo cy!amashuri y!imyuga  (TVET)",1,,2010,1,1,60.01412
127,110,2,8,2,1,1,9,"Ibitaro",0,9,,,,60.01412
127,110,2,8,2,1,1,6,"Amavuriro y!igenga",0,1,,,,60.01412
127,110,2,8,2,1,1,5,"Aho bategera Bus",0,1,,,,60.01412
127,110,2,8,2,1,1,16,"Aho abantu babonera Internet",0,20,,,,60.01412
127,110,2,8,2,1,1,3,"Ibigo by!amashuri yisumbuye",1,,2008,1,1,60.01412
127,110,2,8,2,1,1,7,"Amavuriro ya Leta/Ikigo nderabuzima",1,,1950,1,1,60.01412
127,110,2,8,2,1,1,22,"Kiliziya/Umusigiti/Urusengero",2,,1959,1,1,60.01412
128,111,2,8,1,1,1,15,"Ibiro by!iposita",0,25,,,,4.83481479713604
128,111,2,8,1,1,1,11,"Amakusanyirizo y!amata",0,4,,,,4.83481479713604
128,111,2,8,1,1,1,20,"Aho basharija/bakora telefoni",2,,2015,1,1,4.83481479713604
128,111,2,8,1,1,1,22,"Kiliziya/Umusigiti/Urusengero",5,,1997,1,1,4.83481479713604
128,111,2,8,1,1,1,21,"Ipompo izamura amazi ikoresha amashanyarazi",0,8,,,,4.83481479713604
128,111,2,8,1,1,1,19,"Insyo/amabarizo/aho bakora amavuta ateka",2,,2008,1,1,4.83481479713604
128,111,2,8,1,1,1,5,"Aho bategera Bus",1,,2002,3,,4.83481479713604
128,111,2,8,1,1,1,8,"Poste de sante cg Farumasi",1,,2017,1,1,4.83481479713604
128,111,2,8,1,1,1,23,"Ibiro by!ibigo bya Leta bitanga amashanyarazi",0,15,,,,4.83481479713604
128,111,2,8,1,1,1,2,"Ibigo by!amashuri yibanza",0,1,,,,4.83481479713604
128,111,2,8,1,1,1,4,"Ikigo cy!amashuri y!imyuga  (TVET)",1,,2019,1,1,4.83481479713604
128,111,2,8,1,1,1,7,"Amavuriro ya Leta/Ikigo nderabuzima",0,2,,,,4.83481479713604
128,111,2,8,1,1,1,1,"Ibigo by!amashuri y!incuke",1,,2019,1,1,4.83481479713604
128,111,2,8,1,1,1,3,"Ibigo by!amashuri yisumbuye",0,1,,,,4.83481479713604
128,111,2,8,1,1,1,14,"Poste ya polisi",0,2,,,,4.83481479713604
128,111,2,8,1,1,1,18,"Aho bajya inama bakanatanga serivisi z!ubuhinzi",1,,2007,1,1,4.83481479713604
128,111,2,8,1,1,1,9,"Ibitaro",0,20,,,,4.83481479713604
128,111,2,8,1,1,1,6,"Amavuriro y!igenga",0,10,,,,4.83481479713604
128,111,2,8,1,1,1,10,"Amasoko",1,,888,1,1,4.83481479713604
128,111,2,8,1,1,1,12,"Amashami ya Banki",0,3,,,,4.83481479713604
128,111,2,8,1,1,1,13,"Ibigo by!imari iciriritse",3,,2003,1,1,4.83481479713604
128,111,2,8,1,1,1,16,"Aho abantu babonera Internet",5,,2021,1,1,4.83481479713604
128,111,2,8,1,1,1,17,"Imiryango itari ibigo by!imari itari iya leta",0,15,,,,4.83481479713604
129,112,2,8,2,1,2,18,"Aho bajya inama bakanatanga serivisi z!ubuhinzi",1,,2006,3,,72.9900818181818
129,112,2,8,2,1,2,2,"Ibigo by!amashuri yibanza",0,3,,,,72.9900818181818
129,112,2,8,2,1,2,23,"Ibiro by!ibigo bya Leta bitanga amashanyarazi",0,45,,,,72.9900818181818
129,112,2,8,2,1,2,1,"Ibigo by!amashuri y!incuke",1,,2022,3,,72.9900818181818
129,112,2,8,2,1,2,5,"Aho bategera Bus",0,5,,,,72.9900818181818
129,112,2,8,2,1,2,19,"Insyo/amabarizo/aho bakora amavuta ateka",0,40,,,,72.9900818181818
129,112,2,8,2,1,2,14,"Poste ya polisi",0,6,,,,72.9900818181818
129,112,2,8,2,1,2,9,"Ibitaro",0,45,,,,72.9900818181818
129,112,2,8,2,1,2,3,"Ibigo by!amashuri yisumbuye",0,3,,,,72.9900818181818
129,112,2,8,2,1,2,22,"Kiliziya/Umusigiti/Urusengero",1,,1972,3,,72.9900818181818
129,112,2,8,2,1,2,17,"Imiryango itari ibigo by!imari itari iya leta",0,43,,,,72.9900818181818
129,112,2,8,2,1,2,13,"Ibigo by!imari iciriritse",0,5,,,,72.9900818181818
129,112,2,8,2,1,2,12,"Amashami ya Banki",0,6,,,,72.9900818181818
129,112,2,8,2,1,2,6,"Amavuriro y!igenga",0,0,,,,72.9900818181818
129,112,2,8,2,1,2,11,"Amakusanyirizo y!amata",0,8,,,,72.9900818181818
129,112,2,8,2,1,2,21,"Ipompo izamura amazi ikoresha amashanyarazi",0,99,,,,72.9900818181818
129,112,2,8,2,1,2,4,"Ikigo cy!amashuri y!imyuga  (TVET)",0,0,,,,72.9900818181818
129,112,2,8,2,1,2,15,"Ibiro by!iposita",0,45,,,,72.9900818181818
129,112,2,8,2,1,2,20,"Aho basharija/bakora telefoni",0,5,,,,72.9900818181818
129,112,2,8,2,1,2,8,"Poste de sante cg Farumasi",0,3,,,,72.9900818181818
129,112,2,8,2,1,2,7,"Amavuriro ya Leta/Ikigo nderabuzima",0,6,,,,72.9900818181818
129,112,2,8,2,1,2,16,"Aho abantu babonera Internet",0,6,,,,72.9900818181818
129,112,2,8,2,1,2,10,"Amasoko",0,5,,,,72.9900818181818
130,113,2,8,1,1,1,1,"Ibigo by!amashuri y!incuke",1,,2017,2,1,9.81552
130,113,2,8,1,1,1,7,"Amavuriro ya Leta/Ikigo nderabuzima",0,3,,,,9.81552
130,113,2,8,1,1,1,8,"Poste de sante cg Farumasi",1,,2019,2,1,9.81552
130,113,2,8,1,1,1,3,"Ibigo by!amashuri yisumbuye",0,2,,,,9.81552
130,113,2,8,1,1,1,10,"Amasoko",0,2,,,,9.81552
130,113,2,8,1,1,1,21,"Ipompo izamura amazi ikoresha amashanyarazi",0,8,,,,9.81552
130,113,2,8,1,1,1,2,"Ibigo by!amashuri yibanza",1,,1992,2,1,9.81552
130,113,2,8,1,1,1,9,"Ibitaro",0,25,,,,9.81552
130,113,2,8,1,1,1,22,"Kiliziya/Umusigiti/Urusengero",1,,1992,3,,9.81552
130,113,2,8,1,1,1,20,"Aho basharija/bakora telefoni",1,,2020,2,3,9.81552
130,113,2,8,1,1,1,17,"Imiryango itari ibigo by!imari itari iya leta",0,3,,,,9.81552
130,113,2,8,1,1,1,6,"Amavuriro y!igenga",0,25,,,,9.81552
130,113,2,8,1,1,1,15,"Ibiro by!iposita",0,25,,,,9.81552
130,113,2,8,1,1,1,5,"Aho bategera Bus",0,2,,,,9.81552
130,113,2,8,1,1,1,4,"Ikigo cy!amashuri y!imyuga  (TVET)",0,3,,,,9.81552
130,113,2,8,1,1,1,14,"Poste ya polisi",0,3,,,,9.81552
130,113,2,8,1,1,1,23,"Ibiro by!ibigo bya Leta bitanga amashanyarazi",0,20,,,,9.81552
130,113,2,8,1,1,1,13,"Ibigo by!imari iciriritse",0,2,,,,9.81552
130,113,2,8,1,1,1,16,"Aho abantu babonera Internet",0,2,,,,9.81552
130,113,2,8,1,1,1,19,"Insyo/amabarizo/aho bakora amavuta ateka",0,2,,,,9.81552
130,113,2,8,1,1,1,18,"Aho bajya inama bakanatanga serivisi z!ubuhinzi",0,2,,,,9.81552
130,113,2,8,1,1,1,12,"Amashami ya Banki",0,3,,,,9.81552
130,113,2,8,1,1,1,11,"Amakusanyirizo y!amata",0,8,,,,9.81552
131,114,2,8,2,1,1,18,"Aho bajya inama bakanatanga serivisi z!ubuhinzi",0,8,,,,82.8797946428571
131,114,2,8,2,1,1,21,"Ipompo izamura amazi ikoresha amashanyarazi",0,12,,,,82.8797946428571
131,114,2,8,2,1,1,17,"Imiryango itari ibigo by!imari itari iya leta",0,5,,,,82.8797946428571
131,114,2,8,2,1,1,6,"Amavuriro y!igenga",0,51,,,,82.8797946428571
131,114,2,8,2,1,1,5,"Aho bategera Bus",0,5,,,,82.8797946428571
131,114,2,8,2,1,1,2,"Ibigo by!amashuri yibanza",2,,1959,2,1,82.8797946428571
131,114,2,8,2,1,1,15,"Ibiro by!iposita",0,70,,,,82.8797946428571
131,114,2,8,2,1,1,3,"Ibigo by!amashuri yisumbuye",0,5,,,,82.8797946428571
131,114,2,8,2,1,1,23,"Ibiro by!ibigo bya Leta bitanga amashanyarazi",0,30,,,,82.8797946428571
131,114,2,8,2,1,1,8,"Poste de sante cg Farumasi",1,,2016,2,1,82.8797946428571
131,114,2,8,2,1,1,19,"Insyo/amabarizo/aho bakora amavuta ateka",0,5,,,,82.8797946428571
131,114,2,8,2,1,1,9,"Ibitaro",0,5,,,,82.8797946428571
131,114,2,8,2,1,1,22,"Kiliziya/Umusigiti/Urusengero",1,,888,3,,82.8797946428571
131,114,2,8,2,1,1,1,"Ibigo by!amashuri y!incuke",0,3,,,,82.8797946428571
131,114,2,8,2,1,1,10,"Amasoko",0,5,,,,82.8797946428571
131,114,2,8,2,1,1,20,"Aho basharija/bakora telefoni",0,5,,,,82.8797946428571
131,114,2,8,2,1,1,7,"Amavuriro ya Leta/Ikigo nderabuzima",0,5,,,,82.8797946428571
131,114,2,8,2,1,1,16,"Aho abantu babonera Internet",0,5,,,,82.8797946428571
131,114,2,8,2,1,1,12,"Amashami ya Banki",0,5,,,,82.8797946428571
131,114,2,8,2,1,1,14,"Poste ya polisi",0,5,,,,82.8797946428571
131,114,2,8,2,1,1,4,"Ikigo cy!amashuri y!imyuga  (TVET)",0,5,,,,82.8797946428571
131,114,2,8,2,1,1,11,"Amakusanyirizo y!amata",0,8,,,,82.8797946428571
131,114,2,8,2,1,1,13,"Ibigo by!imari iciriritse",0,5,,,,82.8797946428571
132,115,2,8,2,1,1,9,"Ibitaro",0,3,,,,95.6783076923077
132,115,2,8,2,1,1,17,"Imiryango itari ibigo by!imari itari iya leta",0,15,,,,95.6783076923077
132,115,2,8,2,1,1,19,"Insyo/amabarizo/aho bakora amavuta ateka",0,3,,,,95.6783076923077
132,115,2,8,2,1,1,18,"Aho bajya inama bakanatanga serivisi z!ubuhinzi",1,,2018,2,1,95.6783076923077
132,115,2,8,2,1,1,12,"Amashami ya Banki",0,3,,,,95.6783076923077
132,115,2,8,2,1,1,6,"Amavuriro y!igenga",0,3,,,,95.6783076923077
132,115,2,8,2,1,1,7,"Amavuriro ya Leta/Ikigo nderabuzima",0,3,,,,95.6783076923077
132,115,2,8,2,1,1,21,"Ipompo izamura amazi ikoresha amashanyarazi",0,3,,,,95.6783076923077
132,115,2,8,2,1,1,5,"Aho bategera Bus",0,3,,,,95.6783076923077
132,115,2,8,2,1,1,15,"Ibiro by!iposita",0,15,,,,95.6783076923077
132,115,2,8,2,1,1,4,"Ikigo cy!amashuri y!imyuga  (TVET)",0,3,,,,95.6783076923077
132,115,2,8,2,1,1,22,"Kiliziya/Umusigiti/Urusengero",1,,888,3,,95.6783076923077
132,115,2,8,2,1,1,2,"Ibigo by!amashuri yibanza",0,1,,,,95.6783076923077
132,115,2,8,2,1,1,14,"Poste ya polisi",0,4,,,,95.6783076923077
132,115,2,8,2,1,1,1,"Ibigo by!amashuri y!incuke",1,,2019,2,1,95.6783076923077
132,115,2,8,2,1,1,13,"Ibigo by!imari iciriritse",0,3,,,,95.6783076923077
132,115,2,8,2,1,1,11,"Amakusanyirizo y!amata",0,3,,,,95.6783076923077
132,115,2,8,2,1,1,20,"Aho basharija/bakora telefoni",2,,2020,2,1,95.6783076923077
132,115,2,8,2,1,1,3,"Ibigo by!amashuri yisumbuye",0,1,,,,95.6783076923077
132,115,2,8,2,1,1,23,"Ibiro by!ibigo bya Leta bitanga amashanyarazi",0,30,,,,95.6783076923077
132,115,2,8,2,1,1,8,"Poste de sante cg Farumasi",0,2,,,,95.6783076923077
132,115,2,8,2,1,1,10,"Amasoko",0,1,,,,95.6783076923077
132,115,2,8,2,1,1,16,"Aho abantu babonera Internet",0,4,,,,95.6783076923077
133,116,2,8,1,1,1,4,"Ikigo cy!amashuri y!imyuga  (TVET)",0,5,,,,9.9624364640884
133,116,2,8,1,1,1,9,"Ibitaro",0,1,,,,9.9624364640884
133,116,2,8,1,1,1,15,"Ibiro by!iposita",0,9,,,,9.9624364640884
133,116,2,8,1,1,1,20,"Aho basharija/bakora telefoni",3,,2008,1,1,9.9624364640884
133,116,2,8,1,1,1,21,"Ipompo izamura amazi ikoresha amashanyarazi",0,5,,,,9.9624364640884
133,116,2,8,1,1,1,13,"Ibigo by!imari iciriritse",1,,2013,1,1,9.9624364640884
133,116,2,8,1,1,1,7,"Amavuriro ya Leta/Ikigo nderabuzima",0,1,,,,9.9624364640884
133,116,2,8,1,1,1,23,"Ibiro by!ibigo bya Leta bitanga amashanyarazi",0,15,,,,9.9624364640884
133,116,2,8,1,1,1,6,"Amavuriro y!igenga",0,1,,,,9.9624364640884
133,116,2,8,1,1,1,10,"Amasoko",0,1,,,,9.9624364640884
133,116,2,8,1,1,1,17,"Imiryango itari ibigo by!imari itari iya leta",0,9,,,,9.9624364640884
133,116,2,8,1,1,1,16,"Aho abantu babonera Internet",0,1,,,,9.9624364640884
133,116,2,8,1,1,1,22,"Kiliziya/Umusigiti/Urusengero",1,,2019,1,1,9.9624364640884
133,116,2,8,1,1,1,19,"Insyo/amabarizo/aho bakora amavuta ateka",2,,2014,1,1,9.9624364640884
133,116,2,8,1,1,1,18,"Aho bajya inama bakanatanga serivisi z!ubuhinzi",1,,2014,3,,9.9624364640884
133,116,2,8,1,1,1,2,"Ibigo by!amashuri yibanza",0,1,,,,9.9624364640884
133,116,2,8,1,1,1,11,"Amakusanyirizo y!amata",1,,2018,1,1,9.9624364640884
133,116,2,8,1,1,1,3,"Ibigo by!amashuri yisumbuye",0,1,,,,9.9624364640884
133,116,2,8,1,1,1,14,"Poste ya polisi",0,2,,,,9.9624364640884
133,116,2,8,1,1,1,5,"Aho bategera Bus",1,,888,1,1,9.9624364640884
133,116,2,8,1,1,1,8,"Poste de sante cg Farumasi",1,,2018,1,1,9.9624364640884
133,116,2,8,1,1,1,12,"Amashami ya Banki",0,11,,,,9.9624364640884
133,116,2,8,1,1,1,1,"Ibigo by!amashuri y!incuke",1,,2019,1,1,9.9624364640884
134,117,2,8,1,1,1,8,"Poste de sante cg Farumasi",2,,2010,1,1,5.43553831877729
134,117,2,8,1,1,1,16,"Aho abantu babonera Internet",0,1,,,,5.43553831877729
134,117,2,8,1,1,1,7,"Amavuriro ya Leta/Ikigo nderabuzima",0,3,,,,5.43553831877729
134,117,2,8,1,1,1,6,"Amavuriro y!igenga",0,1,,,,5.43553831877729
134,117,2,8,1,1,1,5,"Aho bategera Bus",1,,2016,1,1,5.43553831877729
134,117,2,8,1,1,1,20,"Aho basharija/bakora telefoni",4,,2015,1,1,5.43553831877729
134,117,2,8,1,1,1,4,"Ikigo cy!amashuri y!imyuga  (TVET)",0,4,,,,5.43553831877729
134,117,2,8,1,1,1,12,"Amashami ya Banki",0,0,,,,5.43553831877729
134,117,2,8,1,1,1,10,"Amasoko",0,2,,,,5.43553831877729
134,117,2,8,1,1,1,9,"Ibitaro",0,12,,,,5.43553831877729
134,117,2,8,1,1,1,1,"Ibigo by!amashuri y!incuke",1,,2015,1,1,5.43553831877729
134,117,2,8,1,1,1,21,"Ipompo izamura amazi ikoresha amashanyarazi",0,2,,,,5.43553831877729
134,117,2,8,1,1,1,18,"Aho bajya inama bakanatanga serivisi z!ubuhinzi",0,1,,,,5.43553831877729
134,117,2,8,1,1,1,3,"Ibigo by!amashuri yisumbuye",0,1,,,,5.43553831877729
134,117,2,8,1,1,1,17,"Imiryango itari ibigo by!imari itari iya leta",1,,2019,1,1,5.43553831877729
134,117,2,8,1,1,1,22,"Kiliziya/Umusigiti/Urusengero",2,,1985,1,1,5.43553831877729
134,117,2,8,1,1,1,11,"Amakusanyirizo y!amata",0,2,,,,5.43553831877729
134,117,2,8,1,1,1,19,"Insyo/amabarizo/aho bakora amavuta ateka",0,1,,,,5.43553831877729
134,117,2,8,1,1,1,23,"Ibiro by!ibigo bya Leta bitanga amashanyarazi",1,,2021,1,1,5.43553831877729
134,117,2,8,1,1,1,14,"Poste ya polisi",0,0,,,,5.43553831877729
134,117,2,8,1,1,1,13,"Ibigo by!imari iciriritse",1,,2015,1,1,5.43553831877729
134,117,2,8,1,1,1,2,"Ibigo by!amashuri yibanza",1,,2021,1,1,5.43553831877729
134,117,2,8,1,1,1,15,"Ibiro by!iposita",0,7,,,,5.43553831877729
135,118,3,1,2,1,1,3,"Ibigo by!amashuri yisumbuye",0,0,,,,9.30926727272727
135,118,3,1,2,1,1,20,"Aho basharija/bakora telefoni",0,5,,,,9.30926727272727
135,118,3,1,2,1,1,15,"Ibiro by!iposita",0,9,,,,9.30926727272727
135,118,3,1,2,1,1,7,"Amavuriro ya Leta/Ikigo nderabuzima",0,9,,,,9.30926727272727
135,118,3,1,2,1,1,17,"Imiryango itari ibigo by!imari itari iya leta",0,9,,,,9.30926727272727
135,118,3,1,2,1,1,1,"Ibigo by!amashuri y!incuke",0,9,,,,9.30926727272727
135,118,3,1,2,1,1,23,"Ibiro by!ibigo bya Leta bitanga amashanyarazi",0,9,,,,9.30926727272727
135,118,3,1,2,1,1,2,"Ibigo by!amashuri yibanza",0,0,,,,9.30926727272727
135,118,3,1,2,1,1,14,"Poste ya polisi",0,9,,,,9.30926727272727
135,118,3,1,2,1,1,22,"Kiliziya/Umusigiti/Urusengero",0,0,,,,9.30926727272727
135,118,3,1,2,1,1,13,"Ibigo by!imari iciriritse",0,9,,,,9.30926727272727
135,118,3,1,2,1,1,18,"Aho bajya inama bakanatanga serivisi z!ubuhinzi",0,0,,,,9.30926727272727
135,118,3,1,2,1,1,5,"Aho bategera Bus",0,2,,,,9.30926727272727
135,118,3,1,2,1,1,9,"Ibitaro",0,9,,,,9.30926727272727
135,118,3,1,2,1,1,10,"Amasoko",0,8,,,,9.30926727272727
135,118,3,1,2,1,1,4,"Ikigo cy!amashuri y!imyuga  (TVET)",0,9,,,,9.30926727272727
135,118,3,1,2,1,1,6,"Amavuriro y!igenga",0,9,,,,9.30926727272727
135,118,3,1,2,1,1,8,"Poste de sante cg Farumasi",0,5,,,,9.30926727272727
135,118,3,1,2,1,1,19,"Insyo/amabarizo/aho bakora amavuta ateka",0,9,,,,9.30926727272727
135,118,3,1,2,1,1,21,"Ipompo izamura amazi ikoresha amashanyarazi",0,0,,,,9.30926727272727
135,118,3,1,2,1,1,12,"Amashami ya Banki",0,10,,,,9.30926727272727
135,118,3,1,2,1,1,16,"Aho abantu babonera Internet",0,10,,,,9.30926727272727
135,118,3,1,2,1,1,11,"Amakusanyirizo y!amata",0,55,,,,9.30926727272727
136,119,3,1,2,1,1,12,"Amashami ya Banki",0,6,,,,8.84043631578947
136,119,3,1,2,1,1,10,"Amasoko",0,7,,,,8.84043631578947
136,119,3,1,2,1,1,7,"Amavuriro ya Leta/Ikigo nderabuzima",0,6,,,,8.84043631578947
136,119,3,1,2,1,1,6,"Amavuriro y!igenga",0,5,,,,8.84043631578947
136,119,3,1,2,1,1,11,"Amakusanyirizo y!amata",0,0,,,,8.84043631578947
136,119,3,1,2,1,1,5,"Aho bategera Bus",0,5,,,,8.84043631578947
136,119,3,1,2,1,1,14,"Poste ya polisi",0,7,,,,8.84043631578947
136,119,3,1,2,1,1,13,"Ibigo by!imari iciriritse",0,6,,,,8.84043631578947
136,119,3,1,2,1,1,8,"Poste de sante cg Farumasi",0,2,,,,8.84043631578947
136,119,3,1,2,1,1,9,"Ibitaro",0,7,,,,8.84043631578947
136,119,3,1,2,1,1,21,"Ipompo izamura amazi ikoresha amashanyarazi",0,0,,,,8.84043631578947
136,119,3,1,2,1,1,15,"Ibiro by!iposita",0,7,,,,8.84043631578947
136,119,3,1,2,1,1,1,"Ibigo by!amashuri y!incuke",0,1,,,,8.84043631578947
136,119,3,1,2,1,1,18,"Aho bajya inama bakanatanga serivisi z!ubuhinzi",0,6,,,,8.84043631578947
136,119,3,1,2,1,1,17,"Imiryango itari ibigo by!imari itari iya leta",0,7,,,,8.84043631578947
136,119,3,1,2,1,1,23,"Ibiro by!ibigo bya Leta bitanga amashanyarazi",0,8,,,,8.84043631578947
136,119,3,1,2,1,1,19,"Insyo/amabarizo/aho bakora amavuta ateka",2,,2022,1,1,8.84043631578947
136,119,3,1,2,1,1,20,"Aho basharija/bakora telefoni",0,3,,,,8.84043631578947
136,119,3,1,2,1,1,2,"Ibigo by!amashuri yibanza",0,1,,,,8.84043631578947
136,119,3,1,2,1,1,3,"Ibigo by!amashuri yisumbuye",0,1,,,,8.84043631578947
136,119,3,1,2,1,1,22,"Kiliziya/Umusigiti/Urusengero",0,2,,,,8.84043631578947
136,119,3,1,2,1,1,4,"Ikigo cy!amashuri y!imyuga  (TVET)",0,4,,,,8.84043631578947
136,119,3,1,2,1,1,16,"Aho abantu babonera Internet",0,6,,,,8.84043631578947
137,120,3,1,1,1,1,3,"Ibigo by!amashuri yisumbuye",0,2,,,,23.9924330935252
137,120,3,1,1,1,1,22,"Kiliziya/Umusigiti/Urusengero",1,,2005,1,1,23.9924330935252
137,120,3,1,1,1,1,15,"Ibiro by!iposita",0,5,,,,23.9924330935252
137,120,3,1,1,1,1,8,"Poste de sante cg Farumasi",0,2,,,,23.9924330935252
137,120,3,1,1,1,1,18,"Aho bajya inama bakanatanga serivisi z!ubuhinzi",1,,2012,3,,23.9924330935252
137,120,3,1,1,1,1,21,"Ipompo izamura amazi ikoresha amashanyarazi",0,0,,,,23.9924330935252
137,120,3,1,1,1,1,23,"Ibiro by!ibigo bya Leta bitanga amashanyarazi",0,5,,,,23.9924330935252
137,120,3,1,1,1,1,5,"Aho bategera Bus",0,1,,,,23.9924330935252
137,120,3,1,1,1,1,12,"Amashami ya Banki",0,1,,,,23.9924330935252
137,120,3,1,1,1,1,14,"Poste ya polisi",0,1,,,,23.9924330935252
137,120,3,1,1,1,1,2,"Ibigo by!amashuri yibanza",0,2,,,,23.9924330935252
137,120,3,1,1,1,1,13,"Ibigo by!imari iciriritse",0,1,,,,23.9924330935252
137,120,3,1,1,1,1,9,"Ibitaro",0,2,,,,23.9924330935252
137,120,3,1,1,1,1,19,"Insyo/amabarizo/aho bakora amavuta ateka",0,2,,,,23.9924330935252
137,120,3,1,1,1,1,17,"Imiryango itari ibigo by!imari itari iya leta",0,1,,,,23.9924330935252
137,120,3,1,1,1,1,6,"Amavuriro y!igenga",0,3,,,,23.9924330935252
137,120,3,1,1,1,1,20,"Aho basharija/bakora telefoni",0,1,,,,23.9924330935252
137,120,3,1,1,1,1,16,"Aho abantu babonera Internet",0,3,,,,23.9924330935252
137,120,3,1,1,1,1,11,"Amakusanyirizo y!amata",0,20,,,,23.9924330935252
137,120,3,1,1,1,1,4,"Ikigo cy!amashuri y!imyuga  (TVET)",0,3,,,,23.9924330935252
137,120,3,1,1,1,1,7,"Amavuriro ya Leta/Ikigo nderabuzima",0,4,,,,23.9924330935252
137,120,3,1,1,1,1,10,"Amasoko",0,2,,,,23.9924330935252
137,120,3,1,1,1,1,1,"Ibigo by!amashuri y!incuke",1,,2019,1,1,23.9924330935252
138,121,3,1,2,1,1,22,"Kiliziya/Umusigiti/Urusengero",0,7,,,,6.05804417910448
138,121,3,1,2,1,1,2,"Ibigo by!amashuri yibanza",0,4,,,,6.05804417910448
138,121,3,1,2,1,1,20,"Aho basharija/bakora telefoni",0,7,,,,6.05804417910448
138,121,3,1,2,1,1,7,"Amavuriro ya Leta/Ikigo nderabuzima",0,4,,,,6.05804417910448
138,121,3,1,2,1,1,1,"Ibigo by!amashuri y!incuke",0,4,,,,6.05804417910448
138,121,3,1,2,1,1,3,"Ibigo by!amashuri yisumbuye",0,4,,,,6.05804417910448
138,121,3,1,2,1,1,8,"Poste de sante cg Farumasi",0,5,,,,6.05804417910448
138,121,3,1,2,1,1,18,"Aho bajya inama bakanatanga serivisi z!ubuhinzi",0,45,,,,6.05804417910448
138,121,3,1,2,1,1,19,"Insyo/amabarizo/aho bakora amavuta ateka",0,5,,,,6.05804417910448
138,121,3,1,2,1,1,5,"Aho bategera Bus",0,4,,,,6.05804417910448
138,121,3,1,2,1,1,17,"Imiryango itari ibigo by!imari itari iya leta",1,,2019,3,,6.05804417910448
138,121,3,1,2,1,1,16,"Aho abantu babonera Internet",0,7,,,,6.05804417910448
138,121,3,1,2,1,1,14,"Poste ya polisi",0,7,,,,6.05804417910448
138,121,3,1,2,1,1,4,"Ikigo cy!amashuri y!imyuga  (TVET)",0,4,,,,6.05804417910448
138,121,3,1,2,1,1,9,"Ibitaro",0,5,,,,6.05804417910448
138,121,3,1,2,1,1,15,"Ibiro by!iposita",0,7,,,,6.05804417910448
138,121,3,1,2,1,1,12,"Amashami ya Banki",0,7,,,,6.05804417910448
138,121,3,1,2,1,1,11,"Amakusanyirizo y!amata",0,0,,,,6.05804417910448
138,121,3,1,2,1,1,6,"Amavuriro y!igenga",0,4,,,,6.05804417910448
138,121,3,1,2,1,1,10,"Amasoko",0,5,,,,6.05804417910448
138,121,3,1,2,1,1,21,"Ipompo izamura amazi ikoresha amashanyarazi",0,10,,,,6.05804417910448
138,121,3,1,2,1,1,13,"Ibigo by!imari iciriritse",0,7,,,,6.05804417910448
138,121,3,1,2,1,1,23,"Ibiro by!ibigo bya Leta bitanga amashanyarazi",0,7,,,,6.05804417910448
139,122,3,1,2,1,1,3,"Ibigo by!amashuri yisumbuye",0,3,,,,8.73729090909091
139,122,3,1,2,1,1,2,"Ibigo by!amashuri yibanza",0,3,,,,8.73729090909091
139,122,3,1,2,1,1,18,"Aho bajya inama bakanatanga serivisi z!ubuhinzi",0,4,,,,8.73729090909091
139,122,3,1,2,1,1,7,"Amavuriro ya Leta/Ikigo nderabuzima",0,8,,,,8.73729090909091
139,122,3,1,2,1,1,4,"Ikigo cy!amashuri y!imyuga  (TVET)",0,8,,,,8.73729090909091
139,122,3,1,2,1,1,6,"Amavuriro y!igenga",0,15,,,,8.73729090909091
139,122,3,1,2,1,1,17,"Imiryango itari ibigo by!imari itari iya leta",0,25,,,,8.73729090909091
139,122,3,1,2,1,1,5,"Aho bategera Bus",0,8,,,,8.73729090909091
139,122,3,1,2,1,1,19,"Insyo/amabarizo/aho bakora amavuta ateka",2,,2019,1,1,8.73729090909091
139,122,3,1,2,1,1,11,"Amakusanyirizo y!amata",0,25,,,,8.73729090909091
139,122,3,1,2,1,1,23,"Ibiro by!ibigo bya Leta bitanga amashanyarazi",0,25,,,,8.73729090909091
139,122,3,1,2,1,1,1,"Ibigo by!amashuri y!incuke",0,3,,,,8.73729090909091
139,122,3,1,2,1,1,16,"Aho abantu babonera Internet",0,3,,,,8.73729090909091
139,122,3,1,2,1,1,10,"Amasoko",0,5,,,,8.73729090909091
139,122,3,1,2,1,1,15,"Ibiro by!iposita",0,25,,,,8.73729090909091
139,122,3,1,2,1,1,21,"Ipompo izamura amazi ikoresha amashanyarazi",0,25,,,,8.73729090909091
139,122,3,1,2,1,1,9,"Ibitaro",0,25,,,,8.73729090909091
139,122,3,1,2,1,1,12,"Amashami ya Banki",0,12,,,,8.73729090909091
139,122,3,1,2,1,1,13,"Ibigo by!imari iciriritse",0,5,,,,8.73729090909091
139,122,3,1,2,1,1,22,"Kiliziya/Umusigiti/Urusengero",4,,1985,1,1,8.73729090909091
139,122,3,1,2,1,1,8,"Poste de sante cg Farumasi",0,8,,,,8.73729090909091
139,122,3,1,2,1,1,20,"Aho basharija/bakora telefoni",0,5,,,,8.73729090909091
139,122,3,1,2,1,1,14,"Poste ya polisi",0,12,,,,8.73729090909091
140,123,3,1,2,1,1,6,"Amavuriro y!igenga",0,5,,,,8.86556956521739
140,123,3,1,2,1,1,4,"Ikigo cy!amashuri y!imyuga  (TVET)",0,5,,,,8.86556956521739
140,123,3,1,2,1,1,2,"Ibigo by!amashuri yibanza",1,,2000,3,,8.86556956521739
140,123,3,1,2,1,1,19,"Insyo/amabarizo/aho bakora amavuta ateka",0,1,,,,8.86556956521739
140,123,3,1,2,1,1,13,"Ibigo by!imari iciriritse",0,5,,,,8.86556956521739
140,123,3,1,2,1,1,20,"Aho basharija/bakora telefoni",0,5,,,,8.86556956521739
140,123,3,1,2,1,1,7,"Amavuriro ya Leta/Ikigo nderabuzima",0,5,,,,8.86556956521739
140,123,3,1,2,1,1,10,"Amasoko",0,10,,,,8.86556956521739
140,123,3,1,2,1,1,21,"Ipompo izamura amazi ikoresha amashanyarazi",0,12,,,,8.86556956521739
140,123,3,1,2,1,1,17,"Imiryango itari ibigo by!imari itari iya leta",0,10,,,,8.86556956521739
140,123,3,1,2,1,1,8,"Poste de sante cg Farumasi",0,5,,,,8.86556956521739
140,123,3,1,2,1,1,15,"Ibiro by!iposita",0,10,,,,8.86556956521739
140,123,3,1,2,1,1,22,"Kiliziya/Umusigiti/Urusengero",0,0,,,,8.86556956521739
140,123,3,1,2,1,1,3,"Ibigo by!amashuri yisumbuye",0,3,,,,8.86556956521739
140,123,3,1,2,1,1,9,"Ibitaro",0,10,,,,8.86556956521739
140,123,3,1,2,1,1,5,"Aho bategera Bus",0,8,,,,8.86556956521739
140,123,3,1,2,1,1,11,"Amakusanyirizo y!amata",0,70,,,,8.86556956521739
140,123,3,1,2,1,1,1,"Ibigo by!amashuri y!incuke",1,,2022,3,,8.86556956521739
140,123,3,1,2,1,1,18,"Aho bajya inama bakanatanga serivisi z!ubuhinzi",0,10,,,,8.86556956521739
140,123,3,1,2,1,1,23,"Ibiro by!ibigo bya Leta bitanga amashanyarazi",0,10,,,,8.86556956521739
140,123,3,1,2,1,1,12,"Amashami ya Banki",0,10,,,,8.86556956521739
140,123,3,1,2,1,1,14,"Poste ya polisi",0,10,,,,8.86556956521739
140,123,3,1,2,1,1,16,"Aho abantu babonera Internet",0,1,,,,8.86556956521739
141,124,3,1,2,1,1,13,"Ibigo by!imari iciriritse",0,6,,,,7.22822444444444
141,124,3,1,2,1,1,14,"Poste ya polisi",0,12,,,,7.22822444444444
141,124,3,1,2,1,1,7,"Amavuriro ya Leta/Ikigo nderabuzima",0,6,,,,7.22822444444444
141,124,3,1,2,1,1,4,"Ikigo cy!amashuri y!imyuga  (TVET)",0,18,,,,7.22822444444444
141,124,3,1,2,1,1,21,"Ipompo izamura amazi ikoresha amashanyarazi",0,12,,,,7.22822444444444
141,124,3,1,2,1,1,17,"Imiryango itari ibigo by!imari itari iya leta",0,2,,,,7.22822444444444
141,124,3,1,2,1,1,5,"Aho bategera Bus",0,3,,,,7.22822444444444
141,124,3,1,2,1,1,23,"Ibiro by!ibigo bya Leta bitanga amashanyarazi",0,12,,,,7.22822444444444
141,124,3,1,2,1,1,22,"Kiliziya/Umusigiti/Urusengero",3,,1933,3,,7.22822444444444
141,124,3,1,2,1,1,3,"Ibigo by!amashuri yisumbuye",0,3,,,,7.22822444444444
141,124,3,1,2,1,1,10,"Amasoko",0,6,,,,7.22822444444444
141,124,3,1,2,1,1,12,"Amashami ya Banki",0,6,,,,7.22822444444444
141,124,3,1,2,1,1,2,"Ibigo by!amashuri yibanza",0,3,,,,7.22822444444444
141,124,3,1,2,1,1,8,"Poste de sante cg Farumasi",0,3,,,,7.22822444444444
141,124,3,1,2,1,1,15,"Ibiro by!iposita",0,12,,,,7.22822444444444
141,124,3,1,2,1,1,9,"Ibitaro",0,12,,,,7.22822444444444
141,124,3,1,2,1,1,18,"Aho bajya inama bakanatanga serivisi z!ubuhinzi",0,12,,,,7.22822444444444
141,124,3,1,2,1,1,6,"Amavuriro y!igenga",0,10,,,,7.22822444444444
141,124,3,1,2,1,1,19,"Insyo/amabarizo/aho bakora amavuta ateka",0,6,,,,7.22822444444444
141,124,3,1,2,1,1,20,"Aho basharija/bakora telefoni",0,6,,,,7.22822444444444
141,124,3,1,2,1,1,11,"Amakusanyirizo y!amata",0,12,,,,7.22822444444444
141,124,3,1,2,1,1,1,"Ibigo by!amashuri y!incuke",0,3,,,,7.22822444444444
141,124,3,1,2,1,1,16,"Aho abantu babonera Internet",0,6,,,,7.22822444444444
142,125,3,1,2,1,1,17,"Imiryango itari ibigo by!imari itari iya leta",0,5,,,,7.96816413461539
142,125,3,1,2,1,1,8,"Poste de sante cg Farumasi",0,4,,,,7.96816413461539
142,125,3,1,2,1,1,11,"Amakusanyirizo y!amata",0,41,,,,7.96816413461539
142,125,3,1,2,1,1,10,"Amasoko",0,5,,,,7.96816413461539
142,125,3,1,2,1,1,14,"Poste ya polisi",0,8,,,,7.96816413461539
142,125,3,1,2,1,1,15,"Ibiro by!iposita",0,41,,,,7.96816413461539
142,125,3,1,2,1,1,12,"Amashami ya Banki",0,5,,,,7.96816413461539
142,125,3,1,2,1,1,9,"Ibitaro",0,19,,,,7.96816413461539
142,125,3,1,2,1,1,18,"Aho bajya inama bakanatanga serivisi z!ubuhinzi",0,5,,,,7.96816413461539
142,125,3,1,2,1,1,20,"Aho basharija/bakora telefoni",1,,2021,1,1,7.96816413461539
142,125,3,1,2,1,1,3,"Ibigo by!amashuri yisumbuye",0,2,,,,7.96816413461539
142,125,3,1,2,1,1,5,"Aho bategera Bus",0,5,,,,7.96816413461539
142,125,3,1,2,1,1,13,"Ibigo by!imari iciriritse",0,5,,,,7.96816413461539
142,125,3,1,2,1,1,22,"Kiliziya/Umusigiti/Urusengero",1,,1934,1,1,7.96816413461539
142,125,3,1,2,1,1,4,"Ikigo cy!amashuri y!imyuga  (TVET)",0,2,,,,7.96816413461539
142,125,3,1,2,1,1,23,"Ibiro by!ibigo bya Leta bitanga amashanyarazi",0,41,,,,7.96816413461539
142,125,3,1,2,1,1,2,"Ibigo by!amashuri yibanza",0,2,,,,7.96816413461539
142,125,3,1,2,1,1,6,"Amavuriro y!igenga",0,7,,,,7.96816413461539
142,125,3,1,2,1,1,16,"Aho abantu babonera Internet",0,5,,,,7.96816413461539
142,125,3,1,2,1,1,1,"Ibigo by!amashuri y!incuke",1,,2012,3,,7.96816413461539
142,125,3,1,2,1,1,7,"Amavuriro ya Leta/Ikigo nderabuzima",0,7,,,,7.96816413461539
142,125,3,1,2,1,1,19,"Insyo/amabarizo/aho bakora amavuta ateka",0,5,,,,7.96816413461539
142,125,3,1,2,1,1,21,"Ipompo izamura amazi ikoresha amashanyarazi",0,41,,,,7.96816413461539
143,126,3,1,2,1,1,15,"Ibiro by!iposita",0,41,,,,129.616023809524
143,126,3,1,2,1,1,20,"Aho basharija/bakora telefoni",0,5,,,,129.616023809524
143,126,3,1,2,1,1,16,"Aho abantu babonera Internet",0,5,,,,129.616023809524
143,126,3,1,2,1,1,11,"Amakusanyirizo y!amata",0,41,,,,129.616023809524
143,126,3,1,2,1,1,1,"Ibigo by!amashuri y!incuke",2,,2021,2,1,129.616023809524
143,126,3,1,2,1,1,23,"Ibiro by!ibigo bya Leta bitanga amashanyarazi",0,41,,,,129.616023809524
143,126,3,1,2,1,1,10,"Amasoko",0,10,,,,129.616023809524
143,126,3,1,2,1,1,4,"Ikigo cy!amashuri y!imyuga  (TVET)",1,,2022,2,1,129.616023809524
143,126,3,1,2,1,1,14,"Poste ya polisi",0,15,,,,129.616023809524
143,126,3,1,2,1,1,6,"Amavuriro y!igenga",0,5,,,,129.616023809524
143,126,3,1,2,1,1,18,"Aho bajya inama bakanatanga serivisi z!ubuhinzi",0,5,,,,129.616023809524
143,126,3,1,2,1,1,8,"Poste de sante cg Farumasi",0,3,,,,129.616023809524
143,126,3,1,2,1,1,9,"Ibitaro",0,15,,,,129.616023809524
143,126,3,1,2,1,1,2,"Ibigo by!amashuri yibanza",1,,1960,2,1,129.616023809524
143,126,3,1,2,1,1,3,"Ibigo by!amashuri yisumbuye",1,,2015,2,1,129.616023809524
143,126,3,1,2,1,1,17,"Imiryango itari ibigo by!imari itari iya leta",0,41,,,,129.616023809524
143,126,3,1,2,1,1,12,"Amashami ya Banki",0,5,,,,129.616023809524
143,126,3,1,2,1,1,19,"Insyo/amabarizo/aho bakora amavuta ateka",0,7,,,,129.616023809524
143,126,3,1,2,1,1,21,"Ipompo izamura amazi ikoresha amashanyarazi",0,41,,,,129.616023809524
143,126,3,1,2,1,1,13,"Ibigo by!imari iciriritse",0,5,,,,129.616023809524
143,126,3,1,2,1,1,7,"Amavuriro ya Leta/Ikigo nderabuzima",0,5,,,,129.616023809524
143,126,3,1,2,1,1,22,"Kiliziya/Umusigiti/Urusengero",1,,1960,3,,129.616023809524
143,126,3,1,2,1,1,5,"Aho bategera Bus",0,5,,,,129.616023809524
144,127,3,1,2,1,1,14,"Poste ya polisi",0,4,,,,6.52797094736842
144,127,3,1,2,1,1,16,"Aho abantu babonera Internet",0,1,,,,6.52797094736842
144,127,3,1,2,1,1,21,"Ipompo izamura amazi ikoresha amashanyarazi",0,62,,,,6.52797094736842
144,127,3,1,2,1,1,20,"Aho basharija/bakora telefoni",0,1,,,,6.52797094736842
144,127,3,1,2,1,1,23,"Ibiro by!ibigo bya Leta bitanga amashanyarazi",0,62,,,,6.52797094736842
144,127,3,1,2,1,1,3,"Ibigo by!amashuri yisumbuye",0,1,,,,6.52797094736842
144,127,3,1,2,1,1,17,"Imiryango itari ibigo by!imari itari iya leta",0,62,,,,6.52797094736842
144,127,3,1,2,1,1,5,"Aho bategera Bus",0,1,,,,6.52797094736842
144,127,3,1,2,1,1,18,"Aho bajya inama bakanatanga serivisi z!ubuhinzi",1,,2021,3,,6.52797094736842
144,127,3,1,2,1,1,9,"Ibitaro",0,62,,,,6.52797094736842
144,127,3,1,2,1,1,12,"Amashami ya Banki",0,1,,,,6.52797094736842
144,127,3,1,2,1,1,11,"Amakusanyirizo y!amata",0,62,,,,6.52797094736842
144,127,3,1,2,1,1,8,"Poste de sante cg Farumasi",0,2,,,,6.52797094736842
144,127,3,1,2,1,1,13,"Ibigo by!imari iciriritse",0,1,,,,6.52797094736842
144,127,3,1,2,1,1,22,"Kiliziya/Umusigiti/Urusengero",0,1,,,,6.52797094736842
144,127,3,1,2,1,1,15,"Ibiro by!iposita",0,62,,,,6.52797094736842
144,127,3,1,2,1,1,1,"Ibigo by!amashuri y!incuke",3,,2018,3,,6.52797094736842
144,127,3,1,2,1,1,10,"Amasoko",0,1,,,,6.52797094736842
144,127,3,1,2,1,1,2,"Ibigo by!amashuri yibanza",0,1,,,,6.52797094736842
144,127,3,1,2,1,1,7,"Amavuriro ya Leta/Ikigo nderabuzima",0,2,,,,6.52797094736842
144,127,3,1,2,1,1,19,"Insyo/amabarizo/aho bakora amavuta ateka",1,,2021,1,1,6.52797094736842
144,127,3,1,2,1,1,4,"Ikigo cy!amashuri y!imyuga  (TVET)",0,62,,,,6.52797094736842
144,127,3,1,2,1,1,6,"Amavuriro y!igenga",0,62,,,,6.52797094736842
145,128,3,1,2,1,1,2,"Ibigo by!amashuri yibanza",0,1,,,,143.114677419355
145,128,3,1,2,1,1,6,"Amavuriro y!igenga",0,12,,,,143.114677419355
145,128,3,1,2,1,1,11,"Amakusanyirizo y!amata",0,12,,,,143.114677419355
145,128,3,1,2,1,1,7,"Amavuriro ya Leta/Ikigo nderabuzima",0,12,,,,143.114677419355
145,128,3,1,2,1,1,9,"Ibitaro",0,24,,,,143.114677419355
145,128,3,1,2,1,1,3,"Ibigo by!amashuri yisumbuye",0,1,,,,143.114677419355
145,128,3,1,2,1,1,18,"Aho bajya inama bakanatanga serivisi z!ubuhinzi",0,12,,,,143.114677419355
145,128,3,1,2,1,1,16,"Aho abantu babonera Internet",0,12,,,,143.114677419355
145,128,3,1,2,1,1,5,"Aho bategera Bus",0,12,,,,143.114677419355
145,128,3,1,2,1,1,8,"Poste de sante cg Farumasi",0,5,,,,143.114677419355
145,128,3,1,2,1,1,23,"Ibiro by!ibigo bya Leta bitanga amashanyarazi",0,24,,,,143.114677419355
145,128,3,1,2,1,1,14,"Poste ya polisi",0,12,,,,143.114677419355
145,128,3,1,2,1,1,15,"Ibiro by!iposita",0,24,,,,143.114677419355
145,128,3,1,2,1,1,10,"Amasoko",0,12,,,,143.114677419355
145,128,3,1,2,1,1,12,"Amashami ya Banki",0,12,,,,143.114677419355
145,128,3,1,2,1,1,1,"Ibigo by!amashuri y!incuke",0,1,,,,143.114677419355
145,128,3,1,2,1,1,22,"Kiliziya/Umusigiti/Urusengero",1,,2000,1,1,143.114677419355
145,128,3,1,2,1,1,4,"Ikigo cy!amashuri y!imyuga  (TVET)",0,12,,,,143.114677419355
145,128,3,1,2,1,1,19,"Insyo/amabarizo/aho bakora amavuta ateka",4,,2022,1,1,143.114677419355
145,128,3,1,2,1,1,20,"Aho basharija/bakora telefoni",0,12,,,,143.114677419355
145,128,3,1,2,1,1,21,"Ipompo izamura amazi ikoresha amashanyarazi",0,0,,,,143.114677419355
145,128,3,1,2,1,1,17,"Imiryango itari ibigo by!imari itari iya leta",0,12,,,,143.114677419355
145,128,3,1,2,1,1,13,"Ibigo by!imari iciriritse",0,12,,,,143.114677419355
146,129,3,1,1,1,1,22,"Kiliziya/Umusigiti/Urusengero",5,,2015,1,1,19.6108301886792
146,129,3,1,1,1,1,21,"Ipompo izamura amazi ikoresha amashanyarazi",0,5,,,,19.6108301886792
146,129,3,1,1,1,1,4,"Ikigo cy!amashuri y!imyuga  (TVET)",0,2,,,,19.6108301886792
146,129,3,1,1,1,1,9,"Ibitaro",0,5,,,,19.6108301886792
146,129,3,1,1,1,1,20,"Aho basharija/bakora telefoni",0,5,,,,19.6108301886792
146,129,3,1,1,1,1,16,"Aho abantu babonera Internet",1,,2000,1,1,19.6108301886792
146,129,3,1,1,1,1,14,"Poste ya polisi",0,1,,,,19.6108301886792
146,129,3,1,1,1,1,12,"Amashami ya Banki",2,,2010,1,1,19.6108301886792
146,129,3,1,1,1,1,1,"Ibigo by!amashuri y!incuke",0,1,,,,19.6108301886792
146,129,3,1,1,1,1,10,"Amasoko",1,,1997,1,1,19.6108301886792
146,129,3,1,1,1,1,19,"Insyo/amabarizo/aho bakora amavuta ateka",1,,1993,1,1,19.6108301886792
146,129,3,1,1,1,1,3,"Ibigo by!amashuri yisumbuye",0,2,,,,19.6108301886792
146,129,3,1,1,1,1,23,"Ibiro by!ibigo bya Leta bitanga amashanyarazi",0,5,,,,19.6108301886792
146,129,3,1,1,1,1,6,"Amavuriro y!igenga",0,1,,,,19.6108301886792
146,129,3,1,1,1,1,5,"Aho bategera Bus",1,,2016,3,,19.6108301886792
146,129,3,1,1,1,1,13,"Ibigo by!imari iciriritse",1,,2013,1,1,19.6108301886792
146,129,3,1,1,1,1,7,"Amavuriro ya Leta/Ikigo nderabuzima",0,1,,,,19.6108301886792
146,129,3,1,1,1,1,18,"Aho bajya inama bakanatanga serivisi z!ubuhinzi",0,1,,,,19.6108301886792
146,129,3,1,1,1,1,17,"Imiryango itari ibigo by!imari itari iya leta",0,5,,,,19.6108301886792
146,129,3,1,1,1,1,2,"Ibigo by!amashuri yibanza",0,1,,,,19.6108301886792
146,129,3,1,1,1,1,11,"Amakusanyirizo y!amata",0,0,,,,19.6108301886792
146,129,3,1,1,1,1,8,"Poste de sante cg Farumasi",0,2,,,,19.6108301886792
146,129,3,1,1,1,1,15,"Ibiro by!iposita",0,5,,,,19.6108301886792
147,130,3,1,2,1,1,17,"Imiryango itari ibigo by!imari itari iya leta",0,2,,,,12.8257836585366
147,130,3,1,2,1,1,15,"Ibiro by!iposita",0,35,,,,12.8257836585366
147,130,3,1,2,1,1,14,"Poste ya polisi",0,2,,,,12.8257836585366
147,130,3,1,2,1,1,11,"Amakusanyirizo y!amata",0,3,,,,12.8257836585366
147,130,3,1,2,1,1,18,"Aho bajya inama bakanatanga serivisi z!ubuhinzi",0,2,,,,12.8257836585366
147,130,3,1,2,1,1,21,"Ipompo izamura amazi ikoresha amashanyarazi",0,35,,,,12.8257836585366
147,130,3,1,2,1,1,20,"Aho basharija/bakora telefoni",0,3,,,,12.8257836585366
147,130,3,1,2,1,1,13,"Ibigo by!imari iciriritse",0,2,,,,12.8257836585366
147,130,3,1,2,1,1,7,"Amavuriro ya Leta/Ikigo nderabuzima",0,2,,,,12.8257836585366
147,130,3,1,2,1,1,23,"Ibiro by!ibigo bya Leta bitanga amashanyarazi",0,35,,,,12.8257836585366
147,130,3,1,2,1,1,22,"Kiliziya/Umusigiti/Urusengero",2,,1953,3,,12.8257836585366
147,130,3,1,2,1,1,1,"Ibigo by!amashuri y!incuke",0,4,,,,12.8257836585366
147,130,3,1,2,1,1,8,"Poste de sante cg Farumasi",0,2,,,,12.8257836585366
147,130,3,1,2,1,1,10,"Amasoko",0,2,,,,12.8257836585366
147,130,3,1,2,1,1,12,"Amashami ya Banki",0,35,,,,12.8257836585366
147,130,3,1,2,1,1,3,"Ibigo by!amashuri yisumbuye",0,4,,,,12.8257836585366
147,130,3,1,2,1,1,6,"Amavuriro y!igenga",0,2,,,,12.8257836585366
147,130,3,1,2,1,1,9,"Ibitaro",0,35,,,,12.8257836585366
147,130,3,1,2,1,1,4,"Ikigo cy!amashuri y!imyuga  (TVET)",0,35,,,,12.8257836585366
147,130,3,1,2,1,1,16,"Aho abantu babonera Internet",0,2,,,,12.8257836585366
147,130,3,1,2,1,1,19,"Insyo/amabarizo/aho bakora amavuta ateka",0,3,,,,12.8257836585366
147,130,3,1,2,1,1,2,"Ibigo by!amashuri yibanza",0,2,,,,12.8257836585366
147,130,3,1,2,1,1,5,"Aho bategera Bus",0,25,,,,12.8257836585366
148,131,3,1,2,1,1,11,"Milk collection center",0,88,,,,5.20940357142857
148,131,3,1,2,1,1,12,"Bank branch",0,20,,,,5.20940357142857
148,131,3,1,2,1,1,17,"Non-MFI NGOs",0,20,,,,5.20940357142857
148,131,3,1,2,1,1,15,"Post office",0,88,,,,5.20940357142857
148,131,3,1,2,1,1,16,"Internet caf!",0,20,,,,5.20940357142857
148,131,3,1,2,1,1,19,"Grain/saw/oil mill",0,3,,,,5.20940357142857
148,131,3,1,2,1,1,18,"Agriculture extension office",1,,2012,3,,5.20940357142857
148,131,3,1,2,1,1,23,"National Electricity Utility Office",1,,1975,1,1,5.20940357142857
148,131,3,1,2,1,1,6,"Private clinic",0,20,,,,5.20940357142857
148,131,3,1,2,1,1,10,"Market",0,5,,,,5.20940357142857
148,131,3,1,2,1,1,4,"TVET (technical vocational training institution)",0,20,,,,5.20940357142857
148,131,3,1,2,1,1,8,"Dispensary or pharmacy",0,15,,,,5.20940357142857
148,131,3,1,2,1,1,20,"Mobile phone charging/repairing service",0,3,,,,5.20940357142857
148,131,3,1,2,1,1,1,"Pre-primary school / Kindergarten",0,0,,,,5.20940357142857
148,131,3,1,2,1,1,7,"Government clinic/Public Health Center",0,10,,,,5.20940357142857
148,131,3,1,2,1,1,3,"Secondary school/high school",1,,2012,1,1,5.20940357142857
148,131,3,1,2,1,1,9,"Hospital",0,20,,,,5.20940357142857
148,131,3,1,2,1,1,2,"Primary school",2,,1983,1,1,5.20940357142857
148,131,3,1,2,1,1,14,"Police station",0,20,,,,5.20940357142857
148,131,3,1,2,1,1,5,"Bus stop",0,15,,,,5.20940357142857
148,131,3,1,2,1,1,22,"Temple/Monastery/Church/Mosque",5,,888,1,1,5.20940357142857
148,131,3,1,2,1,1,13,"Microfinance Institutions (MFIs)",0,20,,,,5.20940357142857
148,131,3,1,2,1,1,21,"Electric Water pump",0,0,,,,5.20940357142857
149,132,3,1,2,1,5,5,"Bus stop",0,15,,,,7.28915877551021
149,132,3,1,2,1,5,6,"Private clinic",0,15,,,,7.28915877551021
149,132,3,1,2,1,5,19,"Insyo/amabarizo/aho bakora amavuta ateka",0,2,,,,7.28915877551021
149,132,3,1,2,1,5,17,"Non-MFI NGOs",0,15,,,,7.28915877551021
149,132,3,1,2,1,5,22,"Kiliziya/Umusigiti/Urusengero",2,,1990,3,,7.28915877551021
149,132,3,1,2,1,5,21,"Ipompo izamura amazi ikoresha amashanyarazi",0,88,,,,7.28915877551021
149,132,3,1,2,1,5,1,"Pre-primary school / Kindergarten",2,,2020,3,,7.28915877551021
149,132,3,1,2,1,5,3,"Secondary school/high school",1,,888,1,1,7.28915877551021
149,132,3,1,2,1,5,7,"Government clinic/Public Health Center",0,3,,,,7.28915877551021
149,132,3,1,2,1,5,15,"Post office",0,88,,,,7.28915877551021
149,132,3,1,2,1,5,18,"Agriculture extension office",0,88,,,,7.28915877551021
149,132,3,1,2,1,5,13,"Microfinance Institutions (MFIs)",1,,2008,1,1,7.28915877551021
149,132,3,1,2,1,5,23,"Ibiro by!ibigo bya Leta bitanga amashanyarazi",1,,1975,1,1,7.28915877551021
149,132,3,1,2,1,5,10,"Market",0,2,,,,7.28915877551021
149,132,3,1,2,1,5,16,"Internet caf!",0,15,,,,7.28915877551021
149,132,3,1,2,1,5,20,"Aho basharija/bakora telefoni",0,1,,,,7.28915877551021
149,132,3,1,2,1,5,12,"Bank branch",0,15,,,,7.28915877551021
149,132,3,1,2,1,5,2,"Primary school",2,,888,1,1,7.28915877551021
149,132,3,1,2,1,5,11,"Milk collection center",0,88,,,,7.28915877551021
149,132,3,1,2,1,5,14,"Police station",0,10,,,,7.28915877551021
149,132,3,1,2,1,5,9,"Hospital",0,15,,,,7.28915877551021
149,132,3,1,2,1,5,8,"Dispensary or pharmacy",0,15,,,,7.28915877551021
149,132,3,1,2,1,5,4,"TVET (technical vocational training institution)",0,15,,,,7.28915877551021
150,133,3,1,2,1,1,15,"Post office",0,88,,,,84.5583622641509
150,133,3,1,2,1,1,1,"Pre-primary school / Kindergarten",1,,2019,3,,84.5583622641509
150,133,3,1,2,1,1,17,"Non-MFI NGOs",0,88,,,,84.5583622641509
150,133,3,1,2,1,1,14,"Police station",7,,888,1,1,84.5583622641509
150,133,3,1,2,1,1,7,"Government clinic/Public Health Center",1,,888,1,1,84.5583622641509
150,133,3,1,2,1,1,5,"Bus stop",0,5,,,,84.5583622641509
150,133,3,1,2,1,1,16,"Internet caf!",0,88,,,,84.5583622641509
150,133,3,1,2,1,1,21,"Electric Water pump",0,0,,,,84.5583622641509
150,133,3,1,2,1,1,13,"Microfinance Institutions (MFIs)",0,7,,,,84.5583622641509
150,133,3,1,2,1,1,6,"Private clinic",0,5,,,,84.5583622641509
150,133,3,1,2,1,1,19,"Grain/saw/oil mill",2,,2020,1,1,84.5583622641509
150,133,3,1,2,1,1,20,"Mobile phone charging/repairing service",0,88,,,,84.5583622641509
150,133,3,1,2,1,1,10,"Market",0,5,,,,84.5583622641509
150,133,3,1,2,1,1,22,"Temple/Monastery/Church/Mosque",6,,888,2,1,84.5583622641509
150,133,3,1,2,1,1,3,"Secondary school/high school",1,,2010,3,,84.5583622641509
150,133,3,1,2,1,1,8,"Dispensary or pharmacy",0,5,,,,84.5583622641509
150,133,3,1,2,1,1,11,"Milk collection center",0,88,,,,84.5583622641509
150,133,3,1,2,1,1,18,"Agriculture extension office",1,,2005,3,,84.5583622641509
150,133,3,1,2,1,1,12,"Bank branch",0,7,,,,84.5583622641509
150,133,3,1,2,1,1,9,"Hospital",0,40,,,,84.5583622641509
150,133,3,1,2,1,1,2,"Primary school",1,,888,3,,84.5583622641509
150,133,3,1,2,1,1,4,"TVET (technical vocational training institution)",0,6,,,,84.5583622641509
150,133,3,1,2,1,1,23,"National Electricity Utility Office",0,80,,,,84.5583622641509
159,134,3,2,2,1,1,22,"Kiliziya/Umusigiti/Urusengero",3,,1940,1,1,112.320421052632
159,134,3,2,2,1,1,4,"Ikigo cy!amashuri y!imyuga  (TVET)",0,2,,,,112.320421052632
159,134,3,2,2,1,1,3,"Ibigo by!amashuri yisumbuye",1,,2012,1,1,112.320421052632
159,134,3,2,2,1,1,21,"Ipompo izamura amazi ikoresha amashanyarazi",0,8,,,,112.320421052632
159,134,3,2,2,1,1,10,"Amasoko",0,20,,,,112.320421052632
159,134,3,2,2,1,1,6,"Amavuriro y!igenga",0,20,,,,112.320421052632
159,134,3,2,2,1,1,14,"Poste ya polisi",1,,2010,1,1,112.320421052632
159,134,3,2,2,1,1,11,"Amakusanyirizo y!amata",0,5,,,,112.320421052632
159,134,3,2,2,1,1,8,"Poste de sante cg Farumasi",0,1,,,,112.320421052632
159,134,3,2,2,1,1,15,"Ibiro by!iposita",0,20,,,,112.320421052632
159,134,3,2,2,1,1,5,"Aho bategera Bus",0,2,,,,112.320421052632
159,134,3,2,2,1,1,20,"Aho basharija/bakora telefoni",1,,2019,1,1,112.320421052632
159,134,3,2,2,1,1,2,"Ibigo by!amashuri yibanza",2,,1978,1,1,112.320421052632
159,134,3,2,2,1,1,18,"Aho bajya inama bakanatanga serivisi z!ubuhinzi",0,2,,,,112.320421052632
159,134,3,2,2,1,1,16,"Aho abantu babonera Internet",0,2,,,,112.320421052632
159,134,3,2,2,1,1,19,"Insyo/amabarizo/aho bakora amavuta ateka",1,,2018,1,1,112.320421052632
159,134,3,2,2,1,1,1,"Ibigo by!amashuri y!incuke",3,,2019,1,1,112.320421052632
159,134,3,2,2,1,1,12,"Amashami ya Banki",1,,2016,1,1,112.320421052632
159,134,3,2,2,1,1,17,"Imiryango itari ibigo by!imari itari iya leta",0,20,,,,112.320421052632
159,134,3,2,2,1,1,13,"Ibigo by!imari iciriritse",1,,2007,1,1,112.320421052632
159,134,3,2,2,1,1,9,"Ibitaro",0,20,,,,112.320421052632
159,134,3,2,2,1,1,23,"Ibiro by!ibigo bya Leta bitanga amashanyarazi",0,20,,,,112.320421052632
159,134,3,2,2,1,1,7,"Amavuriro ya Leta/Ikigo nderabuzima",0,2,,,,112.320421052632
160,135,3,2,2,1,1,22,"Kiliziya/Umusigiti/Urusengero",4,,888,1,1,147.572481927711
160,135,3,2,2,1,1,2,"Primary school",1,,888,3,,147.572481927711
160,135,3,2,2,1,1,1,"Pre-primary school / Kindergarten",3,,2019,3,,147.572481927711
160,135,3,2,2,1,1,8,"Dispensary or pharmacy",0,12,,,,147.572481927711
160,135,3,2,2,1,1,14,"Police station",0,10,,,,147.572481927711
160,135,3,2,2,1,1,19,"Insyo/amabarizo/aho bakora amavuta ateka",0,25,,,,147.572481927711
160,135,3,2,2,1,1,3,"Secondary school/high school",1,,2017,1,1,147.572481927711
160,135,3,2,2,1,1,9,"Hospital",0,25,,,,147.572481927711
160,135,3,2,2,1,1,20,"Aho basharija/bakora telefoni",0,25,,,,147.572481927711
160,135,3,2,2,1,1,7,"Government clinic/Public Health Center",1,,1985,1,1,147.572481927711
160,135,3,2,2,1,1,18,"Agriculture extension office",0,2,,,,147.572481927711
160,135,3,2,2,1,1,4,"TVET (technical vocational training institution)",0,12,,,,147.572481927711
160,135,3,2,2,1,1,21,"Ipompo izamura amazi ikoresha amashanyarazi",0,88,,,,147.572481927711
160,135,3,2,2,1,1,15,"Post office",0,88,,,,147.572481927711
160,135,3,2,2,1,1,6,"Private clinic",0,4,,,,147.572481927711
160,135,3,2,2,1,1,23,"Ibiro by!ibigo bya Leta bitanga amashanyarazi",0,12,,,,147.572481927711
160,135,3,2,2,1,1,11,"Milk collection center",0,88,,,,147.572481927711
160,135,3,2,2,1,1,5,"Bus stop",0,6,,,,147.572481927711
160,135,3,2,2,1,1,13,"Microfinance Institutions (MFIs)",0,2,,,,147.572481927711
160,135,3,2,2,1,1,12,"Bank branch",0,10,,,,147.572481927711
160,135,3,2,2,1,1,10,"Market",1,,888,3,,147.572481927711
160,135,3,2,2,1,1,17,"Non-MFI NGOs",0,88,,,,147.572481927711
160,135,3,2,2,1,1,16,"Internet caf!",0,88,,,,147.572481927711
161,136,3,2,2,1,4,8,"Dispensary or pharmacy",0,19,,,,165.54155
161,136,3,2,2,1,4,9,"Hospital",0,6,,,,165.54155
161,136,3,2,2,1,4,20,"Mobile phone charging/repairing service",0,19,,,,165.54155
161,136,3,2,2,1,4,23,"National Electricity Utility Office",0,56,,,,165.54155
161,136,3,2,2,1,4,15,"Post office",0,88,,,,165.54155
161,136,3,2,2,1,4,4,"TVET (technical vocational training institution)",0,19,,,,165.54155
161,136,3,2,2,1,4,7,"Government clinic/Public Health Center",1,,2019,1,1,165.54155
161,136,3,2,2,1,4,18,"Agriculture extension office",1,,2019,3,,165.54155
161,136,3,2,2,1,4,6,"Private clinic",0,19,,,,165.54155
161,136,3,2,2,1,4,12,"Bank branch",0,19,,,,165.54155
161,136,3,2,2,1,4,16,"Internet caf!",0,88,,,,165.54155
161,136,3,2,2,1,4,17,"Non-MFI NGOs",0,88,,,,165.54155
161,136,3,2,2,1,4,11,"Milk collection center",0,14,,,,165.54155
161,136,3,2,2,1,4,1,"Pre-primary school / Kindergarten",3,,2019,3,,165.54155
161,136,3,2,2,1,4,21,"Electric Water pump",0,0,,,,165.54155
161,136,3,2,2,1,4,10,"Market",0,19,,,,165.54155
161,136,3,2,2,1,4,22,"Temple/Monastery/Church/Mosque",1,,888,1,1,165.54155
161,136,3,2,2,1,4,14,"Police station",0,18,,,,165.54155
161,136,3,2,2,1,4,5,"Bus stop",0,19,,,,165.54155
161,136,3,2,2,1,4,19,"Grain/saw/oil mill",0,19,,,,165.54155
161,136,3,2,2,1,4,2,"Primary school",0,1,,,,165.54155
161,136,3,2,2,1,4,13,"Microfinance Institutions (MFIs)",0,19,,,,165.54155
161,136,3,2,2,1,4,3,"Secondary school/high school",0,1,,,,165.54155
162,137,3,3,2,1,6,16,"Internet caf!",0,88,,,,184.221032258065
162,137,3,3,2,1,6,1,"Pre-primary school / Kindergarten",1,,2019,3,,184.221032258065
162,137,3,3,2,1,6,15,"Post office",0,88,,,,184.221032258065
162,137,3,3,2,1,6,8,"Dispensary or pharmacy",0,5,,,,184.221032258065
162,137,3,3,2,1,6,18,"Agriculture extension office",1,,2018,3,,184.221032258065
162,137,3,3,2,1,6,10,"Market",0,4,,,,184.221032258065
162,137,3,3,2,1,6,6,"Private clinic",0,12,,,,184.221032258065
162,137,3,3,2,1,6,21,"Electric Water pump",0,0,,,,184.221032258065
162,137,3,3,2,1,6,4,"TVET (technical vocational training institution)",0,15,,,,184.221032258065
162,137,3,3,2,1,6,22,"Temple/Monastery/Church/Mosque",5,,888,3,,184.221032258065
162,137,3,3,2,1,6,7,"Government clinic/Public Health Center",0,1,,,,184.221032258065
162,137,3,3,2,1,6,5,"Bus stop",0,10,,,,184.221032258065
162,137,3,3,2,1,6,12,"Bank branch",0,12,,,,184.221032258065
162,137,3,3,2,1,6,14,"Police station",0,4,,,,184.221032258065
162,137,3,3,2,1,6,11,"Milk collection center",0,3,,,,184.221032258065
162,137,3,3,2,1,6,2,"Primary school",0,2,,,,184.221032258065
162,137,3,3,2,1,6,19,"Grain/saw/oil mill",0,4,,,,184.221032258065
162,137,3,3,2,1,6,23,"National Electricity Utility Office",0,15,,,,184.221032258065
162,137,3,3,2,1,6,17,"Non-MFI NGOs",0,12,,,,184.221032258065
162,137,3,3,2,1,6,3,"Secondary school/high school",0,3,,,,184.221032258065
162,137,3,3,2,1,6,9,"Hospital",0,17,,,,184.221032258065
162,137,3,3,2,1,6,20,"Mobile phone charging/repairing service",0,4,,,,184.221032258065
162,137,3,3,2,1,6,13,"Microfinance Institutions (MFIs)",0,12,,,,184.221032258065
163,138,3,3,1,1,1,12,"Bank branch",0,1,,,,17.2384463414634
163,138,3,3,1,1,1,11,"Milk collection center",0,5,,,,17.2384463414634
163,138,3,3,1,1,1,14,"Police station",0,2,,,,17.2384463414634
163,138,3,3,1,1,1,18,"Agriculture extension office",0,88,,,,17.2384463414634
163,138,3,3,1,1,1,3,"Secondary school/high school",1,,2000,1,1,17.2384463414634
163,138,3,3,1,1,1,6,"Private clinic",0,1,,,,17.2384463414634
163,138,3,3,1,1,1,21,"Electric Water pump",0,0,,,,17.2384463414634
163,138,3,3,1,1,1,9,"Hospital",0,2,,,,17.2384463414634
163,138,3,3,1,1,1,19,"Grain/saw/oil mill",0,88,,,,17.2384463414634
163,138,3,3,1,1,1,17,"Non-MFI NGOs",0,1,,,,17.2384463414634
163,138,3,3,1,1,1,16,"Internet caf!",0,1,,,,17.2384463414634
163,138,3,3,1,1,1,4,"TVET (technical vocational training institution)",1,,2000,1,1,17.2384463414634
163,138,3,3,1,1,1,10,"Market",0,2,,,,17.2384463414634
163,138,3,3,1,1,1,2,"Primary school",1,,2011,1,1,17.2384463414634
163,138,3,3,1,1,1,1,"Pre-primary school / Kindergarten",2,,2011,1,1,17.2384463414634
163,138,3,3,1,1,1,8,"Dispensary or pharmacy",0,1,,,,17.2384463414634
163,138,3,3,1,1,1,23,"National Electricity Utility Office",0,2,,,,17.2384463414634
163,138,3,3,1,1,1,13,"Microfinance Institutions (MFIs)",0,1,,,,17.2384463414634
163,138,3,3,1,1,1,7,"Government clinic/Public Health Center",0,2,,,,17.2384463414634
163,138,3,3,1,1,1,5,"Bus stop",0,1,,,,17.2384463414634
163,138,3,3,1,1,1,15,"Post office",0,2,,,,17.2384463414634
163,138,3,3,1,1,1,22,"Temple/Monastery/Church/Mosque",3,,2000,1,1,17.2384463414634
163,138,3,3,1,1,1,20,"Mobile phone charging/repairing service",0,1,,,,17.2384463414634
164,139,3,3,1,1,1,21,"Ipompo izamura amazi ikoresha amashanyarazi",0,0,,,,27.1421528455285
164,139,3,3,1,1,1,23,"Ibiro by!ibigo bya Leta bitanga amashanyarazi",0,0,,,,27.1421528455285
164,139,3,3,1,1,1,16,"Aho abantu babonera Internet",1,,2008,1,1,27.1421528455285
164,139,3,3,1,1,1,15,"Ibiro by!iposita",0,1,,,,27.1421528455285
164,139,3,3,1,1,1,22,"Kiliziya/Umusigiti/Urusengero",0,0,,,,27.1421528455285
164,139,3,3,1,1,1,11,"Amakusanyirizo y!amata",0,5,,,,27.1421528455285
164,139,3,3,1,1,1,18,"Aho bajya inama bakanatanga serivisi z!ubuhinzi",0,5,,,,27.1421528455285
164,139,3,3,1,1,1,1,"Ibigo by!amashuri y!incuke",1,,2019,1,1,27.1421528455285
164,139,3,3,1,1,1,4,"Ikigo cy!amashuri y!imyuga  (TVET)",0,3,,,,27.1421528455285
164,139,3,3,1,1,1,14,"Poste ya polisi",0,0,,,,27.1421528455285
164,139,3,3,1,1,1,9,"Ibitaro",0,2,,,,27.1421528455285
164,139,3,3,1,1,1,2,"Ibigo by!amashuri yibanza",1,,2009,1,1,27.1421528455285
164,139,3,3,1,1,1,12,"Amashami ya Banki",0,1,,,,27.1421528455285
164,139,3,3,1,1,1,8,"Poste de sante cg Farumasi",0,0,,,,27.1421528455285
164,139,3,3,1,1,1,10,"Amasoko",0,0,,,,27.1421528455285
164,139,3,3,1,1,1,3,"Ibigo by!amashuri yisumbuye",0,1,,,,27.1421528455285
164,139,3,3,1,1,1,7,"Amavuriro ya Leta/Ikigo nderabuzima",0,2,,,,27.1421528455285
164,139,3,3,1,1,1,6,"Amavuriro y!igenga",0,0,,,,27.1421528455285
164,139,3,3,1,1,1,13,"Ibigo by!imari iciriritse",0,0,,,,27.1421528455285
164,139,3,3,1,1,1,20,"Aho basharija/bakora telefoni",2,,2006,1,1,27.1421528455285
164,139,3,3,1,1,1,19,"Insyo/amabarizo/aho bakora amavuta ateka",0,0,,,,27.1421528455285
164,139,3,3,1,1,1,17,"Imiryango itari ibigo by!imari itari iya leta",0,0,,,,27.1421528455285
164,139,3,3,1,1,1,5,"Aho bategera Bus",2,,2015,1,1,27.1421528455285
165,140,3,3,1,1,1,1,"Ibigo by!amashuri y!incuke",1,,2021,1,1,30.559265408805
165,140,3,3,1,1,1,19,"Insyo/amabarizo/aho bakora amavuta ateka",0,0,,,,30.559265408805
165,140,3,3,1,1,1,7,"Amavuriro ya Leta/Ikigo nderabuzima",0,0,,,,30.559265408805
165,140,3,3,1,1,1,20,"Aho basharija/bakora telefoni",0,0,,,,30.559265408805
165,140,3,3,1,1,1,4,"Ikigo cy!amashuri y!imyuga  (TVET)",0,2,,,,30.559265408805
165,140,3,3,1,1,1,21,"Ipompo izamura amazi ikoresha amashanyarazi",0,5,,,,30.559265408805
165,140,3,3,1,1,1,6,"Amavuriro y!igenga",0,1,,,,30.559265408805
165,140,3,3,1,1,1,23,"Ibiro by!ibigo bya Leta bitanga amashanyarazi",0,3,,,,30.559265408805
165,140,3,3,1,1,1,3,"Ibigo by!amashuri yisumbuye",1,,2021,1,1,30.559265408805
165,140,3,3,1,1,1,9,"Ibitaro",0,3,,,,30.559265408805
165,140,3,3,1,1,1,18,"Aho bajya inama bakanatanga serivisi z!ubuhinzi",0,6,,,,30.559265408805
165,140,3,3,1,1,1,12,"Amashami ya Banki",0,0,,,,30.559265408805
165,140,3,3,1,1,1,16,"Aho abantu babonera Internet",0,1,,,,30.559265408805
165,140,3,3,1,1,1,17,"Imiryango itari ibigo by!imari itari iya leta",0,6,,,,30.559265408805
165,140,3,3,1,1,1,2,"Ibigo by!amashuri yibanza",1,,2021,1,1,30.559265408805
165,140,3,3,1,1,1,15,"Ibiro by!iposita",0,3,,,,30.559265408805
165,140,3,3,1,1,1,14,"Poste ya polisi",0,2,,,,30.559265408805
165,140,3,3,1,1,1,13,"Ibigo by!imari iciriritse",0,0,,,,30.559265408805
165,140,3,3,1,1,1,22,"Kiliziya/Umusigiti/Urusengero",1,,2014,1,1,30.559265408805
165,140,3,3,1,1,1,10,"Amasoko",0,0,,,,30.559265408805
165,140,3,3,1,1,1,8,"Poste de sante cg Farumasi",1,,2021,1,1,30.559265408805
165,140,3,3,1,1,1,5,"Aho bategera Bus",0,1,,,,30.559265408805
165,140,3,3,1,1,1,11,"Amakusanyirizo y!amata",0,2,,,,30.559265408805
166,141,3,3,1,1,1,18,"Aho bajya inama bakanatanga serivisi z!ubuhinzi",0,6,,,,12.4060407960199
166,141,3,3,1,1,1,2,"Ibigo by!amashuri yibanza",0,0,,,,12.4060407960199
166,141,3,3,1,1,1,5,"Aho bategera Bus",0,0,,,,12.4060407960199
166,141,3,3,1,1,1,16,"Aho abantu babonera Internet",0,3,,,,12.4060407960199
166,141,3,3,1,1,1,19,"Insyo/amabarizo/aho bakora amavuta ateka",0,0,,,,12.4060407960199
166,141,3,3,1,1,1,11,"Amakusanyirizo y!amata",0,2,,,,12.4060407960199
166,141,3,3,1,1,1,20,"Aho basharija/bakora telefoni",0,0,,,,12.4060407960199
166,141,3,3,1,1,1,10,"Amasoko",0,1,,,,12.4060407960199
166,141,3,3,1,1,1,1,"Ibigo by!amashuri y!incuke",0,0,,,,12.4060407960199
166,141,3,3,1,1,1,14,"Poste ya polisi",0,3,,,,12.4060407960199
166,141,3,3,1,1,1,12,"Amashami ya Banki",0,3,,,,12.4060407960199
166,141,3,3,1,1,1,7,"Amavuriro ya Leta/Ikigo nderabuzima",0,0,,,,12.4060407960199
166,141,3,3,1,1,1,8,"Poste de sante cg Farumasi",0,0,,,,12.4060407960199
166,141,3,3,1,1,1,21,"Ipompo izamura amazi ikoresha amashanyarazi",0,6,,,,12.4060407960199
166,141,3,3,1,1,1,17,"Imiryango itari ibigo by!imari itari iya leta",0,5,,,,12.4060407960199
166,141,3,3,1,1,1,13,"Ibigo by!imari iciriritse",0,3,,,,12.4060407960199
166,141,3,3,1,1,1,22,"Kiliziya/Umusigiti/Urusengero",1,,2002,1,1,12.4060407960199
166,141,3,3,1,1,1,6,"Amavuriro y!igenga",0,1,,,,12.4060407960199
166,141,3,3,1,1,1,3,"Ibigo by!amashuri yisumbuye",0,1,,,,12.4060407960199
166,141,3,3,1,1,1,4,"Ikigo cy!amashuri y!imyuga  (TVET)",0,2,,,,12.4060407960199
166,141,3,3,1,1,1,9,"Ibitaro",0,5,,,,12.4060407960199
166,141,3,3,1,1,1,23,"Ibiro by!ibigo bya Leta bitanga amashanyarazi",0,3,,,,12.4060407960199
166,141,3,3,1,1,1,15,"Ibiro by!iposita",0,5,,,,12.4060407960199
167,142,3,3,2,1,1,19,"Insyo/amabarizo/aho bakora amavuta ateka",0,5,,,,121.961137254902
167,142,3,3,2,1,1,15,"Ibiro by!iposita",0,20,,,,121.961137254902
167,142,3,3,2,1,1,20,"Aho basharija/bakora telefoni",0,8,,,,121.961137254902
167,142,3,3,2,1,1,9,"Ibitaro",0,20,,,,121.961137254902
167,142,3,3,2,1,1,6,"Amavuriro y!igenga",0,8,,,,121.961137254902
167,142,3,3,2,1,1,21,"Ipompo izamura amazi ikoresha amashanyarazi",0,20,,,,121.961137254902
167,142,3,3,2,1,1,4,"Ikigo cy!amashuri y!imyuga  (TVET)",0,9,,,,121.961137254902
167,142,3,3,2,1,1,22,"Kiliziya/Umusigiti/Urusengero",0,0,,,,121.961137254902
167,142,3,3,2,1,1,2,"Ibigo by!amashuri yibanza",0,1,,,,121.961137254902
167,142,3,3,2,1,1,5,"Aho bategera Bus",0,8,,,,121.961137254902
167,142,3,3,2,1,1,14,"Poste ya polisi",0,8,,,,121.961137254902
167,142,3,3,2,1,1,8,"Poste de sante cg Farumasi",0,1,,,,121.961137254902
167,142,3,3,2,1,1,18,"Aho bajya inama bakanatanga serivisi z!ubuhinzi",0,1,,,,121.961137254902
167,142,3,3,2,1,1,7,"Amavuriro ya Leta/Ikigo nderabuzima",0,8,,,,121.961137254902
167,142,3,3,2,1,1,16,"Aho abantu babonera Internet",0,8,,,,121.961137254902
167,142,3,3,2,1,1,13,"Ibigo by!imari iciriritse",0,8,,,,121.961137254902
167,142,3,3,2,1,1,12,"Amashami ya Banki",0,8,,,,121.961137254902
167,142,3,3,2,1,1,3,"Ibigo by!amashuri yisumbuye",0,5,,,,121.961137254902
167,142,3,3,2,1,1,23,"Ibiro by!ibigo bya Leta bitanga amashanyarazi",0,20,,,,121.961137254902
167,142,3,3,2,1,1,10,"Amasoko",0,8,,,,121.961137254902
167,142,3,3,2,1,1,1,"Ibigo by!amashuri y!incuke",0,1,,,,121.961137254902
167,142,3,3,2,1,1,17,"Imiryango itari ibigo by!imari itari iya leta",0,20,,,,121.961137254902
167,142,3,3,2,1,1,11,"Amakusanyirizo y!amata",0,8,,,,121.961137254902
168,143,3,3,1,1,1,4,"Ikigo cy!amashuri y!imyuga  (TVET)",0,1,,,,7.21586578366446
168,143,3,3,1,1,1,17,"Imiryango itari ibigo by!imari itari iya leta",0,1,,,,7.21586578366446
168,143,3,3,1,1,1,8,"Poste de sante cg Farumasi",0,0,,,,7.21586578366446
168,143,3,3,1,1,1,14,"Poste ya polisi",0,1,,,,7.21586578366446
168,143,3,3,1,1,1,20,"Aho basharija/bakora telefoni",0,1,,,,7.21586578366446
168,143,3,3,1,1,1,12,"Amashami ya Banki",0,1,,,,7.21586578366446
168,143,3,3,1,1,1,11,"Amakusanyirizo y!amata",1,,2019,1,1,7.21586578366446
168,143,3,3,1,1,1,2,"Ibigo by!amashuri yibanza",1,,1955,1,1,7.21586578366446
168,143,3,3,1,1,1,9,"Ibitaro",0,0,,,,7.21586578366446
168,143,3,3,1,1,1,7,"Amavuriro ya Leta/Ikigo nderabuzima",0,0,,,,7.21586578366446
168,143,3,3,1,1,1,10,"Amasoko",0,1,,,,7.21586578366446
168,143,3,3,1,1,1,19,"Insyo/amabarizo/aho bakora amavuta ateka",0,1,,,,7.21586578366446
168,143,3,3,1,1,1,15,"Ibiro by!iposita",0,12,,,,7.21586578366446
168,143,3,3,1,1,1,18,"Aho bajya inama bakanatanga serivisi z!ubuhinzi",0,1,,,,7.21586578366446
168,143,3,3,1,1,1,22,"Kiliziya/Umusigiti/Urusengero",2,,2010,1,1,7.21586578366446
168,143,3,3,1,1,1,6,"Amavuriro y!igenga",1,,2019,1,1,7.21586578366446
168,143,3,3,1,1,1,21,"Ipompo izamura amazi ikoresha amashanyarazi",0,0,,,,7.21586578366446
168,143,3,3,1,1,1,13,"Ibigo by!imari iciriritse",0,1,,,,7.21586578366446
168,143,3,3,1,1,1,16,"Aho abantu babonera Internet",0,1,,,,7.21586578366446
168,143,3,3,1,1,1,3,"Ibigo by!amashuri yisumbuye",1,,2013,1,1,7.21586578366446
168,143,3,3,1,1,1,23,"Ibiro by!ibigo bya Leta bitanga amashanyarazi",0,3,,,,7.21586578366446
168,143,3,3,1,1,1,1,"Ibigo by!amashuri y!incuke",4,,2011,1,1,7.21586578366446
168,143,3,3,1,1,1,5,"Aho bategera Bus",2,,2010,1,1,7.21586578366446
169,144,3,3,1,1,1,5,"Aho bategera Bus",0,1,,,,22.0445028571429
169,144,3,3,1,1,1,3,"Ibigo by!amashuri yisumbuye",0,3,,,,22.0445028571429
169,144,3,3,1,1,1,14,"Poste ya polisi",0,3,,,,22.0445028571429
169,144,3,3,1,1,1,4,"Ikigo cy!amashuri y!imyuga  (TVET)",0,6,,,,22.0445028571429
169,144,3,3,1,1,1,10,"Amasoko",0,11,,,,22.0445028571429
169,144,3,3,1,1,1,12,"Amashami ya Banki",0,6,,,,22.0445028571429
169,144,3,3,1,1,1,16,"Aho abantu babonera Internet",0,3,,,,22.0445028571429
169,144,3,3,1,1,1,15,"Ibiro by!iposita",0,11,,,,22.0445028571429
169,144,3,3,1,1,1,20,"Aho basharija/bakora telefoni",0,12,,,,22.0445028571429
169,144,3,3,1,1,1,13,"Ibigo by!imari iciriritse",0,5,,,,22.0445028571429
169,144,3,3,1,1,1,23,"Ibiro by!ibigo bya Leta bitanga amashanyarazi",0,12,,,,22.0445028571429
169,144,3,3,1,1,1,9,"Ibitaro",0,10,,,,22.0445028571429
169,144,3,3,1,1,1,22,"Kiliziya/Umusigiti/Urusengero",0,12,,,,22.0445028571429
169,144,3,3,1,1,1,2,"Ibigo by!amashuri yibanza",0,1,,,,22.0445028571429
169,144,3,3,1,1,1,7,"Amavuriro ya Leta/Ikigo nderabuzima",0,8,,,,22.0445028571429
169,144,3,3,1,1,1,17,"Imiryango itari ibigo by!imari itari iya leta",0,12,,,,22.0445028571429
169,144,3,3,1,1,1,18,"Aho bajya inama bakanatanga serivisi z!ubuhinzi",0,11,,,,22.0445028571429
169,144,3,3,1,1,1,1,"Ibigo by!amashuri y!incuke",0,1,,,,22.0445028571429
169,144,3,3,1,1,1,8,"Poste de sante cg Farumasi",0,2,,,,22.0445028571429
169,144,3,3,1,1,1,11,"Amakusanyirizo y!amata",0,15,,,,22.0445028571429
169,144,3,3,1,1,1,19,"Insyo/amabarizo/aho bakora amavuta ateka",0,12,,,,22.0445028571429
169,144,3,3,1,1,1,6,"Amavuriro y!igenga",0,6,,,,22.0445028571429
169,144,3,3,1,1,1,21,"Ipompo izamura amazi ikoresha amashanyarazi",0,12,,,,22.0445028571429
170,145,3,3,2,1,1,5,"Aho bategera Bus",0,6,,,,137.508
170,145,3,3,2,1,1,9,"Ibitaro",0,18,,,,137.508
170,145,3,3,2,1,1,2,"Ibigo by!amashuri yibanza",0,0,,,,137.508
170,145,3,3,2,1,1,8,"Poste de sante cg Farumasi",0,0,,,,137.508
170,145,3,3,2,1,1,11,"Amakusanyirizo y!amata",0,0,,,,137.508
170,145,3,3,2,1,1,6,"Amavuriro y!igenga",0,7,,,,137.508
170,145,3,3,2,1,1,15,"Ibiro by!iposita",0,19,,,,137.508
170,145,3,3,2,1,1,1,"Ibigo by!amashuri y!incuke",0,6,,,,137.508
170,145,3,3,2,1,1,16,"Aho abantu babonera Internet",0,7,,,,137.508
170,145,3,3,2,1,1,10,"Amasoko",0,7,,,,137.508
170,145,3,3,2,1,1,14,"Poste ya polisi",0,7,,,,137.508
170,145,3,3,2,1,1,3,"Ibigo by!amashuri yisumbuye",0,1,,,,137.508
170,145,3,3,2,1,1,13,"Ibigo by!imari iciriritse",0,7,,,,137.508
170,145,3,3,2,1,1,18,"Aho bajya inama bakanatanga serivisi z!ubuhinzi",0,10,,,,137.508
170,145,3,3,2,1,1,21,"Ipompo izamura amazi ikoresha amashanyarazi",0,6,,,,137.508
170,145,3,3,2,1,1,19,"Insyo/amabarizo/aho bakora amavuta ateka",0,9,,,,137.508
170,145,3,3,2,1,1,12,"Amashami ya Banki",0,7,,,,137.508
170,145,3,3,2,1,1,22,"Kiliziya/Umusigiti/Urusengero",0,0,,,,137.508
170,145,3,3,2,1,1,17,"Imiryango itari ibigo by!imari itari iya leta",0,7,,,,137.508
170,145,3,3,2,1,1,20,"Aho basharija/bakora telefoni",0,6,,,,137.508
170,145,3,3,2,1,1,23,"Ibiro by!ibigo bya Leta bitanga amashanyarazi",0,20,,,,137.508
170,145,3,3,2,1,1,7,"Amavuriro ya Leta/Ikigo nderabuzima",0,3,,,,137.508
170,145,3,3,2,1,1,4,"Ikigo cy!amashuri y!imyuga  (TVET)",0,2,,,,137.508
171,146,3,3,1,1,1,7,"Amavuriro ya Leta/Ikigo nderabuzima",0,0,,,,16.8267534626039
171,146,3,3,1,1,1,13,"Ibigo by!imari iciriritse",0,2,,,,16.8267534626039
171,146,3,3,1,1,1,21,"Ipompo izamura amazi ikoresha amashanyarazi",0,8,,,,16.8267534626039
171,146,3,3,1,1,1,9,"Ibitaro",0,7,,,,16.8267534626039
171,146,3,3,1,1,1,5,"Aho bategera Bus",1,,2009,1,1,16.8267534626039
171,146,3,3,1,1,1,19,"Insyo/amabarizo/aho bakora amavuta ateka",0,2,,,,16.8267534626039
171,146,3,3,1,1,1,22,"Kiliziya/Umusigiti/Urusengero",1,,1990,1,1,16.8267534626039
171,146,3,3,1,1,1,2,"Ibigo by!amashuri yibanza",0,0,,,,16.8267534626039
171,146,3,3,1,1,1,3,"Ibigo by!amashuri yisumbuye",0,0,,,,16.8267534626039
171,146,3,3,1,1,1,12,"Amashami ya Banki",0,2,,,,16.8267534626039
171,146,3,3,1,1,1,18,"Aho bajya inama bakanatanga serivisi z!ubuhinzi",0,5,,,,16.8267534626039
171,146,3,3,1,1,1,10,"Amasoko",0,2,,,,16.8267534626039
171,146,3,3,1,1,1,15,"Ibiro by!iposita",0,1,,,,16.8267534626039
171,146,3,3,1,1,1,4,"Ikigo cy!amashuri y!imyuga  (TVET)",0,0,,,,16.8267534626039
171,146,3,3,1,1,1,14,"Poste ya polisi",0,2,,,,16.8267534626039
171,146,3,3,1,1,1,11,"Amakusanyirizo y!amata",0,2,,,,16.8267534626039
171,146,3,3,1,1,1,17,"Imiryango itari ibigo by!imari itari iya leta",0,5,,,,16.8267534626039
171,146,3,3,1,1,1,8,"Poste de sante cg Farumasi",1,,2021,1,1,16.8267534626039
171,146,3,3,1,1,1,16,"Aho abantu babonera Internet",0,3,,,,16.8267534626039
171,146,3,3,1,1,1,6,"Amavuriro y!igenga",0,0,,,,16.8267534626039
171,146,3,3,1,1,1,23,"Ibiro by!ibigo bya Leta bitanga amashanyarazi",0,5,,,,16.8267534626039
171,146,3,3,1,1,1,1,"Ibigo by!amashuri y!incuke",3,,2017,1,1,16.8267534626039
171,146,3,3,1,1,1,20,"Aho basharija/bakora telefoni",0,2,,,,16.8267534626039
172,147,3,3,1,1,1,5,"Aho bategera Bus",0,2,,,,8.8548862745098
172,147,3,3,1,1,1,15,"Ibiro by!iposita",0,3,,,,8.8548862745098
172,147,3,3,1,1,1,21,"Ipompo izamura amazi ikoresha amashanyarazi",0,6,,,,8.8548862745098
172,147,3,3,1,1,1,8,"Poste de sante cg Farumasi",0,0,,,,8.8548862745098
172,147,3,3,1,1,1,13,"Ibigo by!imari iciriritse",0,3,,,,8.8548862745098
172,147,3,3,1,1,1,17,"Imiryango itari ibigo by!imari itari iya leta",0,6,,,,8.8548862745098
172,147,3,3,1,1,1,3,"Ibigo by!amashuri yisumbuye",0,0,,,,8.8548862745098
172,147,3,3,1,1,1,14,"Poste ya polisi",0,1,,,,8.8548862745098
172,147,3,3,1,1,1,22,"Kiliziya/Umusigiti/Urusengero",7,,1972,1,1,8.8548862745098
172,147,3,3,1,1,1,9,"Ibitaro",0,3,,,,8.8548862745098
172,147,3,3,1,1,1,19,"Insyo/amabarizo/aho bakora amavuta ateka",1,,2013,1,1,8.8548862745098
172,147,3,3,1,1,1,4,"Ikigo cy!amashuri y!imyuga  (TVET)",0,7,,,,8.8548862745098
172,147,3,3,1,1,1,1,"Ibigo by!amashuri y!incuke",1,,2016,1,1,8.8548862745098
172,147,3,3,1,1,1,2,"Ibigo by!amashuri yibanza",1,,2019,1,1,8.8548862745098
172,147,3,3,1,1,1,10,"Amasoko",0,0,,,,8.8548862745098
172,147,3,3,1,1,1,6,"Amavuriro y!igenga",0,2,,,,8.8548862745098
172,147,3,3,1,1,1,18,"Aho bajya inama bakanatanga serivisi z!ubuhinzi",0,6,,,,8.8548862745098
172,147,3,3,1,1,1,7,"Amavuriro ya Leta/Ikigo nderabuzima",0,0,,,,8.8548862745098
172,147,3,3,1,1,1,11,"Amakusanyirizo y!amata",0,6,,,,8.8548862745098
172,147,3,3,1,1,1,23,"Ibiro by!ibigo bya Leta bitanga amashanyarazi",0,2,,,,8.8548862745098
172,147,3,3,1,1,1,20,"Aho basharija/bakora telefoni",0,0,,,,8.8548862745098
172,147,3,3,1,1,1,16,"Aho abantu babonera Internet",0,1,,,,8.8548862745098
172,147,3,3,1,1,1,12,"Amashami ya Banki",0,2,,,,8.8548862745098
173,148,3,3,1,1,1,13,"Ibigo by!imari iciriritse",0,1,,,,7.74793
173,148,3,3,1,1,1,4,"Ikigo cy!amashuri y!imyuga  (TVET)",0,1,,,,7.74793
173,148,3,3,1,1,1,15,"Ibiro by!iposita",0,3,,,,7.74793
173,148,3,3,1,1,1,10,"Amasoko",1,,2016,1,1,7.74793
173,148,3,3,1,1,1,7,"Amavuriro ya Leta/Ikigo nderabuzima",0,0,,,,7.74793
173,148,3,3,1,1,1,14,"Poste ya polisi",0,0,,,,7.74793
173,148,3,3,1,1,1,16,"Aho abantu babonera Internet",0,0,,,,7.74793
173,148,3,3,1,1,1,18,"Aho bajya inama bakanatanga serivisi z!ubuhinzi",0,2,,,,7.74793
173,148,3,3,1,1,1,2,"Ibigo by!amashuri yibanza",2,,1960,1,1,7.74793
173,148,3,3,1,1,1,19,"Insyo/amabarizo/aho bakora amavuta ateka",0,0,,,,7.74793
173,148,3,3,1,1,1,3,"Ibigo by!amashuri yisumbuye",1,,2012,1,1,7.74793
173,148,3,3,1,1,1,11,"Amakusanyirizo y!amata",0,0,,,,7.74793
173,148,3,3,1,1,1,21,"Ipompo izamura amazi ikoresha amashanyarazi",0,5,,,,7.74793
173,148,3,3,1,1,1,23,"Ibiro by!ibigo bya Leta bitanga amashanyarazi",0,2,,,,7.74793
173,148,3,3,1,1,1,20,"Aho basharija/bakora telefoni",20,,2009,1,1,7.74793
173,148,3,3,1,1,1,8,"Poste de sante cg Farumasi",1,,2021,1,1,7.74793
173,148,3,3,1,1,1,17,"Imiryango itari ibigo by!imari itari iya leta",0,3,,,,7.74793
173,148,3,3,1,1,1,6,"Amavuriro y!igenga",0,0,,,,7.74793
173,148,3,3,1,1,1,5,"Aho bategera Bus",0,2,,,,7.74793
173,148,3,3,1,1,1,1,"Ibigo by!amashuri y!incuke",1,,1980,1,1,7.74793
173,148,3,3,1,1,1,9,"Ibitaro",0,3,,,,7.74793
173,148,3,3,1,1,1,12,"Amashami ya Banki",0,3,,,,7.74793
173,148,3,3,1,1,1,22,"Kiliziya/Umusigiti/Urusengero",1,,2004,3,,7.74793
174,149,3,3,1,1,1,20,"Aho basharija/bakora telefoni",0,2,,,,11.7204483568075
174,149,3,3,1,1,1,5,"Aho bategera Bus",2,,888,3,,11.7204483568075
174,149,3,3,1,1,1,12,"Amashami ya Banki",0,2,,,,11.7204483568075
174,149,3,3,1,1,1,17,"Imiryango itari ibigo by!imari itari iya leta",0,0,,,,11.7204483568075
174,149,3,3,1,1,1,13,"Ibigo by!imari iciriritse",0,2,,,,11.7204483568075
174,149,3,3,1,1,1,4,"Ikigo cy!amashuri y!imyuga  (TVET)",0,4,,,,11.7204483568075
174,149,3,3,1,1,1,3,"Ibigo by!amashuri yisumbuye",1,,2021,1,1,11.7204483568075
174,149,3,3,1,1,1,16,"Aho abantu babonera Internet",0,0,,,,11.7204483568075
174,149,3,3,1,1,1,15,"Ibiro by!iposita",0,0,,,,11.7204483568075
174,149,3,3,1,1,1,7,"Amavuriro ya Leta/Ikigo nderabuzima",0,0,,,,11.7204483568075
174,149,3,3,1,1,1,1,"Ibigo by!amashuri y!incuke",3,,2015,1,1,11.7204483568075
174,149,3,3,1,1,1,22,"Kiliziya/Umusigiti/Urusengero",3,,888,1,1,11.7204483568075
174,149,3,3,1,1,1,6,"Amavuriro y!igenga",0,1,,,,11.7204483568075
174,149,3,3,1,1,1,2,"Ibigo by!amashuri yibanza",1,,2015,1,1,11.7204483568075
174,149,3,3,1,1,1,19,"Insyo/amabarizo/aho bakora amavuta ateka",0,2,,,,11.7204483568075
174,149,3,3,1,1,1,21,"Ipompo izamura amazi ikoresha amashanyarazi",0,0,,,,11.7204483568075
174,149,3,3,1,1,1,23,"Ibiro by!ibigo bya Leta bitanga amashanyarazi",0,12,,,,11.7204483568075
174,149,3,3,1,1,1,18,"Aho bajya inama bakanatanga serivisi z!ubuhinzi",1,,2020,3,,11.7204483568075
174,149,3,3,1,1,1,14,"Poste ya polisi",0,2,,,,11.7204483568075
174,149,3,3,1,1,1,9,"Ibitaro",0,12,,,,11.7204483568075
174,149,3,3,1,1,1,8,"Poste de sante cg Farumasi",1,,2020,1,1,11.7204483568075
174,149,3,3,1,1,1,10,"Amasoko",0,2,,,,11.7204483568075
174,149,3,3,1,1,1,11,"Amakusanyirizo y!amata",0,2,,,,11.7204483568075
175,150,3,3,1,1,8,19,"Grain/saw/oil mill",0,88,,,,13.050107253886
175,150,3,3,1,1,8,8,"Dispensary or pharmacy",0,4,,,,13.050107253886
175,150,3,3,1,1,8,9,"Hospital",0,9,,,,13.050107253886
175,150,3,3,1,1,8,17,"Non-MFI NGOs",0,10,,,,13.050107253886
175,150,3,3,1,1,8,20,"Mobile phone charging/repairing service",0,0,,,,13.050107253886
175,150,3,3,1,1,8,12,"Bank branch",10,,888,1,1,13.050107253886
175,150,3,3,1,1,8,4,"TVET (technical vocational training institution)",0,7,,,,13.050107253886
175,150,3,3,1,1,8,18,"Agriculture extension office",0,88,,,,13.050107253886
175,150,3,3,1,1,8,6,"Private clinic",0,7,,,,13.050107253886
175,150,3,3,1,1,8,16,"Internet caf!",0,0,,,,13.050107253886
175,150,3,3,1,1,8,14,"Police station",0,5,,,,13.050107253886
175,150,3,3,1,1,8,22,"Temple/Monastery/Church/Mosque",0,10,,,,13.050107253886
175,150,3,3,1,1,8,13,"Microfinance Institutions (MFIs)",0,10,,,,13.050107253886
175,150,3,3,1,1,8,11,"Milk collection center",0,8,,,,13.050107253886
175,150,3,3,1,1,8,15,"Post office",0,88,,,,13.050107253886
175,150,3,3,1,1,8,7,"Government clinic/Public Health Center",0,4,,,,13.050107253886
175,150,3,3,1,1,8,5,"Bus stop",0,1,,,,13.050107253886
175,150,3,3,1,1,8,3,"Secondary school/high school",0,7,,,,13.050107253886
175,150,3,3,1,1,8,10,"Market",0,10,,,,13.050107253886
175,150,3,3,1,1,8,21,"Electric Water pump",0,0,,,,13.050107253886
175,150,3,3,1,1,8,1,"Pre-primary school / Kindergarten",0,5,,,,13.050107253886
175,150,3,3,1,1,8,2,"Primary school",0,3,,,,13.050107253886
175,150,3,3,1,1,8,23,"National Electricity Utility Office",0,10,,,,13.050107253886
176,151,3,4,1,1,1,1,"Ibigo by!amashuri y!incuke",1,,2021,1,1,25.1660547945205
176,151,3,4,1,1,1,15,"Ibiro by!iposita",0,6,,,,25.1660547945205
176,151,3,4,1,1,1,21,"Ipompo izamura amazi ikoresha amashanyarazi",0,12,,,,25.1660547945205
176,151,3,4,1,1,1,17,"Imiryango itari ibigo by!imari itari iya leta",0,8,,,,25.1660547945205
176,151,3,4,1,1,1,23,"Ibiro by!ibigo bya Leta bitanga amashanyarazi",0,10,,,,25.1660547945205
176,151,3,4,1,1,1,13,"Ibigo by!imari iciriritse",0,2,,,,25.1660547945205
176,151,3,4,1,1,1,2,"Ibigo by!amashuri yibanza",1,,1998,1,1,25.1660547945205
176,151,3,4,1,1,1,11,"Amakusanyirizo y!amata",0,0,,,,25.1660547945205
176,151,3,4,1,1,1,18,"Aho bajya inama bakanatanga serivisi z!ubuhinzi",2,,2015,3,,25.1660547945205
176,151,3,4,1,1,1,9,"Ibitaro",0,10,,,,25.1660547945205
176,151,3,4,1,1,1,16,"Aho abantu babonera Internet",0,2,,,,25.1660547945205
176,151,3,4,1,1,1,5,"Aho bategera Bus",5,,1975,1,1,25.1660547945205
176,151,3,4,1,1,1,12,"Amashami ya Banki",0,2,,,,25.1660547945205
176,151,3,4,1,1,1,10,"Amasoko",0,2,,,,25.1660547945205
176,151,3,4,1,1,1,20,"Aho basharija/bakora telefoni",0,1,,,,25.1660547945205
176,151,3,4,1,1,1,6,"Amavuriro y!igenga",0,2,,,,25.1660547945205
176,151,3,4,1,1,1,19,"Insyo/amabarizo/aho bakora amavuta ateka",0,2,,,,25.1660547945205
176,151,3,4,1,1,1,3,"Ibigo by!amashuri yisumbuye",0,0,,,,25.1660547945205
176,151,3,4,1,1,1,4,"Ikigo cy!amashuri y!imyuga  (TVET)",0,3,,,,25.1660547945205
176,151,3,4,1,1,1,8,"Poste de sante cg Farumasi",0,2,,,,25.1660547945205
176,151,3,4,1,1,1,7,"Amavuriro ya Leta/Ikigo nderabuzima",1,,2007,1,1,25.1660547945205
176,151,3,4,1,1,1,14,"Poste ya polisi",0,2,,,,25.1660547945205
176,151,3,4,1,1,1,22,"Kiliziya/Umusigiti/Urusengero",1,,2019,1,1,25.1660547945205
177,152,3,4,2,1,1,15,"Ibiro by!iposita",0,3,,,,113.6677875
177,152,3,4,2,1,1,6,"Amavuriro y!igenga",0,2,,,,113.6677875
177,152,3,4,2,1,1,11,"Amakusanyirizo y!amata",0,2,,,,113.6677875
177,152,3,4,2,1,1,23,"Ibiro by!ibigo bya Leta bitanga amashanyarazi",0,4,,,,113.6677875
177,152,3,4,2,1,1,10,"Amasoko",0,3,,,,113.6677875
177,152,3,4,2,1,1,3,"Ibigo by!amashuri yisumbuye",0,1,,,,113.6677875
177,152,3,4,2,1,1,21,"Ipompo izamura amazi ikoresha amashanyarazi",0,12,,,,113.6677875
177,152,3,4,2,1,1,14,"Poste ya polisi",0,3,,,,113.6677875
177,152,3,4,2,1,1,13,"Ibigo by!imari iciriritse",0,3,,,,113.6677875
177,152,3,4,2,1,1,8,"Poste de sante cg Farumasi",0,3,,,,113.6677875
177,152,3,4,2,1,1,18,"Aho bajya inama bakanatanga serivisi z!ubuhinzi",1,,2013,3,,113.6677875
177,152,3,4,2,1,1,5,"Aho bategera Bus",0,2,,,,113.6677875
177,152,3,4,2,1,1,17,"Imiryango itari ibigo by!imari itari iya leta",0,3,,,,113.6677875
177,152,3,4,2,1,1,20,"Aho basharija/bakora telefoni",0,2,,,,113.6677875
177,152,3,4,2,1,1,12,"Amashami ya Banki",0,3,,,,113.6677875
177,152,3,4,2,1,1,9,"Ibitaro",0,15,,,,113.6677875
177,152,3,4,2,1,1,16,"Aho abantu babonera Internet",0,3,,,,113.6677875
177,152,3,4,2,1,1,2,"Ibigo by!amashuri yibanza",0,1,,,,113.6677875
177,152,3,4,2,1,1,22,"Kiliziya/Umusigiti/Urusengero",2,,1996,3,,113.6677875
177,152,3,4,2,1,1,19,"Insyo/amabarizo/aho bakora amavuta ateka",0,2,,,,113.6677875
177,152,3,4,2,1,1,4,"Ikigo cy!amashuri y!imyuga  (TVET)",0,10,,,,113.6677875
177,152,3,4,2,1,1,1,"Ibigo by!amashuri y!incuke",0,1,,,,113.6677875
177,152,3,4,2,1,1,7,"Amavuriro ya Leta/Ikigo nderabuzima",0,2,,,,113.6677875
178,153,3,4,1,1,1,21,"Ipompo izamura amazi ikoresha amashanyarazi",0,15,,,,19.7935021276596
178,153,3,4,1,1,1,22,"Kiliziya/Umusigiti/Urusengero",0,1,,,,19.7935021276596
178,153,3,4,1,1,1,5,"Aho bategera Bus",0,1,,,,19.7935021276596
178,153,3,4,1,1,1,12,"Amashami ya Banki",0,0,,,,19.7935021276596
178,153,3,4,1,1,1,1,"Ibigo by!amashuri y!incuke",0,0,,,,19.7935021276596
178,153,3,4,1,1,1,17,"Imiryango itari ibigo by!imari itari iya leta",0,15,,,,19.7935021276596
178,153,3,4,1,1,1,15,"Ibiro by!iposita",0,15,,,,19.7935021276596
178,153,3,4,1,1,1,2,"Ibigo by!amashuri yibanza",1,,2009,3,,19.7935021276596
178,153,3,4,1,1,1,20,"Aho basharija/bakora telefoni",0,0,,,,19.7935021276596
178,153,3,4,1,1,1,9,"Ibitaro",0,15,,,,19.7935021276596
178,153,3,4,1,1,1,10,"Amasoko",0,0,,,,19.7935021276596
178,153,3,4,1,1,1,14,"Poste ya polisi",0,2,,,,19.7935021276596
178,153,3,4,1,1,1,11,"Amakusanyirizo y!amata",0,3,,,,19.7935021276596
178,153,3,4,1,1,1,8,"Poste de sante cg Farumasi",0,0,,,,19.7935021276596
178,153,3,4,1,1,1,3,"Ibigo by!amashuri yisumbuye",0,0,,,,19.7935021276596
178,153,3,4,1,1,1,7,"Amavuriro ya Leta/Ikigo nderabuzima",0,2,,,,19.7935021276596
178,153,3,4,1,1,1,19,"Insyo/amabarizo/aho bakora amavuta ateka",0,0,,,,19.7935021276596
178,153,3,4,1,1,1,16,"Aho abantu babonera Internet",0,0,,,,19.7935021276596
178,153,3,4,1,1,1,23,"Ibiro by!ibigo bya Leta bitanga amashanyarazi",0,15,,,,19.7935021276596
178,153,3,4,1,1,1,6,"Amavuriro y!igenga",0,6,,,,19.7935021276596
178,153,3,4,1,1,1,13,"Ibigo by!imari iciriritse",0,0,,,,19.7935021276596
178,153,3,4,1,1,1,4,"Ikigo cy!amashuri y!imyuga  (TVET)",0,2,,,,19.7935021276596
178,153,3,4,1,1,1,18,"Aho bajya inama bakanatanga serivisi z!ubuhinzi",0,5,,,,19.7935021276596
179,154,3,4,2,1,1,3,"Ibigo by!amashuri yisumbuye",0,6,,,,91.1654625
179,154,3,4,2,1,1,7,"Amavuriro ya Leta/Ikigo nderabuzima",0,8,,,,91.1654625
179,154,3,4,2,1,1,1,"Ibigo by!amashuri y!incuke",0,5,,,,91.1654625
179,154,3,4,2,1,1,16,"Aho abantu babonera Internet",0,6,,,,91.1654625
179,154,3,4,2,1,1,18,"Aho bajya inama bakanatanga serivisi z!ubuhinzi",1,,2010,3,,91.1654625
179,154,3,4,2,1,1,4,"Ikigo cy!amashuri y!imyuga  (TVET)",0,5,,,,91.1654625
179,154,3,4,2,1,1,9,"Ibitaro",0,18,,,,91.1654625
179,154,3,4,2,1,1,13,"Ibigo by!imari iciriritse",0,0,,,,91.1654625
179,154,3,4,2,1,1,22,"Kiliziya/Umusigiti/Urusengero",2,,1955,3,,91.1654625
179,154,3,4,2,1,1,23,"Ibiro by!ibigo bya Leta bitanga amashanyarazi",0,6,,,,91.1654625
179,154,3,4,2,1,1,21,"Ipompo izamura amazi ikoresha amashanyarazi",0,6,,,,91.1654625
179,154,3,4,2,1,1,11,"Amakusanyirizo y!amata",0,6,,,,91.1654625
179,154,3,4,2,1,1,20,"Aho basharija/bakora telefoni",0,0,,,,91.1654625
179,154,3,4,2,1,1,5,"Aho bategera Bus",0,6,,,,91.1654625
179,154,3,4,2,1,1,8,"Poste de sante cg Farumasi",0,6,,,,91.1654625
179,154,3,4,2,1,1,6,"Amavuriro y!igenga",0,6,,,,91.1654625
179,154,3,4,2,1,1,15,"Ibiro by!iposita",0,6,,,,91.1654625
179,154,3,4,2,1,1,19,"Insyo/amabarizo/aho bakora amavuta ateka",0,6,,,,91.1654625
179,154,3,4,2,1,1,12,"Amashami ya Banki",0,6,,,,91.1654625
179,154,3,4,2,1,1,10,"Amasoko",0,6,,,,91.1654625
179,154,3,4,2,1,1,17,"Imiryango itari ibigo by!imari itari iya leta",0,6,,,,91.1654625
179,154,3,4,2,1,1,2,"Ibigo by!amashuri yibanza",1,,1955,3,,91.1654625
179,154,3,4,2,1,1,14,"Poste ya polisi",0,6,,,,91.1654625
180,155,3,4,1,1,1,13,"Ibigo by!imari iciriritse",0,2,,,,24.0643146067416
180,155,3,4,1,1,1,23,"Ibiro by!ibigo bya Leta bitanga amashanyarazi",0,2,,,,24.0643146067416
180,155,3,4,1,1,1,2,"Ibigo by!amashuri yibanza",3,,1970,1,1,24.0643146067416
180,155,3,4,1,1,1,12,"Amashami ya Banki",0,2,,,,24.0643146067416
180,155,3,4,1,1,1,10,"Amasoko",0,2,,,,24.0643146067416
180,155,3,4,1,1,1,7,"Amavuriro ya Leta/Ikigo nderabuzima",1,,1986,1,1,24.0643146067416
180,155,3,4,1,1,1,9,"Ibitaro",0,15,,,,24.0643146067416
180,155,3,4,1,1,1,5,"Aho bategera Bus",1,,1986,3,,24.0643146067416
180,155,3,4,1,1,1,6,"Amavuriro y!igenga",0,5,,,,24.0643146067416
180,155,3,4,1,1,1,19,"Insyo/amabarizo/aho bakora amavuta ateka",0,0,,,,24.0643146067416
180,155,3,4,1,1,1,20,"Aho basharija/bakora telefoni",0,0,,,,24.0643146067416
180,155,3,4,1,1,1,15,"Ibiro by!iposita",0,2,,,,24.0643146067416
180,155,3,4,1,1,1,11,"Amakusanyirizo y!amata",0,2,,,,24.0643146067416
180,155,3,4,1,1,1,22,"Kiliziya/Umusigiti/Urusengero",3,,1975,1,1,24.0643146067416
180,155,3,4,1,1,1,21,"Ipompo izamura amazi ikoresha amashanyarazi",0,9,,,,24.0643146067416
180,155,3,4,1,1,1,14,"Poste ya polisi",0,0,,,,24.0643146067416
180,155,3,4,1,1,1,3,"Ibigo by!amashuri yisumbuye",2,,1975,1,1,24.0643146067416
180,155,3,4,1,1,1,4,"Ikigo cy!amashuri y!imyuga  (TVET)",0,2,,,,24.0643146067416
180,155,3,4,1,1,1,18,"Aho bajya inama bakanatanga serivisi z!ubuhinzi",1,,2012,3,,24.0643146067416
180,155,3,4,1,1,1,1,"Ibigo by!amashuri y!incuke",0,0,,,,24.0643146067416
180,155,3,4,1,1,1,8,"Poste de sante cg Farumasi",0,2,,,,24.0643146067416
180,155,3,4,1,1,1,17,"Imiryango itari ibigo by!imari itari iya leta",0,5,,,,24.0643146067416
180,155,3,4,1,1,1,16,"Aho abantu babonera Internet",0,0,,,,24.0643146067416
181,156,3,4,2,1,1,20,"Aho basharija/bakora telefoni",0,0,,,,175.267767857143
181,156,3,4,2,1,1,8,"Poste de sante cg Farumasi",0,0,,,,175.267767857143
181,156,3,4,2,1,1,1,"Ibigo by!amashuri y!incuke",0,0,,,,175.267767857143
181,156,3,4,2,1,1,14,"Poste ya polisi",0,5,,,,175.267767857143
181,156,3,4,2,1,1,23,"Ibiro by!ibigo bya Leta bitanga amashanyarazi",0,15,,,,175.267767857143
181,156,3,4,2,1,1,11,"Amakusanyirizo y!amata",0,15,,,,175.267767857143
181,156,3,4,2,1,1,15,"Ibiro by!iposita",0,25,,,,175.267767857143
181,156,3,4,2,1,1,18,"Aho bajya inama bakanatanga serivisi z!ubuhinzi",2,,2019,3,,175.267767857143
181,156,3,4,2,1,1,16,"Aho abantu babonera Internet",0,15,,,,175.267767857143
181,156,3,4,2,1,1,6,"Amavuriro y!igenga",0,30,,,,175.267767857143
181,156,3,4,2,1,1,12,"Amashami ya Banki",0,15,,,,175.267767857143
181,156,3,4,2,1,1,3,"Ibigo by!amashuri yisumbuye",0,0,,,,175.267767857143
181,156,3,4,2,1,1,21,"Ipompo izamura amazi ikoresha amashanyarazi",0,20,,,,175.267767857143
181,156,3,4,2,1,1,5,"Aho bategera Bus",0,15,,,,175.267767857143
181,156,3,4,2,1,1,2,"Ibigo by!amashuri yibanza",0,0,,,,175.267767857143
181,156,3,4,2,1,1,17,"Imiryango itari ibigo by!imari itari iya leta",0,15,,,,175.267767857143
181,156,3,4,2,1,1,7,"Amavuriro ya Leta/Ikigo nderabuzima",0,5,,,,175.267767857143
181,156,3,4,2,1,1,22,"Kiliziya/Umusigiti/Urusengero",0,0,,,,175.267767857143
181,156,3,4,2,1,1,4,"Ikigo cy!amashuri y!imyuga  (TVET)",0,6,,,,175.267767857143
181,156,3,4,2,1,1,13,"Ibigo by!imari iciriritse",0,15,,,,175.267767857143
181,156,3,4,2,1,1,9,"Ibitaro",0,30,,,,175.267767857143
181,156,3,4,2,1,1,19,"Insyo/amabarizo/aho bakora amavuta ateka",0,15,,,,175.267767857143
181,156,3,4,2,1,1,10,"Amasoko",0,6,,,,175.267767857143
182,157,3,5,2,1,4,13,"Ibigo by!imari iciriritse",0,2,,,,166.146574074074
182,157,3,5,2,1,4,2,"Ibigo by!amashuri yibanza",0,3,,,,166.146574074074
182,157,3,5,2,1,4,16,"Internet caf!",0,2,,,,166.146574074074
182,157,3,5,2,1,4,11,"Amakusanyirizo y!amata",0,0,,,,166.146574074074
182,157,3,5,2,1,4,14,"Police station",1,,888,1,1,166.146574074074
182,157,3,5,2,1,4,4,"Ikigo cy!amashuri y!imyuga  (TVET)",0,18,,,,166.146574074074
182,157,3,5,2,1,4,19,"Insyo/amabarizo/aho bakora amavuta ateka",1,,1990,1,1,166.146574074074
182,157,3,5,2,1,4,10,"Amasoko",0,2,,,,166.146574074074
182,157,3,5,2,1,4,6,"Amavuriro y!igenga",0,18,,,,166.146574074074
182,157,3,5,2,1,4,15,"Post office",0,0,,,,166.146574074074
182,157,3,5,2,1,4,8,"Poste de sante cg Farumasi",0,3,,,,166.146574074074
182,157,3,5,2,1,4,7,"Amavuriro ya Leta/Ikigo nderabuzima",0,3,,,,166.146574074074
182,157,3,5,2,1,4,18,"Agriculture extension office",1,,2015,2,1,166.146574074074
182,157,3,5,2,1,4,3,"Ibigo by!amashuri yisumbuye",0,3,,,,166.146574074074
182,157,3,5,2,1,4,17,"Non-MFI NGOs",0,88,,,,166.146574074074
182,157,3,5,2,1,4,21,"Ipompo izamura amazi ikoresha amashanyarazi",0,0,,,,166.146574074074
182,157,3,5,2,1,4,12,"Amashami ya Banki",0,2,,,,166.146574074074
182,157,3,5,2,1,4,5,"Aho bategera Bus",0,6,,,,166.146574074074
182,157,3,5,2,1,4,1,"Ibigo by!amashuri y!incuke",0,2,,,,166.146574074074
182,157,3,5,2,1,4,23,"Ibiro by!ibigo bya Leta bitanga amashanyarazi",0,20,,,,166.146574074074
182,157,3,5,2,1,4,20,"Aho basharija/bakora telefoni",0,0,,,,166.146574074074
182,157,3,5,2,1,4,22,"Kiliziya/Umusigiti/Urusengero",4,,1948,1,1,166.146574074074
182,157,3,5,2,1,4,9,"Ibitaro",0,3,,,,166.146574074074
183,158,3,5,2,1,6,3,"Secondary school/high school",1,,888,2,3,142.1882875
183,158,3,5,2,1,6,9,"Hospital",0,25,,,,142.1882875
183,158,3,5,2,1,6,11,"Milk collection center",0,0,,,,142.1882875
183,158,3,5,2,1,6,12,"Bank branch",0,0,,,,142.1882875
183,158,3,5,2,1,6,22,"Kiliziya/Umusigiti/Urusengero",3,,888,1,3,142.1882875
183,158,3,5,2,1,6,16,"Internet caf!",0,0,,,,142.1882875
183,158,3,5,2,1,6,17,"Non-MFI NGOs",88,,888,3,,142.1882875
183,158,3,5,2,1,6,21,"Ipompo izamura amazi ikoresha amashanyarazi",0,0,,,,142.1882875
183,158,3,5,2,1,6,23,"Ibiro by!ibigo bya Leta bitanga amashanyarazi",0,88,,,,142.1882875
183,158,3,5,2,1,6,5,"Bus stop",0,50,,,,142.1882875
183,158,3,5,2,1,6,18,"Agriculture extension office",1,,2016,3,,142.1882875
183,158,3,5,2,1,6,6,"Private clinic",0,88,,,,142.1882875
183,158,3,5,2,1,6,20,"Aho basharija/bakora telefoni",1,,2020,1,1,142.1882875
183,158,3,5,2,1,6,10,"Market",0,88,,,,142.1882875
183,158,3,5,2,1,6,4,"TVET (technical vocational training institution)",0,15,,,,142.1882875
183,158,3,5,2,1,6,13,"Microfinance Institutions (MFIs)",0,88,,,,142.1882875
183,158,3,5,2,1,6,1,"Pre-primary school / Kindergarten",1,,2017,3,,142.1882875
183,158,3,5,2,1,6,19,"Grain/saw/oil mill",0,0,,,,142.1882875
183,158,3,5,2,1,6,15,"Post office",0,0,,,,142.1882875
183,158,3,5,2,1,6,7,"Government clinic/Public Health Center",0,88,,,,142.1882875
183,158,3,5,2,1,6,14,"Police station",0,20,,,,142.1882875
183,158,3,5,2,1,6,2,"Primary school",1,,888,1,3,142.1882875
183,158,3,5,2,1,6,8,"Dispensary or pharmacy",0,88,,,,142.1882875
184,159,3,5,2,1,1,10,"Amasoko",0,15,,,,132.641397129187
184,159,3,5,2,1,1,21,"Ipompo izamura amazi ikoresha amashanyarazi",0,0,,,,132.641397129187
184,159,3,5,2,1,1,23,"Ibiro by!ibigo bya Leta bitanga amashanyarazi",0,15,,,,132.641397129187
184,159,3,5,2,1,1,20,"Aho basharija/bakora telefoni",0,15,,,,132.641397129187
184,159,3,5,2,1,1,7,"Amavuriro ya Leta/Ikigo nderabuzima",0,15,,,,132.641397129187
184,159,3,5,2,1,1,13,"Ibigo by!imari iciriritse",0,6,,,,132.641397129187
184,159,3,5,2,1,1,3,"Ibigo by!amashuri yisumbuye",0,3,,,,132.641397129187
184,159,3,5,2,1,1,5,"Aho bategera Bus",0,6,,,,132.641397129187
184,159,3,5,2,1,1,8,"Poste de sante cg Farumasi",0,8,,,,132.641397129187
184,159,3,5,2,1,1,15,"Ibiro by!iposita",0,0,,,,132.641397129187
184,159,3,5,2,1,1,22,"Kiliziya/Umusigiti/Urusengero",9,,1990,3,,132.641397129187
184,159,3,5,2,1,1,14,"Poste ya polisi",0,15,,,,132.641397129187
184,159,3,5,2,1,1,2,"Ibigo by!amashuri yibanza",3,,888,3,,132.641397129187
184,159,3,5,2,1,1,18,"Aho bajya inama bakanatanga serivisi z!ubuhinzi",1,,2018,3,,132.641397129187
184,159,3,5,2,1,1,17,"Imiryango itari ibigo by!imari itari iya leta",0,15,,,,132.641397129187
184,159,3,5,2,1,1,4,"Ikigo cy!amashuri y!imyuga  (TVET)",0,6,,,,132.641397129187
184,159,3,5,2,1,1,12,"Amashami ya Banki",0,15,,,,132.641397129187
184,159,3,5,2,1,1,16,"Aho abantu babonera Internet",0,15,,,,132.641397129187
184,159,3,5,2,1,1,1,"Ibigo by!amashuri y!incuke",2,,2020,3,,132.641397129187
184,159,3,5,2,1,1,6,"Amavuriro y!igenga",0,15,,,,132.641397129187
184,159,3,5,2,1,1,9,"Ibitaro",0,15,,,,132.641397129187
184,159,3,5,2,1,1,19,"Insyo/amabarizo/aho bakora amavuta ateka",0,15,,,,132.641397129187
184,159,3,5,2,1,1,11,"Amakusanyirizo y!amata",0,0,,,,132.641397129187
185,160,3,5,1,1,9,21,"Ipompo izamura amazi ikoresha amashanyarazi",0,0,,,,6.94327538461538
185,160,3,5,1,1,9,8,"Dispensary or pharmacy",0,2,,,,6.94327538461538
185,160,3,5,1,1,9,7,"Government clinic/Public Health Center",0,5,,,,6.94327538461538
185,160,3,5,1,1,9,18,"Agriculture extension office",0,2,,,,6.94327538461538
185,160,3,5,1,1,9,22,"Kiliziya/Umusigiti/Urusengero",2,,888,1,1,6.94327538461538
185,160,3,5,1,1,9,5,"Bus stop",1,,888,3,,6.94327538461538
185,160,3,5,1,1,9,6,"Private clinic",0,3,,,,6.94327538461538
185,160,3,5,1,1,9,9,"Hospital",0,40,,,,6.94327538461538
185,160,3,5,1,1,9,20,"Aho basharija/bakora telefoni",0,0,,,,6.94327538461538
185,160,3,5,1,1,9,2,"Primary school",1,,888,1,1,6.94327538461538
185,160,3,5,1,1,9,16,"Internet caf!",0,1,,,,6.94327538461538
185,160,3,5,1,1,9,23,"Ibiro by!ibigo bya Leta bitanga amashanyarazi",0,1,,,,6.94327538461538
185,160,3,5,1,1,9,17,"Non-MFI NGOs",0,0,,,,6.94327538461538
185,160,3,5,1,1,9,15,"Post office",0,0,,,,6.94327538461538
185,160,3,5,1,1,9,14,"Police station",0,2,,,,6.94327538461538
185,160,3,5,1,1,9,3,"Secondary school/high school",2,,1983,1,1,6.94327538461538
185,160,3,5,1,1,9,12,"Bank branch",4,,1970,1,1,6.94327538461538
185,160,3,5,1,1,9,1,"Pre-primary school / Kindergarten",2,,2020,2,1,6.94327538461538
185,160,3,5,1,1,9,11,"Milk collection center",0,88,,,,6.94327538461538
185,160,3,5,1,1,9,19,"Grain/saw/oil mill",0,2,,,,6.94327538461538
185,160,3,5,1,1,9,4,"TVET (technical vocational training institution)",0,5,,,,6.94327538461538
185,160,3,5,1,1,9,10,"Market",0,2,,,,6.94327538461538
185,160,3,5,1,1,9,13,"Microfinance Institutions (MFIs)",1,,2012,1,1,6.94327538461538
186,161,3,5,2,1,10,16,"Internet caf!",0,45,,,,71.7433459770115
186,161,3,5,2,1,10,4,"TVET (technical vocational training institution)",1,,888,1,1,71.7433459770115
186,161,3,5,2,1,10,19,"Grain/saw/oil mill",1,,2015,1,1,71.7433459770115
186,161,3,5,2,1,10,20,"Mobile phone charging/repairing service",1,,2015,1,1,71.7433459770115
186,161,3,5,2,1,10,6,"Private clinic",0,88,,,,71.7433459770115
186,161,3,5,2,1,10,10,"Market",1,,1990,3,,71.7433459770115
186,161,3,5,2,1,10,17,"Non-MFI NGOs",0,45,,,,71.7433459770115
186,161,3,5,2,1,10,13,"Microfinance Institutions (MFIs)",0,45,,,,71.7433459770115
186,161,3,5,2,1,10,9,"Hospital",1,,888,1,1,71.7433459770115
186,161,3,5,2,1,10,18,"Agriculture extension office",1,,2012,3,,71.7433459770115
186,161,3,5,2,1,10,23,"National Electricity Utility Office",0,45,,,,71.7433459770115
186,161,3,5,2,1,10,2,"Primary school",1,,888,1,1,71.7433459770115
186,161,3,5,2,1,10,22,"Temple/Monastery/Church/Mosque",3,,1950,1,1,71.7433459770115
186,161,3,5,2,1,10,12,"Bank branch",0,45,,,,71.7433459770115
186,161,3,5,2,1,10,3,"Secondary school/high school",2,,888,1,1,71.7433459770115
186,161,3,5,2,1,10,21,"Electric Water pump",0,88,,,,71.7433459770115
186,161,3,5,2,1,10,14,"Police station",1,,888,1,1,71.7433459770115
186,161,3,5,2,1,10,1,"Pre-primary school / Kindergarten",1,,2015,1,1,71.7433459770115
186,161,3,5,2,1,10,7,"Government clinic/Public Health Center",1,,888,1,1,71.7433459770115
186,161,3,5,2,1,10,5,"Bus stop",1,,888,3,,71.7433459770115
186,161,3,5,2,1,10,11,"Milk collection center",0,88,,,,71.7433459770115
186,161,3,5,2,1,10,8,"Dispensary or pharmacy",0,5,,,,71.7433459770115
186,161,3,5,2,1,10,15,"Post office",0,88,,,,71.7433459770115
187,162,3,6,1,1,1,22,"Kiliziya/Umusigiti/Urusengero",1,,2021,1,1,18.0034357798165
187,162,3,6,1,1,1,15,"Ibiro by!iposita",0,40,,,,18.0034357798165
187,162,3,6,1,1,1,14,"Poste ya polisi",0,1,,,,18.0034357798165
187,162,3,6,1,1,1,19,"Insyo/amabarizo/aho bakora amavuta ateka",0,1,,,,18.0034357798165
187,162,3,6,1,1,1,10,"Amasoko",0,1,,,,18.0034357798165
187,162,3,6,1,1,1,1,"Ibigo by!amashuri y!incuke",1,,2022,1,1,18.0034357798165
187,162,3,6,1,1,1,3,"Ibigo by!amashuri yisumbuye",0,1,,,,18.0034357798165
187,162,3,6,1,1,1,18,"Aho bajya inama bakanatanga serivisi z!ubuhinzi",0,0,,,,18.0034357798165
187,162,3,6,1,1,1,17,"Imiryango itari ibigo by!imari itari iya leta",0,0,,,,18.0034357798165
187,162,3,6,1,1,1,2,"Ibigo by!amashuri yibanza",0,1,,,,18.0034357798165
187,162,3,6,1,1,1,6,"Amavuriro y!igenga",0,1,,,,18.0034357798165
187,162,3,6,1,1,1,16,"Aho abantu babonera Internet",0,2,,,,18.0034357798165
187,162,3,6,1,1,1,11,"Amakusanyirizo y!amata",0,0,,,,18.0034357798165
187,162,3,6,1,1,1,4,"Ikigo cy!amashuri y!imyuga  (TVET)",0,2,,,,18.0034357798165
187,162,3,6,1,1,1,7,"Amavuriro ya Leta/Ikigo nderabuzima",0,0,,,,18.0034357798165
187,162,3,6,1,1,1,8,"Poste de sante cg Farumasi",0,1,,,,18.0034357798165
187,162,3,6,1,1,1,20,"Aho basharija/bakora telefoni",0,1,,,,18.0034357798165
187,162,3,6,1,1,1,12,"Amashami ya Banki",0,2,,,,18.0034357798165
187,162,3,6,1,1,1,9,"Ibitaro",0,45,,,,18.0034357798165
187,162,3,6,1,1,1,5,"Aho bategera Bus",1,,888,3,,18.0034357798165
187,162,3,6,1,1,1,21,"Ipompo izamura amazi ikoresha amashanyarazi",0,0,,,,18.0034357798165
187,162,3,6,1,1,1,23,"Ibiro by!ibigo bya Leta bitanga amashanyarazi",0,11,,,,18.0034357798165
187,162,3,6,1,1,1,13,"Ibigo by!imari iciriritse",0,2,,,,18.0034357798165
188,163,3,6,2,1,1,23,"Ibiro by!ibigo bya Leta bitanga amashanyarazi",0,18,,,,130.290494845361
188,163,3,6,2,1,1,8,"Poste de sante cg Farumasi",0,2,,,,130.290494845361
188,163,3,6,2,1,1,13,"Ibigo by!imari iciriritse",0,11,,,,130.290494845361
188,163,3,6,2,1,1,15,"Ibiro by!iposita",0,18,,,,130.290494845361
188,163,3,6,2,1,1,3,"Ibigo by!amashuri yisumbuye",0,7,,,,130.290494845361
188,163,3,6,2,1,1,10,"Amasoko",0,3,,,,130.290494845361
188,163,3,6,2,1,1,5,"Aho bategera Bus",0,11,,,,130.290494845361
188,163,3,6,2,1,1,18,"Aho bajya inama bakanatanga serivisi z!ubuhinzi",0,13,,,,130.290494845361
188,163,3,6,2,1,1,17,"Imiryango itari ibigo by!imari itari iya leta",0,0,,,,130.290494845361
188,163,3,6,2,1,1,14,"Poste ya polisi",0,13,,,,130.290494845361
188,163,3,6,2,1,1,12,"Amashami ya Banki",0,11,,,,130.290494845361
188,163,3,6,2,1,1,9,"Ibitaro",0,7,,,,130.290494845361
188,163,3,6,2,1,1,6,"Amavuriro y!igenga",0,3,,,,130.290494845361
188,163,3,6,2,1,1,4,"Ikigo cy!amashuri y!imyuga  (TVET)",1,,2017,1,1,130.290494845361
188,163,3,6,2,1,1,19,"Insyo/amabarizo/aho bakora amavuta ateka",0,2,,,,130.290494845361
188,163,3,6,2,1,1,2,"Ibigo by!amashuri yibanza",1,,2000,3,,130.290494845361
188,163,3,6,2,1,1,22,"Kiliziya/Umusigiti/Urusengero",1,,1982,3,,130.290494845361
188,163,3,6,2,1,1,7,"Amavuriro ya Leta/Ikigo nderabuzima",0,7,,,,130.290494845361
188,163,3,6,2,1,1,21,"Ipompo izamura amazi ikoresha amashanyarazi",0,5,,,,130.290494845361
188,163,3,6,2,1,1,20,"Aho basharija/bakora telefoni",0,3,,,,130.290494845361
188,163,3,6,2,1,1,16,"Aho abantu babonera Internet",0,17,,,,130.290494845361
188,163,3,6,2,1,1,11,"Amakusanyirizo y!amata",0,13,,,,130.290494845361
188,163,3,6,2,1,1,1,"Ibigo by!amashuri y!incuke",1,,2000,3,,130.290494845361
189,164,3,6,1,1,1,3,"Ibigo by!amashuri yisumbuye",0,1,,,,16.2242746478873
189,164,3,6,1,1,1,11,"Amakusanyirizo y!amata",0,6,,,,16.2242746478873
189,164,3,6,1,1,1,4,"Ikigo cy!amashuri y!imyuga  (TVET)",0,2,,,,16.2242746478873
189,164,3,6,1,1,1,12,"Amashami ya Banki",0,2,,,,16.2242746478873
189,164,3,6,1,1,1,19,"Insyo/amabarizo/aho bakora amavuta ateka",0,1,,,,16.2242746478873
189,164,3,6,1,1,1,17,"Imiryango itari ibigo by!imari itari iya leta",0,1,,,,16.2242746478873
189,164,3,6,1,1,1,22,"Kiliziya/Umusigiti/Urusengero",1,,2012,1,1,16.2242746478873
189,164,3,6,1,1,1,13,"Ibigo by!imari iciriritse",0,0,,,,16.2242746478873
189,164,3,6,1,1,1,23,"Ibiro by!ibigo bya Leta bitanga amashanyarazi",0,1,,,,16.2242746478873
189,164,3,6,1,1,1,16,"Aho abantu babonera Internet",0,0,,,,16.2242746478873
189,164,3,6,1,1,1,15,"Ibiro by!iposita",0,3,,,,16.2242746478873
189,164,3,6,1,1,1,10,"Amasoko",0,2,,,,16.2242746478873
189,164,3,6,1,1,1,7,"Amavuriro ya Leta/Ikigo nderabuzima",0,4,,,,16.2242746478873
189,164,3,6,1,1,1,21,"Ipompo izamura amazi ikoresha amashanyarazi",0,0,,,,16.2242746478873
189,164,3,6,1,1,1,5,"Aho bategera Bus",0,1,,,,16.2242746478873
189,164,3,6,1,1,1,18,"Aho bajya inama bakanatanga serivisi z!ubuhinzi",0,4,,,,16.2242746478873
189,164,3,6,1,1,1,20,"Aho basharija/bakora telefoni",0,1,,,,16.2242746478873
189,164,3,6,1,1,1,14,"Poste ya polisi",0,2,,,,16.2242746478873
189,164,3,6,1,1,1,8,"Poste de sante cg Farumasi",0,1,,,,16.2242746478873
189,164,3,6,1,1,1,9,"Ibitaro",0,1,,,,16.2242746478873
189,164,3,6,1,1,1,2,"Ibigo by!amashuri yibanza",0,1,,,,16.2242746478873
189,164,3,6,1,1,1,1,"Ibigo by!amashuri y!incuke",0,1,,,,16.2242746478873
189,164,3,6,1,1,1,6,"Amavuriro y!igenga",0,1,,,,16.2242746478873
190,165,3,6,2,1,1,7,"Amavuriro ya Leta/Ikigo nderabuzima",0,1,,,,118.891666666667
190,165,3,6,2,1,1,4,"Ikigo cy!amashuri y!imyuga  (TVET)",0,3,,,,118.891666666667
190,165,3,6,2,1,1,21,"Ipompo izamura amazi ikoresha amashanyarazi",0,0,,,,118.891666666667
190,165,3,6,2,1,1,2,"Ibigo by!amashuri yibanza",0,2,,,,118.891666666667
190,165,3,6,2,1,1,11,"Amakusanyirizo y!amata",0,25,,,,118.891666666667
190,165,3,6,2,1,1,22,"Kiliziya/Umusigiti/Urusengero",1,,1978,1,1,118.891666666667
190,165,3,6,2,1,1,20,"Aho basharija/bakora telefoni",1,,2019,1,1,118.891666666667
190,165,3,6,2,1,1,10,"Amasoko",0,2,,,,118.891666666667
190,165,3,6,2,1,1,3,"Ibigo by!amashuri yisumbuye",0,2,,,,118.891666666667
190,165,3,6,2,1,1,17,"Imiryango itari ibigo by!imari itari iya leta",0,1,,,,118.891666666667
190,165,3,6,2,1,1,18,"Aho bajya inama bakanatanga serivisi z!ubuhinzi",0,1,,,,118.891666666667
190,165,3,6,2,1,1,19,"Insyo/amabarizo/aho bakora amavuta ateka",0,1,,,,118.891666666667
190,165,3,6,2,1,1,9,"Ibitaro",0,3,,,,118.891666666667
190,165,3,6,2,1,1,23,"Ibiro by!ibigo bya Leta bitanga amashanyarazi",0,5,,,,118.891666666667
190,165,3,6,2,1,1,12,"Amashami ya Banki",0,2,,,,118.891666666667
190,165,3,6,2,1,1,8,"Poste de sante cg Farumasi",0,1,,,,118.891666666667
190,165,3,6,2,1,1,14,"Poste ya polisi",0,2,,,,118.891666666667
190,165,3,6,2,1,1,15,"Ibiro by!iposita",0,3,,,,118.891666666667
190,165,3,6,2,1,1,1,"Ibigo by!amashuri y!incuke",0,2,,,,118.891666666667
190,165,3,6,2,1,1,5,"Aho bategera Bus",0,5,,,,118.891666666667
190,165,3,6,2,1,1,13,"Ibigo by!imari iciriritse",0,2,,,,118.891666666667
190,165,3,6,2,1,1,6,"Amavuriro y!igenga",0,2,,,,118.891666666667
190,165,3,6,2,1,1,16,"Aho abantu babonera Internet",0,2,,,,118.891666666667
191,166,3,6,1,1,1,11,"Amakusanyirizo y!amata",0,26,,,,14.223983490566
191,166,3,6,1,1,1,15,"Ibiro by!iposita",0,0,,,,14.223983490566
191,166,3,6,1,1,1,22,"Kiliziya/Umusigiti/Urusengero",3,,2000,1,1,14.223983490566
191,166,3,6,1,1,1,23,"Ibiro by!ibigo bya Leta bitanga amashanyarazi",0,0,,,,14.223983490566
191,166,3,6,1,1,1,4,"Ikigo cy!amashuri y!imyuga  (TVET)",0,4,,,,14.223983490566
191,166,3,6,1,1,1,12,"Amashami ya Banki",1,,2013,1,1,14.223983490566
191,166,3,6,1,1,1,18,"Aho bajya inama bakanatanga serivisi z!ubuhinzi",0,2,,,,14.223983490566
191,166,3,6,1,1,1,14,"Poste ya polisi",0,1,,,,14.223983490566
191,166,3,6,1,1,1,20,"Aho basharija/bakora telefoni",0,0,,,,14.223983490566
191,166,3,6,1,1,1,5,"Aho bategera Bus",0,0,,,,14.223983490566
191,166,3,6,1,1,1,19,"Insyo/amabarizo/aho bakora amavuta ateka",2,,2009,1,1,14.223983490566
191,166,3,6,1,1,1,10,"Amasoko",1,,1994,1,1,14.223983490566
191,166,3,6,1,1,1,6,"Amavuriro y!igenga",0,0,,,,14.223983490566
191,166,3,6,1,1,1,9,"Ibitaro",0,2,,,,14.223983490566
191,166,3,6,1,1,1,2,"Ibigo by!amashuri yibanza",1,,2014,1,1,14.223983490566
191,166,3,6,1,1,1,13,"Ibigo by!imari iciriritse",1,,2009,1,1,14.223983490566
191,166,3,6,1,1,1,21,"Ipompo izamura amazi ikoresha amashanyarazi",0,0,,,,14.223983490566
191,166,3,6,1,1,1,3,"Ibigo by!amashuri yisumbuye",0,2,,,,14.223983490566
191,166,3,6,1,1,1,8,"Poste de sante cg Farumasi",0,0,,,,14.223983490566
191,166,3,6,1,1,1,17,"Imiryango itari ibigo by!imari itari iya leta",0,0,,,,14.223983490566
191,166,3,6,1,1,1,7,"Amavuriro ya Leta/Ikigo nderabuzima",0,1,,,,14.223983490566
191,166,3,6,1,1,1,1,"Ibigo by!amashuri y!incuke",1,,2014,1,1,14.223983490566
191,166,3,6,1,1,1,16,"Aho abantu babonera Internet",0,0,,,,14.223983490566
192,167,3,6,1,1,1,11,"Amakusanyirizo y!amata",0,0,,,,27.7581730263158
192,167,3,6,1,1,1,16,"Aho abantu babonera Internet",0,6,,,,27.7581730263158
192,167,3,6,1,1,1,23,"Ibiro by!ibigo bya Leta bitanga amashanyarazi",0,3,,,,27.7581730263158
192,167,3,6,1,1,1,15,"Ibiro by!iposita",0,55,,,,27.7581730263158
192,167,3,6,1,1,1,21,"Ipompo izamura amazi ikoresha amashanyarazi",0,0,,,,27.7581730263158
192,167,3,6,1,1,1,9,"Ibitaro",0,45,,,,27.7581730263158
192,167,3,6,1,1,1,20,"Aho basharija/bakora telefoni",0,0,,,,27.7581730263158
192,167,3,6,1,1,1,12,"Amashami ya Banki",0,1,,,,27.7581730263158
192,167,3,6,1,1,1,8,"Poste de sante cg Farumasi",0,0,,,,27.7581730263158
192,167,3,6,1,1,1,17,"Imiryango itari ibigo by!imari itari iya leta",0,0,,,,27.7581730263158
192,167,3,6,1,1,1,14,"Poste ya polisi",0,1,,,,27.7581730263158
192,167,3,6,1,1,1,18,"Aho bajya inama bakanatanga serivisi z!ubuhinzi",0,1,,,,27.7581730263158
192,167,3,6,1,1,1,3,"Ibigo by!amashuri yisumbuye",0,1,,,,27.7581730263158
192,167,3,6,1,1,1,2,"Ibigo by!amashuri yibanza",0,1,,,,27.7581730263158
192,167,3,6,1,1,1,4,"Ikigo cy!amashuri y!imyuga  (TVET)",0,1,,,,27.7581730263158
192,167,3,6,1,1,1,7,"Amavuriro ya Leta/Ikigo nderabuzima",0,1,,,,27.7581730263158
192,167,3,6,1,1,1,10,"Amasoko",0,0,,,,27.7581730263158
192,167,3,6,1,1,1,22,"Kiliziya/Umusigiti/Urusengero",3,,888,1,1,27.7581730263158
192,167,3,6,1,1,1,19,"Insyo/amabarizo/aho bakora amavuta ateka",0,0,,,,27.7581730263158
192,167,3,6,1,1,1,6,"Amavuriro y!igenga",0,0,,,,27.7581730263158
192,167,3,6,1,1,1,13,"Ibigo by!imari iciriritse",0,0,,,,27.7581730263158
192,167,3,6,1,1,1,5,"Aho bategera Bus",0,0,,,,27.7581730263158
192,167,3,6,1,1,1,1,"Ibigo by!amashuri y!incuke",1,,2021,3,,27.7581730263158
193,168,3,6,2,1,1,7,"Amavuriro ya Leta/Ikigo nderabuzima",0,1,,,,233.912705882353
193,168,3,6,2,1,1,18,"Aho bajya inama bakanatanga serivisi z!ubuhinzi",0,5,,,,233.912705882353
193,168,3,6,2,1,1,2,"Ibigo by!amashuri yibanza",0,1,,,,233.912705882353
193,168,3,6,2,1,1,20,"Aho basharija/bakora telefoni",0,5,,,,233.912705882353
193,168,3,6,2,1,1,19,"Insyo/amabarizo/aho bakora amavuta ateka",0,0,,,,233.912705882353
193,168,3,6,2,1,1,15,"Ibiro by!iposita",0,28,,,,233.912705882353
193,168,3,6,2,1,1,11,"Amakusanyirizo y!amata",0,4,,,,233.912705882353
193,168,3,6,2,1,1,22,"Kiliziya/Umusigiti/Urusengero",1,,1985,1,1,233.912705882353
193,168,3,6,2,1,1,4,"Ikigo cy!amashuri y!imyuga  (TVET)",0,4,,,,233.912705882353
193,168,3,6,2,1,1,23,"Ibiro by!ibigo bya Leta bitanga amashanyarazi",0,28,,,,233.912705882353
193,168,3,6,2,1,1,6,"Amavuriro y!igenga",0,0,,,,233.912705882353
193,168,3,6,2,1,1,1,"Ibigo by!amashuri y!incuke",0,3,,,,233.912705882353
193,168,3,6,2,1,1,9,"Ibitaro",0,5,,,,233.912705882353
193,168,3,6,2,1,1,10,"Amasoko",0,4,,,,233.912705882353
193,168,3,6,2,1,1,17,"Imiryango itari ibigo by!imari itari iya leta",0,20,,,,233.912705882353
193,168,3,6,2,1,1,12,"Amashami ya Banki",0,27,,,,233.912705882353
193,168,3,6,2,1,1,5,"Aho bategera Bus",0,28,,,,233.912705882353
193,168,3,6,2,1,1,13,"Ibigo by!imari iciriritse",0,5,,,,233.912705882353
193,168,3,6,2,1,1,8,"Poste de sante cg Farumasi",0,3,,,,233.912705882353
193,168,3,6,2,1,1,21,"Ipompo izamura amazi ikoresha amashanyarazi",0,0,,,,233.912705882353
193,168,3,6,2,1,1,3,"Ibigo by!amashuri yisumbuye",0,2,,,,233.912705882353
193,168,3,6,2,1,1,16,"Aho abantu babonera Internet",0,28,,,,233.912705882353
193,168,3,6,2,1,1,14,"Poste ya polisi",0,3,,,,233.912705882353
194,169,3,6,2,1,1,23,"Ibiro by!ibigo bya Leta bitanga amashanyarazi",0,25,,,,159.81208
194,169,3,6,2,1,1,2,"Ibigo by!amashuri yibanza",0,0,,,,159.81208
194,169,3,6,2,1,1,1,"Ibigo by!amashuri y!incuke",0,0,,,,159.81208
194,169,3,6,2,1,1,3,"Ibigo by!amashuri yisumbuye",0,1,,,,159.81208
194,169,3,6,2,1,1,22,"Kiliziya/Umusigiti/Urusengero",0,1,,,,159.81208
194,169,3,6,2,1,1,16,"Aho abantu babonera Internet",0,25,,,,159.81208
194,169,3,6,2,1,1,6,"Amavuriro y!igenga",0,2,,,,159.81208
194,169,3,6,2,1,1,7,"Amavuriro ya Leta/Ikigo nderabuzima",0,2,,,,159.81208
194,169,3,6,2,1,1,18,"Aho bajya inama bakanatanga serivisi z!ubuhinzi",1,,2015,3,,159.81208
194,169,3,6,2,1,1,5,"Aho bategera Bus",0,0,,,,159.81208
194,169,3,6,2,1,1,15,"Ibiro by!iposita",0,25,,,,159.81208
194,169,3,6,2,1,1,17,"Imiryango itari ibigo by!imari itari iya leta",0,25,,,,159.81208
194,169,3,6,2,1,1,9,"Ibitaro",0,15,,,,159.81208
194,169,3,6,2,1,1,11,"Amakusanyirizo y!amata",0,10,,,,159.81208
194,169,3,6,2,1,1,21,"Ipompo izamura amazi ikoresha amashanyarazi",0,0,,,,159.81208
194,169,3,6,2,1,1,12,"Amashami ya Banki",0,1,,,,159.81208
194,169,3,6,2,1,1,8,"Poste de sante cg Farumasi",0,0,,,,159.81208
194,169,3,6,2,1,1,14,"Poste ya polisi",0,2,,,,159.81208
194,169,3,6,2,1,1,20,"Aho basharija/bakora telefoni",0,2,,,,159.81208
194,169,3,6,2,1,1,19,"Insyo/amabarizo/aho bakora amavuta ateka",1,,2014,1,1,159.81208
194,169,3,6,2,1,1,13,"Ibigo by!imari iciriritse",0,2,,,,159.81208
194,169,3,6,2,1,1,10,"Amasoko",0,2,,,,159.81208
194,169,3,6,2,1,1,4,"Ikigo cy!amashuri y!imyuga  (TVET)",0,0,,,,159.81208
195,170,3,7,2,1,1,20,"Aho basharija/bakora telefoni",0,2,,,,79.1392834437086
195,170,3,7,2,1,1,12,"Amashami ya Banki",0,1,,,,79.1392834437086
195,170,3,7,2,1,1,22,"Kiliziya/Umusigiti/Urusengero",3,,1970,1,1,79.1392834437086
195,170,3,7,2,1,1,10,"Amasoko",0,0,,,,79.1392834437086
195,170,3,7,2,1,1,13,"Ibigo by!imari iciriritse",0,1,,,,79.1392834437086
195,170,3,7,2,1,1,14,"Poste ya polisi",0,3,,,,79.1392834437086
195,170,3,7,2,1,1,7,"Amavuriro ya Leta/Ikigo nderabuzima",1,,888,1,1,79.1392834437086
195,170,3,7,2,1,1,8,"Poste de sante cg Farumasi",0,25,,,,79.1392834437086
195,170,3,7,2,1,1,3,"Ibigo by!amashuri yisumbuye",1,,2014,1,1,79.1392834437086
195,170,3,7,2,1,1,2,"Ibigo by!amashuri yibanza",1,,888,1,1,79.1392834437086
195,170,3,7,2,1,1,11,"Amakusanyirizo y!amata",0,0,,,,79.1392834437086
195,170,3,7,2,1,1,23,"Ibiro by!ibigo bya Leta bitanga amashanyarazi",0,35,,,,79.1392834437086
195,170,3,7,2,1,1,5,"Aho bategera Bus",0,3,,,,79.1392834437086
195,170,3,7,2,1,1,18,"Aho bajya inama bakanatanga serivisi z!ubuhinzi",0,3,,,,79.1392834437086
195,170,3,7,2,1,1,6,"Amavuriro y!igenga",0,25,,,,79.1392834437086
195,170,3,7,2,1,1,16,"Aho abantu babonera Internet",0,41,,,,79.1392834437086
195,170,3,7,2,1,1,17,"Imiryango itari ibigo by!imari itari iya leta",0,3,,,,79.1392834437086
195,170,3,7,2,1,1,15,"Ibiro by!iposita",0,0,,,,79.1392834437086
195,170,3,7,2,1,1,21,"Ipompo izamura amazi ikoresha amashanyarazi",0,0,,,,79.1392834437086
195,170,3,7,2,1,1,4,"Ikigo cy!amashuri y!imyuga  (TVET)",0,3,,,,79.1392834437086
195,170,3,7,2,1,1,19,"Insyo/amabarizo/aho bakora amavuta ateka",0,0,,,,79.1392834437086
195,170,3,7,2,1,1,1,"Ibigo by!amashuri y!incuke",1,,2015,1,1,79.1392834437086
195,170,3,7,2,1,1,9,"Ibitaro",0,2,,,,79.1392834437086
196,171,3,7,2,1,1,5,"Aho bategera Bus",0,12,,,,266.5758
196,171,3,7,2,1,1,13,"Ibigo by!imari iciriritse",0,3,,,,266.5758
196,171,3,7,2,1,1,7,"Amavuriro ya Leta/Ikigo nderabuzima",0,2,,,,266.5758
196,171,3,7,2,1,1,1,"Ibigo by!amashuri y!incuke",0,1,,,,266.5758
196,171,3,7,2,1,1,11,"Amakusanyirizo y!amata",0,0,,,,266.5758
196,171,3,7,2,1,1,21,"Ipompo izamura amazi ikoresha amashanyarazi",0,0,,,,266.5758
196,171,3,7,2,1,1,18,"Aho bajya inama bakanatanga serivisi z!ubuhinzi",0,5,,,,266.5758
196,171,3,7,2,1,1,4,"Ikigo cy!amashuri y!imyuga  (TVET)",0,1,,,,266.5758
196,171,3,7,2,1,1,23,"Ibiro by!ibigo bya Leta bitanga amashanyarazi",0,25,,,,266.5758
196,171,3,7,2,1,1,10,"Amasoko",0,3,,,,266.5758
196,171,3,7,2,1,1,22,"Kiliziya/Umusigiti/Urusengero",0,1,,,,266.5758
196,171,3,7,2,1,1,20,"Aho basharija/bakora telefoni",0,4,,,,266.5758
196,171,3,7,2,1,1,14,"Poste ya polisi",0,3,,,,266.5758
196,171,3,7,2,1,1,16,"Aho abantu babonera Internet",0,33,,,,266.5758
196,171,3,7,2,1,1,17,"Imiryango itari ibigo by!imari itari iya leta",0,18,,,,266.5758
196,171,3,7,2,1,1,15,"Ibiro by!iposita",0,0,,,,266.5758
196,171,3,7,2,1,1,9,"Ibitaro",0,18,,,,266.5758
196,171,3,7,2,1,1,19,"Insyo/amabarizo/aho bakora amavuta ateka",0,4,,,,266.5758
196,171,3,7,2,1,1,6,"Amavuriro y!igenga",0,3,,,,266.5758
196,171,3,7,2,1,1,12,"Amashami ya Banki",0,4,,,,266.5758
196,171,3,7,2,1,1,8,"Poste de sante cg Farumasi",0,1,,,,266.5758
196,171,3,7,2,1,1,3,"Ibigo by!amashuri yisumbuye",0,1,,,,266.5758
196,171,3,7,2,1,1,2,"Ibigo by!amashuri yibanza",0,1,,,,266.5758
197,172,3,7,2,1,1,3,"Ibigo by!amashuri yisumbuye",0,0,,,,159.770092307692
197,172,3,7,2,1,1,10,"Amasoko",0,8,,,,159.770092307692
197,172,3,7,2,1,1,19,"Insyo/amabarizo/aho bakora amavuta ateka",0,8,,,,159.770092307692
197,172,3,7,2,1,1,17,"Imiryango itari ibigo by!imari itari iya leta",0,8,,,,159.770092307692
197,172,3,7,2,1,1,18,"Aho bajya inama bakanatanga serivisi z!ubuhinzi",0,0,,,,159.770092307692
197,172,3,7,2,1,1,14,"Poste ya polisi",0,8,,,,159.770092307692
197,172,3,7,2,1,1,8,"Poste de sante cg Farumasi",1,,2022,1,1,159.770092307692
197,172,3,7,2,1,1,5,"Aho bategera Bus",0,5,,,,159.770092307692
197,172,3,7,2,1,1,1,"Ibigo by!amashuri y!incuke",0,3,,,,159.770092307692
197,172,3,7,2,1,1,23,"Ibiro by!ibigo bya Leta bitanga amashanyarazi",0,10,,,,159.770092307692
197,172,3,7,2,1,1,9,"Ibitaro",0,8,,,,159.770092307692
197,172,3,7,2,1,1,11,"Amakusanyirizo y!amata",0,0,,,,159.770092307692
197,172,3,7,2,1,1,16,"Aho abantu babonera Internet",0,20,,,,159.770092307692
197,172,3,7,2,1,1,12,"Amashami ya Banki",0,8,,,,159.770092307692
197,172,3,7,2,1,1,15,"Ibiro by!iposita",0,70,,,,159.770092307692
197,172,3,7,2,1,1,6,"Amavuriro y!igenga",0,5,,,,159.770092307692
197,172,3,7,2,1,1,22,"Kiliziya/Umusigiti/Urusengero",2,,1986,1,1,159.770092307692
197,172,3,7,2,1,1,21,"Ipompo izamura amazi ikoresha amashanyarazi",0,0,,,,159.770092307692
197,172,3,7,2,1,1,13,"Ibigo by!imari iciriritse",0,5,,,,159.770092307692
197,172,3,7,2,1,1,7,"Amavuriro ya Leta/Ikigo nderabuzima",0,5,,,,159.770092307692
197,172,3,7,2,1,1,2,"Ibigo by!amashuri yibanza",0,2,,,,159.770092307692
197,172,3,7,2,1,1,20,"Aho basharija/bakora telefoni",0,5,,,,159.770092307692
197,172,3,7,2,1,1,4,"Ikigo cy!amashuri y!imyuga  (TVET)",0,3,,,,159.770092307692
198,173,3,7,2,1,1,18,"Aho bajya inama bakanatanga serivisi z!ubuhinzi",0,2,,,,134.400469090909
198,173,3,7,2,1,1,3,"Ibigo by!amashuri yisumbuye",0,2,,,,134.400469090909
198,173,3,7,2,1,1,21,"Ipompo izamura amazi ikoresha amashanyarazi",0,0,,,,134.400469090909
198,173,3,7,2,1,1,15,"Ibiro by!iposita",0,35,,,,134.400469090909
198,173,3,7,2,1,1,20,"Aho basharija/bakora telefoni",0,4,,,,134.400469090909
198,173,3,7,2,1,1,13,"Ibigo by!imari iciriritse",0,2,,,,134.400469090909
198,173,3,7,2,1,1,9,"Ibitaro",0,3,,,,134.400469090909
198,173,3,7,2,1,1,19,"Insyo/amabarizo/aho bakora amavuta ateka",0,4,,,,134.400469090909
198,173,3,7,2,1,1,4,"Ikigo cy!amashuri y!imyuga  (TVET)",0,15,,,,134.400469090909
198,173,3,7,2,1,1,16,"Aho abantu babonera Internet",0,25,,,,134.400469090909
198,173,3,7,2,1,1,17,"Imiryango itari ibigo by!imari itari iya leta",0,25,,,,134.400469090909
198,173,3,7,2,1,1,23,"Ibiro by!ibigo bya Leta bitanga amashanyarazi",0,30,,,,134.400469090909
198,173,3,7,2,1,1,22,"Kiliziya/Umusigiti/Urusengero",2,,1968,1,1,134.400469090909
198,173,3,7,2,1,1,12,"Amashami ya Banki",0,5,,,,134.400469090909
198,173,3,7,2,1,1,11,"Amakusanyirizo y!amata",0,8,,,,134.400469090909
198,173,3,7,2,1,1,1,"Ibigo by!amashuri y!incuke",2,,2018,3,,134.400469090909
198,173,3,7,2,1,1,6,"Amavuriro y!igenga",0,25,,,,134.400469090909
198,173,3,7,2,1,1,10,"Amasoko",0,2,,,,134.400469090909
198,173,3,7,2,1,1,5,"Aho bategera Bus",0,2,,,,134.400469090909
198,173,3,7,2,1,1,8,"Poste de sante cg Farumasi",0,3,,,,134.400469090909
198,173,3,7,2,1,1,2,"Ibigo by!amashuri yibanza",0,2,,,,134.400469090909
198,173,3,7,2,1,1,14,"Poste ya polisi",0,4,,,,134.400469090909
198,173,3,7,2,1,1,7,"Amavuriro ya Leta/Ikigo nderabuzima",0,3,,,,134.400469090909
199,174,4,1,2,1,1,21,"Ipompo izamura amazi ikoresha amashanyarazi",0,8,,,,185.23665
199,174,4,1,2,1,1,7,"Amavuriro ya Leta/Ikigo nderabuzima",0,5,,,,185.23665
199,174,4,1,2,1,1,23,"Ibiro by!ibigo bya Leta bitanga amashanyarazi",0,20,,,,185.23665
199,174,4,1,2,1,1,14,"Poste ya polisi",0,5,,,,185.23665
199,174,4,1,2,1,1,2,"Ibigo by!amashuri yibanza",0,1,,,,185.23665
199,174,4,1,2,1,1,4,"Ikigo cy!amashuri y!imyuga  (TVET)",0,16,,,,185.23665
199,174,4,1,2,1,1,19,"Insyo/amabarizo/aho bakora amavuta ateka",1,,2020,1,1,185.23665
199,174,4,1,2,1,1,10,"Amasoko",0,5,,,,185.23665
199,174,4,1,2,1,1,17,"Imiryango itari ibigo by!imari itari iya leta",0,26,,,,185.23665
199,174,4,1,2,1,1,9,"Ibitaro",0,15,,,,185.23665
199,174,4,1,2,1,1,12,"Amashami ya Banki",0,5,,,,185.23665
199,174,4,1,2,1,1,1,"Ibigo by!amashuri y!incuke",0,0,,,,185.23665
199,174,4,1,2,1,1,8,"Poste de sante cg Farumasi",0,22,,,,185.23665
199,174,4,1,2,1,1,20,"Aho basharija/bakora telefoni",0,0,,,,185.23665
199,174,4,1,2,1,1,16,"Aho abantu babonera Internet",0,12,,,,185.23665
199,174,4,1,2,1,1,13,"Ibigo by!imari iciriritse",0,5,,,,185.23665
199,174,4,1,2,1,1,15,"Ibiro by!iposita",0,30,,,,185.23665
199,174,4,1,2,1,1,5,"Aho bategera Bus",0,20,,,,185.23665
199,174,4,1,2,1,1,3,"Ibigo by!amashuri yisumbuye",0,1,,,,185.23665
199,174,4,1,2,1,1,6,"Amavuriro y!igenga",0,5,,,,185.23665
199,174,4,1,2,1,1,11,"Amakusanyirizo y!amata",0,5,,,,185.23665
199,174,4,1,2,1,1,18,"Aho bajya inama bakanatanga serivisi z!ubuhinzi",0,5,,,,185.23665
199,174,4,1,2,1,1,22,"Kiliziya/Umusigiti/Urusengero",0,0,,,,185.23665
200,175,4,1,2,1,1,17,"Imiryango itari ibigo by!imari itari iya leta",1,,888,1,1,76.3218756302521
200,175,4,1,2,1,1,7,"Amavuriro ya Leta/Ikigo nderabuzima",1,,2010,1,1,76.3218756302521
200,175,4,1,2,1,1,18,"Aho bajya inama bakanatanga serivisi z!ubuhinzi",0,4,,,,76.3218756302521
200,175,4,1,2,1,1,4,"Ikigo cy!amashuri y!imyuga  (TVET)",0,2,,,,76.3218756302521
200,175,4,1,2,1,1,16,"Aho abantu babonera Internet",0,2,,,,76.3218756302521
200,175,4,1,2,1,1,12,"Amashami ya Banki",0,20,,,,76.3218756302521
200,175,4,1,2,1,1,11,"Amakusanyirizo y!amata",0,10,,,,76.3218756302521
200,175,4,1,2,1,1,21,"Ipompo izamura amazi ikoresha amashanyarazi",1,,888,1,1,76.3218756302521
200,175,4,1,2,1,1,9,"Ibitaro",0,13,,,,76.3218756302521
200,175,4,1,2,1,1,23,"Ibiro by!ibigo bya Leta bitanga amashanyarazi",0,36,,,,76.3218756302521
200,175,4,1,2,1,1,8,"Poste de sante cg Farumasi",0,3,,,,76.3218756302521
200,175,4,1,2,1,1,19,"Insyo/amabarizo/aho bakora amavuta ateka",1,,1996,1,1,76.3218756302521
200,175,4,1,2,1,1,3,"Ibigo by!amashuri yisumbuye",0,0,,,,76.3218756302521
200,175,4,1,2,1,1,13,"Ibigo by!imari iciriritse",2,,888,1,1,76.3218756302521
200,175,4,1,2,1,1,1,"Ibigo by!amashuri y!incuke",1,,888,1,1,76.3218756302521
200,175,4,1,2,1,1,2,"Ibigo by!amashuri yibanza",1,,1965,1,1,76.3218756302521
200,175,4,1,2,1,1,22,"Kiliziya/Umusigiti/Urusengero",0,0,,,,76.3218756302521
200,175,4,1,2,1,1,6,"Amavuriro y!igenga",0,20,,,,76.3218756302521
200,175,4,1,2,1,1,15,"Ibiro by!iposita",0,22,,,,76.3218756302521
200,175,4,1,2,1,1,10,"Amasoko",0,9,,,,76.3218756302521
200,175,4,1,2,1,1,20,"Aho basharija/bakora telefoni",1,,2021,1,1,76.3218756302521
200,175,4,1,2,1,1,5,"Aho bategera Bus",0,9,,,,76.3218756302521
200,175,4,1,2,1,1,14,"Poste ya polisi",0,7,,,,76.3218756302521
201,176,4,1,2,1,1,14,"Poste ya polisi",0,5,,,,65.0943448275862
201,176,4,1,2,1,1,4,"Ikigo cy!amashuri y!imyuga  (TVET)",0,5,,,,65.0943448275862
201,176,4,1,2,1,1,11,"Amakusanyirizo y!amata",0,5,,,,65.0943448275862
201,176,4,1,2,1,1,20,"Aho basharija/bakora telefoni",1,,2010,1,1,65.0943448275862
201,176,4,1,2,1,1,9,"Ibitaro",0,15,,,,65.0943448275862
201,176,4,1,2,1,1,17,"Imiryango itari ibigo by!imari itari iya leta",0,25,,,,65.0943448275862
201,176,4,1,2,1,1,3,"Ibigo by!amashuri yisumbuye",1,,2013,1,1,65.0943448275862
201,176,4,1,2,1,1,2,"Ibigo by!amashuri yibanza",1,,1975,1,1,65.0943448275862
201,176,4,1,2,1,1,7,"Amavuriro ya Leta/Ikigo nderabuzima",0,5,,,,65.0943448275862
201,176,4,1,2,1,1,22,"Kiliziya/Umusigiti/Urusengero",3,,1945,1,1,65.0943448275862
201,176,4,1,2,1,1,16,"Aho abantu babonera Internet",0,5,,,,65.0943448275862
201,176,4,1,2,1,1,18,"Aho bajya inama bakanatanga serivisi z!ubuhinzi",1,,2021,1,1,65.0943448275862
201,176,4,1,2,1,1,15,"Ibiro by!iposita",0,27,,,,65.0943448275862
201,176,4,1,2,1,1,21,"Ipompo izamura amazi ikoresha amashanyarazi",0,6,,,,65.0943448275862
201,176,4,1,2,1,1,6,"Amavuriro y!igenga",1,,2019,1,1,65.0943448275862
201,176,4,1,2,1,1,10,"Amasoko",0,6,,,,65.0943448275862
201,176,4,1,2,1,1,1,"Ibigo by!amashuri y!incuke",2,,2018,1,1,65.0943448275862
201,176,4,1,2,1,1,5,"Aho bategera Bus",0,5,,,,65.0943448275862
201,176,4,1,2,1,1,19,"Insyo/amabarizo/aho bakora amavuta ateka",1,,2016,1,1,65.0943448275862
201,176,4,1,2,1,1,23,"Ibiro by!ibigo bya Leta bitanga amashanyarazi",0,30,,,,65.0943448275862
201,176,4,1,2,1,1,12,"Amashami ya Banki",0,5,,,,65.0943448275862
201,176,4,1,2,1,1,8,"Poste de sante cg Farumasi",1,,2019,1,1,65.0943448275862
201,176,4,1,2,1,1,13,"Ibigo by!imari iciriritse",0,5,,,,65.0943448275862
202,177,4,1,1,1,1,11,"Amakusanyirizo y!amata",0,0,,,,9.64490152671756
202,177,4,1,1,1,1,9,"Ibitaro",0,13,,,,9.64490152671756
202,177,4,1,1,1,1,1,"Ibigo by!amashuri y!incuke",0,1,,,,9.64490152671756
202,177,4,1,1,1,1,2,"Ibigo by!amashuri yibanza",0,1,,,,9.64490152671756
202,177,4,1,1,1,1,16,"Aho abantu babonera Internet",0,1,,,,9.64490152671756
202,177,4,1,1,1,1,14,"Poste ya polisi",0,1,,,,9.64490152671756
202,177,4,1,1,1,1,4,"Ikigo cy!amashuri y!imyuga  (TVET)",0,1,,,,9.64490152671756
202,177,4,1,1,1,1,17,"Imiryango itari ibigo by!imari itari iya leta",0,13,,,,9.64490152671756
202,177,4,1,1,1,1,21,"Ipompo izamura amazi ikoresha amashanyarazi",0,0,,,,9.64490152671756
202,177,4,1,1,1,1,12,"Amashami ya Banki",0,3,,,,9.64490152671756
202,177,4,1,1,1,1,8,"Poste de sante cg Farumasi",0,13,,,,9.64490152671756
202,177,4,1,1,1,1,15,"Ibiro by!iposita",0,13,,,,9.64490152671756
202,177,4,1,1,1,1,6,"Amavuriro y!igenga",0,13,,,,9.64490152671756
202,177,4,1,1,1,1,23,"Ibiro by!ibigo bya Leta bitanga amashanyarazi",0,13,,,,9.64490152671756
202,177,4,1,1,1,1,7,"Amavuriro ya Leta/Ikigo nderabuzima",1,,888,1,1,9.64490152671756
202,177,4,1,1,1,1,13,"Ibigo by!imari iciriritse",0,3,,,,9.64490152671756
202,177,4,1,1,1,1,5,"Aho bategera Bus",1,,888,3,,9.64490152671756
202,177,4,1,1,1,1,10,"Amasoko",0,3,,,,9.64490152671756
202,177,4,1,1,1,1,22,"Kiliziya/Umusigiti/Urusengero",0,1,,,,9.64490152671756
202,177,4,1,1,1,1,3,"Ibigo by!amashuri yisumbuye",0,1,,,,9.64490152671756
202,177,4,1,1,1,1,20,"Aho basharija/bakora telefoni",0,13,,,,9.64490152671756
202,177,4,1,1,1,1,19,"Insyo/amabarizo/aho bakora amavuta ateka",0,1,,,,9.64490152671756
202,177,4,1,1,1,1,18,"Aho bajya inama bakanatanga serivisi z!ubuhinzi",0,13,,,,9.64490152671756
203,178,4,1,2,1,1,14,"Poste ya polisi",0,10,,,,116.712714285714
203,178,4,1,2,1,1,19,"Insyo/amabarizo/aho bakora amavuta ateka",0,6,,,,116.712714285714
203,178,4,1,2,1,1,16,"Aho abantu babonera Internet",0,5,,,,116.712714285714
203,178,4,1,2,1,1,12,"Amashami ya Banki",0,6,,,,116.712714285714
203,178,4,1,2,1,1,4,"Ikigo cy!amashuri y!imyuga  (TVET)",0,5,,,,116.712714285714
203,178,4,1,2,1,1,9,"Ibitaro",0,10,,,,116.712714285714
203,178,4,1,2,1,1,8,"Poste de sante cg Farumasi",0,15,,,,116.712714285714
203,178,4,1,2,1,1,20,"Aho basharija/bakora telefoni",0,4,,,,116.712714285714
203,178,4,1,2,1,1,18,"Aho bajya inama bakanatanga serivisi z!ubuhinzi",0,5,,,,116.712714285714
203,178,4,1,2,1,1,7,"Amavuriro ya Leta/Ikigo nderabuzima",0,6,,,,116.712714285714
203,178,4,1,2,1,1,6,"Amavuriro y!igenga",0,5,,,,116.712714285714
203,178,4,1,2,1,1,15,"Ibiro by!iposita",0,40,,,,116.712714285714
203,178,4,1,2,1,1,2,"Ibigo by!amashuri yibanza",0,5,,,,116.712714285714
203,178,4,1,2,1,1,23,"Ibiro by!ibigo bya Leta bitanga amashanyarazi",0,15,,,,116.712714285714
203,178,4,1,2,1,1,11,"Amakusanyirizo y!amata",0,10,,,,116.712714285714
203,178,4,1,2,1,1,22,"Kiliziya/Umusigiti/Urusengero",0,3,,,,116.712714285714
203,178,4,1,2,1,1,21,"Ipompo izamura amazi ikoresha amashanyarazi",0,20,,,,116.712714285714
203,178,4,1,2,1,1,10,"Amasoko",0,5,,,,116.712714285714
203,178,4,1,2,1,1,13,"Ibigo by!imari iciriritse",0,6,,,,116.712714285714
203,178,4,1,2,1,1,1,"Ibigo by!amashuri y!incuke",0,5,,,,116.712714285714
203,178,4,1,2,1,1,17,"Imiryango itari ibigo by!imari itari iya leta",0,6,,,,116.712714285714
203,178,4,1,2,1,1,3,"Ibigo by!amashuri yisumbuye",0,5,,,,116.712714285714
203,178,4,1,2,1,1,5,"Aho bategera Bus",0,10,,,,116.712714285714
204,179,4,2,2,1,1,1,"Pre-primary school / Kindergarten",1,,2019,3,,88.2872234042553
204,179,4,2,2,1,1,15,"Ibiro by!iposita",0,88,,,,88.2872234042553
204,179,4,2,2,1,1,10,"Amasoko",0,8,,,,88.2872234042553
204,179,4,2,2,1,1,11,"Amakusanyirizo y!amata",0,12,,,,88.2872234042553
204,179,4,2,2,1,1,12,"Amashami ya Banki",0,8,,,,88.2872234042553
204,179,4,2,2,1,1,14,"Poste ya polisi",0,10,,,,88.2872234042553
204,179,4,2,2,1,1,9,"Ibitaro",0,10,,,,88.2872234042553
204,179,4,2,2,1,1,3,"Ibigo by!amashuri yisumbuye",0,1,,,,88.2872234042553
204,179,4,2,2,1,1,5,"Aho bategera Bus",0,8,,,,88.2872234042553
204,179,4,2,2,1,1,19,"Insyo/amabarizo/aho bakora amavuta ateka",0,12,,,,88.2872234042553
204,179,4,2,2,1,1,2,"Ibigo by!amashuri yibanza",0,1,,,,88.2872234042553
204,179,4,2,2,1,1,20,"Aho basharija/bakora telefoni",0,8,,,,88.2872234042553
204,179,4,2,2,1,1,7,"Amavuriro ya Leta/Ikigo nderabuzima",0,10,,,,88.2872234042553
204,179,4,2,2,1,1,6,"Amavuriro y!igenga",0,8,,,,88.2872234042553
204,179,4,2,2,1,1,8,"Poste de sante cg Farumasi",1,,2019,1,1,88.2872234042553
204,179,4,2,2,1,1,13,"Ibigo by!imari iciriritse",0,8,,,,88.2872234042553
204,179,4,2,2,1,1,16,"Aho abantu babonera Internet",0,8,,,,88.2872234042553
204,179,4,2,2,1,1,17,"Imiryango itari ibigo by!imari itari iya leta",0,5,,,,88.2872234042553
204,179,4,2,2,1,1,4,"Ikigo cy!amashuri y!imyuga  (TVET)",0,10,,,,88.2872234042553
204,179,4,2,2,1,1,18,"Aho bajya inama bakanatanga serivisi z!ubuhinzi",0,8,,,,88.2872234042553
204,179,4,2,2,1,1,21,"Ipompo izamura amazi ikoresha amashanyarazi",0,88,,,,88.2872234042553
204,179,4,2,2,1,1,22,"Kiliziya/Umusigiti/Urusengero",0,1,,,,88.2872234042553
204,179,4,2,2,1,1,23,"Ibiro by!ibigo bya Leta bitanga amashanyarazi",0,8,,,,88.2872234042553
205,180,4,2,2,1,1,4,"Ikigo cy!amashuri y!imyuga  (TVET)",0,5,,,,182.426832
205,180,4,2,2,1,1,13,"Ibigo by!imari iciriritse",0,10,,,,182.426832
205,180,4,2,2,1,1,11,"Amakusanyirizo y!amata",0,10,,,,182.426832
205,180,4,2,2,1,1,10,"Amasoko",0,10,,,,182.426832
205,180,4,2,2,1,1,6,"Amavuriro y!igenga",0,10,,,,182.426832
205,180,4,2,2,1,1,15,"Ibiro by!iposita",0,10,,,,182.426832
205,180,4,2,2,1,1,17,"Imiryango itari ibigo by!imari itari iya leta",0,10,,,,182.426832
205,180,4,2,2,1,1,19,"Insyo/amabarizo/aho bakora amavuta ateka",0,7,,,,182.426832
205,180,4,2,2,1,1,14,"Poste ya polisi",0,10,,,,182.426832
205,180,4,2,2,1,1,3,"Ibigo by!amashuri yisumbuye",0,0,,,,182.426832
205,180,4,2,2,1,1,12,"Amashami ya Banki",0,10,,,,182.426832
205,180,4,2,2,1,1,21,"Ipompo izamura amazi ikoresha amashanyarazi",0,88,,,,182.426832
205,180,4,2,2,1,1,2,"Ibigo by!amashuri yibanza",0,0,,,,182.426832
205,180,4,2,2,1,1,18,"Aho bajya inama bakanatanga serivisi z!ubuhinzi",0,10,,,,182.426832
205,180,4,2,2,1,1,22,"Kiliziya/Umusigiti/Urusengero",0,5,,,,182.426832
205,180,4,2,2,1,1,8,"Poste de sante cg Farumasi",0,0,,,,182.426832
205,180,4,2,2,1,1,9,"Ibitaro",0,15,,,,182.426832
205,180,4,2,2,1,1,20,"Aho basharija/bakora telefoni",0,7,,,,182.426832
205,180,4,2,2,1,1,7,"Amavuriro ya Leta/Ikigo nderabuzima",0,5,,,,182.426832
205,180,4,2,2,1,1,23,"Ibiro by!ibigo bya Leta bitanga amashanyarazi",0,10,,,,182.426832
205,180,4,2,2,1,1,1,"Ibigo by!amashuri y!incuke",1,,2022,3,,182.426832
205,180,4,2,2,1,1,16,"Aho abantu babonera Internet",0,10,,,,182.426832
205,180,4,2,2,1,1,5,"Aho bategera Bus",0,10,,,,182.426832
206,181,4,2,2,1,1,7,"Amavuriro ya Leta/Ikigo nderabuzima",1,,1979,1,1,139.53121875
206,181,4,2,2,1,1,11,"Amakusanyirizo y!amata",0,26,,,,139.53121875
206,181,4,2,2,1,1,8,"Poste de sante cg Farumasi",0,8,,,,139.53121875
206,181,4,2,2,1,1,13,"Ibigo by!imari iciriritse",0,26,,,,139.53121875
206,181,4,2,2,1,1,2,"Ibigo by!amashuri yibanza",0,6,,,,139.53121875
206,181,4,2,2,1,1,5,"Aho bategera Bus",0,45,,,,139.53121875
206,181,4,2,2,1,1,4,"Ikigo cy!amashuri y!imyuga  (TVET)",1,,2012,1,1,139.53121875
206,181,4,2,2,1,1,22,"Kiliziya/Umusigiti/Urusengero",2,,1990,3,,139.53121875
206,181,4,2,2,1,1,17,"Imiryango itari ibigo by!imari itari iya leta",0,26,,,,139.53121875
206,181,4,2,2,1,1,10,"Amasoko",0,16,,,,139.53121875
206,181,4,2,2,1,1,9,"Ibitaro",0,6,,,,139.53121875
206,181,4,2,2,1,1,16,"Aho abantu babonera Internet",0,26,,,,139.53121875
206,181,4,2,2,1,1,6,"Amavuriro y!igenga",0,25,,,,139.53121875
206,181,4,2,2,1,1,1,"Ibigo by!amashuri y!incuke",1,,2022,3,,139.53121875
206,181,4,2,2,1,1,21,"Ipompo izamura amazi ikoresha amashanyarazi",0,88,,,,139.53121875
206,181,4,2,2,1,1,18,"Aho bajya inama bakanatanga serivisi z!ubuhinzi",0,26,,,,139.53121875
206,181,4,2,2,1,1,20,"Aho basharija/bakora telefoni",1,,2019,1,1,139.53121875
206,181,4,2,2,1,1,23,"Ibiro by!ibigo bya Leta bitanga amashanyarazi",0,26,,,,139.53121875
206,181,4,2,2,1,1,12,"Amashami ya Banki",0,26,,,,139.53121875
206,181,4,2,2,1,1,3,"Ibigo by!amashuri yisumbuye",1,,2012,1,1,139.53121875
206,181,4,2,2,1,1,15,"Ibiro by!iposita",0,26,,,,139.53121875
206,181,4,2,2,1,1,14,"Poste ya polisi",0,20,,,,139.53121875
206,181,4,2,2,1,1,19,"Insyo/amabarizo/aho bakora amavuta ateka",2,,2020,1,1,139.53121875
207,182,4,2,2,1,1,11,"Amakusanyirizo y!amata",0,15,,,,151.801378881988
207,182,4,2,2,1,1,8,"Poste de sante cg Farumasi",0,10,,,,151.801378881988
207,182,4,2,2,1,1,2,"Ibigo by!amashuri yibanza",0,1,,,,151.801378881988
207,182,4,2,2,1,1,14,"Poste ya polisi",0,15,,,,151.801378881988
207,182,4,2,2,1,1,17,"Imiryango itari ibigo by!imari itari iya leta",0,15,,,,151.801378881988
207,182,4,2,2,1,1,13,"Ibigo by!imari iciriritse",0,15,,,,151.801378881988
207,182,4,2,2,1,1,18,"Aho bajya inama bakanatanga serivisi z!ubuhinzi",0,15,,,,151.801378881988
207,182,4,2,2,1,1,23,"Ibiro by!ibigo bya Leta bitanga amashanyarazi",0,15,,,,151.801378881988
207,182,4,2,2,1,1,12,"Amashami ya Banki",0,15,,,,151.801378881988
207,182,4,2,2,1,1,9,"Ibitaro",0,15,,,,151.801378881988
207,182,4,2,2,1,1,5,"Aho bategera Bus",0,15,,,,151.801378881988
207,182,4,2,2,1,1,21,"Ipompo izamura amazi ikoresha amashanyarazi",0,88,,,,151.801378881988
207,182,4,2,2,1,1,16,"Aho abantu babonera Internet",0,15,,,,151.801378881988
207,182,4,2,2,1,1,1,"Ibigo by!amashuri y!incuke",0,1,,,,151.801378881988
207,182,4,2,2,1,1,7,"Amavuriro ya Leta/Ikigo nderabuzima",0,15,,,,151.801378881988
207,182,4,2,2,1,1,15,"Ibiro by!iposita",0,88,,,,151.801378881988
207,182,4,2,2,1,1,22,"Kiliziya/Umusigiti/Urusengero",1,,2011,1,1,151.801378881988
207,182,4,2,2,1,1,10,"Amasoko",0,15,,,,151.801378881988
207,182,4,2,2,1,1,6,"Amavuriro y!igenga",0,15,,,,151.801378881988
207,182,4,2,2,1,1,20,"Aho basharija/bakora telefoni",0,15,,,,151.801378881988
207,182,4,2,2,1,1,4,"Ikigo cy!amashuri y!imyuga  (TVET)",0,2,,,,151.801378881988
207,182,4,2,2,1,1,3,"Ibigo by!amashuri yisumbuye",0,1,,,,151.801378881988
207,182,4,2,2,1,1,19,"Insyo/amabarizo/aho bakora amavuta ateka",0,20,,,,151.801378881988
208,183,4,2,1,1,1,6,"Amavuriro y!igenga",0,45,,,,11.9892
208,183,4,2,1,1,1,2,"Ibigo by!amashuri yibanza",0,1,,,,11.9892
208,183,4,2,1,1,1,21,"Ipompo izamura amazi ikoresha amashanyarazi",0,3,,,,11.9892
208,183,4,2,1,1,1,23,"Ibiro by!ibigo bya Leta bitanga amashanyarazi",0,30,,,,11.9892
208,183,4,2,1,1,1,14,"Poste ya polisi",0,1,,,,11.9892
208,183,4,2,1,1,1,8,"Poste de sante cg Farumasi",0,1,,,,11.9892
208,183,4,2,1,1,1,10,"Amasoko",0,2,,,,11.9892
208,183,4,2,1,1,1,11,"Amakusanyirizo y!amata",0,2,,,,11.9892
208,183,4,2,1,1,1,13,"Ibigo by!imari iciriritse",0,1,,,,11.9892
208,183,4,2,1,1,1,16,"Aho abantu babonera Internet",0,1,,,,11.9892
208,183,4,2,1,1,1,9,"Ibitaro",0,1,,,,11.9892
208,183,4,2,1,1,1,18,"Aho bajya inama bakanatanga serivisi z!ubuhinzi",0,1,,,,11.9892
208,183,4,2,1,1,1,22,"Kiliziya/Umusigiti/Urusengero",1,,1987,1,1,11.9892
208,183,4,2,1,1,1,7,"Amavuriro ya Leta/Ikigo nderabuzima",0,1,,,,11.9892
208,183,4,2,1,1,1,1,"Ibigo by!amashuri y!incuke",1,,2018,1,1,11.9892
208,183,4,2,1,1,1,3,"Ibigo by!amashuri yisumbuye",0,1,,,,11.9892
208,183,4,2,1,1,1,5,"Aho bategera Bus",0,1,,,,11.9892
208,183,4,2,1,1,1,17,"Imiryango itari ibigo by!imari itari iya leta",0,99,,,,11.9892
208,183,4,2,1,1,1,15,"Ibiro by!iposita",0,45,,,,11.9892
208,183,4,2,1,1,1,19,"Insyo/amabarizo/aho bakora amavuta ateka",0,1,,,,11.9892
208,183,4,2,1,1,1,20,"Aho basharija/bakora telefoni",0,1,,,,11.9892
208,183,4,2,1,1,1,4,"Ikigo cy!amashuri y!imyuga  (TVET)",0,1,,,,11.9892
208,183,4,2,1,1,1,12,"Amashami ya Banki",0,1,,,,11.9892
209,184,4,3,1,1,1,23,"Ibiro by!ibigo bya Leta bitanga amashanyarazi",0,5,,,,6.75759981412639
209,184,4,3,1,1,1,15,"Ibiro by!iposita",0,5,,,,6.75759981412639
209,184,4,3,1,1,1,14,"Poste ya polisi",1,,1994,1,1,6.75759981412639
209,184,4,3,1,1,1,19,"Insyo/amabarizo/aho bakora amavuta ateka",3,,1977,1,1,6.75759981412639
209,184,4,3,1,1,1,3,"Ibigo by!amashuri yisumbuye",0,1,,,,6.75759981412639
209,184,4,3,1,1,1,13,"Ibigo by!imari iciriritse",0,1,,,,6.75759981412639
209,184,4,3,1,1,1,1,"Ibigo by!amashuri y!incuke",4,,2015,1,1,6.75759981412639
209,184,4,3,1,1,1,7,"Amavuriro ya Leta/Ikigo nderabuzima",0,0,,,,6.75759981412639
209,184,4,3,1,1,1,5,"Aho bategera Bus",0,1,,,,6.75759981412639
209,184,4,3,1,1,1,10,"Amasoko",0,1,,,,6.75759981412639
209,184,4,3,1,1,1,22,"Kiliziya/Umusigiti/Urusengero",2,,1968,1,1,6.75759981412639
209,184,4,3,1,1,1,6,"Amavuriro y!igenga",0,1,,,,6.75759981412639
209,184,4,3,1,1,1,8,"Poste de sante cg Farumasi",0,0,,,,6.75759981412639
209,184,4,3,1,1,1,16,"Aho abantu babonera Internet",2,,2020,1,1,6.75759981412639
209,184,4,3,1,1,1,17,"Imiryango itari ibigo by!imari itari iya leta",0,1,,,,6.75759981412639
209,184,4,3,1,1,1,12,"Amashami ya Banki",0,1,,,,6.75759981412639
209,184,4,3,1,1,1,9,"Ibitaro",0,5,,,,6.75759981412639
209,184,4,3,1,1,1,11,"Amakusanyirizo y!amata",0,0,,,,6.75759981412639
209,184,4,3,1,1,1,4,"Ikigo cy!amashuri y!imyuga  (TVET)",0,1,,,,6.75759981412639
209,184,4,3,1,1,1,18,"Aho bajya inama bakanatanga serivisi z!ubuhinzi",0,1,,,,6.75759981412639
209,184,4,3,1,1,1,20,"Aho basharija/bakora telefoni",0,1,,,,6.75759981412639
209,184,4,3,1,1,1,21,"Ipompo izamura amazi ikoresha amashanyarazi",0,1,,,,6.75759981412639
209,184,4,3,1,1,1,2,"Ibigo by!amashuri yibanza",1,,2019,1,1,6.75759981412639
210,185,4,3,2,1,1,2,"Ibigo by!amashuri yibanza",0,1,,,,52.2024086021505
210,185,4,3,2,1,1,6,"Amavuriro y!igenga",0,4,,,,52.2024086021505
210,185,4,3,2,1,1,16,"Aho abantu babonera Internet",0,5,,,,52.2024086021505
210,185,4,3,2,1,1,11,"Amakusanyirizo y!amata",0,2,,,,52.2024086021505
210,185,4,3,2,1,1,5,"Aho bategera Bus",1,,888,1,1,52.2024086021505
210,185,4,3,2,1,1,9,"Ibitaro",0,5,,,,52.2024086021505
210,185,4,3,2,1,1,15,"Ibiro by!iposita",0,5,,,,52.2024086021505
210,185,4,3,2,1,1,13,"Ibigo by!imari iciriritse",0,0,,,,52.2024086021505
210,185,4,3,2,1,1,3,"Ibigo by!amashuri yisumbuye",0,1,,,,52.2024086021505
210,185,4,3,2,1,1,8,"Poste de sante cg Farumasi",0,0,,,,52.2024086021505
210,185,4,3,2,1,1,22,"Kiliziya/Umusigiti/Urusengero",1,,888,1,1,52.2024086021505
210,185,4,3,2,1,1,23,"Ibiro by!ibigo bya Leta bitanga amashanyarazi",0,5,,,,52.2024086021505
210,185,4,3,2,1,1,14,"Poste ya polisi",0,5,,,,52.2024086021505
210,185,4,3,2,1,1,7,"Amavuriro ya Leta/Ikigo nderabuzima",0,0,,,,52.2024086021505
210,185,4,3,2,1,1,10,"Amasoko",0,5,,,,52.2024086021505
210,185,4,3,2,1,1,17,"Imiryango itari ibigo by!imari itari iya leta",0,5,,,,52.2024086021505
210,185,4,3,2,1,1,1,"Ibigo by!amashuri y!incuke",0,1,,,,52.2024086021505
210,185,4,3,2,1,1,20,"Aho basharija/bakora telefoni",3,,2012,1,1,52.2024086021505
210,185,4,3,2,1,1,12,"Amashami ya Banki",0,0,,,,52.2024086021505
210,185,4,3,2,1,1,21,"Ipompo izamura amazi ikoresha amashanyarazi",0,15,,,,52.2024086021505
210,185,4,3,2,1,1,4,"Ikigo cy!amashuri y!imyuga  (TVET)",0,1,,,,52.2024086021505
210,185,4,3,2,1,1,18,"Aho bajya inama bakanatanga serivisi z!ubuhinzi",0,0,,,,52.2024086021505
210,185,4,3,2,1,1,19,"Insyo/amabarizo/aho bakora amavuta ateka",1,,2010,1,1,52.2024086021505
211,186,4,3,1,1,1,7,"Amavuriro ya Leta/Ikigo nderabuzima",0,3,,,,15.0635503571429
211,186,4,3,1,1,1,15,"Ibiro by!iposita",0,3,,,,15.0635503571429
211,186,4,3,1,1,1,19,"Insyo/amabarizo/aho bakora amavuta ateka",2,,2017,1,1,15.0635503571429
211,186,4,3,1,1,1,17,"Imiryango itari ibigo by!imari itari iya leta",0,3,,,,15.0635503571429
211,186,4,3,1,1,1,18,"Aho bajya inama bakanatanga serivisi z!ubuhinzi",0,3,,,,15.0635503571429
211,186,4,3,1,1,1,11,"Amakusanyirizo y!amata",0,3,,,,15.0635503571429
211,186,4,3,1,1,1,6,"Amavuriro y!igenga",0,3,,,,15.0635503571429
211,186,4,3,1,1,1,20,"Aho basharija/bakora telefoni",0,1,,,,15.0635503571429
211,186,4,3,1,1,1,1,"Ibigo by!amashuri y!incuke",1,,2015,1,1,15.0635503571429
211,186,4,3,1,1,1,12,"Amashami ya Banki",0,4,,,,15.0635503571429
211,186,4,3,1,1,1,14,"Poste ya polisi",0,1,,,,15.0635503571429
211,186,4,3,1,1,1,2,"Ibigo by!amashuri yibanza",1,,1970,1,1,15.0635503571429
211,186,4,3,1,1,1,22,"Kiliziya/Umusigiti/Urusengero",1,,1970,1,1,15.0635503571429
211,186,4,3,1,1,1,23,"Ibiro by!ibigo bya Leta bitanga amashanyarazi",0,3,,,,15.0635503571429
211,186,4,3,1,1,1,16,"Aho abantu babonera Internet",0,3,,,,15.0635503571429
211,186,4,3,1,1,1,9,"Ibitaro",0,3,,,,15.0635503571429
211,186,4,3,1,1,1,21,"Ipompo izamura amazi ikoresha amashanyarazi",0,11,,,,15.0635503571429
211,186,4,3,1,1,1,3,"Ibigo by!amashuri yisumbuye",0,2,,,,15.0635503571429
211,186,4,3,1,1,1,8,"Poste de sante cg Farumasi",0,0,,,,15.0635503571429
211,186,4,3,1,1,1,10,"Amasoko",0,4,,,,15.0635503571429
211,186,4,3,1,1,1,4,"Ikigo cy!amashuri y!imyuga  (TVET)",0,1,,,,15.0635503571429
211,186,4,3,1,1,1,5,"Aho bategera Bus",1,,888,1,1,15.0635503571429
211,186,4,3,1,1,1,13,"Ibigo by!imari iciriritse",0,0,,,,15.0635503571429
212,187,4,3,1,1,1,19,"Insyo/amabarizo/aho bakora amavuta ateka",0,3,,,,6.1324285046729
212,187,4,3,1,1,1,11,"Amakusanyirizo y!amata",0,4,,,,6.1324285046729
212,187,4,3,1,1,1,10,"Amasoko",0,3,,,,6.1324285046729
212,187,4,3,1,1,1,21,"Ipompo izamura amazi ikoresha amashanyarazi",0,7,,,,6.1324285046729
212,187,4,3,1,1,1,23,"Ibiro by!ibigo bya Leta bitanga amashanyarazi",0,2,,,,6.1324285046729
212,187,4,3,1,1,1,2,"Ibigo by!amashuri yibanza",0,3,,,,6.1324285046729
212,187,4,3,1,1,1,1,"Ibigo by!amashuri y!incuke",0,1,,,,6.1324285046729
212,187,4,3,1,1,1,12,"Amashami ya Banki",0,3,,,,6.1324285046729
212,187,4,3,1,1,1,3,"Ibigo by!amashuri yisumbuye",0,1,,,,6.1324285046729
212,187,4,3,1,1,1,17,"Imiryango itari ibigo by!imari itari iya leta",0,3,,,,6.1324285046729
212,187,4,3,1,1,1,8,"Poste de sante cg Farumasi",0,0,,,,6.1324285046729
212,187,4,3,1,1,1,15,"Ibiro by!iposita",0,3,,,,6.1324285046729
212,187,4,3,1,1,1,9,"Ibitaro",0,2,,,,6.1324285046729
212,187,4,3,1,1,1,4,"Ikigo cy!amashuri y!imyuga  (TVET)",0,1,,,,6.1324285046729
212,187,4,3,1,1,1,16,"Aho abantu babonera Internet",0,3,,,,6.1324285046729
212,187,4,3,1,1,1,20,"Aho basharija/bakora telefoni",1,,2020,1,1,6.1324285046729
212,187,4,3,1,1,1,5,"Aho bategera Bus",0,3,,,,6.1324285046729
212,187,4,3,1,1,1,18,"Aho bajya inama bakanatanga serivisi z!ubuhinzi",0,3,,,,6.1324285046729
212,187,4,3,1,1,1,13,"Ibigo by!imari iciriritse",0,2,,,,6.1324285046729
212,187,4,3,1,1,1,14,"Poste ya polisi",0,2,,,,6.1324285046729
212,187,4,3,1,1,1,7,"Amavuriro ya Leta/Ikigo nderabuzima",0,2,,,,6.1324285046729
212,187,4,3,1,1,1,6,"Amavuriro y!igenga",0,2,,,,6.1324285046729
212,187,4,3,1,1,1,22,"Kiliziya/Umusigiti/Urusengero",1,,2003,1,1,6.1324285046729
213,188,4,3,2,1,1,10,"Amasoko",0,6,,,,80.2201796407186
213,188,4,3,2,1,1,7,"Amavuriro ya Leta/Ikigo nderabuzima",0,6,,,,80.2201796407186
213,188,4,3,2,1,1,23,"Ibiro by!ibigo bya Leta bitanga amashanyarazi",0,19,,,,80.2201796407186
213,188,4,3,2,1,1,18,"Aho bajya inama bakanatanga serivisi z!ubuhinzi",0,4,,,,80.2201796407186
213,188,4,3,2,1,1,13,"Ibigo by!imari iciriritse",0,3,,,,80.2201796407186
213,188,4,3,2,1,1,8,"Poste de sante cg Farumasi",0,2,,,,80.2201796407186
213,188,4,3,2,1,1,2,"Ibigo by!amashuri yibanza",1,,1978,1,1,80.2201796407186
213,188,4,3,2,1,1,20,"Aho basharija/bakora telefoni",0,6,,,,80.2201796407186
213,188,4,3,2,1,1,9,"Ibitaro",0,19,,,,80.2201796407186
213,188,4,3,2,1,1,22,"Kiliziya/Umusigiti/Urusengero",2,,888,1,1,80.2201796407186
213,188,4,3,2,1,1,3,"Ibigo by!amashuri yisumbuye",0,2,,,,80.2201796407186
213,188,4,3,2,1,1,5,"Aho bategera Bus",0,6,,,,80.2201796407186
213,188,4,3,2,1,1,11,"Amakusanyirizo y!amata",0,3,,,,80.2201796407186
213,188,4,3,2,1,1,6,"Amavuriro y!igenga",0,7,,,,80.2201796407186
213,188,4,3,2,1,1,12,"Amashami ya Banki",0,6,,,,80.2201796407186
213,188,4,3,2,1,1,17,"Imiryango itari ibigo by!imari itari iya leta",0,13,,,,80.2201796407186
213,188,4,3,2,1,1,19,"Insyo/amabarizo/aho bakora amavuta ateka",0,3,,,,80.2201796407186
213,188,4,3,2,1,1,4,"Ikigo cy!amashuri y!imyuga  (TVET)",0,4,,,,80.2201796407186
213,188,4,3,2,1,1,1,"Ibigo by!amashuri y!incuke",1,,2006,1,1,80.2201796407186
213,188,4,3,2,1,1,21,"Ipompo izamura amazi ikoresha amashanyarazi",0,8,,,,80.2201796407186
213,188,4,3,2,1,1,14,"Poste ya polisi",0,7,,,,80.2201796407186
213,188,4,3,2,1,1,16,"Aho abantu babonera Internet",0,6,,,,80.2201796407186
213,188,4,3,2,1,1,15,"Ibiro by!iposita",0,20,,,,80.2201796407186
214,189,4,3,1,1,1,8,"Poste de sante cg Farumasi",1,,2014,1,1,12.1581888235294
214,189,4,3,1,1,1,17,"Imiryango itari ibigo by!imari itari iya leta",0,3,,,,12.1581888235294
214,189,4,3,1,1,1,13,"Ibigo by!imari iciriritse",1,,2014,1,1,12.1581888235294
214,189,4,3,1,1,1,11,"Amakusanyirizo y!amata",1,,2000,1,1,12.1581888235294
214,189,4,3,1,1,1,22,"Kiliziya/Umusigiti/Urusengero",1,,1980,1,1,12.1581888235294
214,189,4,3,1,1,1,7,"Amavuriro ya Leta/Ikigo nderabuzima",0,2,,,,12.1581888235294
214,189,4,3,1,1,1,5,"Aho bategera Bus",1,,2021,3,,12.1581888235294
214,189,4,3,1,1,1,18,"Aho bajya inama bakanatanga serivisi z!ubuhinzi",0,3,,,,12.1581888235294
214,189,4,3,1,1,1,4,"Ikigo cy!amashuri y!imyuga  (TVET)",1,,2021,1,1,12.1581888235294
214,189,4,3,1,1,1,6,"Amavuriro y!igenga",1,,2014,1,1,12.1581888235294
214,189,4,3,1,1,1,14,"Poste ya polisi",0,3,,,,12.1581888235294
214,189,4,3,1,1,1,3,"Ibigo by!amashuri yisumbuye",0,3,,,,12.1581888235294
214,189,4,3,1,1,1,21,"Ipompo izamura amazi ikoresha amashanyarazi",0,0,,,,12.1581888235294
214,189,4,3,1,1,1,12,"Amashami ya Banki",0,4,,,,12.1581888235294
214,189,4,3,1,1,1,10,"Amasoko",1,,1997,1,1,12.1581888235294
214,189,4,3,1,1,1,23,"Ibiro by!ibigo bya Leta bitanga amashanyarazi",0,15,,,,12.1581888235294
214,189,4,3,1,1,1,2,"Ibigo by!amashuri yibanza",0,1,,,,12.1581888235294
214,189,4,3,1,1,1,15,"Ibiro by!iposita",0,3,,,,12.1581888235294
214,189,4,3,1,1,1,9,"Ibitaro",0,15,,,,12.1581888235294
214,189,4,3,1,1,1,1,"Ibigo by!amashuri y!incuke",0,1,,,,12.1581888235294
214,189,4,3,1,1,1,19,"Insyo/amabarizo/aho bakora amavuta ateka",2,,2017,1,1,12.1581888235294
214,189,4,3,1,1,1,16,"Aho abantu babonera Internet",0,3,,,,12.1581888235294
214,189,4,3,1,1,1,20,"Aho basharija/bakora telefoni",0,1,,,,12.1581888235294
215,190,4,3,1,1,1,18,"Agriculture extension office",0,0,,,,5.1521799689441
215,190,4,3,1,1,1,20,"Aho basharija/bakora telefoni",0,0,,,,5.1521799689441
215,190,4,3,1,1,1,19,"Insyo/amabarizo/aho bakora amavuta ateka",1,,2021,1,1,5.1521799689441
215,190,4,3,1,1,1,8,"Poste de sante cg Farumasi",0,0,,,,5.1521799689441
215,190,4,3,1,1,1,15,"Ibiro by!iposita",0,2,,,,5.1521799689441
215,190,4,3,1,1,1,13,"Ibigo by!imari iciriritse",0,0,,,,5.1521799689441
215,190,4,3,1,1,1,17,"Imiryango itari ibigo by!imari itari iya leta",0,0,,,,5.1521799689441
215,190,4,3,1,1,1,4,"Ikigo cy!amashuri y!imyuga  (TVET)",0,0,,,,5.1521799689441
215,190,4,3,1,1,1,9,"Ibitaro",0,2,,,,5.1521799689441
215,190,4,3,1,1,1,7,"Amavuriro ya Leta/Ikigo nderabuzima",0,2,,,,5.1521799689441
215,190,4,3,1,1,1,11,"Amakusanyirizo y!amata",0,2,,,,5.1521799689441
215,190,4,3,1,1,1,22,"Kiliziya/Umusigiti/Urusengero",0,0,,,,5.1521799689441
215,190,4,3,1,1,1,6,"Amavuriro y!igenga",0,0,,,,5.1521799689441
215,190,4,3,1,1,1,3,"Ibigo by!amashuri yisumbuye",0,0,,,,5.1521799689441
215,190,4,3,1,1,1,12,"Amashami ya Banki",0,0,,,,5.1521799689441
215,190,4,3,1,1,1,21,"Ipompo izamura amazi ikoresha amashanyarazi",0,1,,,,5.1521799689441
215,190,4,3,1,1,1,5,"Aho bategera Bus",1,,888,1,1,5.1521799689441
215,190,4,3,1,1,1,16,"Aho abantu babonera Internet",0,0,,,,5.1521799689441
215,190,4,3,1,1,1,10,"Amasoko",0,0,,,,5.1521799689441
215,190,4,3,1,1,1,14,"Poste ya polisi",0,1,,,,5.1521799689441
215,190,4,3,1,1,1,2,"Ibigo by!amashuri yibanza",0,0,,,,5.1521799689441
215,190,4,3,1,1,1,1,"Ibigo by!amashuri y!incuke",1,,2007,1,1,5.1521799689441
215,190,4,3,1,1,1,23,"Ibiro by!ibigo bya Leta bitanga amashanyarazi",0,1,,,,5.1521799689441
216,191,4,3,1,1,1,19,"Insyo/amabarizo/aho bakora amavuta ateka",1,,2008,1,1,10.5304336363636
216,191,4,3,1,1,1,2,"Ibigo by!amashuri yibanza",2,,888,1,1,10.5304336363636
216,191,4,3,1,1,1,4,"Ikigo cy!amashuri y!imyuga  (TVET)",0,0,,,,10.5304336363636
216,191,4,3,1,1,1,7,"Amavuriro ya Leta/Ikigo nderabuzima",0,0,,,,10.5304336363636
216,191,4,3,1,1,1,12,"Amashami ya Banki",1,,2019,1,1,10.5304336363636
216,191,4,3,1,1,1,13,"Ibigo by!imari iciriritse",1,,2009,1,1,10.5304336363636
216,191,4,3,1,1,1,9,"Ibitaro",0,0,,,,10.5304336363636
216,191,4,3,1,1,1,20,"Aho basharija/bakora telefoni",6,,2015,1,1,10.5304336363636
216,191,4,3,1,1,1,3,"Ibigo by!amashuri yisumbuye",1,,1994,1,1,10.5304336363636
216,191,4,3,1,1,1,17,"Imiryango itari ibigo by!imari itari iya leta",0,0,,,,10.5304336363636
216,191,4,3,1,1,1,18,"Aho bajya inama bakanatanga serivisi z!ubuhinzi",2,,2018,1,1,10.5304336363636
216,191,4,3,1,1,1,23,"Ibiro by!ibigo bya Leta bitanga amashanyarazi",0,0,,,,10.5304336363636
216,191,4,3,1,1,1,11,"Amakusanyirizo y!amata",0,1,,,,10.5304336363636
216,191,4,3,1,1,1,5,"Aho bategera Bus",0,0,,,,10.5304336363636
216,191,4,3,1,1,1,21,"Ipompo izamura amazi ikoresha amashanyarazi",0,3,,,,10.5304336363636
216,191,4,3,1,1,1,1,"Ibigo by!amashuri y!incuke",1,,1996,1,1,10.5304336363636
216,191,4,3,1,1,1,14,"Poste ya polisi",1,,888,1,1,10.5304336363636
216,191,4,3,1,1,1,10,"Amasoko",1,,888,1,1,10.5304336363636
216,191,4,3,1,1,1,22,"Kiliziya/Umusigiti/Urusengero",3,,888,1,1,10.5304336363636
216,191,4,3,1,1,1,8,"Poste de sante cg Farumasi",7,,888,1,1,10.5304336363636
216,191,4,3,1,1,1,6,"Amavuriro y!igenga",2,,2014,1,1,10.5304336363636
216,191,4,3,1,1,1,15,"Ibiro by!iposita",0,0,,,,10.5304336363636
216,191,4,3,1,1,1,16,"Aho abantu babonera Internet",2,,2016,1,1,10.5304336363636
217,192,4,3,1,1,1,7,"Amavuriro ya Leta/Ikigo nderabuzima",0,1,,,,5.16715702479339
217,192,4,3,1,1,1,23,"Ibiro by!ibigo bya Leta bitanga amashanyarazi",0,1,,,,5.16715702479339
217,192,4,3,1,1,1,3,"Ibigo by!amashuri yisumbuye",3,,1990,1,1,5.16715702479339
217,192,4,3,1,1,1,10,"Amasoko",0,0,,,,5.16715702479339
217,192,4,3,1,1,1,2,"Ibigo by!amashuri yibanza",2,,1983,1,1,5.16715702479339
217,192,4,3,1,1,1,4,"Ikigo cy!amashuri y!imyuga  (TVET)",0,1,,,,5.16715702479339
217,192,4,3,1,1,1,9,"Ibitaro",0,1,,,,5.16715702479339
217,192,4,3,1,1,1,14,"Poste ya polisi",0,0,,,,5.16715702479339
217,192,4,3,1,1,1,6,"Amavuriro y!igenga",1,,2014,1,1,5.16715702479339
217,192,4,3,1,1,1,18,"Aho bajya inama bakanatanga serivisi z!ubuhinzi",0,1,,,,5.16715702479339
217,192,4,3,1,1,1,16,"Aho abantu babonera Internet",5,,2006,1,1,5.16715702479339
217,192,4,3,1,1,1,5,"Aho bategera Bus",0,0,,,,5.16715702479339
217,192,4,3,1,1,1,11,"Amakusanyirizo y!amata",0,1,,,,5.16715702479339
217,192,4,3,1,1,1,1,"Ibigo by!amashuri y!incuke",3,,2014,1,1,5.16715702479339
217,192,4,3,1,1,1,8,"Poste de sante cg Farumasi",4,,2016,1,1,5.16715702479339
217,192,4,3,1,1,1,21,"Ipompo izamura amazi ikoresha amashanyarazi",0,5,,,,5.16715702479339
217,192,4,3,1,1,1,17,"Imiryango itari ibigo by!imari itari iya leta",0,1,,,,5.16715702479339
217,192,4,3,1,1,1,20,"Aho basharija/bakora telefoni",5,,2004,1,1,5.16715702479339
217,192,4,3,1,1,1,12,"Amashami ya Banki",3,,2010,1,1,5.16715702479339
217,192,4,3,1,1,1,15,"Ibiro by!iposita",0,0,,,,5.16715702479339
217,192,4,3,1,1,1,19,"Insyo/amabarizo/aho bakora amavuta ateka",1,,2021,1,1,5.16715702479339
217,192,4,3,1,1,1,13,"Ibigo by!imari iciriritse",0,0,,,,5.16715702479339
217,192,4,3,1,1,1,22,"Kiliziya/Umusigiti/Urusengero",3,,888,1,1,5.16715702479339
218,193,4,3,1,1,1,8,"Poste de sante cg Farumasi",2,,2016,1,1,12.095536
218,193,4,3,1,1,1,18,"Aho bajya inama bakanatanga serivisi z!ubuhinzi",0,1,,,,12.095536
218,193,4,3,1,1,1,5,"Aho bategera Bus",0,1,,,,12.095536
218,193,4,3,1,1,1,13,"Ibigo by!imari iciriritse",0,0,,,,12.095536
218,193,4,3,1,1,1,1,"Ibigo by!amashuri y!incuke",2,,2006,1,1,12.095536
218,193,4,3,1,1,1,20,"Aho basharija/bakora telefoni",2,,2021,1,1,12.095536
218,193,4,3,1,1,1,11,"Amakusanyirizo y!amata",0,3,,,,12.095536
218,193,4,3,1,1,1,19,"Insyo/amabarizo/aho bakora amavuta ateka",1,,1962,1,1,12.095536
218,193,4,3,1,1,1,4,"Ikigo cy!amashuri y!imyuga  (TVET)",0,1,,,,12.095536
218,193,4,3,1,1,1,12,"Amashami ya Banki",0,2,,,,12.095536
218,193,4,3,1,1,1,23,"Ibiro by!ibigo bya Leta bitanga amashanyarazi",0,0,,,,12.095536
218,193,4,3,1,1,1,6,"Amavuriro y!igenga",0,0,,,,12.095536
218,193,4,3,1,1,1,22,"Kiliziya/Umusigiti/Urusengero",1,,1995,1,1,12.095536
218,193,4,3,1,1,1,2,"Ibigo by!amashuri yibanza",3,,1995,1,1,12.095536
218,193,4,3,1,1,1,14,"Poste ya polisi",0,0,,,,12.095536
218,193,4,3,1,1,1,9,"Ibitaro",0,0,,,,12.095536
218,193,4,3,1,1,1,3,"Ibigo by!amashuri yisumbuye",0,0,,,,12.095536
218,193,4,3,1,1,1,16,"Aho abantu babonera Internet",3,,2017,1,1,12.095536
218,193,4,3,1,1,1,17,"Imiryango itari ibigo by!imari itari iya leta",2,,888,1,1,12.095536
218,193,4,3,1,1,1,21,"Ipompo izamura amazi ikoresha amashanyarazi",0,10,,,,12.095536
218,193,4,3,1,1,1,7,"Amavuriro ya Leta/Ikigo nderabuzima",0,0,,,,12.095536
218,193,4,3,1,1,1,10,"Amasoko",0,2,,,,12.095536
218,193,4,3,1,1,1,15,"Ibiro by!iposita",1,,1960,1,1,12.095536
219,194,4,3,2,1,1,15,"Ibiro by!iposita",0,3,,,,151.93865060241
219,194,4,3,2,1,1,22,"Kiliziya/Umusigiti/Urusengero",1,,1985,3,,151.93865060241
219,194,4,3,2,1,1,6,"Amavuriro y!igenga",0,4,,,,151.93865060241
219,194,4,3,2,1,1,14,"Poste ya polisi",0,3,,,,151.93865060241
219,194,4,3,2,1,1,1,"Ibigo by!amashuri y!incuke",1,,2016,3,,151.93865060241
219,194,4,3,2,1,1,4,"Ikigo cy!amashuri y!imyuga  (TVET)",0,3,,,,151.93865060241
219,194,4,3,2,1,1,23,"Ibiro by!ibigo bya Leta bitanga amashanyarazi",0,3,,,,151.93865060241
219,194,4,3,2,1,1,20,"Aho basharija/bakora telefoni",0,1,,,,151.93865060241
219,194,4,3,2,1,1,17,"Imiryango itari ibigo by!imari itari iya leta",0,3,,,,151.93865060241
219,194,4,3,2,1,1,5,"Aho bategera Bus",0,1,,,,151.93865060241
219,194,4,3,2,1,1,18,"Aho bajya inama bakanatanga serivisi z!ubuhinzi",0,0,,,,151.93865060241
219,194,4,3,2,1,1,8,"Poste de sante cg Farumasi",0,2,,,,151.93865060241
219,194,4,3,2,1,1,21,"Ipompo izamura amazi ikoresha amashanyarazi",0,7,,,,151.93865060241
219,194,4,3,2,1,1,9,"Ibitaro",0,3,,,,151.93865060241
219,194,4,3,2,1,1,3,"Ibigo by!amashuri yisumbuye",0,1,,,,151.93865060241
219,194,4,3,2,1,1,13,"Ibigo by!imari iciriritse",0,5,,,,151.93865060241
219,194,4,3,2,1,1,19,"Insyo/amabarizo/aho bakora amavuta ateka",0,2,,,,151.93865060241
219,194,4,3,2,1,1,16,"Aho abantu babonera Internet",0,3,,,,151.93865060241
219,194,4,3,2,1,1,2,"Ibigo by!amashuri yibanza",1,,888,3,,151.93865060241
219,194,4,3,2,1,1,11,"Amakusanyirizo y!amata",0,4,,,,151.93865060241
219,194,4,3,2,1,1,12,"Amashami ya Banki",0,5,,,,151.93865060241
219,194,4,3,2,1,1,7,"Amavuriro ya Leta/Ikigo nderabuzima",0,3,,,,151.93865060241
219,194,4,3,2,1,1,10,"Amasoko",0,3,,,,151.93865060241
220,195,4,3,1,1,1,5,"Aho bategera Bus",0,3,,,,7.68185333333333
220,195,4,3,1,1,1,6,"Amavuriro y!igenga",0,2,,,,7.68185333333333
220,195,4,3,1,1,1,11,"Amakusanyirizo y!amata",0,3,,,,7.68185333333333
220,195,4,3,1,1,1,9,"Ibitaro",0,2,,,,7.68185333333333
220,195,4,3,1,1,1,17,"Imiryango itari ibigo by!imari itari iya leta",0,0,,,,7.68185333333333
220,195,4,3,1,1,1,4,"Ikigo cy!amashuri y!imyuga  (TVET)",0,0,,,,7.68185333333333
220,195,4,3,1,1,1,2,"Ibigo by!amashuri yibanza",0,0,,,,7.68185333333333
220,195,4,3,1,1,1,21,"Ipompo izamura amazi ikoresha amashanyarazi",0,4,,,,7.68185333333333
220,195,4,3,1,1,1,20,"Aho basharija/bakora telefoni",0,1,,,,7.68185333333333
220,195,4,3,1,1,1,22,"Kiliziya/Umusigiti/Urusengero",0,0,,,,7.68185333333333
220,195,4,3,1,1,1,23,"Ibiro by!ibigo bya Leta bitanga amashanyarazi",0,2,,,,7.68185333333333
220,195,4,3,1,1,1,8,"Poste de sante cg Farumasi",1,,2018,1,1,7.68185333333333
220,195,4,3,1,1,1,18,"Aho bajya inama bakanatanga serivisi z!ubuhinzi",0,0,,,,7.68185333333333
220,195,4,3,1,1,1,16,"Aho abantu babonera Internet",0,1,,,,7.68185333333333
220,195,4,3,1,1,1,14,"Poste ya polisi",0,1,,,,7.68185333333333
220,195,4,3,1,1,1,15,"Ibiro by!iposita",0,2,,,,7.68185333333333
220,195,4,3,1,1,1,3,"Ibigo by!amashuri yisumbuye",0,0,,,,7.68185333333333
220,195,4,3,1,1,1,7,"Amavuriro ya Leta/Ikigo nderabuzima",0,2,,,,7.68185333333333
220,195,4,3,1,1,1,19,"Insyo/amabarizo/aho bakora amavuta ateka",0,0,,,,7.68185333333333
220,195,4,3,1,1,1,10,"Amasoko",0,2,,,,7.68185333333333
220,195,4,3,1,1,1,1,"Ibigo by!amashuri y!incuke",0,0,,,,7.68185333333333
220,195,4,3,1,1,1,13,"Ibigo by!imari iciriritse",0,0,,,,7.68185333333333
220,195,4,3,1,1,1,12,"Amashami ya Banki",0,2,,,,7.68185333333333
221,196,4,3,1,1,1,1,"Ibigo by!amashuri y!incuke",0,3,,,,15.9206272727273
221,196,4,3,1,1,1,3,"Ibigo by!amashuri yisumbuye",0,5,,,,15.9206272727273
221,196,4,3,1,1,1,23,"Ibiro by!ibigo bya Leta bitanga amashanyarazi",0,12,,,,15.9206272727273
221,196,4,3,1,1,1,20,"Aho basharija/bakora telefoni",0,2,,,,15.9206272727273
221,196,4,3,1,1,1,7,"Amavuriro ya Leta/Ikigo nderabuzima",0,4,,,,15.9206272727273
221,196,4,3,1,1,1,4,"Ikigo cy!amashuri y!imyuga  (TVET)",0,3,,,,15.9206272727273
221,196,4,3,1,1,1,6,"Amavuriro y!igenga",0,12,,,,15.9206272727273
221,196,4,3,1,1,1,22,"Kiliziya/Umusigiti/Urusengero",0,2,,,,15.9206272727273
221,196,4,3,1,1,1,10,"Amasoko",0,2,,,,15.9206272727273
221,196,4,3,1,1,1,2,"Ibigo by!amashuri yibanza",0,4,,,,15.9206272727273
221,196,4,3,1,1,1,17,"Imiryango itari ibigo by!imari itari iya leta",0,5,,,,15.9206272727273
221,196,4,3,1,1,1,8,"Poste de sante cg Farumasi",0,2,,,,15.9206272727273
221,196,4,3,1,1,1,13,"Ibigo by!imari iciriritse",0,2,,,,15.9206272727273
221,196,4,3,1,1,1,16,"Aho abantu babonera Internet",0,0,,,,15.9206272727273
221,196,4,3,1,1,1,12,"Amashami ya Banki",0,2,,,,15.9206272727273
221,196,4,3,1,1,1,5,"Aho bategera Bus",0,2,,,,15.9206272727273
221,196,4,3,1,1,1,14,"Poste ya polisi",0,2,,,,15.9206272727273
221,196,4,3,1,1,1,11,"Amakusanyirizo y!amata",0,2,,,,15.9206272727273
221,196,4,3,1,1,1,19,"Insyo/amabarizo/aho bakora amavuta ateka",0,2,,,,15.9206272727273
221,196,4,3,1,1,1,9,"Ibitaro",0,12,,,,15.9206272727273
221,196,4,3,1,1,1,18,"Aho bajya inama bakanatanga serivisi z!ubuhinzi",0,2,,,,15.9206272727273
221,196,4,3,1,1,1,15,"Ibiro by!iposita",0,12,,,,15.9206272727273
221,196,4,3,1,1,1,21,"Ipompo izamura amazi ikoresha amashanyarazi",0,25,,,,15.9206272727273
222,197,4,3,2,1,1,21,"Ipompo izamura amazi ikoresha amashanyarazi",1,,1928,1,1,102.326509433962
222,197,4,3,2,1,1,22,"Kiliziya/Umusigiti/Urusengero",0,2,,,,102.326509433962
222,197,4,3,2,1,1,6,"Amavuriro y!igenga",0,21,,,,102.326509433962
222,197,4,3,2,1,1,7,"Amavuriro ya Leta/Ikigo nderabuzima",0,3,,,,102.326509433962
222,197,4,3,2,1,1,14,"Poste ya polisi",0,1,,,,102.326509433962
222,197,4,3,2,1,1,4,"Ikigo cy!amashuri y!imyuga  (TVET)",0,8,,,,102.326509433962
222,197,4,3,2,1,1,10,"Amasoko",0,7,,,,102.326509433962
222,197,4,3,2,1,1,11,"Amakusanyirizo y!amata",0,23,,,,102.326509433962
222,197,4,3,2,1,1,12,"Amashami ya Banki",0,7,,,,102.326509433962
222,197,4,3,2,1,1,15,"Ibiro by!iposita",0,21,,,,102.326509433962
222,197,4,3,2,1,1,9,"Ibitaro",0,21,,,,102.326509433962
222,197,4,3,2,1,1,5,"Aho bategera Bus",0,10,,,,102.326509433962
222,197,4,3,2,1,1,20,"Aho basharija/bakora telefoni",1,,2021,1,1,102.326509433962
222,197,4,3,2,1,1,3,"Ibigo by!amashuri yisumbuye",0,2,,,,102.326509433962
222,197,4,3,2,1,1,8,"Poste de sante cg Farumasi",0,2,,,,102.326509433962
222,197,4,3,2,1,1,2,"Ibigo by!amashuri yibanza",0,2,,,,102.326509433962
222,197,4,3,2,1,1,23,"Ibiro by!ibigo bya Leta bitanga amashanyarazi",0,21,,,,102.326509433962
222,197,4,3,2,1,1,16,"Aho abantu babonera Internet",0,9,,,,102.326509433962
222,197,4,3,2,1,1,18,"Aho bajya inama bakanatanga serivisi z!ubuhinzi",0,15,,,,102.326509433962
222,197,4,3,2,1,1,17,"Imiryango itari ibigo by!imari itari iya leta",0,12,,,,102.326509433962
222,197,4,3,2,1,1,1,"Ibigo by!amashuri y!incuke",1,,2008,3,,102.326509433962
222,197,4,3,2,1,1,19,"Insyo/amabarizo/aho bakora amavuta ateka",1,,2020,1,1,102.326509433962
222,197,4,3,2,1,1,13,"Ibigo by!imari iciriritse",0,1,,,,102.326509433962
223,198,4,4,2,1,1,15,"Ibiro by!iposita",0,5,,,,325.358129032258
223,198,4,4,2,1,1,18,"Aho bajya inama bakanatanga serivisi z!ubuhinzi",0,23,,,,325.358129032258
223,198,4,4,2,1,1,13,"Ibigo by!imari iciriritse",0,6,,,,325.358129032258
223,198,4,4,2,1,1,1,"Ibigo by!amashuri y!incuke",0,3,,,,325.358129032258
223,198,4,4,2,1,1,19,"Insyo/amabarizo/aho bakora amavuta ateka",0,6,,,,325.358129032258
223,198,4,4,2,1,1,7,"Amavuriro ya Leta/Ikigo nderabuzima",0,27,,,,325.358129032258
223,198,4,4,2,1,1,6,"Amavuriro y!igenga",0,5,,,,325.358129032258
223,198,4,4,2,1,1,10,"Amasoko",0,6,,,,325.358129032258
223,198,4,4,2,1,1,5,"Aho bategera Bus",0,6,,,,325.358129032258
223,198,4,4,2,1,1,12,"Amashami ya Banki",0,6,,,,325.358129032258
223,198,4,4,2,1,1,9,"Ibitaro",0,5,,,,325.358129032258
223,198,4,4,2,1,1,20,"Aho basharija/bakora telefoni",0,6,,,,325.358129032258
223,198,4,4,2,1,1,23,"Ibiro by!ibigo bya Leta bitanga amashanyarazi",0,6,,,,325.358129032258
223,198,4,4,2,1,1,3,"Ibigo by!amashuri yisumbuye",0,4,,,,325.358129032258
223,198,4,4,2,1,1,16,"Aho abantu babonera Internet",0,5,,,,325.358129032258
223,198,4,4,2,1,1,4,"Ikigo cy!amashuri y!imyuga  (TVET)",0,10,,,,325.358129032258
223,198,4,4,2,1,1,22,"Kiliziya/Umusigiti/Urusengero",0,2,,,,325.358129032258
223,198,4,4,2,1,1,11,"Amakusanyirizo y!amata",0,35,,,,325.358129032258
223,198,4,4,2,1,1,21,"Ipompo izamura amazi ikoresha amashanyarazi",0,18,,,,325.358129032258
223,198,4,4,2,1,1,17,"Imiryango itari ibigo by!imari itari iya leta",0,19,,,,325.358129032258
223,198,4,4,2,1,1,8,"Poste de sante cg Farumasi",0,5,,,,325.358129032258
223,198,4,4,2,1,1,14,"Poste ya polisi",0,3,,,,325.358129032258
223,198,4,4,2,1,1,2,"Ibigo by!amashuri yibanza",0,4,,,,325.358129032258
224,199,4,4,1,1,1,16,"Aho abantu babonera Internet",0,0,,,,10.216724137931
224,199,4,4,1,1,1,15,"Ibiro by!iposita",0,27,,,,10.216724137931
224,199,4,4,1,1,1,11,"Amakusanyirizo y!amata",0,12,,,,10.216724137931
224,199,4,4,1,1,1,10,"Amasoko",0,0,,,,10.216724137931
224,199,4,4,1,1,1,14,"Poste ya polisi",1,,2019,1,1,10.216724137931
224,199,4,4,1,1,1,18,"Aho bajya inama bakanatanga serivisi z!ubuhinzi",0,27,,,,10.216724137931
224,199,4,4,1,1,1,21,"Ipompo izamura amazi ikoresha amashanyarazi",0,37,,,,10.216724137931
224,199,4,4,1,1,1,8,"Poste de sante cg Farumasi",0,0,,,,10.216724137931
224,199,4,4,1,1,1,23,"Ibiro by!ibigo bya Leta bitanga amashanyarazi",1,,2015,1,1,10.216724137931
224,199,4,4,1,1,1,1,"Ibigo by!amashuri y!incuke",0,2,,,,10.216724137931
224,199,4,4,1,1,1,4,"Ikigo cy!amashuri y!imyuga  (TVET)",0,3,,,,10.216724137931
224,199,4,4,1,1,1,7,"Amavuriro ya Leta/Ikigo nderabuzima",0,0,,,,10.216724137931
224,199,4,4,1,1,1,12,"Amashami ya Banki",0,0,,,,10.216724137931
224,199,4,4,1,1,1,13,"Ibigo by!imari iciriritse",0,0,,,,10.216724137931
224,199,4,4,1,1,1,19,"Insyo/amabarizo/aho bakora amavuta ateka",10,,2005,1,1,10.216724137931
224,199,4,4,1,1,1,2,"Ibigo by!amashuri yibanza",0,2,,,,10.216724137931
224,199,4,4,1,1,1,6,"Amavuriro y!igenga",0,1,,,,10.216724137931
224,199,4,4,1,1,1,17,"Imiryango itari ibigo by!imari itari iya leta",0,1,,,,10.216724137931
224,199,4,4,1,1,1,3,"Ibigo by!amashuri yisumbuye",0,0,,,,10.216724137931
224,199,4,4,1,1,1,5,"Aho bategera Bus",0,0,,,,10.216724137931
224,199,4,4,1,1,1,20,"Aho basharija/bakora telefoni",0,0,,,,10.216724137931
224,199,4,4,1,1,1,22,"Kiliziya/Umusigiti/Urusengero",3,,1992,1,1,10.216724137931
224,199,4,4,1,1,1,9,"Ibitaro",0,1,,,,10.216724137931
225,200,4,4,2,1,1,21,"Ipompo izamura amazi ikoresha amashanyarazi",0,30,,,,90.7926956521739
225,200,4,4,2,1,1,14,"Poste ya polisi",0,10,,,,90.7926956521739
225,200,4,4,2,1,1,15,"Ibiro by!iposita",0,20,,,,90.7926956521739
225,200,4,4,2,1,1,10,"Amasoko",0,10,,,,90.7926956521739
225,200,4,4,2,1,1,20,"Aho basharija/bakora telefoni",0,10,,,,90.7926956521739
225,200,4,4,2,1,1,13,"Ibigo by!imari iciriritse",0,10,,,,90.7926956521739
225,200,4,4,2,1,1,22,"Kiliziya/Umusigiti/Urusengero",0,1,,,,90.7926956521739
225,200,4,4,2,1,1,23,"Ibiro by!ibigo bya Leta bitanga amashanyarazi",0,20,,,,90.7926956521739
225,200,4,4,2,1,1,16,"Aho abantu babonera Internet",0,13,,,,90.7926956521739
225,200,4,4,2,1,1,18,"Aho bajya inama bakanatanga serivisi z!ubuhinzi",0,22,,,,90.7926956521739
225,200,4,4,2,1,1,2,"Ibigo by!amashuri yibanza",0,2,,,,90.7926956521739
225,200,4,4,2,1,1,19,"Insyo/amabarizo/aho bakora amavuta ateka",0,10,,,,90.7926956521739
225,200,4,4,2,1,1,11,"Amakusanyirizo y!amata",0,21,,,,90.7926956521739
225,200,4,4,2,1,1,3,"Ibigo by!amashuri yisumbuye",0,5,,,,90.7926956521739
225,200,4,4,2,1,1,6,"Amavuriro y!igenga",0,10,,,,90.7926956521739
225,200,4,4,2,1,1,5,"Aho bategera Bus",0,8,,,,90.7926956521739
225,200,4,4,2,1,1,1,"Ibigo by!amashuri y!incuke",0,2,,,,90.7926956521739
225,200,4,4,2,1,1,8,"Poste de sante cg Farumasi",0,1,,,,90.7926956521739
225,200,4,4,2,1,1,17,"Imiryango itari ibigo by!imari itari iya leta",0,17,,,,90.7926956521739
225,200,4,4,2,1,1,9,"Ibitaro",0,20,,,,90.7926956521739
225,200,4,4,2,1,1,4,"Ikigo cy!amashuri y!imyuga  (TVET)",0,5,,,,90.7926956521739
225,200,4,4,2,1,1,12,"Amashami ya Banki",0,20,,,,90.7926956521739
225,200,4,4,2,1,1,7,"Amavuriro ya Leta/Ikigo nderabuzima",0,12,,,,90.7926956521739
226,201,4,4,2,1,1,23,"Ibiro by!ibigo bya Leta bitanga amashanyarazi",0,15,,,,129.102220588235
226,201,4,4,2,1,1,14,"Poste ya polisi",0,1,,,,129.102220588235
226,201,4,4,2,1,1,17,"Imiryango itari ibigo by!imari itari iya leta",0,15,,,,129.102220588235
226,201,4,4,2,1,1,5,"Aho bategera Bus",0,5,,,,129.102220588235
226,201,4,4,2,1,1,6,"Amavuriro y!igenga",0,15,,,,129.102220588235
226,201,4,4,2,1,1,10,"Amasoko",0,15,,,,129.102220588235
226,201,4,4,2,1,1,22,"Kiliziya/Umusigiti/Urusengero",1,,1980,1,1,129.102220588235
226,201,4,4,2,1,1,2,"Ibigo by!amashuri yibanza",1,,2018,2,1,129.102220588235
226,201,4,4,2,1,1,3,"Ibigo by!amashuri yisumbuye",0,1,,,,129.102220588235
226,201,4,4,2,1,1,8,"Poste de sante cg Farumasi",0,1,,,,129.102220588235
226,201,4,4,2,1,1,20,"Aho basharija/bakora telefoni",0,1,,,,129.102220588235
226,201,4,4,2,1,1,7,"Amavuriro ya Leta/Ikigo nderabuzima",0,1,,,,129.102220588235
226,201,4,4,2,1,1,9,"Ibitaro",0,15,,,,129.102220588235
226,201,4,4,2,1,1,16,"Aho abantu babonera Internet",0,15,,,,129.102220588235
226,201,4,4,2,1,1,4,"Ikigo cy!amashuri y!imyuga  (TVET)",0,1,,,,129.102220588235
226,201,4,4,2,1,1,11,"Amakusanyirizo y!amata",0,15,,,,129.102220588235
226,201,4,4,2,1,1,18,"Aho bajya inama bakanatanga serivisi z!ubuhinzi",0,5,,,,129.102220588235
226,201,4,4,2,1,1,13,"Ibigo by!imari iciriritse",0,15,,,,129.102220588235
226,201,4,4,2,1,1,19,"Insyo/amabarizo/aho bakora amavuta ateka",0,5,,,,129.102220588235
226,201,4,4,2,1,1,15,"Ibiro by!iposita",0,15,,,,129.102220588235
226,201,4,4,2,1,1,21,"Ipompo izamura amazi ikoresha amashanyarazi",0,10,,,,129.102220588235
226,201,4,4,2,1,1,1,"Ibigo by!amashuri y!incuke",1,,2022,3,,129.102220588235
226,201,4,4,2,1,1,12,"Amashami ya Banki",0,15,,,,129.102220588235
227,202,4,4,2,1,1,1,"Ibigo by!amashuri y!incuke",2,,2021,1,1,81.5528605263158
227,202,4,4,2,1,1,4,"Ikigo cy!amashuri y!imyuga  (TVET)",0,1,,,,81.5528605263158
227,202,4,4,2,1,1,7,"Amavuriro ya Leta/Ikigo nderabuzima",0,2,,,,81.5528605263158
227,202,4,4,2,1,1,22,"Kiliziya/Umusigiti/Urusengero",0,0,,,,81.5528605263158
227,202,4,4,2,1,1,2,"Ibigo by!amashuri yibanza",0,0,,,,81.5528605263158
227,202,4,4,2,1,1,3,"Ibigo by!amashuri yisumbuye",0,3,,,,81.5528605263158
227,202,4,4,2,1,1,5,"Aho bategera Bus",0,2,,,,81.5528605263158
227,202,4,4,2,1,1,9,"Ibitaro",0,13,,,,81.5528605263158
227,202,4,4,2,1,1,13,"Ibigo by!imari iciriritse",0,5,,,,81.5528605263158
227,202,4,4,2,1,1,21,"Ipompo izamura amazi ikoresha amashanyarazi",0,13,,,,81.5528605263158
227,202,4,4,2,1,1,14,"Poste ya polisi",0,5,,,,81.5528605263158
227,202,4,4,2,1,1,6,"Amavuriro y!igenga",0,13,,,,81.5528605263158
227,202,4,4,2,1,1,12,"Amashami ya Banki",0,12,,,,81.5528605263158
227,202,4,4,2,1,1,23,"Ibiro by!ibigo bya Leta bitanga amashanyarazi",0,13,,,,81.5528605263158
227,202,4,4,2,1,1,20,"Aho basharija/bakora telefoni",0,2,,,,81.5528605263158
227,202,4,4,2,1,1,19,"Insyo/amabarizo/aho bakora amavuta ateka",0,5,,,,81.5528605263158
227,202,4,4,2,1,1,18,"Aho bajya inama bakanatanga serivisi z!ubuhinzi",0,5,,,,81.5528605263158
227,202,4,4,2,1,1,17,"Imiryango itari ibigo by!imari itari iya leta",0,13,,,,81.5528605263158
227,202,4,4,2,1,1,10,"Amasoko",0,5,,,,81.5528605263158
227,202,4,4,2,1,1,8,"Poste de sante cg Farumasi",0,2,,,,81.5528605263158
227,202,4,4,2,1,1,15,"Ibiro by!iposita",0,13,,,,81.5528605263158
227,202,4,4,2,1,1,16,"Aho abantu babonera Internet",0,13,,,,81.5528605263158
227,202,4,4,2,1,1,11,"Amakusanyirizo y!amata",0,8,,,,81.5528605263158
228,203,4,4,2,1,1,21,"Ipompo izamura amazi ikoresha amashanyarazi",0,12,,,,119.497333333333
228,203,4,4,2,1,1,14,"Poste ya polisi",0,12,,,,119.497333333333
228,203,4,4,2,1,1,16,"Aho abantu babonera Internet",0,12,,,,119.497333333333
228,203,4,4,2,1,1,12,"Amashami ya Banki",0,17,,,,119.497333333333
228,203,4,4,2,1,1,19,"Insyo/amabarizo/aho bakora amavuta ateka",0,7,,,,119.497333333333
228,203,4,4,2,1,1,4,"Ikigo cy!amashuri y!imyuga  (TVET)",0,16,,,,119.497333333333
228,203,4,4,2,1,1,9,"Ibitaro",0,18,,,,119.497333333333
228,203,4,4,2,1,1,20,"Aho basharija/bakora telefoni",0,7,,,,119.497333333333
228,203,4,4,2,1,1,8,"Poste de sante cg Farumasi",0,9,,,,119.497333333333
228,203,4,4,2,1,1,11,"Amakusanyirizo y!amata",0,12,,,,119.497333333333
228,203,4,4,2,1,1,5,"Aho bategera Bus",0,6,,,,119.497333333333
228,203,4,4,2,1,1,2,"Ibigo by!amashuri yibanza",1,,2019,2,1,119.497333333333
228,203,4,4,2,1,1,1,"Ibigo by!amashuri y!incuke",1,,2022,1,1,119.497333333333
228,203,4,4,2,1,1,3,"Ibigo by!amashuri yisumbuye",0,4,,,,119.497333333333
228,203,4,4,2,1,1,18,"Aho bajya inama bakanatanga serivisi z!ubuhinzi",0,12,,,,119.497333333333
228,203,4,4,2,1,1,10,"Amasoko",0,12,,,,119.497333333333
228,203,4,4,2,1,1,17,"Imiryango itari ibigo by!imari itari iya leta",0,12,,,,119.497333333333
228,203,4,4,2,1,1,22,"Kiliziya/Umusigiti/Urusengero",1,,1995,1,1,119.497333333333
228,203,4,4,2,1,1,7,"Amavuriro ya Leta/Ikigo nderabuzima",0,4,,,,119.497333333333
228,203,4,4,2,1,1,13,"Ibigo by!imari iciriritse",0,17,,,,119.497333333333
228,203,4,4,2,1,1,23,"Ibiro by!ibigo bya Leta bitanga amashanyarazi",0,12,,,,119.497333333333
228,203,4,4,2,1,1,15,"Ibiro by!iposita",0,75,,,,119.497333333333
228,203,4,4,2,1,1,6,"Amavuriro y!igenga",0,4,,,,119.497333333333
229,204,4,5,1,1,1,9,"Ibitaro",0,1,,,,8.65588105263158
229,204,4,5,1,1,1,20,"Aho basharija/bakora telefoni",0,1,,,,8.65588105263158
229,204,4,5,1,1,1,3,"Ibigo by!amashuri yisumbuye",0,1,,,,8.65588105263158
229,204,4,5,1,1,1,17,"Imiryango itari ibigo by!imari itari iya leta",0,1,,,,8.65588105263158
229,204,4,5,1,1,1,11,"Amakusanyirizo y!amata",0,1,,,,8.65588105263158
229,204,4,5,1,1,1,12,"Amashami ya Banki",0,1,,,,8.65588105263158
229,204,4,5,1,1,1,6,"Amavuriro y!igenga",0,1,,,,8.65588105263158
229,204,4,5,1,1,1,16,"Aho abantu babonera Internet",0,1,,,,8.65588105263158
229,204,4,5,1,1,1,21,"Ipompo izamura amazi ikoresha amashanyarazi",0,10,,,,8.65588105263158
229,204,4,5,1,1,1,1,"Ibigo by!amashuri y!incuke",2,,2020,1,1,8.65588105263158
229,204,4,5,1,1,1,7,"Amavuriro ya Leta/Ikigo nderabuzima",0,1,,,,8.65588105263158
229,204,4,5,1,1,1,18,"Aho bajya inama bakanatanga serivisi z!ubuhinzi",0,1,,,,8.65588105263158
229,204,4,5,1,1,1,8,"Poste de sante cg Farumasi",0,1,,,,8.65588105263158
229,204,4,5,1,1,1,23,"Ibiro by!ibigo bya Leta bitanga amashanyarazi",0,1,,,,8.65588105263158
229,204,4,5,1,1,1,22,"Kiliziya/Umusigiti/Urusengero",1,,1999,1,1,8.65588105263158
229,204,4,5,1,1,1,13,"Ibigo by!imari iciriritse",0,1,,,,8.65588105263158
229,204,4,5,1,1,1,10,"Amasoko",0,1,,,,8.65588105263158
229,204,4,5,1,1,1,14,"Poste ya polisi",0,1,,,,8.65588105263158
229,204,4,5,1,1,1,4,"Ikigo cy!amashuri y!imyuga  (TVET)",0,1,,,,8.65588105263158
229,204,4,5,1,1,1,5,"Aho bategera Bus",0,1,,,,8.65588105263158
229,204,4,5,1,1,1,19,"Insyo/amabarizo/aho bakora amavuta ateka",0,1,,,,8.65588105263158
229,204,4,5,1,1,1,15,"Ibiro by!iposita",0,1,,,,8.65588105263158
229,204,4,5,1,1,1,2,"Ibigo by!amashuri yibanza",0,1,,,,8.65588105263158
231,205,4,5,2,1,1,10,"Amasoko",0,10,,,,73.3824504504504
231,205,4,5,2,1,1,17,"Imiryango itari ibigo by!imari itari iya leta",0,80,,,,73.3824504504504
231,205,4,5,2,1,1,23,"Ibiro by!ibigo bya Leta bitanga amashanyarazi",0,80,,,,73.3824504504504
231,205,4,5,2,1,1,11,"Amakusanyirizo y!amata",0,1,,,,73.3824504504504
231,205,4,5,2,1,1,22,"Kiliziya/Umusigiti/Urusengero",4,,888,1,1,73.3824504504504
231,205,4,5,2,1,1,8,"Poste de sante cg Farumasi",1,,2020,1,1,73.3824504504504
231,205,4,5,2,1,1,1,"Ibigo by!amashuri y!incuke",1,,2021,3,,73.3824504504504
231,205,4,5,2,1,1,12,"Amashami ya Banki",0,10,,,,73.3824504504504
231,205,4,5,2,1,1,3,"Ibigo by!amashuri yisumbuye",1,,1973,1,1,73.3824504504504
231,205,4,5,2,1,1,7,"Amavuriro ya Leta/Ikigo nderabuzima",0,5,,,,73.3824504504504
231,205,4,5,2,1,1,16,"Aho abantu babonera Internet",0,80,,,,73.3824504504504
231,205,4,5,2,1,1,5,"Aho bategera Bus",40,,888,3,,73.3824504504504
231,205,4,5,2,1,1,21,"Ipompo izamura amazi ikoresha amashanyarazi",0,50,,,,73.3824504504504
231,205,4,5,2,1,1,4,"Ikigo cy!amashuri y!imyuga  (TVET)",0,1,,,,73.3824504504504
231,205,4,5,2,1,1,14,"Poste ya polisi",0,10,,,,73.3824504504504
231,205,4,5,2,1,1,19,"Insyo/amabarizo/aho bakora amavuta ateka",0,10,,,,73.3824504504504
231,205,4,5,2,1,1,9,"Ibitaro",0,80,,,,73.3824504504504
231,205,4,5,2,1,1,18,"Aho bajya inama bakanatanga serivisi z!ubuhinzi",0,10,,,,73.3824504504504
231,205,4,5,2,1,1,13,"Ibigo by!imari iciriritse",0,10,,,,73.3824504504504
231,205,4,5,2,1,1,15,"Ibiro by!iposita",0,80,,,,73.3824504504504
231,205,4,5,2,1,1,6,"Amavuriro y!igenga",0,10,,,,73.3824504504504
231,205,4,5,2,1,1,2,"Ibigo by!amashuri yibanza",1,,1973,2,1,73.3824504504504
231,205,4,5,2,1,1,20,"Aho basharija/bakora telefoni",0,1,,,,73.3824504504504
234,206,4,5,2,1,1,3,"Ibigo by!amashuri yisumbuye",0,3,,,,76.9769217391304
234,206,4,5,2,1,1,18,"Aho bajya inama bakanatanga serivisi z!ubuhinzi",0,1,,,,76.9769217391304
234,206,4,5,2,1,1,21,"Ipompo izamura amazi ikoresha amashanyarazi",0,88,,,,76.9769217391304
234,206,4,5,2,1,1,9,"Ibitaro",0,30,,,,76.9769217391304
234,206,4,5,2,1,1,17,"Imiryango itari ibigo by!imari itari iya leta",0,30,,,,76.9769217391304
234,206,4,5,2,1,1,2,"Ibigo by!amashuri yibanza",1,,1987,3,,76.9769217391304
234,206,4,5,2,1,1,6,"Amavuriro y!igenga",0,30,,,,76.9769217391304
234,206,4,5,2,1,1,1,"Ibigo by!amashuri y!incuke",1,,2021,3,,76.9769217391304
234,206,4,5,2,1,1,23,"Ibiro by!ibigo bya Leta bitanga amashanyarazi",0,30,,,,76.9769217391304
234,206,4,5,2,1,1,10,"Amasoko",0,10,,,,76.9769217391304
234,206,4,5,2,1,1,7,"Amavuriro ya Leta/Ikigo nderabuzima",1,,2019,1,1,76.9769217391304
234,206,4,5,2,1,1,11,"Amakusanyirizo y!amata",0,10,,,,76.9769217391304
234,206,4,5,2,1,1,22,"Kiliziya/Umusigiti/Urusengero",0,1,,,,76.9769217391304
234,206,4,5,2,1,1,19,"Insyo/amabarizo/aho bakora amavuta ateka",0,1,,,,76.9769217391304
234,206,4,5,2,1,1,5,"Aho bategera Bus",0,25,,,,76.9769217391304
234,206,4,5,2,1,1,20,"Aho basharija/bakora telefoni",1,,2014,1,1,76.9769217391304
234,206,4,5,2,1,1,15,"Ibiro by!iposita",0,30,,,,76.9769217391304
234,206,4,5,2,1,1,4,"Ikigo cy!amashuri y!imyuga  (TVET)",0,3,,,,76.9769217391304
234,206,4,5,2,1,1,13,"Ibigo by!imari iciriritse",0,30,,,,76.9769217391304
234,206,4,5,2,1,1,16,"Aho abantu babonera Internet",0,30,,,,76.9769217391304
234,206,4,5,2,1,1,12,"Amashami ya Banki",0,30,,,,76.9769217391304
234,206,4,5,2,1,1,14,"Poste ya polisi",0,10,,,,76.9769217391304
234,206,4,5,2,1,1,8,"Poste de sante cg Farumasi",0,10,,,,76.9769217391304
235,207,4,5,2,1,1,12,"Amashami ya Banki",0,4,,,,190.598447368421
235,207,4,5,2,1,1,14,"Poste ya polisi",0,4,,,,190.598447368421
235,207,4,5,2,1,1,3,"Ibigo by!amashuri yisumbuye",0,1,,,,190.598447368421
235,207,4,5,2,1,1,21,"Ipompo izamura amazi ikoresha amashanyarazi",0,88,,,,190.598447368421
235,207,4,5,2,1,1,6,"Amavuriro y!igenga",0,4,,,,190.598447368421
235,207,4,5,2,1,1,17,"Imiryango itari ibigo by!imari itari iya leta",0,4,,,,190.598447368421
235,207,4,5,2,1,1,13,"Ibigo by!imari iciriritse",0,4,,,,190.598447368421
235,207,4,5,2,1,1,20,"Aho basharija/bakora telefoni",0,4,,,,190.598447368421
235,207,4,5,2,1,1,8,"Poste de sante cg Farumasi",0,4,,,,190.598447368421
235,207,4,5,2,1,1,11,"Amakusanyirizo y!amata",0,4,,,,190.598447368421
235,207,4,5,2,1,1,23,"Ibiro by!ibigo bya Leta bitanga amashanyarazi",0,4,,,,190.598447368421
235,207,4,5,2,1,1,22,"Kiliziya/Umusigiti/Urusengero",0,1,,,,190.598447368421
235,207,4,5,2,1,1,16,"Aho abantu babonera Internet",0,4,,,,190.598447368421
235,207,4,5,2,1,1,2,"Ibigo by!amashuri yibanza",0,1,,,,190.598447368421
235,207,4,5,2,1,1,18,"Aho bajya inama bakanatanga serivisi z!ubuhinzi",0,1,,,,190.598447368421
235,207,4,5,2,1,1,1,"Ibigo by!amashuri y!incuke",0,1,,,,190.598447368421
235,207,4,5,2,1,1,10,"Amasoko",0,4,,,,190.598447368421
235,207,4,5,2,1,1,7,"Amavuriro ya Leta/Ikigo nderabuzima",0,5,,,,190.598447368421
235,207,4,5,2,1,1,9,"Ibitaro",0,5,,,,190.598447368421
235,207,4,5,2,1,1,4,"Ikigo cy!amashuri y!imyuga  (TVET)",0,2,,,,190.598447368421
235,207,4,5,2,1,1,19,"Insyo/amabarizo/aho bakora amavuta ateka",0,4,,,,190.598447368421
235,207,4,5,2,1,1,5,"Aho bategera Bus",0,1,,,,190.598447368421
235,207,4,5,2,1,1,15,"Ibiro by!iposita",0,4,,,,190.598447368421
236,208,4,5,2,1,1,20,"Aho basharija/bakora telefoni",0,1,,,,93.4768661971831
236,208,4,5,2,1,1,11,"Amakusanyirizo y!amata",0,0,,,,93.4768661971831
236,208,4,5,2,1,1,4,"Ikigo cy!amashuri y!imyuga  (TVET)",0,5,,,,93.4768661971831
236,208,4,5,2,1,1,22,"Kiliziya/Umusigiti/Urusengero",1,,1995,1,1,93.4768661971831
236,208,4,5,2,1,1,17,"Imiryango itari ibigo by!imari itari iya leta",0,20,,,,93.4768661971831
236,208,4,5,2,1,1,15,"Ibiro by!iposita",0,20,,,,93.4768661971831
236,208,4,5,2,1,1,3,"Ibigo by!amashuri yisumbuye",0,1,,,,93.4768661971831
236,208,4,5,2,1,1,12,"Amashami ya Banki",0,20,,,,93.4768661971831
236,208,4,5,2,1,1,19,"Insyo/amabarizo/aho bakora amavuta ateka",4,,2010,1,1,93.4768661971831
236,208,4,5,2,1,1,9,"Ibitaro",0,23,,,,93.4768661971831
236,208,4,5,2,1,1,1,"Ibigo by!amashuri y!incuke",0,1,,,,93.4768661971831
236,208,4,5,2,1,1,2,"Ibigo by!amashuri yibanza",0,1,,,,93.4768661971831
236,208,4,5,2,1,1,5,"Aho bategera Bus",0,8,,,,93.4768661971831
236,208,4,5,2,1,1,23,"Ibiro by!ibigo bya Leta bitanga amashanyarazi",0,20,,,,93.4768661971831
236,208,4,5,2,1,1,14,"Poste ya polisi",0,1,,,,93.4768661971831
236,208,4,5,2,1,1,7,"Amavuriro ya Leta/Ikigo nderabuzima",0,0,,,,93.4768661971831
236,208,4,5,2,1,1,10,"Amasoko",0,1,,,,93.4768661971831
236,208,4,5,2,1,1,13,"Ibigo by!imari iciriritse",0,20,,,,93.4768661971831
236,208,4,5,2,1,1,6,"Amavuriro y!igenga",0,20,,,,93.4768661971831
236,208,4,5,2,1,1,16,"Aho abantu babonera Internet",0,20,,,,93.4768661971831
236,208,4,5,2,1,1,18,"Aho bajya inama bakanatanga serivisi z!ubuhinzi",0,20,,,,93.4768661971831
236,208,4,5,2,1,1,8,"Poste de sante cg Farumasi",0,20,,,,93.4768661971831
236,208,4,5,2,1,1,21,"Ipompo izamura amazi ikoresha amashanyarazi",0,88,,,,93.4768661971831
237,209,5,1,2,1,1,11,"Amakusanyirizo y!amata",0,11,,,,75.9446417910448
237,209,5,1,2,1,1,12,"Amashami ya Banki",0,11,,,,75.9446417910448
237,209,5,1,2,1,1,21,"Ipompo izamura amazi ikoresha amashanyarazi",0,3,,,,75.9446417910448
237,209,5,1,2,1,1,15,"Ibiro by!iposita",0,15,,,,75.9446417910448
237,209,5,1,2,1,1,9,"Ibitaro",0,15,,,,75.9446417910448
237,209,5,1,2,1,1,20,"Aho basharija/bakora telefoni",0,4,,,,75.9446417910448
237,209,5,1,2,1,1,23,"Ibiro by!ibigo bya Leta bitanga amashanyarazi",0,6,,,,75.9446417910448
237,209,5,1,2,1,1,13,"Ibigo by!imari iciriritse",0,11,,,,75.9446417910448
237,209,5,1,2,1,1,22,"Kiliziya/Umusigiti/Urusengero",1,,1996,1,1,75.9446417910448
237,209,5,1,2,1,1,6,"Amavuriro y!igenga",0,10,,,,75.9446417910448
237,209,5,1,2,1,1,16,"Aho abantu babonera Internet",1,,2022,2,1,75.9446417910448
237,209,5,1,2,1,1,1,"Ibigo by!amashuri y!incuke",0,4,,,,75.9446417910448
237,209,5,1,2,1,1,4,"Ikigo cy!amashuri y!imyuga  (TVET)",0,6,,,,75.9446417910448
237,209,5,1,2,1,1,5,"Aho bategera Bus",0,11,,,,75.9446417910448
237,209,5,1,2,1,1,8,"Poste de sante cg Farumasi",0,11,,,,75.9446417910448
237,209,5,1,2,1,1,14,"Poste ya polisi",0,6,,,,75.9446417910448
237,209,5,1,2,1,1,7,"Amavuriro ya Leta/Ikigo nderabuzima",0,4,,,,75.9446417910448
237,209,5,1,2,1,1,17,"Imiryango itari ibigo by!imari itari iya leta",0,15,,,,75.9446417910448
237,209,5,1,2,1,1,18,"Aho bajya inama bakanatanga serivisi z!ubuhinzi",0,15,,,,75.9446417910448
237,209,5,1,2,1,1,3,"Ibigo by!amashuri yisumbuye",1,,2012,2,1,75.9446417910448
237,209,5,1,2,1,1,2,"Ibigo by!amashuri yibanza",1,,1952,2,1,75.9446417910448
237,209,5,1,2,1,1,19,"Insyo/amabarizo/aho bakora amavuta ateka",1,,2019,1,1,75.9446417910448
237,209,5,1,2,1,1,10,"Amasoko",0,4,,,,75.9446417910448
238,210,5,1,1,1,1,3,"Ibigo by!amashuri yisumbuye",1,,888,1,1,20.0439647058824
238,210,5,1,1,1,1,1,"Ibigo by!amashuri y!incuke",1,,2008,1,1,20.0439647058824
238,210,5,1,1,1,1,23,"Ibiro by!ibigo bya Leta bitanga amashanyarazi",0,10,,,,20.0439647058824
238,210,5,1,1,1,1,22,"Kiliziya/Umusigiti/Urusengero",4,,888,1,1,20.0439647058824
238,210,5,1,1,1,1,13,"Ibigo by!imari iciriritse",2,,2002,1,1,20.0439647058824
238,210,5,1,1,1,1,10,"Amasoko",1,,2000,1,1,20.0439647058824
238,210,5,1,1,1,1,4,"Ikigo cy!amashuri y!imyuga  (TVET)",0,5,,,,20.0439647058824
238,210,5,1,1,1,1,20,"Aho basharija/bakora telefoni",1,,888,1,1,20.0439647058824
238,210,5,1,1,1,1,7,"Amavuriro ya Leta/Ikigo nderabuzima",1,,888,1,1,20.0439647058824
238,210,5,1,1,1,1,9,"Ibitaro",0,8,,,,20.0439647058824
238,210,5,1,1,1,1,5,"Aho bategera Bus",1,,2009,3,,20.0439647058824
238,210,5,1,1,1,1,2,"Ibigo by!amashuri yibanza",1,,2008,1,1,20.0439647058824
238,210,5,1,1,1,1,19,"Insyo/amabarizo/aho bakora amavuta ateka",0,0,,,,20.0439647058824
238,210,5,1,1,1,1,21,"Ipompo izamura amazi ikoresha amashanyarazi",0,0,,,,20.0439647058824
238,210,5,1,1,1,1,12,"Amashami ya Banki",2,,2018,1,1,20.0439647058824
238,210,5,1,1,1,1,8,"Poste de sante cg Farumasi",2,,888,1,1,20.0439647058824
238,210,5,1,1,1,1,17,"Imiryango itari ibigo by!imari itari iya leta",1,,2000,1,1,20.0439647058824
238,210,5,1,1,1,1,18,"Aho bajya inama bakanatanga serivisi z!ubuhinzi",1,,2015,1,1,20.0439647058824
238,210,5,1,1,1,1,15,"Ibiro by!iposita",0,12,,,,20.0439647058824
238,210,5,1,1,1,1,14,"Poste ya polisi",1,,2000,1,1,20.0439647058824
238,210,5,1,1,1,1,16,"Aho abantu babonera Internet",2,,888,1,1,20.0439647058824
238,210,5,1,1,1,1,11,"Amakusanyirizo y!amata",0,12,,,,20.0439647058824
238,210,5,1,1,1,1,6,"Amavuriro y!igenga",1,,2018,1,1,20.0439647058824
239,211,5,1,1,1,1,16,"Aho abantu babonera Internet",0,1,,,,4.94822621359223
239,211,5,1,1,1,1,13,"Ibigo by!imari iciriritse",0,0,,,,4.94822621359223
239,211,5,1,1,1,1,4,"Ikigo cy!amashuri y!imyuga  (TVET)",0,0,,,,4.94822621359223
239,211,5,1,1,1,1,2,"Ibigo by!amashuri yibanza",0,0,,,,4.94822621359223
239,211,5,1,1,1,1,15,"Ibiro by!iposita",0,0,,,,4.94822621359223
239,211,5,1,1,1,1,5,"Aho bategera Bus",0,1,,,,4.94822621359223
239,211,5,1,1,1,1,17,"Imiryango itari ibigo by!imari itari iya leta",0,1,,,,4.94822621359223
239,211,5,1,1,1,1,21,"Ipompo izamura amazi ikoresha amashanyarazi",0,6,,,,4.94822621359223
239,211,5,1,1,1,1,3,"Ibigo by!amashuri yisumbuye",0,0,,,,4.94822621359223
239,211,5,1,1,1,1,1,"Ibigo by!amashuri y!incuke",0,1,,,,4.94822621359223
239,211,5,1,1,1,1,22,"Kiliziya/Umusigiti/Urusengero",0,0,,,,4.94822621359223
239,211,5,1,1,1,1,11,"Amakusanyirizo y!amata",0,1,,,,4.94822621359223
239,211,5,1,1,1,1,9,"Ibitaro",0,1,,,,4.94822621359223
239,211,5,1,1,1,1,14,"Poste ya polisi",0,1,,,,4.94822621359223
239,211,5,1,1,1,1,18,"Aho bajya inama bakanatanga serivisi z!ubuhinzi",0,0,,,,4.94822621359223
239,211,5,1,1,1,1,8,"Poste de sante cg Farumasi",0,0,,,,4.94822621359223
239,211,5,1,1,1,1,20,"Aho basharija/bakora telefoni",0,0,,,,4.94822621359223
239,211,5,1,1,1,1,19,"Insyo/amabarizo/aho bakora amavuta ateka",2,,2017,1,1,4.94822621359223
239,211,5,1,1,1,1,7,"Amavuriro ya Leta/Ikigo nderabuzima",0,1,,,,4.94822621359223
239,211,5,1,1,1,1,6,"Amavuriro y!igenga",1,,2017,1,1,4.94822621359223
239,211,5,1,1,1,1,10,"Amasoko",0,5,,,,4.94822621359223
239,211,5,1,1,1,1,23,"Ibiro by!ibigo bya Leta bitanga amashanyarazi",0,1,,,,4.94822621359223
239,211,5,1,1,1,1,12,"Amashami ya Banki",0,0,,,,4.94822621359223
240,212,5,1,1,1,1,12,"Amashami ya Banki",0,4,,,,14.4773126760563
240,212,5,1,1,1,1,16,"Aho abantu babonera Internet",0,3,,,,14.4773126760563
240,212,5,1,1,1,1,18,"Aho bajya inama bakanatanga serivisi z!ubuhinzi",0,5,,,,14.4773126760563
240,212,5,1,1,1,1,17,"Imiryango itari ibigo by!imari itari iya leta",0,4,,,,14.4773126760563
240,212,5,1,1,1,1,11,"Amakusanyirizo y!amata",0,4,,,,14.4773126760563
240,212,5,1,1,1,1,7,"Amavuriro ya Leta/Ikigo nderabuzima",0,3,,,,14.4773126760563
240,212,5,1,1,1,1,22,"Kiliziya/Umusigiti/Urusengero",0,2,,,,14.4773126760563
240,212,5,1,1,1,1,5,"Aho bategera Bus",0,3,,,,14.4773126760563
240,212,5,1,1,1,1,15,"Ibiro by!iposita",0,5,,,,14.4773126760563
240,212,5,1,1,1,1,4,"Ikigo cy!amashuri y!imyuga  (TVET)",0,2,,,,14.4773126760563
240,212,5,1,1,1,1,20,"Aho basharija/bakora telefoni",0,3,,,,14.4773126760563
240,212,5,1,1,1,1,23,"Ibiro by!ibigo bya Leta bitanga amashanyarazi",0,3,,,,14.4773126760563
240,212,5,1,1,1,1,2,"Ibigo by!amashuri yibanza",0,2,,,,14.4773126760563
240,212,5,1,1,1,1,8,"Poste de sante cg Farumasi",0,3,,,,14.4773126760563
240,212,5,1,1,1,1,6,"Amavuriro y!igenga",0,4,,,,14.4773126760563
240,212,5,1,1,1,1,19,"Insyo/amabarizo/aho bakora amavuta ateka",0,1,,,,14.4773126760563
240,212,5,1,1,1,1,10,"Amasoko",0,5,,,,14.4773126760563
240,212,5,1,1,1,1,1,"Ibigo by!amashuri y!incuke",1,,2021,1,1,14.4773126760563
240,212,5,1,1,1,1,21,"Ipompo izamura amazi ikoresha amashanyarazi",0,10,,,,14.4773126760563
240,212,5,1,1,1,1,9,"Ibitaro",0,3,,,,14.4773126760563
240,212,5,1,1,1,1,3,"Ibigo by!amashuri yisumbuye",0,2,,,,14.4773126760563
240,212,5,1,1,1,1,13,"Ibigo by!imari iciriritse",0,4,,,,14.4773126760563
240,212,5,1,1,1,1,14,"Poste ya polisi",0,4,,,,14.4773126760563
241,213,5,1,2,1,1,14,"Poste ya polisi",0,14,,,,119.70275862069
241,213,5,1,2,1,1,11,"Amakusanyirizo y!amata",0,2,,,,119.70275862069
241,213,5,1,2,1,1,20,"Aho basharija/bakora telefoni",0,14,,,,119.70275862069
241,213,5,1,2,1,1,4,"Ikigo cy!amashuri y!imyuga  (TVET)",0,14,,,,119.70275862069
241,213,5,1,2,1,1,15,"Ibiro by!iposita",0,14,,,,119.70275862069
241,213,5,1,2,1,1,12,"Amashami ya Banki",0,14,,,,119.70275862069
241,213,5,1,2,1,1,9,"Ibitaro",0,14,,,,119.70275862069
241,213,5,1,2,1,1,18,"Aho bajya inama bakanatanga serivisi z!ubuhinzi",0,14,,,,119.70275862069
241,213,5,1,2,1,1,7,"Amavuriro ya Leta/Ikigo nderabuzima",0,2,,,,119.70275862069
241,213,5,1,2,1,1,21,"Ipompo izamura amazi ikoresha amashanyarazi",0,2,,,,119.70275862069
241,213,5,1,2,1,1,1,"Ibigo by!amashuri y!incuke",0,2,,,,119.70275862069
241,213,5,1,2,1,1,19,"Insyo/amabarizo/aho bakora amavuta ateka",0,20,,,,119.70275862069
241,213,5,1,2,1,1,23,"Ibiro by!ibigo bya Leta bitanga amashanyarazi",0,15,,,,119.70275862069
241,213,5,1,2,1,1,3,"Ibigo by!amashuri yisumbuye",0,4,,,,119.70275862069
241,213,5,1,2,1,1,5,"Aho bategera Bus",0,14,,,,119.70275862069
241,213,5,1,2,1,1,8,"Poste de sante cg Farumasi",0,4,,,,119.70275862069
241,213,5,1,2,1,1,2,"Ibigo by!amashuri yibanza",0,2,,,,119.70275862069
241,213,5,1,2,1,1,17,"Imiryango itari ibigo by!imari itari iya leta",0,1,,,,119.70275862069
241,213,5,1,2,1,1,6,"Amavuriro y!igenga",0,14,,,,119.70275862069
241,213,5,1,2,1,1,13,"Ibigo by!imari iciriritse",0,1,,,,119.70275862069
241,213,5,1,2,1,1,16,"Aho abantu babonera Internet",0,1,,,,119.70275862069
241,213,5,1,2,1,1,10,"Amasoko",0,3,,,,119.70275862069
241,213,5,1,2,1,1,22,"Kiliziya/Umusigiti/Urusengero",1,,1943,1,1,119.70275862069
242,214,5,1,2,1,1,15,"Ibiro by!iposita",0,4,,,,110.882382978723
242,214,5,1,2,1,1,13,"Ibigo by!imari iciriritse",0,4,,,,110.882382978723
242,214,5,1,2,1,1,17,"Imiryango itari ibigo by!imari itari iya leta",0,4,,,,110.882382978723
242,214,5,1,2,1,1,4,"Ikigo cy!amashuri y!imyuga  (TVET)",0,4,,,,110.882382978723
242,214,5,1,2,1,1,18,"Aho bajya inama bakanatanga serivisi z!ubuhinzi",0,5,,,,110.882382978723
242,214,5,1,2,1,1,6,"Amavuriro y!igenga",0,4,,,,110.882382978723
242,214,5,1,2,1,1,22,"Kiliziya/Umusigiti/Urusengero",0,2,,,,110.882382978723
242,214,5,1,2,1,1,14,"Poste ya polisi",0,4,,,,110.882382978723
242,214,5,1,2,1,1,11,"Amakusanyirizo y!amata",0,4,,,,110.882382978723
242,214,5,1,2,1,1,5,"Aho bategera Bus",0,2,,,,110.882382978723
242,214,5,1,2,1,1,8,"Poste de sante cg Farumasi",0,3,,,,110.882382978723
242,214,5,1,2,1,1,23,"Ibiro by!ibigo bya Leta bitanga amashanyarazi",0,4,,,,110.882382978723
242,214,5,1,2,1,1,21,"Ipompo izamura amazi ikoresha amashanyarazi",0,1,,,,110.882382978723
242,214,5,1,2,1,1,10,"Amasoko",0,4,,,,110.882382978723
242,214,5,1,2,1,1,1,"Ibigo by!amashuri y!incuke",0,3,,,,110.882382978723
242,214,5,1,2,1,1,19,"Insyo/amabarizo/aho bakora amavuta ateka",0,4,,,,110.882382978723
242,214,5,1,2,1,1,20,"Aho basharija/bakora telefoni",0,3,,,,110.882382978723
242,214,5,1,2,1,1,3,"Ibigo by!amashuri yisumbuye",0,3,,,,110.882382978723
242,214,5,1,2,1,1,9,"Ibitaro",0,5,,,,110.882382978723
242,214,5,1,2,1,1,2,"Ibigo by!amashuri yibanza",0,3,,,,110.882382978723
242,214,5,1,2,1,1,7,"Amavuriro ya Leta/Ikigo nderabuzima",0,5,,,,110.882382978723
242,214,5,1,2,1,1,12,"Amashami ya Banki",0,4,,,,110.882382978723
242,214,5,1,2,1,1,16,"Aho abantu babonera Internet",0,0,,,,110.882382978723
243,215,5,2,2,1,1,8,"Poste de sante cg Farumasi",0,1,,,,119.53393373494
243,215,5,2,2,1,1,7,"Amavuriro ya Leta/Ikigo nderabuzima",0,6,,,,119.53393373494
243,215,5,2,2,1,1,1,"Ibigo by!amashuri y!incuke",0,0,,,,119.53393373494
243,215,5,2,2,1,1,16,"Aho abantu babonera Internet",2,,2019,1,1,119.53393373494
243,215,5,2,2,1,1,13,"Ibigo by!imari iciriritse",0,1,,,,119.53393373494
243,215,5,2,2,1,1,15,"Ibiro by!iposita",0,38,,,,119.53393373494
243,215,5,2,2,1,1,5,"Aho bategera Bus",0,6,,,,119.53393373494
243,215,5,2,2,1,1,14,"Poste ya polisi",0,3,,,,119.53393373494
243,215,5,2,2,1,1,12,"Amashami ya Banki",0,6,,,,119.53393373494
243,215,5,2,2,1,1,11,"Amakusanyirizo y!amata",0,6,,,,119.53393373494
243,215,5,2,2,1,1,19,"Insyo/amabarizo/aho bakora amavuta ateka",0,2,,,,119.53393373494
243,215,5,2,2,1,1,21,"Ipompo izamura amazi ikoresha amashanyarazi",0,1,,,,119.53393373494
243,215,5,2,2,1,1,2,"Ibigo by!amashuri yibanza",0,0,,,,119.53393373494
243,215,5,2,2,1,1,22,"Kiliziya/Umusigiti/Urusengero",3,,2000,1,1,119.53393373494
243,215,5,2,2,1,1,18,"Aho bajya inama bakanatanga serivisi z!ubuhinzi",0,3,,,,119.53393373494
243,215,5,2,2,1,1,10,"Amasoko",1,,2021,3,,119.53393373494
243,215,5,2,2,1,1,9,"Ibitaro",1,,2019,1,1,119.53393373494
243,215,5,2,2,1,1,3,"Ibigo by!amashuri yisumbuye",0,0,,,,119.53393373494
243,215,5,2,2,1,1,6,"Amavuriro y!igenga",0,6,,,,119.53393373494
243,215,5,2,2,1,1,17,"Imiryango itari ibigo by!imari itari iya leta",0,3,,,,119.53393373494
243,215,5,2,2,1,1,4,"Ikigo cy!amashuri y!imyuga  (TVET)",0,14,,,,119.53393373494
243,215,5,2,2,1,1,20,"Aho basharija/bakora telefoni",0,6,,,,119.53393373494
243,215,5,2,2,1,1,23,"Ibiro by!ibigo bya Leta bitanga amashanyarazi",0,38,,,,119.53393373494
244,216,5,2,2,1,1,20,"Aho basharija/bakora telefoni",2,,2021,1,3,50.6682119205298
244,216,5,2,2,1,1,15,"Ibiro by!iposita",0,50,,,,50.6682119205298
244,216,5,2,2,1,1,5,"Aho bategera Bus",0,15,,,,50.6682119205298
244,216,5,2,2,1,1,8,"Poste de sante cg Farumasi",0,8,,,,50.6682119205298
244,216,5,2,2,1,1,17,"Imiryango itari ibigo by!imari itari iya leta",0,50,,,,50.6682119205298
244,216,5,2,2,1,1,12,"Amashami ya Banki",0,17,,,,50.6682119205298
244,216,5,2,2,1,1,2,"Ibigo by!amashuri yibanza",1,,2000,1,3,50.6682119205298
244,216,5,2,2,1,1,23,"Ibiro by!ibigo bya Leta bitanga amashanyarazi",0,50,,,,50.6682119205298
244,216,5,2,2,1,1,16,"Aho abantu babonera Internet",0,8,,,,50.6682119205298
244,216,5,2,2,1,1,6,"Amavuriro y!igenga",0,15,,,,50.6682119205298
244,216,5,2,2,1,1,9,"Ibitaro",0,50,,,,50.6682119205298
244,216,5,2,2,1,1,18,"Aho bajya inama bakanatanga serivisi z!ubuhinzi",0,15,,,,50.6682119205298
244,216,5,2,2,1,1,7,"Amavuriro ya Leta/Ikigo nderabuzima",0,10,,,,50.6682119205298
244,216,5,2,2,1,1,13,"Ibigo by!imari iciriritse",0,17,,,,50.6682119205298
244,216,5,2,2,1,1,3,"Ibigo by!amashuri yisumbuye",1,,2009,1,3,50.6682119205298
244,216,5,2,2,1,1,22,"Kiliziya/Umusigiti/Urusengero",6,,2000,2,3,50.6682119205298
244,216,5,2,2,1,1,4,"Ikigo cy!amashuri y!imyuga  (TVET)",0,50,,,,50.6682119205298
244,216,5,2,2,1,1,10,"Amasoko",0,6,,,,50.6682119205298
244,216,5,2,2,1,1,1,"Ibigo by!amashuri y!incuke",1,,2017,3,,50.6682119205298
244,216,5,2,2,1,1,19,"Insyo/amabarizo/aho bakora amavuta ateka",3,,2016,1,4,50.6682119205298
244,216,5,2,2,1,1,14,"Poste ya polisi",0,17,,,,50.6682119205298
244,216,5,2,2,1,1,11,"Amakusanyirizo y!amata",0,10,,,,50.6682119205298
244,216,5,2,2,1,1,21,"Ipompo izamura amazi ikoresha amashanyarazi",0,50,,,,50.6682119205298
245,217,5,2,1,1,1,21,"Ipompo izamura amazi ikoresha amashanyarazi",0,9,,,,15.1000164383562
245,217,5,2,1,1,1,15,"Ibiro by!iposita",0,45,,,,15.1000164383562
245,217,5,2,1,1,1,20,"Aho basharija/bakora telefoni",3,,2012,1,1,15.1000164383562
245,217,5,2,1,1,1,13,"Ibigo by!imari iciriritse",0,0,,,,15.1000164383562
245,217,5,2,1,1,1,18,"Aho bajya inama bakanatanga serivisi z!ubuhinzi",0,2,,,,15.1000164383562
245,217,5,2,1,1,1,10,"Amasoko",0,0,,,,15.1000164383562
245,217,5,2,1,1,1,6,"Amavuriro y!igenga",1,,1998,1,1,15.1000164383562
245,217,5,2,1,1,1,9,"Ibitaro",0,42,,,,15.1000164383562
245,217,5,2,1,1,1,1,"Ibigo by!amashuri y!incuke",1,,2005,1,1,15.1000164383562
245,217,5,2,1,1,1,4,"Ikigo cy!amashuri y!imyuga  (TVET)",0,1,,,,15.1000164383562
245,217,5,2,1,1,1,23,"Ibiro by!ibigo bya Leta bitanga amashanyarazi",0,42,,,,15.1000164383562
245,217,5,2,1,1,1,7,"Amavuriro ya Leta/Ikigo nderabuzima",0,2,,,,15.1000164383562
245,217,5,2,1,1,1,16,"Aho abantu babonera Internet",1,,2021,1,1,15.1000164383562
245,217,5,2,1,1,1,8,"Poste de sante cg Farumasi",0,0,,,,15.1000164383562
245,217,5,2,1,1,1,2,"Ibigo by!amashuri yibanza",1,,2005,1,1,15.1000164383562
245,217,5,2,1,1,1,22,"Kiliziya/Umusigiti/Urusengero",1,,1999,1,1,15.1000164383562
245,217,5,2,1,1,1,19,"Insyo/amabarizo/aho bakora amavuta ateka",2,,2007,1,1,15.1000164383562
245,217,5,2,1,1,1,14,"Poste ya polisi",0,1,,,,15.1000164383562
245,217,5,2,1,1,1,3,"Ibigo by!amashuri yisumbuye",0,1,,,,15.1000164383562
245,217,5,2,1,1,1,17,"Imiryango itari ibigo by!imari itari iya leta",0,2,,,,15.1000164383562
245,217,5,2,1,1,1,5,"Aho bategera Bus",1,,1998,3,,15.1000164383562
245,217,5,2,1,1,1,11,"Amakusanyirizo y!amata",0,0,,,,15.1000164383562
245,217,5,2,1,1,1,12,"Amashami ya Banki",1,,1996,1,1,15.1000164383562
246,218,5,2,2,1,1,13,"Ibigo by!imari iciriritse",0,3,,,,235.364968421053
246,218,5,2,2,1,1,19,"Insyo/amabarizo/aho bakora amavuta ateka",0,0,,,,235.364968421053
246,218,5,2,2,1,1,18,"Aho bajya inama bakanatanga serivisi z!ubuhinzi",0,25,,,,235.364968421053
246,218,5,2,2,1,1,9,"Ibitaro",0,25,,,,235.364968421053
246,218,5,2,2,1,1,6,"Amavuriro y!igenga",0,3,,,,235.364968421053
246,218,5,2,2,1,1,4,"Ikigo cy!amashuri y!imyuga  (TVET)",0,10,,,,235.364968421053
246,218,5,2,2,1,1,1,"Ibigo by!amashuri y!incuke",0,1,,,,235.364968421053
246,218,5,2,2,1,1,11,"Amakusanyirizo y!amata",0,10,,,,235.364968421053
246,218,5,2,2,1,1,5,"Aho bategera Bus",0,0,,,,235.364968421053
246,218,5,2,2,1,1,14,"Poste ya polisi",0,3,,,,235.364968421053
246,218,5,2,2,1,1,2,"Ibigo by!amashuri yibanza",0,1,,,,235.364968421053
246,218,5,2,2,1,1,12,"Amashami ya Banki",0,3,,,,235.364968421053
246,218,5,2,2,1,1,23,"Ibiro by!ibigo bya Leta bitanga amashanyarazi",0,25,,,,235.364968421053
246,218,5,2,2,1,1,8,"Poste de sante cg Farumasi",0,1,,,,235.364968421053
246,218,5,2,2,1,1,15,"Ibiro by!iposita",0,25,,,,235.364968421053
246,218,5,2,2,1,1,10,"Amasoko",0,3,,,,235.364968421053
246,218,5,2,2,1,1,16,"Aho abantu babonera Internet",0,3,,,,235.364968421053
246,218,5,2,2,1,1,7,"Amavuriro ya Leta/Ikigo nderabuzima",0,3,,,,235.364968421053
246,218,5,2,2,1,1,3,"Ibigo by!amashuri yisumbuye",0,1,,,,235.364968421053
246,218,5,2,2,1,1,17,"Imiryango itari ibigo by!imari itari iya leta",0,25,,,,235.364968421053
246,218,5,2,2,1,1,20,"Aho basharija/bakora telefoni",0,1,,,,235.364968421053
246,218,5,2,2,1,1,22,"Kiliziya/Umusigiti/Urusengero",0,0,,,,235.364968421053
246,218,5,2,2,1,1,21,"Ipompo izamura amazi ikoresha amashanyarazi",0,40,,,,235.364968421053
247,219,5,2,1,1,1,22,"Kiliziya/Umusigiti/Urusengero",1,,2009,1,1,5.48210979228487
247,219,5,2,1,1,1,23,"Ibiro by!ibigo bya Leta bitanga amashanyarazi",0,4,,,,5.48210979228487
247,219,5,2,1,1,1,15,"Ibiro by!iposita",0,2,,,,5.48210979228487
247,219,5,2,1,1,1,1,"Ibigo by!amashuri y!incuke",1,,2010,1,1,5.48210979228487
247,219,5,2,1,1,1,17,"Imiryango itari ibigo by!imari itari iya leta",0,2,,,,5.48210979228487
247,219,5,2,1,1,1,16,"Aho abantu babonera Internet",0,2,,,,5.48210979228487
247,219,5,2,1,1,1,19,"Insyo/amabarizo/aho bakora amavuta ateka",2,,2004,1,1,5.48210979228487
247,219,5,2,1,1,1,6,"Amavuriro y!igenga",0,2,,,,5.48210979228487
247,219,5,2,1,1,1,13,"Ibigo by!imari iciriritse",0,2,,,,5.48210979228487
247,219,5,2,1,1,1,4,"Ikigo cy!amashuri y!imyuga  (TVET)",0,1,,,,5.48210979228487
247,219,5,2,1,1,1,10,"Amasoko",0,2,,,,5.48210979228487
247,219,5,2,1,1,1,11,"Amakusanyirizo y!amata",0,3,,,,5.48210979228487
247,219,5,2,1,1,1,12,"Amashami ya Banki",0,2,,,,5.48210979228487
247,219,5,2,1,1,1,3,"Ibigo by!amashuri yisumbuye",0,0,,,,5.48210979228487
247,219,5,2,1,1,1,20,"Aho basharija/bakora telefoni",0,2,,,,5.48210979228487
247,219,5,2,1,1,1,7,"Amavuriro ya Leta/Ikigo nderabuzima",0,2,,,,5.48210979228487
247,219,5,2,1,1,1,5,"Aho bategera Bus",0,2,,,,5.48210979228487
247,219,5,2,1,1,1,2,"Ibigo by!amashuri yibanza",0,0,,,,5.48210979228487
247,219,5,2,1,1,1,18,"Aho bajya inama bakanatanga serivisi z!ubuhinzi",0,1,,,,5.48210979228487
247,219,5,2,1,1,1,8,"Poste de sante cg Farumasi",0,2,,,,5.48210979228487
247,219,5,2,1,1,1,9,"Ibitaro",0,2,,,,5.48210979228487
247,219,5,2,1,1,1,14,"Poste ya polisi",0,1,,,,5.48210979228487
247,219,5,2,1,1,1,21,"Ipompo izamura amazi ikoresha amashanyarazi",0,5,,,,5.48210979228487
248,220,5,2,2,1,1,14,"Poste ya polisi",0,6,,,,117.7655625
248,220,5,2,2,1,1,22,"Kiliziya/Umusigiti/Urusengero",0,1,,,,117.7655625
248,220,5,2,2,1,1,4,"Ikigo cy!amashuri y!imyuga  (TVET)",0,15,,,,117.7655625
248,220,5,2,2,1,1,2,"Ibigo by!amashuri yibanza",0,1,,,,117.7655625
248,220,5,2,2,1,1,20,"Aho basharija/bakora telefoni",0,2,,,,117.7655625
248,220,5,2,2,1,1,12,"Amashami ya Banki",0,10,,,,117.7655625
248,220,5,2,2,1,1,1,"Ibigo by!amashuri y!incuke",0,1,,,,117.7655625
248,220,5,2,2,1,1,23,"Ibiro by!ibigo bya Leta bitanga amashanyarazi",0,15,,,,117.7655625
248,220,5,2,2,1,1,9,"Ibitaro",0,15,,,,117.7655625
248,220,5,2,2,1,1,21,"Ipompo izamura amazi ikoresha amashanyarazi",0,0,,,,117.7655625
248,220,5,2,2,1,1,11,"Amakusanyirizo y!amata",0,6,,,,117.7655625
248,220,5,2,2,1,1,5,"Aho bategera Bus",0,2,,,,117.7655625
248,220,5,2,2,1,1,3,"Ibigo by!amashuri yisumbuye",0,1,,,,117.7655625
248,220,5,2,2,1,1,15,"Ibiro by!iposita",0,15,,,,117.7655625
248,220,5,2,2,1,1,19,"Insyo/amabarizo/aho bakora amavuta ateka",0,1,,,,117.7655625
248,220,5,2,2,1,1,10,"Amasoko",0,9,,,,117.7655625
248,220,5,2,2,1,1,8,"Poste de sante cg Farumasi",0,2,,,,117.7655625
248,220,5,2,2,1,1,6,"Amavuriro y!igenga",0,15,,,,117.7655625
248,220,5,2,2,1,1,7,"Amavuriro ya Leta/Ikigo nderabuzima",0,1,,,,117.7655625
248,220,5,2,2,1,1,13,"Ibigo by!imari iciriritse",0,1,,,,117.7655625
248,220,5,2,2,1,1,18,"Aho bajya inama bakanatanga serivisi z!ubuhinzi",0,2,,,,117.7655625
248,220,5,2,2,1,1,17,"Imiryango itari ibigo by!imari itari iya leta",0,15,,,,117.7655625
248,220,5,2,2,1,1,16,"Aho abantu babonera Internet",0,1,,,,117.7655625
249,221,5,2,1,1,1,8,"Poste de sante cg Farumasi",3,,2021,1,1,8.0922816
249,221,5,2,1,1,1,19,"Insyo/amabarizo/aho bakora amavuta ateka",0,0,,,,8.0922816
249,221,5,2,1,1,1,4,"Ikigo cy!amashuri y!imyuga  (TVET)",0,0,,,,8.0922816
249,221,5,2,1,1,1,23,"Ibiro by!ibigo bya Leta bitanga amashanyarazi",0,0,,,,8.0922816
249,221,5,2,1,1,1,11,"Amakusanyirizo y!amata",2,,1981,1,1,8.0922816
249,221,5,2,1,1,1,13,"Ibigo by!imari iciriritse",5,,2010,1,1,8.0922816
249,221,5,2,1,1,1,18,"Aho bajya inama bakanatanga serivisi z!ubuhinzi",1,,1976,1,1,8.0922816
249,221,5,2,1,1,1,17,"Imiryango itari ibigo by!imari itari iya leta",0,0,,,,8.0922816
249,221,5,2,1,1,1,14,"Poste ya polisi",0,1,,,,8.0922816
249,221,5,2,1,1,1,1,"Ibigo by!amashuri y!incuke",1,,2009,1,1,8.0922816
249,221,5,2,1,1,1,6,"Amavuriro y!igenga",0,0,,,,8.0922816
249,221,5,2,1,1,1,10,"Amasoko",0,0,,,,8.0922816
249,221,5,2,1,1,1,7,"Amavuriro ya Leta/Ikigo nderabuzima",1,,2003,1,1,8.0922816
249,221,5,2,1,1,1,20,"Aho basharija/bakora telefoni",1,,2022,1,1,8.0922816
249,221,5,2,1,1,1,5,"Aho bategera Bus",0,0,,,,8.0922816
249,221,5,2,1,1,1,15,"Ibiro by!iposita",1,,1976,1,1,8.0922816
249,221,5,2,1,1,1,16,"Aho abantu babonera Internet",15,,2009,1,1,8.0922816
249,221,5,2,1,1,1,3,"Ibigo by!amashuri yisumbuye",1,,1954,1,1,8.0922816
249,221,5,2,1,1,1,22,"Kiliziya/Umusigiti/Urusengero",0,0,,,,8.0922816
249,221,5,2,1,1,1,2,"Ibigo by!amashuri yibanza",2,,1954,1,1,8.0922816
249,221,5,2,1,1,1,9,"Ibitaro",1,,1967,1,1,8.0922816
249,221,5,2,1,1,1,21,"Ipompo izamura amazi ikoresha amashanyarazi",4,,2015,1,4,8.0922816
249,221,5,2,1,1,1,12,"Amashami ya Banki",1,,1996,1,1,8.0922816
250,222,5,2,2,1,1,7,"Amavuriro ya Leta/Ikigo nderabuzima",0,10,,,,61.0949142857143
250,222,5,2,2,1,1,19,"Insyo/amabarizo/aho bakora amavuta ateka",0,7,,,,61.0949142857143
250,222,5,2,2,1,1,14,"Poste ya polisi",0,10,,,,61.0949142857143
250,222,5,2,2,1,1,12,"Amashami ya Banki",0,7,,,,61.0949142857143
250,222,5,2,2,1,1,16,"Aho abantu babonera Internet",0,7,,,,61.0949142857143
250,222,5,2,2,1,1,18,"Aho bajya inama bakanatanga serivisi z!ubuhinzi",0,20,,,,61.0949142857143
250,222,5,2,2,1,1,15,"Ibiro by!iposita",0,20,,,,61.0949142857143
250,222,5,2,2,1,1,4,"Ikigo cy!amashuri y!imyuga  (TVET)",0,7,,,,61.0949142857143
250,222,5,2,2,1,1,5,"Aho bategera Bus",0,5,,,,61.0949142857143
250,222,5,2,2,1,1,20,"Aho basharija/bakora telefoni",0,5,,,,61.0949142857143
250,222,5,2,2,1,1,23,"Ibiro by!ibigo bya Leta bitanga amashanyarazi",0,20,,,,61.0949142857143
250,222,5,2,2,1,1,10,"Amasoko",0,7,,,,61.0949142857143
250,222,5,2,2,1,1,11,"Amakusanyirizo y!amata",0,11,,,,61.0949142857143
250,222,5,2,2,1,1,9,"Ibitaro",0,20,,,,61.0949142857143
250,222,5,2,2,1,1,6,"Amavuriro y!igenga",0,10,,,,61.0949142857143
250,222,5,2,2,1,1,8,"Poste de sante cg Farumasi",0,5,,,,61.0949142857143
250,222,5,2,2,1,1,3,"Ibigo by!amashuri yisumbuye",0,5,,,,61.0949142857143
250,222,5,2,2,1,1,17,"Imiryango itari ibigo by!imari itari iya leta",0,20,,,,61.0949142857143
250,222,5,2,2,1,1,2,"Ibigo by!amashuri yibanza",0,5,,,,61.0949142857143
250,222,5,2,2,1,1,22,"Kiliziya/Umusigiti/Urusengero",2,,2006,3,,61.0949142857143
250,222,5,2,2,1,1,13,"Ibigo by!imari iciriritse",0,7,,,,61.0949142857143
250,222,5,2,2,1,1,21,"Ipompo izamura amazi ikoresha amashanyarazi",0,20,,,,61.0949142857143
250,222,5,2,2,1,1,1,"Ibigo by!amashuri y!incuke",0,5,,,,61.0949142857143
251,223,5,2,1,1,1,21,"Ipompo izamura amazi ikoresha amashanyarazi",0,30,,,,8.45871833333333
251,223,5,2,1,1,1,10,"Amasoko",0,0,,,,8.45871833333333
251,223,5,2,1,1,1,9,"Ibitaro",0,30,,,,8.45871833333333
251,223,5,2,1,1,1,3,"Ibigo by!amashuri yisumbuye",0,0,,,,8.45871833333333
251,223,5,2,1,1,1,17,"Imiryango itari ibigo by!imari itari iya leta",0,30,,,,8.45871833333333
251,223,5,2,1,1,1,18,"Aho bajya inama bakanatanga serivisi z!ubuhinzi",0,1,,,,8.45871833333333
251,223,5,2,1,1,1,1,"Ibigo by!amashuri y!incuke",2,,2003,1,1,8.45871833333333
251,223,5,2,1,1,1,2,"Ibigo by!amashuri yibanza",2,,2003,1,1,8.45871833333333
251,223,5,2,1,1,1,6,"Amavuriro y!igenga",0,3,,,,8.45871833333333
251,223,5,2,1,1,1,8,"Poste de sante cg Farumasi",1,,2007,1,1,8.45871833333333
251,223,5,2,1,1,1,11,"Amakusanyirizo y!amata",2,,2021,1,1,8.45871833333333
251,223,5,2,1,1,1,13,"Ibigo by!imari iciriritse",0,0,,,,8.45871833333333
251,223,5,2,1,1,1,20,"Aho basharija/bakora telefoni",0,1,,,,8.45871833333333
251,223,5,2,1,1,1,16,"Aho abantu babonera Internet",0,0,,,,8.45871833333333
251,223,5,2,1,1,1,19,"Insyo/amabarizo/aho bakora amavuta ateka",1,,2021,2,4,8.45871833333333
251,223,5,2,1,1,1,23,"Ibiro by!ibigo bya Leta bitanga amashanyarazi",0,30,,,,8.45871833333333
251,223,5,2,1,1,1,5,"Aho bategera Bus",0,0,,,,8.45871833333333
251,223,5,2,1,1,1,7,"Amavuriro ya Leta/Ikigo nderabuzima",0,3,,,,8.45871833333333
251,223,5,2,1,1,1,12,"Amashami ya Banki",0,0,,,,8.45871833333333
251,223,5,2,1,1,1,14,"Poste ya polisi",0,3,,,,8.45871833333333
251,223,5,2,1,1,1,4,"Ikigo cy!amashuri y!imyuga  (TVET)",0,1,,,,8.45871833333333
251,223,5,2,1,1,1,15,"Ibiro by!iposita",0,30,,,,8.45871833333333
251,223,5,2,1,1,1,22,"Kiliziya/Umusigiti/Urusengero",5,,2002,1,1,8.45871833333333
252,224,5,2,1,1,1,7,"Amavuriro ya Leta/Ikigo nderabuzima",0,5,,,,8.83617364864865
252,224,5,2,1,1,1,13,"Ibigo by!imari iciriritse",1,,2014,1,1,8.83617364864865
252,224,5,2,1,1,1,8,"Poste de sante cg Farumasi",1,,2021,1,3,8.83617364864865
252,224,5,2,1,1,1,5,"Aho bategera Bus",0,5,,,,8.83617364864865
252,224,5,2,1,1,1,12,"Amashami ya Banki",0,5,,,,8.83617364864865
252,224,5,2,1,1,1,2,"Ibigo by!amashuri yibanza",2,,2015,1,1,8.83617364864865
252,224,5,2,1,1,1,3,"Ibigo by!amashuri yisumbuye",0,5,,,,8.83617364864865
252,224,5,2,1,1,1,11,"Amakusanyirizo y!amata",0,1,,,,8.83617364864865
252,224,5,2,1,1,1,1,"Ibigo by!amashuri y!incuke",3,,2014,1,1,8.83617364864865
252,224,5,2,1,1,1,4,"Ikigo cy!amashuri y!imyuga  (TVET)",0,5,,,,8.83617364864865
252,224,5,2,1,1,1,18,"Aho bajya inama bakanatanga serivisi z!ubuhinzi",0,9,,,,8.83617364864865
252,224,5,2,1,1,1,19,"Insyo/amabarizo/aho bakora amavuta ateka",0,1,,,,8.83617364864865
252,224,5,2,1,1,1,14,"Poste ya polisi",0,6,,,,8.83617364864865
252,224,5,2,1,1,1,15,"Ibiro by!iposita",0,4,,,,8.83617364864865
252,224,5,2,1,1,1,17,"Imiryango itari ibigo by!imari itari iya leta",0,5,,,,8.83617364864865
252,224,5,2,1,1,1,9,"Ibitaro",0,5,,,,8.83617364864865
252,224,5,2,1,1,1,22,"Kiliziya/Umusigiti/Urusengero",1,,1999,1,1,8.83617364864865
252,224,5,2,1,1,1,10,"Amasoko",0,5,,,,8.83617364864865
252,224,5,2,1,1,1,23,"Ibiro by!ibigo bya Leta bitanga amashanyarazi",0,5,,,,8.83617364864865
252,224,5,2,1,1,1,16,"Aho abantu babonera Internet",1,,2022,1,1,8.83617364864865
252,224,5,2,1,1,1,21,"Ipompo izamura amazi ikoresha amashanyarazi",0,0,,,,8.83617364864865
252,224,5,2,1,1,1,20,"Aho basharija/bakora telefoni",0,5,,,,8.83617364864865
252,224,5,2,1,1,1,6,"Amavuriro y!igenga",0,5,,,,8.83617364864865
255,225,5,3,2,1,1,21,"Ipompo izamura amazi ikoresha amashanyarazi",0,43,,,,5.61932387096774
255,225,5,3,2,1,1,16,"Aho abantu babonera Internet",0,3,,,,5.61932387096774
255,225,5,3,2,1,1,14,"Poste ya polisi",1,,1996,1,1,5.61932387096774
255,225,5,3,2,1,1,12,"Amashami ya Banki",1,,1989,1,1,5.61932387096774
255,225,5,3,2,1,1,10,"Amasoko",0,0,,,,5.61932387096774
255,225,5,3,2,1,1,17,"Imiryango itari ibigo by!imari itari iya leta",0,15,,,,5.61932387096774
255,225,5,3,2,1,1,3,"Ibigo by!amashuri yisumbuye",0,2,,,,5.61932387096774
255,225,5,3,2,1,1,6,"Amavuriro y!igenga",0,10,,,,5.61932387096774
255,225,5,3,2,1,1,7,"Amavuriro ya Leta/Ikigo nderabuzima",0,3,,,,5.61932387096774
255,225,5,3,2,1,1,19,"Insyo/amabarizo/aho bakora amavuta ateka",0,1,,,,5.61932387096774
255,225,5,3,2,1,1,5,"Aho bategera Bus",0,5,,,,5.61932387096774
255,225,5,3,2,1,1,20,"Aho basharija/bakora telefoni",0,3,,,,5.61932387096774
255,225,5,3,2,1,1,4,"Ikigo cy!amashuri y!imyuga  (TVET)",0,3,,,,5.61932387096774
255,225,5,3,2,1,1,8,"Poste de sante cg Farumasi",0,3,,,,5.61932387096774
255,225,5,3,2,1,1,23,"Ibiro by!ibigo bya Leta bitanga amashanyarazi",0,15,,,,5.61932387096774
255,225,5,3,2,1,1,2,"Ibigo by!amashuri yibanza",0,1,,,,5.61932387096774
255,225,5,3,2,1,1,15,"Ibiro by!iposita",0,99,,,,5.61932387096774
255,225,5,3,2,1,1,22,"Kiliziya/Umusigiti/Urusengero",2,,2001,1,1,5.61932387096774
255,225,5,3,2,1,1,11,"Amakusanyirizo y!amata",0,3,,,,5.61932387096774
255,225,5,3,2,1,1,18,"Aho bajya inama bakanatanga serivisi z!ubuhinzi",0,15,,,,5.61932387096774
255,225,5,3,2,1,1,9,"Ibitaro",0,10,,,,5.61932387096774
255,225,5,3,2,1,1,13,"Ibigo by!imari iciriritse",0,2,,,,5.61932387096774
255,225,5,3,2,1,1,1,"Ibigo by!amashuri y!incuke",1,,2020,1,1,5.61932387096774
256,226,5,3,2,1,1,21,"Ipompo izamura amazi ikoresha amashanyarazi",0,2,,,,6.850405
256,226,5,3,2,1,1,16,"Aho abantu babonera Internet",0,15,,,,6.850405
256,226,5,3,2,1,1,1,"Ibigo by!amashuri y!incuke",3,,2018,3,,6.850405
256,226,5,3,2,1,1,10,"Amasoko",0,2,,,,6.850405
256,226,5,3,2,1,1,14,"Poste ya polisi",0,2,,,,6.850405
256,226,5,3,2,1,1,18,"Aho bajya inama bakanatanga serivisi z!ubuhinzi",0,15,,,,6.850405
256,226,5,3,2,1,1,17,"Imiryango itari ibigo by!imari itari iya leta",0,15,,,,6.850405
256,226,5,3,2,1,1,15,"Ibiro by!iposita",0,99,,,,6.850405
256,226,5,3,2,1,1,9,"Ibitaro",0,5,,,,6.850405
256,226,5,3,2,1,1,11,"Amakusanyirizo y!amata",1,,2021,1,1,6.850405
256,226,5,3,2,1,1,7,"Amavuriro ya Leta/Ikigo nderabuzima",0,4,,,,6.850405
256,226,5,3,2,1,1,4,"Ikigo cy!amashuri y!imyuga  (TVET)",0,3,,,,6.850405
256,226,5,3,2,1,1,3,"Ibigo by!amashuri yisumbuye",1,,2020,1,1,6.850405
256,226,5,3,2,1,1,5,"Aho bategera Bus",1,,2017,1,1,6.850405
256,226,5,3,2,1,1,20,"Aho basharija/bakora telefoni",2,,2016,1,1,6.850405
256,226,5,3,2,1,1,13,"Ibigo by!imari iciriritse",0,2,,,,6.850405
256,226,5,3,2,1,1,19,"Insyo/amabarizo/aho bakora amavuta ateka",0,2,,,,6.850405
256,226,5,3,2,1,1,6,"Amavuriro y!igenga",0,5,,,,6.850405
256,226,5,3,2,1,1,8,"Poste de sante cg Farumasi",1,,2017,1,1,6.850405
256,226,5,3,2,1,1,22,"Kiliziya/Umusigiti/Urusengero",2,,2014,1,1,6.850405
256,226,5,3,2,1,1,12,"Amashami ya Banki",0,2,,,,6.850405
256,226,5,3,2,1,1,2,"Ibigo by!amashuri yibanza",1,,2019,1,1,6.850405
256,226,5,3,2,1,1,23,"Ibiro by!ibigo bya Leta bitanga amashanyarazi",0,15,,,,6.850405
257,227,5,3,2,1,3,10,"Amasoko",1,,1962,1,1,10.336208
257,227,5,3,2,1,3,14,"Poste ya polisi",0,15,,,,10.336208
257,227,5,3,2,1,3,21,"Ipompo izamura amazi ikoresha amashanyarazi",0,25,,,,10.336208
257,227,5,3,2,1,3,9,"Ibitaro",0,15,,,,10.336208
257,227,5,3,2,1,3,19,"Insyo/amabarizo/aho bakora amavuta ateka",1,,2020,1,1,10.336208
257,227,5,3,2,1,3,22,"Kiliziya/Umusigiti/Urusengero",2,,1947,1,1,10.336208
257,227,5,3,2,1,3,3,"Ibigo by!amashuri yisumbuye",2,,1976,1,1,10.336208
257,227,5,3,2,1,3,17,"Imiryango itari ibigo by!imari itari iya leta",0,25,,,,10.336208
257,227,5,3,2,1,3,13,"Ibigo by!imari iciriritse",1,,2007,1,1,10.336208
257,227,5,3,2,1,3,7,"Amavuriro ya Leta/Ikigo nderabuzima",1,,1984,1,1,10.336208
257,227,5,3,2,1,3,23,"Ibiro by!ibigo bya Leta bitanga amashanyarazi",0,25,,,,10.336208
257,227,5,3,2,1,3,11,"Amakusanyirizo y!amata",1,,2012,1,1,10.336208
257,227,5,3,2,1,3,4,"Ikigo cy!amashuri y!imyuga  (TVET)",0,10,,,,10.336208
257,227,5,3,2,1,3,15,"Ibiro by!iposita",0,99,,,,10.336208
257,227,5,3,2,1,3,18,"Aho bajya inama bakanatanga serivisi z!ubuhinzi",1,,2012,1,1,10.336208
257,227,5,3,2,1,3,20,"Aho basharija/bakora telefoni",0,15,,,,10.336208
257,227,5,3,2,1,3,1,"Ibigo by!amashuri y!incuke",1,,2000,1,1,10.336208
257,227,5,3,2,1,3,2,"Ibigo by!amashuri yibanza",1,,1950,1,1,10.336208
257,227,5,3,2,1,3,5,"Aho bategera Bus",1,,2022,1,1,10.336208
257,227,5,3,2,1,3,16,"Aho abantu babonera Internet",0,25,,,,10.336208
257,227,5,3,2,1,3,12,"Amashami ya Banki",1,,1973,1,1,10.336208
257,227,5,3,2,1,3,6,"Amavuriro y!igenga",0,25,,,,10.336208
257,227,5,3,2,1,3,8,"Poste de sante cg Farumasi",0,12,,,,10.336208
258,228,5,3,2,1,1,12,"Amashami ya Banki",0,1,,,,137.657460869565
258,228,5,3,2,1,1,6,"Amavuriro y!igenga",0,3,,,,137.657460869565
258,228,5,3,2,1,1,4,"Ikigo cy!amashuri y!imyuga  (TVET)",0,0,,,,137.657460869565
258,228,5,3,2,1,1,22,"Kiliziya/Umusigiti/Urusengero",1,,1985,1,1,137.657460869565
258,228,5,3,2,1,1,16,"Aho abantu babonera Internet",0,3,,,,137.657460869565
258,228,5,3,2,1,1,7,"Amavuriro ya Leta/Ikigo nderabuzima",0,3,,,,137.657460869565
258,228,5,3,2,1,1,1,"Ibigo by!amashuri y!incuke",0,0,,,,137.657460869565
258,228,5,3,2,1,1,17,"Imiryango itari ibigo by!imari itari iya leta",0,3,,,,137.657460869565
258,228,5,3,2,1,1,10,"Amasoko",0,1,,,,137.657460869565
258,228,5,3,2,1,1,9,"Ibitaro",0,10,,,,137.657460869565
258,228,5,3,2,1,1,5,"Aho bategera Bus",0,3,,,,137.657460869565
258,228,5,3,2,1,1,2,"Ibigo by!amashuri yibanza",0,0,,,,137.657460869565
258,228,5,3,2,1,1,23,"Ibiro by!ibigo bya Leta bitanga amashanyarazi",0,3,,,,137.657460869565
258,228,5,3,2,1,1,11,"Amakusanyirizo y!amata",0,3,,,,137.657460869565
258,228,5,3,2,1,1,15,"Ibiro by!iposita",0,18,,,,137.657460869565
258,228,5,3,2,1,1,14,"Poste ya polisi",0,3,,,,137.657460869565
258,228,5,3,2,1,1,3,"Ibigo by!amashuri yisumbuye",0,1,,,,137.657460869565
258,228,5,3,2,1,1,18,"Aho bajya inama bakanatanga serivisi z!ubuhinzi",0,3,,,,137.657460869565
258,228,5,3,2,1,1,20,"Aho basharija/bakora telefoni",0,1,,,,137.657460869565
258,228,5,3,2,1,1,13,"Ibigo by!imari iciriritse",0,1,,,,137.657460869565
258,228,5,3,2,1,1,8,"Poste de sante cg Farumasi",0,3,,,,137.657460869565
258,228,5,3,2,1,1,21,"Ipompo izamura amazi ikoresha amashanyarazi",0,3,,,,137.657460869565
258,228,5,3,2,1,1,19,"Insyo/amabarizo/aho bakora amavuta ateka",18,,888,1,1,137.657460869565
259,229,5,3,2,1,2,3,"Ibigo by!amashuri yisumbuye",0,3,,,,8.26972446043165
259,229,5,3,2,1,2,19,"Insyo/amabarizo/aho bakora amavuta ateka",0,4,,,,8.26972446043165
259,229,5,3,2,1,2,10,"Amasoko",0,4,,,,8.26972446043165
259,229,5,3,2,1,2,20,"Aho basharija/bakora telefoni",0,4,,,,8.26972446043165
259,229,5,3,2,1,2,18,"Aho bajya inama bakanatanga serivisi z!ubuhinzi",0,13,,,,8.26972446043165
259,229,5,3,2,1,2,21,"Ipompo izamura amazi ikoresha amashanyarazi",0,99,,,,8.26972446043165
259,229,5,3,2,1,2,12,"Amashami ya Banki",0,13,,,,8.26972446043165
259,229,5,3,2,1,2,22,"Kiliziya/Umusigiti/Urusengero",1,,1999,3,,8.26972446043165
259,229,5,3,2,1,2,15,"Ibiro by!iposita",0,99,,,,8.26972446043165
259,229,5,3,2,1,2,11,"Amakusanyirizo y!amata",0,13,,,,8.26972446043165
259,229,5,3,2,1,2,2,"Ibigo by!amashuri yibanza",0,3,,,,8.26972446043165
259,229,5,3,2,1,2,5,"Aho bategera Bus",0,13,,,,8.26972446043165
259,229,5,3,2,1,2,4,"Ikigo cy!amashuri y!imyuga  (TVET)",0,2,,,,8.26972446043165
259,229,5,3,2,1,2,14,"Poste ya polisi",0,4,,,,8.26972446043165
259,229,5,3,2,1,2,13,"Ibigo by!imari iciriritse",0,13,,,,8.26972446043165
259,229,5,3,2,1,2,16,"Aho abantu babonera Internet",0,13,,,,8.26972446043165
259,229,5,3,2,1,2,17,"Imiryango itari ibigo by!imari itari iya leta",0,13,,,,8.26972446043165
259,229,5,3,2,1,2,6,"Amavuriro y!igenga",0,13,,,,8.26972446043165
259,229,5,3,2,1,2,1,"Ibigo by!amashuri y!incuke",4,,2019,3,,8.26972446043165
259,229,5,3,2,1,2,8,"Poste de sante cg Farumasi",0,1,,,,8.26972446043165
259,229,5,3,2,1,2,23,"Ibiro by!ibigo bya Leta bitanga amashanyarazi",0,13,,,,8.26972446043165
259,229,5,3,2,1,2,7,"Amavuriro ya Leta/Ikigo nderabuzima",0,3,,,,8.26972446043165
259,229,5,3,2,1,2,9,"Ibitaro",0,15,,,,8.26972446043165
260,230,5,3,2,1,1,16,"Aho abantu babonera Internet",0,12,,,,5.48211779359431
260,230,5,3,2,1,1,10,"Amasoko",0,5,,,,5.48211779359431
260,230,5,3,2,1,1,20,"Aho basharija/bakora telefoni",0,5,,,,5.48211779359431
260,230,5,3,2,1,1,14,"Poste ya polisi",7,,1973,1,1,5.48211779359431
260,230,5,3,2,1,1,15,"Ibiro by!iposita",0,99,,,,5.48211779359431
260,230,5,3,2,1,1,1,"Ibigo by!amashuri y!incuke",7,,2021,3,,5.48211779359431
260,230,5,3,2,1,1,8,"Poste de sante cg Farumasi",0,12,,,,5.48211779359431
260,230,5,3,2,1,1,12,"Amashami ya Banki",0,12,,,,5.48211779359431
260,230,5,3,2,1,1,21,"Ipompo izamura amazi ikoresha amashanyarazi",0,99,,,,5.48211779359431
260,230,5,3,2,1,1,18,"Aho bajya inama bakanatanga serivisi z!ubuhinzi",0,12,,,,5.48211779359431
260,230,5,3,2,1,1,23,"Ibiro by!ibigo bya Leta bitanga amashanyarazi",0,12,,,,5.48211779359431
260,230,5,3,2,1,1,11,"Amakusanyirizo y!amata",0,7,,,,5.48211779359431
260,230,5,3,2,1,1,5,"Aho bategera Bus",0,12,,,,5.48211779359431
260,230,5,3,2,1,1,4,"Ikigo cy!amashuri y!imyuga  (TVET)",0,5,,,,5.48211779359431
260,230,5,3,2,1,1,2,"Ibigo by!amashuri yibanza",1,,1986,3,,5.48211779359431
260,230,5,3,2,1,1,17,"Imiryango itari ibigo by!imari itari iya leta",0,12,,,,5.48211779359431
260,230,5,3,2,1,1,7,"Amavuriro ya Leta/Ikigo nderabuzima",0,12,,,,5.48211779359431
260,230,5,3,2,1,1,3,"Ibigo by!amashuri yisumbuye",0,5,,,,5.48211779359431
260,230,5,3,2,1,1,22,"Kiliziya/Umusigiti/Urusengero",0,0,,,,5.48211779359431
260,230,5,3,2,1,1,6,"Amavuriro y!igenga",0,12,,,,5.48211779359431
260,230,5,3,2,1,1,19,"Insyo/amabarizo/aho bakora amavuta ateka",0,5,,,,5.48211779359431
260,230,5,3,2,1,1,13,"Ibigo by!imari iciriritse",0,7,,,,5.48211779359431
260,230,5,3,2,1,1,9,"Ibitaro",14,,1973,1,1,5.48211779359431
261,231,5,3,2,1,2,10,"Amasoko",0,1,,,,1.95926893617021
261,231,5,3,2,1,2,16,"Aho abantu babonera Internet",0,20,,,,1.95926893617021
261,231,5,3,2,1,2,3,"Ibigo by!amashuri yisumbuye",0,1,,,,1.95926893617021
261,231,5,3,2,1,2,1,"Ibigo by!amashuri y!incuke",2,,2021,2,1,1.95926893617021
261,231,5,3,2,1,2,14,"Poste ya polisi",0,20,,,,1.95926893617021
261,231,5,3,2,1,2,9,"Ibitaro",0,20,,,,1.95926893617021
261,231,5,3,2,1,2,2,"Ibigo by!amashuri yibanza",1,,2019,3,,1.95926893617021
261,231,5,3,2,1,2,8,"Poste de sante cg Farumasi",0,15,,,,1.95926893617021
261,231,5,3,2,1,2,6,"Amavuriro y!igenga",0,20,,,,1.95926893617021
261,231,5,3,2,1,2,4,"Ikigo cy!amashuri y!imyuga  (TVET)",0,20,,,,1.95926893617021
261,231,5,3,2,1,2,17,"Imiryango itari ibigo by!imari itari iya leta",0,20,,,,1.95926893617021
261,231,5,3,2,1,2,12,"Amashami ya Banki",0,20,,,,1.95926893617021
261,231,5,3,2,1,2,20,"Aho basharija/bakora telefoni",0,20,,,,1.95926893617021
261,231,5,3,2,1,2,7,"Amavuriro ya Leta/Ikigo nderabuzima",1,,1997,1,1,1.95926893617021
261,231,5,3,2,1,2,19,"Insyo/amabarizo/aho bakora amavuta ateka",0,15,,,,1.95926893617021
261,231,5,3,2,1,2,21,"Ipompo izamura amazi ikoresha amashanyarazi",0,20,,,,1.95926893617021
261,231,5,3,2,1,2,13,"Ibigo by!imari iciriritse",0,20,,,,1.95926893617021
261,231,5,3,2,1,2,22,"Kiliziya/Umusigiti/Urusengero",3,,1998,3,,1.95926893617021
261,231,5,3,2,1,2,23,"Ibiro by!ibigo bya Leta bitanga amashanyarazi",0,20,,,,1.95926893617021
261,231,5,3,2,1,2,18,"Aho bajya inama bakanatanga serivisi z!ubuhinzi",1,,2014,3,,1.95926893617021
261,231,5,3,2,1,2,11,"Amakusanyirizo y!amata",0,2,,,,1.95926893617021
261,231,5,3,2,1,2,15,"Ibiro by!iposita",0,99,,,,1.95926893617021
261,231,5,3,2,1,2,5,"Aho bategera Bus",0,15,,,,1.95926893617021
262,232,5,3,2,1,1,15,"Ibiro by!iposita",0,80,,,,7.84644511904762
262,232,5,3,2,1,1,16,"Aho abantu babonera Internet",0,20,,,,7.84644511904762
262,232,5,3,2,1,1,1,"Ibigo by!amashuri y!incuke",2,,2020,1,3,7.84644511904762
262,232,5,3,2,1,1,18,"Aho bajya inama bakanatanga serivisi z!ubuhinzi",0,8,,,,7.84644511904762
262,232,5,3,2,1,1,17,"Imiryango itari ibigo by!imari itari iya leta",0,20,,,,7.84644511904762
262,232,5,3,2,1,1,8,"Poste de sante cg Farumasi",0,1,,,,7.84644511904762
262,232,5,3,2,1,1,3,"Ibigo by!amashuri yisumbuye",0,1,,,,7.84644511904762
262,232,5,3,2,1,1,5,"Aho bategera Bus",0,20,,,,7.84644511904762
262,232,5,3,2,1,1,22,"Kiliziya/Umusigiti/Urusengero",1,,2016,3,,7.84644511904762
262,232,5,3,2,1,1,11,"Amakusanyirizo y!amata",0,20,,,,7.84644511904762
262,232,5,3,2,1,1,13,"Ibigo by!imari iciriritse",0,20,,,,7.84644511904762
262,232,5,3,2,1,1,20,"Aho basharija/bakora telefoni",0,8,,,,7.84644511904762
262,232,5,3,2,1,1,2,"Ibigo by!amashuri yibanza",1,,1925,1,3,7.84644511904762
262,232,5,3,2,1,1,10,"Amasoko",0,8,,,,7.84644511904762
262,232,5,3,2,1,1,7,"Amavuriro ya Leta/Ikigo nderabuzima",0,5,,,,7.84644511904762
262,232,5,3,2,1,1,19,"Insyo/amabarizo/aho bakora amavuta ateka",0,8,,,,7.84644511904762
262,232,5,3,2,1,1,12,"Amashami ya Banki",0,20,,,,7.84644511904762
262,232,5,3,2,1,1,23,"Ibiro by!ibigo bya Leta bitanga amashanyarazi",0,20,,,,7.84644511904762
262,232,5,3,2,1,1,9,"Ibitaro",0,20,,,,7.84644511904762
262,232,5,3,2,1,1,21,"Ipompo izamura amazi ikoresha amashanyarazi",0,12,,,,7.84644511904762
262,232,5,3,2,1,1,6,"Amavuriro y!igenga",0,20,,,,7.84644511904762
262,232,5,3,2,1,1,14,"Poste ya polisi",8,,1973,1,1,7.84644511904762
262,232,5,3,2,1,1,4,"Ikigo cy!amashuri y!imyuga  (TVET)",0,5,,,,7.84644511904762
263,233,5,3,2,1,1,7,"Amavuriro ya Leta/Ikigo nderabuzima",0,8,,,,13.49487
263,233,5,3,2,1,1,12,"Amashami ya Banki",0,15,,,,13.49487
263,233,5,3,2,1,1,11,"Amakusanyirizo y!amata",0,22,,,,13.49487
263,233,5,3,2,1,1,4,"Ikigo cy!amashuri y!imyuga  (TVET)",1,,2018,1,1,13.49487
263,233,5,3,2,1,1,3,"Ibigo by!amashuri yisumbuye",0,4,,,,13.49487
263,233,5,3,2,1,1,19,"Insyo/amabarizo/aho bakora amavuta ateka",0,15,,,,13.49487
263,233,5,3,2,1,1,18,"Aho bajya inama bakanatanga serivisi z!ubuhinzi",0,15,,,,13.49487
263,233,5,3,2,1,1,9,"Ibitaro",10,,1980,1,1,13.49487
263,233,5,3,2,1,1,20,"Aho basharija/bakora telefoni",0,15,,,,13.49487
263,233,5,3,2,1,1,8,"Poste de sante cg Farumasi",0,7,,,,13.49487
263,233,5,3,2,1,1,16,"Aho abantu babonera Internet",0,15,,,,13.49487
263,233,5,3,2,1,1,10,"Amasoko",0,15,,,,13.49487
263,233,5,3,2,1,1,23,"Ibiro by!ibigo bya Leta bitanga amashanyarazi",0,60,,,,13.49487
263,233,5,3,2,1,1,17,"Imiryango itari ibigo by!imari itari iya leta",0,15,,,,13.49487
263,233,5,3,2,1,1,22,"Kiliziya/Umusigiti/Urusengero",0,4,,,,13.49487
263,233,5,3,2,1,1,6,"Amavuriro y!igenga",0,7,,,,13.49487
263,233,5,3,2,1,1,5,"Aho bategera Bus",22,,2000,3,,13.49487
263,233,5,3,2,1,1,15,"Ibiro by!iposita",0,60,,,,13.49487
263,233,5,3,2,1,1,1,"Ibigo by!amashuri y!incuke",1,,2021,3,,13.49487
263,233,5,3,2,1,1,21,"Ipompo izamura amazi ikoresha amashanyarazi",0,12,,,,13.49487
263,233,5,3,2,1,1,2,"Ibigo by!amashuri yibanza",1,,2021,3,,13.49487
263,233,5,3,2,1,1,14,"Poste ya polisi",0,15,,,,13.49487
263,233,5,3,2,1,1,13,"Ibigo by!imari iciriritse",0,15,,,,13.49487
264,234,5,3,1,1,3,22,"Kiliziya/Umusigiti/Urusengero",1,,1952,1,1,12.3318692307692
264,234,5,3,1,1,3,6,"Amavuriro y!igenga",0,25,,,,12.3318692307692
264,234,5,3,1,1,3,4,"Ikigo cy!amashuri y!imyuga  (TVET)",0,3,,,,12.3318692307692
264,234,5,3,1,1,3,14,"Poste ya polisi",0,3,,,,12.3318692307692
264,234,5,3,1,1,3,19,"Insyo/amabarizo/aho bakora amavuta ateka",0,3,,,,12.3318692307692
264,234,5,3,1,1,3,21,"Ipompo izamura amazi ikoresha amashanyarazi",0,6,,,,12.3318692307692
264,234,5,3,1,1,3,9,"Ibitaro",0,25,,,,12.3318692307692
264,234,5,3,1,1,3,1,"Ibigo by!amashuri y!incuke",3,,2020,1,1,12.3318692307692
264,234,5,3,1,1,3,8,"Poste de sante cg Farumasi",0,3,,,,12.3318692307692
264,234,5,3,1,1,3,16,"Aho abantu babonera Internet",0,3,,,,12.3318692307692
264,234,5,3,1,1,3,17,"Imiryango itari ibigo by!imari itari iya leta",0,25,,,,12.3318692307692
264,234,5,3,1,1,3,7,"Amavuriro ya Leta/Ikigo nderabuzima",0,3,,,,12.3318692307692
264,234,5,3,1,1,3,12,"Amashami ya Banki",0,3,,,,12.3318692307692
264,234,5,3,1,1,3,15,"Ibiro by!iposita",0,99,,,,12.3318692307692
264,234,5,3,1,1,3,20,"Aho basharija/bakora telefoni",0,3,,,,12.3318692307692
264,234,5,3,1,1,3,2,"Ibigo by!amashuri yibanza",0,0,,,,12.3318692307692
264,234,5,3,1,1,3,5,"Aho bategera Bus",0,3,,,,12.3318692307692
264,234,5,3,1,1,3,23,"Ibiro by!ibigo bya Leta bitanga amashanyarazi",0,25,,,,12.3318692307692
264,234,5,3,1,1,3,11,"Amakusanyirizo y!amata",0,3,,,,12.3318692307692
264,234,5,3,1,1,3,3,"Ibigo by!amashuri yisumbuye",0,1,,,,12.3318692307692
264,234,5,3,1,1,3,18,"Aho bajya inama bakanatanga serivisi z!ubuhinzi",0,25,,,,12.3318692307692
264,234,5,3,1,1,3,13,"Ibigo by!imari iciriritse",0,3,,,,12.3318692307692
264,234,5,3,1,1,3,10,"Amasoko",0,3,,,,12.3318692307692
265,235,5,3,2,1,2,10,"Amasoko",0,6,,,,90.9270416666667
265,235,5,3,2,1,2,7,"Amavuriro ya Leta/Ikigo nderabuzima",0,6,,,,90.9270416666667
265,235,5,3,2,1,2,5,"Aho bategera Bus",0,6,,,,90.9270416666667
265,235,5,3,2,1,2,17,"Imiryango itari ibigo by!imari itari iya leta",0,6,,,,90.9270416666667
265,235,5,3,2,1,2,14,"Poste ya polisi",0,6,,,,90.9270416666667
265,235,5,3,2,1,2,22,"Kiliziya/Umusigiti/Urusengero",2,,1935,3,,90.9270416666667
265,235,5,3,2,1,2,4,"Ikigo cy!amashuri y!imyuga  (TVET)",6,,2003,1,1,90.9270416666667
265,235,5,3,2,1,2,23,"Ibiro by!ibigo bya Leta bitanga amashanyarazi",0,16,,,,90.9270416666667
265,235,5,3,2,1,2,18,"Aho bajya inama bakanatanga serivisi z!ubuhinzi",0,2,,,,90.9270416666667
265,235,5,3,2,1,2,6,"Amavuriro y!igenga",0,16,,,,90.9270416666667
265,235,5,3,2,1,2,1,"Ibigo by!amashuri y!incuke",4,,2020,3,,90.9270416666667
265,235,5,3,2,1,2,16,"Aho abantu babonera Internet",0,6,,,,90.9270416666667
265,235,5,3,2,1,2,3,"Ibigo by!amashuri yisumbuye",1,,2009,1,1,90.9270416666667
265,235,5,3,2,1,2,19,"Insyo/amabarizo/aho bakora amavuta ateka",0,6,,,,90.9270416666667
265,235,5,3,2,1,2,12,"Amashami ya Banki",0,6,,,,90.9270416666667
265,235,5,3,2,1,2,9,"Ibitaro",0,36,,,,90.9270416666667
265,235,5,3,2,1,2,20,"Aho basharija/bakora telefoni",0,6,,,,90.9270416666667
265,235,5,3,2,1,2,11,"Amakusanyirizo y!amata",0,2,,,,90.9270416666667
265,235,5,3,2,1,2,2,"Ibigo by!amashuri yibanza",1,,1935,1,1,90.9270416666667
265,235,5,3,2,1,2,15,"Ibiro by!iposita",0,99,,,,90.9270416666667
265,235,5,3,2,1,2,13,"Ibigo by!imari iciriritse",0,6,,,,90.9270416666667
265,235,5,3,2,1,2,8,"Poste de sante cg Farumasi",0,6,,,,90.9270416666667
265,235,5,3,2,1,2,21,"Ipompo izamura amazi ikoresha amashanyarazi",1,,2022,1,3,90.9270416666667
266,236,5,3,2,1,1,17,"Imiryango itari ibigo by!imari itari iya leta",0,8,,,,115.230054545455
266,236,5,3,2,1,1,12,"Amashami ya Banki",0,8,,,,115.230054545455
266,236,5,3,2,1,1,18,"Aho bajya inama bakanatanga serivisi z!ubuhinzi",0,8,,,,115.230054545455
266,236,5,3,2,1,1,3,"Ibigo by!amashuri yisumbuye",0,1,,,,115.230054545455
266,236,5,3,2,1,1,22,"Kiliziya/Umusigiti/Urusengero",0,0,,,,115.230054545455
266,236,5,3,2,1,1,4,"Ikigo cy!amashuri y!imyuga  (TVET)",0,8,,,,115.230054545455
266,236,5,3,2,1,1,13,"Ibigo by!imari iciriritse",0,8,,,,115.230054545455
266,236,5,3,2,1,1,9,"Ibitaro",0,16,,,,115.230054545455
266,236,5,3,2,1,1,19,"Insyo/amabarizo/aho bakora amavuta ateka",0,8,,,,115.230054545455
266,236,5,3,2,1,1,8,"Poste de sante cg Farumasi",0,1,,,,115.230054545455
266,236,5,3,2,1,1,16,"Aho abantu babonera Internet",0,8,,,,115.230054545455
266,236,5,3,2,1,1,20,"Aho basharija/bakora telefoni",0,8,,,,115.230054545455
266,236,5,3,2,1,1,11,"Amakusanyirizo y!amata",0,8,,,,115.230054545455
266,236,5,3,2,1,1,5,"Aho bategera Bus",0,8,,,,115.230054545455
266,236,5,3,2,1,1,10,"Amasoko",2,,2012,3,,115.230054545455
266,236,5,3,2,1,1,15,"Ibiro by!iposita",0,99,,,,115.230054545455
266,236,5,3,2,1,1,6,"Amavuriro y!igenga",0,8,,,,115.230054545455
266,236,5,3,2,1,1,1,"Ibigo by!amashuri y!incuke",3,,2015,3,,115.230054545455
266,236,5,3,2,1,1,14,"Poste ya polisi",0,3,,,,115.230054545455
266,236,5,3,2,1,1,23,"Ibiro by!ibigo bya Leta bitanga amashanyarazi",0,44,,,,115.230054545455
266,236,5,3,2,1,1,21,"Ipompo izamura amazi ikoresha amashanyarazi",0,3,,,,115.230054545455
266,236,5,3,2,1,1,2,"Ibigo by!amashuri yibanza",0,1,,,,115.230054545455
266,236,5,3,2,1,1,7,"Amavuriro ya Leta/Ikigo nderabuzima",0,3,,,,115.230054545455
267,237,5,3,1,1,1,16,"Aho abantu babonera Internet",0,0,,,,31.9791152777778
267,237,5,3,1,1,1,10,"Amasoko",1,,1980,1,1,31.9791152777778
267,237,5,3,1,1,1,6,"Amavuriro y!igenga",0,1,,,,31.9791152777778
267,237,5,3,1,1,1,2,"Ibigo by!amashuri yibanza",0,1,,,,31.9791152777778
267,237,5,3,1,1,1,18,"Aho bajya inama bakanatanga serivisi z!ubuhinzi",0,0,,,,31.9791152777778
267,237,5,3,1,1,1,23,"Ibiro by!ibigo bya Leta bitanga amashanyarazi",0,23,,,,31.9791152777778
267,237,5,3,1,1,1,21,"Ipompo izamura amazi ikoresha amashanyarazi",0,0,,,,31.9791152777778
267,237,5,3,1,1,1,19,"Insyo/amabarizo/aho bakora amavuta ateka",1,,2022,1,1,31.9791152777778
267,237,5,3,1,1,1,13,"Ibigo by!imari iciriritse",0,0,,,,31.9791152777778
267,237,5,3,1,1,1,22,"Kiliziya/Umusigiti/Urusengero",1,,1982,1,1,31.9791152777778
267,237,5,3,1,1,1,5,"Aho bategera Bus",1,,1970,1,1,31.9791152777778
267,237,5,3,1,1,1,9,"Ibitaro",0,1,,,,31.9791152777778
267,237,5,3,1,1,1,12,"Amashami ya Banki",0,0,,,,31.9791152777778
267,237,5,3,1,1,1,3,"Ibigo by!amashuri yisumbuye",0,2,,,,31.9791152777778
267,237,5,3,1,1,1,15,"Ibiro by!iposita",0,90,,,,31.9791152777778
267,237,5,3,1,1,1,11,"Amakusanyirizo y!amata",0,23,,,,31.9791152777778
267,237,5,3,1,1,1,4,"Ikigo cy!amashuri y!imyuga  (TVET)",0,2,,,,31.9791152777778
267,237,5,3,1,1,1,8,"Poste de sante cg Farumasi",1,,1999,1,1,31.9791152777778
267,237,5,3,1,1,1,14,"Poste ya polisi",0,0,,,,31.9791152777778
267,237,5,3,1,1,1,1,"Ibigo by!amashuri y!incuke",0,1,,,,31.9791152777778
267,237,5,3,1,1,1,17,"Imiryango itari ibigo by!imari itari iya leta",0,0,,,,31.9791152777778
267,237,5,3,1,1,1,7,"Amavuriro ya Leta/Ikigo nderabuzima",0,1,,,,31.9791152777778
267,237,5,3,1,1,1,20,"Aho basharija/bakora telefoni",0,0,,,,31.9791152777778
268,238,5,3,1,1,2,17,"Imiryango itari ibigo by!imari itari iya leta",0,25,,,,6.19307276595745
268,238,5,3,1,1,2,10,"Amasoko",1,,1980,1,1,6.19307276595745
268,238,5,3,1,1,2,9,"Ibitaro",1,,1973,1,1,6.19307276595745
268,238,5,3,1,1,2,4,"Ikigo cy!amashuri y!imyuga  (TVET)",0,0,,,,6.19307276595745
268,238,5,3,1,1,2,22,"Kiliziya/Umusigiti/Urusengero",5,,1983,1,1,6.19307276595745
268,238,5,3,1,1,2,1,"Ibigo by!amashuri y!incuke",0,0,,,,6.19307276595745
268,238,5,3,1,1,2,5,"Aho bategera Bus",0,0,,,,6.19307276595745
268,238,5,3,1,1,2,15,"Ibiro by!iposita",0,89,,,,6.19307276595745
268,238,5,3,1,1,2,20,"Aho basharija/bakora telefoni",1,,2010,1,1,6.19307276595745
268,238,5,3,1,1,2,3,"Ibigo by!amashuri yisumbuye",1,,1983,1,1,6.19307276595745
268,238,5,3,1,1,2,14,"Poste ya polisi",1,,2000,1,1,6.19307276595745
268,238,5,3,1,1,2,21,"Ipompo izamura amazi ikoresha amashanyarazi",0,2,,,,6.19307276595745
268,238,5,3,1,1,2,11,"Amakusanyirizo y!amata",0,0,,,,6.19307276595745
268,238,5,3,1,1,2,19,"Insyo/amabarizo/aho bakora amavuta ateka",3,,2005,1,1,6.19307276595745
268,238,5,3,1,1,2,6,"Amavuriro y!igenga",0,0,,,,6.19307276595745
268,238,5,3,1,1,2,2,"Ibigo by!amashuri yibanza",2,,1996,1,1,6.19307276595745
268,238,5,3,1,1,2,18,"Aho bajya inama bakanatanga serivisi z!ubuhinzi",1,,2018,1,1,6.19307276595745
268,238,5,3,1,1,2,16,"Aho abantu babonera Internet",0,25,,,,6.19307276595745
268,238,5,3,1,1,2,7,"Amavuriro ya Leta/Ikigo nderabuzima",1,,1981,1,1,6.19307276595745
268,238,5,3,1,1,2,12,"Amashami ya Banki",1,,1987,1,1,6.19307276595745
268,238,5,3,1,1,2,8,"Poste de sante cg Farumasi",0,0,,,,6.19307276595745
268,238,5,3,1,1,2,23,"Ibiro by!ibigo bya Leta bitanga amashanyarazi",0,25,,,,6.19307276595745
268,238,5,3,1,1,2,13,"Ibigo by!imari iciriritse",1,,2014,1,1,6.19307276595745
269,239,5,3,2,1,1,4,"Ikigo cy!amashuri y!imyuga  (TVET)",0,13,,,,7.10105867403315
269,239,5,3,2,1,1,15,"Ibiro by!iposita",0,99,,,,7.10105867403315
269,239,5,3,2,1,1,9,"Ibitaro",0,13,,,,7.10105867403315
269,239,5,3,2,1,1,1,"Ibigo by!amashuri y!incuke",4,,2021,3,,7.10105867403315
269,239,5,3,2,1,1,2,"Ibigo by!amashuri yibanza",0,4,,,,7.10105867403315
269,239,5,3,2,1,1,21,"Ipompo izamura amazi ikoresha amashanyarazi",0,99,,,,7.10105867403315
269,239,5,3,2,1,1,13,"Ibigo by!imari iciriritse",0,13,,,,7.10105867403315
269,239,5,3,2,1,1,12,"Amashami ya Banki",0,13,,,,7.10105867403315
269,239,5,3,2,1,1,22,"Kiliziya/Umusigiti/Urusengero",1,,2007,3,,7.10105867403315
269,239,5,3,2,1,1,11,"Amakusanyirizo y!amata",0,13,,,,7.10105867403315
269,239,5,3,2,1,1,19,"Insyo/amabarizo/aho bakora amavuta ateka",0,13,,,,7.10105867403315
269,239,5,3,2,1,1,6,"Amavuriro y!igenga",0,25,,,,7.10105867403315
269,239,5,3,2,1,1,3,"Ibigo by!amashuri yisumbuye",0,4,,,,7.10105867403315
269,239,5,3,2,1,1,7,"Amavuriro ya Leta/Ikigo nderabuzima",0,13,,,,7.10105867403315
269,239,5,3,2,1,1,14,"Poste ya polisi",0,13,,,,7.10105867403315
269,239,5,3,2,1,1,16,"Aho abantu babonera Internet",0,13,,,,7.10105867403315
269,239,5,3,2,1,1,18,"Aho bajya inama bakanatanga serivisi z!ubuhinzi",0,25,,,,7.10105867403315
269,239,5,3,2,1,1,8,"Poste de sante cg Farumasi",0,4,,,,7.10105867403315
269,239,5,3,2,1,1,10,"Amasoko",0,13,,,,7.10105867403315
269,239,5,3,2,1,1,23,"Ibiro by!ibigo bya Leta bitanga amashanyarazi",0,25,,,,7.10105867403315
269,239,5,3,2,1,1,20,"Aho basharija/bakora telefoni",0,13,,,,7.10105867403315
269,239,5,3,2,1,1,5,"Aho bategera Bus",0,13,,,,7.10105867403315
269,239,5,3,2,1,1,17,"Imiryango itari ibigo by!imari itari iya leta",0,25,,,,7.10105867403315
270,240,5,3,2,1,2,5,"Aho bategera Bus",1,,1975,3,,10.5218458333333
270,240,5,3,2,1,2,7,"Amavuriro ya Leta/Ikigo nderabuzima",0,4,,,,10.5218458333333
270,240,5,3,2,1,2,17,"Imiryango itari ibigo by!imari itari iya leta",1,,2017,1,1,10.5218458333333
270,240,5,3,2,1,2,16,"Aho abantu babonera Internet",0,4,,,,10.5218458333333
270,240,5,3,2,1,2,11,"Amakusanyirizo y!amata",0,4,,,,10.5218458333333
270,240,5,3,2,1,2,14,"Poste ya polisi",0,4,,,,10.5218458333333
270,240,5,3,2,1,2,2,"Ibigo by!amashuri yibanza",1,,1925,1,1,10.5218458333333
270,240,5,3,2,1,2,23,"Ibiro by!ibigo bya Leta bitanga amashanyarazi",0,41,,,,10.5218458333333
270,240,5,3,2,1,2,22,"Kiliziya/Umusigiti/Urusengero",1,,1968,1,1,10.5218458333333
270,240,5,3,2,1,2,9,"Ibitaro",0,4,,,,10.5218458333333
270,240,5,3,2,1,2,1,"Ibigo by!amashuri y!incuke",0,4,,,,10.5218458333333
270,240,5,3,2,1,2,18,"Aho bajya inama bakanatanga serivisi z!ubuhinzi",1,,2021,1,1,10.5218458333333
270,240,5,3,2,1,2,3,"Ibigo by!amashuri yisumbuye",0,4,,,,10.5218458333333
270,240,5,3,2,1,2,21,"Ipompo izamura amazi ikoresha amashanyarazi",0,99,,,,10.5218458333333
270,240,5,3,2,1,2,10,"Amasoko",0,4,,,,10.5218458333333
270,240,5,3,2,1,2,8,"Poste de sante cg Farumasi",0,3,,,,10.5218458333333
270,240,5,3,2,1,2,15,"Ibiro by!iposita",0,99,,,,10.5218458333333
270,240,5,3,2,1,2,20,"Aho basharija/bakora telefoni",0,4,,,,10.5218458333333
270,240,5,3,2,1,2,4,"Ikigo cy!amashuri y!imyuga  (TVET)",0,4,,,,10.5218458333333
270,240,5,3,2,1,2,6,"Amavuriro y!igenga",0,37,,,,10.5218458333333
270,240,5,3,2,1,2,19,"Insyo/amabarizo/aho bakora amavuta ateka",1,,2002,1,1,10.5218458333333
270,240,5,3,2,1,2,12,"Amashami ya Banki",0,4,,,,10.5218458333333
270,240,5,3,2,1,2,13,"Ibigo by!imari iciriritse",0,4,,,,10.5218458333333
271,241,5,3,2,1,1,16,"Aho abantu babonera Internet",4,,2016,1,1,61.146402640264
271,241,5,3,2,1,1,8,"Poste de sante cg Farumasi",0,4,,,,61.146402640264
271,241,5,3,2,1,1,14,"Poste ya polisi",0,2,,,,61.146402640264
271,241,5,3,2,1,1,20,"Aho basharija/bakora telefoni",6,,2008,1,1,61.146402640264
271,241,5,3,2,1,1,13,"Ibigo by!imari iciriritse",2,,2006,1,1,61.146402640264
271,241,5,3,2,1,1,21,"Ipompo izamura amazi ikoresha amashanyarazi",0,36,,,,61.146402640264
271,241,5,3,2,1,1,9,"Ibitaro",0,8,,,,61.146402640264
271,241,5,3,2,1,1,22,"Kiliziya/Umusigiti/Urusengero",4,,1995,1,1,61.146402640264
271,241,5,3,2,1,1,1,"Ibigo by!amashuri y!incuke",2,,2016,1,1,61.146402640264
271,241,5,3,2,1,1,12,"Amashami ya Banki",1,,2018,1,1,61.146402640264
271,241,5,3,2,1,1,19,"Insyo/amabarizo/aho bakora amavuta ateka",1,,2018,1,1,61.146402640264
271,241,5,3,2,1,1,10,"Amasoko",1,,1997,1,1,61.146402640264
271,241,5,3,2,1,1,5,"Aho bategera Bus",1,,1996,1,1,61.146402640264
271,241,5,3,2,1,1,7,"Amavuriro ya Leta/Ikigo nderabuzima",0,3,,,,61.146402640264
271,241,5,3,2,1,1,23,"Ibiro by!ibigo bya Leta bitanga amashanyarazi",0,12,,,,61.146402640264
271,241,5,3,2,1,1,11,"Amakusanyirizo y!amata",0,12,,,,61.146402640264
271,241,5,3,2,1,1,3,"Ibigo by!amashuri yisumbuye",0,2,,,,61.146402640264
271,241,5,3,2,1,1,6,"Amavuriro y!igenga",1,,2017,1,1,61.146402640264
271,241,5,3,2,1,1,2,"Ibigo by!amashuri yibanza",0,2,,,,61.146402640264
271,241,5,3,2,1,1,4,"Ikigo cy!amashuri y!imyuga  (TVET)",0,12,,,,61.146402640264
271,241,5,3,2,1,1,15,"Ibiro by!iposita",0,99,,,,61.146402640264
271,241,5,3,2,1,1,18,"Aho bajya inama bakanatanga serivisi z!ubuhinzi",2,,2019,1,1,61.146402640264
271,241,5,3,2,1,1,17,"Imiryango itari ibigo by!imari itari iya leta",1,,2016,1,1,61.146402640264
280,242,5,4,2,1,1,10,"Amasoko",0,3,,,,83.807
280,242,5,4,2,1,1,23,"Ibiro by!ibigo bya Leta bitanga amashanyarazi",0,13,,,,83.807
280,242,5,4,2,1,1,15,"Ibiro by!iposita",0,24,,,,83.807
280,242,5,4,2,1,1,11,"Amakusanyirizo y!amata",0,4,,,,83.807
280,242,5,4,2,1,1,19,"Insyo/amabarizo/aho bakora amavuta ateka",0,3,,,,83.807
280,242,5,4,2,1,1,22,"Kiliziya/Umusigiti/Urusengero",2,,2007,1,1,83.807
280,242,5,4,2,1,1,13,"Ibigo by!imari iciriritse",0,4,,,,83.807
280,242,5,4,2,1,1,18,"Aho bajya inama bakanatanga serivisi z!ubuhinzi",0,3,,,,83.807
280,242,5,4,2,1,1,6,"Amavuriro y!igenga",0,3,,,,83.807
280,242,5,4,2,1,1,16,"Aho abantu babonera Internet",0,2,,,,83.807
280,242,5,4,2,1,1,4,"Ikigo cy!amashuri y!imyuga  (TVET)",0,13,,,,83.807
280,242,5,4,2,1,1,3,"Ibigo by!amashuri yisumbuye",0,3,,,,83.807
280,242,5,4,2,1,1,9,"Ibitaro",0,6,,,,83.807
280,242,5,4,2,1,1,20,"Aho basharija/bakora telefoni",0,3,,,,83.807
280,242,5,4,2,1,1,7,"Amavuriro ya Leta/Ikigo nderabuzima",0,6,,,,83.807
280,242,5,4,2,1,1,21,"Ipompo izamura amazi ikoresha amashanyarazi",0,10,,,,83.807
280,242,5,4,2,1,1,5,"Aho bategera Bus",0,13,,,,83.807
280,242,5,4,2,1,1,1,"Ibigo by!amashuri y!incuke",0,3,,,,83.807
280,242,5,4,2,1,1,2,"Ibigo by!amashuri yibanza",0,3,,,,83.807
280,242,5,4,2,1,1,12,"Amashami ya Banki",0,3,,,,83.807
280,242,5,4,2,1,1,8,"Poste de sante cg Farumasi",0,5,,,,83.807
280,242,5,4,2,1,1,17,"Imiryango itari ibigo by!imari itari iya leta",0,13,,,,83.807
280,242,5,4,2,1,1,14,"Poste ya polisi",0,15,,,,83.807
281,243,5,4,1,1,1,8,"Poste de sante cg Farumasi",0,5,,,,9.17697944785276
281,243,5,4,1,1,1,15,"Ibiro by!iposita",0,70,,,,9.17697944785276
281,243,5,4,1,1,1,12,"Amashami ya Banki",0,2,,,,9.17697944785276
281,243,5,4,1,1,1,5,"Aho bategera Bus",1,,2021,3,,9.17697944785276
281,243,5,4,1,1,1,4,"Ikigo cy!amashuri y!imyuga  (TVET)",1,,2020,1,1,9.17697944785276
281,243,5,4,1,1,1,20,"Aho basharija/bakora telefoni",0,1,,,,9.17697944785276
281,243,5,4,1,1,1,7,"Amavuriro ya Leta/Ikigo nderabuzima",1,,888,1,1,9.17697944785276
281,243,5,4,1,1,1,19,"Insyo/amabarizo/aho bakora amavuta ateka",0,1,,,,9.17697944785276
281,243,5,4,1,1,1,6,"Amavuriro y!igenga",0,3,,,,9.17697944785276
281,243,5,4,1,1,1,17,"Imiryango itari ibigo by!imari itari iya leta",0,40,,,,9.17697944785276
281,243,5,4,1,1,1,3,"Ibigo by!amashuri yisumbuye",1,,888,1,1,9.17697944785276
281,243,5,4,1,1,1,23,"Ibiro by!ibigo bya Leta bitanga amashanyarazi",1,,2008,1,1,9.17697944785276
281,243,5,4,1,1,1,2,"Ibigo by!amashuri yibanza",1,,888,1,1,9.17697944785276
281,243,5,4,1,1,1,22,"Kiliziya/Umusigiti/Urusengero",2,,1981,1,1,9.17697944785276
281,243,5,4,1,1,1,9,"Ibitaro",0,50,,,,9.17697944785276
281,243,5,4,1,1,1,21,"Ipompo izamura amazi ikoresha amashanyarazi",0,5,,,,9.17697944785276
281,243,5,4,1,1,1,16,"Aho abantu babonera Internet",1,,2019,1,1,9.17697944785276
281,243,5,4,1,1,1,10,"Amasoko",0,5,,,,9.17697944785276
281,243,5,4,1,1,1,13,"Ibigo by!imari iciriritse",0,1,,,,9.17697944785276
281,243,5,4,1,1,1,1,"Ibigo by!amashuri y!incuke",0,5,,,,9.17697944785276
281,243,5,4,1,1,1,18,"Aho bajya inama bakanatanga serivisi z!ubuhinzi",0,40,,,,9.17697944785276
281,243,5,4,1,1,1,14,"Poste ya polisi",0,1,,,,9.17697944785276
281,243,5,4,1,1,1,11,"Amakusanyirizo y!amata",0,7,,,,9.17697944785276
282,244,5,4,1,1,1,2,"Ibigo by!amashuri yibanza",4,,2008,1,1,9.30882887323944
282,244,5,4,1,1,1,14,"Poste ya polisi",0,2,,,,9.30882887323944
282,244,5,4,1,1,1,23,"Ibiro by!ibigo bya Leta bitanga amashanyarazi",1,,2021,1,1,9.30882887323944
282,244,5,4,1,1,1,6,"Amavuriro y!igenga",0,1,,,,9.30882887323944
282,244,5,4,1,1,1,10,"Amasoko",0,1,,,,9.30882887323944
282,244,5,4,1,1,1,4,"Ikigo cy!amashuri y!imyuga  (TVET)",0,1,,,,9.30882887323944
282,244,5,4,1,1,1,18,"Aho bajya inama bakanatanga serivisi z!ubuhinzi",0,0,,,,9.30882887323944
282,244,5,4,1,1,1,9,"Ibitaro",0,9,,,,9.30882887323944
282,244,5,4,1,1,1,13,"Ibigo by!imari iciriritse",0,1,,,,9.30882887323944
282,244,5,4,1,1,1,5,"Aho bategera Bus",0,1,,,,9.30882887323944
282,244,5,4,1,1,1,17,"Imiryango itari ibigo by!imari itari iya leta",0,2,,,,9.30882887323944
282,244,5,4,1,1,1,21,"Ipompo izamura amazi ikoresha amashanyarazi",0,2,,,,9.30882887323944
282,244,5,4,1,1,1,1,"Ibigo by!amashuri y!incuke",5,,2008,1,1,9.30882887323944
282,244,5,4,1,1,1,12,"Amashami ya Banki",0,1,,,,9.30882887323944
282,244,5,4,1,1,1,11,"Amakusanyirizo y!amata",0,1,,,,9.30882887323944
282,244,5,4,1,1,1,16,"Aho abantu babonera Internet",1,,888,1,1,9.30882887323944
282,244,5,4,1,1,1,22,"Kiliziya/Umusigiti/Urusengero",2,,2013,1,1,9.30882887323944
282,244,5,4,1,1,1,7,"Amavuriro ya Leta/Ikigo nderabuzima",0,2,,,,9.30882887323944
282,244,5,4,1,1,1,15,"Ibiro by!iposita",0,15,,,,9.30882887323944
282,244,5,4,1,1,1,3,"Ibigo by!amashuri yisumbuye",0,0,,,,9.30882887323944
282,244,5,4,1,1,1,19,"Insyo/amabarizo/aho bakora amavuta ateka",0,3,,,,9.30882887323944
282,244,5,4,1,1,1,8,"Poste de sante cg Farumasi",0,0,,,,9.30882887323944
282,244,5,4,1,1,1,20,"Aho basharija/bakora telefoni",0,1,,,,9.30882887323944
283,245,5,4,1,1,1,9,"Ibitaro",0,6,,,,13.2456640127389
283,245,5,4,1,1,1,19,"Insyo/amabarizo/aho bakora amavuta ateka",0,8,,,,13.2456640127389
283,245,5,4,1,1,1,8,"Poste de sante cg Farumasi",0,6,,,,13.2456640127389
283,245,5,4,1,1,1,23,"Ibiro by!ibigo bya Leta bitanga amashanyarazi",0,6,,,,13.2456640127389
283,245,5,4,1,1,1,2,"Ibigo by!amashuri yibanza",1,,888,1,1,13.2456640127389
283,245,5,4,1,1,1,5,"Aho bategera Bus",0,6,,,,13.2456640127389
283,245,5,4,1,1,1,1,"Ibigo by!amashuri y!incuke",1,,2017,1,1,13.2456640127389
283,245,5,4,1,1,1,12,"Amashami ya Banki",0,6,,,,13.2456640127389
283,245,5,4,1,1,1,4,"Ikigo cy!amashuri y!imyuga  (TVET)",0,6,,,,13.2456640127389
283,245,5,4,1,1,1,16,"Aho abantu babonera Internet",1,,2010,1,1,13.2456640127389
283,245,5,4,1,1,1,20,"Aho basharija/bakora telefoni",0,6,,,,13.2456640127389
283,245,5,4,1,1,1,18,"Aho bajya inama bakanatanga serivisi z!ubuhinzi",0,6,,,,13.2456640127389
283,245,5,4,1,1,1,14,"Poste ya polisi",0,6,,,,13.2456640127389
283,245,5,4,1,1,1,15,"Ibiro by!iposita",0,86,,,,13.2456640127389
283,245,5,4,1,1,1,7,"Amavuriro ya Leta/Ikigo nderabuzima",0,5,,,,13.2456640127389
283,245,5,4,1,1,1,6,"Amavuriro y!igenga",0,6,,,,13.2456640127389
283,245,5,4,1,1,1,10,"Amasoko",0,6,,,,13.2456640127389
283,245,5,4,1,1,1,22,"Kiliziya/Umusigiti/Urusengero",0,0,,,,13.2456640127389
283,245,5,4,1,1,1,13,"Ibigo by!imari iciriritse",0,6,,,,13.2456640127389
283,245,5,4,1,1,1,11,"Amakusanyirizo y!amata",0,6,,,,13.2456640127389
283,245,5,4,1,1,1,21,"Ipompo izamura amazi ikoresha amashanyarazi",0,8,,,,13.2456640127389
283,245,5,4,1,1,1,17,"Imiryango itari ibigo by!imari itari iya leta",0,6,,,,13.2456640127389
283,245,5,4,1,1,1,3,"Ibigo by!amashuri yisumbuye",0,5,,,,13.2456640127389
284,246,5,4,2,1,1,12,"Amashami ya Banki",0,3,,,,21.25921875
284,246,5,4,2,1,1,8,"Poste de sante cg Farumasi",0,3,,,,21.25921875
284,246,5,4,2,1,1,19,"Insyo/amabarizo/aho bakora amavuta ateka",0,4,,,,21.25921875
284,246,5,4,2,1,1,4,"Ikigo cy!amashuri y!imyuga  (TVET)",0,3,,,,21.25921875
284,246,5,4,2,1,1,14,"Poste ya polisi",0,3,,,,21.25921875
284,246,5,4,2,1,1,21,"Ipompo izamura amazi ikoresha amashanyarazi",0,5,,,,21.25921875
284,246,5,4,2,1,1,20,"Aho basharija/bakora telefoni",0,3,,,,21.25921875
284,246,5,4,2,1,1,10,"Amasoko",0,3,,,,21.25921875
284,246,5,4,2,1,1,13,"Ibigo by!imari iciriritse",0,3,,,,21.25921875
284,246,5,4,2,1,1,5,"Aho bategera Bus",0,3,,,,21.25921875
284,246,5,4,2,1,1,18,"Aho bajya inama bakanatanga serivisi z!ubuhinzi",0,3,,,,21.25921875
284,246,5,4,2,1,1,1,"Ibigo by!amashuri y!incuke",1,,2022,2,1,21.25921875
284,246,5,4,2,1,1,9,"Ibitaro",0,3,,,,21.25921875
284,246,5,4,2,1,1,6,"Amavuriro y!igenga",0,3,,,,21.25921875
284,246,5,4,2,1,1,17,"Imiryango itari ibigo by!imari itari iya leta",0,3,,,,21.25921875
284,246,5,4,2,1,1,3,"Ibigo by!amashuri yisumbuye",0,2,,,,21.25921875
284,246,5,4,2,1,1,11,"Amakusanyirizo y!amata",0,3,,,,21.25921875
284,246,5,4,2,1,1,23,"Ibiro by!ibigo bya Leta bitanga amashanyarazi",0,3,,,,21.25921875
284,246,5,4,2,1,1,2,"Ibigo by!amashuri yibanza",1,,2021,2,1,21.25921875
284,246,5,4,2,1,1,22,"Kiliziya/Umusigiti/Urusengero",0,3,,,,21.25921875
284,246,5,4,2,1,1,15,"Ibiro by!iposita",0,5,,,,21.25921875
284,246,5,4,2,1,1,16,"Aho abantu babonera Internet",0,3,,,,21.25921875
284,246,5,4,2,1,1,7,"Amavuriro ya Leta/Ikigo nderabuzima",0,2,,,,21.25921875
285,247,5,4,2,1,1,4,"Ikigo cy!amashuri y!imyuga  (TVET)",0,10,,,,79.18262625
285,247,5,4,2,1,1,16,"Aho abantu babonera Internet",0,4,,,,79.18262625
285,247,5,4,2,1,1,8,"Poste de sante cg Farumasi",0,6,,,,79.18262625
285,247,5,4,2,1,1,10,"Amasoko",0,4,,,,79.18262625
285,247,5,4,2,1,1,11,"Amakusanyirizo y!amata",0,8,,,,79.18262625
285,247,5,4,2,1,1,1,"Ibigo by!amashuri y!incuke",1,,2021,3,,79.18262625
285,247,5,4,2,1,1,12,"Amashami ya Banki",0,6,,,,79.18262625
285,247,5,4,2,1,1,2,"Ibigo by!amashuri yibanza",0,4,,,,79.18262625
285,247,5,4,2,1,1,21,"Ipompo izamura amazi ikoresha amashanyarazi",0,10,,,,79.18262625
285,247,5,4,2,1,1,17,"Imiryango itari ibigo by!imari itari iya leta",0,6,,,,79.18262625
285,247,5,4,2,1,1,5,"Aho bategera Bus",0,10,,,,79.18262625
285,247,5,4,2,1,1,13,"Ibigo by!imari iciriritse",0,6,,,,79.18262625
285,247,5,4,2,1,1,23,"Ibiro by!ibigo bya Leta bitanga amashanyarazi",0,6,,,,79.18262625
285,247,5,4,2,1,1,18,"Aho bajya inama bakanatanga serivisi z!ubuhinzi",1,,2020,3,,79.18262625
285,247,5,4,2,1,1,19,"Insyo/amabarizo/aho bakora amavuta ateka",0,23,,,,79.18262625
285,247,5,4,2,1,1,3,"Ibigo by!amashuri yisumbuye",0,4,,,,79.18262625
285,247,5,4,2,1,1,15,"Ibiro by!iposita",0,25,,,,79.18262625
285,247,5,4,2,1,1,9,"Ibitaro",0,8,,,,79.18262625
285,247,5,4,2,1,1,14,"Poste ya polisi",0,6,,,,79.18262625
285,247,5,4,2,1,1,7,"Amavuriro ya Leta/Ikigo nderabuzima",0,6,,,,79.18262625
285,247,5,4,2,1,1,22,"Kiliziya/Umusigiti/Urusengero",0,4,,,,79.18262625
285,247,5,4,2,1,1,20,"Aho basharija/bakora telefoni",0,6,,,,79.18262625
285,247,5,4,2,1,1,6,"Amavuriro y!igenga",0,10,,,,79.18262625
286,248,5,4,2,1,1,6,"Amavuriro y!igenga",0,22,,,,133.014805369128
286,248,5,4,2,1,1,5,"Aho bategera Bus",0,22,,,,133.014805369128
286,248,5,4,2,1,1,21,"Ipompo izamura amazi ikoresha amashanyarazi",0,10,,,,133.014805369128
286,248,5,4,2,1,1,15,"Ibiro by!iposita",0,26,,,,133.014805369128
286,248,5,4,2,1,1,1,"Ibigo by!amashuri y!incuke",0,4,,,,133.014805369128
286,248,5,4,2,1,1,3,"Ibigo by!amashuri yisumbuye",0,2,,,,133.014805369128
286,248,5,4,2,1,1,16,"Aho abantu babonera Internet",0,8,,,,133.014805369128
286,248,5,4,2,1,1,2,"Ibigo by!amashuri yibanza",0,2,,,,133.014805369128
286,248,5,4,2,1,1,4,"Ikigo cy!amashuri y!imyuga  (TVET)",0,22,,,,133.014805369128
286,248,5,4,2,1,1,17,"Imiryango itari ibigo by!imari itari iya leta",0,22,,,,133.014805369128
286,248,5,4,2,1,1,10,"Amasoko",0,21,,,,133.014805369128
286,248,5,4,2,1,1,19,"Insyo/amabarizo/aho bakora amavuta ateka",0,22,,,,133.014805369128
286,248,5,4,2,1,1,22,"Kiliziya/Umusigiti/Urusengero",0,2,,,,133.014805369128
286,248,5,4,2,1,1,11,"Amakusanyirizo y!amata",0,5,,,,133.014805369128
286,248,5,4,2,1,1,13,"Ibigo by!imari iciriritse",0,22,,,,133.014805369128
286,248,5,4,2,1,1,18,"Aho bajya inama bakanatanga serivisi z!ubuhinzi",0,2,,,,133.014805369128
286,248,5,4,2,1,1,12,"Amashami ya Banki",0,22,,,,133.014805369128
286,248,5,4,2,1,1,14,"Poste ya polisi",0,20,,,,133.014805369128
286,248,5,4,2,1,1,23,"Ibiro by!ibigo bya Leta bitanga amashanyarazi",0,22,,,,133.014805369128
286,248,5,4,2,1,1,8,"Poste de sante cg Farumasi",0,1,,,,133.014805369128
286,248,5,4,2,1,1,9,"Ibitaro",0,60,,,,133.014805369128
286,248,5,4,2,1,1,7,"Amavuriro ya Leta/Ikigo nderabuzima",0,6,,,,133.014805369128
286,248,5,4,2,1,1,20,"Aho basharija/bakora telefoni",0,3,,,,133.014805369128
287,249,5,5,2,1,1,3,"Ibigo by!amashuri yisumbuye",1,,888,2,1,121.134436090226
287,249,5,5,2,1,1,15,"Ibiro by!iposita",0,12,,,,121.134436090226
287,249,5,5,2,1,1,12,"Amashami ya Banki",0,1,,,,121.134436090226
287,249,5,5,2,1,1,20,"Aho basharija/bakora telefoni",1,,2019,1,1,121.134436090226
287,249,5,5,2,1,1,7,"Amavuriro ya Leta/Ikigo nderabuzima",0,0,,,,121.134436090226
287,249,5,5,2,1,1,14,"Poste ya polisi",0,0,,,,121.134436090226
287,249,5,5,2,1,1,22,"Kiliziya/Umusigiti/Urusengero",1,,888,1,1,121.134436090226
287,249,5,5,2,1,1,17,"Imiryango itari ibigo by!imari itari iya leta",0,10,,,,121.134436090226
287,249,5,5,2,1,1,2,"Ibigo by!amashuri yibanza",1,,888,2,1,121.134436090226
287,249,5,5,2,1,1,8,"Poste de sante cg Farumasi",0,1,,,,121.134436090226
287,249,5,5,2,1,1,16,"Aho abantu babonera Internet",1,,2018,2,1,121.134436090226
287,249,5,5,2,1,1,21,"Ipompo izamura amazi ikoresha amashanyarazi",0,5,,,,121.134436090226
287,249,5,5,2,1,1,11,"Amakusanyirizo y!amata",0,10,,,,121.134436090226
287,249,5,5,2,1,1,19,"Insyo/amabarizo/aho bakora amavuta ateka",0,0,,,,121.134436090226
287,249,5,5,2,1,1,4,"Ikigo cy!amashuri y!imyuga  (TVET)",1,,2021,2,1,121.134436090226
287,249,5,5,2,1,1,6,"Amavuriro y!igenga",0,10,,,,121.134436090226
287,249,5,5,2,1,1,5,"Aho bategera Bus",1,,2019,3,,121.134436090226
287,249,5,5,2,1,1,23,"Ibiro by!ibigo bya Leta bitanga amashanyarazi",0,10,,,,121.134436090226
287,249,5,5,2,1,1,13,"Ibigo by!imari iciriritse",0,0,,,,121.134436090226
287,249,5,5,2,1,1,18,"Aho bajya inama bakanatanga serivisi z!ubuhinzi",0,10,,,,121.134436090226
287,249,5,5,2,1,1,9,"Ibitaro",0,10,,,,121.134436090226
287,249,5,5,2,1,1,10,"Amasoko",1,,888,3,,121.134436090226
287,249,5,5,2,1,1,1,"Ibigo by!amashuri y!incuke",1,,888,2,1,121.134436090226
288,250,5,5,1,1,1,19,"Insyo/amabarizo/aho bakora amavuta ateka",0,2,,,,9.34212658227848
288,250,5,5,1,1,1,6,"Amavuriro y!igenga",1,,2021,1,1,9.34212658227848
288,250,5,5,1,1,1,13,"Ibigo by!imari iciriritse",0,5,,,,9.34212658227848
288,250,5,5,1,1,1,22,"Kiliziya/Umusigiti/Urusengero",3,,888,1,1,9.34212658227848
288,250,5,5,1,1,1,7,"Amavuriro ya Leta/Ikigo nderabuzima",0,5,,,,9.34212658227848
288,250,5,5,1,1,1,12,"Amashami ya Banki",1,,2019,1,1,9.34212658227848
288,250,5,5,1,1,1,23,"Ibiro by!ibigo bya Leta bitanga amashanyarazi",1,,2015,1,1,9.34212658227848
288,250,5,5,1,1,1,4,"Ikigo cy!amashuri y!imyuga  (TVET)",1,,2019,1,1,9.34212658227848
288,250,5,5,1,1,1,20,"Aho basharija/bakora telefoni",0,1,,,,9.34212658227848
288,250,5,5,1,1,1,17,"Imiryango itari ibigo by!imari itari iya leta",1,,2015,1,1,9.34212658227848
288,250,5,5,1,1,1,14,"Poste ya polisi",0,2,,,,9.34212658227848
288,250,5,5,1,1,1,18,"Aho bajya inama bakanatanga serivisi z!ubuhinzi",0,1,,,,9.34212658227848
288,250,5,5,1,1,1,10,"Amasoko",0,1,,,,9.34212658227848
288,250,5,5,1,1,1,8,"Poste de sante cg Farumasi",2,,2021,1,1,9.34212658227848
288,250,5,5,1,1,1,1,"Ibigo by!amashuri y!incuke",1,,2019,1,1,9.34212658227848
288,250,5,5,1,1,1,5,"Aho bategera Bus",1,,2021,3,,9.34212658227848
288,250,5,5,1,1,1,21,"Ipompo izamura amazi ikoresha amashanyarazi",0,4,,,,9.34212658227848
288,250,5,5,1,1,1,9,"Ibitaro",0,2,,,,9.34212658227848
288,250,5,5,1,1,1,3,"Ibigo by!amashuri yisumbuye",1,,2005,1,1,9.34212658227848
288,250,5,5,1,1,1,2,"Ibigo by!amashuri yibanza",0,2,,,,9.34212658227848
288,250,5,5,1,1,1,11,"Amakusanyirizo y!amata",0,2,,,,9.34212658227848
288,250,5,5,1,1,1,16,"Aho abantu babonera Internet",1,,2015,1,1,9.34212658227848
288,250,5,5,1,1,1,15,"Ibiro by!iposita",0,30,,,,9.34212658227848
289,251,5,5,2,1,1,19,"Insyo/amabarizo/aho bakora amavuta ateka",0,3,,,,160.181593984962
289,251,5,5,2,1,1,23,"Ibiro by!ibigo bya Leta bitanga amashanyarazi",0,5,,,,160.181593984962
289,251,5,5,2,1,1,8,"Poste de sante cg Farumasi",0,3,,,,160.181593984962
289,251,5,5,2,1,1,14,"Poste ya polisi",0,2,,,,160.181593984962
289,251,5,5,2,1,1,4,"Ikigo cy!amashuri y!imyuga  (TVET)",0,3,,,,160.181593984962
289,251,5,5,2,1,1,7,"Amavuriro ya Leta/Ikigo nderabuzima",0,1,,,,160.181593984962
289,251,5,5,2,1,1,3,"Ibigo by!amashuri yisumbuye",0,1,,,,160.181593984962
289,251,5,5,2,1,1,9,"Ibitaro",0,1,,,,160.181593984962
289,251,5,5,2,1,1,22,"Kiliziya/Umusigiti/Urusengero",0,2,,,,160.181593984962
289,251,5,5,2,1,1,17,"Imiryango itari ibigo by!imari itari iya leta",0,3,,,,160.181593984962
289,251,5,5,2,1,1,5,"Aho bategera Bus",0,2,,,,160.181593984962
289,251,5,5,2,1,1,21,"Ipompo izamura amazi ikoresha amashanyarazi",0,6,,,,160.181593984962
289,251,5,5,2,1,1,20,"Aho basharija/bakora telefoni",0,3,,,,160.181593984962
289,251,5,5,2,1,1,1,"Ibigo by!amashuri y!incuke",0,1,,,,160.181593984962
289,251,5,5,2,1,1,16,"Aho abantu babonera Internet",0,2,,,,160.181593984962
289,251,5,5,2,1,1,10,"Amasoko",0,3,,,,160.181593984962
289,251,5,5,2,1,1,12,"Amashami ya Banki",0,3,,,,160.181593984962
289,251,5,5,2,1,1,2,"Ibigo by!amashuri yibanza",0,1,,,,160.181593984962
289,251,5,5,2,1,1,6,"Amavuriro y!igenga",0,3,,,,160.181593984962
289,251,5,5,2,1,1,11,"Amakusanyirizo y!amata",0,2,,,,160.181593984962
289,251,5,5,2,1,1,15,"Ibiro by!iposita",0,30,,,,160.181593984962
289,251,5,5,2,1,1,13,"Ibigo by!imari iciriritse",0,2,,,,160.181593984962
289,251,5,5,2,1,1,18,"Aho bajya inama bakanatanga serivisi z!ubuhinzi",0,3,,,,160.181593984962
290,252,5,5,2,1,1,2,"Ibigo by!amashuri yibanza",0,2,,,,6.41137191489362
290,252,5,5,2,1,1,12,"Amashami ya Banki",0,22,,,,6.41137191489362
290,252,5,5,2,1,1,10,"Amasoko",0,2,,,,6.41137191489362
290,252,5,5,2,1,1,23,"Ibiro by!ibigo bya Leta bitanga amashanyarazi",0,22,,,,6.41137191489362
290,252,5,5,2,1,1,19,"Insyo/amabarizo/aho bakora amavuta ateka",1,,2006,1,1,6.41137191489362
290,252,5,5,2,1,1,21,"Ipompo izamura amazi ikoresha amashanyarazi",0,5,,,,6.41137191489362
290,252,5,5,2,1,1,4,"Ikigo cy!amashuri y!imyuga  (TVET)",0,22,,,,6.41137191489362
290,252,5,5,2,1,1,11,"Amakusanyirizo y!amata",0,22,,,,6.41137191489362
290,252,5,5,2,1,1,14,"Poste ya polisi",0,5,,,,6.41137191489362
290,252,5,5,2,1,1,3,"Ibigo by!amashuri yisumbuye",0,2,,,,6.41137191489362
290,252,5,5,2,1,1,1,"Ibigo by!amashuri y!incuke",0,2,,,,6.41137191489362
290,252,5,5,2,1,1,15,"Ibiro by!iposita",0,40,,,,6.41137191489362
290,252,5,5,2,1,1,6,"Amavuriro y!igenga",0,22,,,,6.41137191489362
290,252,5,5,2,1,1,18,"Aho bajya inama bakanatanga serivisi z!ubuhinzi",0,3,,,,6.41137191489362
290,252,5,5,2,1,1,5,"Aho bategera Bus",0,2,,,,6.41137191489362
290,252,5,5,2,1,1,13,"Ibigo by!imari iciriritse",0,3,,,,6.41137191489362
290,252,5,5,2,1,1,20,"Aho basharija/bakora telefoni",0,0,,,,6.41137191489362
290,252,5,5,2,1,1,9,"Ibitaro",0,22,,,,6.41137191489362
290,252,5,5,2,1,1,16,"Aho abantu babonera Internet",0,2,,,,6.41137191489362
290,252,5,5,2,1,1,22,"Kiliziya/Umusigiti/Urusengero",1,,2006,3,,6.41137191489362
290,252,5,5,2,1,1,17,"Imiryango itari ibigo by!imari itari iya leta",0,5,,,,6.41137191489362
290,252,5,5,2,1,1,7,"Amavuriro ya Leta/Ikigo nderabuzima",0,2,,,,6.41137191489362
290,252,5,5,2,1,1,8,"Poste de sante cg Farumasi",0,5,,,,6.41137191489362
291,253,5,5,2,1,1,21,"Ipompo izamura amazi ikoresha amashanyarazi",0,3,,,,5.14883130434783
291,253,5,5,2,1,1,9,"Ibitaro",0,20,,,,5.14883130434783
291,253,5,5,2,1,1,1,"Ibigo by!amashuri y!incuke",0,4,,,,5.14883130434783
291,253,5,5,2,1,1,12,"Amashami ya Banki",0,20,,,,5.14883130434783
291,253,5,5,2,1,1,2,"Ibigo by!amashuri yibanza",0,1,,,,5.14883130434783
291,253,5,5,2,1,1,7,"Amavuriro ya Leta/Ikigo nderabuzima",0,4,,,,5.14883130434783
291,253,5,5,2,1,1,11,"Amakusanyirizo y!amata",0,20,,,,5.14883130434783
291,253,5,5,2,1,1,4,"Ikigo cy!amashuri y!imyuga  (TVET)",0,20,,,,5.14883130434783
291,253,5,5,2,1,1,8,"Poste de sante cg Farumasi",0,4,,,,5.14883130434783
291,253,5,5,2,1,1,6,"Amavuriro y!igenga",0,5,,,,5.14883130434783
291,253,5,5,2,1,1,3,"Ibigo by!amashuri yisumbuye",0,4,,,,5.14883130434783
291,253,5,5,2,1,1,22,"Kiliziya/Umusigiti/Urusengero",0,1,,,,5.14883130434783
291,253,5,5,2,1,1,15,"Ibiro by!iposita",0,4,,,,5.14883130434783
291,253,5,5,2,1,1,19,"Insyo/amabarizo/aho bakora amavuta ateka",0,20,,,,5.14883130434783
291,253,5,5,2,1,1,13,"Ibigo by!imari iciriritse",0,4,,,,5.14883130434783
291,253,5,5,2,1,1,16,"Aho abantu babonera Internet",0,20,,,,5.14883130434783
291,253,5,5,2,1,1,23,"Ibiro by!ibigo bya Leta bitanga amashanyarazi",0,20,,,,5.14883130434783
291,253,5,5,2,1,1,14,"Poste ya polisi",0,4,,,,5.14883130434783
291,253,5,5,2,1,1,20,"Aho basharija/bakora telefoni",0,4,,,,5.14883130434783
291,253,5,5,2,1,1,18,"Aho bajya inama bakanatanga serivisi z!ubuhinzi",0,4,,,,5.14883130434783
291,253,5,5,2,1,1,10,"Amasoko",0,20,,,,5.14883130434783
291,253,5,5,2,1,1,17,"Imiryango itari ibigo by!imari itari iya leta",0,4,,,,5.14883130434783
291,253,5,5,2,1,1,5,"Aho bategera Bus",0,10,,,,5.14883130434783
292,254,5,5,2,1,1,10,"Amasoko",0,12,,,,4.10791541284404
292,254,5,5,2,1,1,20,"Aho basharija/bakora telefoni",0,1,,,,4.10791541284404
292,254,5,5,2,1,1,18,"Aho bajya inama bakanatanga serivisi z!ubuhinzi",0,9,,,,4.10791541284404
292,254,5,5,2,1,1,14,"Poste ya polisi",0,1,,,,4.10791541284404
292,254,5,5,2,1,1,2,"Ibigo by!amashuri yibanza",0,1,,,,4.10791541284404
292,254,5,5,2,1,1,6,"Amavuriro y!igenga",0,20,,,,4.10791541284404
292,254,5,5,2,1,1,8,"Poste de sante cg Farumasi",0,1,,,,4.10791541284404
292,254,5,5,2,1,1,5,"Aho bategera Bus",0,1,,,,4.10791541284404
292,254,5,5,2,1,1,12,"Amashami ya Banki",0,20,,,,4.10791541284404
292,254,5,5,2,1,1,3,"Ibigo by!amashuri yisumbuye",0,1,,,,4.10791541284404
292,254,5,5,2,1,1,7,"Amavuriro ya Leta/Ikigo nderabuzima",0,7,,,,4.10791541284404
292,254,5,5,2,1,1,1,"Ibigo by!amashuri y!incuke",0,1,,,,4.10791541284404
292,254,5,5,2,1,1,15,"Ibiro by!iposita",0,1,,,,4.10791541284404
292,254,5,5,2,1,1,4,"Ikigo cy!amashuri y!imyuga  (TVET)",0,20,,,,4.10791541284404
292,254,5,5,2,1,1,16,"Aho abantu babonera Internet",0,20,,,,4.10791541284404
292,254,5,5,2,1,1,11,"Amakusanyirizo y!amata",0,20,,,,4.10791541284404
292,254,5,5,2,1,1,22,"Kiliziya/Umusigiti/Urusengero",0,1,,,,4.10791541284404
292,254,5,5,2,1,1,21,"Ipompo izamura amazi ikoresha amashanyarazi",0,3,,,,4.10791541284404
292,254,5,5,2,1,1,9,"Ibitaro",0,20,,,,4.10791541284404
292,254,5,5,2,1,1,19,"Insyo/amabarizo/aho bakora amavuta ateka",0,20,,,,4.10791541284404
292,254,5,5,2,1,1,17,"Imiryango itari ibigo by!imari itari iya leta",0,1,,,,4.10791541284404
292,254,5,5,2,1,1,13,"Ibigo by!imari iciriritse",1,,2017,1,1,4.10791541284404
292,254,5,5,2,1,1,23,"Ibiro by!ibigo bya Leta bitanga amashanyarazi",0,20,,,,4.10791541284404
293,255,5,5,2,1,1,5,"Aho bategera Bus",0,25,,,,6.88020618556701
293,255,5,5,2,1,1,13,"Ibigo by!imari iciriritse",1,,2021,1,1,6.88020618556701
293,255,5,5,2,1,1,7,"Amavuriro ya Leta/Ikigo nderabuzima",0,10,,,,6.88020618556701
293,255,5,5,2,1,1,15,"Ibiro by!iposita",0,1,,,,6.88020618556701
293,255,5,5,2,1,1,12,"Amashami ya Banki",0,15,,,,6.88020618556701
293,255,5,5,2,1,1,9,"Ibitaro",0,25,,,,6.88020618556701
293,255,5,5,2,1,1,6,"Amavuriro y!igenga",0,25,,,,6.88020618556701
293,255,5,5,2,1,1,10,"Amasoko",0,25,,,,6.88020618556701
293,255,5,5,2,1,1,20,"Aho basharija/bakora telefoni",5,,2018,1,1,6.88020618556701
293,255,5,5,2,1,1,4,"Ikigo cy!amashuri y!imyuga  (TVET)",0,16,,,,6.88020618556701
293,255,5,5,2,1,1,11,"Amakusanyirizo y!amata",0,25,,,,6.88020618556701
293,255,5,5,2,1,1,2,"Ibigo by!amashuri yibanza",0,3,,,,6.88020618556701
293,255,5,5,2,1,1,1,"Ibigo by!amashuri y!incuke",0,3,,,,6.88020618556701
293,255,5,5,2,1,1,22,"Kiliziya/Umusigiti/Urusengero",0,1,,,,6.88020618556701
293,255,5,5,2,1,1,17,"Imiryango itari ibigo by!imari itari iya leta",1,,2015,1,1,6.88020618556701
293,255,5,5,2,1,1,18,"Aho bajya inama bakanatanga serivisi z!ubuhinzi",0,8,,,,6.88020618556701
293,255,5,5,2,1,1,16,"Aho abantu babonera Internet",1,,2021,1,1,6.88020618556701
293,255,5,5,2,1,1,19,"Insyo/amabarizo/aho bakora amavuta ateka",8,,2015,1,1,6.88020618556701
293,255,5,5,2,1,1,14,"Poste ya polisi",1,,2015,1,1,6.88020618556701
293,255,5,5,2,1,1,8,"Poste de sante cg Farumasi",1,,2022,1,1,6.88020618556701
293,255,5,5,2,1,1,3,"Ibigo by!amashuri yisumbuye",0,3,,,,6.88020618556701
293,255,5,5,2,1,1,21,"Ipompo izamura amazi ikoresha amashanyarazi",0,3,,,,6.88020618556701
293,255,5,5,2,1,1,23,"Ibiro by!ibigo bya Leta bitanga amashanyarazi",0,25,,,,6.88020618556701
294,256,5,5,2,1,1,8,"Poste de sante cg Farumasi",0,4,,,,195.606
294,256,5,5,2,1,1,16,"Aho abantu babonera Internet",0,20,,,,195.606
294,256,5,5,2,1,1,10,"Amasoko",0,4,,,,195.606
294,256,5,5,2,1,1,18,"Aho bajya inama bakanatanga serivisi z!ubuhinzi",0,10,,,,195.606
294,256,5,5,2,1,1,12,"Amashami ya Banki",0,20,,,,195.606
294,256,5,5,2,1,1,13,"Ibigo by!imari iciriritse",0,4,,,,195.606
294,256,5,5,2,1,1,3,"Ibigo by!amashuri yisumbuye",0,4,,,,195.606
294,256,5,5,2,1,1,7,"Amavuriro ya Leta/Ikigo nderabuzima",0,2,,,,195.606
294,256,5,5,2,1,1,1,"Ibigo by!amashuri y!incuke",1,,2019,1,1,195.606
294,256,5,5,2,1,1,17,"Imiryango itari ibigo by!imari itari iya leta",0,20,,,,195.606
294,256,5,5,2,1,1,19,"Insyo/amabarizo/aho bakora amavuta ateka",0,20,,,,195.606
294,256,5,5,2,1,1,15,"Ibiro by!iposita",0,20,,,,195.606
294,256,5,5,2,1,1,9,"Ibitaro",0,20,,,,195.606
294,256,5,5,2,1,1,21,"Ipompo izamura amazi ikoresha amashanyarazi",0,6,,,,195.606
294,256,5,5,2,1,1,2,"Ibigo by!amashuri yibanza",1,,2019,1,1,195.606
294,256,5,5,2,1,1,11,"Amakusanyirizo y!amata",0,20,,,,195.606
294,256,5,5,2,1,1,5,"Aho bategera Bus",0,20,,,,195.606
294,256,5,5,2,1,1,4,"Ikigo cy!amashuri y!imyuga  (TVET)",0,20,,,,195.606
294,256,5,5,2,1,1,6,"Amavuriro y!igenga",0,20,,,,195.606
294,256,5,5,2,1,1,20,"Aho basharija/bakora telefoni",0,20,,,,195.606
294,256,5,5,2,1,1,14,"Poste ya polisi",0,15,,,,195.606
294,256,5,5,2,1,1,22,"Kiliziya/Umusigiti/Urusengero",2,,1992,1,1,195.606
294,256,5,5,2,1,1,23,"Ibiro by!ibigo bya Leta bitanga amashanyarazi",0,20,,,,195.606
295,257,5,5,2,1,1,6,"Amavuriro y!igenga",0,2,,,,5.47658758928572
295,257,5,5,2,1,1,13,"Ibigo by!imari iciriritse",0,8,,,,5.47658758928572
295,257,5,5,2,1,1,15,"Ibiro by!iposita",0,6,,,,5.47658758928572
295,257,5,5,2,1,1,20,"Aho basharija/bakora telefoni",0,15,,,,5.47658758928572
295,257,5,5,2,1,1,21,"Ipompo izamura amazi ikoresha amashanyarazi",0,9,,,,5.47658758928572
295,257,5,5,2,1,1,14,"Poste ya polisi",0,8,,,,5.47658758928572
295,257,5,5,2,1,1,12,"Amashami ya Banki",0,15,,,,5.47658758928572
295,257,5,5,2,1,1,19,"Insyo/amabarizo/aho bakora amavuta ateka",0,8,,,,5.47658758928572
295,257,5,5,2,1,1,17,"Imiryango itari ibigo by!imari itari iya leta",1,,2021,1,1,5.47658758928572
295,257,5,5,2,1,1,16,"Aho abantu babonera Internet",0,15,,,,5.47658758928572
295,257,5,5,2,1,1,4,"Ikigo cy!amashuri y!imyuga  (TVET)",0,0,,,,5.47658758928572
295,257,5,5,2,1,1,8,"Poste de sante cg Farumasi",0,5,,,,5.47658758928572
295,257,5,5,2,1,1,11,"Amakusanyirizo y!amata",3,,2018,1,1,5.47658758928572
295,257,5,5,2,1,1,23,"Ibiro by!ibigo bya Leta bitanga amashanyarazi",0,15,,,,5.47658758928572
295,257,5,5,2,1,1,10,"Amasoko",0,5,,,,5.47658758928572
295,257,5,5,2,1,1,18,"Aho bajya inama bakanatanga serivisi z!ubuhinzi",0,8,,,,5.47658758928572
295,257,5,5,2,1,1,22,"Kiliziya/Umusigiti/Urusengero",1,,2008,1,1,5.47658758928572
295,257,5,5,2,1,1,2,"Ibigo by!amashuri yibanza",0,1,,,,5.47658758928572
295,257,5,5,2,1,1,9,"Ibitaro",0,20,,,,5.47658758928572
295,257,5,5,2,1,1,5,"Aho bategera Bus",0,8,,,,5.47658758928572
295,257,5,5,2,1,1,3,"Ibigo by!amashuri yisumbuye",0,1,,,,5.47658758928572
295,257,5,5,2,1,1,1,"Ibigo by!amashuri y!incuke",0,1,,,,5.47658758928572
295,257,5,5,2,1,1,7,"Amavuriro ya Leta/Ikigo nderabuzima",0,2,,,,5.47658758928572
296,258,5,5,2,1,1,15,"Ibiro by!iposita",0,6,,,,7.95912688172043
296,258,5,5,2,1,1,18,"Aho bajya inama bakanatanga serivisi z!ubuhinzi",0,7,,,,7.95912688172043
296,258,5,5,2,1,1,7,"Amavuriro ya Leta/Ikigo nderabuzima",0,3,,,,7.95912688172043
296,258,5,5,2,1,1,5,"Aho bategera Bus",0,8,,,,7.95912688172043
296,258,5,5,2,1,1,12,"Amashami ya Banki",0,18,,,,7.95912688172043
296,258,5,5,2,1,1,20,"Aho basharija/bakora telefoni",0,18,,,,7.95912688172043
296,258,5,5,2,1,1,1,"Ibigo by!amashuri y!incuke",0,2,,,,7.95912688172043
296,258,5,5,2,1,1,3,"Ibigo by!amashuri yisumbuye",0,1,,,,7.95912688172043
296,258,5,5,2,1,1,13,"Ibigo by!imari iciriritse",0,7,,,,7.95912688172043
296,258,5,5,2,1,1,21,"Ipompo izamura amazi ikoresha amashanyarazi",0,7,,,,7.95912688172043
296,258,5,5,2,1,1,14,"Poste ya polisi",0,7,,,,7.95912688172043
296,258,5,5,2,1,1,16,"Aho abantu babonera Internet",0,18,,,,7.95912688172043
296,258,5,5,2,1,1,6,"Amavuriro y!igenga",0,18,,,,7.95912688172043
296,258,5,5,2,1,1,4,"Ikigo cy!amashuri y!imyuga  (TVET)",0,18,,,,7.95912688172043
296,258,5,5,2,1,1,22,"Kiliziya/Umusigiti/Urusengero",0,1,,,,7.95912688172043
296,258,5,5,2,1,1,19,"Insyo/amabarizo/aho bakora amavuta ateka",0,2,,,,7.95912688172043
296,258,5,5,2,1,1,23,"Ibiro by!ibigo bya Leta bitanga amashanyarazi",0,18,,,,7.95912688172043
296,258,5,5,2,1,1,8,"Poste de sante cg Farumasi",0,18,,,,7.95912688172043
296,258,5,5,2,1,1,11,"Amakusanyirizo y!amata",0,2,,,,7.95912688172043
296,258,5,5,2,1,1,10,"Amasoko",0,7,,,,7.95912688172043
296,258,5,5,2,1,1,9,"Ibitaro",0,18,,,,7.95912688172043
296,258,5,5,2,1,1,2,"Ibigo by!amashuri yibanza",0,2,,,,7.95912688172043
296,258,5,5,2,1,1,17,"Imiryango itari ibigo by!imari itari iya leta",0,18,,,,7.95912688172043
297,259,5,5,2,1,1,9,"Ibitaro",0,15,,,,2.34540276243094
297,259,5,5,2,1,1,17,"Imiryango itari ibigo by!imari itari iya leta",0,15,,,,2.34540276243094
297,259,5,5,2,1,1,13,"Ibigo by!imari iciriritse",0,8,,,,2.34540276243094
297,259,5,5,2,1,1,20,"Aho basharija/bakora telefoni",1,,2015,1,1,2.34540276243094
297,259,5,5,2,1,1,10,"Amasoko",0,4,,,,2.34540276243094
297,259,5,5,2,1,1,23,"Ibiro by!ibigo bya Leta bitanga amashanyarazi",0,15,,,,2.34540276243094
297,259,5,5,2,1,1,14,"Poste ya polisi",0,7,,,,2.34540276243094
297,259,5,5,2,1,1,5,"Aho bategera Bus",0,10,,,,2.34540276243094
297,259,5,5,2,1,1,2,"Ibigo by!amashuri yibanza",0,3,,,,2.34540276243094
297,259,5,5,2,1,1,15,"Ibiro by!iposita",0,7,,,,2.34540276243094
297,259,5,5,2,1,1,11,"Amakusanyirizo y!amata",0,0,,,,2.34540276243094
297,259,5,5,2,1,1,3,"Ibigo by!amashuri yisumbuye",0,3,,,,2.34540276243094
297,259,5,5,2,1,1,21,"Ipompo izamura amazi ikoresha amashanyarazi",0,0,,,,2.34540276243094
297,259,5,5,2,1,1,1,"Ibigo by!amashuri y!incuke",0,3,,,,2.34540276243094
297,259,5,5,2,1,1,4,"Ikigo cy!amashuri y!imyuga  (TVET)",0,15,,,,2.34540276243094
297,259,5,5,2,1,1,16,"Aho abantu babonera Internet",0,15,,,,2.34540276243094
297,259,5,5,2,1,1,7,"Amavuriro ya Leta/Ikigo nderabuzima",0,4,,,,2.34540276243094
297,259,5,5,2,1,1,22,"Kiliziya/Umusigiti/Urusengero",2,,2013,1,1,2.34540276243094
297,259,5,5,2,1,1,19,"Insyo/amabarizo/aho bakora amavuta ateka",5,,2019,2,1,2.34540276243094
297,259,5,5,2,1,1,12,"Amashami ya Banki",0,15,,,,2.34540276243094
297,259,5,5,2,1,1,8,"Poste de sante cg Farumasi",1,,2020,1,1,2.34540276243094
297,259,5,5,2,1,1,6,"Amavuriro y!igenga",0,10,,,,2.34540276243094
297,259,5,5,2,1,1,18,"Aho bajya inama bakanatanga serivisi z!ubuhinzi",0,7,,,,2.34540276243094
298,260,5,5,2,1,1,7,"Amavuriro ya Leta/Ikigo nderabuzima",0,1,,,,421.347619047619
298,260,5,5,2,1,1,1,"Ibigo by!amashuri y!incuke",0,1,,,,421.347619047619
298,260,5,5,2,1,1,2,"Ibigo by!amashuri yibanza",0,1,,,,421.347619047619
298,260,5,5,2,1,1,14,"Poste ya polisi",0,1,,,,421.347619047619
298,260,5,5,2,1,1,13,"Ibigo by!imari iciriritse",0,1,,,,421.347619047619
298,260,5,5,2,1,1,9,"Ibitaro",0,16,,,,421.347619047619
298,260,5,5,2,1,1,18,"Aho bajya inama bakanatanga serivisi z!ubuhinzi",0,1,,,,421.347619047619
298,260,5,5,2,1,1,22,"Kiliziya/Umusigiti/Urusengero",0,1,,,,421.347619047619
298,260,5,5,2,1,1,17,"Imiryango itari ibigo by!imari itari iya leta",1,,2018,1,1,421.347619047619
298,260,5,5,2,1,1,16,"Aho abantu babonera Internet",0,14,,,,421.347619047619
298,260,5,5,2,1,1,12,"Amashami ya Banki",0,14,,,,421.347619047619
298,260,5,5,2,1,1,10,"Amasoko",0,12,,,,421.347619047619
298,260,5,5,2,1,1,5,"Aho bategera Bus",0,2,,,,421.347619047619
298,260,5,5,2,1,1,21,"Ipompo izamura amazi ikoresha amashanyarazi",0,14,,,,421.347619047619
298,260,5,5,2,1,1,6,"Amavuriro y!igenga",0,12,,,,421.347619047619
298,260,5,5,2,1,1,11,"Amakusanyirizo y!amata",0,16,,,,421.347619047619
298,260,5,5,2,1,1,15,"Ibiro by!iposita",0,14,,,,421.347619047619
298,260,5,5,2,1,1,19,"Insyo/amabarizo/aho bakora amavuta ateka",0,1,,,,421.347619047619
298,260,5,5,2,1,1,23,"Ibiro by!ibigo bya Leta bitanga amashanyarazi",0,14,,,,421.347619047619
298,260,5,5,2,1,1,3,"Ibigo by!amashuri yisumbuye",0,1,,,,421.347619047619
298,260,5,5,2,1,1,20,"Aho basharija/bakora telefoni",0,14,,,,421.347619047619
298,260,5,5,2,1,1,8,"Poste de sante cg Farumasi",0,3,,,,421.347619047619
298,260,5,5,2,1,1,4,"Ikigo cy!amashuri y!imyuga  (TVET)",0,8,,,,421.347619047619
308,261,5,6,2,1,1,10,"Amasoko",0,23,,,,65.4211258741259
308,261,5,6,2,1,1,19,"Insyo/amabarizo/aho bakora amavuta ateka",0,25,,,,65.4211258741259
308,261,5,6,2,1,1,5,"Aho bategera Bus",0,25,,,,65.4211258741259
308,261,5,6,2,1,1,4,"Ikigo cy!amashuri y!imyuga  (TVET)",0,25,,,,65.4211258741259
308,261,5,6,2,1,1,22,"Kiliziya/Umusigiti/Urusengero",2,,888,3,,65.4211258741259
308,261,5,6,2,1,1,13,"Ibigo by!imari iciriritse",0,25,,,,65.4211258741259
308,261,5,6,2,1,1,8,"Poste de sante cg Farumasi",0,3,,,,65.4211258741259
308,261,5,6,2,1,1,18,"Aho bajya inama bakanatanga serivisi z!ubuhinzi",0,25,,,,65.4211258741259
308,261,5,6,2,1,1,7,"Amavuriro ya Leta/Ikigo nderabuzima",0,23,,,,65.4211258741259
308,261,5,6,2,1,1,1,"Ibigo by!amashuri y!incuke",1,,888,3,,65.4211258741259
308,261,5,6,2,1,1,3,"Ibigo by!amashuri yisumbuye",1,,2007,3,,65.4211258741259
308,261,5,6,2,1,1,11,"Amakusanyirizo y!amata",0,25,,,,65.4211258741259
308,261,5,6,2,1,1,14,"Poste ya polisi",0,3,,,,65.4211258741259
308,261,5,6,2,1,1,2,"Ibigo by!amashuri yibanza",1,,1986,3,,65.4211258741259
308,261,5,6,2,1,1,20,"Aho basharija/bakora telefoni",0,25,,,,65.4211258741259
308,261,5,6,2,1,1,16,"Aho abantu babonera Internet",0,25,,,,65.4211258741259
308,261,5,6,2,1,1,17,"Imiryango itari ibigo by!imari itari iya leta",0,25,,,,65.4211258741259
308,261,5,6,2,1,1,9,"Ibitaro",0,25,,,,65.4211258741259
308,261,5,6,2,1,1,21,"Ipompo izamura amazi ikoresha amashanyarazi",0,10,,,,65.4211258741259
308,261,5,6,2,1,1,12,"Amashami ya Banki",0,25,,,,65.4211258741259
308,261,5,6,2,1,1,6,"Amavuriro y!igenga",0,30,,,,65.4211258741259
308,261,5,6,2,1,1,15,"Ibiro by!iposita",0,25,,,,65.4211258741259
308,261,5,6,2,1,1,23,"Ibiro by!ibigo bya Leta bitanga amashanyarazi",0,25,,,,65.4211258741259
309,262,5,6,1,1,1,20,"Aho basharija/bakora telefoni",0,1,,,,11.2610976744186
309,262,5,6,1,1,1,19,"Insyo/amabarizo/aho bakora amavuta ateka",1,,2015,1,1,11.2610976744186
309,262,5,6,1,1,1,15,"Ibiro by!iposita",0,3,,,,11.2610976744186
309,262,5,6,1,1,1,2,"Ibigo by!amashuri yibanza",1,,1997,1,1,11.2610976744186
309,262,5,6,1,1,1,10,"Amasoko",0,2,,,,11.2610976744186
309,262,5,6,1,1,1,22,"Kiliziya/Umusigiti/Urusengero",6,,1988,1,1,11.2610976744186
309,262,5,6,1,1,1,5,"Aho bategera Bus",0,1,,,,11.2610976744186
309,262,5,6,1,1,1,9,"Ibitaro",0,4,,,,11.2610976744186
309,262,5,6,1,1,1,23,"Ibiro by!ibigo bya Leta bitanga amashanyarazi",0,4,,,,11.2610976744186
309,262,5,6,1,1,1,21,"Ipompo izamura amazi ikoresha amashanyarazi",0,8,,,,11.2610976744186
309,262,5,6,1,1,1,16,"Aho abantu babonera Internet",1,,888,1,1,11.2610976744186
309,262,5,6,1,1,1,18,"Aho bajya inama bakanatanga serivisi z!ubuhinzi",0,3,,,,11.2610976744186
309,262,5,6,1,1,1,8,"Poste de sante cg Farumasi",0,1,,,,11.2610976744186
309,262,5,6,1,1,1,11,"Amakusanyirizo y!amata",1,,2011,1,1,11.2610976744186
309,262,5,6,1,1,1,1,"Ibigo by!amashuri y!incuke",1,,1997,1,1,11.2610976744186
309,262,5,6,1,1,1,17,"Imiryango itari ibigo by!imari itari iya leta",0,1,,,,11.2610976744186
309,262,5,6,1,1,1,12,"Amashami ya Banki",0,0,,,,11.2610976744186
309,262,5,6,1,1,1,4,"Ikigo cy!amashuri y!imyuga  (TVET)",0,3,,,,11.2610976744186
309,262,5,6,1,1,1,6,"Amavuriro y!igenga",0,3,,,,11.2610976744186
309,262,5,6,1,1,1,7,"Amavuriro ya Leta/Ikigo nderabuzima",0,3,,,,11.2610976744186
309,262,5,6,1,1,1,14,"Poste ya polisi",0,5,,,,11.2610976744186
309,262,5,6,1,1,1,3,"Ibigo by!amashuri yisumbuye",0,1,,,,11.2610976744186
309,262,5,6,1,1,1,13,"Ibigo by!imari iciriritse",0,1,,,,11.2610976744186
310,263,5,6,2,1,1,20,"Aho basharija/bakora telefoni",0,2,,,,265.9455
310,263,5,6,2,1,1,1,"Ibigo by!amashuri y!incuke",0,4,,,,265.9455
310,263,5,6,2,1,1,14,"Poste ya polisi",0,6,,,,265.9455
310,263,5,6,2,1,1,12,"Amashami ya Banki",0,5,,,,265.9455
310,263,5,6,2,1,1,6,"Amavuriro y!igenga",0,30,,,,265.9455
310,263,5,6,2,1,1,13,"Ibigo by!imari iciriritse",0,5,,,,265.9455
310,263,5,6,2,1,1,10,"Amasoko",0,5,,,,265.9455
310,263,5,6,2,1,1,7,"Amavuriro ya Leta/Ikigo nderabuzima",0,5,,,,265.9455
310,263,5,6,2,1,1,4,"Ikigo cy!amashuri y!imyuga  (TVET)",0,30,,,,265.9455
310,263,5,6,2,1,1,16,"Aho abantu babonera Internet",0,3,,,,265.9455
310,263,5,6,2,1,1,17,"Imiryango itari ibigo by!imari itari iya leta",0,5,,,,265.9455
310,263,5,6,2,1,1,19,"Insyo/amabarizo/aho bakora amavuta ateka",0,2,,,,265.9455
310,263,5,6,2,1,1,8,"Poste de sante cg Farumasi",0,5,,,,265.9455
310,263,5,6,2,1,1,9,"Ibitaro",0,30,,,,265.9455
310,263,5,6,2,1,1,23,"Ibiro by!ibigo bya Leta bitanga amashanyarazi",0,30,,,,265.9455
310,263,5,6,2,1,1,5,"Aho bategera Bus",0,3,,,,265.9455
310,263,5,6,2,1,1,2,"Ibigo by!amashuri yibanza",0,4,,,,265.9455
310,263,5,6,2,1,1,11,"Amakusanyirizo y!amata",0,25,,,,265.9455
310,263,5,6,2,1,1,18,"Aho bajya inama bakanatanga serivisi z!ubuhinzi",0,5,,,,265.9455
310,263,5,6,2,1,1,3,"Ibigo by!amashuri yisumbuye",0,3,,,,265.9455
310,263,5,6,2,1,1,15,"Ibiro by!iposita",0,30,,,,265.9455
310,263,5,6,2,1,1,21,"Ipompo izamura amazi ikoresha amashanyarazi",0,25,,,,265.9455
310,263,5,6,2,1,1,22,"Kiliziya/Umusigiti/Urusengero",0,1,,,,265.9455
311,264,5,6,2,1,1,1,"Ibigo by!amashuri y!incuke",1,,2020,1,1,110.668164383562
311,264,5,6,2,1,1,19,"Insyo/amabarizo/aho bakora amavuta ateka",0,17,,,,110.668164383562
311,264,5,6,2,1,1,12,"Amashami ya Banki",0,15,,,,110.668164383562
311,264,5,6,2,1,1,7,"Amavuriro ya Leta/Ikigo nderabuzima",0,3,,,,110.668164383562
311,264,5,6,2,1,1,11,"Amakusanyirizo y!amata",0,56,,,,110.668164383562
311,264,5,6,2,1,1,2,"Ibigo by!amashuri yibanza",1,,2007,1,1,110.668164383562
311,264,5,6,2,1,1,6,"Amavuriro y!igenga",0,56,,,,110.668164383562
311,264,5,6,2,1,1,14,"Poste ya polisi",0,3,,,,110.668164383562
311,264,5,6,2,1,1,15,"Ibiro by!iposita",0,56,,,,110.668164383562
311,264,5,6,2,1,1,18,"Aho bajya inama bakanatanga serivisi z!ubuhinzi",0,5,,,,110.668164383562
311,264,5,6,2,1,1,17,"Imiryango itari ibigo by!imari itari iya leta",0,56,,,,110.668164383562
311,264,5,6,2,1,1,3,"Ibigo by!amashuri yisumbuye",0,3,,,,110.668164383562
311,264,5,6,2,1,1,9,"Ibitaro",0,3,,,,110.668164383562
311,264,5,6,2,1,1,10,"Amasoko",0,5,,,,110.668164383562
311,264,5,6,2,1,1,8,"Poste de sante cg Farumasi",0,56,,,,110.668164383562
311,264,5,6,2,1,1,23,"Ibiro by!ibigo bya Leta bitanga amashanyarazi",0,56,,,,110.668164383562
311,264,5,6,2,1,1,16,"Aho abantu babonera Internet",0,3,,,,110.668164383562
311,264,5,6,2,1,1,13,"Ibigo by!imari iciriritse",0,3,,,,110.668164383562
311,264,5,6,2,1,1,5,"Aho bategera Bus",0,3,,,,110.668164383562
311,264,5,6,2,1,1,20,"Aho basharija/bakora telefoni",1,,2021,1,1,110.668164383562
311,264,5,6,2,1,1,21,"Ipompo izamura amazi ikoresha amashanyarazi",0,3,,,,110.668164383562
311,264,5,6,2,1,1,22,"Kiliziya/Umusigiti/Urusengero",0,4,,,,110.668164383562
311,264,5,6,2,1,1,4,"Ikigo cy!amashuri y!imyuga  (TVET)",0,3,,,,110.668164383562
312,265,5,6,2,1,1,10,"Amasoko",0,4,,,,188.315441860465
312,265,5,6,2,1,1,9,"Ibitaro",0,5,,,,188.315441860465
312,265,5,6,2,1,1,4,"Ikigo cy!amashuri y!imyuga  (TVET)",0,5,,,,188.315441860465
312,265,5,6,2,1,1,5,"Aho bategera Bus",0,5,,,,188.315441860465
312,265,5,6,2,1,1,2,"Ibigo by!amashuri yibanza",0,5,,,,188.315441860465
312,265,5,6,2,1,1,8,"Poste de sante cg Farumasi",0,6,,,,188.315441860465
312,265,5,6,2,1,1,3,"Ibigo by!amashuri yisumbuye",0,5,,,,188.315441860465
312,265,5,6,2,1,1,14,"Poste ya polisi",1,,888,1,1,188.315441860465
312,265,5,6,2,1,1,12,"Amashami ya Banki",0,25,,,,188.315441860465
312,265,5,6,2,1,1,11,"Amakusanyirizo y!amata",0,25,,,,188.315441860465
312,265,5,6,2,1,1,1,"Ibigo by!amashuri y!incuke",0,5,,,,188.315441860465
312,265,5,6,2,1,1,15,"Ibiro by!iposita",0,25,,,,188.315441860465
312,265,5,6,2,1,1,6,"Amavuriro y!igenga",0,8,,,,188.315441860465
312,265,5,6,2,1,1,19,"Insyo/amabarizo/aho bakora amavuta ateka",1,,2017,1,1,188.315441860465
312,265,5,6,2,1,1,23,"Ibiro by!ibigo bya Leta bitanga amashanyarazi",0,25,,,,188.315441860465
312,265,5,6,2,1,1,22,"Kiliziya/Umusigiti/Urusengero",1,,2018,1,1,188.315441860465
312,265,5,6,2,1,1,21,"Ipompo izamura amazi ikoresha amashanyarazi",0,4,,,,188.315441860465
312,265,5,6,2,1,1,20,"Aho basharija/bakora telefoni",0,4,,,,188.315441860465
312,265,5,6,2,1,1,17,"Imiryango itari ibigo by!imari itari iya leta",0,5,,,,188.315441860465
312,265,5,6,2,1,1,16,"Aho abantu babonera Internet",1,,2021,1,1,188.315441860465
312,265,5,6,2,1,1,13,"Ibigo by!imari iciriritse",1,,2006,1,1,188.315441860465
312,265,5,6,2,1,1,7,"Amavuriro ya Leta/Ikigo nderabuzima",0,5,,,,188.315441860465
312,265,5,6,2,1,1,18,"Aho bajya inama bakanatanga serivisi z!ubuhinzi",0,4,,,,188.315441860465
313,266,5,7,1,1,1,5,"Aho bategera Bus",1,,1980,2,1,16.9766382352941
313,266,5,7,1,1,1,3,"Ibigo by!amashuri yisumbuye",0,0,,,,16.9766382352941
313,266,5,7,1,1,1,9,"Ibitaro",0,27,,,,16.9766382352941
313,266,5,7,1,1,1,11,"Amakusanyirizo y!amata",0,0,,,,16.9766382352941
313,266,5,7,1,1,1,18,"Aho bajya inama bakanatanga serivisi z!ubuhinzi",2,,2012,1,1,16.9766382352941
313,266,5,7,1,1,1,17,"Imiryango itari ibigo by!imari itari iya leta",1,,2011,1,1,16.9766382352941
313,266,5,7,1,1,1,16,"Aho abantu babonera Internet",3,,2020,1,1,16.9766382352941
313,266,5,7,1,1,1,13,"Ibigo by!imari iciriritse",1,,1980,1,1,16.9766382352941
313,266,5,7,1,1,1,4,"Ikigo cy!amashuri y!imyuga  (TVET)",0,0,,,,16.9766382352941
313,266,5,7,1,1,1,6,"Amavuriro y!igenga",0,1,,,,16.9766382352941
313,266,5,7,1,1,1,20,"Aho basharija/bakora telefoni",3,,2012,1,1,16.9766382352941
313,266,5,7,1,1,1,14,"Poste ya polisi",1,,1970,1,1,16.9766382352941
313,266,5,7,1,1,1,23,"Ibiro by!ibigo bya Leta bitanga amashanyarazi",0,0,,,,16.9766382352941
313,266,5,7,1,1,1,19,"Insyo/amabarizo/aho bakora amavuta ateka",0,0,,,,16.9766382352941
313,266,5,7,1,1,1,1,"Ibigo by!amashuri y!incuke",0,0,,,,16.9766382352941
313,266,5,7,1,1,1,8,"Poste de sante cg Farumasi",0,3,,,,16.9766382352941
313,266,5,7,1,1,1,7,"Amavuriro ya Leta/Ikigo nderabuzima",1,,1970,1,1,16.9766382352941
313,266,5,7,1,1,1,10,"Amasoko",0,15,,,,16.9766382352941
313,266,5,7,1,1,1,2,"Ibigo by!amashuri yibanza",0,0,,,,16.9766382352941
313,266,5,7,1,1,1,21,"Ipompo izamura amazi ikoresha amashanyarazi",0,0,,,,16.9766382352941
313,266,5,7,1,1,1,15,"Ibiro by!iposita",0,27,,,,16.9766382352941
313,266,5,7,1,1,1,22,"Kiliziya/Umusigiti/Urusengero",1,,1980,1,1,16.9766382352941
313,266,5,7,1,1,1,12,"Amashami ya Banki",2,,2011,1,1,16.9766382352941
314,267,5,7,2,1,1,13,"Ibigo by!imari iciriritse",0,6,,,,121.421042553191
314,267,5,7,2,1,1,14,"Poste ya polisi",0,15,,,,121.421042553191
314,267,5,7,2,1,1,5,"Aho bategera Bus",0,6,,,,121.421042553191
314,267,5,7,2,1,1,3,"Ibigo by!amashuri yisumbuye",0,4,,,,121.421042553191
314,267,5,7,2,1,1,12,"Amashami ya Banki",0,6,,,,121.421042553191
314,267,5,7,2,1,1,15,"Ibiro by!iposita",0,19,,,,121.421042553191
314,267,5,7,2,1,1,18,"Aho bajya inama bakanatanga serivisi z!ubuhinzi",0,6,,,,121.421042553191
314,267,5,7,2,1,1,16,"Aho abantu babonera Internet",0,6,,,,121.421042553191
314,267,5,7,2,1,1,11,"Amakusanyirizo y!amata",0,15,,,,121.421042553191
314,267,5,7,2,1,1,9,"Ibitaro",0,19,,,,121.421042553191
314,267,5,7,2,1,1,19,"Insyo/amabarizo/aho bakora amavuta ateka",0,6,,,,121.421042553191
314,267,5,7,2,1,1,6,"Amavuriro y!igenga",0,19,,,,121.421042553191
314,267,5,7,2,1,1,22,"Kiliziya/Umusigiti/Urusengero",1,,888,1,1,121.421042553191
314,267,5,7,2,1,1,7,"Amavuriro ya Leta/Ikigo nderabuzima",1,,2017,1,1,121.421042553191
314,267,5,7,2,1,1,20,"Aho basharija/bakora telefoni",0,6,,,,121.421042553191
314,267,5,7,2,1,1,4,"Ikigo cy!amashuri y!imyuga  (TVET)",0,15,,,,121.421042553191
314,267,5,7,2,1,1,2,"Ibigo by!amashuri yibanza",1,,2014,1,1,121.421042553191
314,267,5,7,2,1,1,23,"Ibiro by!ibigo bya Leta bitanga amashanyarazi",0,19,,,,121.421042553191
314,267,5,7,2,1,1,17,"Imiryango itari ibigo by!imari itari iya leta",0,15,,,,121.421042553191
314,267,5,7,2,1,1,21,"Ipompo izamura amazi ikoresha amashanyarazi",0,0,,,,121.421042553191
314,267,5,7,2,1,1,1,"Ibigo by!amashuri y!incuke",0,6,,,,121.421042553191
314,267,5,7,2,1,1,8,"Poste de sante cg Farumasi",1,,2016,1,1,121.421042553191
314,267,5,7,2,1,1,10,"Amasoko",0,6,,,,121.421042553191
315,268,5,7,2,1,1,2,"Ibigo by!amashuri yibanza",0,1,,,,161.408918918919
315,268,5,7,2,1,1,5,"Aho bategera Bus",0,16,,,,161.408918918919
315,268,5,7,2,1,1,9,"Ibitaro",0,17,,,,161.408918918919
315,268,5,7,2,1,1,20,"Aho basharija/bakora telefoni",0,2,,,,161.408918918919
315,268,5,7,2,1,1,22,"Kiliziya/Umusigiti/Urusengero",1,,2017,1,1,161.408918918919
315,268,5,7,2,1,1,10,"Amasoko",0,4,,,,161.408918918919
315,268,5,7,2,1,1,13,"Ibigo by!imari iciriritse",0,4,,,,161.408918918919
315,268,5,7,2,1,1,3,"Ibigo by!amashuri yisumbuye",0,3,,,,161.408918918919
315,268,5,7,2,1,1,16,"Aho abantu babonera Internet",0,3,,,,161.408918918919
315,268,5,7,2,1,1,6,"Amavuriro y!igenga",0,3,,,,161.408918918919
315,268,5,7,2,1,1,21,"Ipompo izamura amazi ikoresha amashanyarazi",0,5,,,,161.408918918919
315,268,5,7,2,1,1,12,"Amashami ya Banki",0,4,,,,161.408918918919
315,268,5,7,2,1,1,17,"Imiryango itari ibigo by!imari itari iya leta",0,16,,,,161.408918918919
315,268,5,7,2,1,1,19,"Insyo/amabarizo/aho bakora amavuta ateka",0,1,,,,161.408918918919
315,268,5,7,2,1,1,4,"Ikigo cy!amashuri y!imyuga  (TVET)",0,3,,,,161.408918918919
315,268,5,7,2,1,1,7,"Amavuriro ya Leta/Ikigo nderabuzima",0,2,,,,161.408918918919
315,268,5,7,2,1,1,14,"Poste ya polisi",0,16,,,,161.408918918919
315,268,5,7,2,1,1,15,"Ibiro by!iposita",0,16,,,,161.408918918919
315,268,5,7,2,1,1,1,"Ibigo by!amashuri y!incuke",0,2,,,,161.408918918919
315,268,5,7,2,1,1,8,"Poste de sante cg Farumasi",0,4,,,,161.408918918919
315,268,5,7,2,1,1,18,"Aho bajya inama bakanatanga serivisi z!ubuhinzi",3,,2020,1,1,161.408918918919
315,268,5,7,2,1,1,23,"Ibiro by!ibigo bya Leta bitanga amashanyarazi",0,16,,,,161.408918918919
315,268,5,7,2,1,1,11,"Amakusanyirizo y!amata",0,16,,,,161.408918918919
316,269,5,7,2,1,1,22,"Kiliziya/Umusigiti/Urusengero",2,,1982,1,1,140.077125
316,269,5,7,2,1,1,17,"Imiryango itari ibigo by!imari itari iya leta",0,8,,,,140.077125
316,269,5,7,2,1,1,15,"Ibiro by!iposita",0,8,,,,140.077125
316,269,5,7,2,1,1,6,"Amavuriro y!igenga",0,3,,,,140.077125
316,269,5,7,2,1,1,18,"Aho bajya inama bakanatanga serivisi z!ubuhinzi",0,8,,,,140.077125
316,269,5,7,2,1,1,9,"Ibitaro",0,8,,,,140.077125
316,269,5,7,2,1,1,12,"Amashami ya Banki",0,8,,,,140.077125
316,269,5,7,2,1,1,5,"Aho bategera Bus",0,8,,,,140.077125
316,269,5,7,2,1,1,10,"Amasoko",0,8,,,,140.077125
316,269,5,7,2,1,1,20,"Aho basharija/bakora telefoni",0,8,,,,140.077125
316,269,5,7,2,1,1,13,"Ibigo by!imari iciriritse",0,8,,,,140.077125
316,269,5,7,2,1,1,14,"Poste ya polisi",0,8,,,,140.077125
316,269,5,7,2,1,1,19,"Insyo/amabarizo/aho bakora amavuta ateka",1,,2015,1,1,140.077125
316,269,5,7,2,1,1,23,"Ibiro by!ibigo bya Leta bitanga amashanyarazi",0,8,,,,140.077125
316,269,5,7,2,1,1,2,"Ibigo by!amashuri yibanza",1,,1977,1,1,140.077125
316,269,5,7,2,1,1,3,"Ibigo by!amashuri yisumbuye",1,,2010,1,1,140.077125
316,269,5,7,2,1,1,11,"Amakusanyirizo y!amata",0,8,,,,140.077125
316,269,5,7,2,1,1,8,"Poste de sante cg Farumasi",0,7,,,,140.077125
316,269,5,7,2,1,1,16,"Aho abantu babonera Internet",1,,2019,1,1,140.077125
316,269,5,7,2,1,1,7,"Amavuriro ya Leta/Ikigo nderabuzima",0,8,,,,140.077125
316,269,5,7,2,1,1,1,"Ibigo by!amashuri y!incuke",1,,2012,1,1,140.077125
316,269,5,7,2,1,1,21,"Ipompo izamura amazi ikoresha amashanyarazi",0,8,,,,140.077125
316,269,5,7,2,1,1,4,"Ikigo cy!amashuri y!imyuga  (TVET)",0,8,,,,140.077125
317,270,5,7,1,1,1,22,"Kiliziya/Umusigiti/Urusengero",0,2,,,,10.6805162650602
317,270,5,7,1,1,1,14,"Poste ya polisi",0,0,,,,10.6805162650602
317,270,5,7,1,1,1,4,"Ikigo cy!amashuri y!imyuga  (TVET)",1,,2003,1,1,10.6805162650602
317,270,5,7,1,1,1,7,"Amavuriro ya Leta/Ikigo nderabuzima",0,2,,,,10.6805162650602
317,270,5,7,1,1,1,12,"Amashami ya Banki",0,5,,,,10.6805162650602
317,270,5,7,1,1,1,10,"Amasoko",0,5,,,,10.6805162650602
317,270,5,7,1,1,1,6,"Amavuriro y!igenga",0,2,,,,10.6805162650602
317,270,5,7,1,1,1,11,"Amakusanyirizo y!amata",0,2,,,,10.6805162650602
317,270,5,7,1,1,1,23,"Ibiro by!ibigo bya Leta bitanga amashanyarazi",1,,1976,1,1,10.6805162650602
317,270,5,7,1,1,1,5,"Aho bategera Bus",0,2,,,,10.6805162650602
317,270,5,7,1,1,1,20,"Aho basharija/bakora telefoni",0,2,,,,10.6805162650602
317,270,5,7,1,1,1,13,"Ibigo by!imari iciriritse",0,5,,,,10.6805162650602
317,270,5,7,1,1,1,16,"Aho abantu babonera Internet",0,2,,,,10.6805162650602
317,270,5,7,1,1,1,19,"Insyo/amabarizo/aho bakora amavuta ateka",0,0,,,,10.6805162650602
317,270,5,7,1,1,1,8,"Poste de sante cg Farumasi",0,2,,,,10.6805162650602
317,270,5,7,1,1,1,15,"Ibiro by!iposita",0,3,,,,10.6805162650602
317,270,5,7,1,1,1,9,"Ibitaro",0,5,,,,10.6805162650602
317,270,5,7,1,1,1,17,"Imiryango itari ibigo by!imari itari iya leta",0,2,,,,10.6805162650602
317,270,5,7,1,1,1,1,"Ibigo by!amashuri y!incuke",0,2,,,,10.6805162650602
317,270,5,7,1,1,1,18,"Aho bajya inama bakanatanga serivisi z!ubuhinzi",0,2,,,,10.6805162650602
317,270,5,7,1,1,1,2,"Ibigo by!amashuri yibanza",0,2,,,,10.6805162650602
317,270,5,7,1,1,1,3,"Ibigo by!amashuri yisumbuye",1,,2007,1,1,10.6805162650602
317,270,5,7,1,1,1,21,"Ipompo izamura amazi ikoresha amashanyarazi",0,0,,,,10.6805162650602
318,271,5,7,1,1,1,21,"Ipompo izamura amazi ikoresha amashanyarazi",0,0,,,,14.9964432926829
318,271,5,7,1,1,1,1,"Ibigo by!amashuri y!incuke",3,,2010,1,1,14.9964432926829
318,271,5,7,1,1,1,7,"Amavuriro ya Leta/Ikigo nderabuzima",2,,888,1,1,14.9964432926829
318,271,5,7,1,1,1,12,"Amashami ya Banki",0,0,,,,14.9964432926829
318,271,5,7,1,1,1,23,"Ibiro by!ibigo bya Leta bitanga amashanyarazi",0,1,,,,14.9964432926829
318,271,5,7,1,1,1,8,"Poste de sante cg Farumasi",0,0,,,,14.9964432926829
318,271,5,7,1,1,1,3,"Ibigo by!amashuri yisumbuye",0,0,,,,14.9964432926829
318,271,5,7,1,1,1,11,"Amakusanyirizo y!amata",1,,2017,1,1,14.9964432926829
318,271,5,7,1,1,1,4,"Ikigo cy!amashuri y!imyuga  (TVET)",0,2,,,,14.9964432926829
318,271,5,7,1,1,1,15,"Ibiro by!iposita",0,1,,,,14.9964432926829
318,271,5,7,1,1,1,6,"Amavuriro y!igenga",0,1,,,,14.9964432926829
318,271,5,7,1,1,1,5,"Aho bategera Bus",1,,888,1,1,14.9964432926829
318,271,5,7,1,1,1,13,"Ibigo by!imari iciriritse",0,0,,,,14.9964432926829
318,271,5,7,1,1,1,18,"Aho bajya inama bakanatanga serivisi z!ubuhinzi",0,1,,,,14.9964432926829
318,271,5,7,1,1,1,19,"Insyo/amabarizo/aho bakora amavuta ateka",0,3,,,,14.9964432926829
318,271,5,7,1,1,1,17,"Imiryango itari ibigo by!imari itari iya leta",0,1,,,,14.9964432926829
318,271,5,7,1,1,1,2,"Ibigo by!amashuri yibanza",2,,2010,1,1,14.9964432926829
318,271,5,7,1,1,1,16,"Aho abantu babonera Internet",0,1,,,,14.9964432926829
318,271,5,7,1,1,1,14,"Poste ya polisi",0,1,,,,14.9964432926829
318,271,5,7,1,1,1,22,"Kiliziya/Umusigiti/Urusengero",3,,2014,1,1,14.9964432926829
318,271,5,7,1,1,1,10,"Amasoko",1,,888,1,1,14.9964432926829
318,271,5,7,1,1,1,20,"Aho basharija/bakora telefoni",0,1,,,,14.9964432926829
318,271,5,7,1,1,1,9,"Ibitaro",1,,888,1,1,14.9964432926829
319,272,5,7,2,1,1,6,"Amavuriro y!igenga",0,1,,,,156.04722972973
319,272,5,7,2,1,1,13,"Ibigo by!imari iciriritse",0,1,,,,156.04722972973
319,272,5,7,2,1,1,15,"Ibiro by!iposita",0,1,,,,156.04722972973
319,272,5,7,2,1,1,10,"Amasoko",0,1,,,,156.04722972973
319,272,5,7,2,1,1,14,"Poste ya polisi",0,1,,,,156.04722972973
319,272,5,7,2,1,1,17,"Imiryango itari ibigo by!imari itari iya leta",0,20,,,,156.04722972973
319,272,5,7,2,1,1,4,"Ikigo cy!amashuri y!imyuga  (TVET)",1,,2020,1,1,156.04722972973
319,272,5,7,2,1,1,23,"Ibiro by!ibigo bya Leta bitanga amashanyarazi",0,20,,,,156.04722972973
319,272,5,7,2,1,1,18,"Aho bajya inama bakanatanga serivisi z!ubuhinzi",0,20,,,,156.04722972973
319,272,5,7,2,1,1,9,"Ibitaro",0,20,,,,156.04722972973
319,272,5,7,2,1,1,5,"Aho bategera Bus",0,1,,,,156.04722972973
319,272,5,7,2,1,1,3,"Ibigo by!amashuri yisumbuye",0,1,,,,156.04722972973
319,272,5,7,2,1,1,7,"Amavuriro ya Leta/Ikigo nderabuzima",0,5,,,,156.04722972973
319,272,5,7,2,1,1,16,"Aho abantu babonera Internet",0,1,,,,156.04722972973
319,272,5,7,2,1,1,8,"Poste de sante cg Farumasi",1,,2016,1,1,156.04722972973
319,272,5,7,2,1,1,2,"Ibigo by!amashuri yibanza",0,1,,,,156.04722972973
319,272,5,7,2,1,1,21,"Ipompo izamura amazi ikoresha amashanyarazi",1,,2016,2,3,156.04722972973
319,272,5,7,2,1,1,1,"Ibigo by!amashuri y!incuke",0,1,,,,156.04722972973
319,272,5,7,2,1,1,22,"Kiliziya/Umusigiti/Urusengero",0,0,,,,156.04722972973
319,272,5,7,2,1,1,19,"Insyo/amabarizo/aho bakora amavuta ateka",1,,2016,1,1,156.04722972973
319,272,5,7,2,1,1,20,"Aho basharija/bakora telefoni",0,1,,,,156.04722972973
319,272,5,7,2,1,1,11,"Amakusanyirizo y!amata",0,15,,,,156.04722972973
319,272,5,7,2,1,1,12,"Amashami ya Banki",0,1,,,,156.04722972973
