"PROVINCE","DISTRICT","Cluster","HI04","HI05","TYPEHH","HH_WT","G01","G02","G02A","G02B","G28","G29","G30","G31","G32","G33","G34","G35A","G35B","G36A","G36B","G37A","G37B","G38","G39","G40","G41","G42","G43","G44","G45","G46","G47","G48","G48_AREA_OTHER","G49_SQUARE","G49_L","G49_W","G49_CERCLE","G50","G51","G52","G53","G54","G54_OTHER","G55_1","G55_2","G55_3","G55_4","G55_5","G55_6","G55_7","G55_8","G55_9","G55_10","G55_OTHER","hhid","camp","ref_weight"
1,11,1,1,1,1,400.7663,"01",240,1,2,,,,,,,,0,,0,,0,,2,2,2,4,4,3,4,4,1,1,2,,,4,3,,1,6,2,1,2,,,,,,,,,,,," ",110100101,,
1,11,1,1,3,1,400.7663,"02",120,1,2,,,,,,,,1,0,1,0,0,,4,2,3,2,2,3,5,2,0,,,,,,,,,,,,1,,,,,,,,,,,," ",110100301,,
1,11,1,1,4,1,400.7663,"02",180,1,2,,,,,,,,0,,0,,0,,1,2,2,2,2,3,4,1,0,,,,,,,,,,,,1,,,,,,,,,,,," ",110100401,,
1,11,1,1,7,1,400.7663,"02",120,1,1,,,,,,,,1,0,1,2,1,0,4,1,3,2,2,2,5,3,1,0,2,,,3,2,,1,3,1,1,1,,,,,,,,,,,," ",110100701,,
1,11,1,1,8,1,400.7663,"02",120,1,2,,,,,,,,0,,1,0,0,,3,1,3,2,2,3,5,3,1,1,2,,,3,2,,1,3,1,1,1,,,,,,,,,,,," ",110100801,,
1,11,1,1,9,1,400.7663,"02",180,1,2,,,,,,,,0,,1,1,0,,1,2,5,5,1,888,5,888,0,,,,,,,,,,,,2,,,,,,,,,,,," ",110100901,,
1,11,1,1,10,1,400.7663,"02",150,1,1,,,,,,,,1,888,0,,0,,4,5,2,1,2,1,5,2,0,,,,,,,,,,,,4,,,,,,,,,,,," ",110101001,,
1,11,1,1,11,1,400.7663,"02",90,1,2,3,3,3,5,3,5,5,0,,0,,0,,4,4,1,2,1,2,5,2,1,1,2,,,5,3,,1,5,2,1,5,,,,,,,,,,,," ",110101101,,
1,11,1,1,13,1,50.5471009009009,"01",240,1,2,,,,,,,,0,,0,,0,,5,5,5,4,1,1,5,5,0,,,,,,,,,,,,6,,,,,,,,,,,," ",110101301,,
1,11,1,1,14,1,400.7663,"07",240,1,2,3,3,3,5,3,5,5,0,,0,,0,,2,2,4,4,2,2,5,2,1,1,2,,,5,4,,1,4,2,1,2,,,,,,,,,,,," ",110101401,,
1,11,1,1,15,1,400.7663,"01",120,1,2,,,,,,,,0,,0,,0,,4,2,888,2,2,888,5,888,1,1,2,,,4,2,,1,5,2,1,5,,,,,,,,,,,," ",110101501,,
1,11,1,1,16,1,400.7663,"02",120,1,1,,,,,,,,1,1,1,1,1,0,2,4,2,2,2,2,2,1,0,,,,,,,,,,,,3,,,,,,,,,,,," ",110101601,,
1,11,1,1,17,1,400.7663,"01",60,1,1,,,,,,,,1,1,1,0,1,0,1,2,1,2,1,2,2,2,0,,,,,,,,,,,,2,,,,,,,,,,,," ",110101701,,
1,11,1,1,19,1,400.7663,"02",180,1,1,5,5,5,5,5,5,5,1,0,1,1,0,,1,2,2,2,2,2,2,2,1,1,1,,2,,,,1,4,1,1,1,,,,,,,,,,,," ",110101901,,
1,11,1,1,20,1,400.7663,"01",60,1,2,,,,,,,,0,,1,2,0,,4,2,3,4,2,3,4,3,0,,,,,,,,,,,,2,,,,,,,,,,,," ",110102001,,
1,11,2,2,1,1,221.941,"02",60,2,,,,,,,,,0,,0,,0,,2,1,2,4,2,2,4,3,0,,,,,,,,,,,,1,,,,,,,,,,,," ",110200101,,
1,11,2,2,2,1,221.941,"02",120,1,,,,,,,,,0,,0,,0,,2,2,2,2,3,2,4,3,0,,,,,,,,,,,,1,,,,,,,,,,,," ",110200201,,
1,11,2,2,3,1,105.421975,"02",240,2,,,,,,,,,1,0,1,2,0,,888,1,888,5,2,888,5,888,0,,,,,,,,,,,,2,,,,,,,,,,,," ",110200301,,
1,11,2,2,4,1,105.421975,"01",120,2,,,,,,,,,0,,0,,0,,1,5,3,1,2,1,2,1,1,0,1,,2,,,,1,3,0,1,2,,,,,,,,,,,," ",110200401,,
1,11,2,2,5,1,105.421975,"03",90,2,,,,,,,,,0,,0,,0,,1,1,2,1,2,5,888,888,0,,,,,,,,,,,,4,,,,,,,,,,,," ",110200501,,
1,11,2,2,6,1,105.421975,"02",150,1,,,,,,,,,0,,1,2,0,,1,1,1,4,2,2,5,888,1,1,1,,2,,,,1,3,1,0,2,,,,,,,,,,,," ",110200601,,
1,11,2,2,7,1,105.421975,"02",240,2,,,,,,,,,0,,1,1,0,,3,2,3,2,4,3,2,4,0,,,,,,,,,,,,1,,,,,,,,,,,," ",110200701,,
1,11,2,2,8,1,221.941,"01",180,2,,,,,,,,,0,,0,,0,,2,2,2,2,4,3,4,3,0,,,,,,,,,,,,1,,,,,,,,,,,," ",110200801,,
1,11,2,2,9,1,105.421975,"02",60,1,,,,,,,,,1,2,1,2,0,,4,3,3,3,3,3,5,3,0,,,,,,,,,,,,1,,,,,,,,,,,," ",110200901,,
1,11,2,2,10,1,221.941,"02",120,2,,,,,,,,,0,,1,4,0,,4,2,3,3,2,888,4,3,0,,,,,,,,,,,,555,6,,,,,,,,,,," ",110201001,,
1,11,2,2,11,1,221.941,"02",250,1,,,,,,,,,0,,0,,0,,2,2,3,3,4,3,4,3,1,0,1,,3,,,,1,3,1,1,1,,,,,,,,,,,," ",110201101,,
1,11,2,2,12,1,221.941,"01",120,1,,,,,,,,,0,,0,,0,,888,1,888,2,2,888,2,4,0,,,,,,,,,,,,2,,,,,,,,,,,," ",110201201,,
1,11,2,2,13,1,221.941,"02",60,2,,,,,,,,,0,,0,,0,,888,2,888,4,4,1,1,4,1,0,1,,3,,,,1,4,0,1,2,,,,,,,,,,,," ",110201301,,
1,11,2,2,14,1,221.941,"02",80,1,,,,,,,,,0,,1,4,0,,2,3,2,2,2,4,4,3,1,0,2,,,2,2,,1,2,0,1,4,,,,,,,,,,,," ",110201401,,
1,11,2,2,15,1,221.941,"02",120,1,,,,,,,,,0,,0,,0,,2,2,4,2,3,4,5,4,1,0,1,,2,,,,1,2,1,1,555,6,,,,,,,,,,," ",110201501,,
1,11,2,2,16,1,221.941,"02",120,2,,,,,,,,,0,,0,,0,,888,1,5,5,888,2,3,2,1,1,1,,3,,,,1,4,2,1,4,,,,,,,,,,,," ",110201601,,
1,11,2,2,18,1,221.941,"02",150,2,,,,,,,,,1,0,1,0,0,,1,1,1,5,2,1,5,2,0,,,,,,,,,,,,1,,,,,,,,,,,," ",110201801,,
1,11,2,2,22,1,221.941,"01",60,1,,,,,,,,,1,888,1,4,0,,3,1,3,1,1,3,1,4,0,,,,,,,,,,,,2,,,,,,,,,,,," ",110202201,,
1,11,3,2,1,1,179.50659375,"01",120,2,,,,,,,,,1,0,1,2,0,,888,2,888,4,4,4,4,888,0,,,,,,,,,,,,2,,,,,,,,,,,," ",110300101,,
1,11,3,2,2,1,179.50659375,"01",40,2,,,,,,,,,0,,1,4,0,,3,888,3,3,2,3,888,3,0,,,,,,,,,,,,555,6,,,,,,,,,,," ",110300201,,
1,11,3,2,3,1,1566.603,"01",60,2,,,,,,,,,0,,1,2,0,,888,2,888,4,4,888,5,888,0,,,,,,,,,,,,2,,,,,,,,,,,," ",110300301,,
1,11,3,2,4,1,179.50659375,"02",120,2,,,,,,,,,1,0,1,0,0,,888,2,2,2,4,4,1,4,1,0,2,,,3,2,,1,2,1,1,2,,,,,,,,,,,," ",110300401,,
1,11,3,2,5,1,1566.603,"01",120,1,,,,,,,,,0,,1,4,0,,1,1,2,2,2,2,4,5,1,1,1,,2,,,,1,2,1,0,5,,,,,,,,,,,," ",110300501,,
1,11,3,2,6,1,179.50659375,"01",40,2,,1,1,1,1,1,1,1,0,,0,,0,,2,1,4,2,2,2,2,2,0,,,,,,,,,,,,5,,,,,,,,,,,," ",110300601,,
1,11,3,2,7,1,179.50659375,"01",120,2,,,,,,,,,0,,0,,0,,4,2,2,2,2,2,3,1,0,,,,,,,,,,,,2,,,,,,,,,,,," ",110300701,,
1,11,3,2,8,1,179.50659375,"02",90,1,,,,,,,,,0,,1,4,0,,2,2,4,3,3,4,5,3,0,0,2,,,4,3,,1,5,1,1,6,,,,,,,,,,,," ",110300801,,
1,11,3,2,9,1,1566.603,"01",60,2,,,,,,,,,0,,0,,0,,3,888,3,888,3,3,4,3,0,,,,,,,,,,,,555,6,,,,,,,,,,," ",110300901,,
1,11,3,2,10,1,1566.603,"02",60,1,,,,,,,,,0,,1,4,0,,4,2,2,2,2,5,5,888,1,0,1,,3,,,,1,2,1,1,1,,,,,,,,,,,," ",110301001,,
1,11,3,2,11,1,1566.603,"02",480,1,,2,2,2,2,2,2,3,0,,0,,0,,2,2,4,2,2,2,2,4,1,1,2,,,3,2,,1,3,1,1,2,,,,,,,,,,,," ",110301101,,
1,11,3,2,12,1,1566.603,"02",240,1,,,,,,,,,0,,0,,0,,3,2,3,4,4,3,3,5,1,0,2,,,3,2,,1,3,1,1,2,,,,,,,,,,,," ",110301201,,
1,11,3,2,13,1,1566.603,"02",440,1,,,,,,,,,0,,0,,0,,2,2,2,4,5,3,3,3,1,1,1,,3,,,,1,3,2,1,2,,,,,,,,,,,," ",110301301,,
1,11,3,2,14,1,179.50659375,"01",60,1,,,,,,,,,0,,1,4,0,,888,2,888,4,2,888,2,888,0,,,,,,,,,,,,2,,,,,,,,,,,," ",110301401,,
1,11,3,2,15,1,179.50659375,"02",60,2,,,,,,,,,0,,0,,0,,888,2,888,2,2,888,4,888,0,,,,,,,,,,,,2,,,,,,,,,,,," ",110301501,,
1,11,3,2,16,1,1566.603,"02",120,2,,,,,,,,,0,,1,4,0,,5,888,888,1,2,4,2,888,1,0,2,,,2,2,,1,2,0,0,1,,,,,,,,,,,," ",110301601,,
1,11,3,2,17,1,1566.603,"02",60,2,,,,,,,,,0,,0,,0,,2,2,2,888,2,2,5,888,0,,,,,,,,,,,,1,,,,,,,,,,,," ",110301701,,
1,11,3,2,18,1,1566.603,"02",150,1,,,,,,,,,0,,1,4,0,,888,2,888,2,2,888,888,888,1,0,1,,2,,,,1,5,0,1,2,,,,,,,,,,,," ",110301801,,
1,11,4,1,1,1,262.5804,"01",30,2,2,,,,,,,,0,,0,,0,,3,1,3,888,2,4,5,888,0,,,,,,,,,,,,2,,,,,,,,,,,," ",110400101,,
1,11,4,1,2,1,262.5804,"03",180,1,2,,,,,,,,0,,1,0,0,,2,2,3,4,2,2,5,2,0,,,,,,,,,,,,2,,,,,,,,,,,," ",110400201,,
1,11,4,1,3,1,262.5804,"02",180,1,1,,,,,,,,0,,0,,0,,2,2,5,888,2,888,5,888,0,,,,,,,,,,,,2,,,,,,,,,,,," ",110400301,,
1,11,4,1,4,1,262.5804,"03",120,1,2,,,,,,,,0,,0,,0,,888,888,888,1,2,3,2,5,0,,,,,,,,,,,,2,,,,,,,,,,,," ",110400401,,
1,11,4,1,5,1,262.5804,"03",240,1,1,3,3,3,5,3,5,5,0,,0,,0,,4,4,2,2,1,4,5,2,1,1,1,,2,,,,1,3,2,1,5,,,,,,,,,,,," ",110400501,,
1,11,4,1,6,1,262.5804,"02",240,1,1,,,,,,,,0,,0,,0,,3,5,5,4,4,3,5,5,0,,,,,,,,,,,,4,,,,,,,,,,,," ",110400601,,
1,11,4,1,7,1,262.5804,"02",90,1,2,,,,,,,,0,,0,,0,,888,1,3,888,4,3,5,888,0,,,,,,,,,,,,1,,,,,,,,,,,," ",110400701,,
1,11,4,1,8,1,262.5804,"01",30,2,2,,,,,,,,0,,0,,0,,888,1,888,888,2,888,888,888,0,,,,,,,,,,,,1,,,,,,,,,,,," ",110400801,,
1,11,4,1,9,1,262.5804,"02",145,1,1,,,,,,,,1,0,1,0,0,,2,2,2,2,1,2,2,2,1,1,1,,2,,,,1,2,2,1,2,,,,,,,,,,,," ",110400901,,
1,11,4,1,10,1,262.5804,"02",30,1,2,,,,,,,,0,,0,,0,,888,1,888,2,888,3,4,888,1,1,1,,3,,,,1,3,1,1,2,,,,,,,,,,,," ",110401001,,
1,11,4,1,11,1,262.5804,"06",240,1,1,3,3,3,3,3,5,5,0,,0,,0,,2,2,2,5,2,2,5,2,1,1,2,,,5,4,,1,4,2,0,2,,,,,,,,,,,," ",110401101,,
1,11,4,1,12,1,262.5804,"05",120,1,2,,,,,,,,1,1,1,0,0,,2,2,2,5,2,2,2,2,0,,,,,,,,,,,,4,,,,,,,,,,,," ",110401201,,
1,11,4,1,13,1,262.5804,"01",180,1,1,,,,,,,,0,,0,,0,,4,5,2,2,2,5,5,888,1,1,1,,2,,,,1,3,2,1,5,,,,,,,,,,,," ",110401301,,
1,11,4,1,15,1,262.5804,"02",120,1,1,,,,,,,,1,1,1,1,0,,1,2,2,2,2,2,1,2,0,,,,,,,,,,,,2,,,,,,,,,,,," ",110401501,,
1,11,4,1,17,1,262.5804,"01",60,1,2,,,,,,,,1,0,1,0,0,,1,1,2,3,2,2,5,2,1,1,1,,3,,,,1,3,1,1,1,,,,,,,,,,,," ",110401701,,
1,11,4,1,19,1,262.5804,"02",300,1,1,,,,,,,,0,,0,,0,,2,4,4,4,3,3,4,4,0,,,,,,,,,,,,2,,,,,,,,,,,," ",110401901,,
1,11,4,1,21,1,262.5804,"05",180,1,1,,,,,,,,0,,0,,0,,5,4,2,3,3,1,5,3,0,,,,,,,,,,,,3,,,,,,,,,,,," ",110402101,,
1,11,4,1,22,1,262.5804,"05",180,1,2,,,,,,,,0,,0,,0,,4,2,1,2,1,5,1,888,1,1,2,,,3,2,,1,3,2,1,5,,,,,,,,,,,," ",110402201,,
1,11,5,1,1,1,35.6145062761506,"02",120,1,2,,,,,,,,1,0,1,0,0,,1,2,888,2,2,1,2,2,0,,,,,,,,,,,,1,,,,,,,,,,,," ",110500101,,
1,11,5,1,2,1,35.6145062761506,"01",60,2,2,,,,,,,,1,0,1,0,0,,888,2,888,2,2,2,2,2,0,0,1,,2,,,,1,2,1,1,1,,,,,,,,,,,," ",110500201,,
1,11,5,1,3,1,35.6145062761506,"02",260,1,2,,,,,,,,1,1,1,3,0,,2,2,2,2,1,2,2,2,0,,,,,,,,,,,,1,,,,,,,,,,,," ",110500301,,
1,11,5,1,4,1,35.6145062761506,"02",180,1,1,,,,,,,,0,,1,2,0,,2,2,2,4,2,2,5,3,0,,,,,,,,,,,,2,,,,,,,,,,,," ",110500401,,
1,11,5,1,5,1,187.074,"02",60,1,2,,,,,,,,0,,0,,0,,3,1,888,888,4,4,5,888,0,,,,,,,,,,,,1,,,,,,,,,,,," ",110500501,,
1,11,5,1,6,1,187.074,"02",60,1,2,,,,,,,,0,,0,,0,,4,1,2,3,888,888,888,5,0,,,,,,,,,,,,1,,,,,,,,,,,," ",110500601,,
1,11,5,1,7,1,187.074,"01",120,1,2,,,,,,,,0,,1,2,0,,2,2,3,2,2,5,5,888,1,1,1,,3,,,,1,5,2,1,2,,,,,,,,,,,," ",110500701,,
1,11,5,1,8,1,187.074,"02",240,1,2,,,,,,,,0,,1,2,0,,2,1,4,4,2,3,5,2,0,,,,,,,,,,,,2,,,,,,,,,,,," ",110500801,,
1,11,5,1,9,1,187.074,"01",120,1,2,,,,,,,,1,0,1,0,0,,4,1,3,1,1,3,5,3,0,,,,,,,,,,,,1,,,,,,,,,,,," ",110500901,,
1,11,5,1,10,1,187.074,"01",30,1,2,,,,,,,,0,,0,,0,,4,1,888,3,4,888,4,888,0,,,,,,,,,,,,1,,,,,,,,,,,," ",110501001,,
1,11,5,1,11,1,187.074,"01",120,2,2,,,,,,,,0,,1,3,0,,3,1,3,4,2,3,5,4,0,,,,,,,,,,,,2,,,,,,,,,,,," ",110501101,,
1,11,5,1,12,1,187.074,"02",120,1,2,3,3,3,5,3,3,5,0,,0,,0,,1,2,2,2,2,2,5,2,1,1,2,,,4,2,,1,4,3,1,2,,,,,,,,,,,," ",110501201,,
1,11,5,1,14,1,187.074,"06",150,1,1,,,,,,,,1,1,1,0,0,,4,1,3,1,1,3,5,3,0,,,,,,,,,,,,1,,,,,,,,,,,," ",110501401,,
1,11,5,1,16,1,187.074,"01",180,2,2,,,,,,,,0,,1,3,0,,1,2,3,4,2,3,5,4,0,,,,,,,,,,,,2,,,,,,,,,,,," ",110501601,,
1,11,5,1,17,1,187.074,"01",120,1,2,,,,,,,,1,0,1,0,0,,3,1,3,3,1,3,5,3,0,,,,,,,,,,,,1,,,,,,,,,,,," ",110501701,,
1,11,5,1,18,1,187.074,"01",150,1,2,,,,,,,,1,0,1,0,0,,4,2,3,2,1,3,5,3,0,,,,,,,,,,,,1,,,,,,,,,,,," ",110501801,,
1,11,5,1,20,1,187.074,"02",120,1,2,,,,,,,,1,0,1,0,0,,4,1,3,2,1,3,5,3,0,,,,,,,,,,,,1,,,,,,,,,,,," ",110502001,,
1,11,6,1,1,1,504.2603,"02",60,1,2,3,3,3,3,3,3,3,1,888,1,3,1,0,1,888,5,5,5,5,4,1,0,,,,,,,,,,,,1,,,,,,,,,,,," ",110600101,,
1,11,6,1,2,1,504.2603,"01",30,1,1,,,,,,,,0,,0,,0,,4,888,1,888,1,1,888,888,0,,,,,,,,,,,,6,,,,,,,,,,,," ",110600201,,
1,11,6,1,3,1,504.2603,"02",120,1,2,,,,,,,,0,,1,4,0,,888,1,888,888,4,4,2,888,0,,,,,,,,,,,,1,,,,,,,,,,,," ",110600301,,
1,11,6,1,4,1,504.2603,"01",90,1,2,,,,,,,,1,0,0,,0,,888,888,888,888,888,888,888,888,1,0,1,,3,,,,1,3,1,1,1,,,,,,,,,,,," ",110600401,,
1,11,6,1,5,1,504.2603,"02",120,1,2,,,,,,,,0,,1,4,0,,1,1,2,2,1,5,4,4,0,,,,,,,,,,,,1,,,,,,,,,,,," ",110600501,,
1,11,6,1,6,1,504.2603,"01",180,1,2,,,,,,,,0,,0,,0,,2,888,2,888,888,2,5,888,0,,,,,,,,,,,,1,,,,,,,,,,,," ",110600601,,
1,11,6,1,7,1,504.2603,"02",60,1,2,,,,,,,,1,888,1,3,0,,1,888,888,888,2,888,5,888,1,1,2,,,3,2,,1,2,1,1,1,,,,,,,,,,,," ",110600701,,
1,11,6,1,8,1,504.2603,"02",40,1,2,,,,,,,,0,,0,,1,0,2,2,4,4,2,4,4,2,0,,,,,,,,,,,,4,,,,,,,,,,,," ",110600801,,
1,11,6,1,9,1,504.2603,"01",540,1,2,,,,,,,,0,,1,2,0,,1,1,1,4,4,888,5,888,0,,,,,,,,,,,,2,,,,,,,,,,,," ",110600901,,
1,11,6,1,10,1,504.2603,"03",90,1,1,,,,,,,,0,,0,,0,,888,2,888,888,4,1,5,3,0,,,,,,,,,,,,2,,,,,,,,,,,," ",110601001,,
1,11,6,1,11,1,504.2603,"02",120,1,1,,,,,,,,0,,1,2,0,,2,3,3,2,2,4,4,2,0,,,,,,,,,,,,2,,,,,,,,,,,," ",110601101,,
1,11,6,1,12,1,504.2603,"01",30,1,2,,,,,,,,0,,0,,0,,4,2,4,2,4,2,1,2,1,0,1,,2,,,,1,4,2,1,2,,,,,,,,,,,," ",110601201,,
1,11,6,1,13,1,504.2603,"02",180,1,2,,,,,,,,0,,0,,0,,2,2,2,4,4,1,4,2,0,,,,,,,,,,,,4,,,,,,,,,,,," ",110601301,,
1,11,6,1,14,1,504.2603,"02",150,1,2,,,,,,,,0,,1,1,0,,4,1,4,4,2,4,2,2,1,1,2,,,5,3,,1,3,2,1,1,,,,,,,,,,,," ",110601401,,
1,11,6,1,15,1,504.2603,"01",60,2,2,,,,,,,,0,,0,,0,,1,2,1,2,3,4,2,2,0,,,,,,,,,,,,4,,,,,,,,,,,," ",110601501,,
1,11,6,1,16,1,504.2603,"02",60,1,2,2,2,2,2,2,2,2,1,888,1,888,1,0,888,888,5,5,2,888,5,888,0,,,,,,,,,,,,1,,,,,,,,,,,," ",110601601,,
1,11,6,1,17,1,504.2603,"02",240,1,2,2,2,2,2,2,2,5,1,0,1,0,0,,1,1,1,1,1,1,1,1,0,,,,,,,,,,,,2,,,,,,,,,,,," ",110601701,,
1,11,6,1,18,1,504.2603,"03",30,1,2,,,,,,,,0,,1,0,0,,4,1,1,1,1,1,2,2,0,,,,,,,,,,,,3,,,,,,,,,,,," ",110601801,,
1,11,7,1,1,1,191.7855,"01",180,1,1,,,,,,,,1,1,0,,0,,5,888,1,1,888,5,888,4,0,,,,,,,,,,,,3,,,,,,,,,,,," ",110700101,,
1,11,7,1,2,1,191.7855,"02",120,1,1,5,5,5,5,5,5,5,0,,1,1,1,0,2,2,4,4,2,4,4,2,1,1,2,,,3,2,,1,3,2,0,6,,,,,,,,,,,," ",110700201,,
1,11,7,1,3,1,191.7855,"02",150,1,1,,,,,,,,1,0,1,4,1,0,2,2,4,4,2,4,2,2,0,,,,,,,,,,,,4,,,,,,,,,,,," ",110700301,,
1,11,7,1,4,1,191.7855,"02",240,1,1,,,,,,,,0,,1,0,0,,4,2,4,4,4,4,4,2,0,,,,,,,,,,,,1,,,,,,,,,,,," ",110700401,,
1,11,7,1,5,1,191.7855,"03",180,1,2,,,,,,,,0,,0,,0,,4,4,2,4,4,4,888,4,0,,,,,,,,,,,,1,,,,,,,,,,,," ",110700501,,
1,11,7,1,6,1,191.7855,"03",120,1,1,,,,,,,,0,,0,,0,,2,2,2,3,4,4,4,1,0,,,,,,,,,,,,4,,,,,,,,,,,," ",110700601,,
1,11,7,1,7,1,191.7855,"06",180,1,1,5,5,3,5,3,5,5,0,,0,,1,0,2,2,4,4,2,2,3,2,1,1,1,,2,,,,1,3,3,1,4,,,,,,,,,,,," ",110700701,,
1,11,7,1,8,1,191.7855,"02",60,1,1,,,,,,,,0,,1,0,1,888,5,888,2,5,2,2,5,888,0,,,,,,,,,,,,1,,,,,,,,,,,," ",110700801,,
1,11,7,1,9,1,191.7855,"01",60,1,2,,,,,,,,1,0,1,0,1,4,2,2,2,2,2,4,4,2,0,,,,,,,,,,,,4,,,,,,,,,,,," ",110700901,,
1,11,7,1,10,1,191.7855,"02",180,1,1,5,3,3,3,3,5,5,0,,1,4,1,0,1,2,4,4,4,4,4,2,1,1,1,,3,,,,1,3,2,0,4,,,,,,,,,,,," ",110701001,,
1,11,7,1,11,1,191.7855,"05",120,1,1,,,,,,,,0,,0,,0,,888,888,888,888,888,3,888,2,0,,,,,,,,,,,,4,,,,,,,,,,,," ",110701101,,
1,11,7,1,12,1,191.7855,"02",60,1,2,,,,,,,,1,0,1,1,1,0,1,1,2,2,1,2,2,1,0,,,,,,,,,,,,2,,,,,,,,,,,," ",110701201,,
1,11,7,1,13,1,191.7855,"04",60,1,2,,,,,,,,1,888,1,1,0,,5,888,2,888,2,2,5,888,0,,,,,,,,,,,,1,,,,,,,,,,,," ",110701301,,
1,11,7,1,14,1,191.7855,"01",60,1,2,2,2,2,2,2,2,2,1,888,1,4,1,0,1,5,2,5,1,888,5,888,0,,,,,,,,,,,,2,,,,,,,,,,,," ",110701401,,
1,11,7,1,15,1,191.7855,"02",360,1,1,5,5,2,5,2,5,5,1,0,1,1,0,,1,1,1,1,4,1,4,1,0,,,,,,,,,,,,4,,,,,,,,,,,," ",110701501,,
1,11,7,1,16,1,191.7855,"01",160,1,2,,,,,,,,0,,0,,0,,2,1,2,2,3,2,2,2,0,,,,,,,,,,,,6,,,,,,,,,,,," ",110701601,,
1,11,7,1,17,1,191.7855,"01",60,1,1,,,,,,,,0,,0,,0,,2,3,4,2,4,2,3,4,0,,,,,,,,,,,,4,,,,,,,,,,,," ",110701701,,
1,11,7,1,18,1,191.7855,"02",120,1,2,,,,,,,,0,,0,,0,,2,2,1,2,3,2,4,2,1,1,1,,2,,,,1,6,2,1,1,,,,,,,,,,,," ",110701801,,
1,11,8,1,1,1,709.7715,"02",120,1,2,,,,,,,,0,,1,0,0,,5,4,2,888,2,2,5,888,1,1,1,,2,,,,1,3,3,1,1,,,,,,,,,,,," ",110800101,,
1,11,8,1,2,1,709.7715,"04",300,1,2,,,,,,,,0,,1,3,0,,2,1,3,2,5,2,5,2,1,1,1,,2,,,,1,2,1,1,2,,,,,,,,,,,," ",110800201,,
1,11,8,1,3,1,709.7715,"01",120,1,2,,,,,,,,0,,0,,0,,2,2,888,888,4,888,5,888,1,1,1,,3,,,,1,3,2,0,2,,,,,,,,,,,," ",110800301,,
1,11,8,1,4,1,709.7715,"02",240,1,1,,,,,,,,0,,0,,0,,2,4,1,2,5,1,2,1,0,,,,,,,,,,,,4,,,,,,,,,,,," ",110800401,,
1,11,8,1,5,1,709.7715,"01",180,1,1,5,5,3,5,3,5,5,0,,1,0,1,4,1,1,2,1,2,1,2,1,1,1,2,,,2,2,,1,3,1,1,4,,,,,,,,,,,," ",110800501,,
1,11,8,1,6,1,709.7715,"04",180,1,2,2,2,2,5,2,2,5,0,,1,0,1,4,1,1,1,4,1,1,5,2,0,,,,,,,,,,,,2,,,,,,,,,,,," ",110800601,,
1,11,8,1,7,1,709.7715,"04",60,1,2,,,,,,,,0,,0,,0,,2,4,1,5,4,1,3,2,0,,,,,,,,,,,,4,,,,,,,,,,,," ",110800701,,
1,11,8,1,8,1,709.7715,"02",60,1,2,,,,,,,,0,,1,0,0,,2,888,1,888,888,2,4,888,1,1,1,,2,,,,1,3,3,1,1,,,,,,,,,,,," ",110800801,,
1,11,8,1,9,1,709.7715,"02",180,1,2,5,3,3,3,3,5,5,1,0,1,3,0,,2,2,4,4,2,4,888,2,1,1,4,3,,,,,1,3,2,0,555,7,,,,,,,,,,," ",110800901,,
1,11,8,1,10,1,709.7715,"07",120,1,2,3,3,3,3,3,5,5,1,3,1,4,0,,2,2,4,4,2,4,2,2,1,1,4,2,,,,,1,3,2,0,1,,,,,,,,,,,," ",110801001,,
1,11,8,1,11,1,709.7715,"05",120,1,2,3,3,3,5,3,3,5,1,0,1,1,1,4,3,1,1,4,1,4,5,1,1,1,2,,,3,2,,1,2,2,1,3,,,,,,,,,,,," ",110801101,,
1,11,8,1,12,1,709.7715,"02",40,1,1,,,,,,,,0,,1,4,0,,1,2,4,2,2,5,4,2,1,1,1,,2,,,,1,6,0,1,1,,,,,,,,,,,," ",110801201,,
1,11,8,1,13,1,709.7715,"02",180,1,2,5,5,3,3,3,5,5,1,2,1,3,0,,2,2,4,4,2,4,2,2,1,1,4,3,,,,,1,3,2,0,1,,,,,,,,,,,," ",110801301,,
1,11,8,1,14,1,709.7715,"02",60,1,2,,,,,,,,0,,0,,0,,1,2,4,4,4,4,4,888,1,1,2,,,3,2,,1,4,2,1,1,,,,,,,,,,,," ",110801401,,
1,11,8,1,15,1,709.7715,"02",60,1,2,,,,,,,,1,0,1,0,0,,2,888,1,888,2,2,4,888,0,,,,,,,,,,,,1,,,,,,,,,,,," ",110801501,,
1,11,8,1,16,1,709.7715,"01",120,1,2,,,,,,,,0,,1,4,0,,2,2,888,4,888,888,4,888,1,1,1,,2,,,,1,5,1,1,2,,,,,,,,,,,," ",110801601,,
1,11,8,1,17,1,709.7715,"02",150,1,1,,,,,,,,1,3,1,2,0,,888,2,888,4,4,888,888,888,1,1,2,,,4,2,,2,3,3,1,1,,,,,,,,,,,," ",110801701,,
1,11,8,1,18,1,57.7326100478469,"02",180,1,2,,,,,,,,0,,1,4,0,,888,1,2,888,888,888,5,888,0,,,,,,,,,,,,1,,,,,,,,,,,," ",110801801,,
1,11,9,1,2,1,450.0009,"02",90,1,1,,,,,,,,0,,1,4,0,,2,2,2,2,2,4,888,2,1,1,2,,,3,2,,1,3,1,1,1,,,,,,,,,,,," ",110900201,,
1,11,9,1,4,1,450.0009,"01",60,1,2,,,,,,,,0,,0,,0,,2,2,2,2,2,2,3,888,0,,,,,,,,,,,,1,,,,,,,,,,,," ",110900401,,
1,11,9,1,5,1,450.0009,"01",30,2,2,,,,,,,,1,0,0,,0,,2,2,2,2,2,2,2,2,0,,,,,,,,,,,,1,,,,,,,,,,,," ",110900501,,
1,11,9,1,6,1,450.0009,"02",120,1,2,,,,,,,,0,,1,4,0,,2,2,2,2,2,4,4,888,0,,,,,,,,,,,,1,,,,,,,,,,,," ",110900601,,
1,11,9,1,7,1,450.0009,"01",90,1,2,,,,,,,,0,,0,,0,,3,3,2,2,3,2,3,3,0,,,,,,,,,,,,1,,,,,,,,,,,," ",110900701,,
1,11,9,1,8,1,450.0009,"02",240,1,2,,,,,,,,0,,0,,0,,3,3,2,2,2,3,3,2,0,,,,,,,,,,,,1,,,,,,,,,,,," ",110900801,,
1,11,9,1,9,1,450.0009,"02",30,2,2,,,,,,,,0,,0,,0,,3,3,3,3,3,3,3,3,0,,,,,,,,,,,,1,,,,,,,,,,,," ",110900901,,
1,11,9,1,10,1,450.0009,"02",120,1,1,,,,,,,,0,,0,,0,,1,2,1,2,2,2,4,2,1,1,2,,,4,2,,1,3,2,0,2,,,,,,,,,,,," ",110901001,,
1,11,9,1,11,1,450.0009,"02",60,2,2,,,,,,,,1,888,0,,0,,2,1,2,2,2,1,1,2,0,,,,,,,,,,,,2,,,,,,,,,,,," ",110901101,,
1,11,9,1,12,1,450.0009,"02",60,2,2,,,,,,,,0,,0,,0,,1,2,3,2,1,1,1,4,0,,,,,,,,,,,,2,,,,,,,,,,,," ",110901201,,
1,11,9,1,13,1,450.0009,"02",60,1,1,,,,,,,,1,0,1,0,1,2,1,1,1,1,1,1,1,1,0,,,,,,,,,,,,1,,,,,,,,,,,," ",110901301,,
1,11,9,1,14,1,450.0009,"02",120,2,2,,,,,,,,1,2,1,4,1,2,3,1,3,3,1,3,1,3,0,,,,,,,,,,,,1,,,,,,,,,,,," ",110901401,,
1,11,9,1,15,1,450.0009,"01",120,1,1,,,,,,,,0,,1,0,1,0,1,1,1,1,1,1,1,3,1,0,1,,3,,,,1,2,0,0,1,,,,,,,,,,,," ",110901501,,
1,11,9,1,16,1,450.0009,"01",120,1,2,,,,,,,,0,,1,4,0,,2,2,1,1,2,2,4,2,0,,,,,,,,,,,,1,,,,,,,,,,,," ",110901601,,
1,11,9,1,17,1,450.0009,"02",90,1,2,,,,,,,,0,,0,,0,,2,2,2,888,2,2,2,2,0,,,,,,,,,,,,1,,,,,,,,,,,," ",110901701,,
1,11,9,1,18,1,450.0009,"02",180,2,2,,,,,,,,0,,1,4,0,,2,2,888,1,2,888,5,3,0,,,,,,,,,,,,2,,,,,,,,,,,," ",110901801,,
1,11,9,1,19,1,29.1105703504043,"02",120,1,2,,,,,,,,0,,1,3,0,,3,1,3,1,1,3,5,888,0,,,,,,,,,,,,2,,,,,,,,,,,," ",110901901,,
1,11,9,1,20,1,29.1105703504043,"05",50,1,2,,,,,,,,0,,0,,0,,1,2,2,2,2,2,2,2,0,,,,,,,,,,,,2,,,,,,,,,,,," ",110902001,,
1,11,10,1,2,1,581.4858,"02",60,2,2,,,,,,,,0,,0,,0,,1,2,1,1,4,2,1,1,1,1,1,,2,,,,1,5,1,0,2,,,,,,,,,,,," ",111000201,,
1,11,10,1,3,1,581.4858,"01",120,1,2,,,,,,,,0,,0,,0,,4,4,2,4,888,2,888,2,0,,,,,,,,,,,,3,,,,,,,,,,,," ",111000301,,
1,11,10,1,4,1,581.4858,"02",180,1,1,,,,,,,,0,,1,4,0,,2,2,2,2,2,2,4,2,0,,,,,,,,,,,,4,,,,,,,,,,,," ",111000401,,
1,11,10,1,5,1,45.3452229357798,"01",180,2,2,,,,,,,,0,,0,,0,,3,3,3,3,3,3,3,3,0,,,,,,,,,,,,555,2,,,,,,,,,,," ",111000501,,
1,11,10,1,6,1,581.4858,"02",60,1,1,3,3,3,5,3,5,5,0,,1,4,0,,4,2,2,1,4,2,5,1,1,1,1,,2,,,,1,6,2,1,2,,,,,,,,,,,," ",111000601,,
1,11,10,1,7,1,581.4858,"01",60,1,2,,,,,,,,0,,1,4,0,,888,2,2,2,4,5,4,2,0,,,,,,,,,,,,1,,,,,,,,,,,," ",111000701,,
1,11,10,1,8,1,581.4858,"02",240,1,1,,,,,,,,1,0,1,4,1,0,1,1,1,4,1,1,1,1,0,,,,,,,,,,,,1,,,,,,,,,,,," ",111000801,,
1,11,10,1,9,1,581.4858,"02",120,1,2,,,,,,,,0,,0,,0,,1,2,2,3,2,1,4,1,0,,,,,,,,,,,,2,,,,,,,,,,,," ",111000901,,
1,11,10,1,10,1,581.4858,"01",60,2,2,,,,,,,,0,,0,,0,,2,3,3,3,3,3,3,3,0,,,,,,,,,,,,1,,,,,,,,,,,888," ",111001001,,
1,11,10,1,11,1,581.4858,"02",120,1,2,,,,,,,,0,,1,4,0,,2,888,888,2,2,888,4,2,1,1,2,,,3,2,,1,3,1,1,1,,,,,,,,,,,," ",111001101,,
1,11,10,1,12,1,581.4858,"02",120,1,2,,,,,,,,1,0,1,0,0,,2,888,2,3,2,2,888,2,0,,,,,,,,,,,,1,,,,,,,,,,,," ",111001201,,
1,11,10,1,13,1,581.4858,"03",60,1,2,3,3,3,5,3,5,5,0,,0,,0,,1,2,2,1,1,2,1,1,1,1,1,,5,,,,1,6,2,0,3,,,,,,,,,,,," ",111001301,,
1,11,10,1,14,1,581.4858,"01",180,1,2,,,,,,,,1,0,1,0,0,,2,2,2,2,2,4,4,2,0,,,,,,,,,,,,8,,,,,,,,,,,," ",111001401,,
1,11,10,1,15,1,581.4858,"06",120,1,2,,,,,,,,0,,0,,0,,2,3,3,2,4,3,3,3,0,,,,,,,,,,,,1,,,,,,,,,,,888," ",111001501,,
1,11,10,1,16,1,581.4858,"02",60,1,2,3,3,3,3,3,3,3,1,0,1,4,0,,1,1,1,1,2,2,5,1,0,,,,,,,,,,,,1,,,,,,,,,,,," ",111001601,,
1,11,10,1,17,1,581.4858,"01",60,1,1,,,,,,,,0,,0,,0,,1,1,1,1,1,1,1,1,0,,,,,,,,,,,,1,,,,,,,,,,,," ",111001701,,
1,11,10,1,18,1,581.4858,"02",120,1,2,3,3,3,3,3,3,5,1,0,1,4,0,,4,1,1,1,4,2,5,1,1,1,1,,2,,,,1,5,2,1,2,,,,,,,,,,,," ",111001801,,
1,11,10,1,19,1,581.4858,"01",60,1,2,,,,,,,,0,,0,,1,4,1,1,2,3,1,1,1,1,1,1,2,,,2,2,,1,2,2,1,1,,,,,,,,,,,," ",111001901,,
1,11,11,1,1,1,486.8112,"02",180,1,2,,,,,,,,0,,0,,0,,3,3,3,3,3,3,3,3,1,1,1,,2,,,,1,2,1,0,5,,,,,,,,,,,," ",111100101,,
1,11,11,1,2,1,486.8112,"03",30,1,1,,,,,,,,0,,0,,0,,2,2,4,2,2,2,2,2,0,,,,,,,,,,,,6,,,,,,,,,,,," ",111100201,,
1,11,11,1,3,1,486.8112,"03",60,1,2,,,,,,,,0,,0,,0,,2,4,3,3,3,3,3,3,0,,,,,,,,,,,,4,,,,,,,,,,,," ",111100301,,
1,11,11,1,4,1,486.8112,"02",90,1,2,,,,,,,,1,0,1,3,1,0,3,1,2,2,2,3,5,3,0,,,,,,,,,,,,2,,,,,,,,,,,," ",111100401,,
1,11,11,1,5,1,486.8112,"01",60,1,2,,,,,,,,0,,0,,0,,2,2,2,2,2,4,2,2,0,,,,,,,,,,,,4,,,,,,,,,,,," ",111100501,,
1,11,11,1,6,1,486.8112,"03",180,1,1,,,,,,,,0,,0,,0,,2,2,2,888,888,2,888,2,0,,,,,,,,,,,,1,,,,,,,,,,,," ",111100601,,
1,11,11,1,7,1,486.8112,"02",240,1,2,3,3,3,3,3,3,3,0,,0,,0,,1,1,2,2,1,2,2,4,1,1,1,,2,,,,1,3,2,0,2,,,,,,,,,,,," ",111100701,,
1,11,11,1,8,1,486.8112,"02",30,1,2,,,,,,,,0,,0,,0,,1,1,2,4,1,1,2,1,1,1,1,,2,,,,1,3,1,0,1,,,,,,,,,,,," ",111100801,,
1,11,11,1,9,1,486.8112,"01",60,1,2,,,,,,,,1,1,1,1,1,1,2,1,1,1,1,1,1,1,0,,,,,,,,,,,,1,,,,,,,,,,,," ",111100901,,
1,11,11,1,10,1,486.8112,"01",60,1,2,,,,,,,,0,,1,4,0,,2,2,2,2,2,4,4,2,1,1,2,,,3,2,,1,3,1,1,4,,,,,,,,,,,," ",111101001,,
1,11,11,1,11,1,486.8112,"02",120,1,2,,,,,,,,0,,0,,0,,2,2,2,4,2,2,888,2,0,,,,,,,,,,,,1,,,,,,,,,,,," ",111101101,,
1,11,11,1,12,1,486.8112,"02",150,1,2,,,,,,,,1,0,1,4,0,,3,1,3,1,2,3,5,2,0,,,,,,,,,,,,1,,,,,,,,,,,," ",111101201,,
1,11,11,1,13,1,486.8112,"01",60,1,1,5,5,3,5,3,3,5,0,,1,4,1,4,1,1,1,1,1,1,1,1,1,1,1,,3,,,,1,2,1,1,1,,,,,,,,,,,," ",111101301,,
1,11,11,1,14,1,486.8112,"01",60,2,2,,,,,,,,0,,0,,0,,2,5,3,4,3,3,3,3,0,,,,,,,,,,,,4,,,,,,,,,,,," ",111101401,,
1,11,11,1,15,1,486.8112,"01",30,2,2,,,,,,,,0,,0,,0,,1,1,2,4,2,1,2,2,1,0,4,2,,,,,1,3,0,0,2,,,,,,,,,,,," ",111101501,,
1,11,11,1,16,1,486.8112,"02",30,1,1,3,3,3,3,3,3,5,0,,1,4,0,,2,1,1,1,4,2,5,1,1,1,2,,,2,2,,1,4,2,1,2,,,,,,,,,,,," ",111101601,,
1,11,11,1,17,1,486.8112,"01",120,1,2,,,,,,,,0,,1,1,1,1,1,1,1,1,1,1,1,1,0,,,,,,,,,,,,1,,,,,,,,,,,," ",111101701,,
1,11,11,1,18,1,486.8112,"02",60,2,2,,,,,,,,0,,0,,0,,1,2,2,4,2,2,888,4,0,,,,,,,,,,,,1,,,,,,,,,,,," ",111101801,,
1,12,12,2,1,1,699.2959,"01",180,1,,3,3,3,3,3,3,3,0,,0,,0,,1,1,2,2,1,1,1,5,0,,,,,,,,,,,,4,,,,,,,,,,,," ",121200101,,
1,12,12,2,2,1,73.1642186123348,"01",60,2,,,,,,,,,0,,0,,0,,1,1,1,1,1,1,1,1,0,,,,,,,,,,,,2,,,,,,,,,,,," ",121200201,,
1,12,12,2,3,1,699.2959,"01",70,1,,,,,,,,,0,,0,,0,,1,1,1,1,1,1,1,4,0,,,,,,,,,,,,4,,,,,,,,,,,," ",121200301,,
1,12,12,2,4,1,73.1642186123348,"02",60,1,,,,,,,,,0,,0,,0,,888,2,888,3,1,3,5,3,1,0,1,,2,,,,1,2,1,1,6,,,,,,,,,,,," ",121200401,,
1,12,12,2,5,1,73.1642186123348,"01",60,2,,1,1,1,1,1,1,1,0,,0,,0,,1,1,3,2,2,2,2,4,0,,,,,,,,,,,,1,,,,,,,,,,,," ",121200501,,
1,12,12,2,6,1,73.1642186123348,"02",120,2,,,,,,,,,1,0,1,2,0,,3,1,888,2,4,3,4,3,0,,,,,,,,,,,,2,,,,,,,,,,,," ",121200601,,
1,12,12,2,7,1,73.1642186123348,"02",120,2,,,,,,,,,1,0,1,2,0,,3,1,3,4,4,3,4,3,0,,,,,,,,,,,,2,,,,,,,,,,,," ",121200701,,
1,12,12,2,8,1,73.1642186123348,"01",60,1,,,,,,,,,0,,0,,0,,3,1,2,4,1,1,2,5,0,,,,,,,,,,,,2,,,,,,,,,,,," ",121200801,,
1,12,12,2,9,1,73.1642186123348,"01",180,2,,,,,,,,,1,0,1,2,0,,3,1,3,4,4,3,4,3,0,,,,,,,,,,,,2,,,,,,,,,,,," ",121200901,,
1,12,12,2,10,1,699.2959,"01",90,1,,2,2,2,2,2,2,2,1,4,1,0,0,,888,1,2,2,2,2,1,2,1,0,2,,,5,5,,1,5,0,1,5,,,,,,,,,,,," ",121201001,,
1,12,12,2,11,1,699.2959,"01",60,1,,,,,,,,,1,4,0,,0,,3,3,2,2,2,4,2,4,0,,,,,,,,,,,,1,,,,,,,,,,,," ",121201101,,
1,12,12,2,12,1,699.2959,"01",60,1,,3,3,3,3,3,3,3,1,0,1,3,0,,3,1,3,2,4,4,2,4,1,0,1,,2,,,,1,2,0,1,1,,,,,,,,,,,," ",121201201,,
1,12,12,2,13,1,699.2959,"02",300,1,,,,,,,,,0,,1,4,0,,1,1,1,1,5,4,5,1,1,1,1,,2,,,,1,3,2,0,4,,,,,,,,,,,," ",121201301,,
1,12,12,2,14,1,73.1642186123348,"01",60,1,,3,3,1,3,3,3,3,0,,1,3,0,,1,1,3,2,4,3,2,3,0,,,,,,,,,,,,1,,,,,,,,,,,," ",121201401,,
1,12,12,2,15,1,699.2959,"02",120,1,,3,3,3,3,3,3,3,1,0,1,2,0,,888,1,888,888,2,3,4,3,0,,,,,,,,,,,,2,,,,,,,,,,,," ",121201501,,
1,12,12,2,16,1,699.2959,"02",180,1,,5,2,2,5,2,2,5,0,,0,,0,,1,1,1,1,1,1,1,1,0,,,,,,,,,,,,4,,,,,,,,,,,," ",121201601,,
1,12,12,2,17,1,699.2959,"02",60,1,,,,,,,,,1,0,0,,1,0,2,1,2,3,3,2,3,2,1,0,2,,,3,2,,1,2,0,1,2,,,,,,,,,,,," ",121201701,,
1,12,12,2,18,1,699.2959,"02",60,1,,3,5,3,3,3,3,5,0,,0,,0,,1,1,1,1,5,1,4,1,1,1,2,,,4,3,,1,3,1,1,1,,,,,,,,,,,," ",121201801,,
1,12,13,2,1,1,736.1804,"01",90,1,,,,,,,,,0,,1,4,0,,2,2,1,4,2,1,2,888,1,0,1,,2,,,,1,3,1,1,4,,,,,,,,,,,," ",121300101,,
1,12,13,2,2,1,736.1804,"02",90,1,,,,,,,,,1,888,1,4,0,,4,4,4,888,4,2,5,2,0,,,,,,,,,,,,4,,,,,,,,,,,," ",121300201,,
1,12,13,2,3,1,736.1804,"02",180,1,,5,5,5,5,5,5,5,0,,1,4,0,,2,2,2,2,1,2,5,3,1,1,2,,,4,3,,1,3,2,0,1,,,,,,,,,,,," ",121300301,,
1,12,13,2,4,1,736.1804,"01",120,1,,,,,,,,,1,888,1,4,0,,2,2,2,4,2,2,5,888,0,,,,,,,,,,,,5,,,,,,,,,,,," ",121300401,,
1,12,13,2,5,1,736.1804,"01",90,1,,,,,,,,,1,4,1,0,1,0,2,2,1,4,2,2,5,2,1,1,1,,4,,,,1,2,1,1,1,,,,,,,,,,,," ",121300501,,
1,12,13,2,6,1,13.4902167539267,"01",120,1,,,,,,,,,1,0,1,1,1,0,2,2,2,2,2,888,2,888,0,,,,,,,,,,,,6,,,,,,,,,,,," ",121300601,,
1,12,13,2,7,1,13.4902167539267,"02",180,1,,,,,,,,,0,,1,0,0,,2,2,2,2,2,2,2,2,0,,,,,,,,,,,,1,,,,,,,,,,,," ",121300701,,
1,12,13,2,8,1,736.1804,"02",180,1,,,,,,,,,1,4,0,,0,,1,2,4,1,1,4,5,2,0,,,,,,,,,,,,1,,,,,,,,,,,," ",121300801,,
1,12,13,2,9,1,13.4902167539267,"01",180,1,,,,,,,,,0,,1,3,0,,2,2,2,2,2,888,888,888,1,0,2,,,4,2,,1,4,1,1,1,,,,,,,,,,,," ",121300901,,
1,12,13,2,10,1,736.1804,"02",140,1,,,,,,,,,1,3,1,4,0,,1,1,4,2,1,4,5,2,0,,,,,,,,,,,,1,,,,,,,,,,,," ",121301001,,
1,12,13,2,11,1,736.1804,"02",360,1,,,,,,,,,1,0,1,4,0,,1,2,2,4,1,1,5,888,0,,,,,,,,,,,,1,,,,,,,,,,,," ",121301101,,
1,12,13,2,12,1,736.1804,"03",390,1,,3,3,3,3,3,3,5,1,0,1,4,0,,5,1,1,5,2,1,5,5,1,1,1,,3,,,,1,3,2,1,6,,,,,,,,,,,," ",121301201,,
1,12,13,2,13,1,13.4902167539267,"02",480,1,,,,,,,,,1,0,1,4,0,,1,2,2,2,1,5,5,1,1,0,2,,,4,2,,1,3,1,1,2,,,,,,,,,,,," ",121301301,,
1,12,13,2,14,1,736.1804,"02",180,1,,,,,,,,,1,0,1,3,1,0,2,2,2,2,2,2,2,2,0,1,1,,4,,,,1,5,2,1,7,,,,,,,,,,,," ",121301401,,
1,12,13,2,15,1,736.1804,"01",60,1,,,,,,,,,0,,1,0,1,0,1,1,1,1,1,1,1,1,0,,,,,,,,,,,,1,,,,,,,,,,,," ",121301501,,
1,12,13,2,16,1,736.1804,"01",240,1,,3,5,3,5,3,3,5,1,0,1,4,0,,2,2,2,4,2,4,5,4,1,1,1,,2,,,,1,3,2,0,4,,,,,,,,,,,," ",121301601,,
1,12,13,2,17,1,736.1804,"02",240,1,,,,,,,,,1,0,1,4,0,,1,2,3,4,1,3,4,3,1,1,1,,2,,,,1,2,2,0,2,,,,,,,,,,,," ",121301701,,
1,12,13,2,18,1,736.1804,"01",120,1,,,,,,,,,0,,1,0,1,0,1,1,1,1,1,1,1,1,0,,,,,,,,,,,,1,,,,,,,,,,,," ",121301801,,
1,12,14,1,1,1,219.6804,"02",240,1,2,5,5,2,5,2,5,5,1,0,1,0,1,4,5,2,2,2,5,4,5,1,1,1,1,,2,,,,1,3,2,1,4,,,,,,,,,,,," ",121400101,,
1,12,14,1,2,1,219.6804,"01",120,1,1,,,,,,,,0,,1,4,1,0,1,2,2,1,1,2,5,1,0,,,,,,,,,,,,1,,,,,,,,,,,," ",121400201,,
1,12,14,1,3,1,219.6804,"03",30,1,1,5,5,3,5,3,5,5,0,,0,,0,,888,1,1,888,1,1,5,1,0,,,,,,,,,,,,7,,,,,,,,,,,," ",121400301,,
1,12,14,1,4,1,219.6804,"02",300,1,1,,,,,,,,0,,0,,0,,5,5,1,1,1,5,5,1,1,1,2,,,2,2,,1,3,1,1,4,,,,,,,,,,,," ",121400401,,
1,12,14,1,5,1,219.6804,"02",240,1,1,2,2,2,2,2,2,2,0,,0,,1,4,2,2,2,4,4,4,5,4,1,1,2,,,3,2,,1,3,2,1,8,,,,,,,,,,,," ",121400501,,
1,12,14,1,6,1,219.6804,"02",120,1,2,5,3,3,3,3,3,5,1,0,1,4,0,,1,2,2,1,2,4,5,2,0,,,,,,,,,,,,1,,,,,,,,,,,," ",121400601,,
1,12,14,1,7,1,219.6804,"02",120,1,1,5,5,3,3,3,3,5,0,,0,,0,,1,2,2,2,5,2,5,2,1,1,1,,2,,,,1,3,1,1,2,,,,,,,,,,,," ",121400701,,
1,12,14,1,8,1,219.6804,"04",380,1,1,,,,,,,,1,1,1,4,1,4,2,2,2,4,2,4,5,4,0,,,,,,,,,,,,1,,,,,,,,,,,," ",121400801,,
1,12,14,1,9,1,219.6804,"02",120,1,2,2,3,3,2,3,2,3,1,0,1,4,1,4,888,2,2,5,2,888,5,2,1,1,1,,2,,,,1,3,1,1,1,,,,,,,,,,,," ",121400901,,
1,12,14,1,10,1,219.6804,"02",240,2,2,,,,,,,,0,,0,,1,4,2,2,2,4,4,888,5,4,1,1,2,,,4,3,,1,3,1,1,1,,,,,,,,,,,," ",121401001,,
1,12,14,1,11,1,219.6804,"02",120,1,1,5,3,3,3,3,5,5,0,,0,,0,,4,1,2,2,5,2,5,4,1,1,2,,,4,3,,1,3,2,1,4,,,,,,,,,,,," ",121401101,,
1,12,14,1,12,1,219.6804,"02",120,1,1,,,,,,,,0,,0,,0,,2,1,2,2,1,4,4,4,0,,,,,,,,,,,,1,,,,,,,,,,,," ",121401201,,
1,12,14,1,13,1,221.307662222222,"01",60,1,2,,,,,,,,1,0,0,,0,,2,2,2,2,2,1,5,5,0,,,,,,,,,,,,1,,,,,,,,,,,," ",121401301,,
1,12,14,1,14,1,219.6804,"02",180,2,2,,,,,,,,0,,1,4,1,0,1,1,1,1,5,1,5,1,0,,,,,,,,,,,,1,,,,,,,,,,,," ",121401401,,
1,12,14,1,15,1,219.6804,"02",120,1,2,,,,,,,,0,,0,,1,4,2,2,2,2,2,5,2,4,0,,,,,,,,,,,,4,,,,,,,,,,,," ",121401501,,
1,12,14,1,16,1,219.6804,"06",180,1,2,,,,,,,,0,,0,,1,4,1,2,1,2,2,4,2,1,0,,,,,,,,,,,,1,,,,,,,,,,,," ",121401601,,
1,12,14,1,17,1,219.6804,"02",180,1,2,,,,,,,,0,,1,4,1,4,1,2,1,5,4,2,888,1,0,,,,,,,,,,,,2,,,,,,,,,,,," ",121401701,,
1,12,14,1,18,1,219.6804,"01",30,1,2,,,,,,,,0,,1,4,0,,1,2,2,2,4,2,2,1,0,,,,,,,,,,,,2,,,,,,,,,,,," ",121401801,,
1,12,15,1,1,1,20.4148122137405,"01",60,1,2,,,,,,,,0,,1,4,1,4,1,2,2,4,4,2,2,1,0,,,,,,,,,,,,2,,,,,,,,,,,," ",121500101,,
1,12,15,1,2,1,20.4148122137405,"02",60,2,2,,,,,,,,0,,1,4,1,4,888,2,1,4,4,2,2,1,1,0,1,,2,,,,1,2,0,1,2,,,,,,,,,,,," ",121500201,,
1,12,15,1,3,1,668.5851,"02",240,1,2,,,,,,,,0,,1,4,1,4,2,1,1,2,2,2,4,1,0,,,,,,,,,,,,2,,,,,,,,,,,," ",121500301,,
1,12,15,1,4,1,668.5851,"01",180,1,2,,,,,,,,1,0,1,4,0,,888,1,3,888,2,888,1,4,1,1,1,,2,,,,1,3,1,1,1,,,,,,,,,,,," ",121500401,,
1,12,15,1,5,1,668.5851,"01",120,1,2,,,,,,,,0,,1,4,1,4,2,2,2,4,4,4,5,2,0,,,,,,,,,,,,1,,,,,,,,,,,," ",121500501,,
1,12,15,1,6,1,668.5851,"03",240,1,2,,,,,,,,1,0,1,4,1,4,2,2,4,4,2,4,5,2,0,,,,,,,,,,,,3,,,,,,,,,,,," ",121500601,,
1,12,15,1,8,1,668.5851,"01",120,1,2,,,,,,,,0,,1,1,0,,2,2,2,2,2,2,4,4,0,,,,,,,,,,,,1,,,,,,,,,,,," ",121500801,,
1,12,15,1,9,1,668.5851,"02",90,2,1,,,,,,,,1,0,1,4,1,4,4,2,2,4,2,4,5,4,0,,,,,,,,,,,,4,,,,,,,,,,,," ",121500901,,
1,12,15,1,10,1,668.5851,"02",180,1,2,,,,,,,,1,888,1,0,1,0,4,2,2,2,5,1,5,2,0,,,,,,,,,,,,2,,,,,,,,,,,," ",121501001,,
1,12,15,1,11,1,668.5851,"02",120,1,2,,,,,,,,0,,1,0,1,4,2,2,888,4,2,888,4,888,0,,,,,,,,,,,,1,,,,,,,,,,,," ",121501101,,
1,12,15,1,12,1,668.5851,"02",180,1,2,5,5,3,5,5,5,5,1,0,1,4,0,,5,5,1,888,5,1,5,4,0,,,,,,,,,,,,4,,,,,,,,,,,," ",121501201,,
1,12,15,1,13,1,668.5851,"02",60,1,2,,,,,,,,0,,1,1,1,4,3,2,2,2,4,2,4,4,0,,,,,,,,,,,,1,,,,,,,,,,,," ",121501301,,
1,12,15,1,14,1,668.5851,"03",180,1,2,,,,,,,,1,0,1,4,1,0,4,2,2,1,5,1,5,2,1,1,1,,2,,,,1,3,1,1,2,,,,,,,,,,,," ",121501401,,
1,12,15,1,15,1,668.5851,"03",120,2,2,,,,,,,,0,,0,,1,0,1,2,2,2,4,4,1,1,1,1,2,,,3,2,,1,3,2,1,2,,,,,,,,,,,," ",121501501,,
1,12,15,1,16,1,668.5851,"02",60,1,2,,,,,,,,1,0,1,4,1,0,2,2,2,2,2,2,5,1,0,,,,,,,,,,,,1,,,,,,,,,,,," ",121501601,,
1,12,15,1,17,1,668.5851,"02",60,1,2,,,,,,,,0,,0,,0,,1,1,1,1,1,1,4,4,0,,,,,,,,,,,,1,,,,,,,,,,,," ",121501701,,
1,12,15,1,18,1,668.5851,"02",180,1,2,,,,,,,,1,0,1,4,0,,1,1,1,1,2,5,5,1,0,,,,,,,,,,,,2,,,,,,,,,,,," ",121501801,,
1,12,15,1,19,1,668.5851,"02",180,1,1,,,,,,,,0,,1,0,1,4,888,2,888,4,2,888,4,888,1,1,1,,3,,,,1,3,2,1,2,,,,,,,,,,,," ",121501901,,
1,12,16,1,1,1,22.51949375,"02",120,1,2,,,,,,,,0,,1,2,1,4,2,2,888,4,2,888,4,888,0,,,,,,,,,,,,1,,,,,,,,,,,," ",121600101,,
1,12,16,1,2,1,22.51949375,"02",65,2,2,,,,,,,,0,,1,4,0,,5,1,2,1,5,1,5,5,1,0,2,,,3,3,,1,3,1,1,1,,,,,,,,,,,," ",121600201,,
1,12,16,1,3,1,22.51949375,"02",180,1,2,,,,,,,,1,1,1,4,1,4,2,2,888,4,4,888,4,888,0,,,,,,,,,,,,1,,,,,,,,,,,," ",121600301,,
1,12,16,1,4,1,22.51949375,"02",180,2,2,,,,,,,,1,888,1,1,1,4,2,2,2,4,4,2,4,4,0,,,,,,,,,,,,1,,,,,,,,,,,," ",121600401,,
1,12,16,1,5,1,443.4608,"02",120,2,2,,,,,,,,0,,0,,0,,2,2,2,4,2,2,2,3,0,,,,,,,,,,,,1,,,,,,,,,,,," ",121600501,,
1,12,16,1,6,1,443.4608,"01",60,1,2,,,,,,,,0,,1,4,1,4,1,1,1,4,4,2,5,1,1,0,2,,,3,2,,1,3,1,1,6,,,,,,,,,,,," ",121600601,,
1,12,16,1,7,1,443.4608,"02",420,1,2,3,5,3,3,3,3,5,0,,1,4,0,,1,1,2,888,5,1,5,888,1,1,2,,,3,2,,1,2,1,1,5,,,,,,,,,,,," ",121600701,,
1,12,16,1,8,1,443.4608,"02",240,1,2,,,,,,,,0,,1,4,1,4,888,2,888,2,4,888,4,4,0,,,,,,,,,,,,1,,,,,,,,,,,," ",121600801,,
1,12,16,1,9,1,443.4608,"01",180,1,1,5,3,3,5,3,5,5,0,,1,4,0,,1,1,1,5,5,1,5,1,0,,,,,,,,,,,,1,,,,,,,,,,,," ",121600901,,
1,12,16,1,10,1,443.4608,"01",240,1,2,,,,,,,,0,,1,0,0,,1,2,2,2,1,2,4,2,0,,,,,,,,,,,,1,,,,,,,,,,,," ",121601001,,
1,12,16,1,11,1,443.4608,"02",160,1,2,2,2,2,2,2,2,2,1,4,1,4,1,4,4,2,2,4,4,2,4,2,0,,,,,,,,,,,,3,,,,,,,,,,,," ",121601101,,
1,12,16,1,12,1,22.51949375,"02",180,2,2,,,,,,,,0,,0,,0,,1,1,1,4,1,1,4,4,0,,,,,,,,,,,,1,,,,,,,,,,,," ",121601201,,
1,12,16,1,13,1,443.4608,"05",360,1,1,5,5,3,3,3,5,5,1,0,0,,0,,2,2,5,1,4,2,5,1,0,,,,,,,,,,,,3,,,,,,,,,,,," ",121601301,,
1,12,16,1,14,1,443.4608,"02",120,1,2,,,,,,,,0,,1,4,1,4,1,2,1,4,2,4,2,1,1,1,2,,,3,2,,1,3,1,0,2,,,,,,,,,,,," ",121601401,,
1,12,16,1,15,1,443.4608,"05",180,1,2,5,5,2,5,2,5,5,0,,0,,1,4,2,2,2,2,4,2,5,2,0,,,,,,,,,,,,4,,,,,,,,,,,," ",121601501,,
1,12,16,1,16,1,443.4608,"02",360,1,1,,,,,,,,1,0,0,,0,,4,2,2,2,4,2,5,4,1,1,2,,,3,2,,1,3,0,1,2,,,,,,,,,,,," ",121601601,,
1,12,16,1,17,1,443.4608,"02",270,1,2,,,,,,,,0,,1,4,1,4,2,2,2,2,2,4,2,2,0,,,,,,,,,,,,5,,,,,,,,,,,," ",121601701,,
1,12,16,1,18,1,443.4608,"06",60,1,2,,,,,,,,0,,0,,0,,1,1,888,2,2,888,5,3,1,1,2,,,3,2,,1,3,1,1,2,,,,,,,,,,,," ",121601801,,
1,12,17,1,1,1,7.15809113268609,"01",60,2,2,,,,,,,,0,,0,,0,,3,2,3,3,2,3,2,3,0,,,,,,,,,,,,1,,,,,,,,,,,," ",121700101,,
1,12,17,1,2,1,85.07116,"02",120,1,2,,,,,,,,1,0,1,1,0,,3,2,3,3,2,3,4,3,0,,,,,,,,,,,,1,,,,,,,,,,,," ",121700201,,
1,12,17,1,3,1,7.15809113268609,"02",80,2,2,,,,,,,,0,,0,,0,,3,2,3,3,2,3,2,3,0,,,,,,,,,,,,1,,,,,,,,,,,," ",121700301,,
1,12,17,1,4,1,7.15809113268609,"01",60,1,2,,,,,,,,0,,1,1,0,,2,2,2,2,2,3,3,3,0,,,,,,,,,,,,1,,,,,,,,,,,," ",121700401,,
1,12,17,1,5,1,7.15809113268609,"02",120,1,2,,,,,,,,1,0,1,3,0,,3,2,3,2,2,3,3,3,0,,,,,,,,,,,,1,,,,,,,,,,,," ",121700501,,
1,12,17,1,6,1,85.07116,"03",60,2,2,,,,,,,,0,,1,1,0,,1,2,3,2,2,3,2,3,1,1,1,,4,,,,1,5,1,0,1,,,,,,,,,,,," ",121700601,,
1,12,17,1,7,1,85.07116,"01",45,2,2,,,,,,,,1,0,1,0,1,0,2,2,2,2,2,2,2,2,1,1,1,,2,,,,1,4,2,0,2,,,,,,,,,,,," ",121700701,,
1,12,17,1,8,1,85.07116,"01",120,1,2,,,,,,,,1,0,1,0,1,1,2,2,3,2,2,2,2,2,1,1,1,,2,,,,1,4,2,0,1,,,,,,,,,,,," ",121700801,,
1,12,17,1,9,1,85.07116,"02",120,1,2,,,,,,,,1,0,1,1,1,2,2,1,2,2,2,2,2,2,1,1,1,,2,,,,1,4,2,0,2,,,,,,,,,,,," ",121700901,,
1,12,17,1,10,1,7.15809113268609,"02",180,2,2,,,,,,,,1,0,1,4,1,3,2,1,888,888,3,888,2,888,0,,,,,,,,,,,,2,,,,,,,,,,,," ",121701001,,
1,12,17,1,11,1,85.07116,"02",150,1,1,5,5,5,5,5,5,5,0,,1,3,1,2,4,2,1,5,2,3,5,1,0,,,,,,,,,,,,6,,,,,,,,,,,," ",121701101,,
1,12,17,1,12,1,85.07116,"01",120,1,2,,,,,,,,0,,1,3,0,,2,2,3,2,2,3,2,3,0,,,,,,,,,,,,1,,,,,,,,,,,," ",121701201,,
1,12,17,1,13,1,85.07116,"02",180,2,2,,,,,,,,0,,1,4,1,0,888,888,888,2,3,3,4,2,0,,,,,,,,,,,,555,6,,,,,,,,,,," ",121701301,,
1,12,17,1,14,1,85.07116,"02",120,1,2,,,,,,,,1,888,1,4,1,0,888,888,888,888,3,888,888,2,0,,,,,,,,,,,,555,6,,,,,,,,,,," ",121701401,,
1,12,17,1,15,1,85.07116,"01",120,1,1,,,,,,,,1,0,1,4,1,0,2,888,888,888,4,4,5,2,0,,,,,,,,,,,,555,6,,,,,,,,,,," ",121701501,,
1,12,17,1,16,1,85.07116,"01",120,2,2,,,,,,,,1,2,1,0,0,,2,2,2,888,888,888,4,888,0,,,,,,,,,,,,1,,,,,,,,,,,," ",121701601,,
1,12,17,1,17,1,85.07116,"01",60,1,2,,,,,,,,0,,1,2,0,,888,2,2,888,2,2,4,888,1,1,1,,2,,,,1,3,2,1,1,,,,,,,,,,,," ",121701701,,
1,12,17,1,18,1,85.07116,"01",120,2,2,,,,,,,,1,1,0,,0,,2,2,2,3,4,4,2,5,1,1,1,,2,,,,1,4,1,1,1,,,,,,,,,,,," ",121701801,,
1,12,18,2,1,1,947.7518,"02",60,1,,,,,,,,,0,,0,,0,,2,2,3,2,2,2,2,2,0,,,,,,,,,,,,4,,,,,,,,,,,," ",121800101,,
1,12,18,2,2,1,947.7518,"02",120,1,,,,,,,,,0,,1,3,1,3,1,2,3,3,3,3,2,3,1,1,2,,,3,2,,1,3,2,1,2,,,,,,,,,,,," ",121800201,,
1,12,18,2,3,1,143.598757575758,"02",120,1,,5,5,5,5,5,5,5,0,,0,,0,,2,2,2,2,2,2,4,2,0,,,,,,,,,,,,4,,,,,,,,,,,," ",121800301,,
1,12,18,2,4,1,143.598757575758,"02",60,1,,1,1,1,1,1,1,1,0,,0,,0,,888,888,888,888,3,888,4,888,1,0,1,,2,,,,1,3,2,1,2,,,,,,,,,,,," ",121800401,,
1,12,18,2,5,1,143.598757575758,"03",180,1,,,,,,,,,1,888,0,,0,,888,888,888,888,888,888,888,888,1,0,1,,2,,,,1,3,1,1,2,,,,,,,,,,,," ",121800501,,
1,12,18,2,6,1,947.7518,"02",180,1,,,,,,,,,1,0,1,0,1,0,3,2,2,2,2,2,5,4,1,0,2,,,3,2,,1,3,2,1,2,,,,,,,,,,,," ",121800601,,
1,12,18,2,7,1,143.598757575758,"01",60,1,,1,1,1,1,1,1,1,1,0,0,,0,,888,888,3,3,888,888,888,888,1,0,2,,,3,2,,1,3,1,1,2,,,,,,,,,,,," ",121800701,,
1,12,18,2,8,1,947.7518,"01",120,1,,,,,,,,,0,,1,4,0,,2,1,2,4,2,2,4,4,1,1,2,,,5,5,,1,2,1,1,4,,,,,,,,,,,," ",121800801,,
1,12,18,2,9,1,143.598757575758,"01",180,1,,,,,,,,,1,0,1,0,1,0,4,2,2,2,2,2,4,4,0,,,,,,,,,,,,4,,,,,,,,,,,," ",121800901,,
1,12,18,2,10,1,947.7518,"02",90,1,,,,,,,,,1,0,0,,0,,4,2,2,2,2,2,2,2,0,,,,,,,,,,,,4,,,,,,,,,,,," ",121801001,,
1,12,18,2,11,1,947.7518,"01",60,1,,,,,,,,,1,0,1,0,0,,4,2,2,2,2,4,4,4,0,,,,,,,,,,,,4,,,,,,,,,,,," ",121801101,,
1,12,18,2,12,1,947.7518,"02",90,1,,,,,,,,,1,888,1,4,0,,4,2,2,3,2,2,5,3,0,,,,,,,,,,,,6,,,,,,,,,,,," ",121801201,,
1,12,18,2,13,1,143.598757575758,"01",120,1,,,,,,,,,1,0,1,3,1,0,1,2,2,5,4,2,4,5,0,,,,,,,,,,,,4,,,,,,,,,,,," ",121801301,,
1,12,18,2,14,1,947.7518,"01",60,1,,,,,,,,,0,,0,,0,,2,2,2,2,2,2,2,2,0,,,,,,,,,,,,4,,,,,,,,,,,," ",121801401,,
1,12,18,2,15,1,143.598757575758,"02",60,1,,,,,,,,,0,,0,,0,,2,2,2,2,2,2,2,2,0,,,,,,,,,,,,2,,,,,,,,,,,," ",121801501,,
1,12,18,2,16,1,947.7518,"02",120,2,,,,,,,,,0,,1,4,0,,3,4,3,3,3,3,2,3,1,0,1,,2,,,,1,3,2,1,2,,,,,,,,,,,," ",121801601,,
1,12,18,2,17,1,143.598757575758,"02",60,1,,,,,,,,,0,,0,,0,,2,2,2,2,2,2,2,2,0,,,,,,,,,,,,2,,,,,,,,,,,," ",121801701,,
1,12,18,2,18,1,947.7518,"02",40,1,,,,,,,,,1,0,1,1,0,,4,2,4,4,2,2,4,2,0,,,,,,,,,,,,4,,,,,,,,,,,," ",121801801,,
1,12,19,1,1,1,683.8179,"02",180,1,2,,,,,,,,0,,1,0,0,,2,2,3,4,2,3,2,3,0,,,,,,,,,,,,1,,,,,,,,,,,," ",121900101,,
1,12,19,1,2,1,44.8755496875,"02",60,1,2,,,,,,,,1,0,1,4,1,0,4,1,1,4,2,4,4,1,1,0,1,,2,,,,1,4,1,1,2,,,,,,,,,,,," ",121900201,,
1,12,19,1,3,1,44.8755496875,"02",60,1,2,,,,,,,,1,1,1,3,0,,2,2,3,2,2,3,1,3,0,,,,,,,,,,,,1,,,,,,,,,,,," ",121900301,,
1,12,19,1,4,1,44.8755496875,"02",280,1,1,5,5,5,5,5,5,5,0,,1,3,0,,2,2,2,2,2,2,3,1,1,0,2,,,5,3,,1,5,0,0,1,,,,,,,,,,,," ",121900401,,
1,12,19,1,5,1,683.8179,"02",265,1,1,,,,,,,,1,0,1,3,0,,2,2,3,2,2,2,2,2,1,1,1,,6,,,,1,5,2,0,1,,,,,,,,,,,," ",121900501,,
1,12,19,1,6,1,683.8179,"02",240,1,1,,,,,,,,1,0,0,,0,,3,2,3,3,2,3,1,3,1,1,1,,2,,,,1,4,1,1,1,,,,,,,,,,,," ",121900601,,
1,12,19,1,8,1,44.8755496875,"01",50,1,2,,,,,,,,1,0,1,4,1,0,1,1,2,3,2,3,4,3,0,,,,,,,,,,,,2,,,,,,,,,,,," ",121900801,,
1,12,19,1,9,1,683.8179,"02",120,1,2,,,,,,,,1,0,1,0,0,,3,2,3,4,4,3,2,3,0,,,,,,,,,,,,1,,,,,,,,,,,," ",121900901,,
1,12,19,1,10,1,683.8179,"02",120,1,2,,,,,,,,1,1,1,1,1,2,2,2,2,2,2,2,2,2,1,0,1,,2,,,,1,4,2,0,1,,,,,,,,,,,," ",121901001,,
1,12,19,1,11,1,683.8179,"02",180,1,2,,,,,,,,1,0,1,1,1,0,2,2,2,2,2,2,2,2,1,1,1,,2,,,,1,4,2,0,2,,,,,,,,,,,," ",121901101,,
1,12,19,1,12,1,683.8179,"02",120,1,2,,,,,,,,1,0,1,0,1,1,2,2,2,2,2,2,2,2,1,1,1,,2,,,,1,4,2,0,1,,,,,,,,,,,," ",121901201,,
1,12,19,1,13,1,683.8179,"01",30,1,1,,,,,,,,1,0,1,0,1,0,2,2,2,3,2,2,4,3,0,,,,,,,,,,,,1,,,,,,,,,,,," ",121901301,,
1,12,19,1,14,1,683.8179,"02",120,1,1,,,,,,,,1,0,1,4,1,0,2,3,3,888,888,888,888,888,1,0,1,,2,,,,4,2,0,1,555,6,,,,,,,,,,," ",121901401,,
1,12,19,1,15,1,683.8179,"01",60,1,1,,,,,,,,1,0,1,0,1,0,2,2,2,4,5,2,2,888,1,1,1,,2,,,,1,3,1,1,1,,,,,,,,,,,," ",121901501,,
1,12,19,1,16,1,683.8179,"02",120,1,1,,,,,,,,1,0,1,888,1,0,888,888,2,2,2,2,4,2,0,,,,,,,,,,,,555,6,,,,,,,,,,," ",121901601,,
1,12,19,1,17,1,683.8179,"02",90,1,1,,,,,,,,1,0,1,0,1,0,2,2,2,888,888,2,2,2,1,1,1,,3,,,,1,4,2,0,1,,,,,,,,,,,," ",121901701,,
1,12,19,1,18,1,683.8179,"01",60,2,2,,,,,,,,1,0,1,1,1,0,4,2,2,2,888,888,2,888,1,0,4,9,,,,,3,2,0,1,555,6,,,,,,,,,,," ",121901801,,
1,12,19,1,19,1,683.8179,"01",120,2,2,,,,,,,,0,,0,,1,0,3,2,888,888,888,888,4,888,1,0,1,,2,,,,1,3,1,1,2,,,,,,,,,,,," ",121901901,,
1,12,20,2,1,1,446.4181,"02",60,1,,,,,,,,,0,,0,,0,,2,2,2,2,2,2,2,2,0,,,,,,,,,,,,2,,,,,,,,,,,," ",122000101,,
1,12,20,2,2,1,604.193264109589,"02",120,1,,,,,,,,,0,,1,2,1,0,4,2,1,5,4,2,5,5,0,,,,,,,,,,,,1,,,,,,,,,,,," ",122000201,,
1,12,20,2,3,1,446.4181,"02",120,1,,,,,,,,,1,0,1,0,1,0,4,4,2,2,2,2,5,5,1,1,2,,,3,2,,1,3,0,1,5,,,,,,,,,,,," ",122000301,,
1,12,20,2,4,1,604.193264109589,"01",60,2,,,,,,,,,0,,0,,0,,2,2,2,2,2,2,2,2,0,,,,,,,,,,,,1,,,,,,,,,,,," ",122000401,,
1,12,20,2,5,1,446.4181,"02",180,1,,2,2,2,2,2,2,2,1,3,1,0,1,0,5,5,3,5,2,4,4,5,1,1,2,,,3,2,,1,3,2,1,4,,,,,,,,,,,," ",122000501,,
1,12,20,2,6,1,604.193264109589,"01",60,2,,,,,,,,,0,,0,,0,,2,2,1,888,1,2,4,888,0,,,,,,,,,,,,2,,,,,,,,,,,," ",122000601,,
1,12,20,2,7,1,446.4181,"01",70,2,,,,,,,,,1,888,1,2,0,,2,2,2,2,3,3,2,2,0,,,,,,,,,,,,6,,,,,,,,,,,," ",122000701,,
1,12,20,2,8,1,446.4181,"02",130,1,,,,,,,,,0,,1,3,0,,2,2,3,3,3,3,2,3,0,,,,,,,,,,,,6,,,,,,,,,,,," ",122000801,,
1,12,20,2,9,1,446.4181,"02",40,1,,,,,,,,,0,,0,,0,,2,2,2,2,2,2,2,2,0,,,,,,,,,,,,1,,,,,,,,,,,," ",122000901,,
1,12,20,2,10,1,446.4181,"01",50,2,,,,,,,,,0,,1,3,0,,888,2,2,2,4,2,4,2,1,0,1,,2,,,,1,2,0,1,555,6,,,,,,,,,,," ",122001001,,
1,12,20,2,11,1,446.4181,"02",120,2,,,,,,,,,1,0,0,,0,,888,2,888,4,2,3,5,3,1,1,2,,,3,2,,1,3,1,1,2,,,,,,,,,,,," ",122001101,,
1,12,20,2,12,1,446.4181,"01",120,1,,,,,,,,,0,,0,,0,,888,888,888,888,888,888,5,3,1,0,1,,2,,,,1,3,1,1,2,,,,,,,,,,,," ",122001201,,
1,12,20,2,13,1,446.4181,"02",120,1,,,,,,,,,1,0,0,,0,,888,2,888,888,3,3,5,3,1,1,1,,3,,,,1,3,1,1,2,,,,,,,,,,,," ",122001301,,
1,12,20,2,14,1,604.193264109589,"01",60,2,,,,,,,,,1,888,1,1,1,2,2,2,2,4,2,4,4,2,1,1,1,,3,,,,1,2,0,1,4,,,,,,,,,,,," ",122001401,,
1,12,20,2,15,1,446.4181,"01",120,1,,,,,,,,,1,0,1,0,1,0,3,2,4,5,2,2,5,4,1,1,2,,,3,2,,1,3,1,1,5,,,,,,,,,,,," ",122001501,,
1,12,20,2,16,1,446.4181,"02",120,2,,,,,,,,,0,,0,,0,,3,888,888,888,888,888,888,888,0,,,,,,,,,,,,1,,,,,,,,,,,," ",122001601,,
1,12,20,2,17,1,446.4181,"01",60,1,,,,,,,,,0,,1,2,0,,1,2,2,4,2,2,4,2,1,0,3,,,,,3,1,2,1,1,5,,,,,,,,,,,," ",122001701,,
1,12,20,2,18,1,604.193264109589,"02",60,2,,,,,,,,,1,888,1,3,1,3,2,2,2,4,2,2,3,2,0,0,1,,2,,,,1,3,1,0,5,,,,,,,,,,,," ",122001801,,
1,12,21,1,1,1,560.5378,"02",60,2,2,,,,,,,,1,0,1,0,1,1,2,2,2,2,2,2,2,2,0,,,,,,,,,,,,1,,,,,,,,,,,," ",122100101,,
1,12,21,1,2,1,560.5378,"03",120,1,1,,,,,,,,0,,0,,1,0,2,2,2,2,2,2,3,2,0,,,,,,,,,,,,1,,,,,,,,,,,," ",122100201,,
1,12,21,1,4,1,560.5378,"01",120,1,2,,,,,,,,1,0,1,1,1,2,2,2,2,2,2,2,2,2,0,,,,,,,,,,,,1,,,,,,,,,,,," ",122100401,,
1,12,21,1,5,1,323.609451546392,"01",30,2,2,,,,,,,,0,,0,,0,,888,2,888,888,888,888,888,888,1,1,1,,2,,,,1,2,1,1,1,,,,,,,,,,,," ",122100501,,
1,12,21,1,6,1,323.609451546392,"02",120,1,2,,,,,,,,1,0,1,0,1,0,2,2,2,2,2,2,2,2,0,,,,,,,,,,,,1,,,,,,,,,,,," ",122100601,,
1,12,21,1,7,1,560.5378,"02",60,1,2,,,,,,,,1,0,1,0,1,0,2,4,4,2,2,2,4,2,1,1,2,,,4,2,,1,4,2,1,5,,,,,,,,,,,," ",122100701,,
1,12,21,1,8,1,560.5378,"02",120,1,1,,,,,,,,0,,0,,0,,4,3,1,2,4,2,3,2,0,,,,,,,,,,,,1,,,,,,,,,,,," ",122100801,,
1,12,21,1,9,1,560.5378,"01",120,1,2,2,5,2,5,2,5,5,0,,0,,0,,4,2,2,2,2,2,4,2,0,,,,,,,,,,,,1,,,,,,,,,,,," ",122100901,,
1,12,21,1,10,1,560.5378,"02",120,1,1,5,5,5,5,5,5,5,0,,1,1,0,,2,2,2,2,2,2,2,2,0,,,,,,,,,,,,1,,,,,,,,,,,," ",122101001,,
1,12,21,1,11,1,560.5378,"02",140,1,1,5,5,5,5,5,5,5,0,,1,1,1,2,2,2,2,4,2,2,3,1,0,,,,,,,,,,,,1,,,,,,,,,,,," ",122101101,,
1,12,21,1,12,1,560.5378,"01",120,1,2,,,,,,,,0,,1,3,0,,2,2,3,4,2,3,2,3,0,,,,,,,,,,,,1,,,,,,,,,,,," ",122101201,,
1,12,21,1,13,1,560.5378,"01",120,1,1,,,,,,,,0,,0,,0,,2,2,2,2,888,3,4,888,1,1,1,,2,,,,1,5,1,1,1,,,,,,,,,,,," ",122101301,,
1,12,21,1,14,1,560.5378,"01",35,1,2,5,5,5,5,5,5,5,1,888,1,0,0,,1,2,2,2,2,2,3,1,0,,,,,,,,,,,,7,,,,,,,,,,,," ",122101401,,
1,12,21,1,15,1,560.5378,"02",90,1,2,,,,,,,,1,0,1,0,1,0,2,2,1,2,2,2,2,2,1,1,1,,3,,,,1,4,2,1,1,,,,,,,,,,,," ",122101501,,
1,12,21,1,16,1,560.5378,"02",180,1,2,5,5,5,5,5,5,5,1,0,1,3,0,,2,2,2,2,2,2,2,2,1,1,1,,5,,,,1,5,2,0,1,,,,,,,,,,,," ",122101601,,
1,12,21,1,17,1,560.5378,"01",120,1,2,2,2,2,2,2,2,2,1,0,1,4,1,0,2,2,2,2,2,2,2,2,1,0,2,,,3,2,,4,3,1,1,555,6,,,,,,,,,,," ",122101701,,
1,12,21,1,18,1,560.5378,"02",120,1,2,,,,,,,,0,,1,0,1,0,4,2,2,888,2,2,4,888,0,,,,,,,,,,,,6,,,,,,,,,,,," ",122101801,,
1,12,21,1,20,1,560.5378,"01",120,1,2,,,,,,,,0,,0,,0,,3,2,3,3,2,3,2,3,0,,,,,,,,,,,,1,,,,,,,,,,,," ",122102001,,
1,12,22,1,1,1,16.4555545454545,"01",120,1,2,,,,,,,,0,,0,,0,,2,2,3,2,2,3,2,4,1,0,2,,,3,2,,1,4,2,1,4,,,,,,,,,,,," ",122200101,,
1,12,22,1,2,1,16.4555545454545,"01",120,2,2,,,,,,,,0,,1,1,1,0,2,888,3,888,888,888,888,888,1,0,4,2,,,,,4,5,0,1,2,,,,,,,,,,,," ",122200201,,
1,12,22,1,3,1,16.4555545454545,"01",30,2,2,,,,,,,,0,,1,0,0,,888,4,888,4,2,888,4,2,0,,,,,,,,,,,,1,,,,,,,,,,,," ",122200301,,
1,12,22,1,4,1,16.4555545454545,"02",35,1,2,,,,,,,,0,,0,,0,,1,4,2,1,2,1,2,2,0,,,,,,,,,,,,1,,,,,,,,,,,," ",122200401,,
1,12,22,1,5,1,16.4555545454545,"03",60,1,2,,,,,,,,0,,0,,0,,1,2,1,2,1,2,1,2,1,0,1,,2,,,,1,3,0,1,1,,,,,,,,,,,," ",122200501,,
1,12,22,1,6,1,362.0222,"02",180,1,1,,,,,,,,0,,0,,0,,4,2,2,2,2,2,4,2,0,,,,,,,,,,,,1,,,,,,,,,,,," ",122200601,,
1,12,22,1,7,1,362.0222,"04",120,2,2,2,2,2,2,2,2,2,0,,1,0,0,,1,4,1,2,2,2,4,1,1,1,1,,2,,,,1,4,2,1,4,,,,,,,,,,,," ",122200701,,
1,12,22,1,8,1,362.0222,"02",300,2,2,,,,,,,,1,0,1,0,1,4,4,2,2,2,4,2,4,4,1,1,2,,,2,2,,1,2,0,1,5,,,,,,,,,,,," ",122200801,,
1,12,22,1,9,1,362.0222,"02",120,1,2,,,,,,,,0,,0,,0,,4,2,2,888,2,2,5,888,1,1,1,,2,,,,1,3,2,1,1,,,,,,,,,,,," ",122200901,,
1,12,22,1,10,1,362.0222,"01",120,1,1,,,,,,,,0,,1,1,0,,4,2,2,2,5,2,4,4,0,,,,,,,,,,,,1,,,,,,,,,,,," ",122201001,,
1,12,22,1,11,1,362.0222,"02",60,1,2,,,,,,,,0,,0,,0,,4,2,2,2,2,2,5,2,0,,,,,,,,,,,,1,,,,,,,,,,,," ",122201101,,
1,12,22,1,12,1,362.0222,"02",60,1,2,,,,,,,,0,,0,,0,,1,2,1,2,1,2,1,2,1,1,2,,,3,2,,1,3,2,1,1,,,,,,,,,,,," ",122201201,,
1,12,22,1,13,1,16.4555545454545,"02",60,1,2,,,,,,,,0,,0,,0,,5,2,2,4,1,1,5,888,0,,,,,,,,,,,,1,,,,,,,,,,,," ",122201301,,
1,12,22,1,14,1,362.0222,"01",300,2,2,,,,,,,,0,,1,1,1,4,1,1,4,4,2,4,5,888,0,,,,,,,,,,,,1,,,,,,,,,,,," ",122201401,,
1,12,22,1,15,1,362.0222,"02",120,1,1,,,,,,,,0,,0,,0,,2,2,888,2,4,5,5,888,1,1,2,,,4,2,,1,5,2,0,2,,,,,,,,,,,," ",122201501,,
1,12,22,1,16,1,362.0222,"01",120,1,2,5,3,3,5,3,5,5,0,,0,,0,,2,888,5,888,888,888,888,888,1,1,2,,,4,2,,1,5,2,1,2,,,,,,,,,,,," ",122201601,,
1,12,22,1,17,1,362.0222,"07",120,1,2,,,,,,,,0,,1,1,0,,4,2,888,4,2,2,5,4,0,,,,,,,,,,,,1,,,,,,,,,,,," ",122201701,,
1,12,22,1,18,1,362.0222,"02",90,1,1,5,5,5,5,5,5,5,0,,0,,0,,3,3,3,2,2,2,3,1,0,,,,,,,,,,,,4,,,,,,,,,,,," ",122201801,,
1,12,23,1,1,1,451.1577,"02",60,1,2,,,,,,,,0,,0,,0,,1,2,2,2,2,2,1,2,0,,,,,,,,,,,,4,,,,,,,,,,,," ",122300101,,
1,12,23,1,2,1,451.1577,"02",120,1,2,,,,,,,,0,,0,,0,,2,2,2,2,2,2,1,2,0,,,,,,,,,,,,4,,,,,,,,,,,," ",122300201,,
1,12,23,1,3,1,30.07718,"04",120,1,2,,,,,,,,1,0,1,1,0,,2,2,2,4,2,2,2,2,0,,,,,,,,,,,,1,,,,,,,,,,,," ",122300301,,
1,12,23,1,4,1,30.07718,"01",120,1,1,,,,,,,,0,,1,2,1,4,888,1,2,2,2,4,5,1,1,0,2,,,4,2,,1,6,0,1,1,,,,,,,,,,,," ",122300401,,
1,12,23,1,5,1,30.07718,"01",180,1,2,3,3,1,3,1,3,3,1,4,1,4,1,2,1,2,2,4,4,2,888,3,1,0,2,,,2,2,,1,2,1,1,2,,,,,,,,,,,," ",122300501,,
1,12,23,1,6,1,451.1577,"01",120,1,1,,,,,,,,0,,1,2,0,,2,2,888,888,888,888,888,888,1,1,2,,,2,2,,1,3,2,0,2,,,,,,,,,,,," ",122300601,,
1,12,23,1,7,1,451.1577,"04",160,1,1,,,,,,,,1,0,1,1,1,4,4,2,2,4,2,4,4,2,1,1,2,,,2,2,,1,3,2,1,4,,,,,,,,,,,," ",122300701,,
1,12,23,1,8,1,451.1577,"03",120,1,1,,,,,,,,0,,0,,0,,1,2,1,2,1,2,2,1,0,,,,,,,,,,,,1,,,,,,,,,,,," ",122300801,,
1,12,23,1,9,1,451.1577,"02",120,1,1,3,3,3,5,3,5,5,1,4,1,4,1,0,2,4,888,3,888,888,2,2,1,1,2,,,2,2,,1,4,2,0,2,,,,,,,,,,,," ",122300901,,
1,12,23,1,10,1,451.1577,"02",120,1,2,,,,,,,,0,,0,,0,,1,2,1,2,2,2,4,2,1,0,4,2,,,,,1,4,0,0,5,,,,,,,,,,,," ",122301001,,
1,12,23,1,11,1,451.1577,"01",90,1,2,,,,,,,,0,,0,,0,,3,2,3,2,2,2,4,3,1,1,4,2,,,,,1,3,0,1,5,,,,,,,,,,,," ",122301101,,
1,12,23,1,12,1,30.07718,"02",120,1,2,,,,,,,,1,4,1,3,1,0,1,2,3,2,2,2,888,888,0,,,,,,,,,,,,1,,,,,,,,,,,," ",122301201,,
1,12,23,1,13,1,30.07718,"01",90,1,2,,,,,,,,0,,0,,0,,2,3,3,2,3,3,2,3,0,,,,,,,,,,,,555,15,,,,,,,,,,," ",122301301,,
1,12,23,1,14,1,30.07718,"02",60,2,2,1,1,1,1,1,1,1,0,,1,1,0,,2,2,2,2,2,2,4,2,0,,,,,,,,,,,,1,,,,,,,,,,,," ",122301401,,
1,12,23,1,15,1,451.1577,"01",180,1,2,,,,,,,,1,0,1,1,1,0,1,2,2,2,2,4,4,2,1,1,4,5,,,,,1,6,1,1,1,,,,,,,,,,,," ",122301501,,
1,12,23,1,16,1,451.1577,"02",90,1,2,,,,,,,,1,1,0,,0,,2,2,2,2,2,2,2,1,0,,,,,,,,,,,,2,,,,,,,,,,,," ",122301601,,
1,12,23,1,17,1,451.1577,"01",180,1,1,,,,,,,,0,,0,,1,4,4,4,2,888,888,2,888,2,0,,,,,,,,,,,,1,,,,,,1,,1,,,," ",122301701,,
1,12,23,1,18,1,30.07718,"01",60,1,2,,,,,,,,1,1,0,,0,,1,2,1,2,1,2,1,2,0,,,,,,,,,,,,1,,,,,,,,,,,," ",122301801,,
1,12,24,1,1,1,410.6768,"01",180,1,1,5,3,3,5,3,5,5,1,4,1,0,0,,2,1,2,2,1,2,2,2,1,1,1,,4,,,,1,3,3,0,2,,,,,,,,,,,," ",122400101,,
1,12,24,1,2,1,410.6768,"02",180,1,1,,,,,,,,0,,0,,0,,2,2,2,2,2,2,2,2,0,,,,,,,,,,,,2,,,,,,,,,,,," ",122400201,,
1,12,24,1,3,1,410.6768,"01",90,1,2,,,,,,,,0,,0,,0,,1,888,2,2,2,1,5,1,0,,,,,,,,,,,,4,,,,,,,,,,,," ",122400301,,
1,12,24,1,4,1,410.6768,"02",240,1,1,,,,,,,,0,,1,2,1,4,2,2,3,2,2,4,5,2,1,1,2,,,4,2,,1,6,2,1,4,,,,,,,,,,,," ",122400401,,
1,12,24,1,5,1,410.6768,"03",180,1,2,5,3,3,5,3,3,5,1,4,1,3,1,4,2,2,2,2,2,3,2,888,1,1,3,,,,,4,4,3,3,1,2,,,,,,,,,,,," ",122400501,,
1,12,24,1,6,1,410.6768,"02",60,1,1,,,,,,,,0,,0,,1,1,1,2,1,2,1,2,1,2,0,,,,,,,,,,,,1,,,,,,,,,,,," ",122400601,,
1,12,24,1,7,1,410.6768,"05",150,1,1,5,5,5,5,5,5,5,0,,0,,0,,3,888,2,1,1,1,5,1,1,1,1,,4,,,,1,3,2,0,1,,,,,,,,,,,," ",122400701,,
1,12,24,1,8,1,410.6768,"04",180,1,1,,,,,,,,0,,0,,0,,2,2,2,2,2,2,2,2,0,,,,,,,,,,,,4,,,,,,,,,,,," ",122400801,,
1,12,24,1,9,1,410.6768,"03",40,1,2,,,,,,,,1,0,0,,0,,2,2,2,4,2,4,4,4,0,,,,,,,,,,,,1,,,,,,,,,,,," ",122400901,,
1,12,24,1,10,1,410.6768,"01",30,1,1,,,,,,,,1,1,0,,1,0,1,1,1,2,1,2,1,2,0,,,,,,,,,,,,1,,,,,,,,,,,," ",122401001,,
1,12,24,1,11,1,410.6768,"07",120,1,1,,,,,,,,0,,0,,0,,4,2,2,4,2,2,5,2,0,,,,,,,,,,,,1,,,,,,,,,,,," ",122401101,,
1,12,24,1,12,1,410.6768,"07",60,1,1,5,5,5,5,5,5,5,0,,0,,0,,2,2,2,1,2,2,2,2,1,1,1,,4,,,,1,5,2,1,4,,,,,,,,,,,," ",122401201,,
1,12,24,1,13,1,410.6768,"01",180,1,1,3,5,5,5,3,3,5,1,4,1,4,0,,1,2,2,2,888,888,888,2,1,1,2,,,4,2,,1,5,2,1,2,,,,,,,,,,,," ",122401301,,
1,12,24,1,14,1,410.6768,"02",60,1,1,,,,,,,,0,,0,,0,,2,2,2,4,4,4,4,2,0,,,,,,,,,,,,4,,,,,,,,,,,," ",122401401,,
1,12,24,1,15,1,410.6768,"05",180,1,1,5,5,5,5,5,5,5,0,,0,,0,,5,2,2,4,2,1,5,1,0,,,,,,,,,,,,1,,,,,,,,,,,," ",122401501,,
1,12,24,1,16,1,410.6768,"03",120,1,1,,,,,,,,0,,0,,0,,2,2,2,2,2,2,4,2,0,,,,,,,,,,,,5,,,,,,,,,,,," ",122401601,,
1,12,24,1,18,1,410.6768,"08",180,1,1,3,3,3,3,3,3,5,0,,0,,0,,2,2,2,2,2,1,3,4,1,1,2,,,3,2,,1,5,2,1,4,,,,,,,,,,,," ",122401801,,
1,12,24,1,19,1,410.6768,"01",120,1,1,,,,,,,,0,,1,2,1,4,1,1,2,2,2,2,4,2,0,,,,,,,,,,,,4,,,,,,,,,,,," ",122401901,,
1,12,25,1,1,1,325.5321,"01",30,1,1,,,,,,,,0,,0,,0,,888,888,888,888,888,2,888,5,0,,,,,,,,,,,,1,,,,,,,,,,,," ",122500101,,
1,12,25,1,2,1,325.5321,"01",60,1,1,,,,,,,,0,,0,,0,,2,2,2,2,2,2,2,2,0,,,,,,,,,,,,1,,,,,,,,,,,," ",122500201,,
1,12,25,1,3,1,325.5321,"01",120,1,2,5,5,5,5,5,5,5,1,0,1,0,0,,2,2,2,888,2,888,4,2,0,,,,,,,,,,,,1,,,,,,,,,,,," ",122500301,,
1,12,25,1,4,1,325.5321,"02",240,1,2,,,,,,,,0,,0,,0,,2,4,2,2,1,1,888,4,1,0,2,,,4,2,,1,6,0,0,2,,,,,,,,,,,," ",122500401,,
1,12,25,1,5,1,325.5321,"02",300,1,2,5,5,3,3,3,3,3,0,,0,,0,,1,2,2,1,1,1,4,1,0,,,,,,,,,,,,4,,,,,,,,,,,," ",122500501,,
1,12,25,1,6,1,325.5321,"01",60,1,1,,,,,,,,0,,1,1,0,,2,2,1,1,1,1,4,3,0,,,,,,,,,,,,4,,,,,,,,,,,," ",122500601,,
1,12,25,1,7,1,325.5321,"02",120,1,1,5,5,3,5,3,5,5,0,,1,1,0,,2,888,2,888,4,2,5,1,1,1,1,,2,,,,1,2,1,0,4,,,,,,,,,,,," ",122500701,,
1,12,25,1,8,1,325.5321,"02",60,1,1,,,,,,,,0,,1,0,1,0,1,1,2,2,2,2,2,2,1,1,1,,3,,,,1,3,0,0,2,,,,,,,,,,,," ",122500801,,
1,12,25,1,9,1,325.5321,"02",300,1,2,,,,,,,,0,,0,,0,,1,1,2,888,5,2,888,888,1,1,2,,,6,4,,1,3,0,0,6,,,,,,,,,,,," ",122500901,,
1,12,25,1,10,1,325.5321,"01",60,1,2,,,,,,,,0,,0,,0,,5,888,888,888,888,888,888,5,0,,,,,,,,,,,,2,,,,,,,,,,,," ",122501001,,
1,12,25,1,11,1,325.5321,"02",240,1,1,5,5,3,5,3,3,5,0,,1,2,0,,1,1,1,1,2,4,4,1,1,1,2,,,4,3,,1,4,2,0,4,,,,,,,,,,,," ",122501101,,
1,12,25,1,12,1,325.5321,"01",30,1,1,,,,,,,,0,,0,,0,,1,1,1,2,2,1,4,2,0,,,,,,,,,,,,4,,,,,,,,,,,," ",122501201,,
1,12,25,1,13,1,325.5321,"01",120,1,2,,,,,,,,0,,1,4,0,,2,2,3,2,3,3,4,888,1,1,2,,,2,2,,1,3,3,0,2,,,,,,,,,,,," ",122501301,,
1,12,25,1,14,1,325.5321,"02",120,1,2,3,3,3,3,3,3,3,0,,0,,0,,1,2,2,5,1,1,5,4,1,1,1,,4,,,,1,4,2,1,4,,,,,,,,,,,," ",122501401,,
1,12,25,1,15,1,325.5321,"02",120,1,1,,,,,,,,0,,0,,0,,2,2,2,2,2,2,4,2,0,,,,,,,,,,,,1,,,,,,,,,,,," ",122501501,,
1,12,25,1,16,1,325.5321,"01",60,1,2,,,,,,,,0,,0,,0,,4,2,2,2,2,2,4,2,0,,,,,,,,,,,,1,,,,,,,,,,,," ",122501601,,
1,12,25,1,17,1,325.5321,"01",60,2,2,,,,,,,,0,,0,,0,,2,2,2,2,2,2,4,4,0,,,,,,,,,,,,4,,,,,,,,,,,," ",122501701,,
1,12,25,1,18,1,325.5321,"01",45,1,2,,,,,,,,0,,0,,0,,4,2,4,4,2,2,4,4,0,,,,,,,,,,,,555,8,,,,,,,,,,," ",122501801,,
1,12,26,1,1,1,21.1679242236025,"01",90,1,2,,,,,,,,0,,0,,0,,2,2,2,4,4,2,5,4,0,,,,,,,,,,,,2,,,,,,,,,,,," ",122600101,,
1,12,26,1,2,1,1310.783,"02",180,1,1,,,,,,,,1,0,1,0,0,,1,2,1,2,4,2,4,2,0,,,,,,,,,,,,3,,,,,,1,,,,,," ",122600201,,
1,12,26,1,3,1,21.1679242236025,"01",60,2,2,1,1,1,1,1,1,1,1,888,0,,0,,1,1,1,5,2,3,4,1,1,0,1,,4,,,,1,2,1,1,2,,,,,,,,,,,," ",122600301,,
1,12,26,1,4,1,21.1679242236025,"05",120,1,2,3,3,1,3,1,3,1,0,,1,1,0,,2,2,2,2,2,888,4,2,1,0,1,,3,,,,1,5,2,0,1,,,,,,,,,,,," ",122600401,,
1,12,26,1,5,1,1310.783,"01",50,1,1,5,5,3,3,3,3,5,0,,0,,0,,2,2,2,4,4,2,5,4,1,1,1,,3,,,,1,5,2,1,4,,,,,,,,,,,," ",122600501,,
1,12,26,1,6,1,21.1679242236025,"01",30,2,2,,,,,,,,0,,1,1,0,,2,2,2,1,1,2,4,888,0,,,,,,,,,,,,5,,,,,,,,,,,," ",122600601,,
1,12,26,1,7,1,1310.783,"02",45,1,1,,,,,,,,0,,0,,0,,2,888,888,888,888,888,888,888,0,,,,,,,,,,,,2,,,,,,,,,,,," ",122600701,,
1,12,26,1,8,1,1310.783,"02",50,2,2,,,,,,,,0,,1,0,0,,2,2,2,5,4,888,5,1,0,,,,,,,,,,,,1,,,,,,,,,,,," ",122600801,,
1,12,26,1,9,1,1310.783,"02",240,1,2,,,,,,,,0,,1,1,0,,2,2,2,5,5,2,5,4,1,1,2,,,2,2,,1,4,2,0,1,,,,,,,,,,,," ",122600901,,
1,12,26,1,10,1,1310.783,"01",120,1,2,,,,,,,,0,,1,2,0,,1,4,4,1,2,888,4,1,0,,,,,,,,,,,,2,,,,,,,,,,,," ",122601001,,
1,12,26,1,11,1,1310.783,"02",120,1,2,,,,,,,,0,,0,,0,,2,2,2,2,2,2,2,2,1,1,1,,2,,,,1,3,1,1,1,,,,,,,,,,,," ",122601101,,
1,12,26,1,12,1,1310.783,"01",120,1,1,,,,,,,,0,,0,,0,,2,2,2,2,2,2,2,2,0,,,,,,,,,,,,2,,,,,,,,,,,," ",122601201,,
1,12,26,1,13,1,1310.783,"02",240,1,2,,,,,,,,0,,1,1,1,1,1,2,2,2,2,1,1,888,0,,,,,,,,,,,,5,,,,,,,,,,,," ",122601301,,
1,12,26,1,14,1,1310.783,"02",60,1,1,3,3,3,3,3,3,3,0,,1,2,1,1,1,1,2,1,2,1,1,1,1,1,1,,2,,,,1,3,1,1,3,,,,,,,,,,,," ",122601401,,
1,12,26,1,15,1,1310.783,"02",240,1,1,,,,,,,,0,,0,,0,,2,2,2,2,4,4,4,888,0,,,,,,,,,,,,1,,,,,,,,,,,," ",122601501,,
1,12,26,1,16,1,21.1679242236025,"02",40,1,1,3,3,3,3,3,3,3,0,,0,,0,,1,2,2,4,2,2,5,4,1,0,1,,2,,,,1,6,2,1,4,,,,,,,,,,,," ",122601601,,
1,12,26,1,17,1,1310.783,"01",150,1,1,5,3,3,5,3,5,5,1,1,1,1,1,1,2,4,2,2,2,4,4,2,0,,,,,,,,,,,,1,,,,,,,,,,,," ",122601701,,
1,12,26,1,18,1,1310.783,"02",300,1,1,,,,,,,,0,,0,,0,,1,1,2,4,4,2,4,4,1,1,1,,6,,,,1,2,2,1,2,,,,,,,,,,,," ",122601801,,
1,12,27,1,1,1,44.69515,"02",120,1,2,,,,,,,,0,,0,,0,,2,4,2,4,4,2,5,4,1,1,1,,2,,,,1,6,1,0,2,,,,,,,,,,,," ",122700101,,
1,12,27,1,2,1,44.69515,"02",50,1,1,,,,,,,,0,,0,,0,,2,2,2,4,2,1,4,4,1,1,1,,4,,,,1,4,4,1,2,,,,,,,,,,,," ",122700201,,
1,12,27,1,3,1,4.94499531914893,"02",600,2,2,,,,,,,,0,,1,4,0,,888,888,888,888,888,888,5,888,1,0,2,,,4,3,,1,3,1,0,5,,,,,,,,,,,," ",122700301,,
1,12,27,1,4,1,44.69515,"01",30,1,2,,,,,,,,0,,1,4,0,,888,888,888,888,888,888,888,888,0,,,,,,,,,,,,1,,,,,,,,,,,," ",122700401,,
1,12,27,1,5,1,44.69515,"06",120,1,1,5,5,5,5,5,5,5,0,,0,,0,,2,2,2,2,2,888,4,2,0,,,,,,,,,,,,1,,,,,,,,,,,," ",122700501,,
1,12,27,1,6,1,4.94499531914893,"01",60,2,2,,,,,,,,0,,0,,0,,888,888,888,888,2,888,888,888,0,,,,,,,,,,,,1,,,,,,,,,,,," ",122700601,,
1,12,27,1,7,1,44.69515,"02",240,1,2,,,,,,,,0,,0,,0,,888,1,2,4,5,1,5,888,1,1,1,,2,,,,1,2,2,1,2,,,,,,,,,,,," ",122700701,,
1,12,27,1,8,1,4.94499531914893,"02",60,1,2,,,,,,,,0,,1,1,0,,1,1,1,3,2,1,4,3,0,,,,,,,,,,,,5,,,,,,,,,,,," ",122700801,,
1,12,27,1,9,1,44.69515,"02",60,1,2,3,3,2,3,3,3,3,0,,0,,0,,2,2,2,2,2,2,4,2,1,0,2,,,4,2,,1,5,2,1,4,,,,,,,,,,,," ",122700901,,
1,12,27,1,10,1,4.94499531914893,"02",30,1,1,,,,,,,,0,,1,0,1,1,2,4,4,3,3,3,1,2,0,,,,,,,,,,,,4,,,,,,,,,,,," ",122701001,,
1,12,27,1,11,1,4.94499531914893,"01",60,1,2,,,,,,,,0,,1,2,1,1,2,1,1,1,2,3,4,888,0,,,,,,,,,,,,5,,,,,,,,,,,," ",122701101,,
1,12,27,1,12,1,44.69515,"07",60,1,1,,,,,,,,0,,0,,0,,888,888,888,888,888,888,888,888,1,0,1,,3,,,,1,3,0,0,1,,,,,,,,,,,," ",122701201,,
1,12,27,1,13,1,44.69515,"02",60,1,1,,,,,,,,0,,0,,0,,4,2,2,2,2,2,2,2,0,,,,,,,,,,,,1,,,,,,,,,,,," ",122701301,,
1,12,27,1,14,1,44.69515,"02",180,1,1,5,5,2,2,2,2,5,0,,1,0,0,,888,888,888,888,888,888,5,888,1,1,2,,,3,2,,1,2,1,0,4,,,,,,,,,,,," ",122701401,,
1,12,27,1,15,1,44.69515,"02",60,2,2,,,,,,,,1,0,1,0,0,,4,2,3,3,2,3,5,3,0,,,,,,,,,,,,1,,,,,,,,,,,," ",122701501,,
1,12,27,1,16,1,44.69515,"02",120,1,2,,,,,,,,0,,1,0,0,,888,2,888,2,2,888,4,2,0,,,,,,,,,,,,1,,,,,,,,,,,," ",122701601,,
1,12,27,1,17,1,44.69515,"01",120,1,2,,,,,,,,0,,0,,0,,1,1,1,2,4,4,5,1,1,1,1,,2,,,,1,2,1,1,2,,,,,,,,,,,," ",122701701,,
1,12,27,1,18,1,44.69515,"04",120,1,1,,,,,,,,0,,1,4,0,,1,2,2,4,4,4,4,1,1,1,2,,,4,2,,1,2,2,1,2,,,,,,,,,,,," ",122701801,,
1,12,28,1,1,1,724.7505,"02",300,1,2,2,2,2,2,2,2,2,0,,1,1,0,,1,2,888,5,2,888,5,3,1,1,2,,,5,3,,1,2,2,1,6,,,,,,,,,,,," ",122800101,,
1,12,28,1,2,1,98.471535326087,"02",120,1,2,,,,,,,,0,,1,2,0,,2,2,888,4,2,888,5,888,0,,,,,,,,,,,,2,,,,,,,,,,,," ",122800201,,
1,12,28,1,3,1,98.471535326087,"01",60,2,2,,,,,,,,0,,1,2,0,,2,2,888,2,1,2,5,3,1,0,1,,3,,,,1,2,2,1,1,,,,,,,,,,,," ",122800301,,
1,12,28,1,4,1,98.471535326087,"01",90,2,2,,,,,,,,0,,1,3,0,,2,2,888,1,2,888,4,888,0,,,,,,,,,,,,555,6,,,,,,,,,,," ",122800401,,
1,12,28,1,5,1,98.471535326087,"02",120,1,2,2,3,3,2,2,2,3,0,,0,,0,,2,1,2,1,4,1,5,1,1,0,1,,2,,,,1,3,1,1,1,,,,,,,,,,,," ",122800501,,
1,12,28,1,6,1,724.7505,"02",60,1,2,,,,,,,,1,0,1,4,0,,1,1,1,1,1,1,4,1,1,1,2,,,4,3,,1,4,1,0,8,,,,,,,,,,,," ",122800601,,
1,12,28,1,7,1,724.7505,"01",60,1,2,,,,,,,,0,,0,,0,,1,2,1,1,4,1,1,1,1,0,2,,,2,2,,1,2,1,1,2,,,,,,,,,,,," ",122800701,,
1,12,28,1,8,1,98.471535326087,"02",120,1,2,,,,,,,,0,,0,,0,,2,1,1,1,1,1,4,2,0,,,,,,,,,,,,1,,,,,,,,,,,," ",122800801,,
1,12,28,1,9,1,98.471535326087,"02",120,2,2,,,,,,,,1,0,1,4,0,,1,2,2,1,2,2,4,1,0,,,,,,,,,,,,5,,,,,,,,,,,," ",122800901,,
1,12,28,1,10,1,98.471535326087,"01",60,1,2,3,3,3,3,3,3,3,1,1,1,2,0,,888,4,888,2,888,888,2,888,0,,,,,,,,,,,,2,,,,,,,,,,,," ",122801001,,
1,12,28,1,11,1,98.471535326087,"01",90,1,2,,,,,,,,1,0,1,4,1,0,4,1,1,1,1,1,5,1,1,0,2,,,3,2,,1,3,1,0,4,,,,,,,,,,,," ",122801101,,
1,12,28,1,12,1,724.7505,"04",60,1,2,,,,,,,,0,,1,3,1,3,2,1,3,3,1,4,4,2,1,1,1,,3,,,,1,3,2,1,2,,,,,,,,,,,," ",122801201,,
1,12,28,1,13,1,724.7505,"01",60,1,2,,,,,,,,1,0,1,4,0,,1,1,1,1,1,1,4,2,1,1,2,,,4,3,,1,3,1,1,6,,,,,,,,,,,," ",122801301,,
1,12,28,1,14,1,724.7505,"02",180,1,2,,,,,,,,0,,1,0,0,,3,1,1,4,1,1,4,1,0,,,,,,,,,,,,5,,,,,,,,,,,," ",122801401,,
1,12,28,1,15,1,724.7505,"01",90,1,2,2,2,2,2,2,2,2,0,,1,0,0,,2,1,4,4,2,2,4,2,1,1,1,,2,,,,1,2,1,1,1,,,,,,,,,,,," ",122801501,,
1,12,28,1,16,1,724.7505,"02",360,1,2,,,,,,,,1,0,1,4,1,0,1,2,2,1,1,4,2,2,0,,,,,,,,,,,,1,,,,,,,,,,,," ",122801601,,
1,12,28,1,17,1,724.7505,"02",180,1,2,5,5,2,5,2,2,5,0,,0,,0,,1,1,2,1,4,1,5,1,1,1,2,,,3,3,,1,3,2,0,3,,,,,,,,,,,," ",122801701,,
1,12,28,1,18,1,724.7505,"02",120,1,1,,,,,,,,0,,0,,0,,1,2,2,2,4,1,5,1,0,,,,,,,,,,,,1,,,,,,,,,,,," ",122801801,,
1,12,29,1,1,1,467.7392,"01",120,1,1,7,7,7,7,7,7,7,1,1,1,1,1,0,1,1,1,1,1,1,1,1,1,0,1,,2,,,,1,6,1,1,4,,,,,,,,,,,," ",122900101,,
1,12,29,1,2,1,467.7392,"01",120,1,1,5,5,5,5,5,5,5,1,4,1,4,0,,1,1,1,1,1,1,1,1,1,0,1,,3,,,,1,5,1,1,4,,,,,,,,,,,," ",122900201,,
1,12,29,1,3,1,467.7392,"02",60,1,2,,,,,,,,1,0,1,0,1,0,1,1,1,1,2,3,3,4,0,,,,,,,,,,,,1,,,,,,,,,,,," ",122900301,,
1,12,29,1,4,1,467.7392,"03",180,1,2,,,,,,,,0,,0,,0,,4,4,4,3,2,4,3,4,0,,,,,,,,,,,,6,,,,,,,,,,,," ",122900401,,
1,12,29,1,5,1,467.7392,"06",120,1,1,,,,,,,,1,0,0,,0,,1,2,3,3,3,2,3,2,0,,,,,,,,,,,,6,,,,,,,,,,,," ",122900501,,
1,12,29,1,6,1,467.7392,"02",240,1,2,,,,,,,,0,,1,4,1,4,4,2,2,2,2,4,1,1,0,,,,,,,,,,,,1,,,,,,,,,,,," ",122900601,,
1,12,29,1,7,1,467.7392,"02",60,1,2,,,,,,,,0,,1,4,0,,1,1,1,2,2,1,5,5,0,,,,,,,,,,,,4,,,,,,,,,,,," ",122900701,,
1,12,29,1,8,1,467.7392,"01",180,1,2,,,,,,,,1,0,1,2,0,,3,1,3,3,4,3,4,3,0,,,,,,,,,,,,2,,,,,,,,,,,," ",122900801,,
1,12,29,1,9,1,467.7392,"02",180,1,2,,,,,,,,1,0,1,2,0,,4,1,2,2,4,4,4,3,0,,,,,,,,,,,,2,,,,,,,,,,,," ",122900901,,
1,12,29,1,10,1,467.7392,"02",120,1,2,,,,,,,,0,,0,,0,,1,1,1,5,1,4,3,2,0,1,4,4,,,,,4,3,0,1,1,,,,,,,,,,,," ",122901001,,
1,12,29,1,11,1,467.7392,"01",120,1,1,,,,,,,,0,,1,1,0,,1,1,1,1,1,1,1,1,0,,,,,,,,,,,,4,,,,,,,,,,,," ",122901101,,
1,12,29,1,12,1,467.7392,"02",120,1,2,,,,,,,,0,,0,,0,,3,1,3,2,1,3,1,1,1,0,2,,,2,2,,1,2,1,1,6,,,,,,,,,,,," ",122901201,,
1,12,29,1,13,1,467.7392,"04",240,1,2,5,5,3,5,3,3,5,1,0,1,0,0,,1,1,1,2,4,4,4,2,1,1,2,,,4,3,,1,3,3,1,2,,,,,,,,,,,," ",122901301,,
1,12,29,1,14,1,467.7392,"01",120,1,2,,,,,,,,1,0,0,,0,,5,5,5,4,1,5,5,4,1,1,2,,,3,3,,1,3,1,1,2,,,,,,,,,,,," ",122901401,,
1,12,29,1,15,1,467.7392,"01",120,1,2,5,3,3,5,3,5,5,1,0,1,2,0,,4,1,1,3,2,4,4,3,0,,,,,,,,,,,,2,,,,,,,,,,,," ",122901501,,
1,12,29,1,16,1,467.7392,"02",60,1,2,,,,,,,,0,,0,,0,,888,4,4,5,2,2,3,4,1,1,4,4,,,,,4,4,0,1,1,,,,,,,,,,,," ",122901601,,
1,12,29,1,17,1,467.7392,"01",60,1,2,,,,,,,,0,,1,3,0,,2,1,2,888,2,888,4,2,1,0,1,,2,,,,1,2,0,1,1,,,,,,,,,,,," ",122901701,,
1,12,29,1,18,1,467.7392,"02",120,1,2,,,,,,,,0,,1,3,0,,1,1,2,888,4,888,888,3,0,,,,,,,,,,,,1,,,,,,,,,,,," ",122901801,,
1,12,30,2,1,1,396.838,"02",30,1,,,,,,,,,0,,0,,0,,2,2,2,2,2,2,2,2,0,,,,,,,,,,,,4,,,,,,,,,,,," ",123000101,,
1,12,30,2,2,1,396.838,"02",120,1,,,,,,,,,0,,1,2,0,,2,2,2,2,2,4,2,2,0,,,,,,,,,,,,1,,,,,,,,,,,," ",123000201,,
1,12,30,2,3,1,673.532385321101,"02",50,1,,,,,,,,,0,,0,,0,,2,2,2,2,2,2,2,2,0,,,,,,,,,,,,1,,,,,,,,,,,," ",123000301,,
1,12,30,2,4,1,396.838,"01",60,1,,,,,,,,,1,3,1,2,0,,2,2,2,2,4,4,5,2,1,1,1,,3,,,,1,5,2,1,4,,,,,,,,,,,," ",123000401,,
1,12,30,2,5,1,396.838,"01",60,1,,,,,,,,,0,,0,,0,,2,4,3,2,4,2,2,2,1,1,1,,4,,,,1,2,3,1,1,,,,,,,,,,,," ",123000501,,
1,12,30,2,6,1,396.838,"02",120,1,,,,,,,,,1,888,1,2,1,888,2,2,3,2,3,3,3,3,1,0,2,,,3,2,,1,3,1,1,6,,,,,,,,,,,," ",123000601,,
1,12,30,2,7,1,396.838,"02",60,1,,,,,,,,,1,0,1,0,0,,4,1,888,888,888,888,4,888,1,1,2,,,3,2,,1,3,1,1,2,,,,,,,,,,,," ",123000701,,
1,12,30,2,8,1,673.532385321101,"02",60,1,,,,,,,,,0,,0,,0,,2,2,2,2,2,2,2,2,0,,,,,,,,,,,,1,,,,,,,,,,,," ",123000801,,
1,12,30,2,9,1,396.838,"03",180,1,,,,,,,,,0,,1,3,0,,1,2,2,2,3,3,4,4,0,,,,,,,,,,,,2,,,,,,,,,,,," ",123000901,,
1,12,30,2,10,1,396.838,"02",120,1,,5,5,5,5,5,5,5,0,,0,,0,,888,888,888,888,888,888,4,2,0,,,,,,,,,,,,4,,,,,,,,,,,," ",123001001,,
1,12,30,2,11,1,396.838,"02",120,1,,,,,,,,,1,0,1,4,1,0,888,1,2,888,4,2,4,2,0,,,,,,,,,,,,1,,,,,,,,,,,," ",123001101,,
1,12,30,2,12,1,396.838,"02",360,1,,,,,,,,,1,0,1,0,1,2,4,2,2,4,2,2,4,4,1,1,2,,,3,2,,1,3,2,1,4,,,,,,,,,,,," ",123001201,,
1,12,30,2,13,1,673.532385321101,"01",40,2,,,,,,,,,0,,0,,0,,2,2,2,2,2,2,2,2,0,,,,,,,,,,,,3,,,,,,,,,,,," ",123001301,,
1,12,30,2,14,1,396.838,"03",180,1,,,,,,,,,0,,1,2,0,,2,2,3,2,3,3,2,3,1,1,1,,2,,,,1,3,2,1,6,,,,,,,,,,,," ",123001401,,
1,12,30,2,15,1,396.838,"02",240,1,,,,,,,,,1,0,1,0,1,0,4,3,5,4,3,2,5,5,1,1,2,,,3,2,,1,3,2,1,4,,,,,,,,,,,," ",123001501,,
1,12,30,2,16,1,396.838,"02",90,2,,,,,,,,,1,2,1,2,0,,1,4,2,3,2,3,2,3,0,,,,,,,,,,,,6,,,,,,,,,,,," ",123001601,,
1,12,30,2,17,1,396.838,"02",120,2,,,,,,,,,1,0,1,2,1,0,2,2,2,4,2,2,5,5,0,,,,,,,,,,,,4,,,,,,,,,,,," ",123001701,,
1,12,30,2,18,1,396.838,"02",60,1,,,,,,,,,0,,1,1,0,,2,2,888,888,888,3,2,888,1,1,1,,4,,,,1,2,3,1,1,,,,,,,,,,,," ",123001801,,
1,12,31,1,1,1,15.96942875,"02",60,1,2,,,,,,,,0,,0,,0,,1,2,3,4,3,3,4,3,0,,,,,,,,,,,,2,,,,,,,,,,,," ",123100101,,
1,12,31,1,2,1,46.45652,"02",60,1,2,,,,,,,,0,,1,2,0,,2,1,4,4,2,2,4,4,0,,,,,,,,,,,,4,,,,,,,,,,,," ",123100201,,
1,12,31,1,3,1,15.96942875,"01",60,2,2,,,,,,,,0,,0,,0,,2,3,3,3,3,4,4,4,0,,,,,,,,,,,,2,,,,,,,,,,,," ",123100301,,
1,12,31,1,4,1,15.96942875,"01",120,1,2,,,,,,,,1,0,1,2,0,,3,2,3,2,4,3,4,3,0,,,,,,,,,,,,2,,,,,,,,,,,," ",123100401,,
1,12,31,1,5,1,15.96942875,"02",240,1,2,,,,,,,,0,,0,,0,,1,2,2,2,2,2,2,2,0,,,,,,,,,,,,2,,,,,,,,,,,," ",123100501,,
1,12,31,1,6,1,15.96942875,"02",45,1,2,1,1,1,1,1,1,3,0,,0,,0,,1,5,4,2,2,2,2,2,0,,,,,,,,,,,,2,,,,,,,,,,,," ",123100601,,
1,12,31,1,7,1,15.96942875,"02",120,1,2,1,1,1,1,1,1,3,1,0,0,,0,,2,2,2,2,2,2,2,2,0,,,,,,,,,,,,2,,,,,,,,,,,," ",123100701,,
1,12,31,1,8,1,15.96942875,"01",90,2,2,,,,,,,,0,,0,,0,,2,2,2,2,2,2,2,2,0,,,,,,,,,,,,2,,,,,,,,,,,," ",123100801,,
1,12,31,1,9,1,46.45652,"08",180,1,2,,,,,,,,0,,0,,0,,2,3,3,3,3,3,3,3,1,1,1,,2,,,,1,3,1,1,5,,,,,,,,,,,," ",123100901,,
1,12,31,1,10,1,46.45652,"02",60,1,1,5,2,2,5,2,2,5,0,,0,,1,0,1,1,1,1,1,1,1,1,1,1,1,,2,,,,1,3,2,0,4,,,,,,,,,,,," ",123101001,,
1,12,31,1,11,1,46.45652,"02",120,1,1,5,5,3,5,3,5,5,1,1,1,1,0,,2,1,1,2,4,4,4,2,0,,,,,,,,,,,,2,,,,,,,,,,,," ",123101101,,
1,12,31,1,12,1,46.45652,"02",240,1,2,,,,,,,,0,,1,4,0,,4,2,1,2,4,3,5,1,0,,,,,,,,,,,,4,,,,,,,,,,,," ",123101201,,
1,12,31,1,13,1,46.45652,"02",300,1,2,,,,,,,,0,,1,3,0,,2,2,3,2,4,4,4,1,1,1,2,,,5,2,,1,3,1,1,2,,,,,,,,,,,," ",123101301,,
1,12,31,1,14,1,46.45652,"02",240,1,2,5,5,3,5,3,3,5,0,,1,0,0,,1,1,1,1,2,2,4,4,1,1,1,,3,,,,1,3,1,1,1,,,,,,,,,,,," ",123101401,,
1,12,31,1,15,1,46.45652,"01",150,1,2,,,,,,,,0,,0,,0,,2,1,888,1,1,888,4,888,0,,,,,,,,,,,,1,,,,,,,,,,,," ",123101501,,
1,12,31,1,16,1,46.45652,"02",150,1,2,,,,,,,,0,,1,4,0,,1,1,1,1,1,1,1,1,1,1,2,,,3,3,,1,3,1,1,1,,,,,,,,,,,," ",123101601,,
1,12,31,1,17,1,46.45652,"01",240,1,2,,,,,,,,0,,0,,0,,1,888,888,888,888,888,888,3,0,,,,,,,,,,,,1,,,,,,,,,,,," ",123101701,,
1,12,31,1,18,1,46.45652,"03",120,1,2,,,,,,,,1,1,1,1,0,,3,1,3,2,4,4,5,3,1,1,2,,,2,2,,1,3,2,1,2,,,,,,,,,,,," ",123101801,,
1,12,32,1,1,1,48.65446,"02",120,1,1,,,,,,,,0,,0,,0,,2,2,2,2,2,2,2,2,1,1,1,,2,,,,1,4,0,1,1,,,,,,,,,,,," ",123200101,,
1,12,32,1,2,1,48.65446,"01",180,1,2,,,,,,,,1,0,1,2,0,,2,2,888,2,2,2,2,2,0,,,,,,,,,,,,1,,,,,,,,,,,," ",123200201,,
1,12,32,1,3,1,48.65446,"01",40,1,2,,,,,,,,1,1,1,4,0,,2,2,2,2,2,2,2,2,0,,,,,,,,,,,,1,,,,,,,,,,,," ",123200301,,
1,12,32,1,4,1,48.65446,"02",60,2,2,,,,,,,,1,0,1,4,0,,2,2,2,888,2,1,4,4,0,,,,,,,,,,,,4,,,,,,,,,,,," ",123200401,,
1,12,32,1,5,1,48.65446,"01",90,1,2,,,,,,,,1,0,1,4,0,,2,2,2,4,2,2,4,888,0,,,,,,,,,,,,4,,,,,,,,,,,," ",123200501,,
1,12,32,1,6,1,48.65446,"02",50,1,2,,,,,,,,1,0,1,4,0,,888,2,4,888,2,2,5,888,0,,,,,,,,,,,,4,,,,,,,,,,,," ",123200601,,
1,12,32,1,7,1,48.65446,"01",30,1,2,,,,,,,,0,,1,0,0,,1,1,1,1,1,1,1,1,0,,,,,,,,,,,,1,,,,,,,,,,,," ",123200701,,
1,12,32,1,8,1,48.65446,"02",120,1,2,,,,,,,,1,2,1,3,1,0,1,1,1,1,1,1,1,1,0,,,,,,,,,,,,1,,,,,,,,,,,," ",123200801,,
1,12,32,1,9,1,48.65446,"02",120,1,2,,,,,,,,1,1,1,0,1,1,1,1,1,1,1,1,1,1,0,,,,,,,,,,,,1,,,,,,,,,,,," ",123200901,,
1,12,32,1,10,1,48.65446,"02",420,1,2,,,,,,,,1,0,1,0,0,,1,1,888,4,1,888,888,888,0,,,,,,,,,,,,8,,,,,,,,,,,," ",123201001,,
1,12,32,1,11,1,48.65446,"02",150,1,2,,,,,,,,1,0,1,4,0,,888,1,888,4,1,888,5,888,0,,,,,,,,,,,,2,,,,,,,,,,,," ",123201101,,
1,12,32,1,12,1,48.65446,"02",420,1,2,,,,,,,,1,0,1,4,0,,888,888,888,4,1,888,5,888,1,1,2,,,4,2,,1,6,2,0,2,,,,,,,,,,,," ",123201201,,
1,12,32,1,13,1,48.65446,"02",120,1,2,,,,,,,,1,0,1,4,0,,1,2,2,4,2,3,5,2,0,,,,,,,,,,,,2,,,,,,,,,,,," ",123201301,,
1,12,32,1,14,1,48.65446,"01",180,1,2,,,,,,,,1,0,1,4,0,,1,2,3,2,2,4,5,4,0,,,,,,,,,,,,1,,,,,,,,,,,," ",123201401,,
1,12,32,1,15,1,48.65446,"02",180,1,2,,,,,,,,1,0,1,4,0,,2,2,3,2,2,3,5,3,0,,,,,,,,,,,,2,,,,,,,,,,,," ",123201501,,
1,12,32,1,16,1,48.65446,"02",150,1,1,,,,,,,,1,0,1,4,1,4,2,2,4,4,2,4,5,2,0,,,,,,,,,,,,2,,,,,,,,,,,," ",123201601,,
1,12,32,1,17,1,48.65446,"02",160,1,2,3,3,3,3,3,3,3,1,4,0,,1,4,1,1,2,2,2,4,4,2,1,0,2,,,2,2,,1,2,1,1,1,,,,,,,,,,,," ",123201701,,
1,12,32,1,18,1,48.65446,"02",120,1,2,,,,,,,,1,4,1,4,1,4,3,2,4,4,1,4,4,2,0,,,,,,,,,,,,5,,,,,,,,,,,," ",123201801,,
1,12,33,1,1,1,587.6543,"01",150,1,2,3,3,3,3,3,3,5,1,0,1,3,0,,2,2,888,2,2,2,2,2,1,1,1,,4,,,,1,6,2,1,1,,,,,,,,,,,," ",123300101,,
1,12,33,1,2,1,587.6543,"01",45,1,1,,,,,,,,0,,0,,0,,2,2,2,2,2,2,2,2,0,,,,,,,,,,,,4,,,,,,,,,,,," ",123300201,,
1,12,33,1,3,1,587.6543,"02",120,1,1,,,,,,,,0,,1,3,0,,2,2,888,2,2,2,2,2,0,,,,,,,,,,,,1,,,,,,,,,,,," ",123300301,,
1,12,33,1,4,1,587.6543,"02",240,1,2,3,3,3,3,3,3,3,1,0,1,2,0,,5,1,1,5,2,2,5,4,1,1,2,,,3,2,,1,2,2,1,5,,,,,,,,,,,," ",123300401,,
1,12,33,1,5,1,587.6543,"02",40,1,2,,,,,,,,0,,0,,0,,2,2,1,888,888,2,888,888,0,,,,,,,,,,,,4,,,,,,,,,,,," ",123300501,,
1,12,33,1,6,1,587.6543,"01",30,1,1,,,,,,,,0,,0,,0,,1,1,1,1,1,1,1,1,0,,,,,,,,,,,,1,,,,,,,,,,,," ",123300601,,
1,12,33,1,7,1,587.6543,"02",340,1,1,,,,,,,,1,1,1,0,1,1,1,1,1,1,1,1,1,1,0,,,,,,,,,,,,1,,,,,,,,,,,," ",123300701,,
1,12,33,1,8,1,587.6543,"01",60,1,1,,,,,,,,0,,1,0,0,,1,1,1,1,1,1,1,1,0,,,,,,,,,,,,1,,,,,,,,,,,," ",123300801,,
1,12,33,1,9,1,587.6543,"01",30,1,1,,,,,,,,0,,0,,0,,1,1,1,1,1,1,1,1,0,,,,,,,,,,,,1,,,,,,,,,,,," ",123300901,,
1,12,33,1,10,1,587.6543,"01",50,1,2,,,,,,,,0,,0,,0,,1,2,1,4,2,2,888,888,0,,,,,,,,,,,,3,,,,,,,,,,,," ",123301001,,
1,12,33,1,11,1,587.6543,"03",270,1,1,5,5,3,5,3,3,5,1,0,1,4,0,,5,5,1,1,1,1,5,5,1,1,2,,,3,2,,1,6,2,0,3,,,,,,,,,,,," ",123301101,,
1,12,33,1,12,1,587.6543,"02",120,1,2,,,,,,,,1,0,1,0,0,,1,1,1,4,5,1,5,5,0,,,,,,,,,,,,4,,,,,,,,,,,," ",123301201,,
1,12,33,1,13,1,587.6543,"01",60,1,2,5,5,5,5,5,5,5,1,4,1,0,1,0,1,2,1,2,2,2,5,2,0,,,,,,,,,,,,3,,,,,,,,,,,," ",123301301,,
1,12,33,1,14,1,587.6543,"02",120,1,1,3,3,3,3,3,3,3,1,0,1,4,1,0,1,4,2,5,4,4,5,4,1,1,1,,3,,,,1,2,2,0,1,,,,,,,,,,,," ",123301401,,
1,12,33,1,15,1,587.6543,"01",360,1,2,3,3,3,3,3,3,5,1,888,1,4,0,,1,2,2,2,2,2,5,1,0,,,,,,,,,,,,1,,,,,,,,,,,," ",123301501,,
1,12,33,1,16,1,587.6543,"01",140,1,2,5,5,3,5,3,5,5,0,,1,4,1,4,2,1,4,2,4,2,4,1,1,1,2,,,3,2,,1,2,2,1,2,,,,,,,,,,,," ",123301601,,
1,12,33,1,17,1,587.6543,"02",180,1,1,,,,,,,,1,0,1,4,1,4,1,2,2,4,2,4,4,1,0,,,,,,,,,,,,1,,,,,,,,,,,," ",123301701,,
1,12,33,1,18,1,587.6543,"03",180,1,2,,,,,,,,1,0,1,4,1,4,2,2,2,4,2,2,5,2,0,,,,,,,,,,,,1,,,,,,,,,,,," ",123301801,,
1,12,34,2,1,1,597.105425,"01",120,1,,,,,,,,,0,,1,1,0,,888,2,2,2,2,2,4,2,1,1,3,,,,,3,1,4,1,1,2,,,,,,,,,,,," ",123400101,,
1,12,34,2,2,1,597.105425,"03",120,1,,1,1,1,1,1,1,1,0,,1,2,1,3,1,888,888,888,888,888,1,888,1,0,1,,6,,,,1,3,3,1,555,6,,,,,,,,,,," ",123400201,,
1,12,34,2,3,1,597.105425,"01",90,2,,,,,,,,,1,2,1,3,0,,2,1,2,4,1,3,1,3,1,0,2,,,3,2,,1,2,2,1,2,,,,,,,,,,,," ",123400301,,
1,12,34,2,4,1,597.105425,"01",60,2,,,,,,,,,0,,0,,0,,888,2,2,5,4,888,5,888,1,0,2,,,5,4,,1,2,2,1,1,,,,,,,,,,,," ",123400401,,
1,12,34,2,5,1,597.105425,"02",120,2,,,,,,,,,0,,0,,0,,4,2,1,1,4,1,5,2,0,0,2,,,3,2,,1,3,3,1,1,,,,,,,,,,,," ",123400501,,
1,12,34,2,6,1,597.105425,"02",120,2,,1,1,1,1,1,1,1,0,,1,4,0,,4,2,2,2,2,888,1,3,1,0,2,,,4,2,,1,2,1,1,2,,,,,,,,,,,," ",123400601,,
1,12,34,2,7,1,243.7165,"01",60,2,,,,,,,,,1,3,1,3,0,,2,2,2,2,2,2,4,4,0,,,,,,,,,,,,555,6,,,,,,,,,,," ",123400701,,
1,12,34,2,8,1,243.7165,"01",120,1,,,,,,,,,0,,0,,0,,4,2,1,4,1,2,3,1,1,0,2,,,3,3,,1,4,2,0,2,,,,,,,,,,,," ",123400801,,
1,12,34,2,9,1,597.105425,"02",180,1,,,,,,,,,0,,0,,0,,5,2,2,2,1,2,5,2,1,0,2,,,3,2,,1,2,2,1,2,,,,,,,,,,,," ",123400901,,
1,12,34,2,10,1,243.7165,"01",45,1,,,,,,,,,1,0,1,1,0,,3,1,1,3,1,3,4,1,1,1,2,,,3,2,,1,3,2,0,5,,,,,,,,,,,," ",123401001,,
1,12,34,2,11,1,243.7165,"02",90,2,,,,,,,,,1,0,1,1,0,,1,1,3,1,1,1,5,1,1,0,2,,,4,2,,1,2,1,1,5,,,,,,,,,,,," ",123401101,,
1,12,34,2,12,1,243.7165,"01",240,1,,,,,,,,,0,,0,,0,,2,1,1,3,2,1,4,1,1,0,1,,3,,,,1,3,1,0,2,,,,,,,,,,,," ",123401201,,
1,12,34,2,13,1,243.7165,"02",60,2,,,,,,,,,0,,1,2,0,,1,1,3,5,1,4,4,2,0,,,,,,,,,,,,5,,,,,,,,,,,," ",123401301,,
1,12,34,2,14,1,243.7165,"02",180,1,,,,,,,,,0,,0,,0,,2,2,1,1,4,1,5,1,1,0,1,,5,,,,1,3,3,1,1,,,,,,,,,,,," ",123401401,,
1,12,34,2,15,1,243.7165,"02",120,2,,,,,,,,,0,,0,,0,,1,1,2,2,1,4,2,4,1,0,1,,3,,,,1,3,2,0,2,,,,,,,,,,,," ",123401501,,
1,12,34,2,16,1,243.7165,"02",120,1,,,,,,,,,0,,1,4,0,,5,2,2,2,5,2,4,888,1,1,1,,2,,,,1,5,2,1,5,,,,,,,,,,,," ",123401601,,
1,12,34,2,17,1,597.105425,"01",45,2,,,,,,,,,0,,1,0,0,,5,2,1,5,2,4,4,4,0,,,,,,,,,,,,1,,,,,,,,,,,," ",123401701,,
1,12,34,2,18,1,243.7165,"02",120,2,,,,,,,,,0,,0,,0,,4,4,2,888,2,2,3,2,1,0,2,,,2,2,,1,3,2,0,2,,,,,,,,,,,," ",123401801,,
1,13,35,1,1,1,350.327,"02",180,1,2,,,,,,,,0,,1,4,0,,1,2,2,4,2,3,4,3,1,0,1,,2,,,,1,3,1,1,6,,,,,,,,,,,," ",133500101,,
1,13,35,1,2,1,350.327,"01",60,2,2,,,,,,,,1,0,1,0,1,0,1,1,1,4,2,2,3,1,0,,,,,,,,,,,,4,,,,,,,,,,,," ",133500201,,
1,13,35,1,3,1,195.906546052632,"01",60,1,1,,,,,,,,1,888,0,,0,,888,2,888,2,4,888,4,888,0,,,,,,,,,,,,1,,,,,,,,,,,," ",133500301,,
1,13,35,1,4,1,350.327,"01",120,1,2,,,,,,,,1,0,1,0,1,0,888,888,3,4,2,2,2,888,1,0,2,,,3,2,,1,3,1,1,1,,,,,,,,,,,," ",133500401,,
1,13,35,1,5,1,350.327,"01",240,2,2,,,,,,,,1,0,1,0,1,0,2,2,2,2,2,2,4,3,1,0,2,,,3,2,,1,3,1,1,1,,,,,,,,,,,," ",133500501,,
1,13,35,1,6,1,350.327,"02",240,1,2,,,,,,,,0,,0,,0,,888,2,888,888,888,888,888,888,0,,,,,,,,,,,,1,,,,,,,,,,,," ",133500601,,
1,13,35,1,7,1,350.327,"03",60,1,2,,,,,,,,0,,0,,0,,5,2,2,2,2,2,2,2,0,,,,,,,,,,,,3,,,,,,,,,,,," ",133500701,,
1,13,35,1,8,1,350.327,"02",30,1,2,,,,,,,,0,,0,,0,,4,4,4,4,4,4,1,4,1,1,1,,3,,,,1,3,2,1,1,,,,,,,,,,,," ",133500801,,
1,13,35,1,9,1,350.327,"02",420,1,1,5,5,2,2,2,5,5,0,,0,,0,,1,2,2,2,2,2,4,2,1,1,1,,4,,,,1,3,3,0,4,,,,,,,,,,,," ",133500901,,
1,13,35,1,10,1,350.327,"02",60,1,1,,,,,,,,0,,0,,0,,2,2,2,2,2,2,2,2,0,,,,,,,,,,,,1,,,,,,,,,,,," ",133501001,,
1,13,35,1,11,1,350.327,"02",80,1,2,,,,,,,,0,,1,2,0,,3,2,2,2,2,3,2,3,1,1,1,,2,,,,1,2,1,1,6,,,,,,,,,,,," ",133501101,,
1,13,35,1,12,1,350.327,"01",120,1,2,,,,,,,,0,,0,,0,,2,3,4,3,4,2,2,2,1,0,1,,4,,,,1,5,3,1,1,,,,,,,,,,,," ",133501201,,
1,13,35,1,13,1,350.327,"02",180,1,1,,,,,,,,0,,0,,0,,2,4,2,5,888,4,2,2,1,1,1,,3,,,,1,4,3,1,1,,,,,,,,,,,," ",133501301,,
1,13,35,1,14,1,350.327,"02",240,1,1,,,,,,,,1,0,0,,0,,888,888,888,888,888,2,4,2,1,0,1,,3,,,,1,3,2,0,1,,,,,,,,,,,," ",133501401,,
1,13,35,1,15,1,350.327,"02",240,1,2,2,2,2,2,2,2,2,1,0,1,0,1,0,2,2,2,5,4,2,5,5,1,1,2,,,3,2,,1,3,2,1,5,,,,,,,,,,,," ",133501501,,
1,13,35,1,16,1,350.327,"02",60,1,2,,,,,,,,0,,0,,0,,4,2,2,2,2,2,2,2,0,,,,,,,,,,,,1,,,,,,,,,,,," ",133501601,,
1,13,35,1,17,1,350.327,"02",180,2,2,,,,,,,,1,0,1,0,0,,2,1,5,2,2,2,4,4,0,,,,,,,,,,,,1,,,,,,,,,,,," ",133501701,,
1,13,35,1,18,1,350.327,"01",60,1,1,,,,,,,,1,1,0,,0,,2,3,888,888,4,3,3,2,1,1,1,,3,,,,1,2,3,1,4,,,,,,,,,,,," ",133501801,,
1,13,36,2,1,1,388.099032258064,"01",60,2,,,,,,,,,0,,0,,0,,3,2,2,2,4,5,4,3,0,,,,,,,,,,,,1,,,,,,,,,,,," ",133600101,,
1,13,36,2,2,1,130.7725,"02",60,1,,,,,,,,,1,2,1,3,0,,4,1,3,5,1,3,5,3,1,1,1,,3,,,,3,3,2,1,2,,,,,,,,,,,," ",133600201,,
1,13,36,2,3,1,130.7725,"01",60,2,,,,,,,,,0,,1,2,0,,4,1,1,1,4,1,4,888,1,1,1,,2,,,,1,2,2,1,1,,,,,,,,,,,," ",133600301,,
1,13,36,2,4,1,130.7725,"01",60,2,,,,,,,,,0,,1,2,0,,2,2,888,2,1,888,2,3,0,,,,,,,,,,,,1,,,,,,,,,,,," ",133600401,,
1,13,36,2,5,1,130.7725,"01",60,1,,,,,,,,,1,0,1,1,1,0,4,1,1,4,1,1,5,1,1,1,2,,,4,3,,1,2,1,1,6,,,,,,,,,,,," ",133600501,,
1,13,36,2,6,1,388.099032258064,"02",180,2,,,,,,,,,0,,1,4,0,,3,2,888,1,3,888,5,888,1,0,2,,,3,2,,1,2,1,1,555,6,,,,,,,,,,," ",133600601,,
1,13,36,2,7,1,130.7725,"02",150,2,,,,,,,,,0,,0,,0,,1,2,2,1,4,1,5,1,1,1,1,,3,,,,1,3,2,1,1,,,,,,,,,,,," ",133600701,,
1,13,36,2,8,1,130.7725,"02",90,1,,,,,,,,,0,,1,2,0,,2,2,888,888,4,2,4,4,0,,,,,,,,,,,,1,,,,,,,,,,,," ",133600801,,
1,13,36,2,9,1,130.7725,"02",180,1,,3,3,3,3,3,3,3,0,,0,,0,,1,1,4,2,4,1,5,1,1,1,2,,,3,2,,1,3,3,1,2,,,,,,,,,,,," ",133600901,,
1,13,36,2,10,1,130.7725,"02",60,1,,,,,,,,,0,,1,4,0,,4,1,1,1,1,1,5,1,0,,,,,,,,,,,,4,,,,,,,,,,,," ",133601001,,
1,13,36,2,11,1,130.7725,"01",90,1,,,,,,,,,1,0,1,4,0,,3,1,1,888,1,1,5,1,1,0,2,,,4,3,,1,3,1,1,6,,,,,,,,,,,," ",133601101,,
1,13,36,2,12,1,130.7725,"02",70,2,,,,,,,,,0,,1,1,0,,4,2,888,4,4,888,4,888,0,,,,,,,,,,,,1,,,,,,,,,,,," ",133601201,,
1,13,36,2,15,1,130.7725,"01",240,1,,,,,,,,,0,,0,,0,,3,2,1,4,888,1,5,5,0,,,,,,,,,,,,1,,,,,,,,,,,," ",133601501,,
1,13,36,2,16,1,130.7725,"02",120,1,,,,,,,,,0,,0,,0,,888,3,4,5,4,2,5,2,1,0,1,,2,,,,1,2,2,0,2,,,,,,,,,,,," ",133601601,,
1,13,36,2,17,1,130.7725,"02",120,2,,,,,,,,,0,,1,4,0,,1,2,1,2,4,1,5,2,1,1,1,,2,,,,1,3,2,1,1,,,,,,,,,,,," ",133601701,,
1,13,36,2,18,1,130.7725,"02",60,1,,,,,,,,,0,,0,,0,,4,1,2,1,1,4,3,888,0,,,,,,,,,,,,1,,,,,,,,,,,," ",133601801,,
1,13,36,2,20,1,130.7725,"02",90,2,,,,,,,,,0,,0,,0,,1,1,1,1,5,1,5,1,0,,,,,,,,,,,,1,,,,,,,,,,,," ",133602001,,
1,13,36,2,22,1,130.7725,"02",60,1,,,,,,,,,1,0,1,0,1,0,5,3,1,2,1,1,3,1,0,,,,,,,,,,,,4,,,,,,,,,,,," ",133602201,,
1,13,37,1,1,1,18.5966570841889,"01",120,2,2,,,,,,,,1,888,1,888,1,888,888,888,888,888,888,2,4,3,0,,,,,,,,,,,,1,,,,,,,,,,,," ",133700101,,
1,13,37,1,2,1,452.8286,"01",120,1,1,5,5,5,5,5,5,5,0,,0,,0,,2,2,4,5,4,2,2,2,0,,,,,,,,,,,,4,,,,,,,,,,,," ",133700201,,
1,13,37,1,3,1,18.5966570841889,"01",30,2,2,,,,,,,,0,,1,888,0,,888,2,888,2,4,888,4,888,0,,,,,,,,,,,,8,,,,,,,,,,,," ",133700301,,
1,13,37,1,4,1,452.8286,"04",90,1,2,,,,,,,,0,,1,2,0,,2,2,2,3,2,2,3,3,0,,,,,,,,,,,,6,,,,,,,,,,,," ",133700401,,
1,13,37,1,5,1,452.8286,"02",60,2,2,,,,,,,,0,,1,2,0,,2,3,3,2,2,2,2,3,0,,,,,,,,,,,,6,,,,,,,,,,,," ",133700501,,
1,13,37,1,6,1,452.8286,"01",60,2,2,2,2,2,2,2,2,2,1,0,1,0,1,0,4,2,2,5,2,2,5,5,1,1,2,,,3,2,,1,3,1,1,5,,,,,,,,,,,," ",133700601,,
1,13,37,1,7,1,18.5966570841889,"01",60,2,2,,,,,,,,0,,0,,0,,2,2,2,2,4,2,2,2,1,0,1,,2,,,,1,3,3,0,4,,,,,,,,,,,," ",133700701,,
1,13,37,1,8,1,452.8286,"02",300,1,1,,,,,,,,1,0,1,0,0,,1,2,2,4,2,2,5,1,0,,,,,,,,,,,,1,,,,,,,,,,,," ",133700801,,
1,13,37,1,9,1,452.8286,"01",120,1,1,4,4,4,4,4,4,4,0,,0,,0,,1,2,2,4,2,2,2,2,0,,,,,,,,,,,,4,,,,,,,,,,,," ",133700901,,
1,13,37,1,10,1,452.8286,"01",60,1,2,,,,,,,,0,,0,,0,,2,888,888,888,4,2,5,2,0,,,,,,,,,,,,1,,,,,,,,,,,," ",133701001,,
1,13,37,1,11,1,452.8286,"01",120,1,2,,,,,,,,0,,0,,0,,2,5,2,4,2,4,4,2,0,,,,,,,,,,,,4,,,,,,,,,,,," ",133701101,,
1,13,37,1,12,1,452.8286,"01",30,1,2,,,,,,,,0,,0,,0,,3,2,2,2,2,2,2,2,0,,,,,,,,,,,,3,,,,,,,,,,,," ",133701201,,
1,13,37,1,13,1,452.8286,"03",60,1,2,,,,,,,,0,,0,,0,,4,2,2,2,2,2,2,2,0,,,,,,,,,,,,1,,,,,,,,,,,," ",133701301,,
1,13,37,1,14,1,452.8286,"02",60,1,2,,,,,,,,0,,0,,0,,4,2,2,2,2,2,2,2,0,,,,,,,,,,,,1,,,,,,,,,,,," ",133701401,,
1,13,37,1,15,1,452.8286,"02",60,2,2,,,,,,,,0,,0,,0,,3,2,2,2,2,2,2,2,0,,,,,,,,,,,,1,,,,,,,,,,,," ",133701501,,
1,13,37,1,16,1,452.8286,"02",540,1,2,,,,,,,,0,,1,2,0,,1,2,2,4,2,2,2,2,0,,,,,,,,,,,,6,,,,,,,,,,,," ",133701601,,
1,13,37,1,17,1,452.8286,"01",180,1,2,2,2,2,2,2,2,2,1,0,1,0,1,0,2,2,2,5,2,2,5,5,1,1,2,,,3,3,,1,3,1,1,4,,,,,,,,,,,," ",133701701,,
1,13,37,1,18,1,452.8286,"02",60,1,2,2,2,2,2,2,2,5,1,0,1,0,1,0,1,2,2,2,2,2,5,5,0,,,,,,,,,,,,4,,,,,,,,,,,," ",133701801,,
1,13,38,1,1,1,258.3678,"01",180,1,2,,,,,,,,1,0,1,1,0,,1,2,888,2,4,2,4,888,0,,,,,,,,,,,,2,,1,,,,,,,,,," ",133800101,,
1,13,38,1,2,1,258.3678,"02",180,1,1,,,,,,,,1,1,1,1,0,,5,1,4,5,2,5,5,2,0,,,,,,,,,,,,5,,,,,,,,,,,," ",133800201,,
1,13,38,1,3,1,258.3678,"01",120,1,1,5,5,3,5,3,3,5,0,,1,0,0,,1,1,1,2,2,4,4,4,1,1,2,,,2,2,,1,3,3,1,4,,,,,,,,,,,," ",133800301,,
1,13,38,1,4,1,258.3678,"02",60,1,1,,,,,,,,0,,0,,0,,5,3,1,2,3,2,5,2,0,,,,,,,,,,,,4,,,,,,,,,,,," ",133800401,,
1,13,38,1,5,1,258.3678,"02",120,2,2,5,2,5,5,5,5,5,1,888,1,1,0,,5,2,2,2,4,2,4,2,0,,,,,,,,,,,,4,,,,,,,,,,,," ",133800501,,
1,13,38,1,6,1,258.3678,"02",120,1,2,5,5,5,5,5,5,5,0,,1,888,0,,4,2,2,2,3,3,4,3,0,,,,,,,,,,,,4,,,,,,,,,,,," ",133800601,,
1,13,38,1,7,1,258.3678,"02",120,1,1,,,,,,,,0,,1,4,0,,1,2,2,2,2,5,2,3,1,1,1,,3,,,,1,6,2,1,2,,,,,,,,,,,," ",133800701,,
1,13,38,1,8,1,258.3678,"01",120,1,2,,,,,,,,0,,1,4,0,,2,3,3,888,4,3,4,2,0,,,,,,,,,,,,555,6,,,,,,,,,,," ",133800801,,
1,13,38,1,9,1,258.3678,"01",120,1,1,,,,,,,,0,,0,,0,,2,2,2,2,3,4,4,2,0,,,,,,,,,,,,3,,,,,,,,,,,," ",133800901,,
1,13,38,1,10,1,258.3678,"02",180,1,1,3,3,3,3,3,3,5,0,,0,,0,,3,2,4,2,4,2,4,2,1,1,2,,,3,2,,1,3,1,1,3,,,,,,,,,,,," ",133801001,,
1,13,38,1,11,1,258.3678,"04",180,1,1,5,5,3,5,3,5,5,0,,0,,0,,4,2,4,2,5,2,4,2,0,,,,,,,,,,,,3,,,,,,,,,,,," ",133801101,,
1,13,38,1,12,1,258.3678,"02",130,1,1,3,3,3,3,3,3,5,0,,0,,0,,2,2,4,2,5,2,4,2,1,1,1,,3,,,,1,3,1,1,3,,,,,,,,,,,," ",133801201,,
1,13,38,1,13,1,258.3678,"01",120,1,2,,,,,,,,0,,0,,0,,2,1,3,2,888,888,1,1,0,,,,,,,,,,,,1,,,,,,,,,,,," ",133801301,,
1,13,38,1,14,1,258.3678,"01",120,1,1,3,5,3,3,3,3,3,0,,0,,0,,1,4,2,4,4,4,4,3,0,,,,,,,,,,,,7,,,,,,,,,,,," ",133801401,,
1,13,38,1,15,1,258.3678,"02",60,1,2,,,,,,,,0,,0,,0,,4,1,2,1,2,2,4,2,0,,,,,,,,,,,,4,,,,,,,,,,,," ",133801501,,
1,13,38,1,16,1,258.3678,"02",240,1,2,,,,,,,,0,,1,2,0,,1,888,2,1,888,888,4,888,0,,,,,,,,,,,,1,,,,,,,,,,,," ",133801601,,
1,13,38,1,17,1,258.3678,"01",120,1,1,,,,,,,,0,,0,,0,,1,2,3,3,4,2,4,4,0,,,,,,,,,,,,4,,,,,,,,,,,," ",133801701,,
1,13,38,1,18,1,258.3678,"01",60,1,2,,,,,,,,0,,0,,0,,1,1,1,3,4,4,5,1,0,,,,,,,,,,,,6,,,,,,,,,,,," ",133801801,,
1,13,39,1,1,1,274.0154,"04",240,1,1,5,5,2,5,2,5,5,0,,1,1,0,,4,2,1,1,4,2,5,1,1,1,2,,,4,4,,3,2,3,1,4,,,,,,,,,,,," ",133900101,,
1,13,39,1,2,1,274.0154,"02",90,1,2,,,,,,,,0,,1,1,0,,2,2,1,1,2,1,5,3,1,1,1,,4,,,,1,2,2,1,2,,,,,,,,,,,," ",133900201,,
1,13,39,1,3,1,274.0154,"01",40,1,1,,,,,,,,0,,0,,0,,4,2,1,2,2,1,4,2,0,,,,,,,,,,,,4,,,,,,,,,,,," ",133900301,,
1,13,39,1,4,1,274.0154,"01",60,1,2,,,,,,,,0,,0,,0,,4,2,2,1,5,1,5,2,0,,,,,,,,,,,,4,,,,,,,,,,,," ",133900401,,
1,13,39,1,5,1,274.0154,"01",180,1,1,3,3,3,3,3,3,3,0,,1,3,0,,2,1,1,1,1,4,1,3,0,,,,,,,,,,,,1,,,,,,,,,,,," ",133900501,,
1,13,39,1,6,1,274.0154,"02",180,1,1,5,3,3,3,3,3,5,1,0,1,0,1,0,1,1,1,4,1,1,5,1,1,1,2,,,4,3,,1,3,1,1,5,,,,,,,,,,,," ",133900601,,
1,13,39,1,7,1,274.0154,"02",120,1,2,,,,,,,,0,,0,,0,,1,1,2,2,4,1,5,1,1,1,2,,,3,2,,1,3,2,1,1,,,,,,,,,,,," ",133900701,,
1,13,39,1,8,1,274.0154,"02",60,1,1,,,,,,,,0,,0,,0,,1,2,2,1,4,1,5,1,0,,,,,,,,,,,,1,,,,,,,,,,,," ",133900801,,
1,13,39,1,9,1,274.0154,"02",180,1,2,,,,,,,,0,,0,,0,,4,2,2,1,2,2,5,2,0,,,,,,,,,,,,4,,,,,,,,,,,," ",133900901,,
1,13,39,1,10,1,274.0154,"01",120,1,2,3,3,3,3,3,3,3,0,,1,2,0,,2,3,2,1,4,1,5,888,1,1,1,,2,,,,1,3,2,1,2,,,,,,,,,,,," ",133901001,,
1,13,39,1,11,1,274.0154,"01",60,1,2,,,,,,,,0,,0,,0,,1,1,1,1,2,1,1,1,0,,,,,,,,,,,,1,,,,,,,,,,,," ",133901101,,
1,13,39,1,12,1,274.0154,"02",60,1,2,,,,,,,,0,,1,0,1,0,1,1,1,3,1,1,5,1,1,1,2,,,4,3,,1,3,1,1,5,,,,,,,,,,,," ",133901201,,
1,13,39,1,13,1,274.0154,"02",30,1,2,,,,,,,,0,,0,,0,,3,2,1,1,1,1,4,1,0,,,,,,,,,,,,1,,,,,,,,,,,," ",133901301,,
1,13,39,1,14,1,274.0154,"06",90,1,1,,,,,,,,0,,1,3,0,,1,1,4,1,4,1,4,2,1,1,1,,3,,,,1,2,1,1,1,,,,,,,,,,,," ",133901401,,
1,13,39,1,15,1,274.0154,"02",120,1,2,,,,,,,,0,,0,,0,,1,1,4,2,4,1,5,1,0,,,,,,,,,,,,3,,,,,,,,,,,," ",133901501,,
1,13,39,1,16,1,274.0154,"02",120,1,2,,,,,,,,0,,0,,0,,1,2,4,2,4,1,5,1,0,,,,,,,,,,,,4,,,,,,,,,,,," ",133901601,,
1,13,39,1,17,1,274.0154,"04",120,1,1,,,,,,,,0,,1,4,0,,3,1,1,4,1,1,4,1,0,,,,,,,,,,,,4,,,,,,,,,,,," ",133901701,,
1,13,39,1,18,1,274.0154,"01",60,1,2,,,,,,,,1,888,1,4,1,0,1,1,1,1,1,1,5,1,1,1,2,,,4,3,,1,4,1,1,6,,,,,,,,,,,," ",133901801,,
1,13,40,1,1,1,93.9255136842105,"02",90,2,2,,,,,,,,0,,1,1,0,,4,4,2,4,2,4,2,4,1,0,2,,,2,2,,3,2,2,1,4,,,,,,,,,,,," ",134000101,,
1,13,40,1,2,1,637.3517,"01",120,1,1,,,,,,,,1,0,0,,0,,1,1,1,2,2,2,4,2,0,,,,,,,,,,,,4,,,,,,,,,,,," ",134000201,,
1,13,40,1,3,1,637.3517,"01",120,1,1,,,,,,,,1,0,1,0,0,,2,4,1,888,1,2,4,888,0,,,,,,,,,,,,1,,,,,,,,,,,," ",134000301,,
1,13,40,1,4,1,637.3517,"02",60,1,1,,,,,,,,1,0,1,2,0,,1,1,1,2,1,2,5,1,0,,,,,,,,,,,,2,,,,,,,,,,,," ",134000401,,
1,13,40,1,5,1,637.3517,"02",145,1,2,,,,,,,,1,0,1,4,0,,4,1,3,1,5,3,4,5,1,0,1,,2,,,,1,2,2,1,5,,,,,,,,,,,," ",134000501,,
1,13,40,1,6,1,637.3517,"01",180,1,2,5,5,5,5,5,5,5,0,,1,888,0,,5,4,1,1,5,1,4,1,1,1,1,,2,,,,1,4,1,1,4,,,,,,,,,,,," ",134000601,,
1,13,40,1,7,1,637.3517,"02",60,1,2,,,,,,,,1,888,1,4,0,,4,2,2,4,1,2,5,3,0,,,,,,,,,,,,1,,,,,,,,,,,," ",134000701,,
1,13,40,1,8,1,637.3517,"01",60,1,1,,,,,,,,1,888,1,888,0,,1,2,1,1,1,1,4,1,1,1,2,,,2,2,,1,2,2,1,2,,,,,,,,,,,," ",134000801,,
1,13,40,1,9,1,637.3517,"01",120,1,2,,,,,,,,1,4,0,,0,,4,4,2,2,4,1,5,3,1,0,1,,3,,,,1,3,1,1,7,,,,,,,,,,,," ",134000901,,
1,13,40,1,10,1,637.3517,"01",120,1,2,,,,,,,,0,,1,4,0,,4,2,1,1,5,2,5,3,0,,,,,,,,,,,,1,,,,,,,,,,,," ",134001001,,
1,13,40,1,11,1,637.3517,"02",120,1,1,,,,,,,,0,,0,,1,0,1,4,1,2,4,2,2,2,0,,,,,,,,,,,,1,,,,,,,,,,,," ",134001101,,
1,13,40,1,13,1,93.9255136842105,"01",120,1,2,1,1,1,1,1,1,1,0,,1,4,0,,4,2,2,5,5,2,5,3,1,0,2,,,3,2,,1,3,1,1,1,,,,,,,,,,,," ",134001301,,
1,13,40,1,14,1,93.9255136842105,"02",120,2,2,2,2,2,2,2,2,2,1,1,1,3,0,,2,4,1,1,3,3,4,1,0,,,,,,,,,,,,2,,,,,,,,,,,," ",134001401,,
1,13,40,1,15,1,637.3517,"01",240,1,2,3,3,3,3,3,3,5,0,,1,4,1,0,4,5,2,1,3,2,5,2,0,,,,,,,,,,,,2,,,,,,,,,,,," ",134001501,,
1,13,40,1,16,1,637.3517,"02",30,1,2,,,,,,,,1,4,1,4,0,,3,2,1,1,1,1,5,2,1,1,2,,,3,2,,1,2,1,1,4,,,,,,,,,,,," ",134001601,,
1,13,40,1,17,1,637.3517,"02",120,1,2,,,,,,,,1,0,0,,0,,1,4,1,3,4,1,4,3,1,1,2,,,3,2,,2,4,1,1,5,,,,,,,,,,,," ",134001701,,
1,13,40,1,18,1,637.3517,"02",120,1,2,5,5,3,5,3,5,5,1,0,0,,0,,888,4,1,2,4,1,4,1,1,1,2,,,3,2,,4,2,1,0,4,,,,,,,,,,,," ",134001801,,
1,13,41,1,1,1,301.377972,"01",60,2,2,1,1,1,1,1,1,1,1,0,1,2,1,0,4,2,2,4,2,1,4,3,0,,,,,,,,,,,,2,,,,,,,,,,,," ",134100101,,
1,13,41,1,2,1,316.5735,"02",150,1,2,,,,,,,,1,0,1,4,1,0,4,1,1,5,1,5,1,2,0,,,,,,,,,,,,2,,,,,,,,,,,," ",134100201,,
1,13,41,1,3,1,316.5735,"02",120,1,1,,,,,,,,0,,0,,1,0,888,2,1,888,4,2,4,2,0,,,,,,,,,,,,4,,,,,,,,,,,," ",134100301,,
1,13,41,1,4,1,316.5735,"02",30,1,2,,,,,,,,0,,1,2,0,,888,2,1,1,1,1,1,1,1,1,2,,,3,2,,3,2,1,1,4,,,,,,,,,,,," ",134100401,,
1,13,41,1,5,1,316.5735,"03",140,1,1,3,5,3,3,3,3,5,1,0,1,4,1,0,1,1,4,5,2,5,4,3,1,1,2,,,3,3,,1,3,3,0,4,,,,,,,,,,,," ",134100501,,
1,13,41,1,6,1,316.5735,"01",120,1,1,,,,,,,,1,0,1,4,1,0,1,2,2,1,1,2,4,2,1,1,2,,,4,4,,3,5,1,1,1,,,,,,,,,,,," ",134100601,,
1,13,41,1,7,1,316.5735,"02",60,1,1,,,,,,,,1,0,1,3,0,,1,2,4,1,1,1,4,1,0,,,,,,,,,,,,1,,,,,,,,,,,," ",134100701,,
1,13,41,1,8,1,316.5735,"03",180,1,2,3,3,3,5,3,5,5,1,0,1,4,1,1,1,1,4,4,2,5,4,3,0,,,,,,,,,,,,2,,,,,,,,,,,," ",134100801,,
1,13,41,1,9,1,316.5735,"01",60,1,2,,,,,,,,1,0,0,,0,,1,4,2,3,2,1,5,3,0,,,,,,,,,,,,4,,,,,,,,,,,," ",134100901,,
1,13,41,1,10,1,316.5735,"03",120,1,2,3,3,2,3,3,3,3,0,,1,4,0,,3,2,3,1,1,3,5,5,1,0,2,,,3,2,,1,2,2,1,6,,,,,,,,,,,," ",134101001,,
1,13,41,1,11,1,316.5735,"01",120,1,1,3,3,3,5,3,5,5,0,,0,,1,0,2,4,2,888,4,2,2,2,1,1,1,,3,,,,1,5,2,0,4,,,,,,,,,,,," ",134101101,,
1,13,41,1,13,1,316.5735,"05",60,1,2,,,,,,,,1,0,1,4,0,,2,1,3,2,2,4,5,2,1,0,1,,2,,,,1,3,2,1,1,,,,,,,,,,,," ",134101301,,
1,13,41,1,14,1,316.5735,"02",60,1,1,5,5,3,5,5,5,5,0,,0,,0,,1,1,1,1,2,888,888,2,1,0,1,,3,,,,1,3,1,1,4,,,,,,,,,,,," ",134101401,,
1,13,41,1,15,1,316.5735,"02",120,1,2,5,5,3,5,3,5,5,1,0,1,3,0,,4,2,1,1,4,4,5,2,1,1,2,,,3,2,,1,4,1,1,4,,,,,,,,,,,," ",134101501,,
1,13,41,1,16,1,316.5735,"03",180,1,2,,,,,,,,0,,0,,0,,2,4,1,2,4,1,5,1,0,,,,,,,,,,,,7,,,,,,,,,,,," ",134101601,,
1,13,41,1,17,1,316.5735,"02",60,1,1,,,,,,,,0,,1,4,1,0,3,888,1,1,1,1,4,1,0,,,,,,,,,,,,3,,,,,,,,,,,," ",134101701,,
1,13,41,1,18,1,316.5735,"01",240,1,2,3,3,3,3,3,3,5,1,0,0,,0,,1,1,2,2,4,2,2,1,1,0,1,,2,,,,2,2,2,1,5,,1,,,,,,,,,," ",134101801,,
1,13,41,1,20,1,316.5735,"03",180,1,1,5,5,5,5,5,5,5,0,,0,,0,,2,2,2,2,2,2,2,2,0,,,,,,,,,,,,3,,,,,,,,,,,," ",134102001,,
1,13,42,1,1,1,101.3166,"01",240,1,2,3,3,3,3,3,3,3,0,,0,,0,,1,1,4,1,1,2,2,1,1,1,2,,,3,2,,2,3,1,1,5,,,,,,,,,,,," ",134200101,,
1,13,42,1,2,1,101.3166,"02",300,2,1,2,2,2,3,2,2,2,0,,0,,0,,2,2,2,2,2,2,2,888,1,1,1,,2,,,,1,2,1,1,1,,,,,,,,,,,," ",134200201,,
1,13,42,1,3,1,101.3166,"05",120,1,2,,,,,,,,0,,0,,0,,2,2,2,2,2,2,2,2,0,,,,,,,,,,,,2,,,,,,,,,,,," ",134200301,,
1,13,42,1,4,1,101.3166,"03",120,1,1,,,,,,,,0,,0,,0,,2,2,1,2,2,1,4,1,0,,,,,,,,,,,,5,,,,,,,,,,,," ",134200401,,
1,13,42,1,5,1,101.3166,"01",120,1,2,,,,,,,,0,,1,0,0,,2,2,2,4,4,1,4,2,0,,,,,,,,,,,,2,,,,,,,,,,,," ",134200501,,
1,13,42,1,6,1,101.3166,"02",30,1,2,,,,,,,,1,0,1,0,1,0,1,1,1,4,1,1,4,2,0,,,,,,,,,,,,4,,,,,,,,,,,," ",134200601,,
1,13,42,1,7,1,101.3166,"02",120,1,1,5,5,3,5,3,5,5,0,,0,,0,,5,2,1,1,4,1,888,4,0,,,,,,,,,,,,5,,,,,,,,,,,," ",134200701,,
1,13,42,1,8,1,101.3166,"02",120,1,1,,,,,,,,0,,0,,0,,4,2,2,2,2,2,1,888,1,1,2,,,3,2,,4,3,0,1,1,,,,,,,,,,,," ",134200801,,
1,13,42,1,9,1,101.3166,"01",240,1,2,,,,,,,,0,,0,,0,,2,2,1,2,4,1,5,1,1,1,1,,3,,,,1,2,2,1,7,,,,,,,,,,,," ",134200901,,
1,13,42,1,10,1,101.3166,"01",120,1,2,,,,,,,,1,0,0,,0,,1,2,4,2,3,2,5,1,1,0,1,,4,,,,2,4,1,1,1,,,,,,,,,,,," ",134201001,,
1,13,42,1,11,1,101.3166,"01",60,1,1,,,,,,,,0,,0,,0,,1,2,2,4,888,888,4,888,1,1,1,,3,,,,1,5,1,1,4,,,,,,,,,,,," ",134201101,,
1,13,42,1,12,1,101.3166,"01",60,1,2,,,,,,,,0,,1,4,0,,1,2,2,1,2,1,4,2,0,,,,,,,,,,,,2,,,,,,,,,,,," ",134201201,,
1,13,42,1,13,1,101.3166,"01",60,1,2,3,2,2,3,2,3,2,1,0,1,4,1,0,1,1,4,2,1,3,1,4,0,,,,,,,,,,,,1,,,,,,,,,,,," ",134201301,,
1,13,42,1,14,1,101.3166,"03",45,1,2,,,,,,,,0,,1,3,0,,1,1,3,4,1,3,1,4,0,,,,,,,,,,,,2,,,,,,,,,,,," ",134201401,,
1,13,42,1,15,1,101.3166,"01",130,2,2,,,,,,,,1,0,1,4,0,,1,1,5,2,2,5,1,1,1,1,1,,4,,,,1,2,1,1,5,,,,,,,,,,,," ",134201501,,
1,13,42,1,16,1,101.3166,"01",60,2,2,,,,,,,,0,,1,4,0,,888,888,888,4,2,3,4,5,0,,,,,,,,,,,,2,,,,,,,,,,,," ",134201601,,
1,13,42,1,17,1,101.3166,"02",120,1,2,,,,,,,,1,0,1,1,1,0,1,1,1,1,1,2,2,2,1,1,2,,,5,4,,1,6,1,1,3,,,,,,,,,,,," ",134201701,,
1,13,42,1,18,1,101.3166,"01",360,1,2,5,5,5,5,5,5,5,0,,1,3,0,,2,2,4,5,1,4,1,2,1,1,1,,3,,,,1,3,3,1,4,,,,,,,,,,,," ",134201801,,
1,13,43,1,1,1,27.0597727969349,"01",240,2,2,,,,,,,,0,,0,,0,,888,2,2,888,1,888,888,888,0,,,,,,,,,,,,555,6,,,,,,,,,,," ",134300101,,
1,13,43,1,2,1,415.4471,"01",60,1,2,,,,,,,,0,,0,,0,,2,2,2,2,2,2,2,2,0,,,,,,,,,,,,1,,,,,,,,,,,," ",134300201,,
1,13,43,1,3,1,415.4471,"02",60,1,2,,,,,,,,0,,0,,0,,2,2,2,888,2,4,2,888,1,1,2,,,4,2,,1,4,2,0,2,,,,,,,,,,,," ",134300301,,
1,13,43,1,4,1,415.4471,"04",120,1,1,,,,,,,,0,,0,,0,,5,2,2,2,2,2,888,888,0,,,,,,,,,,,,3,,,,,,,,,,,," ",134300401,,
1,13,43,1,5,1,415.4471,"01",60,1,1,,,,,,,,0,,0,,0,,3,2,1,2,2,2,3,4,0,,,,,,,,,,,,4,,,,,,,,,,,," ",134300501,,
1,13,43,1,7,1,415.4471,"02",180,1,2,,,,,,,,0,,0,,0,,3,5,5,5,4,4,4,4,0,,,,,,,,,,,,1,,,,,,,,,,,," ",134300701,,
1,13,43,1,8,1,415.4471,"01",60,1,1,,,,,,,,0,,0,,0,,1,1,1,1,1,888,1,1,0,,,,,,,,,,,,2,,,,,,,,,,,," ",134300801,,
1,13,43,1,9,1,415.4471,"02",180,1,2,,,,,,,,0,,1,4,0,,888,1,888,4,2,888,4,888,0,,,,,,,,,,,,2,,,,,,,,,,,," ",134300901,,
1,13,43,1,10,1,415.4471,"01",30,1,2,,,,,,,,0,,1,4,0,,1,1,2,1,2,2,5,2,0,,,,,,,,,,,,2,,,,,,,,,,,," ",134301001,,
1,13,43,1,11,1,415.4471,"02",120,1,1,,,,,,,,0,,0,,0,,1,1,1,1,1,1,1,1,0,,,,,,,,,,,,3,,,,,,,,,,,," ",134301101,,
1,13,43,1,12,1,415.4471,"02",180,1,1,,,,,,,,0,,0,,0,,4,2,2,888,4,2,3,5,1,1,1,,3,,,,1,3,2,0,7,,,,,,,,,,,," ",134301201,,
1,13,43,1,13,1,415.4471,"01",70,1,1,,,,,,,,0,,0,,0,,1,2,2,2,4,2,4,2,0,,,,,,,,,,,,3,,,,,,,,,,,," ",134301301,,
1,13,43,1,14,1,415.4471,"01",60,1,1,,,,,,,,0,,0,,0,,2,2,2,2,2,2,2,4,0,,,,,,,,,,,,3,,,,,,,,,,,," ",134301401,,
1,13,43,1,15,1,415.4471,"02",180,1,1,,,,,,,,0,,0,,0,,2,888,2,4,4,1,4,4,0,,,,,,,,,,,,1,,,,,,,,,,,," ",134301501,,
1,13,43,1,16,1,415.4471,"01",50,1,1,2,2,2,2,2,2,5,0,,1,4,0,,5,2,1,4,5,1,5,4,0,,,,,,,,,,,,4,,,,,,,,,,,," ",134301601,,
1,13,43,1,17,1,415.4471,"02",60,1,1,2,2,2,5,2,5,5,0,,0,,0,,1,2,2,4,4,2,4,1,0,,,,,,,,,,,,1,,,1,,,,,,,,," ",134301701,,
1,13,43,1,18,1,415.4471,"01",120,1,2,,,,,,,,0,,0,,0,,2,2,888,2,2,3,2,888,0,,,,,,,,,,,,2,,,,,,,,,,,," ",134301801,,
1,13,43,1,20,1,415.4471,"01",30,1,1,,,,,,,,0,,0,,0,,2,2,2,3,2,2,2,2,0,,,,,,,,,,,,1,,,,,,,,,,,," ",134302001,,
1,13,44,1,1,1,1009.17,"01",120,1,1,,,,,,,,0,,0,,0,,4,3,3,2,2,2,2,2,0,,,,,,,,,,,,1,,,,,,,,,,,," ",134400101,,
1,13,44,1,2,1,288.16761849711,"02",60,2,2,,,,,,,,0,,0,,0,,888,5,2,2,2,888,1,888,0,,,,,,,,,,,,1,,,,,,,,,,,," ",134400201,,
1,13,44,1,3,1,288.16761849711,"01",120,1,2,,,,,,,,0,,0,,0,,2,2,2,4,4,2,4,4,0,,,,,,,,,,,,1,,,,,,,,,,,," ",134400301,,
1,13,44,1,5,1,288.16761849711,"02",60,2,2,,,,,,,,0,,1,4,0,,4,2,888,2,2,888,1,888,1,0,2,,,4,2,,1,4,0,1,2,,,,,,,,,,,," ",134400501,,
1,13,44,1,7,1,288.16761849711,"01",30,2,2,,,,,,,,0,,0,,1,0,2,888,888,888,2,888,2,888,1,0,1,,2,,,,1,3,1,1,2,,,,,,,,,,,," ",134400701,,
1,13,44,1,8,1,288.16761849711,"01",30,1,2,,,,,,,,0,,0,,0,,888,888,888,888,888,888,888,888,1,0,1,,5,,,,1,3,1,0,2,,,,,,,,,,,," ",134400801,,
1,13,44,1,9,1,1009.17,"02",120,2,2,2,2,2,2,2,2,2,0,,0,,0,,2,4,4,4,2,2,2,4,1,1,1,,2,,,,1,2,2,0,1,,,,,,,,,,,," ",134400901,,
1,13,44,1,10,1,1009.17,"01",60,1,2,,,,,,,,0,,0,,0,,2,2,2,2,2,2,2,888,0,,,,,,,,,,,,2,,,,,,,,,,,," ",134401001,,
1,13,44,1,11,1,1009.17,"01",150,1,1,,,,,,,,0,,0,,0,,1,1,888,888,2,888,5,888,1,1,2,,,2,2,,3,6,2,1,5,,,,,,,,,,,," ",134401101,,
1,13,44,1,12,1,1009.17,"01",60,2,2,,,,,,,,0,,0,,0,,888,888,888,1,1,888,888,1,0,,,,,,,,,,,,555,6,,,,,,,,,,," ",134401201,,
1,13,44,1,13,1,1009.17,"02",90,1,2,,,,,,,,1,2,1,1,1,1,2,2,2,3,3,2,2,4,1,0,2,,,3,3,,1,3,1,1,1,,,,,,,,,,,," ",134401301,,
1,13,44,1,14,1,1009.17,"02",60,1,1,,,,,,,,1,0,1,3,1,0,4,5,5,4,4,3,3,3,0,,,,,,,,,,,,1,,,,,,,,,,,," ",134401401,,
1,13,44,1,16,1,1009.17,"02",120,1,1,,,,,,,,0,,0,,0,,1,2,2,2,2,2,2,2,0,,,,,,,,,,,,3,,,,,,,,,,,," ",134401601,,
1,13,44,1,17,1,1009.17,"01",120,2,2,,,,,,,,0,,0,,0,,1,1,1,1,1,1,1,1,0,,,,,,,,,,,,555,2,,,,,,,,,,," ",134401701,,
1,13,44,1,18,1,1009.17,"02",90,1,2,,,,,,,,0,,1,2,0,,2,2,2,2,2,2,2,2,0,,,,,,,,,,,,2,,,,,,,,,,,," ",134401801,,
1,13,44,1,19,1,1009.17,"02",30,1,1,,,,,,,,0,,0,,0,,1,2,2,2,4,2,4,4,1,0,1,,2,,,,1,2,1,0,3,,,,,,,,,,,," ",134401901,,
1,13,44,1,20,1,1009.17,"02",120,1,2,,,,,,,,0,,1,4,0,,888,1,888,1,1,888,5,888,0,,,,,,,,,,,,2,,,,,,,,,,,," ",134402001,,
1,13,44,1,22,1,1009.17,"02",120,1,2,3,3,3,3,3,3,3,1,1,1,4,0,,1,2,2,2,2,2,2,1,0,,,,,,,,,,,,2,,,,,,,,,,,," ",134402201,,
1,13,45,1,1,1,25.6564893103448,"02",240,1,1,,,,,,,,0,,1,4,0,,4,1,2,2,2,1,5,2,1,0,2,,,3,2,,1,6,1,1,2,,,,,,,,,,,," ",134500101,,
1,13,45,1,2,1,354.3039,"02",180,1,2,,,,,,,,0,,0,,0,,5,2,4,5,5,1,5,1,0,,,,,,,,,,,,4,,,,,,,,,,,," ",134500201,,
1,13,45,1,3,1,354.3039,"02",180,1,2,,,,,,,,0,,1,4,0,,4,2,4,5,4,2,5,4,1,1,2,,,3,2,,1,5,0,0,2,,,,,,,,,,,," ",134500301,,
1,13,45,1,4,1,25.6564893103448,"02",60,1,2,,,,,,,,0,,0,,0,,888,888,888,888,888,888,4,888,0,,,,,,,,,,,,2,,,,,,,,,,,," ",134500401,,
1,13,45,1,5,1,354.3039,"02",180,1,2,,,,,,,,0,,0,,0,,2,2,2,2,2,2,888,888,0,,,,,,,,,,,,2,,,,,,,,,,,," ",134500501,,
1,13,45,1,6,1,354.3039,"02",180,1,2,,,,,,,,0,,1,4,0,,1,2,2,2,2,4,2,1,0,,,,,,,,,,,,2,,,,,,,,,,,," ",134500601,,
1,13,45,1,7,1,354.3039,"01",120,1,2,,,,,,,,0,,0,,0,,1,1,1,1,5,888,888,888,0,,,,,,,,,,,,2,,,,,,,,,,,," ",134500701,,
1,13,45,1,8,1,25.6564893103448,"02",40,1,2,,,,,,,,0,,0,,0,,888,888,888,888,888,888,888,888,0,,,,,,,,,,,,555,6,,,,,,,,,,," ",134500801,,
1,13,45,1,9,1,354.3039,"02",30,1,2,,,,,,,,0,,0,,0,,1,1,1,1,1,1,1,1,0,,,,,,,,,,,,1,,,,,,,,,,,," ",134500901,,
1,13,45,1,10,1,354.3039,"01",60,1,2,,,,,,,,0,,0,,0,,888,888,888,888,2,888,888,888,1,1,1,,2,,,,1,3,0,0,1,,,,,,,,,,,," ",134501001,,
1,13,45,1,11,1,354.3039,"03",90,1,1,,,,,,,,1,0,1,888,0,,1,2,2,4,2,888,4,4,1,1,1,,2,,,,1,3,2,0,2,,,,,,,,,,,," ",134501101,,
1,13,45,1,12,1,354.3039,"01",240,1,1,,,,,,,,1,0,1,888,1,3,2,2,2,2,2,4,5,5,0,,,,,,,,,,,,6,,,,,,,,,,,," ",134501201,,
1,13,45,1,13,1,354.3039,"02",120,1,2,,,,,,,,0,,1,4,0,,2,3,3,2,2,2,2,2,0,,,,,,,,,,,,4,,,,,,,,,,,," ",134501301,,
1,13,45,1,14,1,25.6564893103448,"01",90,2,2,,,,,,,,0,,0,,0,,888,888,888,888,888,888,888,888,0,,,,,,,,,,,,2,,,,,,,,,,,," ",134501401,,
1,13,45,1,15,1,354.3039,"04",180,1,2,,,,,,,,0,,0,,0,,4,1,3,3,4,1,4,4,1,1,1,,3,,,,1,4,2,0,2,,,,,,,,,,,," ",134501501,,
1,13,45,1,19,1,354.3039,"02",120,1,1,,,,,,,,0,,0,,0,,1,888,2,1,2,3,4,5,0,,,,,,,,,,,,1,,,,,,,,,,,," ",134501901,,
1,13,45,1,20,1,354.3039,"02",60,1,1,,,,,,,,0,,0,,0,,2,1,1,4,2,1,4,2,0,,,,,,,,,,,,1,,,,,,,,,,,," ",134502001,,
1,13,45,1,21,1,354.3039,"02",180,1,1,,,,,,,,1,0,0,,0,,2,1,2,4,2,4,4,4,0,,,,,,,,,,,,1,,,,,,,,,,,," ",134502101,,
1,13,46,2,2,1,916.8375,"01",120,1,,,,,,,,,1,3,0,,1,1,3,1,1,4,1,1,4,888,1,1,1,,3,,,,1,2,1,1,2,,,,,,,,,,,," ",134600201,,
1,13,46,2,3,1,239.671213692946,"01",120,2,,,,,,,,,1,0,1,4,0,,1,2,1,3,1,1,4,3,0,,,,,,,,,,,,5,,,,,,,,,,,," ",134600301,,
1,13,46,2,4,1,239.671213692946,"02",60,2,,,,,,,,,0,,0,,0,,1,1,1,4,1,2,1,5,1,0,1,,2,,,,1,2,0,0,2,,,,,,,,,,,," ",134600401,,
1,13,46,2,5,1,239.671213692946,"02",60,2,,,,,,,,,0,,0,,0,,3,2,1,1,5,1,3,1,1,0,2,,,3,2,,1,2,1,0,2,,,,,,,,,,,," ",134600501,,
1,13,46,2,6,1,239.671213692946,"01",120,1,,2,2,2,2,2,2,2,0,,0,,0,,5,4,1,1,4,1,5,1,1,0,1,,2,,,,1,2,2,0,1,,,,,,,,,,,," ",134600601,,
1,13,46,2,7,1,916.8375,"01",70,2,,,,,,,,,0,,1,3,0,,888,1,888,2,2,3,5,3,1,1,2,,,4,3,,1,2,1,1,2,,,,,,,,,,,," ",134600701,,
1,13,46,2,8,1,239.671213692946,"01",60,2,,,,,,,,,0,,0,,0,,3,1,2,1,1,2,4,1,1,0,1,,3,,,,1,5,0,0,2,,,,,,,,,,,," ",134600801,,
1,13,46,2,9,1,916.8375,"01",120,2,,,,,,,,,0,,1,1,0,,1,1,4,888,2,2,5,5,1,0,1,,2,,,,1,3,0,1,2,,,,,,,,,,,," ",134600901,,
1,13,46,2,10,1,916.8375,"02",90,2,,,,,,,,,0,,0,,0,,1,1,2,1,4,1,5,1,0,,,,,,,,,,,,1,,,,,,,,,,,," ",134601001,,
1,13,46,2,11,1,239.671213692946,"01",240,2,,1,1,1,1,1,1,1,0,,1,0,1,3,1,1,1,1,1,1,4,5,0,,,,,,,,,,,,1,,,,,,,,,,,," ",134601101,,
1,13,46,2,13,1,916.8375,"02",90,2,,,,,,,,,0,,0,,0,,1,2,2,1,4,1,5,1,1,0,1,,2,,,,1,2,1,1,1,,,,,,,,,,,," ",134601301,,
1,13,46,2,14,1,916.8375,"02",180,2,,,,,,,,,0,,0,,0,,4,2,2,1,5,1,5,1,0,,,,,,,,,,,,1,,,,,,,,,,,," ",134601401,,
1,13,46,2,15,1,916.8375,"02",120,1,,,,,,,,,0,,1,4,0,,1,2,888,5,2,5,2,3,1,1,1,,3,,,,1,2,1,1,2,,,,,,,,,,,," ",134601501,,
1,13,46,2,16,1,916.8375,"03",60,2,,,,,,,,,1,2,1,4,0,,1,2,2,2,4,2,5,3,1,1,1,,4,,,,1,2,1,1,555,6,,,,,,,,,,," ",134601601,,
1,13,46,2,18,1,239.671213692946,"01",60,2,,,,,,,,,0,,1,4,0,,3,1,2,1,1,1,2,2,0,,,,,,,,,,,,4,,,,,,,,,,,," ",134601801,,
1,13,46,2,19,1,239.671213692946,"02",120,2,,,,,,,,,0,,1,4,0,,3,2,2,3,2,2,4,3,0,,,,,,,,,,,,4,,,,,,,,,,,," ",134601901,,
1,13,46,2,20,1,239.671213692946,"02",120,2,,,,,,,,,0,,1,4,0,,2,5,888,2,1,888,5,3,1,0,1,,2,,,,1,2,1,1,1,,,,,,,,,,,," ",134602001,,
1,13,46,2,21,1,916.8375,"02",45,2,,,,,,,,,0,,1,4,0,,4,1,1,1,1,1,4,2,0,,,,,,,,,,,,4,,,,,,,,,,,," ",134602101,,
1,13,47,1,1,1,335.788,"02",240,1,1,,,,,,,,0,,1,1,0,,888,888,888,888,888,888,888,888,0,,,,,,,,,,,,4,,,,,,,,,,,," ",134700101,,
1,13,47,1,2,1,335.788,"02",180,1,1,,,,,,,,0,,0,,0,,1,2,2,4,2,4,5,1,0,,,,,,,,,,,,4,,,,,,,,,,,," ",134700201,,
1,13,47,1,3,1,335.788,"02",180,1,1,,,,,,,,0,,0,,0,,4,888,2,2,4,2,888,1,0,,,,,,,,,,,,4,,,,,,,,,,,," ",134700301,,
1,13,47,1,4,1,335.788,"01",240,1,1,,,,,,,,1,0,0,,0,,2,2,2,4,4,2,888,1,0,,,,,,,,,,,,4,,,,,,,,,,,," ",134700401,,
1,13,47,1,5,1,335.788,"01",60,1,1,,,,,,,,0,,0,,0,,888,2,1,2,5,2,888,4,0,,,,,,,,,,,,4,,,,,,1,,,,,," ",134700501,,
1,13,47,1,6,1,335.788,"02",180,1,2,,,,,,,,0,,0,,1,0,1,1,1,2,4,2,888,1,0,,,,,,,,,,,,4,,,,,,,,,,,," ",134700601,,
1,13,47,1,7,1,335.788,"01",60,1,2,,,,,,,,1,888,0,,1,888,1,1,1,2,5,2,5,4,0,,,,,,,,,,,,4,,,,,,,,,,,," ",134700701,,
1,13,47,1,8,1,335.788,"01",30,1,2,,,,,,,,0,,0,,0,,888,888,888,888,888,888,888,888,0,,,,,,,,,,,,4,,,,,,,,,,,," ",134700801,,
1,13,47,1,9,1,335.788,"01",200,1,1,,,,,,,,0,,0,,0,,2,4,2,4,4,2,4,4,0,,,,,,,,,,,,4,,,,,,,,,,,," ",134700901,,
1,13,47,1,10,1,335.788,"05",240,1,1,,,,,,,,0,,0,,0,,2,2,2,4,4,2,4,4,0,,,,,,,,,,,,4,,,,,,,,,,,," ",134701001,,
1,13,47,1,11,1,335.788,"02",240,1,1,,,,,,,,0,,0,,0,,2,4,2,5,4,1,5,4,0,,,,,,,,,,,,4,,,,,,,,,,,," ",134701101,,
1,13,47,1,12,1,335.788,"02",140,1,1,,,,,,,,0,,0,,0,,2,4,2,4,5,2,4,4,0,,,,,,,,,,,,4,,,,,,,,,,,," ",134701201,,
1,13,47,1,13,1,335.788,"02",90,1,2,,,,,,,,1,2,1,1,1,0,1,2,2,888,2,2,4,888,0,,,,,,,,,,,,4,,,,,,,,,,,," ",134701301,,
1,13,47,1,14,1,335.788,"03",180,1,2,5,3,3,5,3,5,5,0,,1,3,0,,1,1,2,3,2,2,4,4,1,1,1,,3,,,,1,3,2,0,2,,,,,,,,,,,," ",134701401,,
1,13,47,1,15,1,335.788,"04",60,1,2,5,5,3,3,3,3,5,0,,1,3,0,,1,2,2,2,2,2,4,3,1,1,1,,4,,,,1,4,3,0,3,,,,,,,,,,,," ",134701501,,
1,13,47,1,16,1,335.788,"03",120,2,1,,,,,,,,0,,1,4,0,,2,2,2,2,2,2,2,2,0,,,,,,,,,,,,1,,,,,,,,,,,," ",134701601,,
1,13,47,1,17,1,335.788,"01",90,1,2,,,,,,,,0,,0,,0,,2,1,1,1,1,2,2,2,0,,,,,,,,,,,,1,,,,,,,,,,,," ",134701701,,
1,13,47,1,19,1,335.788,"02",120,1,2,,,,,,,,0,,0,,0,,1,2,4,4,4,4,2,2,0,,,,,,,,,,,,4,,,,,,,,,,,," ",134701901,,
1,13,48,1,1,1,1223.457,"02",180,1,1,,,,,,,,1,0,0,,0,,2,2,888,4,2,2,5,4,1,0,1,,2,,,,1,2,1,1,1,,,,,,,,,,,," ",134800101,,
1,13,48,1,2,1,1223.457,"01",240,1,2,,,,,,,,0,,0,,0,,2,2,4,3,4,2,4,4,0,,,,,,,,,,,,1,,,,,,,,,,,," ",134800201,,
1,13,48,1,3,1,1223.457,"04",240,1,1,,,,,,,,1,0,0,,0,,2,4,4,4,4,2,4,4,0,,,,,,,,,,,,4,,,,,,,,,,,," ",134800301,,
1,13,48,1,4,1,1223.457,"02",180,1,1,,,,,,,,0,,0,,1,0,2,2,2,4,4,2,4,4,0,,,,,,,,,,,,4,,,,,,,,,,,," ",134800401,,
1,13,48,1,5,1,1223.457,"02",360,1,1,,,,,,,,1,1,1,1,0,,2,2,5,2,5,1,5,2,1,1,1,,6,,,,1,4,1,1,1,,,,,,,,,,,," ",134800501,,
1,13,48,1,6,1,1223.457,"01",360,1,1,,,,,,,,0,,1,0,0,,2,888,888,2,4,2,4,2,0,,,,,,,,,,,,1,,,,,,,,,,,," ",134800601,,
1,13,48,1,7,1,1223.457,"02",180,1,1,,,,,,,,0,,1,0,0,,1,2,2,2,4,2,888,2,0,,,,,,,,,,,,4,,,,,,,,,,,," ",134800701,,
1,13,48,1,8,1,1223.457,"02",30,1,1,,,,,,,,1,0,1,1,0,,2,2,2,2,4,2,4,2,1,0,1,,3,,,,1,3,2,1,4,,,,,,,,,,,," ",134800801,,
1,13,48,1,9,1,1223.457,"02",100,1,2,5,5,3,3,3,5,5,0,,1,2,0,,1,2,2,1,2,4,4,4,1,1,2,,,3,2,,1,2,2,1,1,,,,,,,,,,,," ",134800901,,
1,13,48,1,10,1,1223.457,"03",360,1,2,3,3,3,3,3,3,3,0,,1,1,0,,1,1,1,5,2,4,2,4,1,1,1,,3,,,,1,3,4,1,4,,,,,,,,,,,," ",134801001,,
1,13,48,1,11,1,1223.457,"01",60,1,2,,,,,,,,0,,1,3,0,,1,2,2,888,1,888,888,3,1,1,4,4,,,,,4,4,0,1,2,,,,,,,,,,,," ",134801101,,
1,13,48,1,12,1,1223.457,"01",60,1,1,,,,,,,,0,,0,,0,,1,888,2,888,5,5,888,2,0,,,,,,,,,,,,3,,,,,,,,,,,," ",134801201,,
1,13,48,1,13,1,1223.457,"01",45,2,2,,,,,,,,0,,1,0,0,,2,2,1,1,4,5,2,5,0,,,,,,,,,,,,1,,,,,,,,,,,," ",134801301,,
1,13,48,1,14,1,1223.457,"02",120,1,1,,,,,,,,0,,0,,0,,2,2,1,4,4,4,888,2,0,,,,,,,,,,,,1,,,,,,,,,,,," ",134801401,,
1,13,48,1,15,1,1223.457,"05",180,1,1,,,,,,,,0,,0,,0,,2,2,2,1,4,4,888,4,0,,,,,,,,,,,,4,,,,,,1,,,,,," ",134801501,,
1,13,48,1,16,1,1223.457,"04",120,1,1,,,,,,,,0,,0,,0,,888,888,888,888,888,888,888,3,0,,,,,,,,,,,,2,,,,,,,,,,,888," ",134801601,,
1,13,48,1,17,1,1223.457,"05",120,1,2,,,,,,,,0,,0,,0,,2,1,1,1,2,2,888,4,1,1,2,,,3,2,,1,3,1,1,1,,,,,,,,,,,," ",134801701,,
1,13,49,1,1,1,170.3618,"02",360,1,1,5,5,2,5,2,2,5,0,,1,3,0,,4,1,1,4,4,1,4,1,1,1,2,,,4,3,,1,3,2,1,1,,,,,,,,,,,," ",134900101,,
1,13,49,1,2,1,170.3618,"01",360,1,1,,,,,,,,0,,1,0,0,,1,2,2,2,4,2,4,2,0,,,,,,,,,,,,4,,,,,,,,,,,," ",134900201,,
1,13,49,1,3,1,170.3618,"01",120,1,2,,,,,,,,0,,1,4,0,,1,2,2,4,2,2,5,2,0,,,,,,,,,,,,1,,,,,,,,,,,," ",134900301,,
1,13,49,1,4,1,170.3618,"01",180,1,1,,,,,,,,1,0,1,4,0,,888,2,888,4,888,888,5,888,1,0,1,,2,,,,1,4,1,1,1,,,,,,,,,,,," ",134900401,,
1,13,49,1,5,1,170.3618,"02",240,1,1,,,,,,,,0,,0,,0,,2,1,2,4,4,2,5,4,0,,,,,,,,,,,,4,,,,,,,,,,,," ",134900501,,
1,13,49,1,6,1,170.3618,"05",180,1,2,,,,,,,,0,,0,,0,,2,4,2,4,4,2,4,2,0,,,,,,,,,,,,4,,,,,,,,,,,," ",134900601,,
1,13,49,1,7,1,170.3618,"02",240,1,1,,,,,,,,1,0,1,0,0,,2,2,2,4,4,2,4,4,0,,,,,,,,,,,,4,,,,,,,,,,,," ",134900701,,
1,13,49,1,8,1,170.3618,"05",60,1,1,,,,,,,,0,,0,,0,,1,2,1,2,2,2,4,5,0,,,,,,,,,,,,4,,,,,,,,,,,," ",134900801,,
1,13,49,1,9,1,170.3618,"01",55,1,2,,,,,,,,1,0,1,0,0,,1,2,2,3,1,5,4,3,0,,,,,,,,,,,,3,,,,,,,,,,,," ",134900901,,
1,13,49,1,10,1,170.3618,"06",120,1,2,,,,,,,,1,0,1,1,0,,1,2,2,2,1,3,4,4,1,1,1,,3,,,,1,3,2,0,1,,,,,,,,,,,," ",134901001,,
1,13,49,1,11,1,170.3618,"02",90,1,1,,,,,,,,0,,1,4,0,,1,888,888,5,888,2,888,1,0,,,,,,,,,,,,3,,,,,,,,,,,," ",134901101,,
1,13,49,1,12,1,170.3618,"02",45,1,1,5,5,5,5,5,5,5,0,,0,,0,,1,2,2,2,2,2,5,5,1,1,1,,5,,,,1,6,2,1,3,,,,,,1,,,,,," ",134901201,,
1,13,49,1,13,1,170.3618,"01",240,1,2,,,,,,,,0,,0,,0,,1,2,1,2,1,1,1,888,0,,,,,,,,,,,,1,,,,,,,,,,,," ",134901301,,
1,13,49,1,14,1,170.3618,"04",180,1,2,5,5,5,5,5,5,5,0,,0,,0,,1,1,2,1,4,2,888,4,1,1,1,,2,,,,1,4,2,1,1,,,,,,,,,,,," ",134901401,,
1,13,49,1,15,1,170.3618,"04",150,1,2,,,,,,,,0,,0,,0,,1,1,1,1,888,888,5,2,1,1,1,,2,,,,1,3,1,1,1,,,,,,,,,,,," ",134901501,,
1,13,49,1,16,1,170.3618,"02",60,1,2,,,,,,,,1,0,0,,1,0,1,1,888,4,2,2,1,1,1,1,2,,,3,2,,1,3,1,1,1,,,,,,,,,,,," ",134901601,,
1,13,49,1,17,1,170.3618,"02",200,1,2,,,,,,,,1,0,1,0,0,,2,2,2,4,4,2,4,4,0,,,,,,,,,,,,4,,,,,,,,,,,," ",134901701,,
1,13,49,1,18,1,170.3618,"06",30,1,1,,,,,,,,0,,0,,0,,888,5,1,888,888,1,5,1,0,,,,,,,,,,,,3,,,,,,,,,,,," ",134901801,,
2,21,50,1,1,1,312.3764,"02",60,2,2,,,,,,,,0,,0,,0,,888,2,2,3,2,3,2,888,1,0,1,,3,,,,1,2,2,0,5,,,,,,,,,,,," ",215000102,,
2,21,50,1,2,1,312.3764,"02",120,1,1,,,,,,,,0,,0,,0,,1,1,1,1,1,1,1,1,1,1,2,,,3,2,,1,2,2,0,1,,,,,,,,,,,," ",215000202,,
2,21,50,1,3,1,70.7120706467662,"01",60,2,2,,,,,,,,0,,0,,0,,1,4,3,4,4,4,4,4,1,0,1,,2,,,,1,2,1,0,2,,,,,,,,,,,," ",215000302,,
2,21,50,1,4,1,312.3764,"02",240,2,2,,,,,,,,0,,1,1,0,,888,1,888,2,1,888,5,3,0,,,,,,,,,,,,1,,,,,,,,,,,," ",215000402,,
2,21,50,1,5,1,312.3764,"03",60,1,2,,,,,,,,0,,1,4,0,,888,2,2,2,4,2,4,2,1,1,2,,,3,2,,1,3,1,1,1,,,,,,,,,,,," ",215000502,,
2,21,50,1,7,1,70.7120706467662,"02",120,2,2,,,,,,,,0,,0,,0,,1,1,1,1,1,1,1,1,1,0,2,,,3,2,,1,2,0,1,1,,,,,,,,,,,," ",215000702,,
2,21,50,1,8,1,70.7120706467662,"01",120,2,2,2,2,2,2,2,2,2,1,2,0,,0,,1,1,1,1,1,1,1,1,1,0,2,,,3,2,,1,2,2,1,1,,,,,,,,,,,," ",215000802,,
2,21,50,1,9,1,70.7120706467662,"02",120,2,2,2,2,2,2,2,2,2,1,2,0,,0,,1,1,1,1,1,1,1,1,1,0,2,,,3,2,,1,2,0,1,1,,,,,,,,,,,," ",215000902,,
2,21,50,1,10,1,312.3764,"02",120,1,2,,,,,,,,0,,0,,0,,3,2,3,888,2,3,2,888,0,,,,,,,,,,,,6,,,,,,,,,,,," ",215001002,,
2,21,50,1,11,1,312.3764,"02",60,2,2,,,,,,,,0,,0,,0,,888,2,3,888,2,3,2,3,0,,,,,,,,,,,,5,,,,,,,,,,,," ",215001102,,
2,21,50,1,12,1,312.3764,"01",120,2,2,,,,,,,,0,,0,,0,,3,4,4,4,4,4,4,3,1,0,1,,2,,,,1,2,1,0,1,,,,,,,,,,,," ",215001202,,
2,21,50,1,13,1,312.3764,"02",60,2,2,,,,,,,,0,,1,4,0,,888,2,888,2,2,888,4,888,0,,,,,,,,,,,,1,,,,,,,,,,,," ",215001302,,
2,21,50,1,14,1,312.3764,"01",30,2,2,,,,,,,,0,,1,4,0,,888,2,888,4,2,888,4,888,1,1,1,,2,,,,1,4,1,1,1,,,,,,,,,,,," ",215001402,,
2,21,50,1,15,1,312.3764,"02",180,1,2,,,,,,,,1,0,1,2,0,,888,2,888,2,1,3,4,3,1,0,1,,2,,,,1,2,2,1,2,,,,,,,,,,,," ",215001502,,
2,21,50,1,16,1,312.3764,"02",240,1,2,,,,,,,,1,0,1,3,0,,3,1,3,1,2,888,5,3,1,0,2,,,3,2,,1,2,1,1,2,,,,,,,,,,,," ",215001602,,
2,21,50,1,17,1,312.3764,"01",120,2,2,,,,,,,,0,,0,,0,,2,4,3,3,4,4,4,4,1,1,1,,2,,,,1,2,1,0,2,,,,,,,,,,,," ",215001702,,
2,21,50,1,18,1,312.3764,"01",120,2,2,,,,,,,,0,,0,,0,,2,3,4,4,4,4,4,4,1,0,1,,2,,,,1,2,1,0,2,,,,,,,,,,,," ",215001802,,
2,21,51,1,1,1,30.9889583687341,"01",45,2,2,,,,,,,,0,,1,4,0,,4,1,2,1,2,4,4,3,1,0,1,,4,,,,1,4,1,1,2,,,,,,,,,,,," ",215100102,,
2,21,51,1,2,1,30.9889583687341,"02",60,1,1,,,,,,,,0,,0,,0,,4,2,2,888,2,2,888,888,1,0,1,,5,,,,1,6,1,1,2,,,,,,,,,,,," ",215100202,,
2,21,51,1,3,1,260.5286,"02",120,1,2,,,,,,,,0,,1,4,0,,4,888,888,888,888,888,4,3,1,1,4,3,,,,,1,3,1,1,5,,,,,,,,,,,," ",215100302,,
2,21,51,1,4,1,30.9889583687341,"02",120,1,2,,,,,,,,1,0,1,4,0,,888,2,888,888,2,888,4,4,1,0,2,,,3,2,,1,3,2,1,1,,,,,,,,,,,," ",215100402,,
2,21,51,1,5,1,30.9889583687341,"02",30,2,2,,,,,,,,0,,0,,0,,2,2,2,2,2,2,4,888,0,,,,,,,,,,,,2,,,,,,,,,,,," ",215100502,,
2,21,51,1,6,1,30.9889583687341,"02",120,2,2,2,1,1,1,1,1,1,1,0,0,,0,,888,888,888,888,888,888,888,888,1,0,1,,2,,,,1,3,2,1,1,,,,,,,,,,,," ",215100602,,
2,21,51,1,7,1,30.9889583687341,"01",70,2,2,,,,,,,,0,,1,4,0,,2,2,4,2,1,888,4,5,1,0,2,,,5,3,,1,3,2,1,4,,,,,,,,,,,," ",215100702,,
2,21,51,1,8,1,30.9889583687341,"01",60,2,2,,,,,,,,1,0,1,2,0,,888,2,888,888,4,888,5,888,1,0,1,,2,,,,1,3,2,0,5,,,,,,,,,,,," ",215100802,,
2,21,51,1,9,1,30.9889583687341,"01",120,2,2,3,3,1,1,1,1,3,0,,1,4,0,,888,1,2,4,5,4,5,3,1,0,1,,3,,,,1,3,1,1,1,,,,,,,,,,,," ",215100902,,
2,21,51,1,10,1,260.5286,"03",70,2,2,,,,,,,,0,,1,4,0,,1,1,4,4,2,3,4,4,0,,,,,,,,,,,,2,,,,,,,,,,,," ",215101002,,
2,21,51,1,11,1,260.5286,"05",180,1,1,3,5,3,3,3,3,5,0,,0,,1,4,1,2,1,4,2,4,2,1,1,1,1,,2,,,,1,3,2,0,4,,,,,,,,,,,," ",215101102,,
2,21,51,1,12,1,260.5286,"03",60,1,1,5,5,3,5,3,3,5,0,,1,4,0,,2,2,1,3,1,4,4,2,1,1,2,,,3,2,,1,3,2,1,4,,,,,,,,,,,," ",215101202,,
2,21,51,1,13,1,30.9889583687341,"01",180,2,2,,,,,,,,0,,1,4,0,,888,1,888,3,2,888,4,5,1,0,2,,,3,2,,1,3,1,0,1,,,,,,,,,,,," ",215101302,,
2,21,51,1,14,1,30.9889583687341,"02",120,2,2,,,,,,,,0,,1,4,1,4,1,1,1,4,2,4,888,2,0,,,,,,,,,,,,2,,,,,,,,,,,," ",215101402,,
2,21,51,1,15,1,260.5286,"02",90,1,2,,,,,,,,0,,1,4,1,4,1,1,1,4,2,4,4,2,1,1,1,,2,,,,1,3,2,1,5,,,,,,,,,,,," ",215101502,,
2,21,51,1,17,1,260.5286,"06",120,1,1,,,,,,,,0,,0,,1,4,1,1,1,4,4,2,2,1,1,1,1,,2,,,,1,3,2,0,6,,,,,,,,,,,," ",215101702,,
2,21,51,1,18,1,260.5286,"02",120,1,2,,,,,,,,1,0,0,,0,,2,2,2,2,2,2,2,2,0,,,,,,,,,,,,2,,,,,,,,,,,," ",215101802,,
2,21,51,1,20,1,30.9889583687341,"01",120,1,2,,,,,,,,0,,1,0,0,,4,2,3,2,888,888,2,3,1,0,2,,,2,2,,1,5,2,1,5,,,,,,,,,,,," ",215102002,,
2,21,52,2,1,1,1357.81097435897,"03",120,2,,,,,,,,,0,,1,4,1,4,1,1,1,4,2,4,2,1,0,,,,,,,,,,,,2,,,,,,,,,,,," ",215200102,,
2,21,52,2,2,1,1357.81097435897,"01",120,2,,,,,,,,,1,0,1,4,0,,888,1,888,888,2,888,5,3,0,,,,,,,,,,,,5,,,,,,,,,,,," ",215200202,,
2,21,52,2,3,1,1091.848,"04",160,1,,3,3,3,3,3,3,3,1,0,1,4,0,,2,1,3,2,4,3,888,4,0,,,,,,,,,,,,6,,,,,,,,,,,," ",215200302,,
2,21,52,2,4,1,1357.81097435897,"01",120,1,,3,3,3,3,3,3,3,0,,1,3,0,,888,2,888,3,2,888,2,888,1,0,1,,3,,,,1,4,2,1,2,,,,,,,,,,,," ",215200402,,
2,21,52,2,5,1,1357.81097435897,"02",90,2,,3,3,1,3,1,3,3,0,,1,4,1,4,1,1,1,4,2,4,2,1,1,0,2,,,3,2,,1,3,2,1,5,,,,,,,,,,,," ",215200502,,
2,21,52,2,6,1,1357.81097435897,"02",180,2,,,,,,,,,0,,0,,0,,3,888,3,3,888,3,2,3,0,,,,,,,,,,,,4,,,,,,,,,,,," ",215200602,,
2,21,52,2,7,1,1357.81097435897,"01",60,2,,,,,,,,,0,,1,4,1,4,1,2,2,4,2,4,2,2,0,,,,,,,,,,,,2,,,,,,,,,,,," ",215200702,,
2,21,52,2,8,1,1357.81097435897,"01",45,2,,,,,,,,,1,0,1,1,0,,888,2,888,888,2,888,888,888,1,0,1,,2,,,,1,3,1,1,1,,,,,,,,,,,," ",215200802,,
2,21,52,2,9,1,1357.81097435897,"03",90,2,,,,,,,,,0,,1,4,1,4,1,2,1,5,2,4,2,1,0,,,,,,,,,,,,5,,,,,,,,,,,," ",215200902,,
2,21,52,2,10,1,1091.848,"01",150,1,,3,3,2,2,2,3,2,0,,1,4,0,,1,2,3,1,1,3,4,888,1,1,2,,,5,2,,1,4,2,0,4,,,,,,,,,,,," ",215201002,,
2,21,52,2,11,1,1091.848,"01",60,1,,5,5,3,5,5,5,5,1,0,1,0,1,0,4,2,2,2,2,3,5,1,0,,,,,,,,,,,,4,,,,,,,,,,,," ",215201102,,
2,21,52,2,12,1,1357.81097435897,"02",160,1,,,,,,,,,0,,0,,0,,2,2,2,2,2,2,2,2,1,0,1,,2,,,,1,2,2,1,5,,,,,,,,,,,," ",215201202,,
2,21,52,2,13,1,1357.81097435897,"02",120,2,,,,,,,,,0,,1,4,1,4,2,2,1,4,2,4,2,2,0,,,,,,,,,,,,2,,,,,,,,,,,," ",215201302,,
2,21,52,2,14,1,1091.848,"01",210,2,,3,3,3,3,3,3,3,0,,1,4,0,,2,1,2,2,2,4,4,2,1,0,2,,,3,2,,1,3,2,1,2,,,,,,,,,,,," ",215201402,,
2,21,52,2,15,1,1357.81097435897,"01",60,1,,3,3,1,3,1,1,3,0,,1,0,0,,2,2,3,2,2,2,2,2,1,0,1,,3,,,,1,2,3,1,4,,,,,,,,,,,," ",215201502,,
2,21,52,2,16,1,1091.848,"01",120,1,,3,3,3,3,3,3,3,0,,1,4,0,,2,1,2,1,3,1,4,5,1,0,4,6,,,,,1,6,0,1,4,,,,,,,,,,,," ",215201602,,
2,21,52,2,17,1,1357.81097435897,"02",90,1,,,,,,,,,0,,0,,0,,2,2,3,2,2,3,2,888,0,,,,,,,,,,,,5,,,,,,,,,,,," ",215201702,,
2,21,52,2,18,1,1357.81097435897,"04",120,1,,3,3,1,3,1,3,3,1,0,1,3,0,,888,2,888,888,2,888,4,888,1,0,2,,,4,3,,1,4,2,1,5,,,,,,,,,,,," ",215201802,,
2,21,53,2,1,1,1158.7450875,"01",120,2,,1,1,1,3,1,1,3,0,,1,4,0,,888,1,888,3,888,888,4,5,1,0,1,,2,,,,1,4,1,1,4,,,,,,,,,,,," ",215300102,,
2,21,53,2,2,1,1158.7450875,"01",120,2,,,,,,,,,1,888,0,,0,,1,1,1,1,1,1,1,1,0,,,,,,,,,,,,2,,,,,,,,,,,," ",215300202,,
2,21,53,2,3,1,1158.7450875,"02",90,2,,,,,,,,,0,,1,4,1,4,1,1,1,4,2,4,2,2,0,,,,,,,,,,,,6,,,,,,,,,,,," ",215300302,,
2,21,53,2,4,1,1158.7450875,"01",30,2,,,,,,,,,1,0,0,,0,,888,888,888,888,888,888,888,888,0,,,,,,,,,,,,4,,,,,,,,,,,," ",215300402,,
2,21,53,2,5,1,1158.7450875,"03",120,2,,,,,,,,,0,,1,4,1,4,2,1,1,5,2,4,2,1,1,0,2,,,3,2,,1,3,2,0,6,,,,,,,,,,,," ",215300502,,
2,21,53,2,6,1,1158.7450875,"02",120,2,,,,,,,,,0,,1,4,1,4,1,1,1,4,2,4,2,1,0,,,,,,,,,,,,5,,,,,,,,,,,," ",215300602,,
2,21,53,2,7,1,1158.7450875,"02",45,1,,3,3,1,3,1,3,3,0,,1,4,0,,2,1,3,4,1,888,4,3,1,0,2,,,3,2,,1,2,2,1,4,,,,,,,,,,,," ",215300702,,
2,21,53,2,8,1,1158.7450875,"02",60,2,,,,,,,,,1,888,0,,0,,2,2,2,2,2,2,2,2,0,,,,,,,,,,,,2,,,,,,,,,,,," ",215300802,,
2,21,53,2,9,1,1158.7450875,"02",120,2,,,,,,,,,0,,1,2,0,,888,1,888,888,2,888,5,3,1,0,2,,,3,2,,1,3,1,1,4,,,,,,,,,,,," ",215300902,,
2,21,53,2,10,1,1158.7450875,"03",90,2,,,,,,,,,0,,1,4,0,,1,1,1,5,2,4,2,1,1,0,1,,3,,,,1,4,2,1,5,,,,,,,,,,,," ",215301002,,
2,21,53,2,11,1,1018.677,"02",45,2,,3,3,3,3,3,3,3,0,,1,4,0,,1,2,3,2,1,3,2,1,1,0,2,,,4,3,,1,3,2,1,5,,,,,,,,,,,," ",215301102,,
2,21,53,2,12,1,1158.7450875,"02",120,2,,,,,,,,,0,,0,,0,,1,2,2,2,2,2,2,2,0,,,,,,,,,,,,2,,,,,,,,,,,," ",215301202,,
2,21,53,2,13,1,1158.7450875,"02",120,2,,,,,,,,,0,,1,4,0,,4,2,2,4,1,5,4,4,1,0,2,,,3,2,,1,3,1,1,2,,,,,,,,,,,," ",215301302,,
2,21,53,2,14,1,1018.677,"02",120,1,,2,2,2,3,2,2,2,0,,1,4,0,,888,1,888,888,2,888,5,5,1,0,1,,2,,,,1,3,1,1,2,,,,,,,,,,,," ",215301402,,
2,21,53,2,15,1,1018.677,"02",180,1,,3,3,3,3,3,3,3,0,,0,,0,,3,5,3,2,4,4,2,2,1,1,1,,2,,,,1,2,2,0,4,,,,,,,,,,,," ",215301502,,
2,21,53,2,16,1,1018.677,"02",120,1,,3,3,3,3,3,3,3,1,0,0,,0,,2,2,4,3,2,888,4,2,1,1,1,,2,,,,1,2,2,1,4,,,,,,,,,,,," ",215301602,,
2,21,53,2,17,1,1018.677,"02",480,2,,,,,,,,,0,,0,,0,,1,2,2,2,2,2,2,2,1,1,2,,,3,2,,1,5,2,1,3,,,,,,,,,,,," ",215301702,,
2,21,53,2,18,1,1018.677,"01",120,1,,,,,,,,,0,,0,,0,,888,2,888,2,2,888,4,888,0,,,,,,,,,,,,2,,,,,,,,,,,," ",215301802,,
2,21,54,2,1,1,429.702488636364,"01",100,2,,,,,,,,,1,4,0,,1,4,4,2,3,4,2,5,5,2,1,0,4,3,,,,,1,5,0,1,4,,,,,,,,,,,," ",215400102,,
2,21,54,2,2,1,429.702488636364,"02",120,2,,,,,,,,,1,0,1,4,1,4,2,2,4,4,2,3,4,3,0,,,,,,,,,,,,1,,,,,,,,,,,," ",215400202,,
2,21,54,2,3,1,429.702488636364,"02",180,2,,1,1,1,1,1,1,1,1,0,1,1,0,,1,1,2,5,2,1,5,2,1,0,2,,,3,2,,1,2,0,1,2,,,,,,,,,,,," ",215400302,,
2,21,54,2,4,1,429.702488636364,"02",180,2,,1,1,1,1,1,1,1,0,,1,4,0,,888,2,2,2,2,1,5,2,1,0,2,,,3,2,,1,2,1,0,2,,,,,,,,,,,," ",215400402,,
2,21,54,2,5,1,429.702488636364,"02",180,2,,,,,,,,,1,0,1,3,0,,2,2,2,2,2,2,2,2,0,,,,,,,,,,,,2,,,,,,,,,,,," ",215400502,,
2,21,54,2,6,1,429.702488636364,"02",180,2,,1,1,3,1,1,1,1,1,0,1,4,0,,4,2,2,4,2,2,5,5,1,0,2,,,3,2,,1,2,0,1,2,,,,,,,,,,,," ",215400602,,
2,21,54,2,7,1,429.702488636364,"03",120,2,,,,,,,,,0,,1,4,0,,3,2,3,4,2,3,5,3,1,0,2,,,3,2,,1,3,2,0,2,,,,,,,,,,,," ",215400702,,
2,21,54,2,8,1,429.702488636364,"01",120,2,,,,,,,,,0,,1,4,0,,3,2,3,4,3,3,5,3,1,0,2,,,3,2,,1,2,2,1,2,,,,,,,,,,,," ",215400802,,
2,21,54,2,10,1,429.702488636364,"02",180,1,,,,,,,,,1,0,0,,1,4,4,2,3,4,2,3,4,2,1,0,1,,3,,,,1,3,2,0,1,,,,,,,,,,,," ",215401002,,
2,21,54,2,11,1,995.1005,"01",120,2,,,,,,,,,0,,0,,0,,2,888,888,3,2,888,4,888,1,0,1,,2,,,,1,3,2,1,555,15,,,,,,,,,,," ",215401102,,
2,21,54,2,12,1,995.1005,"02",60,2,,,,,,,,,0,,0,,0,,888,2,2,888,2,2,4,888,1,0,1,,2,,,,1,3,2,1,4,,,,,,,,,,,," ",215401202,,
2,21,54,2,13,1,995.1005,"02",180,2,,,,,,,,,1,0,1,2,0,,2,2,2,2,2,2,2,2,0,,,,,,,,,,,,4,,,,,,,,,,,," ",215401302,,
2,21,54,2,14,1,995.1005,"05",180,2,,,,,,,,,1,0,1,3,0,,2,2,2,2,2,2,2,2,1,1,2,,,3,2,,1,3,2,1,1,,,,,,,,,,,," ",215401402,,
2,21,54,2,15,1,995.1005,"02",90,2,,,,,,,,,0,,1,4,0,,3,2,3,4,2,3,5,4,1,1,2,,,3,2,,1,3,2,0,2,,,,,,,,,,,," ",215401502,,
2,21,54,2,16,1,995.1005,"02",90,2,,,,,,,,,1,0,1,2,0,,2,2,2,2,2,2,2,2,0,,,,,,,,,,,,2,,,,,,,,,,,," ",215401602,,
2,21,54,2,17,1,995.1005,"02",60,2,,,,,,,,,0,,0,,0,,888,2,888,4,2,888,4,888,1,0,1,,2,,,,1,3,2,1,5,,,,,,,,,,,," ",215401702,,
2,21,54,2,18,1,429.702488636364,"01",120,2,,,,,,,,,0,,1,4,0,,3,4,3,3,4,3,5,3,0,,,,,,,,,,,,2,,,,,,,,,,,," ",215401802,,
2,21,54,2,21,1,995.1005,"02",60,2,,,,,,,,,0,,0,,0,,888,2,888,4,2,888,4,888,1,0,1,,2,,,,1,3,2,0,5,,,,,,,,,,,," ",215402102,,
2,21,55,2,1,1,1326.08,"02",120,2,,1,1,1,1,1,1,1,0,,0,,0,,4,4,3,3,3,3,4,3,1,0,1,,3,,,,1,3,3,1,4,,,,,,,,,,,," ",215500102,,
2,21,55,2,2,1,1326.08,"02",240,1,,1,1,1,3,1,1,3,0,,1,4,0,,888,2,888,888,2,888,4,888,1,0,1,,3,,,,1,3,1,1,5,,,,,,,,,,,," ",215500202,,
2,21,55,2,3,1,1326.08,"04",120,2,,,,,,,,,0,,1,4,1,4,1,1,1,4,2,4,4,1,0,,,,,,,,,,,,2,,,,,,,,,,,," ",215500302,,
2,21,55,2,4,1,1326.08,"02",180,2,,3,3,3,3,3,3,3,0,,1,4,0,,888,2,888,5,2,888,5,888,1,0,2,,,4,3,,1,4,2,1,5,,,,,,,,,,,," ",215500402,,
2,21,55,2,5,1,1326.08,"01",60,1,,,,,,,,,1,0,0,,0,,2,2,2,2,2,2,2,2,1,0,1,,4,,,,1,5,1,1,4,,,,,,,,,,,," ",215500502,,
2,21,55,2,6,1,1326.08,"02",120,2,,,,,,,,,0,,1,4,1,4,1,1,1,4,2,4,2,1,1,0,2,,,3,2,,1,3,2,0,1,,,,,,,,,,,," ",215500602,,
2,21,55,2,7,1,1326.08,"01",180,2,,,,,,,,,0,,0,,0,,2,4,888,2,2,4,2,3,1,0,1,,2,,,,1,2,2,1,4,,,,,,,,,,,," ",215500702,,
2,21,55,2,8,1,1326.08,"01",90,2,,,,,,,,,0,,1,888,0,,888,1,4,4,1,888,5,888,1,0,2,,,6,3,,1,6,2,0,5,,,,,,,,,,,," ",215500802,,
2,21,55,2,9,1,1326.08,"02",70,1,,3,3,3,3,3,3,3,1,0,1,4,0,,2,2,888,4,2,888,4,2,1,0,2,,,3,2,,1,5,2,1,2,,,,,,,,,,,," ",215500902,,
2,21,55,2,10,1,1326.08,"03",90,2,,,,,,,,,0,,1,4,1,4,1,1,888,4,2,4,2,2,0,,,,,,,,,,,,2,,,,,,,,,,,," ",215501002,,
2,21,55,2,11,1,1326.08,"02",180,2,,2,2,1,2,1,2,2,0,,0,,0,,2,2,888,2,2,2,4,888,1,0,1,,2,,,,1,3,3,1,4,,,,,,,,,,,," ",215501102,,
2,21,55,2,12,1,1326.08,"01",90,2,,2,2,2,3,2,2,3,0,,0,,0,,2,2,2,3,2,888,4,888,0,,,,,,,,,,,,6,,,,,,,,,,,," ",215501202,,
2,21,55,2,13,1,1326.08,"01",45,1,,,,,,,,,1,0,1,4,0,,1,1,4,2,2,888,4,3,0,,,,,,,,,,,,2,,,,,,,,,,,," ",215501302,,
2,21,55,2,14,1,1326.08,"02",120,2,,,,,,,,,0,,0,,0,,1,1,1,1,1,1,1,1,0,,,,,,,,,,,,2,,,,,,,,,,,," ",215501402,,
2,21,55,2,15,1,1326.08,"02",100,2,,3,3,1,3,1,3,3,0,,1,4,0,,2,2,3,2,4,4,5,2,1,0,2,,,3,3,,1,4,2,1,2,,,,,,,,,,,," ",215501502,,
2,21,55,2,16,1,1326.08,"02",120,1,,,,,,,,,1,0,1,4,0,,888,2,888,3,2,888,888,888,1,0,1,,2,,,,1,3,2,1,1,,,,,,,,,,,," ",215501602,,
2,21,55,2,17,1,1326.08,"02",70,1,,,,,,,,,0,,0,,0,,3,1,3,1,4,888,1,4,1,0,1,,3,,,,1,3,2,1,4,,,,,,,,,,,," ",215501702,,
2,21,55,2,18,1,1326.08,"02",120,2,,,,,,,,,1,0,0,,0,,2,2,2,2,2,2,2,2,1,0,1,,6,,,,1,6,4,0,4,,,,,,,,,,,," ",215501802,,
2,22,56,2,1,3,169.8456,"01",180,2,,3,3,3,3,3,3,3,1,0,1,3,1,0,3,2,2,2,2,2,5,4,1,0,2,,,4,3,,2,3,1,1,4,,,,,,,,,,,," ",225600102,,
2,22,56,2,2,3,169.8456,"01",120,2,,,,,,,,,0,,0,,0,,1,2,1,1,1,1,2,2,1,1,1,,4,,,,1,6,2,1,6,,,,,,,,,,,," ",225600202,,
2,22,56,2,3,3,20.9106391959799,"01",60,2,,,,,,,,,1,0,1,4,1,0,4,2,2,4,2,2,5,2,1,0,1,,2,,,,2,3,2,1,1,,,,,,,,,,,," ",225600302,,
2,22,56,2,4,3,169.8456,"02",300,2,,,,,,,,,1,0,1,4,1,0,3,1,2,4,1,2,4,5,1,1,1,,2,,,,1,3,2,1,4,,,,,,,,,,,," ",225600402,,
2,22,56,2,5,3,169.8456,"02",180,2,,,,,,,,,1,0,0,,0,,1,2,2,2,2,2,2,2,1,1,1,,4,,,,1,6,2,1,5,,,,,,,,,,,," ",225600502,,
2,22,56,2,6,3,169.8456,"01",120,1,,,,,,,,,0,,0,,1,0,1,1,1,1,2,2,1,1,1,1,1,,3,,,,1,6,2,1,5,,,,,,,,,,,," ",225600602,,
2,22,56,2,7,3,20.9106391959799,"01",180,2,,,,,,,,,0,,1,4,1,2,1,2,2,888,2,888,4,888,1,0,1,,3,,,,1,3,2,1,2,,,,,,,,,,,," ",225600702,,
2,22,56,2,8,3,169.8456,"01",45,2,,,,,,,,,0,,1,4,0,,2,2,888,888,2,888,4,888,0,,,,,,,,,,,,2,,,,,,,,,,,," ",225600802,,
2,22,56,2,9,3,20.9106391959799,"03",120,2,,,,,,,,,0,,0,,0,,3,888,888,888,888,888,888,888,0,,,,,,,,,,,,5,,,,,,,,,,,," ",225600902,,
2,22,56,2,10,3,169.8456,"02",120,1,,,,,,,,,1,0,1,4,1,0,888,2,888,4,2,888,4,888,1,0,2,,,3,2,,1,4,2,0,2,,,,,,,,,,,," ",225601002,,
2,22,56,2,11,3,169.8456,"05",180,2,,,,,,,,,0,,1,3,0,,888,2,888,4,2,888,5,888,0,,,,,,,,,,,,4,,,,,,,,,,,," ",225601102,,
2,22,56,2,12,3,169.8456,"03",120,1,,,,,,,,,0,,1,2,0,,888,1,888,5,2,3,5,888,1,1,2,,,3,2,,3,2,2,1,4,,,,,,,,,,,," ",225601202,,
2,22,56,2,13,3,169.8456,"02",90,2,,,,,,,,,0,,1,1,0,,888,1,3,4,1,888,5,888,1,0,1,,2,,,,3,2,1,1,4,,,,,,,,,,,," ",225601302,,
2,22,56,2,14,3,169.8456,"02",120,1,,,,,,,,,1,0,1,1,0,,4,2,888,888,2,4,4,888,1,0,2,,,3,2,,1,3,1,0,2,,,,,,,,,,,," ",225601402,,
2,22,56,2,15,3,169.8456,"02",180,1,,,,,,,,,1,0,1,4,0,,888,1,888,4,2,888,4,888,1,1,1,,3,,,,1,4,2,1,5,,,,,,,,,,,," ",225601502,,
2,22,56,2,16,3,169.8456,"02",240,2,,2,2,2,2,2,2,2,1,0,1,4,0,,4,2,888,4,2,4,5,888,1,1,2,,,3,2,,1,3,2,1,5,,,,,,,,,,,," ",225601602,,
2,22,56,2,17,3,20.9106391959799,"02",120,1,,,,,,,,,0,,0,,0,,3,2,2,2,2,2,2,2,0,,,,,,,,,,,,4,,,,,,,,,,,," ",225601702,,
2,22,56,2,18,3,169.8456,"01",120,1,,,,,,,,,0,,0,,0,,3,2,2,2,2,2,2,2,0,,,,,,,,,,,,4,,,,,,,,,,,," ",225601802,,
2,22,57,2,1,3,92.0452122916667,"02",120,2,,3,3,1,1,1,3,1,1,0,1,4,0,,888,2,888,3,5,888,5,888,1,0,2,,,3,2,,1,2,0,1,2,,,,,,,,,,,," ",225700102,,
2,22,57,2,2,3,92.0452122916667,"02",120,2,,,,,,,,,1,888,1,4,1,3,4,2,3,4,1,3,5,4,0,,,,,,,,,,,,5,,,,,,,,,,,," ",225700202,,
2,22,57,2,3,3,92.0452122916667,"01",60,2,,1,1,1,2,2,1,1,1,1,1,1,0,,2,2,2,4,2,2,2,2,1,0,1,,4,,,,1,4,3,1,4,,,,,,,,,,,," ",225700302,,
2,22,57,2,4,3,92.0452122916667,"02",60,2,,,,,,,,,0,,0,,0,,3,2,2,2,2,2,2,2,0,,,,,,,,,,,,2,,,,,,,,,,,," ",225700402,,
2,22,57,2,5,3,92.0452122916667,"02",60,1,,,,,,,,,0,,1,4,0,,2,1,3,3,1,3,2,3,1,0,2,,,3,2,,1,3,1,1,5,,,,,,,,,,,," ",225700502,,
2,22,57,2,6,3,92.0452122916667,"02",60,2,,,,,,,,,1,0,1,4,1,0,888,888,888,888,4,888,5,888,0,,,,,,,,,,,,2,,,,,,,,,,,," ",225700602,,
2,22,57,2,7,3,92.0452122916667,"02",120,2,,,,,,,,,0,,0,,0,,888,2,888,888,2,3,5,888,0,,,,,,,,,,,,2,,,,,,,,,,,," ",225700702,,
2,22,57,2,8,3,92.0452122916667,"02",60,2,,,,,,,,,0,,0,,0,,4,2,2,2,3,2,2,2,0,,,,,,,,,,,,1,,,,,,,,,,,," ",225700802,,
2,22,57,2,9,3,92.0452122916667,"02",60,2,,,,,,,,,0,,0,,0,,3,2,2,2,2,2,2,2,0,,,,,,,,,,,,1,,,,,,,,,,,," ",225700902,,
2,22,57,2,10,3,33.72649,"02",60,1,,3,3,3,5,3,5,5,1,888,1,3,0,,4,2,2,4,1,2,5,4,1,1,1,,4,,,,1,5,1,1,5,,,,,,,,,,,," ",225701002,,
2,22,57,2,11,3,33.72649,"02",120,1,,,,,,,,,0,,1,3,0,,2,1,888,4,4,888,5,888,1,1,1,,3,,,,1,2,2,1,2,,,,,,,,,,,," ",225701102,,
2,22,57,2,12,3,33.72649,"02",90,2,,,,,,,,,1,0,1,0,1,0,888,2,2,5,3,2,5,4,1,1,2,,,3,2,,1,3,1,1,4,,,,,,,,,,,," ",225701202,,
2,22,57,2,13,3,33.72649,"02",120,2,,,,,,,,,1,3,1,1,0,,2,2,4,4,2,4,2,2,1,0,1,,3,,,,1,4,3,1,5,,,,,,,,,,,," ",225701302,,
2,22,57,2,14,3,33.72649,"02",120,2,,,,,,,,,1,0,1,0,1,0,2,2,4,2,2,2,4,2,1,0,1,,3,,,,1,4,2,1,4,,,,,,,,,,,," ",225701402,,
2,22,57,2,15,3,33.72649,"02",360,1,,3,3,3,3,3,3,3,1,0,1,0,1,0,4,2,2,4,2,4,1,5,1,1,2,,,3,2,,2,3,2,1,4,,,,,,,,,,,," ",225701502,,
2,22,57,2,16,3,33.72649,"01",90,2,,,,,,,,,0,,1,2,0,,4,1,888,2,2,3,5,888,1,1,2,,,3,2,,1,2,2,1,555,8,,,,,,,,,,," ",225701602,,
2,22,57,2,17,3,33.72649,"02",90,2,,,,,,,,,1,0,1,3,1,3,3,2,2,5,2,888,5,5,1,1,2,,,3,2,,2,3,1,1,4,,,,,,,,,,,," ",225701702,,
2,22,57,2,18,3,33.72649,"01",60,2,,,,,,,,,0,,1,4,0,,2,1,888,5,4,888,5,888,1,0,2,,,4,2,,1,2,2,1,555,8,,,,,,,,,,," ",225701802,,
2,22,58,2,1,1,837.580654350997,"01",60,2,,,,,,,,,0,,0,,0,,3,2,2,2,2,2,2,2,0,,,,,,,,,,,,1,,,,,,,,,,,," ",225800102,,
2,22,58,2,2,1,837.580654350997,"01",90,2,,,,,,,,,1,3,1,2,0,,2,2,888,2,2,888,888,888,1,0,1,,3,,,,1,3,2,1,4,,,,,,,,,,,," ",225800202,,
2,22,58,2,3,1,837.580654350997,"03",60,2,,,,,,,,,0,,0,,0,,4,2,2,2,2,2,2,2,0,,,,,,,,,,,,1,,,,,,,,,,,," ",225800302,,
2,22,58,2,4,1,837.580654350997,"01",120,2,,,,,,,,,1,3,1,3,0,,2,2,2,4,2,2,2,2,1,0,1,,4,,,,1,4,3,1,5,,,,,,,,,,,," ",225800402,,
2,22,58,2,5,1,837.580654350997,"01",120,2,,2,2,2,2,2,2,2,0,,1,3,0,,5,4,1,888,1,4,5,888,1,1,1,,4,,,,1,3,1,1,2,,,,,,,,,,,," ",225800502,,
2,22,58,2,6,1,837.580654350997,"02",50,2,,3,3,3,3,3,3,3,1,0,1,3,0,,2,2,888,4,1,888,5,3,0,,,,,,,,,,,,5,,,,,,,,,,,," ",225800602,,
2,22,58,2,7,1,2511.521,"01",60,1,,,,,,,,,0,,0,,0,,4,2,2,2,2,2,2,2,0,,,,,,,,,,,,1,,,,,,,,,,,," ",225800702,,
2,22,58,2,8,1,2511.521,"01",40,2,,,,,,,,,1,3,1,4,0,,2,2,2,888,1,888,2,888,1,0,2,,,2,2,,1,3,1,1,5,,,,,,,,,,,," ",225800802,,
2,22,58,2,9,1,837.580654350997,"02",90,2,,,,,,,,,0,,1,4,0,,2,1,888,5,2,888,5,888,0,,,,,,,,,,,,555,8,,,,,,,,,,," ",225800902,,
2,22,58,2,10,1,837.580654350997,"02",120,1,,3,3,1,3,3,3,3,0,,1,2,0,,2,1,888,5,2,888,4,888,1,0,1,,3,,,,1,2,1,1,555,8,,,,,,,,,,," ",225801002,,
2,22,58,2,11,1,837.580654350997,"01",120,2,,,,,,,,,1,1,1,4,0,,1,2,888,4,2,888,5,888,0,,,,,,,,,,,,555,8,,,,,,,,,,," ",225801102,,
2,22,58,2,12,1,837.580654350997,"02",180,2,,1,1,1,1,1,1,3,1,888,1,3,0,,2,2,3,4,2,2,4,3,1,0,2,,,3,2,,1,4,1,1,5,,,,,,,,,,,," ",225801202,,
2,22,58,2,13,1,2511.521,"01",60,1,,,,,,,,,1,2,1,1,0,,2,2,2,5,2,2,2,2,1,1,1,,4,,,,1,4,3,1,6,,,,,,,,,,,," ",225801302,,
2,22,58,2,14,1,2511.521,"02",240,2,,3,3,3,3,3,3,3,1,0,1,0,1,0,3,2,2,2,2,2,5,5,1,1,2,,,3,2,,1,3,2,1,4,,,,,,,,,,,," ",225801402,,
2,22,58,2,15,1,2511.521,"02",60,1,,,,,,,,,0,,1,4,1,4,2,1,3,4,1,2,4,2,1,1,1,,3,,,,1,3,2,1,5,,,,,,,,,,,," ",225801502,,
2,22,58,2,16,1,2511.521,"02",90,2,,,,,,,,,1,0,1,2,1,0,3,2,888,5,2,2,2,5,1,1,2,,,3,2,,1,4,2,1,5,,,,,,,,,,,," ",225801602,,
2,22,58,2,17,1,2511.521,"02",60,2,,,,,,,,,1,0,0,,0,,1,1,2,4,2,2,4,4,1,1,1,,4,,,,1,3,1,1,5,,,,,,,,,,,," ",225801702,,
2,22,58,2,18,1,837.580654350997,"02",60,2,,,,,,,,,0,,1,3,0,,2,3,2,3,2,2,4,3,1,0,2,,,3,2,,1,3,2,1,6,,,,,,,,,,,," ",225801802,,
2,22,59,2,1,3,90.6259082417582,"02",240,1,,,,,,,,,1,0,0,,0,,4,2,2,4,2,888,5,888,0,,,,,,,,,,,,5,,,,,,,,,,,," ",225900102,,
2,22,59,2,2,3,90.6259082417582,"01",120,2,,,,,,,,,0,,1,4,0,,888,2,888,5,2,888,4,888,1,0,2,,,4,3,,3,2,2,1,2,,,,,,,,,,,," ",225900202,,
2,22,59,2,3,3,90.6259082417582,"06",180,1,,,,,,,,,0,,1,1,0,,888,1,888,4,1,3,5,3,1,0,1,,3,,,,3,2,1,1,2,,,,,,,,,,,," ",225900302,,
2,22,59,2,4,3,90.6259082417582,"01",60,2,,,,,,,,,1,0,1,4,0,,2,2,4,5,2,4,5,888,1,0,2,,,3,2,,2,3,2,0,5,,,,,,,,,,,," ",225900402,,
2,22,59,2,5,3,90.6259082417582,"02",360,2,,3,1,1,1,1,1,1,1,4,1,3,0,,2,1,3,4,2,888,5,888,1,0,2,,,3,2,,1,3,1,1,5,,,,,,,,,,,," ",225900502,,
2,22,59,2,6,3,90.6259082417582,"02",60,2,,,,,,,,,0,,0,,0,,3,888,888,888,888,888,888,888,0,,,,,,,,,,,,4,,,,,,,,,,,," ",225900602,,
2,22,59,2,7,3,90.6259082417582,"02",180,2,,3,3,3,3,3,3,3,1,0,1,4,1,0,4,2,2,4,2,2,5,5,1,0,2,,,2,2,,1,3,0,1,4,,,,,,,,,,,," ",225900702,,
2,22,59,2,8,3,90.6259082417582,"02",60,2,,,,,,,,,0,,0,,0,,3,2,2,2,2,2,2,2,0,,,,,,,,,,,,3,,,,,,,,,,,," ",225900802,,
2,22,59,2,9,3,90.6259082417582,"02",60,1,,,,,,,,,0,,0,,0,,3,888,888,888,888,888,888,888,0,,,,,,,,,,,,4,,,,,,,,,,,," ",225900902,,
2,22,59,2,10,3,90.6259082417582,"02",240,2,,3,3,3,3,3,3,3,1,0,1,4,1,0,888,2,2,4,2,2,5,4,1,1,2,,,3,2,,1,2,1,1,4,,,,,,,,,,,," ",225901002,,
2,22,59,2,11,3,90.6259082417582,"01",60,1,,,,,,,,,0,,0,,0,,3,2,2,2,2,2,2,2,0,,,,,,,,,,,,4,,,,,,,,,,,," ",225901102,,
2,22,59,2,12,3,16.01351,"01",90,1,,,,,,,,,0,,1,3,1,3,1,2,3,4,2,2,4,888,1,0,1,,3,,,,1,3,1,1,5,,,,,,,,,,,," ",225901202,,
2,22,59,2,13,3,16.01351,"01",240,1,,,,,,,,,0,,1,4,0,,1,2,2,4,2,2,4,4,0,,,,,,,,,,,,5,,,,,,,,,,,," ",225901302,,
2,22,59,2,14,3,16.01351,"02",230,1,,,,,,,,,0,,1,4,0,,2,2,2,3,2,2,4,3,1,0,1,,3,,,,1,3,2,1,5,,,,,,,,,,,," ",225901402,,
2,22,59,2,15,3,16.01351,"02",120,1,,,,,,,,,1,3,1,1,0,,2,888,888,888,888,888,888,888,1,0,1,,2,,,,1,2,2,1,5,,,,,,,,,,,," ",225901502,,
2,22,59,2,16,3,90.6259082417582,"02",120,2,,,,,,,,,1,3,1,1,0,,2,888,888,888,888,888,888,888,1,0,1,,3,,,,1,3,2,1,4,,,,,,,,,,,," ",225901602,,
2,22,59,2,17,3,16.01351,"02",120,1,,,,,,,,,1,2,1,1,0,,2,2,2,4,4,888,888,888,1,0,1,,3,,,,1,3,2,1,4,,,,,,,,,,,," ",225901702,,
2,22,59,2,18,3,90.6259082417582,"01",60,2,,,,,,,,,0,,1,4,0,,888,888,3,5,2,888,5,3,0,,,,,,,,,,,,2,,,,,,,,,,,," ",225901802,,
2,22,60,2,1,3,41.5805368421053,"01",60,2,,,,,,,,,1,0,1,0,0,,2,2,2,2,2,2,2,2,0,0,1,,5,,,,1,6,1,1,4,,,,,,,,,,,," ",226000102,,
2,22,60,2,2,3,41.5805368421053,"01",80,2,,1,1,1,1,1,1,1,0,,1,0,1,0,1,2,2,1,1,2,1,2,1,0,4,6,,,,,1,6,1,1,5,,,,,,,,,,,," ",226000202,,
2,22,60,2,3,3,131.6717,"02",240,2,,,,,,,,,1,0,0,,1,0,2,2,4,4,4,4,4,4,1,1,2,,,6,5,,1,6,2,0,6,,,,,,,,,,,," ",226000302,,
2,22,60,2,4,3,41.5805368421053,"01",240,2,,1,1,1,3,1,3,3,1,0,1,4,1,0,3,888,3,4,2,2,5,2,1,0,2,,,3,2,,2,3,2,1,4,,,,,,,,,,,," ",226000402,,
2,22,60,2,5,3,41.5805368421053,"02",120,2,,3,3,1,3,1,3,1,0,,1,3,0,,888,2,888,4,2,888,5,888,1,0,1,,2,,,,1,6,1,1,2,,,,,,,,,,,," ",226000502,,
2,22,60,2,6,3,41.5805368421053,"02",90,2,,,,,,,,,0,,1,1,0,,888,2,888,2,4,888,5,888,1,0,2,,,3,2,,3,2,1,1,4,,,,,,,,,,,," ",226000602,,
2,22,60,2,7,3,131.6717,"01",90,2,,,,,,,,,0,,1,2,0,,888,2,888,5,2,888,5,888,1,1,2,,,3,2,,3,2,1,1,4,,,,,,,,,,,," ",226000702,,
2,22,60,2,8,3,41.5805368421053,"02",120,2,,,,,,,,,0,,0,,0,,3,888,888,888,888,888,888,888,0,,,,,,,,,,,,4,,,,,,,,,,,," ",226000802,,
2,22,60,2,9,3,131.6717,"02",120,1,,,,,,,,,0,,1,0,0,,888,888,888,888,888,888,888,888,0,,,,,,,,,,,,5,,,,,,,,,,,," ",226000902,,
2,22,60,2,10,3,131.6717,"02",120,2,,3,3,3,3,3,3,3,0,,0,,0,,3,2,2,2,2,2,2,2,0,,,,,,,,,,,,4,,,,,,,,,,,," ",226001002,,
2,22,60,2,11,3,131.6717,"01",180,2,,,,,,,,,1,0,1,4,0,,888,3,2,2,2,2,2,2,1,0,2,,,3,2,,1,3,1,1,2,,,,,,,,,,,," ",226001102,,
2,22,60,2,12,3,41.5805368421053,"02",240,2,,,,,,,,,1,4,1,4,1,0,4,2,2,2,2,2,5,5,1,0,2,,,3,2,,1,3,1,1,4,,,,,,,,,,,," ",226001202,,
2,22,60,2,13,3,41.5805368421053,"01",240,2,,3,3,3,3,3,2,3,0,,1,4,0,,888,2,2,3,2,2,4,888,1,0,1,,3,,,,1,3,2,1,2,,,,,,,,,,,," ",226001302,,
2,22,60,2,14,3,131.6717,"02",180,1,,2,2,2,2,2,2,2,1,3,1,4,0,,2,2,888,4,2,888,5,888,1,1,2,,,4,3,,2,3,2,1,4,,,,,,,,,,,," ",226001402,,
2,22,60,2,15,3,131.6717,"02",90,1,,3,3,3,3,3,3,3,1,0,1,4,0,,4,2,888,2,2,888,2,888,1,0,2,,,3,2,,1,3,1,1,2,,,,,,,,,,,," ",226001502,,
2,22,60,2,16,3,131.6717,"01",120,1,,3,3,3,3,3,3,3,1,4,1,4,0,,4,2,2,4,1,4,4,4,1,1,2,,,4,3,,1,4,2,0,4,,,,,,,,,,,," ",226001602,,
2,22,60,2,17,3,41.5805368421053,"02",120,1,,2,2,2,2,2,2,3,0,,1,3,0,,888,2,2,3,2,888,2,888,1,0,1,,3,,,,1,3,2,1,2,,,,,,,,,,,," ",226001702,,
2,22,60,2,18,3,131.6717,"01",200,1,,2,2,2,2,2,2,3,0,,1,3,0,,888,2,2,888,2,2,3,888,1,0,1,,3,,,,1,3,2,0,2,,,,,,,,,,,," ",226001802,,
2,22,61,2,1,3,32.6064994871795,"02",90,1,,,,,,,,,1,0,1,4,0,,4,2,2,5,1,888,4,888,1,0,1,,2,,,,2,3,2,0,5,,,,,,,,,,,," ",226100102,,
2,22,61,2,2,3,32.6064994871795,"02",60,2,,,,,,,,,0,,0,,0,,3,2,2,2,2,2,2,2,0,,,,,,,,,,,,4,,,,,,,,,,,," ",226100202,,
2,22,61,2,3,3,32.6064994871795,"02",120,1,,,,,,,,,1,0,1,4,1,0,2,2,2,5,1,4,5,4,0,,,,,,,,,,,,5,,,,,,,,,,,," ",226100302,,
2,22,61,2,4,3,32.6064994871795,"02",180,1,,,,,,,,,0,,1,1,0,,888,2,3,4,4,888,5,888,0,,,,,,,,,,,,4,,,,,,,,,,,," ",226100402,,
2,22,61,2,5,3,32.6064994871795,"02",120,1,,1,1,1,3,1,3,3,0,,1,3,0,,2,2,3,888,2,2,4,5,1,0,1,,3,,,,1,4,1,0,2,,,,,,,,,,,," ",226100502,,
2,22,61,2,6,3,32.6064994871795,"01",90,1,,1,3,1,3,1,3,3,0,,1,4,1,2,888,2,2,2,1,2,4,888,1,0,1,,3,,,,1,3,1,0,2,,,,,,,,,,,," ",226100602,,
2,22,61,2,7,3,32.6064994871795,"02",50,2,,,,,,,,,0,,0,,0,,3,2,2,2,2,2,2,2,0,,,,,,,,,,,,6,,,,,,,,,,,," ",226100702,,
2,22,61,2,8,3,32.6064994871795,"01",120,1,,1,1,1,3,1,3,3,0,,1,2,1,2,2,2,2,4,1,2,5,888,1,0,1,,2,,,,1,3,2,0,2,,,,,,,,,,,," ",226100802,,
2,22,61,2,9,3,32.6064994871795,"03",60,1,,,,,,,,,0,,0,,0,,888,888,888,888,888,888,888,888,0,,,,,,,,,,,,5,,,,,,,,,,,," ",226100902,,
2,22,61,2,10,3,102.5527,"02",180,1,,2,2,2,2,2,2,2,0,,1,2,0,,4,2,2,2,4,5,5,888,1,1,1,,3,,,,3,2,2,1,2,,,,,,,,,,,," ",226101002,,
2,22,61,2,11,3,102.5527,"02",120,1,,,,,,,,,0,,1,2,0,,888,2,1,2,2,5,4,888,0,,,,,,,,,,,,3,,,,,,,,,,,," ",226101102,,
2,22,61,2,12,3,102.5527,"02",120,1,,,,,,,,,0,,0,,0,,2,2,2,4,4,2,4,2,1,0,1,,3,,,,1,3,2,1,5,,,,,,,,,,,," ",226101202,,
2,22,61,2,13,3,102.5527,"01",120,1,,,,,,,,,1,1,1,1,0,,2,2,2,2,2,888,888,2,1,0,1,,3,,,,1,3,2,1,4,,,,,,,,,,,," ",226101302,,
2,22,61,2,14,3,32.6064994871795,"02",240,1,,,,,,,,,1,0,1,4,0,,5,2,2,4,1,888,2,4,1,0,1,,2,,,,2,3,2,0,5,,,,,,,,,,,," ",226101402,,
2,22,61,2,15,3,102.5527,"02",120,1,,,,,,,,,1,3,1,1,0,,2,2,2,4,5,2,5,3,1,1,1,,3,,,,1,3,2,1,4,,,,,,,,,,,," ",226101502,,
2,22,61,2,16,3,102.5527,"02",90,2,,3,3,3,3,3,3,3,1,0,1,4,1,0,4,2,888,1,2,2,5,4,1,0,2,,,2,2,,1,3,2,1,4,,,,,,,,,,,," ",226101602,,
2,22,61,2,17,3,102.5527,"01",240,2,,3,3,3,3,3,3,3,1,0,1,4,1,0,4,2,2,4,2,2,5,1,1,0,2,,,3,2,,1,3,1,1,3,,,,,,,,,,,," ",226101702,,
2,22,61,2,18,3,102.5527,"02",240,1,,3,3,3,3,3,3,3,1,0,1,3,1,0,4,2,2,2,2,2,5,5,1,0,2,,,3,2,,1,3,2,1,8,,,,,,,,,,,," ",226101802,,
2,22,62,2,1,3,107.9633,"02",180,2,,3,3,3,3,3,3,3,1,0,1,888,1,0,3,2,2,4,2,2,4,5,1,1,1,,2,,,,2,3,1,1,5,,,,,,,,,,,," ",226200102,,
2,22,62,2,2,3,40.3062986666667,"02",60,2,,1,1,1,3,3,1,3,1,0,1,4,1,0,888,2,2,4,2,2,4,888,1,0,1,,2,,,,2,3,1,1,4,,,,,,,,,,,," ",226200202,,
2,22,62,2,3,3,107.9633,"02",120,2,,3,3,3,3,3,3,3,1,0,1,4,1,0,4,2,2,4,2,2,5,5,1,1,2,,,2,2,,2,3,2,1,4,,,,,,,,,,,," ",226200302,,
2,22,62,2,4,3,40.3062986666667,"02",90,2,,,,,,,,,0,,1,2,0,,888,1,888,5,2,888,4,3,0,,,,,,,,,,,,6,,,,,,,,,,,," ",226200402,,
2,22,62,2,5,3,40.3062986666667,"02",120,2,,,,,,,,,0,,1,4,0,,888,2,888,5,2,888,5,888,1,0,1,,3,,,,1,2,2,1,4,,,,,,,,,,,," ",226200502,,
2,22,62,2,6,3,40.3062986666667,"03",90,2,,3,3,1,3,1,3,1,0,,1,4,0,,888,2,888,5,4,888,5,888,1,0,2,,,3,2,,1,3,1,1,6,,,,,,,,,,,," ",226200602,,
2,22,62,2,7,3,40.3062986666667,"02",90,1,,,,,,,,,1,0,1,4,0,,2,2,888,4,2,888,2,888,1,0,2,,,3,2,,4,4,1,1,2,,,,,,,,,,,," ",226200702,,
2,22,62,2,8,3,40.3062986666667,"02",120,2,,1,1,1,1,1,1,3,1,3,1,4,1,2,4,2,2,2,2,2,4,4,1,0,1,,2,,,,1,3,2,1,2,,,,,,,,,,,," ",226200802,,
2,22,62,2,9,3,40.3062986666667,"01",120,1,,3,3,1,3,1,3,3,0,,1,4,0,,2,1,2,888,2,2,4,4,1,0,1,,3,,,,1,3,1,1,2,,,,,,,,,,,," ",226200902,,
2,22,62,2,10,3,107.9633,"01",90,1,,3,3,3,3,3,3,3,0,,1,4,0,,1,2,2,4,2,2,4,4,1,1,2,,,3,2,,1,3,2,0,2,,,,,,,,,,,," ",226201002,,
2,22,62,2,11,3,107.9633,"02",120,1,,,,,,,,,1,0,1,4,0,,2,1,888,4,1,888,5,4,1,1,1,,2,,,,1,3,2,0,2,,,,,,,,,,,," ",226201102,,
2,22,62,2,12,3,40.3062986666667,"01",60,1,,,,,,,,,0,,1,4,0,,2,1,888,888,2,888,5,888,1,0,2,,,3,2,,1,2,1,0,5,,,,,,,,,,,," ",226201202,,
2,22,62,2,13,3,107.9633,"02",120,1,,,,,,,,,1,1,1,2,0,,2,2,2,2,2,5,888,888,1,1,1,,2,,,,1,2,2,1,5,,,,,,,,,,,," ",226201302,,
2,22,62,2,14,3,107.9633,"02",60,1,,,,,,,,,1,1,1,1,1,0,2,2,2,2,4,4,2,2,0,,,,,,,,,,,,4,,,,,,,,,,,," ",226201402,,
2,22,62,2,15,3,40.3062986666667,"01",120,2,,,,,,,,,1,1,1,1,0,,2,2,2,2,2,2,4,888,1,0,1,,2,,,,1,2,2,1,5,,,,,,,,,,,," ",226201502,,
2,22,62,2,16,3,40.3062986666667,"02",60,1,,,,,,,,,0,,0,,0,,3,2,2,2,2,2,2,2,0,,,,,,,,,,,,4,,,,,,,,,,,," ",226201602,,
2,22,62,2,17,3,107.9633,"03",50,2,,,,,,,,,0,,0,,0,,2,2,2,2,2,2,2,2,0,,,,,,,,,,,,4,,,,,,,,,,,," ",226201702,,
2,22,62,2,18,3,107.9633,"03",60,1,,,,,,,,,0,,0,,0,,3,2,2,2,2,3,2,2,0,,,,,,,,,,,,1,,,,,,,,,,,," ",226201802,,
2,22,63,2,1,3,71.2982583974359,"02",60,2,,,,,,,,,1,2,1,3,0,,2,2,2,2,2,5,2,2,1,0,1,,3,,,,1,3,2,1,4,,,,,,,,,,,," ",226300102,,
2,22,63,2,2,3,71.2982583974359,"01",90,2,,,,,,,,,0,,1,2,0,,888,1,888,4,2,888,5,3,1,0,1,,2,,,,1,2,1,1,5,,,,,,,,,,,," ",226300202,,
2,22,63,2,3,3,71.2982583974359,"02",120,1,,1,1,1,1,1,1,1,1,0,1,0,0,,2,1,888,5,2,888,2,888,1,0,2,,,3,2,,1,3,2,0,2,,,,,,,,,,,," ",226300302,,
2,22,63,2,4,3,71.2982583974359,"03",60,2,,,,,,,,,0,,0,,0,,3,2,2,2,2,2,2,2,0,,,,,,,,,,,,1,,,,,,,,,,,," ",226300402,,
2,22,63,2,5,3,71.2982583974359,"02",60,2,,,,,,,,,0,,0,,0,,3,2,2,2,2,4,2,2,0,,,,,,,,,,,,5,,,,,,,,,,,," ",226300502,,
2,22,63,2,6,3,71.2982583974359,"01",60,2,,,,,,,,,0,,0,,0,,3,2,2,2,2,2,2,2,0,,,,,,,,,,,,1,,,,,,,,,,,," ",226300602,,
2,22,63,2,7,3,71.2982583974359,"01",120,2,,,,,,,,,1,1,1,2,0,,2,2,2,4,2,4,4,4,1,0,1,,3,,,,1,3,2,1,4,,,,,,,,,,,," ",226300702,,
2,22,63,2,8,3,71.2982583974359,"02",120,2,,1,1,1,1,1,1,3,0,,1,3,0,,2,888,888,3,2,888,3,888,1,0,1,,2,,,,1,3,2,1,2,,,,,,,,,,,," ",226300802,,
2,22,63,2,9,3,71.2982583974359,"02",360,1,,3,3,1,3,3,3,3,0,,1,3,0,,2,2,888,888,2,2,4,3,1,0,2,,,5,2,,1,4,2,1,2,,,,,,,,,,,," ",226300902,,
2,22,63,2,10,3,71.2982583974359,"01",120,2,,1,1,1,3,1,3,3,0,,1,4,0,,2,2,2,888,2,3,2,888,1,0,2,,,3,2,,1,2,1,0,2,,,,,,,,,,,," ",226301002,,
2,22,63,2,11,3,71.2982583974359,"01",120,1,,,,,,,,,1,0,0,,0,,888,2,888,4,2,4,5,3,1,0,2,,,3,2,,1,3,2,0,2,,,,,,,,,,,," ",226301102,,
2,22,63,2,12,3,6.823637,"02",180,1,,3,3,3,3,3,3,3,1,0,1,4,1,0,3,2,2,5,2,2,5,5,1,0,2,,,3,2,,1,3,2,1,4,,,,,,,,,,,," ",226301202,,
2,22,63,2,13,3,71.2982583974359,"02",60,2,,3,3,3,3,3,3,3,1,0,1,4,0,,888,2,2,2,1,4,4,4,1,0,2,,,3,2,,1,3,2,0,2,,,,,,,,,,,," ",226301302,,
2,22,63,2,14,3,6.823637,"02",240,2,,3,3,3,3,3,3,3,1,0,1,4,1,0,3,2,2,4,2,2,5,2,1,0,2,,,3,3,,1,3,1,1,5,,,,,,,,,,,," ",226301402,,
2,22,63,2,15,3,6.823637,"01",120,1,,,,,,,,,0,,1,4,0,,3,2,888,4,4,888,5,888,0,,,,,,,,,,,,4,,,,,,,,,,,," ",226301502,,
2,22,63,2,16,3,71.2982583974359,"01",120,2,,,,,,,,,1,2,1,1,0,,2,2,2,2,4,4,4,888,1,0,1,,2,,,,1,2,2,1,5,,,,,,,,,,,," ",226301602,,
2,22,63,2,17,3,6.823637,"02",180,1,,3,3,3,3,3,3,3,1,0,1,2,1,0,4,2,2,4,2,2,5,4,1,0,2,,,3,2,,1,3,2,1,4,,,,,,,,,,,," ",226301702,,
2,22,63,2,18,3,6.823637,"01",90,2,,,,,,,,,0,,1,4,0,,888,2,888,4,4,888,5,888,1,0,2,,,3,2,,1,2,2,1,3,,,,,,,,,,,," ",226301802,,
2,22,64,2,1,3,72.7535783606557,"01",40,1,,,,,,,,,1,0,1,3,0,,4,2,888,4,1,4,4,4,1,0,2,,,2,2,,2,3,2,0,2,,,,,,,,,,,," ",226400102,,
2,22,64,2,2,3,72.7535783606557,"01",130,1,,2,2,2,2,2,2,3,1,0,1,4,0,,2,2,888,4,2,888,2,888,1,0,2,,,3,2,,1,3,2,0,2,,,,,,,,,,,," ",226400202,,
2,22,64,2,3,3,72.7535783606557,"02",180,1,,,,,,,,,0,,1,4,0,,888,2,888,888,888,888,3,3,1,0,1,,2,,,,1,3,1,1,2,,,,,,,,,,,," ",226400302,,
2,22,64,2,4,3,72.7535783606557,"02",120,2,,,,,,,,,1,0,1,4,1,0,3,1,1,2,2,2,5,4,1,0,1,,2,,,,2,3,2,1,1,,,,,,,,,,,," ",226400402,,
2,22,64,2,5,3,54.92535,"02",120,1,,,,,,,,,0,,0,,0,,888,2,2,2,2,2,2,2,0,,,,,,,,,,,,5,,,,,,,,,,,," ",226400502,,
2,22,64,2,6,3,72.7535783606557,"01",120,2,,,,,,,,,0,,0,,0,,3,2,2,2,2,2,2,2,0,,,,,,,,,,,,2,,,,,,,,,,,," ",226400602,,
2,22,64,2,7,3,72.7535783606557,"01",90,2,,,,,,,,,0,,1,2,0,,888,1,888,4,2,888,5,3,1,0,2,,,3,2,,2,4,2,1,6,,,,,,,,,,,," ",226400702,,
2,22,64,2,8,3,72.7535783606557,"01",90,2,,,,,,,,,0,,1,4,0,,888,2,888,4,1,888,5,3,1,0,2,,,4,2,,1,2,1,1,2,,,,,,,,,,,," ",226400802,,
2,22,64,2,9,3,72.7535783606557,"01",120,2,,,,,,,,,0,,0,,0,,888,888,888,888,888,888,888,888,0,,,,,,,,,,,,4,,,,,,,,,,,," ",226400902,,
2,22,64,2,10,3,72.7535783606557,"02",120,1,,,,,,,,,1,0,1,4,0,,888,2,888,4,1,888,4,888,1,0,2,,,3,2,,2,3,2,0,2,,,,,,,,,,,," ",226401002,,
2,22,64,2,11,3,54.92535,"02",360,1,,3,3,3,3,3,3,3,0,,1,4,0,,1,2,2,2,2,2,4,2,1,0,2,,,3,2,,1,2,1,1,2,,,,,,,,,,,," ",226401102,,
2,22,64,2,12,3,72.7535783606557,"02",120,2,,1,1,1,1,3,1,3,1,0,1,4,1,0,3,2,2,4,2,2,5,5,1,0,1,,2,,,,1,3,1,1,2,,,,,,,,,,,," ",226401202,,
2,22,64,2,13,3,54.92535,"02",240,1,,2,2,2,3,2,3,3,0,,1,4,0,,888,2,2,888,2,2,4,888,1,0,1,,3,,,,1,3,1,1,2,,,,,,,,,,,," ",226401302,,
2,22,64,2,14,3,54.92535,"01",120,2,,3,3,3,3,3,3,3,1,0,1,4,1,0,3,2,2,5,2,2,5,4,1,0,2,,,3,2,,2,3,2,1,4,,,,,,,,,,,," ",226401402,,
2,22,64,2,15,3,54.92535,"01",120,2,,3,3,3,3,3,3,3,0,,1,4,0,,888,1,888,4,2,888,5,3,1,0,1,,3,,,,3,2,1,1,2,,,,,,,,,,,," ",226401502,,
2,22,64,2,16,3,54.92535,"01",200,2,,2,2,2,2,2,2,2,1,0,0,,0,,2,2,2,2,2,2,2,2,1,1,1,,5,,,,1,5,2,0,5,,,,,,,,,,,," ",226401602,,
2,22,64,2,17,3,54.92535,"02",160,2,,,,,,,,,0,,0,,1,0,2,1,1,2,2,1,2,2,1,1,1,,2,,,,1,4,2,1,2,,,,,,,,,,,," ",226401702,,
2,22,64,2,18,3,54.92535,"02",180,1,,,,,,,,,0,,0,,1,0,4,2,2,2,2,2,2,2,1,1,4,5,,,,,1,6,2,0,6,,,,,,,,,,,," ",226401802,,
2,22,65,2,1,3,86.0200738461538,"01",60,1,,,,,,,,,1,0,1,0,0,,888,2,888,4,1,888,5,3,0,,,,,,,,,,,,5,,,,,,,,,,,," ",226500102,,
2,22,65,2,2,3,86.0200738461538,"02",60,2,,,,,,,,,0,,0,,0,,4,2,2,2,2,2,2,2,0,,,,,,,,,,,,1,,,,,,,,,,,," ",226500202,,
2,22,65,2,3,3,86.0200738461538,"02",180,2,,2,2,2,2,2,2,2,0,,1,1,0,,1,2,888,4,4,888,5,888,0,,,,,,,,,,,,2,,,,,,,,,,,," ",226500302,,
2,22,65,2,4,3,86.0200738461538,"02",40,1,,,,,,,,,0,,0,,0,,3,2,3,3,2,2,2,2,0,,,,,,,,,,,,5,,,,,,,,,,,," ",226500402,,
2,22,65,2,5,3,86.0200738461538,"03",165,2,,,,,,,,,0,,1,1,0,,2,1,3,4,2,888,5,888,0,,,,,,,,,,,,2,,,,,,,,,,,," ",226500502,,
2,22,65,2,6,3,86.0200738461538,"02",30,2,,,,,,,,,0,,1,0,0,,3,2,2,2,2,2,2,2,0,,,,,,,,,,,,6,,,,,,,,,,,," ",226500602,,
2,22,65,2,7,3,86.0200738461538,"01",90,2,,,,,,,,,0,,1,3,0,,888,888,3,5,888,888,5,3,1,0,2,,,3,2,,1,3,1,1,2,,,,,,,,,,,," ",226500702,,
2,22,65,2,8,3,86.0200738461538,"01",60,1,,,,,,,,,1,0,1,3,0,,2,2,2,4,2,888,4,4,0,,,,,,,,,,,,1,,,,,,,,,,,," ",226500802,,
2,22,65,2,9,3,86.0200738461538,"02",60,1,,,,,,,,,1,0,1,4,0,,4,2,2,1,2,888,4,888,1,0,2,,,3,2,,1,3,1,0,2,,,,,,,,,,,," ",226500902,,
2,22,65,2,10,3,14.71396,"01",60,2,,,,,,,,,0,,0,,0,,2,2,2,2,2,2,2,2,0,,,,,,,,,,,,4,,,,,,,,,,,," ",226501002,,
2,22,65,2,11,3,14.71396,"02",180,1,,,,,,,,,1,0,1,4,0,,888,1,888,5,1,888,4,888,1,0,2,,,3,2,,1,2,1,0,5,,,,,,,,,,,," ",226501102,,
2,22,65,2,12,3,14.71396,"03",60,1,,,,,,,,,0,,0,,0,,2,2,2,2,2,2,4,2,1,0,1,,5,,,,1,2,2,1,4,,,,,,,,,,,," ",226501202,,
2,22,65,2,13,3,14.71396,"02",90,1,,,,,,,,,1,0,1,888,0,,2,1,2,4,2,888,5,888,0,,,,,,,,,,,,5,,,,,,,,,,,," ",226501302,,
2,22,65,2,14,3,14.71396,"01",90,2,,,,,,,,,0,,0,,0,,888,1,2,4,2,888,5,888,1,0,2,,,3,2,,1,6,2,1,6,,,,,,,,,,,," ",226501402,,
2,22,65,2,15,3,14.71396,"01",150,1,,,,,,,,,1,0,1,4,1,0,4,2,888,5,2,4,4,888,0,,,,,,,,,,,,5,,,,,,,,,,,," ",226501502,,
2,22,65,2,16,3,14.71396,"01",60,1,,,,,,,,,0,,0,,0,,3,2,2,2,2,2,2,2,0,,,,,,,,,,,,4,,,,,,,,,,,," ",226501602,,
2,22,65,2,17,3,14.71396,"02",120,2,,3,3,3,3,3,3,3,0,,1,2,0,,888,2,3,4,1,888,5,888,1,1,1,,3,,,,3,2,2,1,4,,,,,,,,,,,," ",226501702,,
2,22,65,2,18,3,14.71396,"03",190,2,,,,,,,,,0,,1,4,0,,2,1,3,4,2,888,5,888,1,0,2,,,5,2,,1,3,2,1,5,,,,,,,,,,,," ",226501802,,
2,22,66,2,1,3,121.1314,"02",120,2,,,,,,,,,0,,0,,0,,3,2,2,2,2,2,2,2,0,,,,,,,,,,,,5,,,,,,,,,,,," ",226600102,,
2,22,66,2,2,3,36.8900172727273,"01",120,2,,1,1,1,3,1,3,3,1,4,1,4,1,4,888,2,888,888,2,3,4,888,1,0,1,,2,,,,1,3,1,1,6,,,,,,,,,,,," ",226600202,,
2,22,66,2,3,3,36.8900172727273,"01",60,1,,1,1,1,1,1,1,1,1,0,0,,0,,888,2,888,4,2,4,4,888,1,0,2,,,3,2,,1,4,2,1,5,,,,,,,,,,,," ",226600302,,
2,22,66,2,4,3,36.8900172727273,"01",120,2,,3,3,3,3,1,1,3,1,0,1,4,1,0,3,2,2,4,2,2,5,4,1,0,2,,,3,3,,1,3,2,1,4,,,,,,,,,,,," ",226600402,,
2,22,66,2,5,3,36.8900172727273,"01",120,2,,,,,,,,,0,,0,,0,,3,2,2,2,2,2,2,2,0,,,,,,,,,,,,1,,,,,,,,,,,," ",226600502,,
2,22,66,2,6,3,36.8900172727273,"02",240,2,,1,1,1,1,1,1,1,1,0,1,4,0,,888,2,888,4,1,4,5,888,1,0,1,,2,,,,1,3,1,0,2,,,,,,,,,,,," ",226600602,,
2,22,66,2,7,3,121.1314,"01",120,2,,,,,,,,,1,3,1,1,0,,2,4,888,888,888,888,4,888,1,0,1,,3,,,,1,3,2,1,4,,,,,,,,,,,," ",226600702,,
2,22,66,2,8,3,36.8900172727273,"02",60,1,,,,,,,,,0,,0,,0,,3,2,2,2,2,2,2,2,0,,,,,,,,,,,,4,,,,,,,,,,,," ",226600802,,
2,22,66,2,9,3,36.8900172727273,"02",120,1,,,,,,,,,1,0,1,4,1,0,3,2,2,5,2,2,4,4,0,,,,,,,,,,,,4,,,,,,,,,,,," ",226600902,,
2,22,66,2,10,3,121.1314,"02",120,2,,3,3,3,3,3,3,3,0,,1,4,0,,4,2,2,888,2,2,5,3,1,1,2,,,4,2,,1,5,2,1,2,,,,,,,,,,,," ",226601002,,
2,22,66,2,11,3,121.1314,"02",360,1,,3,3,3,3,3,3,3,0,,1,4,0,,4,2,888,2,2,2,2,888,1,0,1,,3,,,,1,4,2,0,2,,,,,,,,,,,," ",226601102,,
2,22,66,2,12,3,121.1314,"01",120,2,,3,3,3,3,3,3,3,1,1,1,2,0,,2,2,2,2,2,888,2,5,1,0,1,,2,,,,1,2,1,1,4,,,,,,,,,,,," ",226601202,,
2,22,66,2,13,3,36.8900172727273,"02",90,2,,,,,,,,,1,3,1,4,0,,888,1,888,4,4,888,4,888,1,0,2,,,3,2,,1,2,1,1,2,,,,,,,,,,,," ",226601302,,
2,22,66,2,14,3,121.1314,"02",120,1,,,,,,,,,1,2,1,1,0,,2,2,2,4,2,5,4,4,1,0,1,,3,,,,1,3,2,1,4,,,,,,,,,,,," ",226601402,,
2,22,66,2,15,3,121.1314,"02",60,2,,,,,,,,,0,,1,4,0,,3,2,888,5,1,888,4,888,1,0,1,,3,,,,1,6,1,1,6,,,,,,,,,,,," ",226601502,,
2,22,66,2,16,3,121.1314,"01",120,1,,,,,,,,,1,4,1,3,0,,888,2,3,4,1,888,4,888,1,0,2,,,3,2,,1,3,1,1,2,,,,,,,,,,,," ",226601602,,
2,22,66,2,17,3,121.1314,"02",60,2,,,,,,,,,1,0,0,,1,0,3,2,2,1,2,2,3,4,1,1,1,,5,,,,1,4,2,1,2,,,,,,,,,,,," ",226601702,,
2,22,66,2,18,3,121.1314,"01",120,2,,,,,,,,,0,,1,4,0,,888,2,888,4,2,888,5,888,1,0,1,,2,,,,1,2,1,0,2,,,,,,,,,,,," ",226601802,,
2,22,67,2,1,3,32.74964,"02",120,1,,,,,,,,,1,3,1,2,0,,2,2,2,2,2,2,2,2,1,0,1,,4,,,,1,4,2,0,4,,,,,,,,,,,," ",226700102,,
2,22,67,2,2,3,105.216928510638,"02",60,2,,,,,,,,,1,3,1,3,0,,2,2,3,2,2,2,2,2,1,0,1,,3,,,,1,3,2,0,4,,,,,,,,,,,," ",226700202,,
2,22,67,2,3,3,105.216928510638,"02",68,2,,1,1,1,1,1,1,1,1,0,1,2,1,0,5,2,2,4,2,2,5,5,1,0,2,,,3,3,,1,3,1,1,4,,,,,,,,,,,," ",226700302,,
2,22,67,2,4,3,105.216928510638,"01",60,2,,3,3,3,3,3,3,3,0,,0,,0,,2,2,2,4,4,4,4,4,1,0,1,,3,,,,1,3,2,0,4,,,,,,,,,,,," ",226700402,,
2,22,67,2,5,3,105.216928510638,"02",120,2,,3,3,3,3,3,3,3,1,0,1,4,1,0,3,2,2,2,2,2,4,4,1,0,2,,,3,2,,1,3,1,1,4,,,,,,,,,,,," ",226700502,,
2,22,67,2,6,3,105.216928510638,"04",120,1,,1,1,1,1,1,1,3,1,0,1,4,1,0,1,2,3,4,2,2,5,4,1,0,2,,,3,2,,1,3,2,1,5,,,,,,,,,,,," ",226700602,,
2,22,67,2,7,3,32.74964,"02",60,2,,,,,,,,,1,3,1,3,0,,2,3,3,2,2,2,4,4,1,0,1,,4,,,,1,4,2,0,5,,,,,,,,,,,," ",226700702,,
2,22,67,2,8,3,105.216928510638,"02",60,2,,3,3,1,3,3,3,3,1,888,1,4,0,,1,1,2,3,1,2,4,4,1,0,1,,2,,,,1,2,2,1,2,,,,,,,,,,,," ",226700802,,
2,22,67,2,9,3,105.216928510638,"01",60,2,,,,,,,,,1,888,1,3,1,888,2,2,888,888,2,3,4,3,1,0,1,,2,,,,1,2,2,0,2,,,,,,,,,,,," ",226700902,,
2,22,67,2,10,3,32.74964,"02",60,2,,,,,,,,,1,3,1,2,0,,2,2,2,2,2,2,4,2,1,0,2,,,3,3,,1,2,2,1,5,,,,,,,,,,,," ",226701002,,
2,22,67,2,11,3,32.74964,"02",60,2,,,,,,,,,0,,1,3,0,,2,888,888,3,1,2,4,3,0,,,,,,,,,,,,6,,,,,,,,,,,," ",226701102,,
2,22,67,2,12,3,105.216928510638,"01",90,1,,,,,,,,,0,,1,0,1,0,3,2,2,4,2,2,4,4,1,0,2,,,3,2,,1,3,1,1,4,,,,,,,,,,,," ",226701202,,
2,22,67,2,13,3,32.74964,"01",120,2,,3,3,3,3,3,3,3,0,,1,3,0,,1,2,888,3,1,2,4,888,1,0,2,,,3,2,,1,3,2,1,6,,,,,,,,,,,," ",226701302,,
2,22,67,2,14,3,105.216928510638,"02",120,1,,3,3,3,3,3,3,3,1,0,1,4,1,0,3,2,2,4,2,2,5,5,1,0,2,,,3,2,,1,3,2,1,4,,,,,,,,,,,," ",226701402,,
2,22,67,2,15,3,32.74964,"01",60,2,,3,3,3,3,3,3,3,0,,1,2,0,,1,2,3,3,1,2,3,888,1,1,1,,2,,,,1,2,2,0,6,,,,,,,,,,,," ",226701502,,
2,22,67,2,16,3,32.74964,"01",60,2,,,,,,,,,1,3,1,1,1,0,2,2,2,2,2,2,4,4,1,0,1,,4,,,,1,4,2,1,5,,,,,,,,,,,," ",226701602,,
2,22,67,2,17,3,32.74964,"01",60,2,,,,,,,,,1,2,1,2,0,,2,3,4,4,4,2,4,4,1,0,1,,3,,,,1,3,2,0,5,,,,,,,,,,,," ",226701702,,
2,22,67,2,18,3,32.74964,"02",120,1,,3,3,3,3,3,3,3,0,,1,4,1,2,1,2,888,3,1,2,4,3,1,0,1,,3,,,,1,3,2,0,6,,,,,,,,,,,," ",226701802,,
2,22,68,2,1,1,311.598,"01",60,1,,,,,,,,,1,0,1,0,1,0,2,2,2,2,2,2,4,4,0,0,1,,6,,,,1,5,1,1,2,,,,,,,,,,,," ",226800102,,
2,22,68,2,2,1,311.598,"02",60,1,,2,2,2,2,2,2,3,1,888,1,4,0,,3,2,3,3,1,3,2,4,1,0,2,,,3,2,,1,3,2,0,2,,,,,,,,,,,," ",226800202,,
2,22,68,2,3,1,1533.26,"02",150,2,,,,,,,,,0,,1,4,0,,5,1,2,888,1,5,5,888,1,0,2,,,4,3,,1,3,1,0,6,,,,,,,,,,,," ",226800302,,
2,22,68,2,4,1,1533.26,"02",240,1,,,,,,,,,1,0,1,4,1,0,3,2,2,2,2,2,5,5,0,,,,,,,,,,,,4,,,,,,,,,,,," ",226800402,,
2,22,68,2,5,1,1533.26,"01",60,2,,,,,,,,,1,1,1,2,0,,2,2,4,3,2,2,4,2,0,,,,,,,,,,,,5,,,,,,,,,,,," ",226800502,,
2,22,68,2,6,1,311.598,"01",120,2,,,,,,,,,0,,1,3,0,,2,2,3,888,2,3,4,3,1,0,2,,,3,2,,1,3,2,0,2,,,,,,,,,,,," ",226800602,,
2,22,68,2,7,1,1533.26,"01",120,1,,,,,,,,,0,,1,1,0,,2,2,4,2,4,2,4,2,1,0,1,,4,,,,1,3,0,1,5,,,,,,,,,,,," ",226800702,,
2,22,68,2,8,1,311.598,"02",90,1,,,,,,,,,0,,1,3,0,,2,1,3,4,2,888,5,888,0,,,,,,,,,,,,2,,,,,,,,,,,," ",226800802,,
2,22,68,2,9,1,1533.26,"01",50,2,,,,,,,,,1,888,1,4,0,,1,2,3,3,2,3,4,4,0,,,,,,,,,,,,2,,,,,,,,,,,," ",226800902,,
2,22,68,2,10,1,1533.26,"01",60,1,,3,3,3,3,3,3,3,1,3,1,1,0,,2,2,4,4,2,4,2,4,1,0,1,,4,,,,1,4,2,1,5,,,,,,,,,,,," ",226801002,,
2,22,68,2,11,1,1533.26,"02",60,2,,,,,,,,,0,,0,,0,,4,2,2,2,2,2,2,2,0,,,,,,,,,,,,1,,,,,,,,,,,," ",226801102,,
2,22,68,2,12,1,1533.26,"02",40,1,,,,,,,,,0,,0,,0,,4,2,2,2,2,2,2,2,0,,,,,,,,,,,,2,,,,,,,,,,,," ",226801202,,
2,22,68,2,13,1,1533.26,"01",120,1,,,,,,,,,1,0,1,888,0,,2,1,2,888,4,1,5,888,1,0,2,,,4,3,,1,3,1,0,2,,,,,,,,,,,," ",226801302,,
2,22,68,2,14,1,1533.26,"02",120,1,,,,,,,,,0,,1,4,0,,2,1,888,4,2,888,5,888,1,0,1,,3,,,,1,2,1,1,2,,,,,,,,,,,," ",226801402,,
2,22,68,2,15,1,1533.26,"02",150,2,,,,,,,,,0,,1,2,0,,2,1,3,4,2,888,5,888,1,1,2,,,5,3,,2,2,1,0,4,,,,,,,,,,,," ",226801502,,
2,22,68,2,16,1,1533.26,"02",120,1,,,,,,,,,0,,1,4,0,,888,1,888,888,4,3,5,888,1,0,2,,,3,2,,1,3,0,0,5,,,,,,,,,,,," ",226801602,,
2,22,68,2,17,1,1533.26,"03",30,1,,,,,,,,,0,,0,,0,,4,2,2,2,2,2,2,2,0,,,,,,,,,,,,1,,,,,,,,,,,," ",226801702,,
2,22,68,2,18,1,1533.26,"01",180,2,,,,,,,,,1,0,1,2,1,0,3,2,2,2,2,2,3,5,0,,,,,,,,,,,,5,,,,,,,,,,,," ",226801802,,
2,22,69,2,1,3,123.808337946429,"01",60,2,,1,3,1,1,1,1,3,0,,1,2,0,,2,2,3,888,2,2,2,3,1,0,1,,2,,,,1,4,2,1,2,,,,,,,,,,,," ",226900102,,
2,22,69,2,2,3,123.808337946429,"01",60,2,,,,,,,,,0,,0,,0,,5,888,888,888,888,888,888,888,0,,,,,,,,,,,,1,,,,,,,,,,,," ",226900202,,
2,22,69,2,3,3,123.808337946429,"01",180,2,,,,,,,,,0,,1,4,0,,888,1,888,888,2,3,5,3,1,0,2,,,3,2,,1,3,1,0,2,,,,,,,,,,,," ",226900302,,
2,22,69,2,4,3,123.808337946429,"06",120,1,,1,1,1,1,1,1,3,0,,1,3,0,,4,2,3,888,2,888,4,888,1,0,2,,,4,2,,1,3,2,1,2,,,,,,,,,,,," ",226900402,,
2,22,69,2,5,3,123.808337946429,"02",120,1,,2,2,2,2,2,2,2,0,,1,4,0,,1,888,888,1,5,888,2,888,1,0,2,,,4,2,,1,6,1,1,2,,,,,,,,,,,," ",226900502,,
2,22,69,2,6,3,123.808337946429,"01",60,1,,,,,,,,,0,,0,,0,,3,2,2,2,2,2,2,2,0,,,,,,,,,,,,1,,,,,,,,,,,," ",226900602,,
2,22,69,2,7,3,36.73254,"01",60,2,,2,2,2,2,2,2,2,0,,1,2,0,,2,2,888,1,4,888,5,888,1,1,1,,3,,,,3,2,2,1,2,,,,,,,,,,,," ",226900702,,
2,22,69,2,8,3,123.808337946429,"04",120,2,,,,,,,,,1,888,1,3,0,,4,3,3,4,1,3,4,888,1,0,1,,2,,,,1,2,1,0,2,,,,,,,,,,,," ",226900802,,
2,22,69,2,9,3,36.73254,"01",200,1,,,,,,,,,0,,1,1,0,,2,1,3,4,4,888,5,3,1,0,2,,,4,3,,3,2,2,1,2,,,,,,,,,,,," ",226900902,,
2,22,69,2,10,3,36.73254,"03",120,1,,,,,,,,,1,1,1,1,0,,2,2,2,4,2,2,4,2,1,0,1,,5,,,,1,5,1,1,5,,,,,,,,,,,," ",226901002,,
2,22,69,2,11,3,123.808337946429,"02",60,1,,,,,,,,,0,,0,,0,,5,2,2,2,2,2,2,2,0,,,,,,,,,,,,1,,,,,,,,,,,," ",226901102,,
2,22,69,2,12,3,36.73254,"02",180,1,,3,3,3,3,3,3,3,1,0,1,2,1,0,5,2,2,5,2,3,2,5,1,0,2,,,3,2,,1,3,2,1,6,,,,,,,,,,,," ",226901202,,
2,22,69,2,13,3,36.73254,"01",60,1,,2,2,3,2,2,3,2,1,0,1,4,0,,1,2,2,888,2,4,5,888,1,1,2,,,3,2,,1,3,1,1,2,,,,,,,,,,,," ",226901302,,
2,22,69,2,14,3,36.73254,"02",180,2,,3,3,3,3,3,3,3,1,0,1,4,1,0,3,3,2,4,2,2,4,4,1,0,2,,,3,2,,1,3,0,1,4,,,,,,,,,,,," ",226901402,,
2,22,69,2,15,3,36.73254,"02",180,1,,,,,,,,,1,0,1,2,1,0,2,2,2,4,2,2,3,4,1,1,2,,,3,2,,1,3,2,1,5,,,,,,,,,,,," ",226901502,,
2,22,69,2,16,3,36.73254,"04",270,1,,3,3,3,3,3,3,3,1,4,1,4,0,,5,2,2,888,1,5,1,888,0,,,,,,,,,,,,6,,,,,,,,,,,," ",226901602,,
2,22,69,2,17,3,36.73254,"01",120,1,,,,,,,,,1,4,1,3,0,,2,2,2,2,2,2,2,2,1,1,1,,3,,,,1,3,3,1,5,,,,,,,,,,,," ",226901702,,
2,22,69,2,18,3,36.73254,"02",120,1,,,,,,,,,1,1,1,3,0,,2,2,2,4,2,2,2,2,1,0,2,,,2,2,,3,3,2,1,1,,,,,,,,,,,," ",226901802,,
2,22,70,2,1,3,80.0988717419355,"02",100,2,,1,1,1,1,1,3,1,0,,1,4,0,,888,2,888,2,4,888,1,888,1,0,1,,3,,,,1,2,0,1,2,,,,,,,,,,,," ",227000102,,
2,22,70,2,2,3,80.0988717419355,"03",120,1,,1,1,1,1,1,1,3,1,4,1,3,0,,4,2,888,4,1,888,4,888,0,,,,,,,,,,,,2,,,,,,,,,,,," ",227000202,,
2,22,70,2,3,3,80.0988717419355,"01",120,1,,1,3,1,3,1,3,3,0,,1,4,0,,3,2,888,888,2,888,4,3,1,0,1,,3,,,,1,4,2,0,2,,,,,,,,,,,," ",227000302,,
2,22,70,2,4,3,80.0988717419355,"02",60,2,,1,1,1,1,1,1,3,0,,1,4,0,,888,2,888,888,2,888,888,888,1,0,1,,3,,,,1,3,1,0,2,,,,,,,,,,,," ",227000402,,
2,22,70,2,5,3,80.0988717419355,"02",120,1,,,,,,,,,1,0,1,3,0,,4,2,4,4,2,4,2,888,1,0,2,,,3,2,,1,2,1,0,2,,,,,,,,,,,," ",227000502,,
2,22,70,2,6,3,80.0988717419355,"02",90,2,,,,,,,,,0,,1,2,0,,888,4,888,2,4,888,5,888,1,0,2,,,3,2,,3,2,1,1,4,,,,,,,,,,,," ",227000602,,
2,22,70,2,7,3,80.0988717419355,"01",60,2,,,,,,,,,0,,0,,0,,888,888,888,888,888,888,888,888,0,,,,,,,,,,,,4,,,,,,,,,,,," ",227000702,,
2,22,70,2,8,3,80.0988717419355,"02",120,1,,,,,,,,,0,,1,4,0,,888,4,888,4,2,888,4,888,1,0,1,,2,,,,2,3,2,1,2,,,,,,,,,,,," ",227000802,,
2,22,70,2,9,3,46.32584,"01",60,2,,,,,,,,,0,,0,,0,,888,888,888,888,888,888,888,888,0,,,,,,,,,,,,4,,,,,,,,,,,," ",227000902,,
2,22,70,2,10,3,46.32584,"02",180,1,,3,3,3,3,3,3,3,1,0,1,4,1,0,3,2,2,5,1,1,5,5,1,1,2,,,4,3,,2,3,2,1,4,,,,,,,,,,,," ",227001002,,
2,22,70,2,11,3,80.0988717419355,"01",200,2,,,,,,,,,0,,0,,1,0,1,1,1,1,1,2,3,1,1,0,1,,6,,,,1,4,1,1,5,,,,,,,,,,,," ",227001102,,
2,22,70,2,12,3,46.32584,"02",150,2,,,,,,,,,0,,0,,0,,2,2,2,2,4,4,2,2,1,1,1,,6,,,,1,6,1,0,5,,,,,,,,,,,," ",227001202,,
2,22,70,2,13,3,80.0988717419355,"02",240,1,,2,2,1,2,1,2,2,0,,1,2,0,,2,2,2,888,2,3,4,888,1,0,1,,3,,,,1,4,2,0,2,,,,,,,,,,,," ",227001302,,
2,22,70,2,14,3,46.32584,"02",120,2,,,,,,,,,0,,0,,0,,888,888,888,888,888,888,888,888,0,,,,,,,,,,,,4,,,,,,,,,,,," ",227001402,,
2,22,70,2,15,3,46.32584,"02",200,2,,,,,,,,,0,,0,,0,,2,2,2,1,1,2,1,2,1,1,1,,5,,,,1,4,2,0,5,,,,,,,,,,,," ",227001502,,
2,22,70,2,16,3,46.32584,"02",120,2,,3,3,3,3,3,3,3,1,2,1,4,1,0,3,1,1,4,2,2,5,4,1,1,2,,,3,2,,2,3,2,1,4,,,,,,,,,,,," ",227001602,,
2,22,70,2,17,3,46.32584,"02",85,1,,,,,,,,,0,,1,2,0,,888,1,888,4,2,888,5,888,0,,,,,,,,,,,,2,,,,,,,,,,,," ",227001702,,
2,22,70,2,18,3,46.32584,"02",360,1,,3,3,3,3,3,3,3,1,0,1,4,1,0,888,2,2,4,2,2,5,5,1,0,2,,,4,2,,2,3,2,1,4,,,,,,,,,,,," ",227001802,,
2,22,71,2,1,1,1344.70940821918,"02",240,2,,1,1,1,1,1,1,3,0,,1,3,0,,1,2,2,2,888,888,3,888,1,0,1,,2,,,,1,3,3,1,2,,,,,,,,,,,," ",227100102,,
2,22,71,2,2,1,1344.70940821918,"02",120,2,,,,,,,,,0,,0,,0,,888,888,888,888,888,888,888,888,0,,,,,,,,,,,,4,,,,,,,,,,,," ",227100202,,
2,22,71,2,3,1,1344.70940821918,"02",120,2,,,,,,,,,0,,0,,0,,888,888,888,888,888,888,888,888,0,,,,,,,,,,,,4,,,,,,,,,,,," ",227100302,,
2,22,71,2,4,1,1344.70940821918,"01",120,1,,,,,,,,,0,,0,,0,,888,888,888,888,888,888,888,888,0,,,,,,,,,,,,4,,,,,,,,,,,," ",227100402,,
2,22,71,2,5,1,1344.70940821918,"02",120,1,,,,,,,,,0,,0,,0,,888,888,888,888,888,888,888,888,0,,,,,,,,,,,,4,,,,,,,,,,,," ",227100502,,
2,22,71,2,6,1,1344.70940821918,"01",160,2,,,,,,,,,1,0,1,0,1,0,1,1,1,1,1,2,2,1,1,0,1,,4,,,,1,6,2,0,8,,,,,,,,,,,," ",227100602,,
2,22,71,2,7,1,1344.70940821918,"02",150,1,,,,,,,,,0,,0,,0,,1,1,1,1,1,2,1,2,0,,,,,,,,,,,,5,,,,,,,,,,,," ",227100702,,
2,22,71,2,8,1,900.5852,"01",60,1,,,,,,,,,0,,1,4,0,,2,2,888,4,1,888,2,888,1,0,2,,,3,2,,2,3,2,1,2,,,,,,,,,,,," ",227100802,,
2,22,71,2,9,1,1344.70940821918,"02",180,1,,,,,,,,,1,0,1,4,0,,2,2,888,4,1,888,4,4,1,0,2,,,3,2,,1,3,2,0,2,,,,,,,,,,,," ",227100902,,
2,22,71,2,10,1,900.5852,"02",240,1,,,,,,,,,0,,1,4,0,,4,2,888,4,2,4,4,2,1,1,2,,,4,3,,2,3,2,0,2,,,,,,,,,,,," ",227101002,,
2,22,71,2,11,1,900.5852,"01",240,1,,3,3,3,3,3,3,3,1,0,1,4,1,0,3,1,1,5,1,2,5,4,1,0,2,,,3,2,,2,3,1,1,4,,,,,,,,,,,," ",227101102,,
2,22,71,2,12,1,900.5852,"01",180,2,,3,3,3,3,3,3,3,1,0,1,3,1,0,3,2,2,2,2,2,5,5,1,1,2,,,3,2,,2,3,1,1,4,,,,,,,,,,,," ",227101202,,
2,22,71,2,13,1,900.5852,"01",90,2,,3,3,3,3,3,3,3,1,0,1,0,1,0,2,2,2,2,2,2,5,5,1,0,1,,2,,,,1,3,0,1,4,,,,,,,,,,,," ",227101302,,
2,22,71,2,14,1,900.5852,"01",240,1,,,,,,,,,0,,1,2,0,,888,2,888,4,2,888,5,888,0,,,,,,,,,,,,4,,,,,,,,,,,," ",227101402,,
2,22,71,2,15,1,900.5852,"02",180,1,,,,,,,,,0,,1,1,0,,4,2,1,4,2,5,5,3,1,0,1,,3,,,,1,2,1,1,4,,,,,,,,,,,," ",227101502,,
2,22,71,2,16,1,900.5852,"02",90,2,,3,3,3,3,3,3,3,0,,1,3,0,,888,2,3,4,1,888,5,888,1,1,2,,,3,2,,3,2,1,1,2,,,,,,,,,,,," ",227101602,,
2,22,71,2,17,1,1344.70940821918,"02",360,2,,1,1,1,3,1,3,1,0,,1,3,0,,4,1,2,2,2,2,3,888,1,0,2,,,3,2,,1,5,2,0,2,,,,,,,,,,,," ",227101702,,
2,22,71,2,18,1,900.5852,"02",60,2,,,,,,,,,1,0,1,2,0,,888,2,888,4,2,888,4,888,1,1,1,,3,,,,1,4,1,0,2,,,,,,,,,,,," ",227101802,,
2,22,72,2,1,2,,"01",120,2,,,,,,,,,0,,0,,0,,2,1,1,2,1,4,5,3,0,,,,,,,,,,,,2,,1,,,,,,,,,," ",227200102,4,18.0079364776611
2,22,72,2,2,2,,"01",120,1,,,,,,,,,1,0,1,0,0,,2,1,1,888,4,2,5,3,0,,,,,,,,,,,,2,,1,,,,,,,,,," ",227200202,4,18.0079364776611
2,22,72,2,3,2,,"01",45,1,,,,,,,,,0,,0,,0,,2,2,1,888,888,888,5,888,0,,,,,,,,,,,,555,8,1,,,,,,,,,," ",227200302,4,18.0079364776611
2,22,72,2,4,2,,"01",60,1,,,,,,,,,0,,0,,0,,1,1,1,888,2,2,5,5,0,,,,,,,,,,,,555,8,1,,,,,,,,,," ",227200402,4,18.0079364776611
2,22,72,2,5,2,,"02",120,2,,5,5,9,9,9,9,5,0,,0,,0,,1,1,1,888,2,2,5,3,0,0,1,,2,,,,1,4,2,1,1,,1,,,,,,,,,," ",227200502,4,18.0079364776611
2,22,72,2,6,2,,"01",180,1,,,,,,,,,0,,0,,0,,1,1,1,2,5,2,5,3,0,,,,,,,,,,,,4,,1,,,,,,,,,," ",227200602,4,18.0079364776611
2,22,72,2,7,2,,"02",60,1,,5,5,9,9,9,9,5,0,,0,,0,,2,1,1,888,888,888,5,888,0,0,1,,2,,,,1,3,1,1,555,8,1,,,,,,,,,," ",227200702,4,18.0079364776611
2,22,72,2,8,2,,"01",60,2,,,,,,,,,1,0,0,,0,,2,1,1,888,4,1,5,888,0,,,,,,,,,,,,2,,1,,,,,,,,,," ",227200802,4,18.0079364776611
2,22,72,2,9,2,,"01",180,2,,,,,,,,,0,,0,,0,,4,1,1,888,4,2,5,888,0,,,,,,,,,,,,555,8,1,,,,,,,,,," ",227200902,4,18.0079364776611
2,22,72,2,10,2,,"01",120,1,,,,,,,,,0,,0,,0,,2,2,1,2,2,2,888,2,0,,,,,,,,,,,,4,,1,,,,,,,,,," ",227201002,4,18.0079364776611
2,22,72,2,11,2,,"02",120,1,,,,,,,,,0,,0,,0,,2,2,2,5,5,5,5,1,0,,,,,,,,,,,,4,,,,,,,,,,,888," ",227201102,4,18.0079364776611
2,22,72,2,12,2,,"01",120,1,,,,,,,,,0,,0,,0,,2,2,2,2,2,2,888,888,0,,,,,,,,,,,,4,,1,,,,,,,,,," ",227201202,4,18.0079364776611
2,22,72,2,13,2,,"01",120,1,,,,,,,,,0,,0,,0,,2,1,2,2,5,2,2,2,0,,,,,,,,,,,,3,,1,,,,,,,,,," ",227201302,4,18.0079364776611
2,22,72,2,14,2,,"01",35,1,,,,,,,,,0,,0,,0,,2,1,2,2,2,1,2,2,0,,,,,,,,,,,,4,,,,,,,,,,,888," ",227201402,4,18.0079364776611
2,22,72,2,15,2,,"05",120,1,,,,,,,,,0,,0,,0,,2,1,1,1,1,2,2,888,0,,,,,,,,,,,,1,,,,,,,,,,,888," ",227201502,4,18.0079364776611
2,22,72,2,16,2,,"01",45,1,,,,,,,,,0,,0,,0,,2,1,2,2,2,2,2,2,0,,,,,,,,,,,,4,,1,,,,,,,,,," ",227201602,4,18.0079364776611
2,22,72,2,17,2,,"01",50,1,,,,,,,,,0,,0,,0,,2,2,1,2,2,5,1,5,0,,,,,,,,,,,,1,,1,,,,,,,,,," ",227201702,4,18.0079364776611
2,22,72,2,18,2,,"01",45,1,,,,,,,,,0,,0,,0,,2,2,2,2,1,2,2,2,0,,,,,,,,,,,,4,,1,,,,,,,,,," ",227201802,4,18.0079364776611
2,22,73,2,1,2,,"01",180,1,,,,,,,,,0,,0,,0,,2,2,4,5,5,1,5,4,0,,,,,,,,,,,,4,,1,1,,,,,,,,," ",227300102,4,18.0079364776611
2,22,73,2,2,2,,"01",180,1,,,,,,,,,0,,0,,0,,1,4,1,4,5,1,4,5,0,,,,,,,,,,,,1,,1,1,,,,,,,,," ",227300202,4,18.0079364776611
2,22,73,2,3,2,,"01",160,1,,,,,,,,,0,,0,,0,,1,5,1,5,4,1,5,4,0,,,,,,,,,,,,1,,1,1,,,,,,,,," ",227300302,4,18.0079364776611
2,22,73,2,4,2,,"02",200,1,,,,,,,,,0,,0,,0,,2,2,2,5,5,1,5,4,0,,,,,,,,,,,,4,,1,,,,,,,,,," ",227300402,4,18.0079364776611
2,22,73,2,5,2,,"01",200,1,,,,,,,,,0,,0,,0,,1,2,1,4,4,1,5,5,0,,,,,,,,,,,,1,,1,,,,,,,,,," ",227300502,4,18.0079364776611
2,22,73,2,6,2,,"01",120,1,,,,,,,,,0,,0,,0,,1,4,1,5,1,4,5,1,0,,,,,,,,,,,,1,,1,1,,,,,,,,," ",227300602,4,18.0079364776611
2,22,73,2,7,2,,"01",200,1,,,,,,,,,0,,0,,0,,1,5,1,4,4,1,5,5,0,,,,,,,,,,,,1,,1,1,,,,,,,,," ",227300702,4,18.0079364776611
2,22,73,2,8,2,,"01",160,1,,,,,,,,,0,,0,,0,,1,4,2,5,4,1,5,4,0,,,,,,,,,,,,1,,1,,,,,,,,,," ",227300802,4,18.0079364776611
2,22,73,2,9,2,,"01",160,1,,,,,,,,,0,,0,,0,,1,4,1,5,3,2,5,4,0,,,,,,,,,,,,1,,1,,,,,,,,,," ",227300902,4,18.0079364776611
2,22,73,2,10,2,,"01",120,1,,3,5,3,5,3,3,5,1,0,0,,0,,1,1,2,2,2,888,4,3,1,0,3,,,,,3,1,5,2,1,1,,1,,,,,,,,,," ",227301002,4,18.0079364776611
2,22,73,2,11,2,,"01",120,1,,5,5,3,3,3,3,5,1,0,1,1,0,,1,1,1,4,2,4,4,888,1,0,2,,,3,2,,1,2,1,0,4,,1,,,,,,,,,," ",227301102,4,18.0079364776611
2,22,73,2,12,2,,"01",50,1,,5,5,3,5,3,3,5,1,0,1,1,0,,1,2,2,888,888,1,5,888,1,0,3,,,,,2,1,4,2,1,1,,1,,,,,,,,,," ",227301202,4,18.0079364776611
2,22,73,2,13,2,,"01",40,2,,,,,,,,,1,0,1,1,0,,1,2,1,2,2,888,888,888,0,,,,,,,,,,,,4,,,,1,,,,,,,," ",227301302,4,18.0079364776611
2,22,73,2,14,2,,"01",40,2,,,,,,,,,0,,1,2,0,,1,2,2,2,2,2,5,888,0,,,,,,,,,,,,4,,1,,1,,,,,,,," ",227301402,4,18.0079364776611
2,22,73,2,15,2,,"02",90,1,,,,,,,,,1,0,0,,0,,1,2,2,2,2,2,4,888,0,,,,,,,,,,,,4,,,,1,,,,,,,," ",227301502,4,18.0079364776611
2,22,73,2,16,2,,"01",40,2,,5,5,3,5,3,3,5,0,,1,1,0,,1,2,2,3,3,2,4,888,1,0,2,,,3,2,,1,2,2,0,2,,1,,,,,,,,,," ",227301602,4,18.0079364776611
2,22,73,2,17,2,,"01",30,2,,,,,,,,,0,,0,,0,,1,2,2,3,1,2,5,888,0,,,,,,,,,,,,7,,1,,,,,,,,,," ",227301702,4,18.0079364776611
2,22,73,2,18,2,,"01",60,1,,5,5,3,3,3,3,5,1,0,1,0,0,,1,1,1,3,888,888,4,888,1,0,2,,,4,3,,1,4,2,0,1,,1,,,,,,,,,," ",227301802,4,18.0079364776611
2,22,74,2,1,2,,"02",60,2,,,,,,,,,1,1,1,0,0,,888,2,2,2,888,2,4,888,0,,,,,,,,,,,,4,,1,,,,,,,,,," ",227400102,4,18.0079364776611
2,22,74,2,2,2,,"01",60,2,,,,,,,,,1,0,1,0,0,,888,2,888,888,888,888,2,888,0,,,,,,,,,,,,4,,1,,,,,,,,,," ",227400202,4,18.0079364776611
2,22,74,2,3,2,,"02",60,1,,,,,,,,,1,0,1,0,0,,888,888,888,888,888,888,2,888,0,,,,,,,,,,,,6,,1,,,,,,,,,," ",227400302,4,18.0079364776611
2,22,74,2,4,2,,"01",60,2,,,,,,,,,1,3,1,0,0,,888,2,2,3,2,2,5,2,0,,,,,,,,,,,,4,,1,,,,,,,,,," ",227400402,4,18.0079364776611
2,22,74,2,5,2,,"01",60,1,,,,,,,,,1,0,1,0,0,,888,2,2,888,888,3,4,888,0,,,,,,,,,,,,4,,1,,,,,,,,,," ",227400502,4,18.0079364776611
2,22,74,2,6,2,,"03",60,1,,,,,,,,,1,0,1,0,0,,888,2,2,2,2,2,4,888,0,,,,,,,,,,,,4,,1,,,,,,,,,," ",227400602,4,18.0079364776611
2,22,74,2,7,2,,"01",60,1,,,,,,,,,1,0,1,0,0,,888,2,2,2,888,2,4,2,0,,,,,,,,,,,,4,,1,,,,,,,,,," ",227400702,4,18.0079364776611
2,22,74,2,8,2,,"01",60,2,,,,,,,,,1,0,1,0,0,,888,2,2,2,888,888,4,888,0,,,,,,,,,,,,4,,1,,,,,,,,,," ",227400802,4,18.0079364776611
2,22,74,2,9,2,,"01",60,1,,,,,,,,,1,0,1,0,0,,888,2,2,2,2,2,4,2,0,,,,,,,,,,,,6,,,1,,,,,,,,," ",227400902,4,18.0079364776611
2,22,74,2,10,2,,"02",180,2,,,,,,,,,1,0,0,,0,,4,1,1,888,4,2,5,888,0,,,,,,,,,,,,555,8,1,,,,,,,,,," ",227401002,4,18.0079364776611
2,22,74,2,11,2,,"01",60,1,,,,,,,,,1,0,1,0,0,,888,2,2,2,2,2,4,888,0,,,,,,,,,,,,4,,1,,,,,,,,,," ",227401102,4,18.0079364776611
2,22,74,2,12,2,,"01",60,1,,,,,,,,,1,0,1,0,0,,888,2,3,5,5,888,4,2,0,,,,,,,,,,,,4,,,1,,,,,,,,," ",227401202,4,18.0079364776611
2,22,74,2,13,2,,"01",45,1,,,,,,,,,0,,0,,0,,1,2,1,2,1,2,5,888,0,,,,,,,,,,,,4,,1,,,,,,,,,," ",227401302,4,18.0079364776611
2,22,74,2,14,2,,"01",120,2,,,,,,,,,0,,0,,0,,4,1,1,888,4,1,5,888,0,,,,,,,,,,,,555,8,1,,,,,,,,,," ",227401402,4,18.0079364776611
2,22,74,2,15,2,,"01",50,1,,,,,,,,,0,,0,,0,,1,2,2,2,1,1,2,2,0,,,,,,,,,,,,4,,,,,,,,,,,888," ",227401502,4,18.0079364776611
2,22,74,2,16,2,,"01",90,1,,,,,,,,,1,0,0,,0,,1,2,2,4,2,2,4,888,0,,,,,,,,,,,,4,,1,,,,,,,,,," ",227401602,4,18.0079364776611
2,22,74,2,17,2,,"01",200,1,,,,,,,,,0,,0,,0,,1,4,1,5,5,1,4,2,0,,,,,,,,,,,,1,,1,,,,,,,,,," ",227401702,4,18.0079364776611
2,22,74,2,18,2,,"02",200,1,,,,,,,,,0,,0,,0,,1,4,2,4,4,1,4,2,0,,,,,,,,,,,,1,,1,,,,,,,,,," ",227401802,4,18.0079364776611
2,22,75,2,1,2,,"01",180,2,,,,,,,,,0,,0,,0,,888,2,1,888,888,1,5,888,0,,,,,,,,,,,,555,8,1,,,,,,,,,," ",227500102,4,18.0079364776611
2,22,75,2,2,2,,"01",60,1,,,,,,,,,0,,0,,0,,888,888,1,888,4,2,888,888,0,,,,,,,,,,,,1,,1,,,,,,,,,," ",227500202,4,18.0079364776611
2,22,75,2,3,2,,"01",60,1,,,,,,,,,1,0,1,0,0,,888,2,1,888,4,2,888,888,0,,,,,,,,,,,,555,8,,,,,,,,,,," ",227500302,4,18.0079364776611
2,22,75,2,4,2,,"01",30,2,,,,,,,,,0,,0,,0,,2,1,1,888,4,1,4,3,0,,,,,,,,,,,,1,,1,,,,,,,,,," ",227500402,4,18.0079364776611
2,22,75,2,5,2,,"01",120,1,,,,,,,,,0,,0,,0,,4,2,1,888,4,2,5,3,0,,,,,,,,,,,,4,,1,,,,,,,,,," ",227500502,4,18.0079364776611
2,22,75,2,6,2,,"01",180,1,,,,,,,,,0,,0,,0,,2,2,1,888,4,1,5,3,0,,,,,,,,,,,,4,,1,,,,,,,,,," ",227500602,4,18.0079364776611
2,22,75,2,7,2,,"01",120,1,,,,,,,,,1,0,1,0,0,,888,2,1,888,4,1,5,888,0,,,,,,,,,,,,4,,1,,,,,,,,,," ",227500702,4,18.0079364776611
2,22,75,2,8,2,,"03",120,1,,,,,,,,,0,,0,,0,,2,1,1,888,5,2,5,888,0,,,,,,,,,,,,555,8,1,,,,,,,,,," ",227500802,4,18.0079364776611
2,22,75,2,9,2,,"01",60,1,,,,,,,,,0,,0,,0,,888,2,1,888,5,2,888,888,0,,,,,,,,,,,,4,,1,,,,,,,,,," ",227500902,4,18.0079364776611
2,22,75,2,10,2,,"01",45,1,,,,,,,,,0,,0,,0,,2,1,2,1,1,1,2,2,0,,,,,,,,,,,,4,,1,,,,,,,,,," ",227501002,4,18.0079364776611
2,22,75,2,11,2,,"01",45,1,,,,,,,,,0,,0,,0,,2,1,2,2,2,2,2,5,0,,,,,,,,,,,,4,,1,,,,,,,,,," ",227501102,4,18.0079364776611
2,22,75,2,12,2,,"03",45,1,,,,,,,,,0,,0,,0,,1,2,2,1,2,1,2,1,0,,,,,,,,,,,,4,,,,,,,,,,,," ",227501202,4,18.0079364776611
2,22,75,2,13,2,,"02",45,1,,,,,,,,,0,,0,,0,,2,3,2,2,2,2,2,2,0,,,,,,,,,,,,4,,,,,,,,,,,888," ",227501302,4,18.0079364776611
2,22,75,2,14,2,,"01",45,1,,,,,,,,,0,,0,,0,,2,2,1,2,2,2,2,2,0,,,,,,,,,,,,4,,,,,,,,,,,888," ",227501402,4,18.0079364776611
2,22,75,2,15,2,,"01",50,1,,,,,,,,,0,,0,,0,,1,2,2,2,888,888,2,2,0,,,,,,,,,,,,4,,1,,,,,,,,,," ",227501502,4,18.0079364776611
2,22,75,2,16,2,,"01",120,1,,,,,,,,,0,,0,,0,,2,2,2,2,2,2,5,3,0,,,,,,,,,,,,4,,1,,,,,,,,,," ",227501602,4,18.0079364776611
2,22,75,2,17,2,,"01",45,1,,5,5,5,5,5,5,5,0,,0,,0,,1,2,2,2,2,2,2,2,0,,,,,,,,,,,,4,,,,,,,,,,,888," ",227501702,4,18.0079364776611
2,22,75,2,18,2,,"02",45,1,,,,,,,,,0,,0,,0,,1,2,2,1,2,2,2,2,0,,,,,,,,,,,,4,,,,,,1,,,,,," ",227501802,4,18.0079364776611
2,22,76,2,1,2,,"01",120,1,,,,,,,,,1,0,1,1,0,,888,2,2,4,1,888,888,888,1,0,2,,,2,2,,1,2,1,1,1,,1,,,,,,,,,," ",227600102,4,18.0079364776611
2,22,76,2,2,2,,"01",30,2,,,,,,,,,0,,0,,0,,4,4,1,888,888,1,888,888,0,,,,,,,,,,,,4,,1,,,,,,,,,," ",227600202,4,18.0079364776611
2,22,76,2,3,2,,"01",150,1,,,,,,,,,1,0,1,3,0,,1,2,1,4,1,2,1,888,1,0,3,,,,,4,1,3,2,1,1,,1,,,,,,,,,," ",227600302,4,18.0079364776611
2,22,76,2,4,2,,"01",120,1,,,,,,,,,1,0,0,,0,,4,1,1,888,1,1,5,888,0,,,,,,,,,,,,4,,1,,1,,,,,,,," ",227600402,4,18.0079364776611
2,22,76,2,5,2,,"01",90,1,,5,5,3,3,3,5,5,1,0,0,,0,,1,2,2,888,4,2,5,888,1,0,2,,,3,2,,1,2,1,0,1,,1,,,,,,,,,," ",227600502,4,18.0079364776611
2,22,76,2,6,2,,"01",180,1,,5,5,3,3,3,3,5,1,0,1,1,0,,2,2,2,1,1,2,5,888,1,0,1,,2,,,,1,6,2,1,2,,1,,1,,,,,,,," ",227600602,4,18.0079364776611
2,22,76,2,7,2,,"01",45,1,,,,,,,,,0,,0,,0,,1,1,1,1,2,2,5,888,0,,,,,,,,,,,,4,,,,1,,,,,,,," ",227600702,4,18.0079364776611
2,22,76,2,8,2,,"01",90,1,,,,,,,,,0,,0,,0,,4,2,2,2,2,2,5,888,0,,,,,,,,,,,,4,,1,,1,,,,,,,," ",227600802,4,18.0079364776611
2,22,76,2,9,2,,"02",120,1,,5,3,3,3,3,3,5,1,0,0,,0,,2,2,2,2,2,2,2,888,1,0,2,,,2,2,,1,2,1,1,1,,1,,,,,,,,,," ",227600902,4,18.0079364776611
2,22,76,2,10,2,,"01",200,1,,,,,,,,,0,,0,,0,,2,2,2,5,4,2,5,2,0,,,,,,,,,,,,1,,1,,,,,,,,,," ",227601002,4,18.0079364776611
2,22,76,2,11,2,,"01",180,1,,,,,,,,,0,,0,,0,,1,4,1,4,5,1,5,2,0,,,,,,,,,,,,1,,1,,,,,,,,,," ",227601102,4,18.0079364776611
2,22,76,2,12,2,,"01",200,1,,,,,,,,,0,,0,,0,,1,2,2,4,4,1,5,4,0,,,,,,,,,,,,1,,1,,,,,,,,,," ",227601202,4,18.0079364776611
2,22,76,2,13,2,,"01",180,1,,,,,,,,,0,,0,,0,,2,2,4,4,4,1,5,5,0,,,,,,,,,,,,1,,1,,,,,,,,,," ",227601302,4,18.0079364776611
2,22,76,2,14,2,,"02",180,1,,,,,,,,,0,,0,,0,,1,4,1,4,4,2,5,4,0,,,,,,,,,,,,1,,1,,,,,,,,,," ",227601402,4,18.0079364776611
2,22,76,2,15,2,,"01",200,1,,,,,,,,,0,,0,,0,,1,4,1,3,5,1,5,4,0,,,,,,,,,,,,1,,1,,,,,,,,,," ",227601502,4,18.0079364776611
2,22,76,2,16,2,,"01",160,2,,,,,,,,,0,,0,,0,,2,5,2,4,3,2,5,2,0,,,,,,,,,,,,1,,1,,,,,,,,,," ",227601602,4,18.0079364776611
2,22,76,2,17,2,,"01",180,1,,,,,,,,,0,,0,,0,,2,2,2,5,5,1,5,2,0,,,,,,,,,,,,1,,1,,,,,,,,,," ",227601702,4,18.0079364776611
2,22,76,2,18,2,,"01",160,1,,,,,,,,,0,,0,,0,,1,2,5,4,1,1,4,4,0,,,,,,,,,,,,1,,1,,,,,,,,,," ",227601802,4,18.0079364776611
2,22,77,2,1,2,,"02",120,1,,,,,,,,,1,0,1,0,0,,888,888,888,888,888,888,888,888,0,,,,,,,,,,,,4,,1,,,,,,,,,," ",227700102,4,18.0079364776611
2,22,77,2,2,2,,"01",60,2,,,,,,,,,1,0,1,0,0,,888,2,888,888,888,888,4,888,0,,,,,,,,,,,,4,,1,,,,,,,,,," ",227700202,4,18.0079364776611
2,22,77,2,3,2,,"01",60,1,,,,,,,,,1,0,1,0,0,,888,2,2,888,888,888,4,888,0,,,,,,,,,,,,4,,1,,,,,,,,,," ",227700302,4,18.0079364776611
2,22,77,2,4,2,,"01",120,2,,,,,,,,,1,0,1,0,0,,888,2,2,888,888,888,2,888,0,,,,,,,,,,,,4,,1,,,,,,,,,," ",227700402,4,18.0079364776611
2,22,77,2,5,2,,"01",50,1,,,,,,,,,0,,0,,0,,2,2,2,2,2,2,2,888,0,,,,,,,,,,,,4,,,,,,,,,,,888," ",227700502,4,18.0079364776611
2,22,77,2,6,2,,"01",60,2,,,,,,,,,1,0,1,0,0,,888,888,888,888,888,888,888,888,0,,,,,,,,,,,,4,,1,,,,,,,,,," ",227700602,4,18.0079364776611
2,22,77,2,7,2,,"01",80,2,,,,,,,,,1,0,1,2,0,,888,2,2,888,888,888,888,888,0,,,,,,,,,,,,4,,1,,,,,,,,,," ",227700702,4,18.0079364776611
2,22,77,2,8,2,,"01",60,1,,,,,,,,,1,0,1,0,0,,888,2,888,888,888,888,4,888,0,,,,,,,,,,,,4,,1,,,,,,,,,," ",227700802,4,18.0079364776611
2,22,77,2,9,2,,"01",120,1,,,,,,,,,0,,0,,0,,4,1,1,888,2,1,888,3,0,,,,,,,,,,,,1,,1,,,,,,,,,," ",227700902,4,18.0079364776611
2,22,77,2,10,2,,"01",60,1,,,,,,,,,1,0,1,0,0,,888,2,2,888,888,888,4,888,0,,,,,,,,,,,,4,,1,,,,,,,,,," ",227701002,4,18.0079364776611
2,22,77,2,11,2,,"01",60,1,,,,,,,,,0,,0,,0,,888,888,888,888,888,888,888,888,0,,,,,,,,,,,,4,,1,,,,,,,,,," ",227701102,4,18.0079364776611
2,22,77,2,12,2,,"02",120,1,,,,,,,,,1,0,1,0,0,,888,2,2,2,888,888,4,888,0,,,,,,,,,,,,6,,,,1,,,,,,,," ",227701202,4,18.0079364776611
2,22,77,2,13,2,,"02",120,1,,,,,,,,,0,,0,,0,,888,2,1,888,888,2,888,3,0,,,,,,,,,,,,1,,1,,,,,,,,,," ",227701302,4,18.0079364776611
2,22,77,2,14,2,,"01",60,1,,,,,,,,,1,0,0,,0,,4,2,1,888,2,2,5,1,0,,,,,,,,,,,,4,,1,,,,,,,,,," ",227701402,4,18.0079364776611
2,22,77,2,15,2,,"02",200,1,,,,,,,,,0,,0,,0,,1,2,4,4,4,1,5,5,0,,,,,,,,,,,,1,,1,,,,,,,,,," ",227701502,4,18.0079364776611
2,22,77,2,16,2,,"01",200,1,,,,,,,,,0,,0,,0,,1,2,1,4,4,2,5,5,0,,,,,,,,,,,,1,,1,,,,,,,,,," ",227701602,4,18.0079364776611
2,22,77,2,17,2,,"02",60,1,,,,,,,,,1,0,1,0,0,,888,888,888,888,888,888,4,888,0,,,,,,,,,,,,4,,,1,,,,,,,,," ",227701702,4,18.0079364776611
2,22,77,2,18,2,,"02",45,1,,,,,,,,,0,,0,,0,,2,888,2,2,2,2,1,2,0,,,,,,,,,,,,4,,1,,,,,,,,,," ",227701802,4,18.0079364776611
2,22,78,2,1,2,,"01",50,1,,,,,,,,,0,,0,,0,,2,2,2,2,2,2,2,1,0,,,,,,,,,,,,4,,1,,,,,,,,,," ",227800102,4,18.0079364776611
2,22,78,2,2,2,,"01",50,1,,,,,,,,,0,,0,,0,,2,2,1,5,2,5,2,1,0,,,,,,,,,,,,4,,1,,,,,,,,,888," ",227800202,4,18.0079364776611
2,22,78,2,3,2,,"01",50,1,,,,,,,,,0,,0,,0,,1,2,1,4,4,4,4,4,0,,,,,,,,,,,,4,,1,,,,,,,,,," ",227800302,4,18.0079364776611
2,22,78,2,4,2,,"02",45,1,,,,,,,,,0,,0,,0,,2,1,2,888,5,5,2,2,0,,,,,,,,,,,,4,,1,,,,,,,,,," ",227800402,4,18.0079364776611
2,22,78,2,5,2,,"01",60,1,,,,,,,,,1,0,1,0,0,,4,2,2,888,888,888,4,888,0,,,,,,,,,,,,4,,1,,,,,,,,,," ",227800502,4,18.0079364776611
2,22,78,2,6,2,,"01",120,1,,,,,,,,,1,1,1,0,0,,2,2,2,888,2,2,4,2,0,,,,,,,,,,,,4,,1,,,,,,,,,," ",227800602,4,18.0079364776611
2,22,78,2,7,2,,"01",120,1,,,,,,,,,1,0,1,0,0,,2,2,2,888,888,888,4,2,0,,,,,,,,,,,,3,,1,,,,,,,,,," ",227800702,4,18.0079364776611
2,22,78,2,8,2,,"01",60,1,,,,,,,,,1,0,1,0,0,,888,2,2,2,2,2,4,2,0,,,,,,,,,,,,4,,,1,,,,,,,,," ",227800802,4,18.0079364776611
2,22,78,2,9,2,,"02",120,1,,5,5,9,9,9,9,5,1,0,1,0,0,,2,1,1,888,5,2,5,3,0,,,,,,,,,,,,555,8,1,,,,,,,,,," ",227800902,4,18.0079364776611
2,22,78,2,10,2,,"01",120,1,,,,,,,,,1,0,0,,0,,4,2,1,888,4,2,5,3,0,,,,,,,,,,,,1,,1,,,,,,,,,," ",227801002,4,18.0079364776611
2,22,78,2,11,2,,"01",180,1,,,,,,,,,1,0,1,0,0,,2,2,1,888,5,2,5,3,0,,,,,,,,,,,,555,8,1,,,,,,,,,," ",227801102,4,18.0079364776611
2,22,78,2,12,2,,"03",60,2,,,,,,,,,0,,0,,0,,888,2,1,888,4,1,5,3,0,,,,,,,,,,,,1,,1,,,,,,,,,," ",227801202,4,18.0079364776611
2,22,78,2,13,2,,"02",180,1,,,,,,,,,0,,1,0,0,,1,4,2,888,4,2,5,888,0,,,,,,,,,,,,2,,1,,,,,,,,,," ",227801302,4,18.0079364776611
2,22,78,2,14,2,,"01",170,2,,,,,,,,,1,0,1,0,0,,2,4,2,2,2,4,5,4,0,,,,,,,,,,,,1,,1,,,,,,,,,," ",227801402,4,18.0079364776611
2,22,78,2,15,2,,"01",180,2,,,,,,,,,0,,0,,0,,2,2,5,5,1,1,5,4,0,,,,,,,,,,,,1,,1,,,,,,,,,," ",227801502,4,18.0079364776611
2,22,78,2,16,2,,"01",40,1,,,,,,,,,1,0,0,,0,,1,1,1,2,2,2,5,2,0,,,,,,,,,,,,4,,1,,,,,,,,,," ",227801602,4,18.0079364776611
2,22,78,2,17,2,,"01",50,1,,,,,,,,,0,,0,,0,,5,1,1,1,5,1,5,1,0,,,,,,,,,,,,4,,1,,,,,,,,,," ",227801702,4,18.0079364776611
2,22,78,2,18,2,,"02",150,1,,5,5,3,3,3,3,5,1,0,0,,0,,1,1,1,1,1,1,5,1,1,0,1,,2,,,,1,4,1,0,1,,1,,,,,,,,,," ",227801802,4,18.0079364776611
2,23,79,1,1,1,191.269876666667,"02",60,2,2,,,,,,,,1,1,1,0,0,,2,2,888,888,888,888,2,888,1,0,1,,4,,,,1,2,1,0,1,,,,,,,,,,,," ",237900102,,
2,23,79,1,2,1,191.269876666667,"01",60,2,2,,,,,,,,1,1,0,,0,,2,888,5,888,888,888,888,888,1,0,1,,2,,,,1,4,2,1,1,,,,,,,,,,,," ",237900202,,
2,23,79,1,3,1,191.269876666667,"02",120,2,2,,,,,,,,1,1,0,,0,,2,2,888,888,888,888,2,888,1,0,1,,2,,,,1,2,1,1,1,,,,,,,,,,,," ",237900302,,
2,23,79,1,4,1,191.269876666667,"02",60,2,2,,,,,,,,1,1,0,,0,,2,2,888,888,888,3,888,888,1,0,1,,3,,,,1,4,2,0,1,,,,,,,,,,,," ",237900402,,
2,23,79,1,5,1,191.269876666667,"02",40,1,2,,,,,,,,1,0,1,3,0,,1,2,2,888,2,888,888,3,1,0,1,,2,,,,1,2,1,1,2,,,,,,,,,,,," ",237900502,,
2,23,79,1,6,1,133.4441,"01",40,1,2,,,,,,,,1,0,1,3,0,,888,1,888,888,2,888,4,3,1,0,1,,3,,,,1,4,2,1,2,,,,,,,,,,,," ",237900602,,
2,23,79,1,7,1,133.4441,"01",150,2,2,,,,,,,,1,0,1,1,0,,1,1,1,4,2,888,5,3,1,1,2,,,4,3,,1,4,2,1,2,,,,,,,,,,,," ",237900702,,
2,23,79,1,8,1,133.4441,"02",210,2,2,2,2,2,2,2,2,2,1,0,1,3,0,,1,2,2,3,1,888,5,3,1,0,2,,,2,2,,1,2,0,1,8,,,,,,,,,,,," ",237900802,,
2,23,79,1,9,1,133.4441,"01",120,1,2,,,,,,,,0,,0,,0,,2,3,2,2,1,888,2,888,0,,,,,,,,,,,,4,,,,,,,,,,,," ",237900902,,
2,23,79,1,10,1,191.269876666667,"01",40,2,2,,,,,,,,0,,0,,0,,888,888,888,2,2,1,2,2,0,,,,,,,,,,,,4,,,,,,,,,,,," ",237901002,,
2,23,79,1,11,1,133.4441,"01",120,1,2,,,,,,,,0,,0,,0,,1,2,2,1,1,2,2,2,0,,,,,,,,,,,,3,,,,,,,,,,,," ",237901102,,
2,23,79,1,12,1,133.4441,"01",120,2,2,,,,,,,,0,,0,,0,,2,2,2,2,1,888,2,888,0,,,,,,,,,,,,4,,,,,,,,,,,," ",237901202,,
2,23,79,1,13,1,191.269876666667,"01",160,2,2,,,,,,,,0,,1,0,0,,2,2,888,5,1,4,5,4,0,,,,,,,,,,,,1,,,,,,,,,,,," ",237901302,,
2,23,79,1,14,1,191.269876666667,"01",120,1,2,,,,,,,,0,,0,,0,,2,2,888,888,2,888,4,888,0,,,,,,,,,,,,1,,,,,,,,,,,," ",237901402,,
2,23,79,1,15,1,133.4441,"05",240,1,2,,,,,,,,0,,0,,0,,2,2,2,4,2,4,5,2,1,1,1,,3,,,,1,2,2,0,1,,,,,,,,,,,," ",237901502,,
2,23,79,1,16,1,133.4441,"04",240,2,2,,,,,,,,1,0,1,0,0,,2,2,888,888,2,888,5,4,1,0,1,,2,,,,1,2,2,1,1,,,,,,,,,,,," ",237901602,,
2,23,79,1,17,1,191.269876666667,"02",120,1,2,,,,,,,,0,,0,,0,,2,1,2,2,4,888,5,3,0,0,1,,2,,,,1,3,2,1,1,,,,,,,,,,,," ",237901702,,
2,23,79,1,18,1,133.4441,"02",90,2,2,,,,,,,,0,,0,,0,,2,1,888,888,4,888,2,5,1,0,1,,2,,,,1,4,1,0,1,,,,,,,,,,,," ",237901802,,
2,23,80,2,1,1,943.521016042781,"02",120,2,,,,,,,,,0,,0,,0,,2,1,888,888,4,888,4,888,1,0,1,,4,,,,1,2,1,0,1,,,,,,,,,,,," ",238000102,,
2,23,80,2,2,1,943.521016042781,"02",180,2,,,,,,,,,0,,0,,0,,888,1,888,888,2,888,1,888,0,,,,,,,,,,,,1,,,,,,,,,,,," ",238000202,,
2,23,80,2,3,1,2800.61,"02",120,2,,,,,,,,,1,888,0,,0,,888,888,888,3,4,888,5,3,1,0,1,,2,,,,1,3,2,0,1,,,,,,,,,,,," ",238000302,,
2,23,80,2,4,1,943.521016042781,"02",60,2,,,,,,,,,0,,0,,0,,888,1,888,888,4,888,888,888,1,0,2,,,3,2,,1,3,1,1,1,,,,,,,,,,,," ",238000402,,
2,23,80,2,5,1,943.521016042781,"01",60,2,,,,,,,,,1,0,1,2,0,,888,888,888,888,888,888,888,888,1,0,2,,,2,2,,1,2,1,1,2,,,,,,,,,,,," ",238000502,,
2,23,80,2,6,1,943.521016042781,"02",30,2,,,,,,,,,1,0,1,1,0,,888,888,888,888,888,888,888,888,1,0,1,,3,,,,1,4,2,1,2,,,,,,,,,,,," ",238000602,,
2,23,80,2,7,1,2800.61,"01",50,2,,,,,,,,,0,,1,2,0,,888,888,888,888,888,888,888,888,1,0,2,,,3,2,,1,3,1,1,2,,,,,,,,,,,," ",238000702,,
2,23,80,2,8,1,943.521016042781,"01",240,2,,,,,,,,,0,,0,,0,,2,2,2,888,888,888,888,888,1,0,1,,2,,,,1,4,1,1,1,,,,,,,,,,,," ",238000802,,
2,23,80,2,9,1,943.521016042781,"02",90,2,,,,,,,,,0,,0,,0,,2,888,888,888,888,888,3,888,1,0,1,,4,,,,1,2,1,1,1,,,,,,,,,,,," ",238000902,,
2,23,80,2,10,1,2800.61,"02",120,2,,,,,,,,,0,,0,,0,,2,2,2,888,2,2,2,888,0,,,,,,,,,,,,1,,,,,,,,,,,," ",238001002,,
2,23,80,2,11,1,2800.61,"02",60,2,,,,,,,,,0,,0,,0,,2,2,2,2,2,2,2,2,1,0,1,,4,,,,1,3,2,1,1,,,,,,,,,,,," ",238001102,,
2,23,80,2,12,1,943.521016042781,"02",45,2,,,,,,,,,0,,0,,0,,888,2,2,1,1,888,2,2,1,0,2,,,4,4,,1,5,2,1,1,,,,,,,,,,,," ",238001202,,
2,23,80,2,13,1,943.521016042781,"01",45,2,,2,2,2,2,2,2,2,0,,0,,0,,2,1,888,888,888,888,888,888,1,0,1,,2,,,,3,2,2,1,1,,,,,,,,,,,," ",238001302,,
2,23,80,2,14,1,943.521016042781,"01",45,2,,1,1,1,1,1,1,1,0,,0,,0,,2,2,2,2,1,4,3,4,0,,,,,,,,,,,,1,,,,,,,,,,,," ",238001402,,
2,23,80,2,15,1,943.521016042781,"01",120,2,,,,,,,,,0,,0,,0,,1,4,2,2,2,2,5,2,0,,,,,,,,,,,,1,,,,,,,,,,,," ",238001502,,
2,23,80,2,16,1,2800.61,"02",180,1,,,,,,,,,1,0,0,,0,,1,2,2,3,4,2,4,3,1,1,1,,2,,,,1,2,2,1,1,,,,,,,,,,,," ",238001602,,
2,23,80,2,17,1,2800.61,"01",120,2,,,,,,,,,0,,0,,0,,2,2,4,4,2,4,5,888,1,0,1,,2,,,,1,2,1,1,1,,,,,,,,,,,," ",238001702,,
2,23,80,2,18,1,2800.61,"02",120,1,,,,,,,,,0,,0,,0,,2,2,2,888,2,888,2,888,1,1,1,,3,,,,1,3,2,1,1,,,,,,,,,,,," ",238001802,,
2,23,81,2,1,1,1569.95834545455,"02",240,2,,,,,,,,,1,0,1,2,0,,2,2,4,888,2,888,4,4,1,0,1,,2,,,,1,4,1,1,1,,,,,,,,,,,," ",238100102,,
2,23,81,2,2,1,1569.95834545455,"02",190,2,,,,,,,,,1,1,1,2,0,,2,2,4,4,2,4,5,3,0,,,,,,,,,,,,1,,,,,,,,,,,," ",238100202,,
2,23,81,2,3,1,1569.95834545455,"03",200,1,,,,,,,,,1,0,1,1,0,,1,2,888,2,1,5,4,4,1,1,1,,4,,,,1,5,1,1,1,,,,,,,,,,,," ",238100302,,
2,23,81,2,4,1,1569.95834545455,"01",120,2,,,,,,,,,1,0,1,1,0,,1,2,888,888,2,888,2,888,1,1,1,,3,,,,1,5,2,1,1,,,,,,,,,,,," ",238100402,,
2,23,81,2,5,1,1451.222,"01",130,1,,,,,,,,,0,,0,,0,,2,1,2,2,2,888,2,2,1,1,1,,2,,,,1,2,2,1,1,,,,,,,,,,,," ",238100502,,
2,23,81,2,6,1,1451.222,"01",120,1,,,,,,,,,0,,0,,0,,1,2,2,2,4,4,2,2,1,1,1,,2,,,,1,2,2,1,6,,,,,,,,,,,," ",238100602,,
2,23,81,2,7,1,1451.222,"01",50,1,,,,,,,,,0,,0,,0,,2,2,2,2,5,888,1,2,0,,,,,,,,,,,,1,,,,,,,,,,,," ",238100702,,
2,23,81,2,8,1,1451.222,"01",150,1,,,,,,,,,0,,0,,0,,2,2,1,2,2,2,2,5,0,,,,,,,,,,,,1,,,,,,,,,,,," ",238100802,,
2,23,81,2,9,1,1569.95834545455,"02",60,2,,,,,,,,,0,,0,,0,,888,1,888,888,4,888,5,888,1,0,2,,,3,2,,1,5,2,1,1,,,,,,,,,,,," ",238100902,,
2,23,81,2,10,1,1451.222,"03",120,2,,,,,,,,,1,0,0,,0,,2,2,2,888,888,888,5,888,1,1,1,,3,,,,1,3,1,1,1,,1,,,,,,,,,," ",238101002,,
2,23,81,2,11,1,1451.222,"02",270,1,,,,,,,,,1,0,1,1,0,,1,1,1,4,1,888,888,3,1,1,2,,,2,2,,1,2,2,1,8,,,,,,,,,,,," ",238101102,,
2,23,81,2,12,1,1451.222,"02",60,1,,,,,,,,,1,0,1,2,0,,2,888,2,2,2,2,2,2,1,1,1,,3,,,,1,5,2,0,1,,,,,,,,,,,," ",238101202,,
2,23,81,2,13,1,1569.95834545455,"01",60,2,,,,,,,,,1,0,0,,0,,2,888,888,888,888,888,888,888,1,0,1,,2,,,,1,4,2,0,1,,,,,,,,,,,," ",238101302,,
2,23,81,2,14,1,1569.95834545455,"01",180,2,,,,,,,,,1,1,1,4,0,,2,2,888,888,3,888,888,888,1,0,1,,2,,,,1,5,2,1,1,,,,,,,,,,,," ",238101402,,
2,23,81,2,15,1,1569.95834545455,"02",120,2,,,,,,,,,1,1,1,2,0,,888,2,2,888,888,888,4,888,1,0,1,,3,,,,1,4,1,0,1,,,,,,,,,,,," ",238101502,,
2,23,81,2,16,1,1569.95834545455,"02",60,2,,,,,,,,,1,0,1,1,0,,3,2,888,888,888,5,888,888,1,0,1,,3,,,,1,5,2,0,1,,,,,,,,,,,," ",238101602,,
2,23,81,2,17,1,1569.95834545455,"01",30,2,,,,,,,,,0,,0,,0,,888,2,888,888,4,888,5,3,1,0,1,,3,,,,1,4,1,0,6,,,,,,,,,,,," ",238101702,,
2,23,81,2,18,1,1569.95834545455,"02",60,2,,,,,,,,,1,0,1,888,0,,888,1,888,2,4,888,5,888,1,0,1,,2,,,,1,4,2,1,4,,,,,,,,,,,," ",238101802,,
2,23,82,2,1,1,2203.36932666667,"01",40,2,,,,,,,,,1,0,1,2,0,,1,2,888,888,1,888,1,3,1,0,1,,2,,,,1,2,1,1,2,,,,,,,,,,,," ",238200102,,
2,23,82,2,2,1,2203.36932666667,"05",40,2,,,,,,,,,1,3,1,3,0,,888,888,888,888,888,888,888,888,1,1,1,,2,,,,1,2,2,1,2,,,,,,,,,,,," ",238200202,,
2,23,82,2,3,1,2203.36932666667,"02",120,2,,,,,,,,,0,,1,2,0,,1,1,2,3,1,888,888,3,1,0,1,,2,,,,1,2,1,1,2,,,,,,,,,,,," ",238200302,,
2,23,82,2,4,1,2203.36932666667,"01",60,2,,,,,,,,,1,0,1,0,1,0,888,2,888,3,4,888,2,888,1,0,2,,,3,2,,1,3,1,0,1,,,,,,,,,,,," ",238200402,,
2,23,82,2,5,1,2203.36932666667,"02",60,2,,,,,,,,,0,,0,,0,,888,1,888,888,2,888,2,888,1,0,1,,2,,,,1,3,1,1,1,,,,,,,,,,,," ",238200502,,
2,23,82,2,6,1,2203.36932666667,"04",120,2,,,,,,,,,0,,0,,0,,888,2,888,888,888,888,888,3,1,0,1,,2,,,,1,3,2,0,2,,,,,,,,,,,," ",238200602,,
2,23,82,2,7,1,2203.36932666667,"01",60,2,,,,,,,,,1,0,1,888,0,,888,1,888,3,4,888,2,888,1,0,1,,2,,,,1,4,2,1,1,,,,,,,,,,,," ",238200702,,
2,23,82,2,8,1,2485.003,"02",120,2,,,,,,,,,0,,0,,0,,2,2,2,888,888,888,2,888,1,0,1,,4,,,,1,2,0,1,1,,,,,,,,,,,," ",238200802,,
2,23,82,2,9,1,2485.003,"02",60,1,,,,,,,,,0,,0,,0,,2,2,888,888,888,888,4,888,1,0,1,,2,,,,1,2,2,1,1,,,,,,,,,,,," ",238200902,,
2,23,82,2,10,1,2485.003,"02",40,2,,,,,,,,,0,,1,0,0,,888,2,888,888,888,888,4,888,1,0,1,,2,,,,1,2,1,1,1,,,,,,,,,,,," ",238201002,,
2,23,82,2,11,1,2485.003,"02",60,2,,,,,,,,,0,,1,0,0,,2,2,888,888,888,888,2,888,1,1,1,,2,,,,1,2,1,1,1,,,,,,,,,,,," ",238201102,,
2,23,82,2,12,1,2485.003,"02",50,1,,,,,,,,,0,,0,,0,,1,2,2,2,2,2,4,888,1,1,1,,5,,,,1,6,2,1,4,,,,,,,,,,,," ",238201202,,
2,23,82,2,13,1,2485.003,"06",120,2,,,,,,,,,0,,0,,0,,2,1,2,2,4,4,5,888,0,,,,,,,,,,,,4,,,,,,,,,,,," ",238201302,,
2,23,82,2,14,1,2203.36932666667,"02",45,2,,,,,,,,,0,,0,,0,,2,2,2,2,1,5,2,2,0,,,,,,,,,,,,4,,,,1,,,,,,,," ",238201402,,
2,23,82,2,15,1,2203.36932666667,"02",180,1,,,,,,,,,0,,0,,0,,2,2,888,4,2,888,5,5,1,0,1,,2,,,,1,2,3,1,1,,,,,,,,,,,," ",238201502,,
2,23,82,2,16,1,2203.36932666667,"03",180,2,,,,,,,,,0,,0,,0,,2,2,888,5,2,5,4,4,1,0,1,,3,,,,1,4,2,0,1,,,,,,,,,,,," ",238201602,,
2,23,82,2,17,1,2203.36932666667,"02",120,1,,,,,,,,,1,0,1,3,0,,2,2,888,888,2,4,5,4,1,0,1,,2,,,,1,4,1,1,5,,,,,,,,,,,," ",238201702,,
2,23,82,2,18,1,2203.36932666667,"01",180,1,,,,,,,,,0,,0,,0,,2,2,2,4,2,5,5,888,1,0,1,,2,,,,1,2,2,1,1,,,,,,,,,,,," ",238201802,,
2,24,83,2,1,1,1305.621,"01",120,2,,,,,,,,,0,,1,4,0,,888,2,888,3,4,888,4,3,1,0,1,,2,,,,1,3,0,1,6,,,,,,,,,,,," ",248300102,,
2,24,83,2,2,1,1305.621,"01",60,2,,,,,,,,,0,,1,4,0,,2,2,2,888,888,888,2,2,0,,,,,,,,,,,,2,,,,,,,,,,,," ",248300202,,
2,24,83,2,3,1,1305.621,"01",180,2,,1,1,1,1,1,1,2,0,,1,4,0,,3,888,888,888,888,888,888,888,1,0,1,,2,,,,1,2,1,1,2,,,,,,,,,,,," ",248300302,,
2,24,83,2,4,1,1305.621,"01",120,2,,1,1,1,1,1,1,1,0,,0,,0,,888,888,888,888,888,888,2,888,1,0,1,,2,,,,1,2,2,0,555,2,,,,,,,,,,," ",248300402,,
2,24,83,2,5,1,1305.621,"02",120,2,,,,,,,,,1,0,0,,0,,2,2,2,2,2,2,2,2,1,0,1,,3,,,,1,3,1,1,2,,,,,,,,,,,," ",248300502,,
2,24,83,2,6,1,1305.621,"02",120,2,,,,,,,,,1,0,0,,0,,2,2,2,2,2,2,2,2,1,0,2,,,3,3,,1,3,2,1,2,,,,,,,,,,,," ",248300602,,
2,24,83,2,7,1,1305.621,"01",60,2,,,,,,,,,0,,1,4,1,4,888,1,1,4,2,4,4,2,0,,,,,,,,,,,,1,,,,,,,,,,,," ",248300702,,
2,24,83,2,8,1,1305.621,"02",180,2,,,,,,,,,1,2,1,4,0,,888,2,888,2,2,888,5,3,0,,,,,,,,,,,,5,,,,,,,,,,,," ",248300802,,
2,24,83,2,9,1,1305.621,"01",65,2,,,,,,,,,0,,1,4,0,,3,4,888,888,2,888,3,5,0,,,,,,,,,,,,1,,,,,,,,,,,," ",248300902,,
2,24,83,2,10,1,1305.621,"03",95,2,,,,,,,,,0,,1,0,0,,4,1,888,2,2,5,5,3,1,0,2,,,3,2,,2,2,1,1,1,,,,,,,,,,,," ",248301002,,
2,24,83,2,11,1,1305.621,"01",180,1,,,,,,,,,0,,0,,0,,888,2,2,2,2,2,4,888,1,0,2,,,3,2,,1,5,3,1,2,,,,,,,,,,,," ",248301102,,
2,24,83,2,12,1,1305.621,"01",60,2,,,,,,,,,0,,1,4,1,4,2,1,1,5,4,888,888,2,0,,,,,,,,,,,,1,,,,,,,,,,,," ",248301202,,
2,24,83,2,13,1,1305.621,"01",60,2,,,,,,,,,1,888,1,4,0,,888,2,888,888,4,888,4,888,0,,,,,,,,,,,,5,,,,,,,,,,,," ",248301302,,
2,24,83,2,14,1,1305.621,"01",240,1,,,,,,,,,0,,0,,1,4,1,2,3,3,1,5,1,888,1,0,1,,2,,,,3,3,3,1,1,,,,,,,,,,,," ",248301402,,
2,24,83,2,15,1,1305.621,"01",60,2,,,,,,,,,1,4,1,4,0,,888,2,888,888,4,888,888,888,1,0,1,,2,,,,1,4,2,1,6,,,,,,,,,,,," ",248301502,,
2,24,83,2,16,1,1305.621,"02",120,2,,1,1,1,1,1,1,1,1,0,0,,0,,2,2,2,2,2,2,2,2,1,0,1,,3,,,,1,3,2,0,1,,,,,,,,,,,," ",248301602,,
2,24,83,2,17,1,1305.621,"02",120,2,,,,,,,,,0,,1,4,1,4,1,1,1,4,2,4,2,1,0,,,,,,,,,,,,2,,,,,,,,,,,," ",248301702,,
2,24,83,2,18,1,1305.621,"01",60,2,,,,,,,,,1,0,1,0,0,,4,2,2,888,2,2,2,2,1,0,1,,2,,,,1,2,1,0,2,,,,,,,,,,,," ",248301802,,
2,24,84,2,1,1,72.2506289308176,"01",45,2,,1,3,1,3,3,3,3,0,,1,4,0,,4,1,888,4,1,3,4,4,1,0,2,,,2,2,,1,3,1,1,1,,,,,,,,,,,," ",248400102,,
2,24,84,2,2,1,72.2506289308176,"01",80,2,,,,,,,,,1,0,1,4,0,,5,2,4,2,2,3,1,4,1,0,1,,3,,,,1,3,2,0,2,,,,,,,,,,,," ",248400202,,
2,24,84,2,3,1,1044.35,"02",30,2,,3,3,3,3,3,3,3,0,,1,4,0,,1,1,888,4,1,888,1,888,0,,,,,,,,,,,,1,,,,,,,,,,,," ",248400302,,
2,24,84,2,4,1,72.2506289308176,"02",120,1,,,,,,,,,1,0,1,4,0,,888,1,888,888,4,888,5,5,1,0,1,,4,,,,1,5,2,1,1,,,,,,,,,,,," ",248400402,,
2,24,84,2,5,1,72.2506289308176,"01",60,2,,,,,,,,,0,,1,4,1,4,2,1,1,4,4,2,1,1,0,,,,,,,,,,,,2,,,,,,,,,,,," ",248400502,,
2,24,84,2,6,1,1044.35,"04",300,1,,,,,,,,,1,0,1,3,0,,2,1,2,5,2,4,5,4,1,1,2,,,3,2,,1,3,2,1,5,,,,,,,,,,,," ",248400602,,
2,24,84,2,7,1,72.2506289308176,"02",60,1,,1,1,1,1,1,1,1,0,,1,0,0,,1,1,888,888,1,888,2,888,1,0,4,3,,,,,3,3,1,0,2,,,,,,,,,,,," ",248400702,,
2,24,84,2,8,1,1044.35,"02",120,1,,,,,,,,,1,4,1,4,0,,2,2,2,3,5,2,2,1,1,0,1,,2,,,,1,2,0,1,2,,,,,,,,,,,," ",248400802,,
2,24,84,2,9,1,1044.35,"02",120,1,,,,,,,,,0,,0,,0,,2,2,2,4,2,2,4,888,1,0,1,,3,,,,1,3,2,0,4,,,,,,,,,,,," ",248400902,,
2,24,84,2,10,1,1044.35,"02",60,1,,3,3,3,3,3,2,3,0,,1,4,1,0,2,1,1,5,2,2,5,4,1,1,1,,3,,,,1,5,4,1,5,,,,,,,,,,,," ",248401002,,
2,24,84,2,11,1,72.2506289308176,"01",30,2,,,,,,,,,1,0,0,,0,,2,2,4,4,2,2,4,888,1,0,3,,,,,2,1,2,2,0,2,,,,,,,,,,,," ",248401102,,
2,24,84,2,14,1,72.2506289308176,"01",45,1,,3,3,1,3,1,1,3,0,,1,4,0,,2,2,5,2,1,2,4,4,0,,,,,,,,,,,,1,,,,,,,,,,,," ",248401402,,
2,24,84,2,15,1,1044.35,"02",120,1,,,,,,,,,0,,1,4,1,4,1,1,1,4,4,2,2,1,0,,,,,,,,,,,,5,,,,,,,,,,,," ",248401502,,
2,24,84,2,16,1,1044.35,"02",120,1,,,,,,,,,0,,0,,0,,2,2,888,1,2,1,4,888,1,0,1,,3,,,,1,5,0,1,1,,,,,,,,,,,," ",248401602,,
2,24,84,2,17,1,1044.35,"02",120,1,,,,,,,,,0,,0,,1,4,1,1,1,4,2,4,2,1,1,1,1,,3,,,,1,3,2,0,2,,,,,,,,,,,," ",248401702,,
2,24,84,2,18,1,1044.35,"06",60,1,,,,,,,,,0,,0,,0,,2,2,2,2,2,2,2,2,1,1,2,,,5,3,,1,5,1,1,4,,,,,,,,,,,," ",248401802,,
2,24,84,2,19,1,1044.35,"02",120,1,,,,,,,,,1,0,1,0,0,,4,2,2,888,2,2,2,888,1,1,2,,,4,4,,1,4,2,0,6,,,,,,,,,,,," ",248401902,,
2,24,84,2,20,1,1044.35,"05",180,1,,3,5,3,3,3,3,5,0,,0,,1,4,1,1,1,4,5,2,2,1,1,1,2,,,3,2,,1,3,2,0,4,,,,,,,,,,,," ",248402002,,
2,24,85,1,1,1,176.1393,"06",180,1,1,5,5,3,3,3,3,5,0,,0,,1,4,1,1,1,4,2,4,5,1,1,1,1,,3,,,,1,3,2,0,4,,,,,,,,,,,," ",248500102,,
2,24,85,1,2,1,176.1393,"02",120,1,1,3,5,3,3,3,5,5,0,,0,,1,4,1,1,1,4,2,4,4,1,0,,,,,,,,,,,,4,,,,,,,,,,,," ",248500202,,
2,24,85,1,3,1,176.1393,"03",100,1,1,5,5,3,3,3,5,3,0,,1,4,0,,2,1,2,2,3,4,4,2,1,1,1,,3,,,,1,3,2,0,1,,,,,,,,,,,," ",248500302,,
2,24,85,1,4,1,176.1393,"02",180,1,1,3,3,2,3,2,3,5,1,0,1,2,0,,2,2,1,2,2,4,5,2,1,1,2,,,3,2,,1,3,2,1,5,,,,,,,,,,,," ",248500402,,
2,24,85,1,5,1,176.1393,"04",100,1,1,3,5,3,5,3,3,5,0,,1,4,0,,4,1,2,2,2,3,4,2,0,,,,,,,,,,,,1,,,,,,,,,,,," ",248500502,,
2,24,85,1,6,1,176.1393,"02",60,1,2,,,,,,,,0,,0,,1,4,1,1,1,4,2,4,2,2,1,1,1,,2,,,,1,3,2,0,6,,,,,,,,,,,," ",248500602,,
2,24,85,1,7,1,176.1393,"06",180,1,1,3,3,3,5,3,3,5,0,,0,,1,4,2,1,1,5,2,4,4,1,0,,,,,,,,,,,,4,,,,,,,,,,,," ",248500702,,
2,24,85,1,8,1,176.1393,"03",30,1,1,2,2,2,2,2,2,2,0,,1,0,0,,2,2,2,2,2,2,2,888,0,,,,,,,,,,,,1,,,,,,,,,,,," ",248500802,,
2,24,85,1,9,1,176.1393,"06",60,1,1,,,,,,,,1,0,1,4,0,,888,1,1,4,2,4,5,2,0,,,,,,,,,,,,4,,,,,,,,,,,," ",248500902,,
2,24,85,1,10,1,176.1393,"02",120,1,1,3,3,3,3,3,3,5,0,,0,,0,,1,2,2,2,2,2,2,2,1,1,1,,3,,,,1,3,3,0,4,,,,,,,,,,,," ",248501002,,
2,24,85,1,11,1,176.1393,"02",60,1,1,2,2,3,3,3,3,3,1,0,1,4,0,,4,2,2,1,2,2,4,1,1,1,2,,,6,6,,1,6,2,0,4,,,,,,,,,,,," ",248501102,,
2,24,85,1,12,1,176.1393,"02",180,1,1,5,5,3,5,3,5,5,1,0,1,1,0,,1,2,1,2,4,2,4,2,1,1,1,,3,,,,1,3,3,0,4,,,,,,,,,,,," ",248501202,,
2,24,85,1,13,1,176.1393,"02",240,1,1,3,3,2,3,2,3,5,1,0,1,1,0,,888,2,2,4,2,1,888,2,1,1,2,,,3,2,,1,3,2,0,5,,,,,,,,,,,," ",248501302,,
2,24,85,1,14,1,176.1393,"02",60,1,1,3,3,3,5,3,5,5,0,,0,,0,,1,1,1,1,1,2,2,888,0,,,,,,,,,,,,4,,,,,,,,,,,," ",248501402,,
2,24,85,1,15,1,176.1393,"03",120,1,1,3,3,3,5,3,5,5,0,,0,,0,,2,2,2,4,2,2,4,4,0,,,,,,,,,,,,4,,,,,,,,,,,," ",248501502,,
2,24,85,1,16,1,176.1393,"03",120,1,1,5,3,3,5,3,5,5,0,,1,4,0,,4,1,1,2,4,1,2,2,1,1,1,,2,,,,1,2,2,1,5,,,,,,,,,,,," ",248501602,,
2,24,85,1,17,1,176.1393,"02",60,1,1,,,,,,,,0,,1,3,0,,4,888,1,2,4,1,5,1,0,,,,,,,,,,,,5,,,,,,,,,,,," ",248501702,,
2,24,85,1,18,1,176.1393,"02",120,1,1,3,3,3,5,3,5,5,0,,0,,0,,2,2,2,2,2,2,2,2,0,,,,,,,,,,,,4,,,,,,,,,,,," ",248501802,,
2,24,86,1,1,1,27.0131744680851,"02",60,1,2,,,,,,,,1,0,0,,0,,2,2,2,2,2,2,2,2,0,,,,,,,,,,,,2,,,,,,,,,,,," ",248600102,,
2,24,86,1,2,1,27.0131744680851,"02",120,2,2,,,,,,,,1,0,0,,0,,2,2,2,2,2,2,2,2,0,,,,,,,,,,,,2,,,,,,,,,,,," ",248600202,,
2,24,86,1,3,1,105.8016,"01",240,1,2,,,,,,,,0,,0,,0,,4,2,888,888,3,3,2,888,0,,,,,,,,,,,,5,,,,,,,,,,,," ",248600302,,
2,24,86,1,4,1,105.8016,"02",120,2,2,,,,,,,,0,,1,4,1,4,1,2,2,4,4,2,4,1,0,,,,,,,,,,,,1,,,,,,,,,,,," ",248600402,,
2,24,86,1,5,1,105.8016,"02",60,1,1,,,,,,,,0,,0,,0,,1,1,2,1,1,1,1,1,1,1,4,2,,,,,3,3,1,0,1,,,,,,,,,,,," ",248600502,,
2,24,86,1,6,1,105.8016,"01",120,1,2,3,3,3,3,3,3,3,0,,0,,0,,888,2,888,2,2,4,4,2,1,0,1,,3,,,,1,5,1,0,2,,,,,,,,,,,," ",248600602,,
2,24,86,1,7,1,105.8016,"02",120,1,2,,,,,,,,0,,0,,1,4,1,1,1,2,2,4,1,1,0,,,,,,,,,,,,1,,,,,,,,,,,," ",248600702,,
2,24,86,1,8,1,105.8016,"01",120,2,2,,,,,,,,0,,1,4,0,,888,1,888,888,4,888,888,888,0,,,,,,,,,,,,5,,,,,,,,,,,," ",248600802,,
2,24,86,1,9,1,105.8016,"01",50,2,2,,,,,,,,0,,1,4,1,0,2,1,3,4,2,1,4,1,0,,,,,,,,,,,,2,,,,,,,,,,,," ",248600902,,
2,24,86,1,10,1,105.8016,"02",90,1,2,,,,,,,,1,0,1,4,0,,2,2,4,2,1,3,2,3,1,0,1,,2,,,,1,2,3,1,2,,,,,,,,,,,," ",248601002,,
2,24,86,1,12,1,105.8016,"03",360,1,2,,,,,,,,0,,1,4,0,,1,1,888,2,4,2,5,2,0,,,,,,,,,,,,5,,,,,,,,,,,," ",248601202,,
2,24,86,1,13,1,105.8016,"02",45,1,2,,,,,,,,1,0,1,3,0,,1,1,1,1,1,2,2,3,0,,,,,,,,,,,,2,,,,,,,,,,,," ",248601302,,
2,24,86,1,14,1,105.8016,"01",120,1,2,,,,,,,,0,,1,4,0,,2,2,1,3,2,4,2,1,0,,,,,,,,,,,,1,,,,,,,,,,,," ",248601402,,
2,24,86,1,15,1,105.8016,"01",180,1,1,,,,,,,,1,0,0,,0,,2,2,2,2,2,2,2,2,1,1,1,,4,,,,1,4,2,0,4,,,,,,,,,,,," ",248601502,,
2,24,86,1,16,1,105.8016,"02",240,1,2,3,3,3,3,3,3,5,0,,1,2,0,,1,2,2,5,2,5,5,4,1,0,1,,3,,,,1,3,2,1,5,,,,,,,,,,,," ",248601602,,
2,24,86,1,17,1,105.8016,"02",90,1,2,,,,,,,,0,,0,,1,4,1,1,1,4,2,4,2,1,0,,,,,,,,,,,,1,,,,,,,,,,,," ",248601702,,
2,24,86,1,18,1,105.8016,"01",60,1,2,,,,,,,,0,,1,4,1,4,1,1,1,4,4,2,1,1,1,1,1,,2,,,,1,3,1,0,2,,,,,,,,,,,," ",248601802,,
2,24,86,1,19,1,105.8016,"02",120,1,2,,,,,,,,0,,0,,0,,888,888,2,1,3,888,4,888,1,1,2,,,4,2,,3,6,2,0,2,,,,,,,,,,,," ",248601902,,
2,24,87,2,1,1,1630.48,"02",180,1,,,,,,,,,0,,1,4,0,,2,1,4,2,2,4,4,5,1,0,1,,2,,,,1,2,2,1,2,,,,,,,,,,,," ",248700102,,
2,24,87,2,2,1,1630.48,"02",120,1,,,,,,,,,1,0,1,0,0,,2,3,2,1,4,2,3,3,1,0,2,,,3,2,,3,6,2,1,2,,,,,,,,,,,," ",248700202,,
2,24,87,2,3,1,1630.48,"01",120,1,,,,,,,,,1,0,0,,0,,2,2,1,3,2,4,2,3,1,0,1,,4,,,,1,4,3,0,4,,,,,,,,,,,," ",248700302,,
2,24,87,2,4,1,1630.48,"01",120,2,,,,,,,,,0,,1,4,1,4,2,1,1,4,4,2,2,1,0,,,,,,,,,,,,1,,,,,,,,,,,," ",248700402,,
2,24,87,2,5,1,1630.48,"01",160,1,,,,,,,,,1,2,1,4,0,,2,2,3,1,2,4,4,3,1,0,1,,2,,,,1,3,2,1,1,,,,,,,,,,,," ",248700502,,
2,24,87,2,6,1,1630.48,"02",60,2,,,,,,,,,1,0,0,,0,,1,1,1,2,2,2,2,2,0,,,,,,,,,,,,6,,,,,,,,,,,," ",248700602,,
2,24,87,2,7,1,1630.48,"02",60,2,,,,,,,,,1,0,1,0,0,,1,1,1,1,1,2,1,1,1,0,1,,2,,,,1,2,2,0,2,,,,,,,,,,,," ",248700702,,
2,24,87,2,8,1,1630.48,"03",120,2,,,,,,,,,0,,1,4,1,4,1,1,1,4,4,2,4,2,1,0,1,,3,,,,1,3,2,1,1,,,,,,,,,,,," ",248700802,,
2,24,87,2,9,1,1630.48,"01",120,2,,,,,,,,,0,,0,,0,,888,888,888,888,3,888,2,3,1,0,1,,2,,,,1,2,1,1,2,,,,,,,,,,,," ",248700902,,
2,24,87,2,10,1,1630.48,"01",300,2,,,,,,,,,0,,0,,0,,888,888,888,888,888,888,2,888,1,0,1,,3,,,,1,3,2,0,2,,,,,,,,,,,," ",248701002,,
2,24,87,2,11,1,1630.48,"02",120,2,,,,,,,,,1,0,0,,0,,2,2,2,2,2,2,2,2,1,0,1,,2,,,,1,2,2,0,4,,,,,,,,,,,," ",248701102,,
2,24,87,2,12,1,1630.48,"01",360,2,,,,,,,,,0,,1,4,0,,2,2,888,888,2,4,4,888,1,0,3,,,,,3,1,2,1,1,2,,,,,,,,,,,," ",248701202,,
2,24,87,2,13,1,1630.48,"02",120,2,,,,,,,,,1,0,1,4,0,,888,2,888,888,4,888,4,3,1,0,1,,2,,,,1,2,1,0,6,,,,,,,,,,,," ",248701302,,
2,24,87,2,14,1,1630.48,"01",60,2,,,,,,,,,0,,1,4,0,,888,2,888,3,888,888,4,888,1,1,2,,,3,2,,2,4,2,1,5,,,,,,,,,,,," ",248701402,,
2,24,87,2,15,1,1630.48,"02",60,2,,,,,,,,,0,,1,4,1,4,2,1,1,5,2,4,888,1,1,0,2,,,3,2,,1,3,1,1,1,,,,,,,,,,,," ",248701502,,
2,24,87,2,16,1,1630.48,"02",60,2,,,,,,,,,1,0,0,,0,,2,2,2,2,2,2,2,2,1,0,1,,3,,,,1,3,2,0,2,,,,,,,,,,,," ",248701602,,
2,24,87,2,17,1,1630.48,"01",180,2,,,,,,,,,0,,1,2,0,,888,2,888,888,4,888,4,888,1,0,1,,2,,,,2,3,2,1,5,,,,,,,,,,,," ",248701702,,
2,24,87,2,18,1,1630.48,"02",60,2,,,,,,,,,0,,0,,0,,2,2,2,2,2,2,2,2,1,0,3,,,,,2,1,2,2,1,2,,,,,,,,,,,," ",248701802,,
2,24,88,1,1,1,254.1424,"02",60,1,1,,,,,,,,1,0,1,0,0,,2,2,2,4,2,5,2,4,1,1,2,,,4,3,,3,2,2,0,4,,,,,,,,,,,," ",248800102,,
2,24,88,1,2,1,254.1424,"02",180,2,2,,,,,,,,0,,1,0,0,,2,3,2,1,3,2,3,3,0,,,,,,,,,,,,2,,,,,,,,,,,," ",248800202,,
2,24,88,1,3,1,254.1424,"02",120,2,2,,,,,,,,0,,1,4,0,,888,2,888,888,1,888,1,3,1,0,2,,,3,2,,1,2,2,1,4,,,,,,,,,,,," ",248800302,,
2,24,88,1,4,1,30.3453611940299,"01",120,2,2,,,,,,,,1,0,1,3,1,4,888,2,888,888,2,888,2,888,1,0,1,,2,,,,1,3,1,1,6,,,,,,,,,,,," ",248800402,,
2,24,88,1,5,1,254.1424,"02",180,1,2,,,,,,,,1,0,1,4,0,,2,3,2,3,1,2,2,1,1,1,1,,2,,,,1,2,2,1,6,,,,,,,,,,,," ",248800502,,
2,24,88,2,6,1,30.3453611940299,"02",160,2,,,,,,,,,1,0,1,4,0,,2,2,2,4,2,1,3,2,1,0,2,,,2,2,,1,3,1,0,1,,,,,,,,,,,," ",248800602,,
2,24,88,1,7,1,254.1424,"02",60,1,2,,,,,,,,1,0,0,,0,,2,1,2,2,2,2,2,2,0,,,,,,,,,,,,4,,,,,,,,,,,," ",248800702,,
2,24,88,1,8,1,254.1424,"02",120,1,1,2,2,2,2,2,2,2,1,0,0,,0,,3,888,2,2,2,2,2,2,1,1,2,,,5,2,,1,5,2,1,2,,,,,,,,,,,," ",248800802,,
2,24,88,1,9,1,254.1424,"01",60,2,2,,,,,,,,0,,0,,0,,2,2,2,2,2,2,2,2,0,,,,,,,,,,,,2,,,,,,,,,,,," ",248800902,,
2,24,88,1,10,1,254.1424,"01",60,2,2,,,,,,,,0,,1,4,1,4,1,2,1,4,2,4,2,2,1,1,2,,,3,2,,1,3,1,0,6,,,,,,,,,,,," ",248801002,,
2,24,88,1,11,1,254.1424,"03",120,1,2,,,,,,,,0,,1,4,1,4,1,1,1,4,4,2,2,1,0,,,,,,,,,,,,1,,,,,,,,,,,," ",248801102,,
2,24,88,1,12,1,254.1424,"02",60,2,2,2,2,2,2,2,2,2,0,,1,2,0,,2,2,2,2,2,2,2,2,0,,,,,,,,,,,,2,,,,,,,,,,,," ",248801202,,
2,24,88,1,13,1,254.1424,"01",120,1,1,,,,,,,,1,0,0,,0,,1,1,1,1,1,1,1,1,0,,,,,,,,,,,,2,,,,,,,,,,,," ",248801302,,
2,24,88,1,15,1,254.1424,"02",120,1,2,,,,,,,,1,0,1,2,0,,888,2,888,3,888,888,5,888,0,,,,,,,,,,,,5,,,,,,,,,,,," ",248801502,,
2,24,88,1,16,1,254.1424,"02",60,2,2,,,,,,,,0,,1,4,1,4,1,1,1,4,4,2,2,1,0,,,,,,,,,,,,1,,,,,,,,,,,," ",248801602,,
2,24,88,1,17,1,254.1424,"02",90,2,2,,,,,,,,0,,0,,0,,2,4,888,888,888,3,4,2,1,0,3,,,,,3,3,2,1,1,4,,,,,,,,,,,," ",248801702,,
2,24,88,1,18,1,254.1424,"03",120,2,2,,,,,,,,0,,1,4,1,4,2,1,1,4,4,2,2,1,1,0,2,,,3,2,,1,3,2,1,6,,,,,,,,,,,," ",248801802,,
2,24,88,1,19,1,254.1424,"01",60,1,1,,,,,,,,1,0,0,,0,,1,2,2,2,2,2,4,888,0,,,,,,,,,,,,2,,,,,,,,,,,," ",248801902,,
2,24,89,1,1,1,256.0451,"01",120,2,2,,,,,,,,1,0,1,2,0,,2,3,2,2,2,4,1,3,1,0,2,,,2,2,,1,2,1,1,2,,,,,,,,,,,," ",248900102,,
2,24,89,1,2,1,34.7647441810345,"01",240,2,2,,,,,,,,0,,1,888,0,,888,888,888,888,888,888,888,888,1,0,4,6,,,,,3,4,1,1,2,,,,,,,,,,,," ",248900202,,
2,24,89,1,3,1,256.0451,"01",200,2,2,,,,,,,,0,,1,1,0,,1,2,3,2,4,2,4,2,1,1,1,,2,,,,1,4,2,0,1,,,,,,,,,,,," ",248900302,,
2,24,89,1,4,1,256.0451,"03",60,1,2,,,,,,,,1,0,1,0,0,,1,1,888,4,3,5,5,3,1,1,1,,2,,,,1,2,2,1,1,,,,,,,,,,,," ",248900402,,
2,24,89,1,5,1,256.0451,"02",45,1,2,,,,,,,,0,,1,4,0,,2,2,4,5,888,4,4,3,0,,,,,,,,,,,,2,,,,,,,,,,,," ",248900502,,
2,24,89,1,6,1,256.0451,"03",60,1,2,2,2,2,2,2,2,2,1,4,1,1,0,,2,2,2,2,2,2,4,2,1,1,2,,,5,5,,1,5,1,1,3,,,,,,,,,,,," ",248900602,,
2,24,89,1,7,1,34.7647441810345,"01",120,2,2,,,,,,,,0,,0,,0,,2,2,888,888,888,888,4,888,0,,,,,,,,,,,,2,,,,,,,,,,,," ",248900702,,
2,24,89,1,8,1,256.0451,"02",120,2,2,2,2,3,2,3,3,3,0,,1,4,0,,888,3,888,2,2,3,4,3,0,,,,,,,,,,,,1,,,,,,,,,,,," ",248900802,,
2,24,89,1,9,1,256.0451,"02",60,1,2,,,,,,,,1,0,1,4,0,,888,2,888,1,2,888,5,3,0,,,,,,,,,,,,1,,,,,,,,,,,," ",248900902,,
2,24,89,1,10,1,256.0451,"02",60,2,2,,,,,,,,0,,1,3,0,,888,1,888,888,2,888,5,3,1,1,1,,2,,,,1,3,2,1,1,,,,,,,,,,,," ",248901002,,
2,24,89,1,11,1,256.0451,"02",120,2,2,,,,,,,,0,,1,4,0,,888,2,888,888,4,888,4,3,1,0,1,,2,,,,1,3,1,1,1,,,,,,,,,,,," ",248901102,,
2,24,89,1,12,1,256.0451,"02",60,1,2,,,,,,,,0,,0,,1,4,1,2,2,4,2,2,2,1,1,0,2,,,3,2,,1,3,2,1,1,,,,,,,,,,,," ",248901202,,
2,24,89,1,13,1,256.0451,"01",120,1,2,,,,,,,,1,0,1,4,1,2,888,1,888,888,2,888,5,5,0,0,2,,,3,2,,1,3,2,1,5,,,,,,,,,,,," ",248901302,,
2,24,89,1,14,1,256.0451,"03",120,1,2,,,,,,,,0,,1,4,1,4,2,1,1,4,5,2,2,1,0,,,,,,,,,,,,1,,,,,,,,,,,," ",248901402,,
2,24,89,1,15,1,34.7647441810345,"03",60,2,2,,,,,,,,0,,1,4,1,4,1,1,1,5,4,2,2,1,0,,,,,,,,,,,,2,,,,,,,,,,,," ",248901502,,
2,24,89,1,16,1,256.0451,"01",60,2,2,2,2,2,2,2,2,2,0,,0,,0,,2,2,2,2,2,2,2,888,0,,,,,,,,,,,,2,,,,,,,,,,,," ",248901602,,
2,24,89,1,17,1,34.7647441810345,"01",60,2,2,,,,,,,,1,0,1,0,0,,1,1,1,1,1,1,1,888,1,0,2,,,4,4,,1,4,1,0,1,,,,,,,,,,,," ",248901702,,
2,24,89,1,18,1,256.0451,"01",60,1,2,,,,,,,,1,0,1,0,0,,2,2,2,2,888,2,3,2,0,,,,,,,,,,,,4,,,,,,,,,,,," ",248901802,,
2,25,90,2,1,1,2393.83153777778,"01",120,2,,,,,,,,,0,,1,4,0,,888,2,888,888,1,888,5,3,1,0,1,,2,,,,3,3,2,1,5,,,,,,,,,,,," ",259000102,,
2,25,90,2,2,1,2393.83153777778,"02",120,2,,,,,,,,,0,,1,4,0,,888,2,888,888,888,888,5,3,1,0,2,,,3,2,,2,2,1,1,2,,,,,,,,,,,," ",259000202,,
2,25,90,2,3,1,2393.83153777778,"02",120,2,,,,,,,,,0,,1,4,0,,888,2,888,3,2,888,5,888,1,0,2,,,4,3,,1,2,2,1,2,,,,,,,,,,,," ",259000302,,
2,25,90,2,4,1,2393.83153777778,"02",60,2,,,,,,,,,0,,1,4,1,4,888,1,888,2,2,4,2,1,0,,,,,,,,,,,,1,,,,,,,,,,,," ",259000402,,
2,25,90,2,5,1,2393.83153777778,"02",30,2,,,,,,,,,0,,0,,0,,888,1,2,2,2,2,4,888,1,0,1,,4,,,,1,5,0,1,555,11,,,,,,,,,,," ",259000502,,
2,25,90,2,6,1,2393.83153777778,"01",30,2,,2,2,2,2,2,2,2,1,0,1,0,0,,2,2,888,888,888,888,2,888,1,0,1,,2,,,,1,2,2,1,2,,,,,,,,,,,," ",259000602,,
2,25,90,2,7,1,2393.83153777778,"02",120,1,,2,2,2,2,2,2,2,0,,0,,0,,888,888,888,888,888,888,888,888,1,0,3,,,,,4,1,5,1,1,2,,,,,,,,,,,," ",259000702,,
2,25,90,2,8,1,420.7907,"02",90,2,,,,,,,,,1,0,1,4,0,,1,1,3,4,1,888,4,2,1,0,2,,,2,2,,1,3,2,1,5,,,,,,,,,,,," ",259000802,,
2,25,90,2,9,1,2393.83153777778,"02",30,2,,,,,,,,,0,,0,,0,,3,3,3,3,3,3,3,888,1,0,4,3,,,,,3,3,1,1,2,,,,,,,,,,,," ",259000902,,
2,25,90,2,10,1,420.7907,"02",120,1,,,,,,,,,1,0,1,1,0,,1,2,2,4,2,4,4,888,1,1,2,,,3,2,,1,3,2,1,2,,,,,,,,,,,," ",259001002,,
2,25,90,2,11,1,420.7907,"03",120,2,,,,,,,,,0,,1,2,0,,1,1,3,4,2,888,1,3,1,0,1,,3,,,,1,3,2,1,4,,,,,,,,,,,," ",259001102,,
2,25,90,2,12,1,420.7907,"02",140,1,,,,,,,,,1,0,1,2,0,,1,2,4,4,2,888,1,2,1,1,3,,,,,2,1,4,2,1,2,,,,,,,,,,,," ",259001202,,
2,25,90,2,13,1,2393.83153777778,"02",90,2,,,,,,,,,0,,1,0,0,,3,1,3,4,1,888,1,2,1,0,1,,4,,,,1,5,1,1,2,,,,,,,,,,,," ",259001302,,
2,25,90,2,14,1,420.7907,"02",120,1,,,,,,,,,1,0,0,,0,,2,1,4,2,2,888,2,888,1,0,2,,,2,2,,1,3,1,1,1,,,,,,,,,,,," ",259001402,,
2,25,90,2,15,1,420.7907,"02",120,2,,,,,,,,,0,,1,4,1,4,1,1,1,4,2,4,2,1,0,,,,,,,,,,,,2,,,,,,,,,,,," ",259001502,,
2,25,90,2,16,1,2393.83153777778,"01",60,2,,,,,,,,,0,,1,4,1,4,1,1,1,4,2,4,4,1,1,0,2,,,3,2,,1,3,1,1,6,,,,,,,,,,,," ",259001602,,
2,25,90,2,17,1,420.7907,"02",240,2,,,,,,,,,1,0,1,0,0,,4,2,2,2,2,888,2,888,1,0,1,,3,,,,1,3,2,1,1,,,,,,,,,,,," ",259001702,,
2,25,90,2,18,1,420.7907,"02",60,2,,,,,,,,,0,,1,4,1,4,1,2,888,4,2,4,888,1,1,0,1,,2,,,,1,3,1,1,6,,,,,,,,,,,," ",259001802,,
2,25,91,2,1,3,85.1704951111111,"02",120,2,,1,1,1,1,1,1,1,1,0,0,,0,,2,2,2,2,2,888,2,888,1,0,2,,,3,3,,1,3,2,1,2,,,,,,,,,,,," ",259100102,,
2,25,91,2,2,3,85.1704951111111,"01",120,2,,,,,,,,,1,0,0,,0,,2,2,4,4,888,2,2,2,1,0,2,,,3,3,,1,3,2,1,2,,,,,,,,,,,," ",259100202,,
2,25,91,2,3,3,85.1704951111111,"02",60,2,,1,1,1,1,1,1,1,1,0,1,4,0,,1,4,3,3,2,2,2,888,0,,,,,,,,,,,,2,,,,,,,,,,,," ",259100302,,
2,25,91,2,4,3,85.1704951111111,"01",60,2,,,,,,,,,1,0,1,0,0,,2,2,2,4,2,2,2,2,1,0,2,,,3,3,,1,3,2,1,6,,,,,,,,,,,," ",259100402,,
2,25,91,2,5,3,85.1704951111111,"03",60,1,,,,,,,,,0,,0,,0,,1,1,1,1,1,1,1,1,0,,,,,,,,,,,,2,,,,,,,,,,,," ",259100502,,
2,25,91,2,6,3,85.1704951111111,"01",60,2,,1,1,1,1,1,1,1,0,,1,4,0,,3,2,3,888,4,3,5,888,1,0,1,,2,,,,1,3,2,1,5,,,,,,,,,,,," ",259100602,,
2,25,91,2,7,3,85.1704951111111,"02",60,2,,,,,,,,,0,,0,,0,,888,4,4,888,888,888,888,888,1,0,2,,,2,2,,1,3,2,1,2,,,,,,,,,,,," ",259100702,,
2,25,91,2,8,3,85.1704951111111,"02",60,2,,1,1,1,1,1,1,1,0,,1,888,0,,888,5,888,888,4,888,1,888,1,0,1,,3,,,,1,3,1,1,2,,,,,,,,,,,," ",259100802,,
2,25,91,2,9,3,85.1704951111111,"02",60,2,,,,,,,,,0,,1,4,1,1,888,2,888,3,4,888,5,3,1,0,3,,,,,4,1,2,1,1,4,,,,,,,,,,,," ",259100902,,
2,25,91,2,10,3,39.37677,"01",70,2,,,,,,,,,1,0,1,4,0,,888,1,888,3,2,888,1,2,1,0,2,,,3,2,,1,3,2,0,2,,,,,,,,,,,," ",259101002,,
2,25,91,2,11,3,39.37677,"01",60,1,,3,2,2,2,2,2,2,0,,1,4,0,,2,2,2,2,2,2,2,2,1,1,1,,2,,,,1,2,0,1,2,,,,,,,,,,,," ",259101102,,
2,25,91,2,12,3,85.1704951111111,"01",60,1,,,,,,,,,1,2,1,4,1,2,888,2,888,888,2,888,5,5,1,0,2,,,3,2,,1,3,1,1,2,,,,,,,,,,,," ",259101202,,
2,25,91,2,13,3,39.37677,"02",45,2,,,,,,,,,1,0,1,4,0,,5,1,2,4,1,4,4,2,1,0,1,,3,,,,1,3,1,1,1,,,,,,,,,,,," ",259101302,,
2,25,91,2,14,3,39.37677,"02",120,1,,,,,,,,,0,,1,4,0,,3,1,3,2,1,3,5,2,1,1,1,,2,,,,1,2,1,1,2,,,,,,,,,,,," ",259101402,,
2,25,91,2,15,3,39.37677,"01",60,2,,,,,,,,,0,,1,4,1,4,2,1,1,4,4,2,888,1,1,0,1,,2,,,,1,3,1,1,2,,,,,,,,,,,," ",259101502,,
2,25,91,2,16,3,39.37677,"02",60,2,,,,,,,,,0,,1,4,0,,888,2,2,2,888,888,5,888,1,1,2,,,3,2,,1,4,0,1,2,,,,,,,,,,,," ",259101602,,
2,25,91,2,17,3,39.37677,"02",60,2,,,,,,,,,0,,1,4,1,4,1,1,1,4,2,4,2,1,0,,,,,,,,,,,,2,,,,,,,,,,,," ",259101702,,
2,25,91,2,18,3,39.37677,"02",120,1,,,,,,,,,0,,1,4,1,4,1,1,1,4,2,4,2,1,0,,,,,,,,,,,,2,,,,,,,,,,,," ",259101802,,
2,25,92,1,1,1,920.8033,"01",180,2,2,,,,,,,,1,0,1,4,0,,2,2,2,4,2,2,5,2,0,,,,,,,,,,,,2,,,,,,,,,,,," ",259200102,,
2,25,92,1,2,1,31.0267890002785,"01",100,2,2,,,,,,,,0,,1,4,1,4,2,2,3,4,2,4,5,2,1,0,1,,2,,,,1,3,2,1,1,,,,,,,,,,,," ",259200202,,
2,25,92,1,3,1,31.0267890002785,"02",120,1,2,,,,,,,,1,0,1,3,0,,2,2,2,2,2,2,2,2,0,,,,,,,,,,,,2,,,,,,,,,,,," ",259200302,,
2,25,92,1,4,1,31.0267890002785,"01",60,2,2,,,,,,,,0,,0,,0,,888,888,888,888,888,888,4,888,1,0,2,,,3,2,,1,2,1,1,5,,,,,,,,,,,," ",259200402,,
2,25,92,1,5,1,31.0267890002785,"02",120,2,2,,,,,,,,0,,0,,0,,888,2,2,4,2,2,4,4,0,,,,,,,,,,,,5,,,,,,,,,,,," ",259200502,,
2,25,92,1,6,1,31.0267890002785,"02",120,2,2,,,,,,,,0,,0,,0,,4,2,2,888,2,2,4,4,0,,,,,,,,,,,,4,,,,,,,,,,,," ",259200602,,
2,25,92,1,7,1,31.0267890002785,"01",90,1,2,,,,,,,,1,0,1,3,0,,2,2,2,2,2,2,2,2,1,0,1,,2,,,,1,3,2,1,2,,,,,,,,,,,," ",259200702,,
2,25,92,1,8,1,920.8033,"02",120,1,1,5,5,3,5,3,3,5,0,,1,4,0,,5,2,1,5,2,1,5,1,1,0,2,,,3,2,,1,2,1,1,4,,,,,,,,,,,," ",259200802,,
2,25,92,1,9,1,920.8033,"02",120,2,2,,,,,,,,1,0,1,4,0,,888,2,888,5,2,888,5,888,1,0,2,,,3,2,,1,2,1,1,2,,,,,,,,,,,," ",259200902,,
2,25,92,1,10,1,920.8033,"01",180,2,2,,,,,,,,1,0,1,2,0,,2,2,2,2,2,2,2,2,0,,,,,,,,,,,,2,,,,,,,,,,,," ",259201002,,
2,25,92,1,11,1,920.8033,"02",90,1,1,,,,,,,,1,0,1,4,1,4,2,2,3,2,2,4,4,2,1,1,1,,3,,,,1,2,2,0,1,,,,,,,,,,,," ",259201102,,
2,25,92,1,12,1,920.8033,"02",120,1,2,,,,,,,,0,,0,,1,4,2,2,4,3,2,4,5,2,1,1,1,,3,,,,1,3,2,1,1,,,,,,,,,,,," ",259201202,,
2,25,92,1,13,1,920.8033,"01",90,1,2,3,3,2,3,2,3,3,1,0,1,4,0,,3,2,2,4,2,3,5,3,1,1,2,,,2,2,,1,3,2,1,2,,,,,,,,,,,," ",259201302,,
2,25,92,1,14,1,920.8033,"02",120,2,2,,,,,,,,0,,1,4,0,,3,4,3,3,2,3,5,3,1,0,2,,,3,2,,1,3,1,1,2,,,,,,,,,,,," ",259201402,,
2,25,92,1,15,1,920.8033,"02",270,1,2,,,,,,,,0,,1,4,0,,3,2,2,3,4,3,5,3,1,1,1,,2,,,,1,2,2,0,2,,,,,,,,,,,," ",259201502,,
2,25,92,1,16,1,920.8033,"02",60,1,2,,,,,,,,1,4,1,4,1,4,1,3,2,2,2,2,2,2,0,,,,,,,,,,,,1,,,,,,,,,,,," ",259201602,,
2,25,92,1,17,1,31.0267890002785,"01",60,2,2,,,,,,,,0,,1,4,1,4,1,1,1,1,1,1,1,1,0,,,,,,,,,,,,1,,,,,,,,,,,," ",259201702,,
2,25,92,1,18,1,920.8033,"01",60,1,2,,,,,,,,0,,1,4,1,4,1,1,888,888,3,2,4,1,0,,,,,,,,,,,,1,,,,,,,,,,,," ",259201802,,
2,25,93,2,1,3,81.83583,"01",150,2,,,,,,,,,0,,0,,0,,888,888,888,888,888,888,888,888,1,0,1,,2,,,,1,2,1,0,555,10,,,,,,,,,,," ",259300102,,
2,25,93,2,2,3,81.83583,"02",120,2,,,,,,,,,0,,1,4,0,,888,2,888,2,2,888,5,888,1,0,1,,2,,,,1,2,2,0,2,,,,,,,,,,,," ",259300202,,
2,25,93,2,3,3,60.3000852631579,"01",60,2,,,,,,,,,0,,0,,1,4,1,888,888,888,888,888,888,888,0,,,,,,,,,,,,1,,,,,,,,,,,," ",259300302,,
2,25,93,2,4,3,81.83583,"07",120,1,,,,,,,,,1,0,1,3,0,,2,2,2,2,2,2,2,2,1,1,2,,,3,2,,1,4,2,1,2,,,,,,,,,,,," ",259300402,,
2,25,93,2,5,3,81.83583,"01",90,2,,,,,,,,,0,,1,4,0,,3,2,3,3,3,3,5,3,1,1,2,,,3,2,,1,2,2,0,2,,,,,,,,,,,," ",259300502,,
2,25,93,2,6,3,81.83583,"01",180,1,,,,,,,,,1,0,1,3,0,,2,2,2,2,2,2,2,2,1,1,1,,2,,,,1,3,1,1,1,,,,,,,,,,,," ",259300602,,
2,25,93,2,7,3,60.3000852631579,"02",120,1,,,,,,,,,0,,1,4,1,4,2,2,3,4,2,3,5,2,1,0,1,,3,,,,1,3,1,1,1,,,,,,,,,,,," ",259300702,,
2,25,93,2,8,3,81.83583,"02",60,2,,,,,,,,,1,0,1,4,1,4,2,2,3,4,2,3,5,2,1,1,1,,3,,,,1,2,2,1,1,,,,,,,,,,,," ",259300802,,
2,25,93,2,9,3,81.83583,"02",120,2,,,,,,,,,1,0,1,1,0,,888,2,2,4,2,2,4,2,1,0,1,,2,,,,1,6,1,0,2,,,,,,,,,,,," ",259300902,,
2,25,93,2,10,3,60.3000852631579,"02",120,2,,,,,,,,,1,0,1,0,0,,888,2,888,2,3,888,5,2,1,0,2,,,3,2,,1,2,1,0,2,,,,,,,,,,,," ",259301002,,
2,25,93,2,11,3,81.83583,"02",60,2,,,,,,,,,0,,0,,0,,888,2,2,888,2,888,4,888,1,0,1,,2,,,,1,3,2,0,4,,,,,,,,,,,," ",259301102,,
2,25,93,2,12,3,81.83583,"02",60,1,,,,,,,,,0,,0,,0,,4,2,2,2,2,2,2,2,1,0,1,,2,,,,1,3,2,0,4,,,,,,,,,,,," ",259301202,,
2,25,93,2,13,3,81.83583,"02",120,2,,,,,,,,,0,,1,4,1,4,2,888,888,3,5,888,3,5,0,,,,,,,,,,,,1,,,,,,,,,,,," ",259301302,,
2,25,93,2,14,3,81.83583,"02",60,2,,,,,,,,,1,4,1,4,1,4,1,2,1,2,1,2,1,2,0,,,,,,,,,,,,1,,,,,,,,,,,," ",259301402,,
2,25,93,2,15,3,81.83583,"02",180,1,,,,,,,,,0,,1,4,0,,3,2,3,4,2,3,5,3,1,1,2,,,3,2,,1,2,2,0,2,,,,,,,,,,,," ",259301502,,
2,25,93,2,16,3,60.3000852631579,"02",90,2,,,,,,,,,0,,1,4,1,4,2,2,3,4,2,3,5,2,1,0,1,,2,,,,1,3,1,1,1,,,,,,,,,,,," ",259301602,,
2,25,93,2,17,3,81.83583,"06",180,2,,,,,,,,,1,0,1,4,0,,2,2,2,2,2,2,2,2,1,1,1,,2,,,,1,3,2,0,2,,,,,,,,,,,," ",259301702,,
2,25,93,2,18,3,81.83583,"02",120,2,,,,,,,,,0,,1,4,0,,3,2,3,4,2,3,5,3,1,1,2,,,4,2,,1,3,2,0,2,,,,,,,,,,,," ",259301802,,
2,25,94,2,1,3,84.76505,"01",60,2,,,,,,,,,0,,0,,0,,888,888,888,2,888,888,888,888,0,,,,,,,,,,,,1,,,,,,,,,,,," ",259400102,,
2,25,94,2,2,3,84.76505,"02",120,2,,,,,,,,,0,,0,,0,,1,888,2,2,2,2,1,1,0,,,,,,,,,,,,1,,,,,,,,,,,," ",259400202,,
2,25,94,2,3,3,84.76505,"02",180,2,,,,,,,,,0,,0,,0,,2,2,888,2,2,888,2,2,0,,,,,,,,,,,,5,,,,,,,,,,,," ",259400302,,
2,25,94,2,4,3,84.76505,"02",120,2,,,,,,,,,0,,1,2,1,4,1,2,3,2,2,3,2,2,1,0,1,,3,,,,1,2,0,1,2,,,,,,,,,,,," ",259400402,,
2,25,94,2,6,3,84.76505,"01",180,2,,,,,,,,,1,0,1,3,0,,888,888,888,888,888,888,888,888,1,0,1,,2,,,,1,3,1,0,2,,,,,,,,,,,," ",259400602,,
2,25,94,2,7,3,84.76505,"01",120,2,,,,,,,,,0,,1,4,0,,2,2,888,2,2,888,2,2,1,0,1,,4,,,,1,6,2,1,8,,,,,,,,,,,," ",259400702,,
2,25,94,2,8,3,84.76505,"02",180,2,,,,,,,,,0,,1,3,1,3,2,2,888,2,2,2,2,888,1,0,1,,6,,,,1,5,2,1,8,,,,,,,,,,,," ",259400802,,
2,25,94,2,9,3,84.76505,"01",60,2,,,,,,,,,0,,0,,0,,1,1,1,1,1,1,1,1,0,,,,,,,,,,,,1,,,,,,,,,,,," ",259400902,,
2,25,94,2,10,3,84.76505,"01",60,2,,,,,,,,,0,,0,,1,4,2,2,3,2,2,3,4,2,1,0,2,,,3,2,,1,2,1,1,1,,,,,,,,,,,," ",259401002,,
2,25,94,2,11,3,84.76505,"02",160,2,,,,,,,,,0,,0,,0,,888,888,888,2,2,2,5,5,1,0,2,,,4,2,,1,3,1,1,2,,,,,,,,,,,," ",259401102,,
2,25,94,2,12,3,84.76505,"02",90,1,,,,,,,,,0,,0,,1,4,1,2,3,3,4,3,2,2,0,,,,,,,,,,,,1,,,,,,,,,,,," ",259401202,,
2,25,94,2,13,3,84.76505,"01",30,1,,,,,,,,,0,,0,,1,1,1,1,1,1,1,1,1,1,0,,,,,,,,,,,,1,,,,,,,,,,,," ",259401302,,
2,25,94,2,14,3,84.76505,"02",180,2,,,,,,,,,0,,1,2,0,,2,2,888,2,2,888,2,2,0,,,,,,,,,,,,2,,,,,,,,,,,," ",259401402,,
2,25,94,2,15,3,84.76505,"02",240,1,,3,3,3,3,3,3,3,1,0,1,4,0,,5,1,1,1,5,1,5,888,1,0,2,,,3,2,,1,2,1,1,2,,,,,,,,,,,," ",259401502,,
2,25,94,2,16,3,84.76505,"02",60,2,,,,,,,,,0,,1,4,0,,888,888,888,888,888,888,888,888,0,,,,,,,,,,,,4,,,,,,,,,,,," ",259401602,,
2,25,94,2,17,3,84.76505,"02",120,2,,,,,,,,,0,,0,,0,,888,2,888,888,2,888,4,888,0,,,,,,,,,,,,4,,,,,,,,,,,," ",259401702,,
2,25,94,2,18,3,84.76505,"02",200,2,,,,,,,,,1,0,1,3,0,,888,888,888,888,888,888,888,888,1,0,2,,,3,2,,1,2,2,1,2,,,,,,,,,,,," ",259401802,,
2,25,94,2,19,3,84.76505,"02",120,2,,,,,,,,,0,,1,4,0,,888,888,888,888,888,888,2,888,1,0,2,,,4,3,,1,4,2,1,4,,,,,,,,,,,," ",259401902,,
2,25,95,2,1,3,64.8652657239057,"01",180,1,,,,,,,,,0,,0,,0,,1,888,888,888,888,5,5,888,1,0,1,,2,,,,1,2,1,0,1,,,,,,,,,,,," ",259500102,,
2,25,95,2,3,3,64.8652657239057,"02",50,2,,,,,,,,,0,,0,,0,,1,1,1,1,1,1,1,1,1,0,1,,2,,,,1,2,2,1,1,,,,,,,,,,,," ",259500302,,
2,25,95,2,4,3,64.8652657239057,"01",30,1,,,,,,,,,0,,0,,0,,1,2,2,2,2,2,2,2,0,,,,,,,,,,,,1,,,,,,,,,,,," ",259500402,,
2,25,95,2,5,3,64.8652657239057,"02",240,2,,,,,,,,,0,,1,4,0,,3,2,3,4,2,3,4,3,1,0,2,,,3,2,,1,3,2,0,2,,,,,,,,,,,," ",259500502,,
2,25,95,2,6,3,64.8652657239057,"01",240,1,,,,,,,,,0,,1,4,0,,888,2,3,4,2,3,5,3,1,0,1,,2,,,,1,3,2,0,2,,,,,,,,,,,," ",259500602,,
2,25,95,2,7,3,66.31664,"02",180,1,,,,,,,,,1,1,1,1,0,,2,2,2,2,2,2,2,2,1,1,1,,3,,,,1,6,2,1,1,,,,,,,,,,,," ",259500702,,
2,25,95,2,8,3,64.8652657239057,"02",60,2,,,,,,,,,0,,1,4,1,4,2,2,3,4,2,3,4,2,1,0,2,,,3,2,,1,2,1,1,1,,,,,,,,,,,," ",259500802,,
2,25,95,2,9,3,64.8652657239057,"02",90,1,,,,,,,,,0,,1,4,1,4,2,2,4,2,2,4,2,2,1,0,1,,2,,,,1,2,2,0,2,,,,,,,,,,,," ",259500902,,
2,25,95,2,10,3,64.8652657239057,"02",90,2,,,,,,,,,0,,1,3,1,4,2,2,3,4,2,3,4,2,1,0,1,,3,,,,1,2,1,1,1,,,,,,,,,,,," ",259501002,,
2,25,95,2,11,3,66.31664,"02",240,2,,,,,,,,,0,,1,1,0,,2,2,2,2,2,2,2,2,1,1,1,,4,,,,1,6,2,0,1,,,,,,,,,,,," ",259501102,,
2,25,95,2,12,3,64.8652657239057,"02",240,2,,,,,,,,,0,,1,2,1,1,2,1,1,1,1,4,1,888,1,0,1,,5,,,,1,6,2,1,2,,,,,,,,,,,," ",259501202,,
2,25,95,2,13,3,66.31664,"02",240,2,,,,,,,,,1,0,1,2,0,,888,1,888,888,1,888,5,888,1,0,1,,3,,,,1,3,2,1,2,,,,,,,,,,,," ",259501302,,
2,25,95,2,14,3,66.31664,"01",240,2,,,,,,,,,1,0,1,4,0,,888,2,888,4,1,888,2,888,1,0,2,,,3,2,,1,2,1,1,2,,,,,,,,,,,," ",259501402,,
2,25,95,2,15,3,66.31664,"02",180,1,,3,3,3,3,3,3,3,1,0,1,4,0,,3,2,3,4,2,3,5,3,1,1,2,,,3,2,,1,3,2,0,2,,,,,,,,,,,," ",259501502,,
2,25,95,2,16,3,66.31664,"01",180,2,,,,,,,,,1,0,1,3,0,,5,1,1,4,1,1,5,888,1,1,1,,3,,,,1,5,1,0,2,,,,,,,,,,,," ",259501602,,
2,25,95,2,17,3,66.31664,"02",120,2,,,,,,,,,0,,1,4,0,,888,888,888,888,888,888,888,888,1,0,2,,,3,2,,1,4,1,0,4,,,,,,,,,,,," ",259501702,,
2,25,95,2,18,3,64.8652657239057,"01",120,2,,,,,,,,,0,,1,4,0,,888,888,888,888,888,888,888,888,1,0,1,,3,,,,1,4,0,1,555,10,,,,,,,,,,," ",259501802,,
2,25,95,2,21,3,64.8652657239057,"02",160,2,,,,,,,,,0,,0,,0,,888,888,888,888,888,888,888,888,1,0,2,,,3,2,,1,4,1,0,4,,,,,,,,,,,," ",259502102,,
2,25,96,2,1,3,160.396731614907,"01",60,2,,,,,,,,,1,2,1,1,1,1,1,2,2,2,2,2,2,2,0,,,,,,,,,,,,1,,,,,,,,,,,," ",259600102,,
2,25,96,2,2,3,11.79711,"01",180,1,,3,3,3,3,3,3,3,0,,1,4,0,,3,2,3,4,2,3,5,3,1,1,1,,2,,,,1,3,2,0,2,,,,,,,,,,,," ",259600202,,
2,25,96,2,3,3,160.396731614907,"02",240,2,,,,,,,,,1,3,1,4,0,,4,2,3,4,2,3,5,3,1,0,2,,,3,2,,1,3,2,1,2,,,,,,,,,,,," ",259600302,,
2,25,96,2,4,3,11.79711,"02",90,1,,,,,,,,,0,,1,4,1,4,2,2,2,2,2,2,4,2,1,0,1,,2,,,,1,3,2,1,1,,,,,,,,,,,," ",259600402,,
2,25,96,2,5,3,160.396731614907,"02",180,1,,,,,,,,,0,,1,2,0,,2,2,888,2,1,888,1,1,1,0,2,,,5,4,,1,6,3,1,2,,,,,,,,,,,," ",259600502,,
2,25,96,2,6,3,160.396731614907,"01",180,2,,,,,,,,,1,0,1,3,0,,888,888,888,888,888,888,888,888,1,0,1,,2,,,,1,4,2,1,5,,,,,,,,,,,," ",259600602,,
2,25,96,2,7,3,160.396731614907,"01",60,2,,,,,,,,,0,,0,,0,,1,1,2,2,2,3,4,1,1,0,1,,2,,,,1,2,2,1,1,,,,,,,,,,,," ",259600702,,
2,25,96,2,8,3,160.396731614907,"02",60,2,,,,,,,,,0,,0,,0,,1,1,1,1,1,1,1,1,0,,,,,,,,,,,,1,,,,,,,,,,,," ",259600802,,
2,25,96,2,9,3,160.396731614907,"02",120,2,,,,,,,,,0,,1,3,0,,1,1,1,1,1,888,1,888,0,,,,,,,,,,,,4,,,,,,,,,,,," ",259600902,,
2,25,96,2,10,3,11.79711,"03",60,2,,,,,,,,,1,0,1,0,1,4,2,2,2,2,2,4,4,2,1,1,1,,3,,,,1,3,2,1,1,,,,,,,,,,,," ",259601002,,
2,25,96,2,11,3,11.79711,"02",120,1,,,,,,,,,0,,1,4,1,4,2,2,2,4,2,4,4,2,1,1,1,,2,,,,1,2,2,0,1,,,,,,,,,,,," ",259601102,,
2,25,96,2,12,3,11.79711,"02",90,2,,,,,,,,,1,0,1,4,0,,4,2,2,4,2,2,4,888,1,1,1,,4,,,,1,5,1,1,555,14,,,,,,,,,,," ",259601202,,
2,25,96,2,13,3,11.79711,"02",270,1,,,,,,,,,1,0,1,4,0,,888,1,888,5,1,888,5,888,1,1,2,,,3,2,,1,5,2,0,5,,,,,,,,,,,," ",259601302,,
2,25,96,2,14,3,11.79711,"02",60,1,,3,2,2,3,2,2,3,0,,1,4,0,,4,2,2,4,2,2,4,4,1,1,1,,3,,,,1,4,2,0,3,,,,,,,,,,,," ",259601402,,
2,25,96,2,15,3,11.79711,"01",120,2,,,,,,,,,0,,1,4,0,,2,2,2,888,2,2,4,888,1,1,2,,,4,3,,1,5,2,1,5,,,,,,,,,,,," ",259601502,,
2,25,96,2,16,3,11.79711,"01",400,1,,3,3,3,3,3,3,3,1,0,1,4,0,,5,1,1,2,1,1,5,4,1,1,2,,,3,2,,1,2,2,0,2,,,,,,,,,,,," ",259601602,,
2,25,96,2,17,3,11.79711,"02",180,1,,,,,,,,,1,1,1,4,0,,2,2,3,4,2,3,5,3,1,1,2,,,3,2,,1,2,2,0,2,,,,,,,,,,,," ",259601702,,
2,25,96,2,18,3,11.79711,"02",150,1,,5,5,3,5,3,3,5,1,0,1,4,0,,1,1,1,1,5,1,5,1,1,0,2,,,2,2,,1,6,2,0,5,,,,,,,,,,,," ",259601802,,
2,25,97,2,1,3,66.53046,"02",60,2,,,,,,,,,0,,0,,0,,1,2,2,2,4,2,5,888,0,,,,,,,,,,,,1,,,,,,,,,,,," ",259700102,,
2,25,97,2,2,3,66.53046,"02",90,2,,,,,,,,,0,,0,,1,4,4,2,2,4,2,3,4,2,1,0,1,,2,,,,1,2,1,1,4,,,,,,,,,,,," ",259700202,,
2,25,97,2,3,3,66.53046,"02",60,2,,,,,,,,,0,,0,,0,,888,2,888,888,2,888,4,888,0,,,,,,,,,,,,5,,,,,,,,,,,," ",259700302,,
2,25,97,2,4,3,66.53046,"01",60,2,,,,,,,,,0,,0,,0,,1,1,1,2,2,2,1,1,0,,,,,,,,,,,,1,,,,,,,,,,,," ",259700402,,
2,25,97,2,5,3,66.53046,"02",120,2,,,,,,,,,1,0,1,3,0,,1,888,888,888,888,888,888,888,1,0,2,,,3,2,,1,3,2,1,2,,,,,,,,,,,," ",259700502,,
2,25,97,2,6,3,66.53046,"02",30,2,,,,,,,,,1,1,1,1,1,1,1,888,888,5,888,888,4,888,0,,,,,,,,,,,,1,,,,,,,,,,,," ",259700602,,
2,25,97,2,7,3,66.53046,"01",180,2,,,,,,,,,1,1,1,4,0,,1,2,888,4,2,1,1,1,1,0,2,,,3,2,,1,6,2,1,2,,,,,,,,,,,," ",259700702,,
2,25,97,2,8,3,66.53046,"02",90,2,,2,2,2,2,2,2,2,0,,0,,0,,888,2,888,888,2,888,4,888,1,0,1,,3,,,,1,4,2,1,4,,,,,,,,,,,," ",259700802,,
2,25,97,2,9,3,66.53046,"02",180,2,,,,,,,,,0,,1,4,0,,3,2,3,4,2,3,5,3,1,0,2,,,4,3,,1,3,2,0,2,,,,,,,,,,,," ",259700902,,
2,25,97,2,10,3,66.53046,"01",120,1,,,,,,,,,0,,0,,0,,888,888,888,2,2,2,4,888,1,0,1,,4,,,,1,5,2,1,4,,,,,,,,,,,," ",259701002,,
2,25,97,2,11,3,66.53046,"02",480,2,,,,,,,,,1,0,1,4,0,,1,1,1,1,1,1,4,4,1,0,2,,,3,2,,1,3,2,1,1,,,,,,,,,,,," ",259701102,,
2,25,97,2,12,3,66.53046,"02",60,2,,,,,,,,,0,,1,4,1,4,2,2,4,2,2,4,4,2,1,0,1,,2,,,,1,2,2,1,5,,,,,,,,,,,," ",259701202,,
2,25,97,2,13,3,66.53046,"02",180,1,,,,,,,,,1,0,1,4,0,,888,1,1,5,1,1,5,888,1,0,2,,,3,2,,1,5,2,1,5,,,,,,,,,,,," ",259701302,,
2,25,97,2,14,3,66.53046,"02",120,2,,,,,,,,,1,0,1,4,0,,2,2,3,4,4,4,5,2,1,1,2,,,3,2,,1,3,2,0,2,,,,,,,,,,,," ",259701402,,
2,25,97,2,15,3,66.53046,"02",360,2,,,,,,,,,1,0,1,4,0,,1,1,888,1,5,888,5,888,1,0,2,,,3,2,,1,6,2,1,4,,,,,,,,,,,," ",259701502,,
2,25,97,2,16,3,66.53046,"02",240,1,,,,,,,,,0,,1,4,0,,3,2,3,4,2,3,5,3,1,0,2,,,3,2,,1,2,2,0,2,,,,,,,,,,,," ",259701602,,
2,25,97,2,17,3,66.53046,"02",60,1,,,,,,,,,0,,1,4,1,4,2,2,3,2,1,2,4,2,1,0,2,,,3,2,,1,2,2,1,1,,,,,,,,,,,," ",259701702,,
2,25,97,2,18,3,66.53046,"02",240,1,,,,,,,,,1,0,1,4,0,,888,1,888,1,2,888,5,888,1,0,2,,,4,3,,1,2,1,0,5,,,,,,,,,,,," ",259701802,,
2,25,98,2,1,3,35.5647948387097,"02",120,2,,,,,,,,,1,0,1,3,0,,2,2,2,2,2,2,2,2,1,0,1,,3,,,,1,3,1,1,2,,,,,,,,,,,," ",259800102,,
2,25,98,2,2,3,35.5647948387097,"02",120,2,,,,,,,,,1,0,1,4,0,,2,1,2,2,2,2,5,2,1,0,2,,,2,2,,1,2,2,1,2,,,,,,,,,,,," ",259800202,,
2,25,98,2,3,3,35.5647948387097,"02",120,2,,,,,,,,,1,4,1,4,1,4,2,2,888,888,888,888,5,888,0,,,,,,,,,,,,1,,,,,,,,,,,," ",259800302,,
2,25,98,2,4,3,35.5647948387097,"02",120,2,,,,,,,,,0,,0,,0,,888,888,888,888,888,888,888,888,1,0,2,,,3,2,,1,3,2,0,555,10,,,,,,,,,,," ",259800402,,
2,25,98,2,5,3,35.5647948387097,"02",90,2,,,,,,,,,0,,0,,0,,888,2,888,888,2,888,5,888,1,0,1,,2,,,,1,3,1,0,555,15,,,,,,,,,,," ",259800502,,
2,25,98,2,6,3,35.5647948387097,"02",120,2,,,,,,,,,0,,0,,0,,2,888,888,888,2,888,4,888,1,0,1,,3,,,,1,3,1,0,555,15,,,,,,,,,,," ",259800602,,
2,25,98,2,7,3,35.5647948387097,"03",120,2,,,,,,,,,0,,1,0,0,,3,2,3,4,3,3,5,3,1,0,2,,,3,2,,1,2,2,1,2,,,,,,,,,,,," ",259800702,,
2,25,98,2,8,3,35.5647948387097,"01",120,1,,,,,,,,,0,,0,,1,4,1,4,1,4,1,1,5,1,0,,,,,,,,,,,,1,,,,,,,,,,,," ",259800802,,
2,25,98,2,9,3,35.5647948387097,"04",60,2,,,,,,,,,0,,0,,1,4,1,1,3,5,2,5,1,5,0,,,,,,,,,,,,1,,,,,,,,,,,," ",259800902,,
2,25,98,2,10,3,91.87572,"02",120,2,,,,,,,,,0,,1,4,0,,3,2,3,3,3,3,5,3,1,1,2,,,3,2,,1,2,2,0,2,,,,,,,,,,,," ",259801002,,
2,25,98,2,11,3,91.87572,"02",120,2,,,,,,,,,1,0,1,4,0,,2,2,2,2,2,2,2,2,1,0,2,,,3,2,,1,3,1,1,2,,,,,,,,,,,," ",259801102,,
2,25,98,2,12,3,91.87572,"05",90,2,,,,,,,,,1,0,1,2,0,,2,2,2,2,2,2,2,2,1,0,1,,3,,,,1,4,2,1,2,,,,,,,,,,,," ",259801202,,
2,25,98,2,13,3,91.87572,"02",300,2,,,,,,,,,1,0,1,3,0,,888,1,888,4,2,888,5,888,1,1,2,,,5,3,,1,4,2,1,4,,,,,,,,,,,," ",259801302,,
2,25,98,2,14,3,35.5647948387097,"03",180,2,,,,,,,,,0,,1,3,0,,1,1,1,2,2,1,5,2,1,0,2,,,3,2,,1,3,2,0,2,,,,,,,,,,,," ",259801402,,
2,25,98,2,15,3,91.87572,"02",240,2,,,,,,,,,1,0,1,4,1,4,2,2,3,4,2,4,4,2,1,1,1,,3,,,,1,3,2,1,1,,,,,,,,,,,," ",259801502,,
2,25,98,2,16,3,91.87572,"02",180,2,,,,,,,,,1,2,1,4,0,,4,2,2,4,4,2,5,3,1,1,2,,,3,2,,2,3,2,1,2,,,,,,,,,,,," ",259801602,,
2,25,98,2,17,3,91.87572,"02",150,1,,,,,,,,,1,0,1,4,1,4,2,2,3,2,2,3,5,3,1,0,1,,3,,,,1,2,1,1,1,,,,,,,,,,,," ",259801702,,
2,25,98,2,18,3,91.87572,"02",120,1,,,,,,,,,1,0,1,4,1,4,2,2,3,4,2,2,5,2,1,1,1,,3,,,,1,2,2,0,6,,,,,,,,,,,," ",259801802,,
2,25,99,2,1,1,950.1539,"02",180,2,,,,,,,,,1,0,1,4,0,,2,2,2,1,2,2,2,2,1,0,1,,2,,,,1,3,2,1,2,,,,,,,,,,,," ",259900102,,
2,25,99,2,2,1,950.1539,"02",120,2,,,,,,,,,0,,1,4,1,4,1,2,1,2,888,888,3,2,1,0,1,,2,,,,1,2,2,1,1,,,,,,,,,,,," ",259900202,,
2,25,99,2,3,1,950.1539,"02",120,2,,,,,,,,,0,,1,4,1,4,2,2,4,2,2,3,4,2,1,0,1,,3,,,,1,3,2,1,1,,,,,,,,,,,," ",259900302,,
2,25,99,2,4,1,950.1539,"02",120,2,,,,,,,,,0,,0,,0,,888,888,888,888,888,888,888,888,0,,,,,,,,,,,,555,10,,,,,,,,,,," ",259900402,,
2,25,99,2,5,1,950.1539,"01",120,2,,,,,,,,,0,,0,,0,,888,2,888,2,2,888,4,888,1,0,1,,2,,,,1,3,1,0,4,,,,,,,,,,,," ",259900502,,
2,25,99,2,6,1,950.1539,"02",180,2,,,,,,,,,1,0,1,4,0,,2,2,2,2,2,2,2,2,1,0,1,,2,,,,1,4,1,1,2,,,,,,,,,,,," ",259900602,,
2,25,99,2,7,1,950.1539,"01",120,2,,,,,,,,,0,,0,,0,,888,888,888,888,888,888,888,888,1,0,1,,2,,,,1,3,1,0,555,10,,,,,,,,,,," ",259900702,,
2,25,99,2,8,1,950.1539,"01",120,2,,,,,,,,,0,,0,,0,,2,2,4,4,2,3,5,2,0,,,,,,,,,,,,1,,,,,,,,,,,," ",259900802,,
2,25,99,2,9,1,950.1539,"02",360,2,,,,,,,,,0,,1,4,1,4,2,4,3,2,1,3,5,3,1,0,2,,,3,2,,1,2,2,0,1,,,,,,,,,,,," ",259900902,,
2,25,99,2,10,1,950.1539,"01",60,2,,,,,,,,,0,,0,,0,,888,888,888,888,888,888,888,888,1,0,2,,,3,2,,1,2,1,0,555,10,,,,,,,,,,," ",259901002,,
2,25,99,2,11,1,950.1539,"02",120,2,,,,,,,,,1,0,1,3,0,,2,2,2,2,2,2,2,2,1,0,2,,,3,2,,1,4,1,0,4,,,,,,,,,,,," ",259901102,,
2,25,99,2,12,1,950.1539,"01",90,2,,,,,,,,,0,,1,0,0,,888,2,888,5,2,2,5,888,1,1,1,,2,,,,2,2,1,1,5,,,,,,,,,,,," ",259901202,,
2,25,99,2,13,1,950.1539,"02",240,2,,,,,,,,,1,0,1,4,0,,3,2,2,5,2,2,5,888,1,0,2,,,4,2,,1,2,2,0,2,,,,,,,,,,,," ",259901302,,
2,25,99,2,14,1,950.1539,"01",60,2,,,,,,,,,1,4,1,4,1,4,1,2,2,2,2,2,2,2,0,,,,,,,,,,,,2,,,,,,,,,,,," ",259901402,,
2,25,99,2,15,1,950.1539,"01",120,1,,,,,,,,,1,4,1,4,1,4,2,2,2,2,2,2,2,2,1,0,1,,2,,,,1,2,1,1,1,,,,,,,,,,,," ",259901502,,
2,25,99,2,16,1,950.1539,"01",120,2,,,,,,,,,1,0,1,4,0,,2,2,2,2,2,2,2,2,1,0,2,,,3,2,,1,4,1,1,4,,,,,,,,,,,," ",259901602,,
2,25,99,2,17,1,950.1539,"02",240,2,,1,1,1,1,1,1,1,1,0,1,4,0,,888,2,2,3,2,2,5,888,1,0,2,,,3,2,,1,2,2,0,3,,,,,,,,,,,," ",259901702,,
2,25,99,2,18,1,950.1539,"01",70,2,,,,,,,,,1,4,1,4,1,4,1,3,2,2,1,1,3,4,1,0,1,,2,,,,1,2,1,0,1,,,,,,,,,,,," ",259901802,,
2,25,100,2,1,1,1790.81928947368,"02",120,2,,,,,,,,,0,,0,,0,,888,2,888,2,2,888,4,888,1,0,1,,2,,,,1,3,2,0,4,,,,,,,,,,,," ",260000102,,
2,25,100,2,4,1,1790.81928947368,"03",180,2,,,,,,,,,1,0,1,3,0,,2,2,2,2,2,2,2,2,1,0,2,,,5,4,,1,2,2,1,2,,,,,,,,,,,," ",260000402,,
2,25,100,2,5,1,1790.81928947368,"02",180,2,,,,,,,,,1,0,1,3,0,,2,2,2,2,2,2,2,2,0,,,,,,,,,,,,2,,,,,,,,,,,," ",260000502,,
2,25,100,2,6,1,1790.81928947368,"01",120,2,,,,,,,,,1,0,1,3,0,,2,2,2,2,2,2,2,2,1,0,1,,2,,,,1,4,1,1,2,,,,,,,,,,,," ",260000602,,
2,25,100,2,7,1,1790.81928947368,"01",120,2,,,,,,,,,0,,0,,0,,2,2,4,2,2,3,2,2,1,0,1,,2,,,,1,3,2,1,1,,,,,,,,,,,," ",260000702,,
2,25,100,2,8,1,1790.81928947368,"01",90,1,,,,,,,,,0,,1,4,1,4,2,2,3,2,2,3,1,2,1,0,2,,,3,2,,1,3,1,0,6,,,,,,,,,,,," ",260000802,,
2,25,100,2,9,1,1790.81928947368,"02",120,2,,,,,,,,,0,,1,0,0,,888,888,2,2,5,888,5,5,1,0,1,,2,,,,1,3,1,1,1,,,,,,,,,,,," ",260000902,,
2,25,100,2,10,1,756.1237,"02",130,2,,,,,,,,,1,4,1,4,1,4,2,2,2,2,2,2,2,2,0,,,,,,,,,,,,1,,,,,,,,,,,," ",260001002,,
2,25,100,2,11,1,756.1237,"01",120,1,,,,,,,,,0,,0,,1,4,2,2,3,2,3,3,4,2,1,1,1,,3,,,,1,2,2,0,1,,,,,,,,,,,," ",260001102,,
2,25,100,2,12,1,756.1237,"02",120,2,,,,,,,,,0,,1,4,1,3,2,2,2,2,2,2,2,2,1,0,1,,3,,,,1,2,2,1,1,,,,,,,,,,,," ",260001202,,
2,25,100,2,13,1,756.1237,"02",120,2,,,,,,,,,0,,0,,0,,888,4,888,888,3,888,888,888,1,0,1,,2,,,,1,3,2,0,4,,,,,,,,,,,," ",260001302,,
2,25,100,2,14,1,756.1237,"04",360,1,,,,,,,,,1,0,1,4,0,,4,1,1,5,1,1,5,1,1,0,2,,,4,3,,1,2,2,1,5,,,,,,,,,,,," ",260001402,,
2,25,100,2,15,1,756.1237,"02",240,2,,,,,,,,,1,0,1,4,0,,4,1,1,2,5,2,5,2,1,0,2,,,3,2,,1,2,1,0,2,,,,,,,,,,,," ",260001502,,
2,25,100,2,16,1,756.1237,"02",120,2,,,,,,,,,1,0,1,4,0,,2,2,2,2,2,1,2,2,1,0,2,,,4,3,,1,4,2,1,2,,,,,,,,,,,," ",260001602,,
2,25,100,2,17,1,756.1237,"02",100,2,,,,,,,,,0,,1,4,1,4,2,2,2,3,2,2,2,2,0,,,,,,,,,,,,1,,,,,,,,,,,," ",260001702,,
2,25,100,2,18,1,756.1237,"01",120,2,,,,,,,,,1,4,1,4,1,4,1,2,1,2,2,2,2,2,0,,,,,,,,,,,,1,,,,,,,,,,,," ",260001802,,
2,25,100,2,19,1,1790.81928947368,"01",90,2,,,,,,,,,0,,0,,0,,888,888,888,888,888,888,888,888,1,0,1,,3,,,,1,3,1,0,555,10,,,,,,,,,,," ",260001902,,
2,25,100,2,22,1,1790.81928947368,"02",180,2,,,,,,,,,0,,1,3,0,,888,2,888,2,2,2,5,2,1,0,2,,,6,4,,1,3,2,0,2,,,,,,,,,,,," ",260002202,,
2,25,101,2,1,3,75.79504,"02",120,2,,,,,,,,,0,,0,,0,,888,3,888,888,888,888,888,888,1,0,1,,3,,,,1,4,1,0,555,10,,,,,,,,,,," ",260100102,,
2,25,101,2,2,3,75.79504,"02",120,2,,,,,,,,,0,,1,4,1,4,2,2,3,2,2,5,5,3,1,0,1,,2,,,,1,2,1,0,1,,,,,,,,,,,," ",260100202,,
2,25,101,2,3,3,75.79504,"03",180,2,,,,,,,,,1,0,1,4,0,,1,1,1,1,2,2,2,2,1,0,1,,3,,,,1,3,2,1,2,,,,,,,,,,,," ",260100302,,
2,25,101,2,4,3,75.79504,"06",120,2,,,,,,,,,1,0,1,4,0,,2,2,2,2,2,2,2,2,1,0,2,,,4,3,,1,4,1,1,2,,,,,,,,,,,," ",260100402,,
2,25,101,2,5,3,75.79504,"01",120,2,,,,,,,,,1,0,1,4,0,,2,2,2,2,2,2,2,2,1,0,1,,3,,,,1,3,1,1,2,,,,,,,,,,,," ",260100502,,
2,25,101,2,6,3,75.79504,"02",90,2,,,,,,,,,0,,1,4,1,4,2,2,2,2,2,5,4,2,1,0,2,,,3,2,,1,2,1,1,6,,,,,,,,,,,," ",260100602,,
2,25,101,2,8,3,75.79504,"02",180,2,,,,,,,,,0,,1,4,0,,3,2,3,3,3,3,4,3,1,0,2,,,3,2,,1,2,1,0,2,,,,,,,,,,,," ",260100802,,
2,25,101,2,9,3,75.79504,"01",120,2,,,,,,,,,0,,1,4,0,,3,2,3,3,4,3,4,3,1,0,2,,,3,2,,1,2,2,1,2,,,,,,,,,,,," ",260100902,,
2,25,101,2,10,3,75.79504,"01",120,1,,,,,,,,,0,,1,4,0,,3,2,3,3,3,3,4,3,1,0,2,,,3,2,,1,2,2,0,2,,,,,,,,,,,," ",260101002,,
2,25,101,2,11,3,75.79504,"02",120,2,,,,,,,,,1,2,1,2,1,2,1,3,888,5,4,888,3,1,0,,,,,,,,,,,,1,,,,,,,,,,,," ",260101102,,
2,25,101,2,12,3,75.79504,"01",120,2,,,,,,,,,0,,0,,0,,888,888,888,888,888,888,888,888,1,0,1,,3,,,,1,4,2,0,555,10,,,,,,,,,,," ",260101202,,
2,25,101,2,13,3,75.79504,"01",180,2,,,,,,,,,0,,0,,0,,1,1,888,888,888,888,888,888,0,,,,,,,,,,,,1,,,,,,,,,,,," ",260101302,,
2,25,101,2,14,3,75.79504,"02",120,2,,,,,,,,,0,,0,,0,,1,4,3,3,3,2,888,3,1,0,1,,2,,,,1,2,3,1,1,,,,,,,,,,,," ",260101402,,
2,25,101,2,15,3,75.79504,"02",240,2,,,,,,,,,1,0,1,4,0,,888,2,888,888,2,888,5,888,1,0,2,,,5,3,,1,2,2,0,2,,,,,,,,,,,," ",260101502,,
2,25,101,2,16,3,75.79504,"02",200,2,,,,,,,,,1,0,1,1,0,,3,2,888,888,2,888,5,3,1,0,2,,,3,2,,1,6,2,0,2,,,,,,,,,,,," ",260101602,,
2,25,101,2,17,3,75.79504,"02",180,2,,,,,,,,,1,0,1,1,0,,888,2,888,2,5,888,5,2,1,1,2,,,3,2,,1,3,2,1,2,,,,,,,,,,,," ",260101702,,
2,25,101,2,18,3,75.79504,"01",180,2,,,,,,,,,0,,0,,0,,888,2,888,888,2,3,4,888,1,0,1,,3,,,,1,4,2,0,555,10,,,,,,,,,,," ",260101802,,
2,25,101,2,20,3,75.79504,"01",90,2,,,,,,,,,0,,0,,1,4,2,2,888,2,2,3,2,2,1,0,2,,,3,2,,1,2,1,0,6,,,,,,,,,,,," ",260102002,,
2,25,102,1,1,3,58.1195744863014,"01",60,2,2,,,,,,,,0,,1,1,1,1,1,1,888,888,888,4,1,1,0,,,,,,,,,,,,1,,,,,,,,,,,," ",260200102,,
2,25,102,1,3,3,58.1195744863014,"01",30,2,2,,,,,,,,0,,0,,1,2,1,888,888,888,888,888,1,1,0,,,,,,,,,,,,1,,,,,,,,,,,," ",260200302,,
2,25,102,1,4,3,101.3189,"01",60,2,2,,,,,,,,1,0,1,3,0,,2,2,888,4,888,888,1,5,1,0,2,,,5,4,,1,6,2,1,6,,,,,,,,,,,," ",260200402,,
2,25,102,1,5,3,101.3189,"02",120,2,2,,,,,,,,1,0,1,3,0,,2,2,888,2,2,888,4,888,1,0,2,,,3,2,,1,2,1,1,6,,,,,,,,,,,," ",260200502,,
2,25,102,1,6,3,58.1195744863014,"01",60,2,2,,,,,,,,0,,1,1,1,1,1,3,888,888,888,888,888,3,1,0,1,,3,,,,1,3,3,0,1,,,,,,,,,,,," ",260200602,,
2,25,102,1,7,3,58.1195744863014,"02",180,2,2,,,,,,,,1,1,1,4,0,,888,888,888,888,2,888,2,4,1,0,1,,2,,,,1,3,1,0,4,,,,,,,,,,,," ",260200702,,
2,25,102,1,8,3,58.1195744863014,"02",120,2,2,,,,,,,,0,,0,,0,,888,888,888,888,888,888,2,888,1,0,2,,,3,2,,1,5,1,0,555,15,,,,,,,,,,," ",260200802,,
2,25,102,1,9,3,58.1195744863014,"02",120,2,2,,,,,,,,0,,0,,0,,888,888,888,888,2,888,888,888,1,0,1,,3,,,,1,4,2,0,555,6,,,,,,,,,,," ",260200902,,
2,25,102,1,10,3,101.3189,"01",90,1,1,,,,,,,,1,0,1,4,1,4,2,2,4,4,2,4,4,2,1,0,2,,,3,2,,1,3,1,1,2,,,,,,,,,,,," ",260201002,,
2,25,102,1,11,3,101.3189,"01",120,2,2,,,,,,,,0,,1,4,0,,3,2,3,3,3,3,4,3,1,0,1,,2,,,,1,2,2,0,2,,,,,,,,,,,," ",260201102,,
2,25,102,1,13,3,101.3189,"02",90,2,1,,,,,,,,0,,1,4,1,4,2,2,3,4,2,3,2,2,1,1,1,,3,,,,1,2,1,0,2,,,,,,,,,,,," ",260201302,,
2,25,102,1,14,3,101.3189,"02",180,2,2,,,,,,,,1,0,1,4,0,,4,4,1,5,1,1,5,888,1,0,2,,,3,2,,1,2,1,0,2,,,,,,,,,,,," ",260201402,,
2,25,102,1,15,3,101.3189,"02",100,1,2,,,,,,,,0,,1,4,1,4,2,2,4,2,2,4,5,2,1,1,1,,2,,,,1,2,2,0,1,,,,,,,,,,,," ",260201502,,
2,25,102,1,16,3,101.3189,"02",180,1,2,,,,,,,,1,0,1,4,0,,888,1,888,1,1,888,5,888,1,1,2,,,3,2,,1,6,2,0,2,,,,,,,,,,,," ",260201602,,
2,25,102,1,17,3,101.3189,"04",120,2,2,,,,,,,,0,,1,4,0,,3,2,3,3,2,3,2,3,0,,,,,,,,,,,,2,,,,,,,,,,,," ",260201702,,
2,25,102,1,18,3,58.1195744863014,"02",120,2,2,,,,,,,,0,,1,4,0,,3,2,3,4,2,3,5,3,0,,,,,,,,,,,,2,,,,,,,,,,,," ",260201802,,
2,25,102,1,19,3,58.1195744863014,"02",90,2,2,,,,,,,,0,,0,,0,,888,888,888,888,2,888,4,888,1,0,1,,2,,,,1,4,2,1,555,15,,,,,,,,,,," ",260201902,,
2,25,102,1,21,3,101.3189,"02",120,2,2,,,,,,,,1,0,1,3,0,,1,1,888,4,1,1,5,3,1,0,2,,,3,2,,1,4,2,0,2,,,,,,,,,,,," ",260202102,,
2,25,103,2,1,3,17.2765870588235,"02",120,2,,,,,,,,,1,0,1,4,0,,1,1,1,1,4,4,888,4,1,0,2,,,3,2,,1,2,2,1,2,,,,,,,,,,,," ",260300102,,
2,25,103,2,2,3,17.2765870588235,"02",60,2,,,,,,,,,0,,0,,0,,1,1,1,1,1,1,1,1,0,,,,,,,,,,,,1,,,,,,,,,,,," ",260300202,,
2,25,103,2,3,3,17.2765870588235,"02",90,2,,,,,,,,,0,,1,1,1,1,1,1,1,1,1,1,2,1,1,0,1,,2,,,,1,2,1,1,1,,,,,,,,,,,," ",260300302,,
2,25,103,2,4,3,17.2765870588235,"01",60,2,,,,,,,,,0,,1,4,0,,3,2,3,3,4,3,5,3,1,0,1,,2,,,,1,2,2,0,2,,,,,,,,,,,," ",260300402,,
2,25,103,2,5,3,17.2765870588235,"01",120,2,,,,,,,,,0,,0,,0,,888,888,888,888,888,888,888,888,1,0,1,,2,,,,1,4,1,0,555,10,,,,,,,,,,," ",260300502,,
2,25,103,2,6,3,17.2765870588235,"02",180,2,,,,,,,,,0,,1,2,0,,888,888,888,888,888,888,888,888,1,0,1,,2,,,,1,3,2,1,5,,,,,,,,,,,," ",260300602,,
2,25,103,2,7,3,17.2765870588235,"01",90,2,,,,,,,,,0,,0,,0,,888,888,888,888,888,888,888,888,1,0,1,,3,,,,1,5,1,0,555,10,,,,,,,,,,," ",260300702,,
2,25,103,2,8,3,17.2765870588235,"02",60,2,,,,,,,,,1,0,1,4,1,4,2,2,3,4,2,4,2,2,1,0,2,,,3,2,,1,2,1,1,6,,,,,,,,,,,," ",260300802,,
2,25,103,2,9,3,17.2765870588235,"02",90,2,,,,,,,,,0,,0,,0,,888,2,888,4,2,888,4,888,1,0,1,,3,,,,1,4,1,1,4,,,,,,,,,,,," ",260300902,,
2,25,103,2,10,3,133.5009,"02",240,1,,,,,,,,,1,0,1,3,0,,1,888,888,5,1,888,4,1,1,1,2,,,5,3,,1,3,2,1,3,,,,,,,,,,,," ",260301002,,
2,25,103,2,12,3,133.5009,"02",180,2,,,,,,,,,0,,1,4,0,,888,1,888,2,2,888,2,888,1,0,2,,,3,2,,1,3,1,1,2,,,,,,,,,,,," ",260301202,,
2,25,103,2,13,3,133.5009,"02",240,2,,,,,,,,,1,0,1,4,0,,888,1,888,2,1,888,5,888,1,0,2,,,3,2,,1,4,1,1,2,,,,,,,,,,,," ",260301302,,
2,25,103,2,14,3,133.5009,"02",120,2,,,,,,,,,1,0,1,4,0,,3,2,3,4,2,3,5,3,1,0,2,,,3,2,,1,2,1,0,2,,,,,,,,,,,," ",260301402,,
2,25,103,2,15,3,133.5009,"02",60,2,,,,,,,,,0,,1,4,1,4,2,2,3,2,2,2,4,2,1,0,1,,3,,,,1,3,2,1,1,,,,,,,,,,,," ",260301502,,
2,25,103,2,16,3,133.5009,"02",240,1,,,,,,,,,1,0,1,4,0,,1,1,888,2,2,4,5,888,1,0,2,,,5,4,,1,2,2,1,2,,,,,,,,,,,," ",260301602,,
2,25,103,2,17,3,133.5009,"04",120,2,,,,,,,,,1,2,1,2,1,0,1,1,1,1,1,1,1,2,0,,,,,,,,,,,,1,,,,,,,,,,,," ",260301702,,
2,25,103,2,18,3,133.5009,"02",120,2,,,,,,,,,0,,1,4,0,,3,2,3,2,4,3,5,3,1,0,2,,,3,2,,1,3,2,1,2,,,,,,,,,,,," ",260301802,,
2,25,103,2,21,3,133.5009,"03",180,1,,,,,,,,,0,,0,,1,4,2,2,2,4,2,4,5,2,1,1,1,,2,,,,1,2,2,1,1,,,,,,,,,,,," ",260302102,,
2,25,104,2,2,3,119.484141333333,"02",60,1,,,,,,,,,0,,0,,0,,1,2,4,4,2,3,4,2,1,0,2,,,3,2,,1,2,1,1,1,,,,,,,,,,,," ",260400202,,
2,25,104,2,3,3,119.484141333333,"02",180,2,,,,,,,,,1,0,1,2,0,,888,2,888,2,2,1,5,888,1,0,2,,,3,2,,1,6,1,1,2,,,,,,,,,,,," ",260400302,,
2,25,104,2,4,3,119.484141333333,"01",40,2,,,,,,,,,0,,0,,1,4,2,2,5,2,2,3,5,2,1,0,2,,,3,2,,1,2,0,1,4,,,,,,,,,,,," ",260400402,,
2,25,104,2,5,3,119.484141333333,"01",120,2,,,,,,,,,0,,1,4,0,,3,2,3,3,3,3,5,3,1,0,2,,,3,2,,1,2,2,0,2,,,,,,,,,,,," ",260400502,,
2,25,104,2,6,3,119.484141333333,"02",120,2,,,,,,,,,0,,1,4,0,,3,2,3,3,2,3,4,3,1,0,2,,,3,2,,1,2,2,0,2,,,,,,,,,,,," ",260400602,,
2,25,104,2,7,3,119.484141333333,"02",60,2,,,,,,,,,1,0,1,4,0,,1,1,2,888,888,2,5,888,0,,,,,,,,,,,,2,,,,,,,,,,,," ",260400702,,
2,25,104,2,8,3,119.484141333333,"01",60,2,,,,,,,,,0,,1,4,1,4,2,2,4,4,2,4,4,3,1,0,1,,2,,,,1,2,2,0,1,,,,,,,,,,,," ",260400802,,
2,25,104,2,9,3,119.484141333333,"02",120,2,,,,,,,,,1,0,1,4,0,,3,2,3,3,2,3,4,3,1,0,2,,,3,2,,1,2,2,0,2,,,,,,,,,,,," ",260400902,,
2,25,104,2,10,3,38.96222,"02",120,2,,,,,,,,,0,,0,,0,,888,2,888,4,2,888,4,888,1,0,2,,,3,2,,1,4,2,0,555,16,,,,,,,,,,," ",260401002,,
2,25,104,2,11,3,38.96222,"02",60,2,,,,,,,,,0,,1,1,1,2,888,888,888,888,4,4,5,888,0,,,,,,,,,,,,1,,,,,,,,,,,," ",260401102,,
2,25,104,2,12,3,38.96222,"02",60,1,,,,,,,,,0,,0,,0,,888,2,888,888,2,888,4,888,1,1,1,,3,,,,1,4,2,1,555,4,,,,,,,,,,," ",260401202,,
2,25,104,2,13,3,38.96222,"02",80,2,,,,,,,,,0,,0,,0,,1,2,4,888,888,888,5,888,0,,,,,,,,,,,,1,,,,,,,,,,,," ",260401302,,
2,25,104,2,14,3,38.96222,"02",120,1,,,,,,,,,1,0,1,4,0,,888,1,888,2,1,1,5,888,1,1,2,,,3,2,,1,3,2,1,5,,,,,,,,,,,," ",260401402,,
2,25,104,2,15,3,38.96222,"02",120,2,,,,,,,,,1,0,1,1,0,,1,1,1,1,2,1,1,2,1,1,2,,,3,2,,1,3,2,1,2,,,,,,,,,,,," ",260401502,,
2,25,104,2,16,3,38.96222,"02",180,1,,,,,,,,,1,0,1,4,0,,1,1,1,1,2,1,1,1,1,0,1,,2,,,,1,3,2,1,5,,,,,,,,,,,," ",260401602,,
2,25,104,2,17,3,38.96222,"01",120,2,,2,2,2,2,2,3,3,1,1,1,3,0,,1,1,888,1,1,4,1,4,1,0,2,,,3,2,,1,2,2,1,4,,,,,,,,,,,," ",260401702,,
2,25,104,2,18,3,38.96222,"02",80,1,,,,,,,,,0,,0,,1,0,1,888,888,888,888,888,888,888,0,,,,,,,,,,,,1,,,,,,,,,,,," ",260401802,,
2,25,104,2,20,3,119.484141333333,"02",60,2,,,,,,,,,0,,0,,0,,888,888,888,888,888,888,888,888,1,0,1,,2,,,,1,4,1,0,555,10,,,,,,,,,,," ",260402002,,
2,25,105,2,1,3,68.69241,"02",90,1,,,,,,,,,0,,0,,0,,2,2,2,2,2,4,5,2,1,0,1,,3,,,,1,3,2,0,1,,,,,,,,,,,," ",260500102,,
2,25,105,2,2,3,68.69241,"02",120,2,,,,,,,,,0,,1,4,0,,3,2,3,3,4,3,5,3,0,,,,,,,,,,,,2,,,,,,,,,,,," ",260500202,,
2,25,105,2,3,3,68.69241,"02",60,2,,,,,,,,,0,,1,4,1,4,1,5,2,2,2,1,2,2,0,,,,,,,,,,,,1,,,,,,,,,,,," ",260500302,,
2,25,105,2,4,3,68.69241,"03",60,2,,,,,,,,,1,0,1,2,0,,2,2,2,4,2,2,5,888,1,0,2,,,3,2,,1,6,1,0,2,,,,,,,,,,,," ",260500402,,
2,25,105,2,5,3,68.69241,"02",60,2,,,,,,,,,1,2,1,1,1,1,1,2,2,1,2,1,2,1,0,,,,,,,,,,,,1,,,,,,,,,,,," ",260500502,,
2,25,105,2,6,3,68.69241,"01",120,2,,,,,,,,,0,,0,,0,,888,2,888,888,2,3,4,888,1,0,1,,2,,,,1,3,1,0,555,10,,,,,,,,,,," ",260500602,,
2,25,105,2,7,3,68.69241,"02",240,1,,,,,,,,,1,0,1,1,0,,1,2,2,2,2,2,2,2,1,0,2,,,3,2,,1,3,2,1,2,,,,,,,,,,,," ",260500702,,
2,25,105,2,8,3,68.69241,"01",60,2,,,,,,,,,0,,1,0,1,4,1,1,1,2,2,2,2,2,0,,,,,,,,,,,,1,,,,,,,,,,,," ",260500802,,
2,25,105,2,9,3,68.69241,"02",180,2,,,,,,,,,1,0,1,3,0,,2,2,2,2,2,2,2,2,1,0,2,,,3,2,,1,3,1,1,2,,,,,,,,,,,," ",260500902,,
2,25,105,2,10,3,68.69241,"01",60,2,,,,,,,,,1,0,1,1,0,,2,2,2,888,2,888,5,888,1,0,2,,,3,2,,1,4,1,0,2,,,,,,,,,,,," ",260501002,,
2,25,105,2,11,3,68.69241,"02",120,2,,,,,,,,,0,,0,,1,4,2,2,3,4,2,3,5,2,1,0,2,,,3,2,,1,2,1,1,1,,,,,,,,,,,," ",260501102,,
2,25,105,2,12,3,68.69241,"02",90,1,,,,,,,,,0,,0,,0,,2,2,2,2,2,4,4,3,1,0,2,,,3,2,,1,2,1,0,1,,,,,,,,,,,," ",260501202,,
2,25,105,2,13,3,68.69241,"02",120,2,,,,,,,,,0,,0,,0,,888,2,888,4,2,888,4,888,1,0,1,,2,,,,1,4,1,0,555,10,,,,,,,,,,," ",260501302,,
2,25,105,2,14,3,68.69241,"02",60,2,,,,,,,,,1,0,1,2,0,,2,2,2,2,2,2,2,2,1,0,1,,3,,,,1,3,2,1,2,,,,,,,,,,,," ",260501402,,
2,25,105,2,15,3,68.69241,"01",180,2,,,,,,,,,1,4,1,4,0,,4,2,2,3,2,3,5,3,1,1,2,,,3,2,,1,2,2,1,2,,,,,,,,,,,," ",260501502,,
2,25,105,2,16,3,68.69241,"02",240,2,,,,,,,,,1,0,1,4,0,,888,1,888,888,3,888,5,888,1,1,2,,,3,2,,1,4,2,1,2,,,,,,,,,,,," ",260501602,,
2,25,105,2,17,3,68.69241,"02",120,2,,,,,,,,,0,,0,,0,,888,888,888,888,2,888,4,888,1,0,1,,2,,,,1,3,2,1,555,10,,,,,,,,,,," ",260501702,,
2,25,105,2,18,3,68.69241,"02",60,2,,,,,,,,,0,,1,4,0,,3,2,3,3,2,3,5,3,1,0,2,,,3,2,,1,3,2,0,2,,,,,,,,,,,," ",260501802,,
2,25,106,2,1,2,,"01",280,1,,,,,,,,,1,0,1,1,0,,1,1,1,888,1,888,5,888,1,0,1,,2,,,,1,2,1,1,555,11,,,1,,,,,,,," ",260600102,1,21.6071434020996
2,25,106,2,2,2,,"02",240,1,,2,2,2,2,2,2,2,1,0,1,3,0,,1,1,1,888,2,2,4,888,1,0,2,,,4,2,,1,5,1,0,2,,1,,,,,,,,,," ",260600202,1,21.6071434020996
2,25,106,2,3,2,,"01",60,1,,,,,,,,,1,2,1,1,0,,1,1,2,2,2,888,4,888,1,0,2,,,4,2,,1,6,1,0,2,,1,,,,,,,,,," ",260600302,1,21.6071434020996
2,25,106,2,4,2,,"01",180,1,,,,,,,,,0,,1,2,0,,1,1,1,888,2,888,5,888,1,0,2,,,3,3,,1,5,1,0,5,,,,1,,,,,,,," ",260600402,1,21.6071434020996
2,25,106,2,5,2,,"03",280,2,,,,,,,,,1,0,1,4,0,,1,1,1,888,888,888,4,888,1,0,2,,,3,2,,1,4,1,0,6,,1,,,,,,,,,," ",260600502,1,21.6071434020996
2,25,106,2,6,2,,"01",120,1,,,,,,,,,0,,1,2,0,,1,1,1,1,2,2,4,888,1,0,1,,3,,,,1,4,1,0,2,,1,,,,,,,,,," ",260600602,1,21.6071434020996
2,25,106,2,7,2,,"06",180,2,,,,,,,,,1,1,1,3,0,,1,1,1,888,1,888,4,3,1,0,2,,,2,2,,1,2,2,1,5,,1,,,,,,,,,," ",260600702,1,21.6071434020996
2,25,106,2,8,2,,"01",60,2,,,,,,,,,1,0,1,3,0,,1,1,1,888,1,888,5,3,1,0,2,,,3,2,,1,5,1,1,555,6,1,,,,,,,,,," ",260600802,1,21.6071434020996
2,25,106,2,9,2,,"01",120,2,,,,,,,,,1,0,1,3,0,,1,1,2,2,1,888,4,888,1,0,1,,3,,,,1,3,1,0,2,,1,,,,,,,,,," ",260600902,1,21.6071434020996
2,25,106,2,10,2,,"02",60,2,,,,,,,,,1,0,1,0,0,,2,2,888,888,888,888,2,888,0,1,1,,3,,,,1,2,2,1,1,,1,,,,,,,,,," ",260601002,1,21.6071434020996
2,25,106,2,11,2,,"01",60,2,,,,,,,,,1,0,1,0,0,,2,2,2,2,2,2,2,2,1,1,1,,2,,,,1,3,2,1,1,,1,,,,,,,,,," ",260601102,1,21.6071434020996
2,25,106,2,12,2,,"02",120,2,,,,,,,,,1,1,0,,0,,2,2,2,888,888,888,2,888,0,,,,,,,,,,,,1,,1,,,,,,,,,," ",260601202,1,21.6071434020996
2,25,106,2,13,2,,"02",60,1,,,,,,,,,1,0,1,2,0,,2,888,888,888,888,888,888,888,1,0,1,,2,,,,1,4,2,1,1,,1,,,,,,,,,," ",260601302,1,21.6071434020996
2,25,106,2,14,2,,"03",60,2,,,,,,,,,1,0,1,0,0,,2,2,3,888,888,888,888,888,1,0,1,,2,,,,1,3,1,1,1,,,1,,,,,,,,," ",260601402,1,21.6071434020996
2,25,106,2,15,2,,"01",180,2,,,,,,,,,1,1,1,0,0,,2,2,888,888,888,888,888,888,1,1,1,,3,,,,1,2,2,1,1,,,,1,,,,,,,," ",260601502,1,21.6071434020996
2,25,106,2,16,2,,"01",60,2,,,,,,,,,1,0,0,,0,,2,888,888,888,888,888,888,888,0,,,,,,,,,,,,1,,1,,,,,,,,,," ",260601602,1,21.6071434020996
2,25,106,2,17,2,,"01",60,1,,,,,,,,,1,0,0,,0,,2,2,888,888,888,888,2,888,1,1,1,,2,,,,1,3,2,0,1,,1,,,,,,,,,," ",260601702,1,21.6071434020996
2,25,106,2,18,2,,"02",60,2,,,,,,,,,1,1,1,1,0,,2,2,888,888,2,888,888,888,1,1,1,,2,,,,1,3,2,0,1,,,1,,,,,,,,," ",260601802,1,21.6071434020996
2,25,107,2,1,2,,"01",480,1,,,,,,,,,0,,0,,0,,1,1,1,888,888,4,2,3,0,1,1,,2,,,,1,2,2,1,1,,1,,,,,,,,,," ",260700102,1,21.6071434020996
2,25,107,2,2,2,,"01",120,2,,,,,,,,,0,,0,,0,,1,2,2,888,4,2,5,3,0,0,1,,2,,,,1,2,1,1,1,,,,1,,,,,,,," ",260700202,1,21.6071434020996
2,25,107,2,3,2,,"01",60,1,,,,,,,,,0,,0,,0,,1,1,2,888,4,4,5,888,1,0,1,,2,,,,1,3,2,1,1,,1,,,,,,,,,," ",260700302,1,21.6071434020996
2,25,107,2,4,2,,"01",60,1,,,,,,,,,0,,0,,0,,1,1,1,888,4,888,2,3,0,0,2,,,3,2,,1,3,1,1,1,,,,,,,,,,,888," ",260700402,1,21.6071434020996
2,25,107,2,5,2,,"01",30,2,,,,,,,,,1,888,1,888,0,,1,1,1,888,2,2,4,3,0,1,1,,2,,,,1,3,1,1,1,,1,,,,,,,,,," ",260700502,1,21.6071434020996
2,25,107,2,6,2,,"01",50,1,,,,,,,,,0,,0,,0,,1,2,5,1,5,5,1,1,0,,,,,,,,,,,,1,,1,,,,,,,,,," ",260700602,1,21.6071434020996
2,25,107,2,7,2,,"01",120,2,,,,,,,,,0,,0,,0,,1,2,1,888,4,888,4,3,1,0,2,,,3,2,,1,3,1,1,1,,1,,,,,,,,,," ",260700702,1,21.6071434020996
2,25,107,2,8,2,,"01",60,2,,,,,,,,,0,,0,,0,,1,1,2,888,888,888,5,3,1,1,1,,2,,,,1,3,1,1,1,,1,,,,,,,,,," ",260700802,1,21.6071434020996
2,25,107,2,9,2,,"01",60,1,,,,,,,,,1,0,1,888,0,,1,1,2,888,888,4,888,3,0,1,1,,2,,,,1,3,2,1,4,,1,,,,,,,,1,,"All Me_charcoal",260700902,1,21.6071434020996
2,25,107,2,10,2,,"01",50,1,,,,,,,,,0,,0,,0,,3,3,4,2,5,2,1,1,0,,,,,,,,,,,,4,,,,,,,,,,,888," ",260701002,1,21.6071434020996
2,25,107,2,11,2,,"02",45,2,,,,,,,,,0,,0,,0,,2,888,888,888,888,888,888,888,0,,,,,,,,,,,,4,,,,,,,,,,,888," ",260701102,1,21.6071434020996
2,25,107,2,12,2,,"01",50,1,,,,,,,,,0,,0,,0,,2,1,5,2,2,2,2,888,0,,,,,,,,,,,,4,,1,,,,,,,,,," ",260701202,1,21.6071434020996
2,25,107,2,13,2,,"01",45,1,,,,,,,,,0,,0,,0,,2,2,2,1,1,2,4,1,0,,,,,,,,,,,,1,,1,,,,,,,,,," ",260701302,1,21.6071434020996
2,25,107,2,14,2,,"01",45,1,,,,,,,,,0,,0,,0,,1,1,1,888,5,5,2,5,0,,,,,,,,,,,,4,,,,,,,,,,,888," ",260701402,1,21.6071434020996
2,25,107,2,15,2,,"02",120,2,,,,,,,,,0,,0,,0,,2,2,888,888,888,888,888,888,0,,,,,,,,,,,,4,,,,,,,,,,,888," ",260701502,1,21.6071434020996
2,25,107,2,16,2,,"01",45,1,,,,,,,,,0,,0,,0,,2,2,2,2,2,888,2,888,0,,,,,,,,,,,,6,,1,,,,,,,,,," ",260701602,1,21.6071434020996
2,25,107,2,17,2,,"02",120,1,,,,,,,,,0,,0,,0,,2,2,888,2,2,888,2,888,0,,,,,,,,,,,,1,,1,,,,,,,,,," ",260701702,1,21.6071434020996
2,25,107,2,18,2,,"01",120,2,,,,,,,,,0,,0,,0,,2,1,1,1,2,888,888,888,0,,,,,,,,,,,,4,,,,,,,,,,,," ",260701802,1,21.6071434020996
2,25,108,2,1,2,,"02",120,1,,,,,,,,,0,,0,,0,,2,2,1,2,2,2,2,2,0,,,,,,,,,,,,1,,1,,,,,,,,,," ",260800102,1,21.6071434020996
2,25,108,2,2,2,,"01",50,1,,,,,,,,,0,,0,,0,,1,1,2,1,1,1,1,2,0,,,,,,,,,,,,1,,1,,,,,,,,,," ",260800202,1,21.6071434020996
2,25,108,2,3,2,,"01",120,1,,,,,,,,,0,,0,,0,,3,2,2,2,2,2,2,2,0,,,,,,,,,,,,1,,1,,,,,,,,,," ",260800302,1,21.6071434020996
2,25,108,2,4,2,,"01",120,1,,,,,,,,,0,,0,,0,,2,2,2,1,2,1,2,888,0,,,,,,,,,,,,1,,,,,,,,,,,888," ",260800402,1,21.6071434020996
2,25,108,2,5,2,,"01",130,1,,,,,,,,,0,,0,,0,,1,2,2,2,2,1,2,2,0,,,,,,,,,,,,1,,1,,,,,,,,,," ",260800502,1,21.6071434020996
2,25,108,2,6,2,,"02",120,1,,,,,,,,,0,,0,,0,,2,1,1,2,3,3,2,2,0,,,,,,,,,,,,1,,1,,,,,,,,,," ",260800602,1,21.6071434020996
2,25,108,2,8,2,,"01",130,1,,,,,,,,,0,,0,,0,,2,4,1,2,2,4,2,2,0,,,,,,,,,,,,1,,1,,,,,,,,,," ",260800802,1,21.6071434020996
2,25,108,2,9,2,,"01",120,1,,,,,,,,,0,,0,,0,,4,1,888,888,888,888,888,888,0,,,,,,,,,,,,1,,1,,,,,,,,,," ",260800902,1,21.6071434020996
2,25,108,2,11,2,,"02",180,2,,,,,,,,,1,0,1,1,0,,1,2,2,888,2,888,4,888,1,0,1,,3,,,,1,3,1,0,1,,,,,,,,,,,," ",260801102,1,21.6071434020996
2,25,108,2,12,2,,"01",50,2,,,,,,,,,0,,0,,0,,1,2,2,2,2,888,888,888,1,0,1,,2,,,,1,4,1,0,1,,,1,,,,,,,,," ",260801202,1,21.6071434020996
2,25,108,2,13,2,,"01",120,2,,,,,,,,,0,,1,1,0,,2,2,2,3,1,888,4,888,1,0,1,,2,,,,1,3,1,1,1,,,,,,,,,,,," ",260801302,1,21.6071434020996
2,25,108,2,14,2,,"01",120,1,,,,,,,,,1,0,1,1,0,,888,888,2,888,2,888,4,888,1,0,1,,3,,,,1,3,1,1,1,,1,,,,,,,,,," ",260801402,1,21.6071434020996
2,25,108,2,15,2,,"01",150,1,,,,,,,,,1,0,1,1,0,,1,1,1,888,2,888,4,888,1,0,1,,3,,,,1,5,1,1,1,,,,1,,,,,,,," ",260801502,1,21.6071434020996
2,25,108,2,16,2,,"01",60,2,,,,,,,,,1,0,1,3,0,,1,2,888,3,2,888,5,888,1,0,3,,,,,2,1,4,2,1,1,,1,,,,,,,,,," ",260801602,1,21.6071434020996
2,25,108,2,18,2,,"01",90,2,,,,,,,,,1,0,1,0,0,,1,2,2,888,4,4,4,888,1,0,1,,2,,,,1,6,2,0,1,,1,,,,,,,,,," ",260801802,1,21.6071434020996
2,25,109,2,1,2,,"02",60,2,,,,,,,,,1,0,1,0,0,,888,1,888,888,2,888,5,888,0,0,2,,,3,2,,1,4,2,1,1,,1,,,,,,,,,," ",260900102,1,21.6071434020996
2,25,109,2,2,2,,"01",120,2,,,,,,,,,0,,0,,0,,1,1,2,888,5,5,5,3,1,0,1,,2,,,,1,3,2,1,1,,1,,,,,,,,,," ",260900202,1,21.6071434020996
2,25,109,2,3,2,,"01",180,1,,,,,,,,,0,,0,,0,,1,4,1,888,888,888,5,3,0,0,2,,,3,2,,1,3,2,1,1,,1,,,,,,,,,," ",260900302,1,21.6071434020996
2,25,109,2,4,2,,"01",60,2,,,,,,,,,0,,0,,0,,1,2,2,1,4,888,5,3,0,0,1,,2,,,,1,2,1,1,1,,1,,,,,,,,,," ",260900402,1,21.6071434020996
2,25,109,2,5,2,,"01",30,1,,,,,,,,,0,,0,,0,,1,1,2,2,4,888,5,3,0,0,1,,3,,,,1,3,2,1,1,,1,,,,,,,,,," ",260900502,1,21.6071434020996
2,25,109,2,6,2,,"02",60,2,,,,,,,,,0,,0,,0,,888,2,888,888,4,888,5,3,0,0,1,,2,,,,1,3,1,1,1,,1,,,,,,,,,," ",260900602,1,21.6071434020996
2,25,109,2,7,2,,"02",120,2,,,,,,,,,0,,0,,0,,1,2,888,888,4,888,5,3,0,0,1,,2,,,,1,3,2,1,1,,1,,,,,,,,,," ",260900702,1,21.6071434020996
2,25,109,2,8,2,,"01",60,2,,,,,,,,,0,,0,,1,0,1,1,888,888,4,888,5,3,0,0,1,,3,,,,1,3,2,0,1,,1,,,,,,,,,," ",260900802,1,21.6071434020996
2,25,109,2,9,2,,"01",240,1,,,,,,,,,0,,0,,0,,1,1,1,888,4,2,5,3,0,0,1,,2,,,,1,2,2,1,1,,1,,,,,,,,,," ",260900902,1,21.6071434020996
2,25,109,2,10,2,,"01",240,1,,,,,,,,,1,0,1,0,0,,1,2,4,888,2,888,5,4,0,,,,,,,,,,,,1,,1,,,,,,,,,," ",260901002,1,21.6071434020996
2,25,109,2,11,2,,"01",160,1,,,,,,,,,1,0,1,0,0,,2,2,4,4,2,4,4,2,0,,,,,,,,,,,,1,,,1,,,,,,,,," ",260901102,1,21.6071434020996
2,25,109,2,12,2,,"02",160,1,,,,,,,,,1,0,1,0,0,,2,2,5,5,2,888,5,4,1,0,1,,2,,,,1,5,1,1,1,,,,,,,,,,1,,"Metal Charcoal",260901202,1,21.6071434020996
2,25,109,2,13,2,,"01",200,1,,,,,,,,,1,0,0,,0,,2,2,5,4,2,4,5,5,1,1,1,,4,,,,1,3,1,1,1,,1,,,,,,,,,," ",260901302,1,21.6071434020996
2,25,109,2,14,2,,"01",120,1,,,,,,,,,0,,0,,0,,2,2,4,4,2,4,4,4,0,,,,,,,,,,,,1,,1,,,,,,,,,," ",260901402,1,21.6071434020996
2,25,109,2,15,2,,"01",240,1,,,,,,,,,1,0,1,0,0,,1,1,4,888,2,4,5,888,1,1,1,,3,,,,1,3,1,1,2,,1,,,,,,,,,," ",260901502,1,21.6071434020996
2,25,109,2,16,2,,"02",240,2,,,,,,,,,1,0,1,0,0,,2,2,5,4,2,4,5,2,0,,,,,,,,,,,,1,,1,,,,,,,,,," ",260901602,1,21.6071434020996
2,25,109,2,17,2,,"02",240,1,,,,,,,,,0,,0,,0,,2,2,4,4,2,2,5,888,1,0,1,,4,,,,1,6,1,1,1,,1,,,,,,,,,," ",260901702,1,21.6071434020996
2,25,109,2,18,2,,"01",240,1,,,,,,,,,0,,0,,0,,2,2,4,4,2,2,4,4,1,0,1,,2,,,,1,6,1,0,1,,,1,,,,,,,,," ",260901802,1,21.6071434020996
2,25,110,2,1,2,,"01",60,2,,,,,,,,,1,0,0,,0,,2,2,888,888,888,888,888,888,1,1,1,,2,,,,1,5,2,1,1,,1,,,,,,,,,," ",261000102,1,21.6071434020996
2,25,110,2,2,2,,"01",60,2,,,,,,,,,0,,0,,0,,2,2,888,888,2,2,4,888,1,0,1,,2,,,,1,4,2,0,1,,1,1,,,,,,,,," ",261000202,1,21.6071434020996
2,25,110,2,3,2,,"02",60,1,,,,,,,,,1,1,0,,0,,1,2,2,5,2,888,888,888,1,0,3,,,,,2,1,4,2,0,1,,,1,,,,,,,,," ",261000302,1,21.6071434020996
2,25,110,2,4,2,,"01",120,1,,,,,,,,,1,0,1,1,0,,2,2,888,888,888,888,888,888,1,1,1,,3,,,,1,4,1,1,1,,1,,,,,,,,,," ",261000402,1,21.6071434020996
2,25,110,2,5,2,,"06",60,2,,,,,,,,,1,2,1,1,0,,2,2,888,888,888,888,888,888,1,0,1,,2,,,,1,4,1,1,1,,1,,,,,,,,,," ",261000502,1,21.6071434020996
2,25,110,2,6,2,,"02",120,2,,,,,,,,,0,,0,,0,,2,2,2,888,888,888,4,888,1,0,1,,2,,,,1,5,1,0,1,,,1,,,,,,,,," ",261000602,1,21.6071434020996
2,25,110,2,7,2,,"04",60,1,,,,,,,,,1,0,0,,0,,2,2,888,888,888,888,4,888,1,1,1,,3,,,,1,2,2,1,1,,1,,,,,,,,,," ",261000702,1,21.6071434020996
2,25,110,2,8,2,,"01",50,2,,,,,,,,,0,,0,,0,,2,5,888,888,888,888,888,888,1,0,1,,2,,,,1,3,1,1,1,,1,,,,,,,,,," ",261000802,1,21.6071434020996
2,25,110,2,9,2,,"02",80,1,,,,,,,,,1,0,0,,0,,2,888,888,888,888,888,888,888,1,1,1,,2,,,,1,4,1,1,1,,,,1,,,,,,,," ",261000902,1,21.6071434020996
2,25,110,2,10,2,,"02",120,1,,,,,,,,,0,,0,,0,,2,4,1,1,888,3,2,888,0,,,,,,,,,,,,1,,1,,,,,,,,,," ",261001002,1,21.6071434020996
2,25,110,2,11,2,,"02",60,1,,,,,,,,,1,0,1,1,0,,2,2,2,888,888,888,888,888,1,1,1,,2,,,,1,3,1,1,1,,1,,,,,,,,,," ",261001102,1,21.6071434020996
2,25,110,2,12,2,,"01",90,1,,,,,,,,,0,,1,1,0,,2,2,2,2,2,2,5,3,1,0,3,,,,,3,1,4,2,0,1,,1,,,,,,,,,," ",261001202,1,21.6071434020996
2,25,110,2,13,2,,"02",60,2,,,,,,,,,1,0,1,1,0,,2,2,2,888,888,5,5,888,1,1,1,,2,,,,1,4,2,1,1,,1,,,,,,,,,," ",261001302,1,21.6071434020996
2,25,110,2,14,2,,"03",120,1,,,,,,,,,1,0,1,1,0,,2,2,888,888,888,888,4,888,1,1,1,,2,,,,1,4,1,1,1,,1,,,,,,,,,," ",261001402,1,21.6071434020996
2,25,110,2,15,2,,"01",120,2,,,,,,,,,1,0,0,,0,,2,2,2,888,888,888,4,888,1,0,1,,2,,,,1,4,2,0,1,,,,1,,,,,,,," ",261001502,1,21.6071434020996
2,25,110,2,16,2,,"02",120,1,,,,,,,,,0,,0,,0,,2,2,1,4,4,5,1,1,0,,,,,,,,,,,,1,,1,,,,,,,,,," ",261001602,1,21.6071434020996
2,25,110,2,17,2,,"01",120,1,,,,,,,,,0,,0,,0,,1,2,2,2,1,5,2,2,0,,,,,,,,,,,,1,,1,,,,,,,,,," ",261001702,1,21.6071434020996
2,25,110,2,18,2,,"02",60,1,,,,,,,,,1,0,1,0,0,,2,2,2,888,888,888,888,888,1,1,1,,2,,,,1,4,1,1,1,,,,1,,,,,,,," ",261001802,1,21.6071434020996
2,25,111,2,1,2,,"03",180,2,,,,,,,,,0,,0,,0,,888,2,888,888,888,888,5,888,0,1,2,,,2,2,,1,3,2,1,1,,1,,,,,,,,,," ",261100102,1,21.6071434020996
2,25,111,2,2,2,,"01",90,2,,,,,,,,,0,,0,,0,,888,1,888,888,4,888,5,3,0,0,1,,2,,,,1,3,2,1,1,,1,,,,,,,,,," ",261100202,1,21.6071434020996
2,25,111,2,3,2,,"01",90,1,,,,,,,,,0,,0,,0,,888,1,888,3,5,888,5,3,1,0,1,,2,,,,1,4,2,1,1,,1,,,,,,,,,," ",261100302,1,21.6071434020996
2,25,111,2,4,2,,"02",120,2,,,,,,,,,0,,0,,0,,888,2,888,888,4,888,5,888,0,0,1,,2,,,,1,4,1,1,1,,1,,,,,,,,,," ",261100402,1,21.6071434020996
2,25,111,2,5,2,,"01",60,2,,,,,,,,,1,0,1,888,0,,888,1,888,888,4,888,5,3,0,0,1,,2,,,,1,3,1,1,1,,1,,,,,,,,,," ",261100502,1,21.6071434020996
2,25,111,2,6,2,,"01",45,1,,,,,,,,,0,,0,,0,,888,1,888,2,4,888,5,3,0,0,2,,,3,2,,1,4,1,0,1,,1,,,,,,,,,," ",261100602,1,21.6071434020996
2,25,111,2,7,2,,"01",60,2,,,,,,,,,1,0,1,0,0,,888,1,888,3,4,888,5,3,1,0,1,,2,,,,1,4,1,1,1,,1,,,,,,,,,," ",261100702,1,21.6071434020996
2,25,111,2,8,2,,"01",60,2,,,,,,,,,1,1,1,0,0,,888,2,888,888,888,888,5,3,0,0,1,,2,,,,1,4,1,1,1,,1,,,,,,,,,," ",261100802,1,21.6071434020996
2,25,111,2,9,2,,"01",180,1,,,,,,,,,1,0,1,1,0,,888,1,888,2,4,888,5,3,0,0,1,,2,,,,1,4,1,1,1,,1,,,,,,,,,," ",261100902,1,21.6071434020996
2,25,111,2,10,2,,"02",160,1,,,,,,,,,0,,0,,0,,2,2,5,4,2,5,5,4,0,,,,,,,,,,,,1,,1,,,,,,,,,," ",261101002,1,21.6071434020996
2,25,111,2,11,2,,"01",200,1,,,,,,,,,0,,0,,0,,1,2,2,4,1,3,5,4,0,,,,,,,,,,,,1,,1,,,,,,,,,," ",261101102,1,21.6071434020996
2,25,111,2,12,2,,"01",200,1,,,,,,,,,0,,0,,0,,1,2,4,4,2,4,2,4,1,1,1,,4,,,,1,4,1,1,1,,1,,,,,,,,,," ",261101202,1,21.6071434020996
2,25,111,2,13,2,,"03",200,1,,,,,,,,,0,,0,,0,,2,2,5,4,1,2,5,4,1,0,1,,4,,,,1,5,1,1,1,,1,,,,,,,,,," ",261101302,1,21.6071434020996
2,25,111,2,14,2,,"02",200,1,,,,,,,,,0,,0,,0,,1,2,5,3,2,3,4,5,1,0,1,,3,,,,1,5,1,1,2,,1,,1,,,,,,,," ",261101402,1,21.6071434020996
2,25,111,2,15,2,,"01",220,1,,,,,,,,,0,,0,,0,,1,2,5,5,1,5,5,4,1,1,1,,3,,,,1,5,1,1,2,,1,,,,,,,,,," ",261101502,1,21.6071434020996
2,25,111,2,16,2,,"02",200,1,,,,,,,,,0,,0,,0,,2,2,2,2,2,5,4,4,1,0,1,,2,,,,1,4,2,1,1,,1,,,,,,,,,," ",261101602,1,21.6071434020996
2,25,111,2,17,2,,"02",160,1,,,,,,,,,0,,0,,0,,2,2,2,4,1,5,4,4,1,0,1,,4,,,,1,3,1,0,1,,1,,,,,,,,,," ",261101702,1,21.6071434020996
2,25,111,2,18,2,,"02",200,1,,,,,,,,,0,,0,,0,,2,2,4,4,2,4,4,4,1,1,1,,4,,,,1,5,1,1,1,,,,1,,,,,,,," ",261101802,1,21.6071434020996
2,25,112,2,1,2,,"02",120,1,,,,,,,,,1,1,1,0,0,,2,2,888,888,888,888,888,888,1,0,1,,6,,,,1,3,2,0,1,,,1,,,,,,,,," ",261200102,1,21.6071434020996
2,25,112,2,2,2,,"02",60,2,,,,,,,,,1,0,1,1,0,,2,2,888,888,888,888,888,888,1,1,1,,3,,,,1,4,1,1,1,,1,,,,,,,,,," ",261200202,1,21.6071434020996
2,25,112,2,3,2,,"02",60,2,,,,,,,,,1,0,1,2,0,,3,2,3,888,888,888,888,888,1,0,1,,3,,,,1,2,1,1,1,,1,,,,,,,,,," ",261200302,1,21.6071434020996
2,25,112,2,4,2,,"01",80,1,,,,,,,,,1,0,1,4,0,,888,2,2,888,2,888,4,888,1,0,1,,3,,,,1,4,1,0,1,,,,1,,,,,,,," ",261200402,1,21.6071434020996
2,25,112,2,5,2,,"02",60,1,,,,,,,,,1,0,1,2,0,,4,2,888,888,888,888,5,888,1,1,1,,3,,,,1,4,1,1,1,,1,,,,,,,,,," ",261200502,1,21.6071434020996
2,25,112,2,6,2,,"01",60,2,,,,,,,,,1,2,1,4,0,,888,2,888,888,3,3,888,888,1,1,1,,3,,,,1,4,1,0,1,,1,,,,,,,,,," ",261200602,1,21.6071434020996
2,25,112,2,7,2,,"02",60,1,,,,,,,,,1,0,1,4,0,,2,2,888,888,888,2,888,888,1,0,1,,2,,,,1,3,1,1,1,,1,,,,,,,,,," ",261200702,1,21.6071434020996
2,25,112,2,8,2,,"01",60,1,,,,,,,,,1,0,1,0,0,,2,888,888,888,888,888,888,888,1,1,1,,2,,,,1,4,2,0,1,,,1,,,,,,,,," ",261200802,1,21.6071434020996
2,25,112,2,9,2,,"01",180,1,,,,,,,,,1,0,1,2,0,,2,2,2,888,888,888,888,888,1,1,1,,2,,,,1,4,1,1,1,,1,,,,,,,,,," ",261200902,1,21.6071434020996
2,25,112,2,11,2,,"01",40,2,,,,,,,,,1,888,1,888,0,,2,3,2,2,888,888,888,888,1,0,3,,,,,3,1,3,0,0,1,,1,,,,,,,,,," ",261201102,1,21.6071434020996
2,25,112,2,12,2,,"01",60,2,,,,,,,,,1,0,0,,0,,1,2,2,2,2,888,4,888,1,0,3,,,,,3,1,6,1,1,1,,1,,1,,,,,,,," ",261201202,1,21.6071434020996
2,25,112,2,13,2,,"01",60,2,,,,,,,,,1,0,1,1,0,,1,2,2,888,888,888,2,888,1,0,3,,,,,2,1,4,1,1,1,,1,,,,,,,,,," ",261201302,1,21.6071434020996
2,25,112,2,14,2,,"01",60,1,,,,,,,,,1,0,1,1,0,,1,2,2,2,2,888,4,888,1,0,3,,,,,3,1,6,2,1,1,,1,,,,,,,,,," ",261201402,1,21.6071434020996
2,25,112,2,15,2,,"01",60,2,,,,,,,,,0,,1,0,0,,2,2,2,888,2,888,4,888,1,0,3,,,,,2,1,5,2,1,1,,1,,1,,,,,,,," ",261201502,1,21.6071434020996
2,25,112,2,16,2,,"01",70,2,,,,,,,,,1,0,1,2,0,,1,1,1,888,2,888,888,3,1,0,3,,,,,4,1,3,1,1,1,,1,,,,,,,,,," ",261201602,1,21.6071434020996
2,25,112,2,17,2,,"01",50,2,,,,,,,,,0,,0,,0,,2,2,2,2,2,2,4,888,1,0,3,,,,,2,1,4,1,1,1,,1,,1,,,,,,,," ",261201702,1,21.6071434020996
2,25,112,2,18,2,,"01",50,1,,,,,,,,,1,0,1,3,0,,2,2,2,2,2,2,4,888,1,0,3,,,,,2,1,2,1,1,1,,,,1,,,,,,,," ",261201802,1,21.6071434020996
2,25,113,2,1,2,,"01",180,2,,,,,,,,,0,,0,,0,,888,1,888,2,2,888,5,3,0,,,,,,,,,,,,4,,1,,,,,,,,,," ",261300102,1,21.6071434020996
2,25,113,2,2,2,,"01",120,2,,,,,,,,,1,0,1,888,0,,888,1,888,2,2,888,5,3,0,0,2,,,3,2,,1,4,1,1,2,,1,,,,,,,,,," ",261300202,1,21.6071434020996
2,25,113,2,3,2,,"02",90,2,,,,,,,,,0,,0,,0,,888,1,888,2,2,888,5,888,0,0,1,,2,,,,1,4,2,1,1,,1,,,,,,,,,," ",261300302,1,21.6071434020996
2,25,113,2,4,2,,"01",120,1,,,,,,,,,0,,0,,0,,888,1,888,888,2,888,5,3,1,1,1,,2,,,,1,4,1,1,6,,1,,,,,,,,,," ",261300402,1,21.6071434020996
2,25,113,2,5,2,,"01",200,2,,,,,,,,,1,0,1,0,0,,2,2,2,2,4,4,4,5,1,0,1,,3,,,,1,5,1,1,1,,1,,,,,,,,,," ",261300502,1,21.6071434020996
2,25,113,2,6,2,,"02",180,2,,,,,,,,,0,,0,,0,,2,2,5,4,1,4,5,5,1,1,1,,2,,,,1,3,1,1,2,,1,,,,,,,,,," ",261300602,1,21.6071434020996
2,25,113,2,7,2,,"01",200,1,,,,,,,,,1,0,1,0,0,,2,2,4,4,1,4,5,4,0,,,,,,,,,,,,1,,1,,,,,,,,,," ",261300702,1,21.6071434020996
2,25,113,2,8,2,,"02",200,2,,,,,,,,,0,,0,,0,,2,1,3,5,2,4,4,4,0,,,,,,,,,,,,1,,1,,,,,,,,,," ",261300802,1,21.6071434020996
2,25,113,2,9,2,,"01",150,2,,,,,,,,,1,0,1,3,0,,2,2,2,4,1,888,4,4,1,0,3,,,,,3,1,6,2,1,1,,1,,,,,,,,,," ",261300902,1,21.6071434020996
2,25,113,2,10,2,,"02",120,2,,,,,,,,,1,0,1,2,0,,2,2,2,4,2,888,5,888,1,0,3,,,,,4,1,6,2,1,1,,1,,1,,,,,,,," ",261301002,1,21.6071434020996
2,25,113,2,11,2,,"02",120,2,,,,,,,,,1,0,1,1,0,,2,2,2,2,2,888,4,888,1,0,3,,,,,4,1,5,2,1,1,,1,,,,,,,,,," ",261301102,1,21.6071434020996
2,25,113,2,12,2,,"01",60,2,,,,,,,,,1,0,1,3,0,,1,2,2,2,2,888,4,3,1,0,3,,,,,3,1,6,2,1,1,,1,,,,,,,,,," ",261301202,1,21.6071434020996
2,25,113,2,13,2,,"03",60,1,,,,,,,,,1,0,1,4,0,,888,2,888,3,3,3,3,3,1,1,1,,3,,,,1,4,1,1,1,,1,,,,,,,,,," ",261301302,1,21.6071434020996
2,25,113,2,14,2,,"02",180,2,,,,,,,,,1,4,1,4,0,,888,2,888,888,888,888,888,888,1,1,1,,2,,,,1,2,1,1,1,,,1,,,,,,,,," ",261301402,1,21.6071434020996
2,25,113,2,15,2,,"02",60,2,,,,,,,,,1,2,1,4,0,,888,2,888,888,888,888,4,888,1,1,1,,2,,,,1,2,1,1,1,,1,,,,,,,,,," ",261301502,1,21.6071434020996
2,25,113,2,16,2,,"01",130,1,,,,,,,,,0,,0,,0,,2,2,1,2,2,1,2,1,0,,,,,,,,,,,,1,,1,,,,,,,,,," ",261301602,1,21.6071434020996
2,25,113,2,17,2,,"01",120,1,,,,,,,,,0,,0,,0,,2,2,1,3,1,1,1,2,0,,,,,,,,,,,,1,,1,,,,,,,,,," ",261301702,1,21.6071434020996
2,25,113,2,18,2,,"01",120,1,,,,,,,,,0,,0,,0,,2,4,4,2,888,1,2,888,0,,,,,,,,,,,,1,,1,,,,,,,,,," ",261301802,1,21.6071434020996
2,26,114,2,1,1,277.370968,"01",30,2,,,,,,,,,0,,1,4,0,,2,2,2,4,2,2,4,2,1,0,2,,,4,3,,1,3,1,0,1,,,,,,,,,,,," ",271400102,,
2,26,114,2,2,1,277.370968,"01",60,2,,,,,,,,,0,,1,4,0,,888,2,2,2,2,4,4,888,1,0,1,,2,,,,1,3,1,1,1,,,,,,,,,,,," ",271400202,,
2,26,114,2,3,1,277.370968,"03",30,2,,,,,,,,,0,,1,4,0,,888,2,2,2,2,2,4,2,1,0,2,,,5,3,,1,3,2,0,1,,,,,,,,,,,," ",271400302,,
2,26,114,2,4,1,277.370968,"01",90,2,,,,,,,,,1,0,1,2,0,,3,1,3,2,1,3,5,3,1,0,2,,,3,2,,1,2,2,1,5,,,,,,,,,,,," ",271400402,,
2,26,114,2,5,1,277.370968,"02",120,2,,,,,,,,,1,2,1,2,0,,1,1,1,1,1,1,1,1,1,0,2,,,3,3,,1,3,1,1,1,,,,,,,,,,,," ",271400502,,
2,26,114,2,6,1,277.370968,"02",120,2,,1,1,1,1,1,1,1,0,,1,4,0,,888,2,888,3,2,888,4,2,0,,,,,,,,,,,,1,,,,,,,,,,,," ",271400602,,
2,26,114,2,7,1,277.370968,"01",60,2,,,,,,,,,0,,1,1,0,,3,2,3,2,2,3,4,3,1,0,2,,,3,2,,1,2,1,1,2,,,,,,,,,,,," ",271400702,,
2,26,114,2,8,1,277.370968,"02",120,2,,,,,,,,,0,,0,,0,,2,4,3,3,4,4,4,4,1,0,1,,4,,,,1,4,1,0,2,,,,,,,,,,,," ",271400802,,
2,26,114,2,9,1,277.370968,"02",120,2,,,,,,,,,0,,1,2,0,,3,1,3,3,2,888,4,3,1,0,1,,3,,,,1,2,2,1,2,,,,,,,,,,,," ",271400902,,
2,26,114,2,10,1,277.370968,"02",120,2,,1,1,3,3,1,3,3,0,,0,,0,,888,1,888,3,2,3,1,3,1,0,1,,3,,,,1,4,2,0,2,,,,,,,,,,,," ",271401002,,
2,26,114,2,11,1,5474.427,"02",120,2,,,,,,,,,0,,0,,0,,2,2,2,888,2,2,2,3,1,0,1,,3,,,,1,2,3,1,4,,,,,,,,,,,," ",271401102,,
2,26,114,2,12,1,5474.427,"02",120,2,,,,,,,,,1,1,1,0,1,0,2,2,2,2,2,2,2,888,0,,,,,,,,,,,,5,,,,,,,,,,,," ",271401202,,
2,26,114,2,13,1,277.370968,"01",120,2,,1,1,1,3,3,3,3,0,,0,,0,,3,2,888,4,2,888,2,888,1,0,1,,3,,,,1,4,1,0,2,,,,,,,,,,,," ",271401302,,
2,26,114,2,14,1,277.370968,"01",60,2,,,,,,,,,0,,1,1,0,,888,2,3,4,2,3,4,3,1,0,2,,,3,2,,1,2,2,1,5,,,,,,,,,,,," ",271401402,,
2,26,114,2,15,1,277.370968,"02",120,2,,,,,,,,,0,,0,,0,,2,3,2,3,2,3,2,888,1,0,2,,,3,2,,1,2,3,1,4,,,,,,,,,,,," ",271401502,,
2,26,114,2,16,1,5474.427,"01",120,2,,,,,,,,,0,,0,,0,,2,3,4,4,4,4,4,4,1,0,1,,2,,,,1,2,1,0,2,,,,,,,,,,,," ",271401602,,
2,26,114,2,17,1,277.370968,"01",120,2,,,,,,,,,0,,0,,0,,2,2,2,2,2,2,2,2,1,0,2,,,3,2,,1,2,4,1,1,,,,,,,,,,,," ",271401702,,
2,26,114,2,22,1,5474.427,"02",120,2,,,,,,,,,0,,0,,0,,1,3,3,4,4,4,4,4,1,1,1,,2,,,,1,2,1,0,2,,,,,,,,,,,," ",271402202,,
2,26,115,1,1,1,47.3494545964912,"01",60,2,2,,,,,,,,1,0,0,,0,,2,2,888,888,888,888,2,888,0,,,,,,,,,,,,5,,,,,,,,,,,," ",271500102,,
2,26,115,1,2,1,47.3494545964912,"02",180,2,2,1,1,3,1,1,1,1,1,0,1,4,1,0,4,1,3,4,2,2,4,2,1,0,2,,,3,2,,1,3,3,1,2,,,,,,,,,,,," ",271500202,,
2,26,115,1,3,1,47.3494545964912,"02",120,2,2,2,2,2,2,2,2,2,0,,0,,0,,2,2,2,2,2,2,2,2,1,0,2,,,3,2,,1,2,2,1,1,,,,,,,,,,,," ",271500302,,
2,26,115,1,4,1,47.3494545964912,"01",90,2,2,,,,,,,,0,,1,4,0,,888,2,888,2,2,888,4,888,1,0,2,,,2,2,,1,2,1,1,1,,,,,,,,,,,," ",271500402,,
2,26,115,1,5,1,47.3494545964912,"02",30,2,2,,,,,,,,0,,1,4,0,,888,2,888,2,2,4,4,2,1,0,1,,2,,,,1,3,1,1,1,,,,,,,,,,,," ",271500502,,
2,26,115,1,6,1,47.3494545964912,"01",60,2,2,,,,,,,,0,,1,4,0,,888,2,2,2,2,888,4,2,0,,,,,,,,,,,,1,,,,,,,,,,,," ",271500602,,
2,26,115,1,7,1,47.3494545964912,"01",60,1,2,,,,,,,,0,,1,4,0,,4,2,2,2,4,4,4,2,1,0,2,,,2,2,,1,2,1,1,1,,,,,,,,,,,," ",271500702,,
2,26,115,1,8,1,47.3494545964912,"04",120,2,2,,,,,,,,1,0,0,,0,,3,2,888,888,2,888,2,888,0,,,,,,,,,,,,5,,,,,,,,,,,," ",271500802,,
2,26,115,1,9,1,248.0624,"02",60,1,1,2,2,2,2,2,2,2,1,0,1,0,1,0,1,1,1,1,1,1,1,1,1,0,2,,,2,2,,1,2,2,1,1,,,,,,,,,,,," ",271500902,,
2,26,115,1,10,1,248.0624,"01",120,2,2,,,,,,,,0,,0,,0,,2,888,3,3,4,4,4,4,0,,,,,,,,,,,,2,,,,,,,,,,,," ",271501002,,
2,26,115,1,11,1,248.0624,"02",120,1,2,,,,,,,,0,,0,,0,,2,3,3,3,4,3,2,2,1,0,1,,2,,,,1,2,1,0,2,,,,,,,,,,,," ",271501102,,
2,26,115,1,12,1,47.3494545964912,"02",120,2,2,,,,,,,,0,,0,,0,,1,2,3,888,2,888,2,888,1,0,1,,3,,,,1,4,1,0,2,,,,,,,,,,,," ",271501202,,
2,26,115,1,13,1,248.0624,"03",120,1,1,,,,,,,,0,,0,,0,,1,888,888,3,2,888,3,888,1,1,1,,5,,,,1,3,2,0,2,,,,,,,,,,,," ",271501302,,
2,26,115,1,14,1,248.0624,"02",120,2,2,,,,,,,,0,,0,,0,,1,4,3,3,4,4,4,3,1,0,1,,4,,,,1,4,2,0,2,,,,,,,,,,,," ",271501402,,
2,26,115,1,15,1,248.0624,"02",150,2,2,,,,,,,,0,,0,,0,,3,3,4,4,4,4,4,4,1,1,1,,2,,,,1,2,1,0,2,,,,,,,,,,,," ",271501502,,
2,26,115,1,16,1,248.0624,"01",180,2,2,,,,,,,,1,0,1,1,0,,888,1,888,3,1,888,5,3,0,,,,,,,,,,,,5,,,,,,,,,,,," ",271501602,,
2,26,115,1,17,1,47.3494545964912,"02",240,2,2,,,,,,,,0,,0,,0,,1,1,3,2,1,3,4,3,1,0,1,,2,,,,1,3,2,0,2,,,,,,,,,,,," ",271501702,,
2,26,115,1,18,1,248.0624,"04",60,1,2,3,3,3,3,3,3,3,1,0,1,2,0,,1,1,2,4,2,2,2,2,1,1,2,,,3,2,,1,3,2,1,1,,,,,,,,,,,," ",271501802,,
2,26,116,2,1,1,1186.434,"01",30,1,,,,,,,,,0,,1,4,0,,4,2,2,4,4,888,4,888,1,1,2,,,6,5,,1,3,2,1,1,,,,,,,,,,,," ",271600102,,
2,26,116,2,2,1,875.427029126214,"01",180,1,,,,,,,,,0,,1,4,0,,888,2,888,2,2,888,2,888,0,,,,,,,,,,,,1,,,,,,,,,,,," ",271600202,,
2,26,116,2,3,1,875.427029126214,"01",60,2,,2,2,2,2,2,2,2,0,,0,,0,,2,2,2,2,2,2,2,2,1,0,2,,,4,2,,1,2,2,0,1,,,,,,,,,,,," ",271600302,,
2,26,116,2,4,1,1186.434,"01",30,1,,,,,,,,,0,,1,4,0,,888,2,888,4,2,888,4,888,1,0,2,,,6,5,,1,3,2,1,1,,,,,,,,,,,," ",271600402,,
2,26,116,2,5,1,1186.434,"02",120,1,,,,,,,,,0,,0,,0,,1,1,1,1,1,1,1,1,1,1,2,,,3,2,,1,2,2,0,1,,,,,,,,,,,," ",271600502,,
2,26,116,2,6,1,1186.434,"06",60,2,,,,,,,,,1,0,0,,0,,888,2,888,888,2,888,2,3,0,,,,,,,,,,,,4,,,,,,,,,,,," ",271600602,,
2,26,116,2,7,1,875.427029126214,"02",120,1,,,,,,,,,0,,1,3,0,,3,1,3,4,2,3,5,3,1,0,1,,3,,,,1,2,1,1,4,,,,,,,,,,,," ",271600702,,
2,26,116,2,8,1,875.427029126214,"02",120,2,,,,,,,,,0,,0,,0,,2,4,3,3,4,4,3,3,0,0,1,,2,,,,1,2,1,0,2,,,,,,,,,,,," ",271600802,,
2,26,116,2,9,1,1186.434,"02",60,2,,3,3,3,3,3,3,3,1,0,1,1,0,,888,2,888,888,2,3,2,888,1,0,2,,,5,3,,1,2,2,0,5,,,,,,,,,,,," ",271600902,,
2,26,116,2,10,1,1186.434,"02",60,2,,,,,,,,,0,,0,,0,,2,2,2,2,2,2,2,2,1,1,1,,3,,,,1,3,2,0,4,,,,,,,,,,,," ",271601002,,
2,26,116,2,11,1,1186.434,"01",60,1,,3,3,3,3,3,3,3,0,,0,,0,,1,2,3,1,2,888,4,888,1,1,1,,3,,,,1,3,2,0,2,,,,,,,,,,,," ",271601102,,
2,26,116,2,12,1,1186.434,"02",60,1,,,,,,,,,0,,0,,0,,1,1,888,2,2,888,1,888,1,1,1,,3,,,,1,4,2,0,2,,,,,,,,,,,," ",271601202,,
2,26,116,2,13,1,1186.434,"02",180,2,,,,,,,,,1,0,1,0,0,,3,1,3,2,2,3,2,3,1,0,2,,,3,2,,1,2,1,1,4,,,,,,,,,,,," ",271601302,,
2,26,116,2,14,1,1186.434,"02",180,1,,,,,,,,,1,0,1,1,0,,3,1,3,888,2,3,5,3,1,0,2,,,4,2,,1,2,3,1,6,,,,,,,,,,,," ",271601402,,
2,26,116,2,15,1,1186.434,"01",60,1,,,,,,,,,0,,0,,0,,888,2,3,3,2,3,4,888,1,1,1,,3,,,,1,4,1,0,5,,,,,,,,,,,," ",271601502,,
2,26,116,2,17,1,875.427029126214,"01",60,2,,,,,,,,,0,,0,,0,,2,1,1,1,1,1,1,1,1,0,2,,,3,2,,1,2,2,0,1,,,,,,,,,,,," ",271601702,,
2,26,116,2,18,1,1186.434,"02",120,2,,,,,,,,,0,,0,,0,,2,4,4,3,3,4,3,3,1,1,1,,4,,,,1,4,1,1,2,,,,,,,,,,,," ",271601802,,
2,26,116,2,22,1,875.427029126214,"02",120,2,,,,,,,,,0,,0,,0,,2,5,3,3,4,4,4,4,0,0,1,,2,,,,1,2,1,1,2,,,,,,,,,,,," ",271602202,,
2,26,117,2,1,1,957.618855944056,"02",120,2,,,,,,,,,0,,0,,0,,3,2,2,2,2,2,4,4,0,0,1,,4,,,,1,4,2,1,2,,,,,,,,,,,," ",271700102,,
2,26,117,2,2,1,957.618855944056,"01",120,2,,1,1,1,1,1,1,1,0,,1,4,0,,888,2,888,2,2,888,4,888,1,0,2,,,3,2,,1,3,1,1,1,,,,,,,,,,,," ",271700202,,
2,26,117,2,3,1,957.618855944056,"01",60,2,,,,,,,,,1,0,0,,1,0,1,1,1,1,1,1,1,1,1,0,2,,,3,2,,1,3,2,0,1,,,,,,,,,,,," ",271700302,,
2,26,117,2,4,1,957.618855944056,"02",180,1,,,,,,,,,1,0,1,4,0,,2,2,2,2,2,2,4,3,1,0,1,,3,,,,1,3,2,0,2,,,,,,,,,,,," ",271700402,,
2,26,117,2,5,1,957.618855944056,"02",120,2,,,,,,,,,0,,0,,0,,1,5,3,3,2,5,5,4,0,0,1,,2,,,,1,2,1,0,1,,,,,,,,,,,," ",271700502,,
2,26,117,2,6,1,957.618855944056,"01",60,2,,,,,,,,,0,,1,4,0,,888,2,888,2,2,888,4,888,1,0,2,,,3,2,,1,3,1,0,1,,,,,,,,,,,," ",271700602,,
2,26,117,2,7,1,957.618855944056,"02",30,2,,1,1,1,1,1,1,1,0,,1,4,0,,888,2,888,4,2,888,4,888,1,0,2,,,3,2,,1,3,1,1,1,,,,,,,,,,,," ",271700702,,
2,26,117,2,8,1,957.618855944056,"02",60,2,,2,2,2,2,2,2,2,1,0,1,0,1,0,1,1,1,1,1,1,1,1,1,0,2,,,4,2,,1,3,3,1,1,,,,,,,,,,,," ",271700802,,
2,26,117,2,9,1,2248.596,"02",180,2,,,,,,,,,0,,0,,0,,2,2,2,2,2,2,4,2,1,0,1,,2,,,,1,5,0,1,5,,,,,,,,,,,," ",271700902,,
2,26,117,2,10,1,2248.596,"02",60,2,,,,,,,,,0,,0,,0,,3,3,2,4,4,4,4,2,1,0,1,,2,,,,1,2,1,0,1,,,,,,,,,,,," ",271701002,,
2,26,117,2,11,1,2248.596,"02",60,1,,,,,,,,,1,0,1,0,1,0,1,1,1,1,1,1,1,1,1,0,2,,,3,2,,1,3,0,1,1,,,,,,,,,,,," ",271701102,,
2,26,117,2,12,1,2248.596,"02",120,2,,3,3,3,3,3,3,3,0,,0,,0,,888,888,888,888,2,888,4,888,1,1,1,,3,,,,1,4,0,1,4,,,,,,,,,,,," ",271701202,,
2,26,117,2,13,1,957.618855944056,"04",50,2,,,,,,,,,0,,1,4,0,,888,2,888,4,2,888,4,888,1,0,2,,,3,3,,1,3,1,0,1,,,,,,,,,,,," ",271701302,,
2,26,117,2,14,1,957.618855944056,"02",60,2,,1,1,1,1,1,1,1,1,0,1,0,1,0,1,1,1,1,1,1,1,1,1,0,2,,,4,2,,1,4,2,1,1,,,,,,,,,,,," ",271701402,,
2,26,117,2,15,1,957.618855944056,"02",120,2,,,,,,,,,1,1,1,4,0,,2,2,2,4,3,2,1,3,1,0,1,,3,,,,1,3,1,1,2,,,,,,,,,,,," ",271701502,,
2,26,117,2,16,1,2248.596,"01",120,2,,,,,,,,,0,,0,,0,,2,5,3,3,4,4,4,3,1,1,1,,2,,,,1,2,1,0,2,,,,,,,,,,,," ",271701602,,
2,26,117,2,17,1,2248.596,"02",180,2,,,,,,,,,0,,0,,0,,888,888,888,888,2,888,5,888,0,,,,,,,,,,,,4,,,,,,,,,,,," ",271701702,,
2,26,117,2,18,1,2248.596,"01",60,2,,,,,,,,,1,0,1,4,0,,2,2,2,4,2,2,2,3,1,1,1,,2,,,,1,2,2,0,2,,,,,,,,,,,," ",271701802,,
2,26,118,2,1,1,1072.90390045249,"01",120,2,,3,3,3,3,3,3,3,1,0,1,0,1,0,1,1,1,1,1,1,1,1,0,,,,,,,,,,,,1,,,,,,,,,,,," ",271800102,,
2,26,118,2,2,1,1072.90390045249,"01",60,2,,1,1,1,1,1,1,1,0,,0,,0,,2,888,2,3,3,3,4,2,1,0,1,,4,,,,1,4,2,0,2,,,,,,,,,,,," ",271800202,,
2,26,118,2,3,1,1072.90390045249,"01",180,2,,,,,,,,,0,,1,4,0,,888,2,2,2,2,888,4,888,1,0,2,,,4,2,,1,3,1,0,1,,,,,,,,,,,," ",271800302,,
2,26,118,2,4,1,1072.90390045249,"01",50,2,,,,,,,,,1,0,1,0,1,0,1,1,1,1,1,1,1,1,1,0,4,3,,,,,4,3,4,0,1,,,,,,,,,,,," ",271800402,,
2,26,118,2,5,1,1072.90390045249,"02",240,2,,,,,,,,,0,,1,1,0,,3,1,888,888,2,888,4,3,1,0,3,,,,,4,1,6,1,1,5,,,,,,,,,,,," ",271800502,,
2,26,118,2,6,1,1072.90390045249,"01",60,2,,1,1,1,1,1,1,1,0,,1,4,0,,888,2,2,2,2,2,4,2,1,0,2,,,6,4,,1,3,1,0,1,,,,,,,,,,,," ",271800602,,
2,26,118,2,7,1,1072.90390045249,"01",60,2,,,,,,,,,0,,0,,0,,1,888,5,4,4,4,3,3,0,0,1,,4,,,,1,4,2,0,2,,,,,,,,,,,," ",271800702,,
2,26,118,2,8,1,1072.90390045249,"04",60,1,,,,,,,,,0,,0,,0,,1,2,2,2,1,3,2,3,1,0,1,,3,,,,1,3,2,0,2,,,,,,,,,,,," ",271800802,,
2,26,118,2,9,1,1072.90390045249,"01",60,2,,,,,,,,,0,,1,4,0,,888,2,2,4,2,888,4,888,1,0,2,,,5,3,,1,5,1,0,1,,,,,,,,,,,," ",271800902,,
2,26,118,2,10,1,1072.90390045249,"02",60,2,,,,,,,,,0,,0,,0,,1,1,3,4,1,3,4,3,1,0,1,,3,,,,1,5,2,0,5,,,,,,,,,,,," ",271801002,,
2,26,118,2,11,1,1072.90390045249,"01",30,2,,,,,,,,,0,,0,,0,,1,1,2,4,1,3,2,888,1,0,1,,4,,,,1,4,2,0,4,,,,,,,,,,,," ",271801102,,
2,26,118,2,12,1,1072.90390045249,"02",120,2,,,,,,,,,1,0,1,0,1,0,2,2,2,3,2,2,2,888,0,,,,,,,,,,,,5,,,,,,,,,,,," ",271801202,,
2,26,118,2,13,1,1072.90390045249,"01",60,2,,,,,,,,,1,888,1,2,0,,3,1,3,888,2,3,5,3,0,,,,,,,,,,,,2,,,,,,,,,,,," ",271801302,,
2,26,118,2,14,1,1072.90390045249,"02",150,1,,1,1,3,1,1,1,1,0,,0,,0,,1,2,3,1,2,3,2,4,1,0,1,,3,,,,1,6,2,1,2,,,,,,,,,,,," ",271801402,,
2,26,118,2,15,1,1072.90390045249,"02",60,1,,,,,,,,,1,1,1,4,1,4,1,1,1,1,1,1,1,1,1,0,2,,,2,2,,1,2,2,0,1,,,,,,,,,,,," ",271801502,,
2,26,118,2,16,1,1072.90390045249,"02",60,2,,,,,,,,,0,,0,,0,,2,3,3,3,3,3,3,3,0,0,1,,2,,,,1,2,1,1,2,,,,,,,,,,,," ",271801602,,
2,26,118,2,17,1,1072.90390045249,"01",120,2,,2,2,2,2,2,2,2,1,0,1,0,1,0,1,1,1,1,1,1,1,1,1,0,2,,,4,2,,1,2,2,1,1,,,,,,,,,,,," ",271801702,,
2,26,118,2,18,1,4272.284,"02",60,2,,,,,,,,,0,,0,,0,,888,888,888,888,888,888,888,888,0,,,,,,,,,,,,5,,,,,,,,,,,," ",271801802,,
2,26,119,1,1,1,190.063019083969,"01",30,2,2,,,,,,,,0,,1,4,0,,888,2,888,2,2,888,4,888,1,0,2,,,5,3,,1,5,2,0,1,,,,,,,,,,,," ",271900102,,
2,26,119,1,2,1,349.4492,"02",120,1,1,,,,,,,,1,1,0,,0,,2,2,2,888,2,2,888,888,0,,,,,,,,,,,,2,,,,,,,,,,,," ",271900202,,
2,26,119,1,3,1,190.063019083969,"03",120,2,2,,,,,,,,0,,0,,0,,2,4,2,3,3,2,3,3,0,0,1,,2,,,,1,2,1,1,2,,,,,,,,,,,," ",271900302,,
2,26,119,1,4,1,190.063019083969,"01",60,2,2,,,,,,,,0,,0,,0,,3,4,3,3,4,3,4,3,1,0,1,,4,,,,1,4,1,0,2,,,,,,,,,,,," ",271900402,,
2,26,119,1,5,1,190.063019083969,"02",120,2,2,,,,,,,,0,,0,,0,,2,2,3,2,3,3,3,3,1,0,1,,2,,,,1,2,1,0,1,,,,,,,,,,,," ",271900502,,
2,26,119,1,6,1,190.063019083969,"01",120,2,2,,,,,,,,0,,0,,0,,1,1,3,4,1,3,4,1,1,0,1,,4,,,,1,6,2,1,5,,,,,,,,,,,," ",271900602,,
2,26,119,1,7,1,190.063019083969,"02",120,2,2,,,,,,,,0,,0,,0,,1,2,2,2,1,2,1,2,1,0,1,,4,,,,1,6,1,1,5,,,,,,,,,,,," ",271900702,,
2,26,119,1,8,1,190.063019083969,"01",180,2,2,1,1,1,1,1,1,1,0,,1,4,0,,888,2,2,2,2,4,4,2,1,0,2,,,4,2,,1,4,1,0,1,,,,,,,,,,,," ",271900802,,
2,26,119,1,9,1,190.063019083969,"02",90,2,2,,,,,,,,0,,1,1,0,,3,2,3,1,2,3,5,3,1,0,1,,2,,,,1,4,1,1,4,,,,,,,,,,,," ",271900902,,
2,26,119,1,10,1,349.4492,"02",120,2,2,,,,,,,,0,,0,,0,,2,2,3,888,3,3,2,888,1,1,1,,2,,,,1,4,2,0,2,,,,,,,,,,,," ",271901002,,
2,26,119,1,11,1,349.4492,"01",120,1,2,,,,,,,,1,0,1,1,0,,2,1,2,1,4,2,5,2,1,0,1,,2,,,,1,6,1,1,2,,,,,,,,,,,," ",271901102,,
2,26,119,1,13,1,349.4492,"03",60,1,1,,,,,,,,0,,1,4,0,,2,2,2,2,4,888,4,2,1,1,2,,,3,2,,1,3,1,0,1,,,,,,,,,,,," ",271901302,,
2,26,119,1,14,1,349.4492,"02",180,2,2,,,,,,,,1,0,0,,0,,2,2,2,888,2,2,2,888,1,1,1,,2,,,,1,3,2,1,4,,,,,,,,,,,," ",271901402,,
2,26,119,1,15,1,349.4492,"02",300,1,2,,,,,,,,0,,1,1,0,,4,1,2,2,2,3,5,3,1,1,2,,,3,2,,1,5,1,1,1,,,,,,,,,,,," ",271901502,,
2,26,119,1,16,1,349.4492,"01",30,1,1,,,,,,,,0,,0,,0,,1,1,1,1,1,1,1,1,0,,,,,,,,,,,,1,,,,,,,,,,,," ",271901602,,
2,26,119,1,17,1,349.4492,"02",60,1,1,,,,,,,,1,0,1,0,1,0,1,1,1,1,1,1,1,1,1,1,2,,,3,2,,1,3,2,0,1,,,,,,,,,,,," ",271901702,,
2,26,119,1,18,1,349.4492,"02",60,1,1,,,,,,,,0,,0,,0,,1,1,1,1,1,1,1,1,1,1,2,,,3,2,,1,3,2,1,1,,,,,,,,,,,," ",271901802,,
2,26,119,1,22,1,349.4492,"02",60,2,2,,,,,,,,0,,0,,0,,1,2,2,2,1,3,2,3,1,1,1,,4,,,,1,5,2,0,4,,,,,,,,,,,," ",271902202,,
2,27,120,1,1,1,236.6287,"02",180,1,1,,,,,,,,0,,1,4,0,,2,2,888,2,2,2,4,4,1,1,1,,2,,,,1,2,1,1,1,,,,,,,,,,,," ",282000102,,
2,27,120,1,2,1,236.6287,"02",120,1,2,,,,,,,,1,0,1,2,0,,3,1,888,2,2,888,5,3,1,0,1,,3,,,,1,4,1,1,2,,,,,,,,,,,," ",282000202,,
2,27,120,1,3,1,236.6287,"02",120,1,2,2,2,2,2,2,2,2,1,0,1,1,0,,2,2,2,2,2,2,3,2,1,1,1,,2,,,,1,5,2,1,4,,,,,,,,,,,," ",282000302,,
2,27,120,1,4,1,236.6287,"02",180,1,2,2,2,2,2,2,2,3,0,,1,2,0,,4,1,1,1,4,2,5,2,1,0,1,,2,,,,1,4,1,1,5,,,,,,,,,,,," ",282000402,,
2,27,120,1,5,1,236.6287,"02",60,1,2,,,,,,,,1,0,1,0,1,2,1,1,1,1,1,1,1,1,1,0,1,,3,,,,1,2,2,0,1,,,,,,,,,,,," ",282000502,,
2,27,120,1,6,1,236.6287,"02",60,1,1,5,5,3,5,3,3,5,1,0,1,2,1,2,1,1,1,1,1,1,1,1,1,1,1,,3,,,,1,2,2,1,1,,,,,,,,,,,," ",282000602,,
2,27,120,1,7,1,466.49658,"03",240,2,2,,,,,,,,0,,0,,0,,1,1,1,2,1,2,4,2,1,0,1,,3,,,,1,5,0,0,2,,,,,,,,,,,," ",282000702,,
2,27,120,1,8,1,236.6287,"02",180,1,2,,,,,,,,0,,1,4,0,,2,2,2,2,4,2,4,2,1,1,2,,,3,2,,1,3,1,0,1,,,,,,,,,,,," ",282000802,,
2,27,120,1,9,1,236.6287,"03",120,1,2,3,3,3,3,3,3,3,1,0,0,,0,,3,2,2,888,2,2,4,3,1,1,1,,2,,,,1,6,1,1,1,,,,,,,,,,,," ",282000902,,
2,27,120,1,10,1,236.6287,"03",180,1,2,,,,,,,,0,,0,,0,,2,2,2,2,2,2,4,2,0,,,,,,,,,,,,1,,,,,,,,,,,," ",282001002,,
2,27,120,1,11,1,236.6287,"02",120,1,2,,,,,,,,0,,0,,0,,3,3,2,2,3,2,3,2,1,1,1,,2,,,,1,2,2,0,2,,,,,,,,,,,," ",282001102,,
2,27,120,1,12,1,236.6287,"01",60,1,1,5,3,3,5,3,3,5,0,,1,0,1,2,1,1,1,1,1,1,1,1,1,1,2,,,2,2,,1,2,0,0,1,,,,,,,,,,,," ",282001202,,
2,27,120,1,13,1,236.6287,"02",120,1,2,,,,,,,,0,,0,,0,,2,3,3,3,3,3,3,3,1,1,1,,2,,,,1,2,1,0,1,,,,,,,,,,,," ",282001302,,
2,27,120,1,14,1,236.6287,"02",120,1,2,2,2,2,2,2,2,3,1,0,1,1,0,,888,1,2,2,2,2,4,3,1,0,2,,,3,2,,1,6,1,1,2,,,,,,,,,,,," ",282001402,,
2,27,120,1,15,1,466.49658,"02",720,2,2,,,,,,,,0,,0,,0,,1,1,1,1,1,2,2,1,1,0,2,,,5,4,,1,3,1,1,2,,,,,,,,,,,," ",282001502,,
2,27,120,1,16,1,236.6287,"02",240,1,2,,,,,,,,0,,0,,0,,3,3,4,2,2,2,4,2,1,1,1,,2,,,,1,2,2,0,2,,,,,,,,,,,," ",282001602,,
2,27,120,1,17,1,236.6287,"01",150,2,2,,,,,,,,0,,1,4,0,,2,2,2,2,4,2,4,2,1,1,1,,2,,,,1,2,1,1,1,,,,,,,,,,,," ",282001702,,
2,27,120,1,18,1,466.49658,"02",60,2,2,,,,,,,,0,,0,,0,,1,1,1,4,1,1,5,1,1,0,1,,3,,,,1,3,2,0,5,,,,,,,,,,,," ",282001802,,
2,27,121,2,1,1,1083.059,"01",60,1,,3,3,3,3,3,3,3,1,0,1,2,1,1,1,1,1,1,1,1,1,1,1,1,1,,3,,,,1,3,2,1,1,,,,,,,,,,,," ",282100102,,
2,27,121,2,2,1,1083.059,"02",30,2,,2,3,2,3,2,2,3,0,,0,,0,,1,2,1,1,2,1,1,2,1,0,1,,4,,,,1,5,2,1,2,,,,,,,,,,,," ",282100202,,
2,27,121,2,3,1,1083.059,"02",180,2,,,,,,,,,0,,0,,0,,1,2,1,2,2,1,2,1,1,0,1,,3,,,,1,3,1,0,5,,,,,,,,,,,," ",282100302,,
2,27,121,2,4,1,1083.059,"01",210,2,,,,,,,,,1,0,0,,1,0,2,2,2,2,2,2,4,2,1,0,1,,3,,,,1,2,2,0,3,,,,,,,,,,,," ",282100402,,
2,27,121,2,6,1,1083.059,"02",60,1,,3,3,3,3,3,3,3,1,0,1,0,1,1,1,1,1,1,1,1,1,1,1,1,1,,3,,,,1,2,3,1,1,,,,,,,,,,,," ",282100602,,
2,27,121,2,7,1,1083.059,"02",30,2,,,,,,,,,0,,0,,0,,1,2,1,2,1,2,2,1,1,0,1,,4,,,,1,5,1,0,5,,,,,,,,,,,," ",282100702,,
2,27,121,2,8,1,1083.059,"01",120,2,,1,1,1,1,1,1,1,1,1,1,1,1,1,1,1,1,1,1,3,1,1,1,0,1,,3,,,,1,3,2,1,1,,,,,,,,,,,," ",282100802,,
2,27,121,2,9,1,1083.059,"02",120,1,,,,,,,,,1,0,1,1,1,2,1,1,1,1,1,3,1,1,0,,,,,,,,,,,,1,,,,,,,,,,,," ",282100902,,
2,27,121,2,10,1,1083.059,"02",60,2,,,,,,,,,0,,0,,0,,1,1,1,1,1,1,1,1,1,0,1,,3,,,,1,2,0,1,1,,,,,,,,,,,," ",282101002,,
2,27,121,2,11,1,1083.059,"02",60,2,,,,,,,,,0,,0,,0,,2,2,2,2,2,2,2,2,1,0,2,,,3,2,,1,2,1,1,1,,,,,,,,,,,," ",282101102,,
2,27,121,2,12,1,1083.059,"02",60,1,,,,,,,,,0,,1,4,0,,2,1,1,1,1,1,1,1,1,0,1,,2,,,,1,2,0,1,1,,,,,,,,,,,," ",282101202,,
2,27,121,2,13,1,1083.059,"01",45,2,,,,,,,,,0,,0,,0,,1,2,1,2,2,1,2,1,1,0,1,,5,,,,1,4,3,0,5,,,,,,,,,,,," ",282101302,,
2,27,121,2,14,1,1083.059,"02",300,2,,,,,,,,,0,,0,,0,,1,2,2,1,3,2,1,3,0,,,,,,,,,,,,5,,,,,,,,,,,," ",282101402,,
2,27,121,2,15,1,1083.059,"02",60,2,,,,,,,,,0,,0,,0,,1,4,2,2,2,1,1,3,1,0,1,,2,,,,1,6,2,0,5,,,,,,,,,,,," ",282101502,,
2,27,121,2,16,1,1083.059,"02",90,2,,,,,,,,,0,,0,,0,,4,2,1,2,2,2,1,3,0,,,,,,,,,,,,5,,,,,,,,,,,," ",282101602,,
2,27,121,2,17,1,1083.059,"01",60,1,,,,,,,,,1,2,1,2,1,2,1,1,1,1,1,1,1,1,1,1,1,,3,,,,1,2,2,0,1,,,,,,,,,,,," ",282101702,,
2,27,121,2,18,1,1083.059,"02",30,1,,,,,,,,,0,,0,,0,,2,2,1,2,1,1,2,2,1,0,1,,3,,,,1,6,3,0,5,,,,,,,,,,,," ",282101802,,
2,27,121,2,20,1,1083.059,"02",180,2,,,,,,,,,1,1,1,3,0,,2,2,2,888,888,888,4,2,1,0,1,,2,,,,1,5,2,1,1,,,,,,,,,,,," ",282102002,,
2,27,122,2,2,1,1119.49942857143,"02",60,2,,,,,,,,,0,,1,4,0,,2,2,2,2,2,2,4,2,1,0,2,,,3,2,,1,2,1,1,5,,,,,,,,,,,," ",282200202,,
2,27,122,2,3,1,1119.49942857143,"03",60,2,,3,3,3,3,3,3,3,1,0,1,2,1,2,888,2,888,5,2,888,2,888,1,0,2,,,3,2,,1,4,0,1,4,,,,,,,,,,,," ",282200302,,
2,27,122,2,4,1,1119.49942857143,"01",60,2,,,,,,,,,0,,0,,0,,3,3,3,3,3,3,3,3,0,0,4,4,,,,,4,3,1,1,2,,,,,,,,,,,," ",282200402,,
2,27,122,2,6,1,1119.49942857143,"01",120,1,,3,3,3,3,3,3,3,1,0,1,0,1,1,1,1,1,1,1,1,1,1,0,,,,,,,,,,,,1,,,,,,,,,,,," ",282200602,,
2,27,122,2,7,1,1959.124,"02",120,1,,,,,,,,,1,0,1,1,1,0,1,1,1,1,1,1,1,1,1,0,1,,3,,,,1,2,2,1,1,,,,,,,,,,,," ",282200702,,
2,27,122,2,8,1,1959.124,"01",60,2,,,,,,,,,0,,0,,0,,2,3,3,3,3,3,3,3,1,1,1,,2,,,,1,2,1,0,2,,,,,,,,,,,," ",282200802,,
2,27,122,2,9,1,1959.124,"02",120,2,,,,,,,,,0,,1,1,0,,3,1,3,2,2,888,5,888,1,1,2,,,3,2,,1,4,1,1,5,,,,,,,,,,,," ",282200902,,
2,27,122,2,10,1,1959.124,"02",180,2,,,,,,,,,1,1,1,0,1,3,2,2,888,2,2,2,2,2,1,1,1,,2,,,,1,6,2,0,5,,,,,,,,,,,," ",282201002,,
2,27,122,2,11,1,1959.124,"02",120,2,,2,2,2,2,2,2,2,0,,0,,0,,1,2,2,1,1,1,1,2,1,1,1,,3,,,,1,6,2,0,2,,,,,,,,,,,," ",282201102,,
2,27,122,2,12,1,1959.124,"02",60,2,,,,,,,,,1,0,1,2,1,2,2,2,2,888,2,2,2,888,1,0,2,,,3,2,,1,6,2,0,5,,,,,,,,,,,," ",282201202,,
2,27,122,2,13,1,1959.124,"02",120,1,,3,3,3,3,3,3,3,0,,0,,0,,1,1,1,1,1,2,2,2,1,1,1,,3,,,,1,5,2,1,5,,,,,,,,,,,," ",282201302,,
2,27,122,2,14,1,1119.49942857143,"02",240,1,,1,1,1,1,1,1,3,0,,0,,0,,1,2,2,2,2,2,1,2,1,0,1,,3,,,,1,6,2,1,2,,,,,,,,,,,," ",282201402,,
2,27,122,2,15,1,1959.124,"02",90,1,,,,,,,,,1,0,1,4,0,,2,1,2,1,2,2,5,2,1,0,1,,2,,,,1,5,1,0,2,,,,,,,,,,,," ",282201502,,
2,27,122,2,16,1,1959.124,"02",150,2,,,,,,,,,1,0,1,4,0,,888,2,888,2,2,888,4,888,1,0,2,,,3,2,,1,4,2,0,2,,,,,,,,,,,," ",282201602,,
2,27,122,2,17,1,1119.49942857143,"01",90,2,,3,3,3,3,3,3,3,0,,0,,0,,1,1,1,1,1,1,1,1,0,,,,,,,,,,,,1,,,,,,,,,,,," ",282201702,,
2,27,122,2,18,1,1119.49942857143,"02",60,1,,,,,,,,,1,0,1,0,1,0,1,1,1,1,1,1,1,1,0,,,,,,,,,,,,1,,,,,,,,,,,," ",282201802,,
2,27,122,2,19,1,1959.124,"02",120,2,,,,,,,,,0,,0,,0,,3,5,3,3,3,3,3,3,1,0,1,,2,,,,1,2,1,0,2,,,,,,,,,,,," ",282201902,,
2,27,122,2,20,1,1119.49942857143,"01",45,2,,2,2,2,2,2,2,3,1,4,1,4,0,,888,2,888,2,2,888,4,2,1,0,2,,,3,2,,1,3,1,1,1,,,,,,,,,,,," ",282202002,,
2,27,123,1,2,1,129.2385,"03",180,1,2,3,3,3,3,3,3,5,0,,0,,0,,2,2,2,2,2,2,2,4,1,1,1,,3,,,,1,4,3,0,4,,,,,,,,,,,," ",282300202,,
2,27,123,1,3,1,129.2385,"02",120,1,2,,,,,,,,0,,0,,0,,2,2,2,2,2,2,2,2,0,,,,,,,,,,,,5,,,,,,,,,,,," ",282300302,,
2,27,123,1,4,1,129.2385,"02",120,1,2,,,,,,,,1,0,1,1,0,,1,1,1,2,2,4,2,3,1,1,2,,,3,2,,1,6,2,1,2,,,,,,,,,,,," ",282300402,,
2,27,123,1,5,1,129.2385,"02",180,1,1,,,,,,,,1,0,0,,0,,888,2,2,888,2,2,2,888,0,,,,,,,,,,,,1,,,,,,,,,,,," ",282300502,,
2,27,123,1,6,1,129.2385,"01",90,1,2,,,,,,,,1,0,1,888,0,,2,2,2,1,1,4,5,2,1,1,2,,,5,2,,2,5,4,1,6,,,,,,,,,,,," ",282300602,,
2,27,123,1,7,1,129.2385,"03",180,1,1,,,,,,,,0,,0,,0,,4,2,2,2,2,2,5,2,0,,,,,,,,,,,,3,,,,,,,,,,,," ",282300702,,
2,27,123,1,8,1,129.2385,"01",120,1,2,,,,,,,,0,,1,4,0,,4,2,2,1,4,2,5,2,1,1,2,,,3,2,,1,5,2,1,8,,,,,,,,,,,," ",282300802,,
2,27,123,1,9,1,129.2385,"02",120,2,2,,,,,,,,0,,0,,0,,2,2,2,888,2,2,3,888,0,,,,,,,,,,,,6,,,,,,,,,,,," ",282300902,,
2,27,123,1,11,1,129.2385,"02",60,1,2,,,,,,,,1,0,1,3,0,,4,2,2,4,2,1,5,1,1,1,2,,,3,2,,1,6,2,1,2,,,,,,,,,,,," ",282301102,,
2,27,123,1,12,1,129.2385,"07",180,1,2,,,,,,,,1,0,0,,0,,2,2,2,2,2,2,888,2,0,,,,,,,,,,,,4,,,,,,,,,,,," ",282301202,,
2,27,123,1,13,1,129.2385,"02",120,1,2,,,,,,,,1,0,0,,0,,2,2,2,2,2,2,4,2,0,,,,,,,,,,,,1,,,,,,,,,,,," ",282301302,,
2,27,123,1,14,1,129.2385,"04",180,1,2,,,,,,,,0,,0,,0,,888,2,2,4,2,2,888,888,0,,,,,,,,,,,,1,,,,,,,,,,,," ",282301402,,
2,27,123,1,16,1,129.2385,"02",180,1,1,,,,,,,,0,,1,3,0,,4,2,2,1,4,1,5,1,1,1,2,,,3,2,,1,3,3,0,2,,,,,,,,,,,," ",282301602,,
2,27,123,1,17,1,129.2385,"02",120,1,2,,,,,,,,1,0,0,,0,,888,1,888,2,2,888,5,3,1,0,2,,,3,2,,1,4,1,1,2,,,,,,,,,,,," ",282301702,,
2,27,123,1,18,1,129.2385,"04",240,1,1,3,3,3,3,3,3,5,1,0,1,2,1,0,4,1,1,1,4,1,5,4,1,1,1,,2,,,,1,6,2,1,5,,,,,,,,,,,," ",282301802,,
2,27,123,1,19,1,129.2385,"03",90,1,2,,,,,,,,0,,1,2,0,,1,1,1,1,4,2,5,1,0,,,,,,,,,,,,2,,,,,,,,,,,," ",282301902,,
2,27,123,1,21,1,129.2385,"01",120,1,2,,,,,,,,1,0,0,,0,,2,2,2,2,2,2,2,2,0,,,,,,,,,,,,1,,,,,,,,,,,," ",282302102,,
2,27,123,1,22,1,129.2385,"03",240,1,2,,,,,,,,0,,1,0,1,0,2,1,1,1,4,2,5,1,1,1,1,,2,,,,1,4,1,1,2,,,,,,,,,,,," ",282302202,,
2,27,124,1,1,1,249.0551,"05",120,1,2,,,,,,,,0,,0,,0,,2,3,2,2,2,5,5,888,1,1,1,,2,,,,1,2,1,0,1,,,,,,,,,,,," ",282400102,,
2,27,124,1,2,1,249.0551,"02",120,1,2,2,2,2,2,2,3,3,0,,0,,0,,1,2,2,2,2,2,2,3,1,1,1,,3,,,,1,4,1,0,2,,,,,,,,,,,," ",282400202,,
2,27,124,1,3,1,52.301571,"01",60,2,2,,,,,,,,0,,0,,0,,2,4,4,3,3,3,3,5,1,0,1,,4,,,,1,4,1,0,2,,,,,,,,,,,," ",282400302,,
2,27,124,1,4,1,249.0551,"01",90,2,2,,,,,,,,0,,0,,0,,1,2,2,3,4,2,1,4,1,0,1,,4,,,,1,3,1,0,2,,,,,,,,,,,," ",282400402,,
2,27,124,1,5,1,52.301571,"02",45,2,2,,,,,,,,1,0,1,0,1,0,1,1,1,1,1,1,1,1,1,0,2,,,2,2,,1,2,1,1,1,,,,,,,,,,,," ",282400502,,
2,27,124,1,7,1,249.0551,"01",60,1,2,,,,,,,,1,0,1,0,1,0,1,1,1,1,1,1,1,1,0,,,,,,,,,,,,1,,,,,,,,,,,," ",282400702,,
2,27,124,1,8,1,249.0551,"02",60,1,2,,,,,,,,0,,0,,0,,2,3,2,3,2,2,4,4,0,,,,,,,,,,,,1,,,,,,,,,,,," ",282400802,,
2,27,124,1,9,1,249.0551,"01",60,1,2,,,,,,,,1,0,1,0,1,0,1,1,1,1,1,1,1,1,1,0,2,,,3,2,,1,3,0,0,1,,,,,,,,,,,," ",282400902,,
2,27,124,1,10,1,249.0551,"01",60,1,2,2,2,3,2,3,3,3,0,,1,4,0,,2,2,2,4,2,2,4,2,1,1,2,,,3,2,,1,3,1,0,1,,,,,,,,,,,," ",282401002,,
2,27,124,1,11,1,52.301571,"05",120,2,2,,,,,,,,0,,0,,0,,2,5,3,3,3,2,5,2,1,0,1,,2,,,,1,2,1,0,2,,,,,,,,,,,," ",282401102,,
2,27,124,1,12,1,249.0551,"02",60,1,2,,,,,,,,1,0,1,0,1,2,1,1,1,1,1,1,1,1,1,0,2,,,3,2,,1,3,0,1,1,,,,,,,,,,,," ",282401202,,
2,27,124,1,13,1,249.0551,"02",120,1,2,,,,,,,,0,,0,,0,,3,4,3,3,2,2,4,4,1,1,1,,2,,,,1,2,1,0,1,,,,,,,,,,,," ",282401302,,
2,27,124,1,14,1,249.0551,"01",60,1,2,,,,,,,,1,0,1,0,1,0,1,1,1,1,1,1,1,1,1,1,2,,,4,2,,1,3,2,1,1,,,,,,,,,,,," ",282401402,,
2,27,124,1,15,1,249.0551,"01",120,2,2,,,,,,,,0,,1,4,0,,2,2,2,2,2,4,2,2,1,1,2,,,4,3,,1,3,1,0,1,,,,,,,,,,,," ",282401502,,
2,27,124,1,16,1,249.0551,"01",60,2,2,2,2,2,2,2,2,2,0,,1,4,0,,4,2,2,2,2,4,4,2,1,1,2,,,3,2,,1,3,1,0,1,,,,,,,,,,,," ",282401602,,
2,27,124,1,17,1,249.0551,"01",180,1,2,,,,,,,,0,,1,4,0,,888,2,888,2,2,888,4,2,1,1,2,,,4,3,,1,3,1,1,1,,,,,,,,,,,," ",282401702,,
2,27,124,1,18,1,249.0551,"04",90,1,2,,,,,,,,0,,0,,0,,1,2,2,2,2,2,2,3,1,0,1,,2,,,,1,3,1,0,2,,,,,,,,,,,," ",282401802,,
2,27,124,1,20,1,249.0551,"02",60,1,2,,,,,,,,0,,0,,0,,1,1,1,1,2,2,1,3,1,1,1,,4,,,,1,3,2,0,2,,,,,,,,,,,," ",282402002,,
2,27,125,2,1,1,1360.23511077158,"02",240,2,,,,,,,,,0,,0,,0,,1,2,1,2,2,2,1,2,1,0,1,,3,,,,1,3,2,1,2,,,,,,,,,,,," ",282500102,,
2,27,125,2,2,1,1360.23511077158,"02",60,1,,2,2,2,2,2,2,2,0,,1,4,1,1,1,1,1,1,1,1,1,1,1,0,1,,3,,,,1,2,2,1,1,,,,,,,,,,,," ",282500202,,
2,27,125,2,3,1,1360.23511077158,"02",180,2,,,,,,,,,0,,0,,0,,2,4,2,2,4,4,2,4,0,0,1,,2,,,,1,2,1,1,2,,,,,,,,,,,," ",282500302,,
2,27,125,2,4,1,1360.23511077158,"01",120,2,,2,2,2,2,2,2,2,1,0,1,1,1,1,1,1,1,1,1,1,1,1,1,0,1,,3,,,,1,2,2,0,1,,,,,,,,,,,," ",282500402,,
2,27,125,2,5,1,1360.23511077158,"02",120,2,,,,,,,,,0,,0,,0,,3,5,2,2,2,3,3,3,0,0,1,,2,,,,1,2,1,1,2,,,,,,,,,,,," ",282500502,,
2,27,125,2,6,1,1360.23511077158,"02",120,2,,,,,,,,,0,,0,,0,,3,3,3,3,3,3,3,3,1,0,1,,2,,,,1,2,1,0,2,,,,,,,,,,,," ",282500602,,
2,27,125,2,7,1,1360.23511077158,"02",180,2,,,,,,,,,0,,0,,0,,1,1,1,2,2,1,2,2,1,0,1,,3,,,,1,5,1,0,2,,,,,,,,,,,," ",282500702,,
2,27,125,2,8,1,1360.23511077158,"01",30,2,,,,,,,,,0,,1,4,0,,888,2,888,2,2,888,4,888,1,0,2,,,3,2,,1,3,1,1,1,,,,,,,,,,,," ",282500802,,
2,27,125,2,9,1,1360.23511077158,"01",120,2,,,,,,,,,0,,1,4,0,,888,2,888,2,2,888,4,888,1,0,4,15,,,,,1,6,1,1,1,,,,,,,,,,,," ",282500902,,
2,27,125,2,10,1,1360.23511077158,"01",30,2,,,,,,,,,1,2,1,4,0,,888,2,888,4,4,888,4,888,0,,,,,,,,,,,,5,,,,,,,,,,,," ",282501002,,
2,27,125,2,11,1,100.539116883117,"02",120,2,,,,,,,,,0,,0,,0,,3,888,888,888,888,4,3,2,1,0,1,,2,,,,1,2,1,1,2,,,,,,,,,,,," ",282501102,,
2,27,125,2,12,1,1360.23511077158,"01",60,2,,,,,,,,,0,,1,4,0,,5,2,888,2,2,888,2,3,1,0,2,,,3,2,,1,3,1,1,1,,,,,,,,,,,," ",282501202,,
2,27,125,2,13,1,1360.23511077158,"02",180,1,,,,,,,,,0,,1,4,0,,4,2,2,2,2,2,4,2,1,0,1,,2,,,,1,3,1,1,1,,,,,,,,,,,," ",282501302,,
2,27,125,2,14,1,1360.23511077158,"01",40,1,,,,,,,,,0,,0,,0,,1,2,1,2,2,2,1,2,1,0,1,,4,,,,1,3,1,0,5,,,,,,,,,,,," ",282501402,,
2,27,125,2,15,1,1360.23511077158,"02",60,1,,,,,,,,,1,0,1,0,1,1,1,1,1,1,1,1,1,1,1,0,1,,3,,,,1,3,2,1,1,,,,,,,,,,,," ",282501502,,
2,27,125,2,16,1,1360.23511077158,"02",120,1,,,,,,,,,0,,0,,0,,1,2,1,2,2,1,2,1,1,0,1,,3,,,,1,3,2,0,5,,,,,,,,,,,," ",282501602,,
2,27,125,2,17,1,1360.23511077158,"02",120,2,,1,1,1,1,1,1,1,0,,0,,0,,1,2,2,1,2,1,2,3,1,0,1,,4,,,,1,4,2,0,2,,,,,,,,,,,," ",282501702,,
2,27,125,2,18,1,1360.23511077158,"02",120,2,,,,,,,,,0,,0,,0,,1,1,1,1,1,1,1,1,1,0,1,,4,,,,1,2,2,0,1,,,,,,,,,,,," ",282501802,,
2,27,126,1,1,1,288.1454,"02",60,1,2,,,,,,,,0,,1,4,0,,2,2,2,2,4,4,4,2,0,,,,,,,,,,,,4,,,,,,,,,,,," ",282600102,,
2,27,126,1,2,1,288.1454,"01",30,2,2,,,,,,,,0,,0,,0,,2,3,3,3,3,3,3,3,1,1,1,,4,,,,1,2,1,1,1,,,,,,,,,,,," ",282600202,,
2,27,126,1,3,1,288.1454,"02",180,1,2,,,,,,,,0,,0,,0,,3,4,2,4,3,3,3,3,1,1,1,,2,,,,1,2,1,0,2,,,,,,,,,,,," ",282600302,,
2,27,126,1,4,1,288.1454,"02",120,2,2,,,,,,,,1,888,0,,0,,2,3,2,2,2,2,2,2,1,1,1,,2,,,,1,2,1,0,2,,,,,,,,,,,," ",282600402,,
2,27,126,1,5,1,288.1454,"02",60,1,2,,,,,,,,0,,1,4,0,,2,2,2,2,2,2,2,2,0,,,,,,,,,,,,5,,,,,,,,,,,," ",282600502,,
2,27,126,1,6,1,288.1454,"01",90,1,2,,,,,,,,0,,1,4,0,,888,2,2,2,2,4,4,2,1,1,2,,,3,2,,1,4,1,1,1,,,,,,,,,,,," ",282600602,,
2,27,126,1,7,1,288.1454,"02",60,1,2,2,2,2,5,2,5,5,0,,1,4,0,,2,2,888,2,2,4,4,2,1,1,2,,,3,2,,1,2,1,1,1,,,,,,,,,,,," ",282600702,,
2,27,126,1,8,1,48.0242333333333,"02",90,2,2,,,,,,,,1,0,1,4,0,,888,1,888,3,2,888,2,888,0,,,,,,,,,,,,4,,,,,,,,,,,," ",282600802,,
2,27,126,1,9,1,288.1454,"02",120,1,2,,,,,,,,0,,1,4,0,,2,2,4,2,2,4,2,2,1,1,2,,,6,4,,1,6,2,0,1,,,,,,,,,,,," ",282600902,,
2,27,126,1,10,1,48.0242333333333,"01",60,2,2,,,,,,,,0,,0,,0,,888,3,888,888,2,888,2,888,1,0,2,,,2,2,,1,4,1,0,2,,,,,,,,,,,," ",282601002,,
2,27,126,1,11,1,288.1454,"02",120,1,2,,,,,,,,0,,0,,0,,2,2,2,2,2,2,2,2,0,,,,,,,,,,,,1,,,,,,,,,,,," ",282601102,,
2,27,126,1,12,1,288.1454,"02",120,1,1,,,,,,,,0,,0,,0,,2,2,2,2,2,2,888,5,0,,,,,,,,,,,,2,,,,,,,,,,,," ",282601202,,
2,27,126,1,13,1,288.1454,"02",120,1,2,,,,,,,,0,,0,,0,,3,4,3,4,3,4,3,3,1,1,1,,2,,,,1,2,2,0,2,,,,,,,,,,,," ",282601302,,
2,27,126,1,14,1,288.1454,"03",120,1,2,5,5,5,5,5,5,5,0,,0,,0,,2,2,2,2,888,2,2,2,0,,,,,,,,,,,,1,,,,1,,,,,,,," ",282601402,,
2,27,126,1,15,1,288.1454,"02",180,1,2,3,3,3,3,3,3,3,1,4,1,4,0,,1,1,4,2,4,1,4,1,1,1,2,,,2,2,,1,3,2,0,2,,,,,,,,,,,," ",282601502,,
2,27,126,1,16,1,288.1454,"02",120,2,2,,,,,,,,0,,0,,0,,1,2,1,2,2,2,2,2,0,,,,,,,,,,,,4,,,,,,,,,,,," ",282601602,,
2,27,126,1,17,1,288.1454,"03",120,1,2,,,,,,,,0,,0,,0,,2,2,2,2,2,2,3,2,0,,,,,,,,,,,,1,,,,,,1,,,,,," ",282601702,,
2,27,126,1,18,1,288.1454,"02",120,1,2,,,,,,,,1,888,0,,0,,4,3,3,3,3,3,3,3,0,,,,,,,,,,,,1,,,,,,,,,,,," ",282601802,,
2,28,127,2,1,1,1240.29181333333,"02",120,2,,,,,,,,,1,0,1,0,0,,4,1,3,3,2,3,5,3,0,,,,,,,,,,,,2,,,,,,,,,,,," ",292700102,,
2,28,127,2,2,1,1240.29181333333,"02",60,2,,,,,,,,,0,,0,,0,,888,2,2,888,888,4,3,3,1,0,1,,4,,,,1,2,2,1,2,,,,,,,,,,,," ",292700202,,
2,28,127,2,3,1,1240.29181333333,"02",60,2,,,,,,,,,0,,0,,0,,888,2,2,888,888,3,5,888,0,,,,,,,,,,,,2,,,,,,,,,,,," ",292700302,,
2,28,127,2,4,1,1240.29181333333,"01",60,2,,,,,,,,,1,0,1,0,0,,888,2,888,888,2,888,1,4,1,0,2,,,3,2,,1,3,1,1,2,,,,,,,,,,,," ",292700402,,
2,28,127,2,5,1,1240.29181333333,"02",120,2,,,,,,,,,1,1,1,2,0,,4,2,3,3,2,3,5,3,0,,,,,,,,,,,,2,,,,,,,,,,,," ",292700502,,
2,28,127,2,6,1,1240.29181333333,"01",120,2,,,,,,,,,0,,0,,0,,888,1,888,888,1,888,4,888,1,0,2,,,3,2,,1,4,2,1,5,,,,,,,,,,,," ",292700602,,
2,28,127,2,7,1,1500.353,"01",180,2,,,,,,,,,1,0,0,,0,,888,2,3,5,2,4,2,5,0,,,,,,,,,,,,2,,,,,,,,,,,," ",292700702,,
2,28,127,2,8,1,1240.29181333333,"04",240,2,,,,,,,,,0,,1,3,0,,4,2,3,5,4,888,2,5,1,0,2,,,3,2,,1,2,0,1,2,,,,,,,,,,,," ",292700802,,
2,28,127,2,9,1,1240.29181333333,"02",120,1,,,,,,,,,0,,1,1,0,,1,1,888,5,2,888,5,5,1,0,2,,,3,2,,1,3,1,1,2,,,,,,,,,,,," ",292700902,,
2,28,127,2,10,1,1240.29181333333,"02",180,2,,,,,,,,,0,,0,,0,,5,1,5,888,1,888,5,888,1,0,2,,,4,2,,1,4,2,1,5,,,,,,,,,,,," ",292701002,,
2,28,127,2,11,1,1500.353,"02",120,2,,,,,,,,,0,,1,888,0,,888,2,888,4,2,888,5,3,1,1,2,,,4,3,,1,6,2,1,5,,,,,,,,,,,," ",292701102,,
2,28,127,2,12,1,1500.353,"01",120,1,,,,,,,,,1,0,0,,0,,2,1,3,3,2,3,5,3,1,1,2,,,4,3,,1,4,2,1,2,,,,,,,,,,,," ",292701202,,
2,28,127,2,13,1,1500.353,"02",60,2,,,,,,,,,1,0,1,0,0,,1,2,888,888,2,888,2,2,0,,,,,,,,,,,,3,,,,,,,,,,,," ",292701302,,
2,28,127,2,14,1,1500.353,"02",120,1,,5,5,2,7,2,2,5,1,1,1,0,1,0,2,2,1,5,4,2,4,2,1,1,1,,3,,,,1,2,1,1,4,,,,,,,,,,,," ",292701402,,
2,28,127,2,15,1,1240.29181333333,"04",300,1,,3,3,1,3,1,3,3,0,,1,3,0,,4,1,3,5,2,3,5,3,1,0,2,,,5,4,,1,5,1,1,2,,,,,,,,,,,," ",292701502,,
2,28,127,2,16,1,1240.29181333333,"02",120,2,,1,1,3,1,1,1,3,0,,0,,0,,888,2,888,4,2,3,4,3,0,,,,,,,,,,,,2,,,,,,,,,,,," ",292701602,,
2,28,127,2,17,1,1500.353,"02",240,2,,,,,,,,,0,,1,4,0,,1,2,888,5,2,3,4,888,1,0,2,,,3,2,,1,3,1,1,2,,,,,,,,,,,," ",292701702,,
2,28,127,2,18,1,1240.29181333333,"02",60,2,,,,,,,,,0,,0,,0,,888,2,2,888,3,888,4,3,1,0,1,,4,,,,1,2,2,1,2,,,,,,,,,,,," ",292701802,,
2,28,128,1,1,1,343.71137921458,"02",40,1,2,,,,,,,,1,888,1,4,0,,5,888,1,888,1,888,5,888,1,0,1,,4,,,,1,3,2,0,1,,,,,,,,,,,," ",292800102,,
2,28,128,1,2,1,289.3982,"02",60,1,2,,,,,,,,1,888,1,1,0,,888,888,2,888,2,888,888,5,1,0,2,,,3,2,,1,3,1,1,1,,,,,,,,,,,," ",292800202,,
2,28,128,1,3,1,289.3982,"02",120,2,2,,,,,,,,0,,1,888,0,,2,2,888,888,3,888,2,888,1,0,1,,3,,,,1,3,0,1,2,,,,,,,,,,,," ",292800302,,
2,28,128,1,4,1,343.71137921458,"01",30,1,2,,,,,,,,1,0,1,888,0,,2,888,888,888,2,888,888,888,1,0,2,,,3,2,,1,3,2,1,1,,,,,,,,,,,," ",292800402,,
2,28,128,1,5,1,343.71137921458,"02",60,1,1,1,1,1,3,1,3,3,0,,0,,0,,2,3,3,2,3,3,4,3,1,0,4,3,,,,,4,4,0,1,2,,,,,,,,,,,," ",292800502,,
2,28,128,1,6,1,343.71137921458,"02",180,2,2,,,,,,,,0,,1,0,0,,2,2,888,2,888,888,5,888,1,0,1,,3,,,,1,3,1,1,2,,,,,,,,,,,," ",292800602,,
2,28,128,1,7,1,343.71137921458,"01",120,2,2,1,1,1,1,1,1,1,1,0,0,,0,,888,888,888,888,888,888,888,888,1,0,4,9,,,,,1,2,0,1,2,,,,,,,,,,,," ",292800702,,
2,28,128,1,8,1,289.3982,"02",120,2,2,,,,,,,,0,,1,3,0,,2,2,3,2,2,2,2,2,1,1,1,,2,,,,1,3,2,1,1,,,,,,,,,,,," ",292800802,,
2,28,128,1,9,1,343.71137921458,"01",240,2,2,,,,,,,,0,,1,0,0,,888,2,888,4,4,888,888,888,1,0,2,,,3,2,,1,2,2,1,1,,,,,,,,,,,," ",292800902,,
2,28,128,1,10,1,289.3982,"02",300,1,2,,,,,,,,0,,1,1,0,,3,2,3,2,2,3,2,2,1,1,1,,4,,,,1,3,2,1,1,,,,,,,,,,,," ",292801002,,
2,28,128,1,11,1,343.71137921458,"01",90,1,2,,,,,,,,0,,0,,0,,4,2,2,1,4,2,5,1,1,0,1,,4,,,,1,5,2,1,2,,,,,,,,,,,," ",292801102,,
2,28,128,1,12,1,343.71137921458,"01",30,2,2,,,,,,,,1,0,0,,0,,2,888,888,888,2,2,5,888,1,0,3,,,,,2,2,2,4,1,2,,,,,,,,,,,," ",292801202,,
2,28,128,1,13,1,343.71137921458,"02",50,2,2,1,1,1,1,1,1,1,0,,1,0,0,,4,4,4,4,2,4,2,888,1,0,1,,3,,,,1,2,1,1,1,,,,,,,,,,,," ",292801302,,
2,28,128,1,14,1,289.3982,"02",180,1,2,,,,,,,,0,,0,,0,,4,2,2,2,2,2,2,2,0,,,,,,,,,,,,4,,,,,,,,,,,," ",292801402,,
2,28,128,1,15,1,343.71137921458,"02",180,2,2,2,2,2,2,2,2,2,1,0,1,2,0,,2,2,888,888,2,4,1,888,1,0,2,,,3,2,,1,4,1,1,1,,,,,,,,,,,," ",292801502,,
2,28,128,1,16,1,289.3982,"02",120,2,2,3,3,3,3,3,3,3,1,0,1,1,1,3,888,1,1,4,1,4,4,1,1,1,1,,2,,,,1,3,2,1,4,,,,,,,,,,,," ",292801602,,
2,28,128,1,17,1,289.3982,"02",240,1,2,,,,,,,,1,0,0,,1,4,5,1,1,2,1,2,4,1,1,1,2,,,3,2,,1,3,2,1,2,,,,,,,,,,,," ",292801702,,
2,28,128,1,18,1,343.71137921458,"02",240,1,2,,,,,,,,1,0,1,4,0,,888,2,888,4,1,888,5,2,1,0,2,,,2,2,,1,5,2,1,5,,,,,,,,,,,," ",292801802,,
2,28,129,2,1,1,892.101,"02",60,2,,1,1,1,1,1,1,1,1,888,1,888,1,0,2,2,888,4,1,888,5,888,1,0,1,,2,,,,1,2,1,1,3,,,,,,,,,,,," ",292900102,,
2,28,129,2,2,1,892.101,"01",90,1,,1,2,1,1,1,1,1,1,0,1,1,0,,888,4,888,4,2,2,2,888,1,0,1,,2,,,,1,2,1,1,1,,,,,,,,,,,," ",292900202,,
2,28,129,2,3,1,892.101,"02",60,1,,,,,,,,,0,,1,2,0,,3,3,3,4,3,3,5,3,1,0,2,,,3,2,,1,3,2,1,2,,,,,,,,,,,," ",292900302,,
2,28,129,2,4,1,892.101,"01",180,2,,,,,,,,,0,,1,0,0,,888,3,888,4,2,3,5,3,1,0,2,,,3,2,,1,2,1,1,1,,,,,,,,,,,," ",292900402,,
2,28,129,2,5,1,892.101,"02",120,2,,,,,,,,,1,2,0,,0,,1,1,3,3,2,3,4,888,1,0,1,,2,,,,1,3,0,1,2,,,,,,,,,,,," ",292900502,,
2,28,129,2,6,1,892.101,"02",180,2,,,,,,,,,1,0,1,0,0,,4,1,3,3,2,3,5,3,1,0,1,,2,,,,1,2,2,1,1,,,,,,,,,,,," ",292900602,,
2,28,129,2,7,1,892.101,"02",120,2,,,,,,,,,1,0,1,0,0,,4,2,3,3,2,3,5,3,1,0,2,,,3,2,,1,3,2,1,1,,,,,,,,,,,," ",292900702,,
2,28,129,2,8,1,892.101,"02",180,2,,,,,,,,,0,,0,,0,,1,888,888,5,888,888,4,5,1,0,2,,,3,2,,1,3,2,1,4,,,,,,,,,,,," ",292900802,,
2,28,129,2,9,1,892.101,"01",120,2,,,,,,,,,0,,1,888,0,,3,2,3,888,888,3,5,888,1,0,1,,2,,,,1,3,2,1,2,,,,,,,,,,,," ",292900902,,
2,28,129,2,10,1,892.101,"02",240,2,,,,,,,,,0,,1,0,0,,3,4,888,3,4,5,888,2,1,0,2,,,3,2,,1,2,2,1,6,,,,,,,,,,,," ",292901002,,
2,28,129,2,11,1,892.101,"05",60,1,,,,,,,,,0,,0,,0,,888,888,888,4,3,4,888,4,1,0,1,,3,,,,1,3,1,1,2,,,,,,,,,,,," ",292901102,,
2,28,129,2,12,1,892.101,"02",120,1,,,,,,,,,1,0,1,0,0,,4,2,3,3,2,3,5,3,1,0,1,,3,,,,1,3,2,1,2,,,,,,,,,,,," ",292901202,,
2,28,129,2,13,1,892.101,"03",180,2,,,,,,,,,0,,0,,0,,4,4,4,4,4,3,4,3,1,0,2,,,4,3,,1,2,3,1,6,,,,,,,,,,,," ",292901302,,
2,28,129,2,14,1,892.101,"02",120,1,,,,,,,,,0,,1,3,0,,2,2,888,888,1,888,4,888,1,0,1,,2,,,,1,3,2,1,2,,,,,,,,,,,," ",292901402,,
2,28,129,2,15,1,892.101,"01",90,2,,,,,,,,,1,0,1,4,0,,4,1,888,5,3,888,5,4,1,1,2,,,3,2,,3,2,2,1,2,,,,,,,,,,,," ",292901502,,
2,28,129,2,16,1,892.101,"02",60,1,,,,,,,,,0,,0,,0,,888,3,4,3,888,4,5,888,1,0,1,,2,,,,1,3,1,1,2,,,,,,,,,,,," ",292901602,,
2,28,129,2,17,1,892.101,"02",120,2,,,,,,,,,1,0,1,0,0,,1,2,2,2,2,888,4,5,1,0,3,,,,,3,1,2,1,1,1,,,,,,,,,,,," ",292901702,,
2,28,129,2,18,1,892.101,"02",60,2,,,,,,,,,0,,0,,0,,888,4,888,888,4,3,3,3,1,0,1,,2,,,,1,3,2,1,2,,,,,,,,,,,," ",292901802,,
2,28,130,1,1,1,229.0288,"02",90,2,2,1,1,3,1,1,1,1,0,,0,,0,,888,888,888,888,888,888,888,888,1,0,2,,,3,2,,1,3,1,1,2,,,,,,,,,,,," ",293000102,,
2,28,130,1,3,1,229.0288,"01",240,2,2,,,,,,,,0,,1,1,1,4,3,2,1,2,2,3,4,2,1,0,2,,,3,2,,1,4,2,1,2,,,,,,,,,,,," ",293000302,,
2,28,130,1,4,1,229.0288,"02",40,2,2,,,,,,,,1,0,0,,0,,888,888,888,888,888,888,888,888,1,0,2,,,2,2,,1,3,1,1,1,,,,,,,,,,,," ",293000402,,
2,28,130,1,5,1,229.0288,"02",120,1,2,,,,,,,,1,0,1,3,1,4,2,2,2,4,1,2,5,2,1,0,2,,,4,3,,1,4,2,1,2,,,,,,,,,,,," ",293000502,,
2,28,130,1,6,1,229.0288,"01",60,2,2,,,,,,,,0,,0,,0,,888,888,888,888,888,888,888,888,1,0,1,,2,,,,1,2,2,1,1,,,,,,,,,,,," ",293000602,,
2,28,130,1,8,1,229.0288,"01",180,2,2,2,2,2,2,2,2,2,0,,1,2,0,,2,2,3,2,4,4,2,2,1,0,1,,2,,,,1,4,1,1,2,,,,,,,,,,,," ",293000802,,
2,28,130,1,9,1,229.0288,"02",180,2,2,,,,,,,,0,,1,1,0,,888,1,888,888,1,888,1,888,1,0,2,,,3,2,,1,6,1,1,2,,,,,,,,,,,," ",293000902,,
2,28,130,1,10,1,229.0288,"02",60,1,2,,,,,,,,0,,1,3,1,4,3,1,3,4,1,3,4,2,1,0,2,,,4,4,,1,3,0,1,2,,,,,,,,,,,," ",293001002,,
2,28,130,1,11,1,229.0288,"02",120,2,2,,,,,,,,0,,0,,0,,2,2,4,2,3,2,2,3,0,,,,,,,,,,,,1,,,,,,,,,,,," ",293001102,,
2,28,130,1,12,1,229.0288,"05",180,2,2,,,,,,,,0,,0,,0,,2,2,888,888,2,888,4,888,1,0,1,,2,,,,1,2,1,1,2,,,,,,,,,,,," ",293001202,,
2,28,130,1,13,1,229.0288,"02",120,1,2,,,,,,,,0,,1,3,0,,888,2,3,2,2,2,2,3,1,0,1,,4,,,,1,2,1,1,2,,,,,,,,,,,," ",293001302,,
2,28,130,1,14,1,229.0288,"02",180,2,2,,,,,,,,1,0,1,4,0,,888,2,2,3,2,4,4,2,1,1,2,,,3,2,,1,5,2,1,2,,,,,,,,,,,," ",293001402,,
2,28,130,1,15,1,229.0288,"01",180,2,2,,,,,,,,1,1,1,2,0,,888,2,888,2,1,888,5,888,1,0,2,,,2,2,,1,6,1,1,5,,,,,,,,,,,," ",293001502,,
2,28,130,1,17,1,229.0288,"02",180,2,2,,,,,,,,1,888,1,0,0,,2,2,888,2,888,888,1,888,1,0,1,,2,,,,1,2,1,0,2,,,,,,,,,,,," ",293001702,,
2,28,130,1,18,1,229.0288,"02",120,2,2,,,,,,,,0,,1,0,0,,3,2,888,888,2,888,5,888,1,0,1,,3,,,,1,3,0,1,2,,,,,,,,,,,," ",293001802,,
2,28,130,1,19,1,229.0288,"02",40,2,2,,,,,,,,1,888,0,,0,,2,888,888,5,1,2,5,888,1,0,2,,,3,2,,1,3,2,1,1,,,,,,,,,,,," ",293001902,,
2,28,130,1,20,1,229.0288,"02",60,1,2,,,,,,,,1,888,1,888,0,,2,3,2,4,2,888,5,888,1,0,2,,,3,2,,2,3,2,0,1,,,,,,,,,,,," ",293002002,,
2,28,130,1,21,1,229.0288,"02",30,1,2,,,,,,,,1,888,1,1,0,,4,1,4,888,888,2,4,2,1,0,2,,,2,2,,1,3,1,1,1,,,,,,,,,,,," ",293002102,,
2,28,131,2,1,1,82.8797946428571,"01",40,1,,,,,,,,,0,,0,,0,,4,1,2,1,2,2,4,3,0,,,,,,,,,,,,4,,,,,,,,,,,," ",293100102,,
2,28,131,2,2,1,1149.95715066964,"02",60,2,,,,,,,,,1,0,1,2,0,,5,4,1,1,2,2,4,888,1,0,2,,,3,3,,1,3,2,1,2,,,,,,,,,,,," ",293100202,,
2,28,131,2,3,1,1149.95715066964,"03",75,2,,,,,,,,,1,888,1,0,0,,888,1,2,1,3,5,5,2,1,0,2,,,3,3,,2,2,2,1,2,,,,,,,,,,,," ",293100302,,
2,28,131,2,4,1,1149.95715066964,"02",120,1,,1,1,1,1,1,1,1,1,0,1,1,0,,3,1,1,3,1,1,4,2,1,0,1,,2,,,,1,2,2,1,2,,,,,,,,,,,," ",293100402,,
2,28,131,2,5,1,1149.95715066964,"02",180,2,,,,,,,,,1,0,0,,1,4,4,2,2,888,2,888,2,888,1,0,1,,2,,,,1,2,1,1,6,,,,,,,,,,,," ",293100502,,
2,28,131,2,6,1,1149.95715066964,"01",120,2,,,,,,,,,1,0,0,,1,1,888,888,888,888,888,888,4,888,1,0,2,,,2,2,,3,2,1,1,2,,,,,,,,,,,," ",293100602,,
2,28,131,2,7,1,1149.95715066964,"01",240,1,,,,,,,,,1,0,1,1,0,,1,1,2,888,1,2,4,4,1,0,2,,,4,2,,2,2,1,1,2,,,,,,,,,,,," ",293100702,,
2,28,131,2,8,1,1149.95715066964,"02",90,2,,2,2,2,2,2,2,2,1,4,0,,0,,3,2,1,888,2,2,888,3,1,0,3,,,,,3,2,5,1,0,1,,,,,,,,,,,," ",293100802,,
2,28,131,2,9,1,1149.95715066964,"01",120,2,,2,2,2,2,2,2,2,1,0,0,,0,,3,2,2,3,2,3,4,888,1,0,1,,2,,,,1,5,1,0,1,,,,,,,,,,,," ",293100902,,
2,28,131,2,10,1,1149.95715066964,"02",120,2,,,,,,,,,0,,1,0,0,,888,2,2,888,1,888,4,888,1,1,2,,,2,2,,3,2,1,1,2,,,,,,,,,,,," ",293101002,,
2,28,131,2,11,1,1149.95715066964,"02",120,1,,,,,,,,,0,,1,2,1,0,3,2,888,3,1,888,5,2,0,0,2,,,3,2,,1,4,1,1,4,,,,,,,,,,,," ",293101102,,
2,28,131,2,12,1,1149.95715066964,"02",60,1,,3,3,3,3,3,3,3,1,0,0,,0,,888,2,1,3,1,1,2,3,1,0,2,,,4,2,,1,2,1,0,1,,,,,,,,,,,," ",293101202,,
2,28,131,2,13,1,1149.95715066964,"02",180,2,,,,,,,,,0,,0,,0,,888,2,888,888,2,888,5,888,1,0,2,,,3,2,,3,2,2,1,2,,,,,,,,,,,," ",293101302,,
2,28,131,2,14,1,82.8797946428571,"04",60,2,,,,,,,,,0,,1,0,1,0,888,888,888,888,2,888,888,888,1,0,1,,2,,,,1,3,1,1,2,,,,,,,,,,,," ",293101402,,
2,28,131,2,15,1,1149.95715066964,"02",120,2,,,,,,,,,1,0,1,0,0,,1,1,888,888,2,5,4,5,1,0,1,,4,,,,1,3,2,1,5,,,,,,,,,,,," ",293101502,,
2,28,131,2,16,1,1149.95715066964,"02",100,1,,2,3,2,3,2,2,2,1,0,1,2,0,,5,1,2,5,1,888,4,1,1,1,1,,2,,,,3,4,3,1,1,,,,,,,,,,,," ",293101602,,
2,28,131,2,17,1,1149.95715066964,"02",180,2,,,,,,,,,0,,1,0,0,,888,2,888,888,2,888,5,888,1,0,1,,3,,,,1,2,2,1,2,,,,,,,,,,,," ",293101702,,
2,28,131,2,18,1,1149.95715066964,"02",60,2,,,,,,,,,0,,1,4,0,,888,888,888,888,888,888,2,888,1,0,1,,2,,,,1,3,2,1,1,,,,,,,,,,,," ",293101802,,
2,28,132,2,1,1,1520.222,"02",60,2,,,,,,,,,0,,1,4,0,,888,888,888,888,888,888,5,888,0,,,,,,,,,,,,6,,,,,,,,,,,," ",293200102,,
2,28,132,2,2,1,1520.222,"02",30,2,,,,,,,,,0,,1,1,0,,2,2,3,2,4,4,1,3,0,,,,,,,,,,,,2,,,,,,,,,,,," ",293200202,,
2,28,132,2,3,1,1520.222,"01",150,2,,,,,,,,,0,,0,,0,,888,1,3,2,2,3,5,3,0,0,2,,,3,2,,1,4,1,1,1,,,,,,,,,,,," ",293200302,,
2,28,132,2,4,1,1520.222,"01",180,2,,1,1,1,1,1,1,1,0,,1,4,0,,3,2,2,888,2,2,2,2,0,,,,,,,,,,,,6,,,,,,,,,,,," ",293200402,,
2,28,132,2,5,1,1520.222,"02",180,2,,1,1,1,1,1,1,1,1,0,1,0,0,,3,2,3,3,888,2,2,888,0,,,,,,,,,,,,2,,,,,,,,,,,," ",293200502,,
2,28,132,2,6,1,1520.222,"02",60,1,,,,,,,,,0,,0,,0,,888,2,2,2,2,2,2,888,1,0,1,,2,,,,1,2,1,1,2,,,,,,,,,,,," ",293200602,,
2,28,132,2,7,1,1520.222,"02",120,1,,1,1,1,1,1,1,1,1,1,1,4,0,,888,2,888,4,5,888,4,888,1,0,2,,,3,2,,1,3,2,1,7,,,,,,,,,,,," ",293200702,,
2,28,132,2,8,1,1520.222,"01",75,2,,,,,,,,,1,0,1,2,0,,888,2,888,4,1,888,1,3,0,,,,,,,,,,,,4,,,,,,,,,,,," ",293200802,,
2,28,132,2,9,1,1520.222,"02",120,1,,,,,,,,,1,2,1,2,0,,888,2,888,888,2,888,4,888,1,0,1,,2,,,,1,3,1,1,1,,,,,,,,,,,," ",293200902,,
2,28,132,2,10,1,1520.222,"01",240,2,,,,,,,,,1,4,0,,0,,4,2,2,3,2,1,5,3,1,0,2,,,4,3,,1,5,1,1,1,,,,,,,,,,,," ",293201002,,
2,28,132,2,11,1,1520.222,"02",120,1,,1,2,2,1,1,1,1,0,,1,2,1,0,1,1,2,3,2,3,4,5,1,0,1,,3,,,,1,3,3,0,2,,,,,,,,,,,," ",293201102,,
2,28,132,2,12,1,1520.222,"02",120,1,,,,,,,,,1,0,1,0,0,,4,2,2,3,1,2,2,3,1,0,1,,4,,,,1,6,1,1,1,,,,,,,,,,,," ",293201202,,
2,28,132,2,13,1,1520.222,"02",80,1,,2,2,2,2,2,2,2,1,1,1,1,0,,4,2,1,1,1,1,5,1,1,0,2,,,4,4,,3,3,2,1,2,,,,,,,,,,,," ",293201302,,
2,28,132,2,14,1,1520.222,"02",120,1,,,,,,,,,1,1,1,1,0,,2,1,1,1,1,1,4,1,1,0,2,,,2,2,,2,4,1,1,2,,,,,,,,,,,," ",293201402,,
2,28,132,2,15,1,1520.222,"02",60,2,,2,2,2,2,2,2,2,0,,1,1,1,0,888,888,2,888,3,3,1,3,1,0,2,,,2,2,,3,2,1,1,6,,,,,,,,,,,," ",293201502,,
2,28,132,2,16,1,1520.222,"02",120,2,,,,,,,,,1,0,0,,0,,2,2,2,2,2,888,888,888,1,0,1,,3,,,,1,3,2,1,1,,,,,,,,,,,," ",293201602,,
2,28,132,2,17,1,1520.222,"03",120,1,,,,,,,,,0,,1,2,0,,888,2,2,888,2,2,888,888,1,0,1,,2,,,,1,3,1,1,2,,,,,,,,,,,," ",293201702,,
2,28,132,2,18,1,1520.222,"02",110,2,,,,,,,,,1,0,0,,0,,5,1,888,4,2,3,4,2,1,0,1,,2,,,,1,3,1,1,2,,,,,,,,,,,," ",293201802,,
2,28,133,1,1,1,239.098475138122,"02",120,2,2,,,,,,,,1,0,1,1,1,2,1,1,3,3,1,3,1,3,1,0,2,,,3,2,,1,2,2,1,4,,,,,,,,,,,," ",293300102,,
2,28,133,1,3,1,239.098475138122,"01",60,2,2,,,,,,,,0,,0,,0,,3,4,2,3,3,3,4,3,0,,,,,,,,,,,,1,,,,,,,,,,,," ",293300302,,
2,28,133,1,4,1,239.098475138122,"02",45,2,2,,,,,,,,0,,0,,0,,4,2,2,4,2,2,5,888,1,0,2,,,3,3,,1,3,2,1,1,,,,,,,,,,,," ",293300402,,
2,28,133,1,5,1,239.098475138122,"03",90,2,2,,,,,,,,0,,1,1,0,,3,2,3,4,2,3,5,3,1,0,2,,,3,2,,1,6,3,1,2,,,,,,,,,,,," ",293300502,,
2,28,133,1,6,1,239.098475138122,"02",120,2,2,,,,,,,,0,,0,,0,,3,2,3,888,4,3,4,3,1,0,2,,,3,2,,1,6,2,1,1,,,,,,,,,,,," ",293300602,,
2,28,133,1,7,1,239.098475138122,"02",120,2,2,1,1,1,1,1,1,1,1,1,1,0,1,2,1,3,3,3,1,2,1,3,1,0,2,,,3,2,,1,3,1,0,1,,,,,,,,,,,," ",293300702,,
2,28,133,1,8,1,239.098475138122,"02",120,2,2,,,,,,,,0,,0,,0,,3,3,3,3,3,3,3,3,1,0,1,,3,,,,1,2,2,1,1,,,,,,,,,,,," ",293300802,,
2,28,133,1,9,1,180.3201,"01",120,1,2,5,5,3,3,3,3,5,0,,1,4,0,,4,2,2,2,2,2,5,2,1,1,2,,,3,2,,1,4,1,1,4,,,,,,,,,,,," ",293300902,,
2,28,133,1,10,1,180.3201,"02",180,1,1,,,,,,,,0,,0,,0,,3,3,3,3,3,3,3,3,1,1,1,,2,,,,1,2,2,1,4,,,,,,,,,,,," ",293301002,,
2,28,133,1,11,1,180.3201,"02",180,1,2,,,,,,,,1,0,1,888,1,0,2,2,2,2,2,2,4,2,1,1,1,,2,,,,1,3,2,0,1,,,,,,,,,,,," ",293301102,,
2,28,133,1,12,1,180.3201,"02",180,1,2,,,,,,,,0,,1,2,0,,3,1,3,1,2,3,5,3,1,0,2,,,3,2,,1,6,1,1,4,,,,,,,,,,,," ",293301202,,
2,28,133,1,13,1,180.3201,"02",120,2,2,,,,,,,,1,0,1,888,1,0,2,2,3,2,2,3,2,888,1,1,1,,2,,,,1,5,2,0,1,,,,,,,,,,,," ",293301302,,
2,28,133,1,14,1,180.3201,"02",120,2,2,3,3,3,3,3,3,3,1,0,0,,0,,4,4,4,888,3,3,2,888,1,1,2,,,4,3,,1,4,3,1,1,,,,,,,,,,,," ",293301402,,
2,28,133,1,15,1,180.3201,"02",60,1,2,2,3,2,2,2,2,2,0,,1,2,1,2,1,1,2,2,1,2,2,3,1,1,2,,,3,2,,1,2,0,1,1,,,,,,,,,,,," ",293301502,,
2,28,133,1,16,1,180.3201,"02",720,1,2,3,3,3,3,3,3,3,0,,1,4,0,,1,1,1,4,4,1,4,1,1,1,2,,,2,2,,1,3,4,0,2,,,,,,,,,,,," ",293301602,,
2,28,133,1,17,1,180.3201,"01",60,2,2,,,,,,,,0,,0,,0,,3,4,3,2,2,4,1,3,1,0,2,,,4,3,,1,5,1,1,2,,,,,,,,,,,," ",293301702,,
2,28,133,1,18,1,180.3201,"02",180,1,2,2,2,2,2,2,2,2,0,,1,4,0,,1,1,4,4,1,5,1,4,1,1,1,,4,,,,1,5,2,0,2,,,,,,,,,,,," ",293301802,,
2,28,133,1,20,1,239.098475138122,"01",180,1,2,,,,,,,,0,,0,,0,,2,2,2,2,2,888,4,2,1,0,2,,,4,3,,1,3,1,1,1,,,,,,,,,,,," ",293302002,,
2,28,134,1,1,1,13.9770985339988,"01",45,1,2,,,,,,,,0,,0,,0,,4,2,4,3,4,3,5,2,0,,,,,,,,,,,,2,,,,,,,,,,,," ",293400102,,
2,28,134,1,2,1,13.9770985339988,"01",120,2,2,,,,,,,,1,0,1,2,0,,2,2,2,2,2,3,4,2,0,,,,,,,,,,,,4,,,,,,,,,,,," ",293400202,,
2,28,134,1,3,1,13.9770985339988,"02",90,2,2,,,,,,,,0,,1,1,0,,4,2,2,1,2,5,5,1,1,0,2,,,3,2,,1,3,1,1,1,,,,,,,,,,,," ",293400302,,
2,28,134,1,4,1,452.6321,"01",120,2,2,3,3,3,3,3,3,3,1,2,0,,0,,4,2,2,4,2,2,2,888,0,,,,,,,,,,,,4,,,,,,,,,,,," ",293400402,,
2,28,134,1,5,1,13.9770985339988,"02",60,2,2,1,1,1,1,1,1,1,0,,0,,0,,1,1,2,1,4,4,1,1,0,,,,,,,,,,,,2,,,,,,,,,,,," ",293400502,,
2,28,134,1,6,1,13.9770985339988,"03",60,2,2,3,3,3,3,3,3,3,0,,0,,1,4,2,2,2,2,2,3,2,2,0,,,,,,,,,,,,2,,,,,,,,,,,," ",293400602,,
2,28,134,1,7,1,452.6321,"01",60,2,2,,,,,,,,0,,1,4,1,4,1,1,2,3,1,1,1,3,0,,,,,,,,,,,,1,,,,,,,,,,,," ",293400702,,
2,28,134,1,8,1,13.9770985339988,"02",180,1,2,,,,,,,,0,,0,,0,,3,3,3,3,3,3,3,3,0,,,,,,,,,,,,1,,,,,,,,,,,," ",293400802,,
2,28,134,1,9,1,13.9770985339988,"02",30,1,2,,,,,,,,0,,1,888,0,,1,2,1,1,4,2,1,3,1,0,1,,2,,,,1,4,2,1,4,,,,,,,,,,,," ",293400902,,
2,28,134,1,11,1,452.6321,"04",120,1,2,,,,,,,,0,,1,4,0,,3,1,2,4,1,5,4,2,0,,,,,,,,,,,,3,,,,,,,,,,,," ",293401102,,
2,28,134,1,12,1,452.6321,"02",180,1,2,,,,,,,,0,,0,,0,,3,5,2,2,3,3,3,3,1,1,1,,2,,,,1,2,2,0,1,,,,,,,,,,,," ",293401202,,
2,28,134,1,13,1,452.6321,"01",60,1,2,,,,,,,,0,,0,,0,,3,3,3,3,3,3,3,3,0,,,,,,,,,,,,4,,,,,,,,,,,," ",293401302,,
2,28,134,1,14,1,452.6321,"02",60,1,1,,,,,,,,0,,0,,0,,4,2,1,1,5,2,5,1,0,,,,,,,,,,,,5,,,,,,,,,,,," ",293401402,,
2,28,134,1,15,1,452.6321,"02",120,1,1,,,,,,,,0,,1,0,0,,3,2,2,2,2,2,5,2,1,1,1,,3,,,,1,2,2,0,2,,,,,,,,,,,," ",293401502,,
2,28,134,1,17,1,452.6321,"01",180,1,1,,,,,,,,0,,0,,0,,3,3,3,3,3,3,3,3,1,1,1,,2,,,,1,2,1,0,1,,,,,,,,,,,," ",293401702,,
2,28,134,1,18,1,452.6321,"01",120,1,2,5,5,5,5,5,5,5,1,0,1,0,1,4,1,1,1,1,1,1,1,1,1,1,1,,4,,,,1,2,2,0,1,,,,,,,,,,,," ",293401802,,
2,28,134,1,21,1,452.6321,"01",30,1,2,,,,,,,,1,1,1,4,0,,4,2,2,2,4,4,4,2,1,0,3,,,,,4,3,2,1,1,1,,,,,,,,,,,," ",293402102,,
2,28,134,1,22,1,452.6321,"01",60,1,2,,,,,,,,1,2,1,2,1,2,2,3,3,3,2,3,1,2,1,0,2,,,3,2,,1,2,2,1,1,,,,,,,,,,,," ",293402202,,
3,31,135,2,1,3,69.0437322727273,"02",180,2,,,,,,,,,1,0,0,,1,0,2,2,2,4,2,4,4,2,1,0,2,,,2,2,,1,3,0,1,1,,,,,,,,,,,," ",323500103,,
3,31,135,2,2,3,69.0437322727273,"02",180,2,,,,,,,,,1,0,1,1,1,2,2,2,888,4,2,2,5,2,1,0,1,,2,,,,4,2,0,1,1,,,,,,,,,,,," ",323500203,,
3,31,135,2,3,3,69.0437322727273,"02",210,2,,,,,,,,,0,,1,0,0,,5,2,2,2,2,2,5,888,1,0,1,,3,,,,1,3,2,1,1,,,,,,,,,,,," ",323500303,,
3,31,135,2,4,3,69.0437322727273,"02",150,2,,,,,,,,,0,,1,2,0,,4,2,2,2,2,2,5,2,1,0,1,,2,,,,1,2,1,1,1,,,,,,,,,,,," ",323500403,,
3,31,135,2,5,3,69.0437322727273,"02",120,2,,,,,,,,,0,,0,,0,,4,4,4,4,4,2,1,3,1,0,1,,2,,,,1,3,1,1,4,,,,,,,,,,,," ",323500503,,
3,31,135,2,7,3,69.0437322727273,"01",120,2,,1,1,1,1,1,1,1,0,,0,,0,,2,2,888,888,2,4,4,888,1,0,3,,,,,2,3,3,4,0,1,,,,,,,,,,,," ",323500703,,
3,31,135,2,8,3,34.13398,"02",120,2,,,,,,,,,0,,0,,0,,2,2,3,3,2,3,4,4,1,0,1,,2,,,,1,3,1,1,555,6,,,,,,,,,,," ",323500803,,
3,31,135,2,9,3,69.0437322727273,"01",120,1,,,,,,,,,1,2,1,4,1,4,1,2,2,3,3,2,2,2,1,0,2,,,4,2,,1,5,2,0,5,,,,,,,,,,,," ",323500903,,
3,31,135,2,10,3,34.13398,"02",60,2,,,,,,,,,0,,0,,0,,3,3,3,3,3,3,3,3,1,1,2,,,3,2,,1,3,1,1,4,,,,,,,,,,,," ",323501003,,
3,31,135,2,11,3,69.0437322727273,"02",240,2,,,,,,,,,1,4,1,2,1,2,1,2,2,3,4,1,5,3,1,0,2,,,3,2,,1,5,2,0,2,,,,,,,,,,,," ",323501103,,
3,31,135,2,12,3,34.13398,"02",180,2,,,,,,,,,1,1,1,0,1,0,2,2,2,2,2,2,2,2,1,0,1,,2,,,,1,3,2,1,2,,,,,,,,,,,," ",323501203,,
3,31,135,2,13,3,69.0437322727273,"02",60,2,,,,,,,,,1,2,1,2,1,4,1,2,3,3,3,2,5,2,0,,,,,,,,,,,,2,,,,,,,,,,,," ",323501303,,
3,31,135,2,14,3,34.13398,"02",60,2,,2,2,2,2,2,2,2,0,,0,,0,,4,4,4,5,5,5,5,3,1,0,3,,,,,4,2,4,2,0,1,,,,,,,,,,,," ",323501403,,
3,31,135,2,15,3,69.0437322727273,"02",200,2,,,,,,,,,0,,1,0,0,,4,2,2,4,2,2,4,4,1,0,1,,2,,,,1,3,1,1,1,,,,,,,,,,,," ",323501503,,
3,31,135,2,16,3,69.0437322727273,"01",180,2,,,,,,,,,0,,1,2,0,,4,2,2,888,2,2,2,2,1,0,1,,2,,,,1,5,1,1,1,,,,,,,,,,,," ",323501603,,
3,31,135,2,17,3,34.13398,"02",120,1,,,,,,,,,1,4,1,1,1,1,2,2,2,2,2,2,2,2,0,,,,,,,,,,,,2,,,,,,,,,,,," ",323501703,,
3,31,135,2,18,3,34.13398,"03",120,2,,,,,,,,,1,1,1,0,0,,2,2,1,2,1,2,1,2,1,0,1,,3,,,,1,4,1,1,2,,,,,,,,,,,," ",323501803,,
3,31,135,2,19,3,69.0437322727273,"02",90,1,,,,,,,,,1,4,1,4,1,4,1,2,2,2,2,2,2,2,1,0,1,,3,,,,1,4,1,0,2,,,,,,,,,,,," ",323501903,,
3,31,136,2,1,3,55.98943,"03",180,2,,,,,,,,,1,1,1,4,1,2,1,1,4,3,3,3,3,3,1,0,2,,,3,2,,1,2,2,0,2,,,,,,,,,,,," ",323600103,,
3,31,136,2,2,3,55.98943,"02",180,2,,,,,,,,,0,,1,1,1,2,2,2,888,4,2,4,5,2,1,0,1,,2,,,,2,3,0,1,1,,,,,,,,,,,," ",323600203,,
3,31,136,2,3,3,55.98943,"02",240,2,,,,,,,,,1,1,1,1,0,,4,2,2,2,2,4,4,2,1,1,2,,,3,2,,1,3,1,1,6,,,,,,,,,,,," ",323600303,,
3,31,136,2,4,3,55.98943,"02",120,2,,,,,,,,,0,,1,4,1,4,1,2,2,2,2,2,2,2,1,0,1,,3,,,,1,4,1,1,2,,,,,,,,,,,," ",323600403,,
3,31,136,2,5,3,55.98943,"01",120,2,,,,,,,,,0,,0,,0,,888,888,888,888,888,888,888,888,1,0,2,,,3,2,,3,3,2,1,1,,,,,,,,,,,," ",323600503,,
3,31,136,2,6,3,55.98943,"02",240,2,,,,,,,,,1,0,1,1,0,,4,2,2,4,2,888,5,2,1,0,2,,,3,2,,1,3,0,1,1,,,,,,,,,,,," ",323600603,,
3,31,136,2,7,3,55.98943,"02",90,2,,,,,,,,,0,,0,,0,,1,1,1,1,1,1,2,1,1,0,1,,2,,,,1,3,1,1,4,,,,,,,,,,,," ",323600703,,
3,31,136,2,8,3,55.98943,"02",120,2,,,,,,,,,0,,0,,0,,2,2,2,888,2,2,5,888,1,0,1,,2,,,,1,3,1,0,1,,,,,,,,,,,," ",323600803,,
3,31,136,2,9,3,55.98943,"02",180,2,,,,,,,,,0,,0,,0,,1,2,2,2,5,3,2,3,1,0,1,,3,,,,2,4,2,0,2,,,,,,,,,,,," ",323600903,,
3,31,136,2,10,3,55.98943,"02",90,1,,,,,,,,,1,4,1,1,1,1,1,2,2,2,2,2,2,2,1,0,1,,3,,,,1,4,2,0,6,,,,,,,,,,,," ",323601003,,
3,31,136,2,11,3,55.98943,"02",120,2,,,,,,,,,0,,0,,0,,888,888,888,888,888,888,888,888,1,0,3,,,,,2,3,3,4,0,1,,,,,,,,,,,," ",323601103,,
3,31,136,2,12,3,55.98943,"02",60,2,,,,,,,,,0,,0,,0,,4,2,2,2,888,888,4,888,1,0,3,,,,,3,3,3,2,1,1,,,,,,,,,,,," ",323601203,,
3,31,136,2,13,3,55.98943,"02",120,1,,,,,,,,,1,3,1,0,1,1,2,2,2,2,2,2,2,2,1,0,1,,2,,,,1,3,1,1,2,,,,,,,,,,,," ",323601303,,
3,31,136,2,14,3,55.98943,"02",90,2,,,,,,,,,0,,0,,0,,2,2,3,2,2,2,2,888,0,,,,,,,,,,,,1,,,,,,,,,,,," ",323601403,,
3,31,136,2,15,3,55.98943,"01",120,1,,,,,,,,,1,1,1,2,1,1,1,1,1,5,4,2,3,3,1,0,1,,4,,,,2,5,2,1,2,,,,,,,,,,,," ",323601503,,
3,31,136,2,17,3,55.98943,"04",120,1,,,,,,,,,1,888,1,888,1,4,2,1,2,2,2,2,2,2,1,0,1,,2,,,,1,3,3,1,2,,,,,,,,,,,," ",323601703,,
3,31,136,2,18,3,55.98943,"02",60,2,,,,,,,,,0,,0,,0,,1,1,1,1,1,1,2,3,1,0,2,,,2,2,,1,3,1,1,4,,,,,,,,,,,," ",323601803,,
3,31,136,2,19,3,55.98943,"02",180,2,,,,,,,,,0,,0,,0,,2,2,2,3,2,3,5,888,1,0,1,,2,,,,1,3,1,0,1,,,,,,,,,,,," ",323601903,,
3,31,137,1,1,1,185.2749,"02",180,1,1,,,,,,,,0,,0,,0,,4,2,2,2,5,2,5,1,1,1,1,,2,,,,1,6,2,1,2,,,,,,,,,,,," ",323700103,,
3,31,137,1,2,1,185.2749,"02",180,1,1,,,,,,,,0,,1,4,0,,888,2,888,888,888,888,888,888,1,0,1,,4,,,,1,6,1,1,2,,,,,,,,,,,," ",323700203,,
3,31,137,1,3,1,185.2749,"02",180,1,1,5,5,3,3,3,5,5,0,,0,,0,,1,1,2,2,5,2,2,1,1,1,1,,4,,,,1,6,3,1,2,,,,,,,,,,,," ",323700303,,
3,31,137,1,4,1,185.2749,"01",180,1,2,,,,,,,,0,,0,,0,,1,888,2,888,2,2,2,888,0,,,,,,,,,,,,2,,,,,,,,,,,," ",323700403,,
3,31,137,1,5,1,185.2749,"01",180,1,2,,,,,,,,0,,0,,0,,888,2,888,888,2,888,2,888,0,,,,,,,,,,,,2,,,,,,,,,,,," ",323700503,,
3,31,137,1,6,1,185.2749,"02",240,1,2,3,3,3,5,3,5,5,0,,0,,0,,2,2,1,888,2,2,2,2,0,,,,,,,,,,,,2,,,,,,,,,,,," ",323700603,,
3,31,137,1,7,1,185.2749,"02",60,1,2,,,,,,,,1,0,1,0,1,0,4,2,2,2,2,2,2,2,0,,,,,,,,,,,,1,,,,,,,,,,,," ",323700703,,
3,31,137,1,8,1,185.2749,"06",425,1,2,5,5,5,5,5,5,5,0,,1,1,0,,2,2,2,4,2,2,888,1,0,,,,,,,,,,,,4,,,,,,,,,,,," ",323700803,,
3,31,137,1,9,1,185.2749,"02",120,1,1,,,,,,,,1,0,1,0,1,0,5,2,2,2,2,2,2,2,0,,,,,,,,,,,,1,,,,,,,,,,,," ",323700903,,
3,31,137,1,10,1,185.2749,"05",400,1,2,5,5,5,5,5,5,5,0,,1,3,0,,1,2,2,5,2,2,4,1,0,,,,,,,,,,,,4,,,,,,,,,,,," ",323701003,,
3,31,137,1,11,1,185.2749,"01",190,1,2,,,,,,,,0,,1,3,0,,888,2,888,5,2,888,3,888,0,,,,,,,,,,,,1,,,,,,,,,,,," ",323701103,,
3,31,137,1,12,1,185.2749,"01",93,1,2,,,,,,,,0,,1,3,0,,2,2,2,2,2,3,3,2,0,,,,,,,,,,,,1,,,,,,,,,,,," ",323701203,,
3,31,137,1,13,1,185.2749,"02",150,1,2,,,,,,,,1,0,1,0,1,0,2,2,2,4,2,2,2,888,1,1,1,,3,,,,1,5,2,0,2,,,,,,,,,,,," ",323701303,,
3,31,137,1,14,1,185.2749,"01",180,1,2,,,,,,,,1,0,1,0,1,0,2,2,4,4,2,2,2,888,1,1,1,,2,,,,1,4,2,0,2,,,,,,,,,,,," ",323701403,,
3,31,137,1,15,1,185.2749,"02",120,1,2,,,,,,,,1,0,1,0,1,0,2,2,2,4,2,2,2,888,1,0,1,,2,,,,1,4,2,0,2,,,,,,,,,,,," ",323701503,,
3,31,137,1,16,1,185.2749,"02",240,1,2,5,5,5,5,5,5,5,0,,1,3,0,,4,1,1,5,3,5,5,2,1,1,1,,3,,,,1,6,2,1,4,,,,,,,,,,,," ",323701603,,
3,31,137,1,17,1,185.2749,"03",120,1,1,,,,,,,,0,,0,,0,,4,1,1,5,2,4,5,1,0,,,,,,,,,,,,4,,,,,,,,,,,," ",323701703,,
3,31,137,1,18,1,185.2749,"02",240,1,2,,,,,,,,0,,1,3,0,,2,2,2,4,2,5,5,2,1,1,1,,2,,,,1,6,2,0,6,,,,,,,,,,,," ",323701803,,
3,31,138,2,1,3,67.64816,"01",155,1,,,,,,,,,0,,1,3,0,,3,2,3,2,2,3,2,3,1,0,2,,,3,2,,1,3,1,0,1,,,,,,,,,,,," ",323800103,,
3,31,138,2,2,3,67.64816,"01",150,2,,,,,,,,,1,0,1,0,1,0,2,2,888,888,2,888,2,888,1,0,1,,2,,,,1,4,1,0,2,,,,,,,,,,,," ",323800203,,
3,31,138,2,3,3,67.64816,"01",150,2,,,,,,,,,0,,1,4,0,,2,1,888,3,2,888,5,888,1,0,1,,4,,,,1,4,1,1,2,,,,,,,,,,,," ",323800303,,
3,31,138,2,4,3,67.64816,"02",180,2,,,,,,,,,0,,1,4,0,,2,5,888,5,2,888,5,888,1,0,1,,3,,,,1,6,1,1,2,,,,,,,,,,,," ",323800403,,
3,31,138,2,5,3,67.64816,"01",185,2,,,,,,,,,1,0,1,3,0,,3,2,3,2,2,3,2,3,0,,,,,,,,,,,,1,,,,,,,,,,,," ",323800503,,
3,31,138,2,6,3,67.64816,"02",120,2,,,,,,,,,1,0,1,0,1,0,2,2,888,3,2,888,2,888,1,0,1,,2,,,,1,3,1,0,2,,,,,,,,,,,," ",323800603,,
3,31,138,2,7,3,67.64816,"01",130,2,,,,,,,,,0,,1,4,0,,888,2,888,3,888,888,888,3,0,,,,,,,,,,,,2,,,,,,,,,,,," ",323800703,,
3,31,138,2,9,3,67.64816,"02",120,2,,,,,,,,,0,,1,1,0,,4,2,2,3,2,5,5,3,0,,,,,,,,,,,,2,,,,,,,,,,,," ",323800903,,
3,31,138,2,10,3,67.64816,"01",125,2,,,,,,,,,0,,1,3,0,,3,2,3,2,2,3,2,3,1,0,2,,,3,2,,1,3,2,0,1,,,,,,,,,,,," ",323801003,,
3,31,138,2,11,3,67.64816,"02",120,2,,,,,,,,,1,1,1,1,1,0,2,2,888,888,2,888,2,888,1,0,1,,2,,,,1,4,2,0,2,,,,,,,,,,,," ",323801103,,
3,31,138,2,12,3,67.64816,"01",120,2,,,,,,,,,1,0,1,0,1,0,2,2,888,888,2,888,2,888,1,0,1,,2,,,,1,3,1,0,2,,,,,,,,,,,," ",323801203,,
3,31,138,2,13,3,67.64816,"02",182,2,,,,,,,,,0,,1,3,0,,3,2,3,2,2,3,2,3,1,0,2,,,5,3,,1,3,1,0,2,,,,,,,,,,,," ",323801303,,
3,31,138,2,14,3,67.64816,"02",180,2,,,,,,,,,1,0,1,1,1,0,2,2,888,4,2,888,2,888,1,0,1,,2,,,,1,4,1,0,2,,,,,,,,,,,," ",323801403,,
3,31,138,2,15,3,67.64816,"02",120,1,,,,,,,,,1,0,1,0,1,0,2,2,4,888,2,888,2,888,1,0,1,,4,,,,1,3,1,0,2,,,,,,,,,,,," ",323801503,,
3,31,138,2,16,3,67.64816,"02",170,2,,,,,,,,,0,,0,,0,,888,3,888,888,2,888,4,888,0,,,,,,,,,,,,2,,,,,,,,,,,," ",323801603,,
3,31,138,2,17,3,67.64816,"01",155,2,,,,,,,,,1,0,1,3,0,,3,2,3,2,2,3,2,3,1,0,2,,,3,2,,1,3,1,1,1,,,,,,,,,,,," ",323801703,,
3,31,138,2,18,3,67.64816,"02",185,2,,,,,,,,,0,,1,3,0,,3,2,3,2,2,3,3,3,1,1,2,,,3,2,,1,2,1,0,1,,,,,,,,,,,," ",323801803,,
3,31,138,2,19,3,67.64816,"02",120,2,,,,,,,,,0,,1,4,0,,888,1,888,3,2,888,5,888,0,,,,,,,,,,,,2,,,,,,,,,,,," ",323801903,,
3,31,139,2,1,3,24.5736306818182,"01",60,2,,,,,,,,,0,,0,,0,,3,2,3,3,2,3,2,3,0,,,,,,,,,,,,1,,,,,,,,,,,," ",323900103,,
3,31,139,2,2,3,24.5736306818182,"02",120,2,,,,,,,,,0,,0,,0,,3,2,3,3,2,3,1,3,0,,,,,,,,,,,,1,,,,,,,,,,,," ",323900203,,
3,31,139,2,3,3,24.5736306818182,"02",120,2,,,,,,,,,1,888,1,0,0,,3,2,3,3,2,3,2,3,0,,,,,,,,,,,,1,,,,,,,,,,,," ",323900303,,
3,31,139,2,4,3,24.5736306818182,"01",60,1,,,,,,,,,0,,0,,0,,3,2,3,3,2,3,2,3,1,0,1,,4,,,,1,4,1,1,1,,,,,,,,,,,," ",323900403,,
3,31,139,2,5,3,24.5736306818182,"01",120,2,,,,,,,,,1,0,1,0,1,0,3,3,3,2,2,3,2,3,0,,,,,,,,,,,,1,,,,,,,,,,,," ",323900503,,
3,31,139,2,6,3,24.5736306818182,"01",120,2,,,,,,,,,1,888,0,,0,,3,2,3,3,2,3,2,3,1,0,1,,2,,,,1,4,0,1,1,,,,,,,,,,,," ",323900603,,
3,31,139,2,7,3,24.5736306818182,"01",120,2,,,,,,,,,0,,1,4,0,,888,2,888,888,888,888,888,888,1,0,1,,2,,,,1,3,1,1,1,,,,,,,,,,,," ",323900703,,
3,31,139,2,8,3,24.5736306818182,"02",120,1,,,,,,,,,1,0,1,4,0,,888,888,888,888,888,888,2,888,1,0,1,,3,,,,1,3,2,1,1,,,,,,,,,,,," ",323900803,,
3,31,139,2,9,3,24.5736306818182,"06",60,2,,,,,,,,,1,0,1,4,0,,888,888,888,888,888,888,4,888,1,0,1,,3,,,,1,5,1,1,1,,,,,,,,,,,," ",323900903,,
3,31,139,2,10,3,24.5736306818182,"03",180,2,,,,,,,,,0,,1,4,0,,888,888,888,888,888,888,888,888,1,0,1,,3,,,,1,4,1,1,1,,,,,,,,,,,," ",323901003,,
3,31,139,2,11,3,24.5736306818182,"02",120,2,,,,,,,,,0,,1,4,0,,888,888,888,888,888,888,888,888,1,0,1,,2,,,,1,4,1,1,1,,,,,,,,,,,," ",323901103,,
3,31,139,2,12,3,24.5736306818182,"02",240,2,,,,,,,,,1,0,1,4,0,,888,888,888,888,888,888,888,888,1,0,1,,3,,,,1,4,1,1,1,,,,,,,,,,,," ",323901203,,
3,31,139,2,13,3,24.5736306818182,"02",120,2,,1,1,1,1,1,1,1,1,2,1,0,1,0,4,888,888,5,888,4,4,4,1,0,2,,,3,2,,1,3,0,1,555,6,,,,,,,,,,," ",323901303,,
3,31,139,2,14,3,288.3306,"02",120,2,,,,,,,,,1,0,1,888,1,0,4,888,888,888,2,2,2,2,1,0,2,,,2,2,,4,2,0,1,555,6,,,,,,,,,,," ",323901403,,
3,31,139,2,15,3,288.3306,"02",120,2,,,,,,,,,1,0,1,0,1,0,5,888,2,5,888,2,3,888,1,0,1,,4,,,,1,3,0,1,555,10,,,,,,,,,,," ",323901503,,
3,31,139,2,16,3,24.5736306818182,"02",120,2,,,,,,,,,1,0,1,4,1,0,2,2,2,2,2,2,2,2,1,0,2,,,3,2,,1,3,0,1,555,6,,,,,,,,,,," ",323901603,,
3,31,139,2,17,3,24.5736306818182,"02",120,1,,,,,,,,,1,0,1,0,1,0,4,2,2,2,2,888,888,2,0,,,,,,,,,,,,555,6,,,,,,,,,,," ",323901703,,
3,31,139,2,18,3,24.5736306818182,"01",180,1,,,,,,,,,0,,1,2,1,0,2,888,888,888,888,888,888,2,1,0,2,,,2,2,,1,3,0,1,555,15,,,,,,,,,,," ",323901803,,
3,31,140,2,1,3,84.8561658385093,"02",120,2,,,,,,,,,0,,1,3,0,,3,2,3,2,2,3,2,3,1,0,2,,,3,2,,1,3,0,1,1,,,,,,,,,,,," ",324000103,,
3,31,140,2,2,3,84.8561658385093,"02",120,1,,,,,,,,,1,1,1,2,1,0,2,2,2,2,2,3,2,2,1,0,1,,2,,,,1,5,2,0,2,,,,,,,,,,,," ",324000203,,
3,31,140,2,3,3,74.1484,"02",120,2,,,,,,,,,0,,0,,0,,2,2,888,888,2,3,5,888,1,0,1,,3,,,,1,5,2,1,2,,,,,,,,,,,," ",324000303,,
3,31,140,2,4,3,84.8561658385093,"01",60,2,,,,,,,,,0,,1,888,0,,3,2,2,2,2,3,2,3,1,0,1,,3,,,,1,5,0,0,2,,,,,,,,,,,," ",324000403,,
3,31,140,2,5,3,74.1484,"01",120,2,,,,,,,,,1,0,1,0,1,0,2,2,2,2,2,2,1,888,1,0,1,,2,,,,1,5,2,0,2,,,,,,,,,,,," ",324000503,,
3,31,140,2,6,3,74.1484,"02",180,2,,,,,,,,,1,0,1,0,1,0,2,2,2,2,2,2,2,2,1,0,1,,2,,,,1,5,2,0,2,,,,,,,,,,,," ",324000603,,
3,31,140,2,7,3,84.8561658385093,"01",150,2,,,,,,,,,0,,1,3,0,,3,2,2,2,2,3,2,3,1,0,1,,2,,,,1,5,1,0,1,,,,,,,,,,,," ",324000703,,
3,31,140,2,8,3,74.1484,"01",120,2,,,,,,,,,1,0,1,0,1,0,2,2,2,2,2,2,2,2,1,0,1,,2,,,,1,3,2,1,2,,,,,,,,,,,," ",324000803,,
3,31,140,2,9,3,74.1484,"02",60,2,,,,,,,,,0,,1,3,0,,3,2,888,888,3,888,5,3,0,,,,,,,,,,,,2,,,,,,,,,,,," ",324000903,,
3,31,140,2,10,3,74.1484,"02",60,2,,,,,,,,,0,,1,3,0,,2,2,3,2,2,3,2,3,1,0,2,,,4,3,,1,5,1,1,1,,,,,,,,,,,," ",324001003,,
3,31,140,2,11,3,74.1484,"02",120,2,,,,,,,,,0,,0,,0,,888,2,888,888,2,888,5,888,0,,,,,,,,,,,,5,,,,,,,,,,,," ",324001103,,
3,31,140,2,12,3,74.1484,"01",90,1,,,,,,,,,0,,1,1,0,,888,2,888,888,3,888,4,888,1,0,1,,2,,,,1,5,1,1,2,,,,,,,,,,,," ",324001203,,
3,31,140,2,13,3,84.8561658385093,"02",120,1,,,,,,,,,0,,1,3,0,,3,2,3,3,2,3,2,3,1,0,1,,3,,,,1,5,2,0,1,,,,,,,,,,,," ",324001303,,
3,31,140,2,14,3,84.8561658385093,"02",120,1,,,,,,,,,0,,0,,0,,2,2,3,888,2,888,5,888,0,,,,,,,,,,,,4,,,,,,,,,,,," ",324001403,,
3,31,140,2,15,3,84.8561658385093,"02",120,2,,,,,,,,,1,0,1,2,1,0,2,2,2,2,2,3,2,3,1,0,1,,2,,,,1,4,1,1,2,,,,,,,,,,,," ",324001503,,
3,31,140,2,16,3,74.1484,"01",120,1,,,,,,,,,1,1,1,4,1,0,1,1,888,888,2,2,5,888,0,,,,,,,,,,,,4,,,,,,,,,,,," ",324001603,,
3,31,140,2,17,3,74.1484,"02",120,2,,,,,,,,,1,0,1,1,1,0,2,2,2,2,2,2,2,2,1,1,1,,2,,,,1,4,1,0,2,,,,,,,,,,,," ",324001703,,
3,31,140,2,18,3,74.1484,"01",60,2,,,,,,,,,1,0,1,3,0,,3,2,3,2,2,3,2,3,0,,,,,,,,,,,,1,,,,,,,,,,,," ",324001803,,
3,31,141,2,1,3,65.05402,"02",180,2,,,,,,,,,1,0,1,1,1,0,2,2,888,888,2,2,2,4,1,0,1,,2,,,,1,4,1,0,2,,,,,,,,,,,," ",324100103,,
3,31,141,2,2,3,65.05402,"02",180,2,,,,,,,,,1,0,1,1,1,0,2,2,2,2,2,2,2,888,1,0,1,,2,,,,1,3,2,0,2,,,,,,,,,,,," ",324100203,,
3,31,141,2,3,3,65.05402,"01",160,2,,,,,,,,,1,0,1,1,1,0,2,2,2,2,2,2,2,4,1,0,1,,2,,,,1,3,2,0,2,,,,,,,,,,,," ",324100303,,
3,31,141,2,4,3,65.05402,"02",120,2,,,,,,,,,1,0,1,1,1,0,2,2,2,2,2,2,2,888,0,,,,,,,,,,,,2,,,,,,,,,,,," ",324100403,,
3,31,141,2,5,3,65.05402,"02",160,1,,,,,,,,,1,0,1,0,1,0,2,2,2,2,2,2,2,4,1,0,1,,2,,,,1,3,2,0,2,,,,,,,,,,,," ",324100503,,
3,31,141,2,6,3,65.05402,"02",120,2,,,,,,,,,1,0,1,0,1,0,2,2,2,888,2,2,2,4,1,0,1,,2,,,,1,3,1,0,2,,,,,,,,,,,," ",324100603,,
3,31,141,2,8,3,65.05402,"02",132,1,,,,,,,,,1,0,1,2,0,,3,2,3,3,2,3,2,3,1,0,1,,2,,,,1,3,1,0,1,,,,,,,,,,,," ",324100803,,
3,31,141,2,9,3,65.05402,"01",62,1,,,,,,,,,1,0,1,3,0,,3,2,3,2,2,3,2,3,0,,,,,,,,,,,,1,,,,,,,,,,,," ",324100903,,
3,31,141,2,10,3,65.05402,"01",135,2,,,,,,,,,1,0,1,3,0,,3,2,3,2,2,3,2,3,1,0,1,,2,,,,1,3,1,0,1,,,,,,,,,,,," ",324101003,,
3,31,141,2,11,3,65.05402,"01",300,2,,,,,,,,,0,,1,3,0,,3,2,3,2,2,3,3,3,0,,,,,,,,,,,,1,,,,,,,,,,,," ",324101103,,
3,31,141,2,12,3,65.05402,"01",135,2,,,,,,,,,1,0,1,3,0,,3,2,2,2,2,3,2,3,0,,,,,,,,,,,,1,,,,,,,,,,,," ",324101203,,
3,31,141,2,13,3,65.05402,"02",90,1,,,,,,,,,0,,1,3,0,,3,2,888,888,2,3,5,888,0,,,,,,,,,,,,2,,,,,,,,,,,," ",324101303,,
3,31,141,2,14,3,65.05402,"02",150,1,,,,,,,,,0,,1,3,0,,4,2,2,888,2,3,5,888,0,,,,,,,,,,,,1,,,,,,,,,,,," ",324101403,,
3,31,141,2,15,3,65.05402,"02",180,1,,,,,,,,,0,,1,4,0,,888,2,888,5,2,888,5,888,0,,,,,,,,,,,,1,,,,,,,,,,,," ",324101503,,
3,31,141,2,16,3,65.05402,"02",180,1,,,,,,,,,0,,1,2,0,,3,2,888,888,2,3,4,888,0,,,,,,,,,,,,2,,,,,,,,,,,," ",324101603,,
3,31,141,2,17,3,65.05402,"01",100,1,,,,,,,,,0,,0,,0,,888,2,888,888,2,888,5,888,0,,,,,,,,,,,,2,,,,,,,,,,,," ",324101703,,
3,31,141,2,18,3,65.05402,"02",150,1,,,,,,,,,0,,0,,0,,888,1,888,5,2,888,5,888,0,,,,,,,,,,,,4,,,,,,,,,,,," ",324101803,,
3,31,141,2,19,3,65.05402,"01",70,2,,,,,,,,,1,0,1,3,0,,3,2,3,2,2,3,3,3,0,,,,,,,,,,,,2,,,,,,,,,,,," ",324101903,,
3,31,142,2,1,3,75.33537,"01",120,2,,,,,,,,,1,888,1,0,0,,888,2,888,888,2,888,2,888,1,0,1,,4,,,,1,6,0,1,2,,,,,,,,,,,," ",324200103,,
3,31,142,2,2,3,75.33537,"02",90,2,,,,,,,,,1,0,1,0,1,0,4,2,2,2,2,2,2,2,0,,,,,,,,,,,,2,,,,,,,,,,,," ",324200203,,
3,31,142,2,3,3,56.9154581043956,"01",120,2,,,,,,,,,1,0,1,0,0,,888,2,2,888,2,888,2,888,0,,,,,,,,,,,,2,,,,,,,,,,,," ",324200303,,
3,31,142,2,4,3,56.9154581043956,"03",240,2,,,,,,,,,0,,1,4,0,,888,888,888,888,888,888,888,888,1,0,1,,2,,,,1,5,2,1,2,,,,,,,,,,,," ",324200403,,
3,31,142,2,5,3,56.9154581043956,"01",120,2,,,,,,,,,1,0,1,0,1,0,888,4,4,4,888,888,2,2,1,0,1,,2,,,,4,3,1,1,555,6,,,,,,,,,,," ",324200503,,
3,31,142,2,6,3,56.9154581043956,"02",60,2,,,,,,,,,0,,1,4,0,,888,888,888,888,888,888,888,888,1,0,4,4,,,,,1,3,2,0,2,,,,,,,,,,,," ",324200603,,
3,31,142,2,7,3,56.9154581043956,"01",60,2,,,,,,,,,0,,1,4,0,,888,888,888,888,888,888,5,2,1,0,1,,2,,,,1,5,1,1,555,15,,,,,,,,,,," ",324200703,,
3,31,142,2,8,3,75.33537,"01",90,1,,,,,,,,,0,,1,4,0,,888,888,888,888,888,888,888,888,1,1,1,,3,,,,1,6,1,1,2,,,,,,,,,,,," ",324200803,,
3,31,142,2,9,3,75.33537,"02",120,1,,2,2,2,2,2,2,2,1,0,1,0,1,0,4,2,2,2,2,2,2,2,1,1,2,,,4,3,,1,3,1,1,5,,,,,,,,,,,," ",324200903,,
3,31,142,2,10,3,75.33537,"01",120,2,,,,,,,,,1,0,1,0,0,,888,2,888,2,2,888,2,888,1,0,1,,2,,,,1,4,0,1,2,,,,,,,,,,,," ",324201003,,
3,31,142,2,11,3,75.33537,"02",120,2,,,,,,,,,1,0,1,0,1,0,888,2,2,2,2,2,2,2,0,,,,,,,,,,,,2,,,,,,,,,,,," ",324201103,,
3,31,142,2,12,3,75.33537,"02",180,2,,,,,,,,,1,888,1,0,0,,888,2,888,888,2,888,2,888,0,,,,,,,,,,,,2,,,,,,,,,,,," ",324201203,,
3,31,142,2,13,3,75.33537,"02",120,1,,,,,,,,,1,0,1,0,1,0,4,2,2,2,2,2,2,2,0,,,,,,,,,,,,4,,,,,,,,,,,," ",324201303,,
3,31,142,2,14,3,56.9154581043956,"02",180,2,,,,,,,,,1,888,1,0,0,,888,2,888,888,2,888,2,888,1,0,1,,2,,,,1,4,1,1,2,,,,,,,,,,,," ",324201403,,
3,31,142,2,15,3,75.33537,"02",180,2,,,,,,,,,1,0,1,0,0,,888,2,888,888,2,888,2,888,1,0,1,,2,,,,1,4,0,1,2,,,,,,,,,,,," ",324201503,,
3,31,142,2,16,3,56.9154581043956,"02",240,2,,,,,,,,,1,1,1,4,0,,5,2,2,2,5,2,5,2,1,0,1,,3,,,,1,3,2,1,555,6,,,,,,,,,,," ",324201603,,
3,31,142,2,17,3,75.33537,"02",120,1,,,,,,,,,0,,1,4,0,,5,2,2,2,5,1,4,1,1,1,2,,,4,2,,1,5,2,1,555,16,,,,,,,,,,," ",324201703,,
3,31,142,2,18,3,75.33537,"02",180,1,,,,,,,,,1,0,1,0,1,0,888,2,2,2,2,2,2,2,0,,,,,,,,,,,,1,,,,,,,,,,,," ",324201803,,
3,31,143,2,1,1,544.3873,"02",180,2,,,,,,,,,0,,1,3,0,,2,1,2,5,2,5,5,2,0,,,,,,,,,,,,2,,,,,,,,,,,," ",324300103,,
3,31,143,2,2,1,544.3873,"01",150,2,,,,,,,,,0,,1,4,0,,3,1,888,3,2,3,4,3,1,1,1,,2,,,,1,5,2,1,2,,,,,,,,,,,," ",324300203,,
3,31,143,2,3,1,2033.97452747253,"02",120,2,,,,,,,,,0,,1,4,0,,3,2,2,888,2,3,5,888,0,,,,,,,,,,,,1,,,,,,,,,,,," ",324300303,,
3,31,143,2,4,1,2033.97452747253,"02",150,2,,,,,,,,,0,,1,4,0,,3,1,3,888,2,888,5,888,0,,,,,,,,,,,,2,,,,,,,,,,,," ",324300403,,
3,31,143,2,5,1,544.3873,"02",150,2,,,,,,,,,0,,1,4,0,,3,1,888,3,2,888,5,888,0,,,,,,,,,,,,2,,,,,,,,,,,," ",324300503,,
3,31,143,2,6,1,544.3873,"02",120,2,,,,,,,,,0,,1,4,0,,1,2,2,5,2,5,5,5,0,,,,,,,,,,,,2,,,,,,,,,,,," ",324300603,,
3,31,143,2,7,1,2033.97452747253,"02",125,2,,,,,,,,,1,0,1,3,0,,888,2,888,2,2,888,3,888,1,0,2,,,4,3,,1,4,0,0,1,,,,,,,,,,,," ",324300703,,
3,31,143,2,8,1,2033.97452747253,"02",270,2,,,,,,,,,1,0,1,3,0,,888,2,888,5,2,888,3,888,1,0,1,,3,,,,1,4,1,0,1,,,,,,,,,,,," ",324300803,,
3,31,143,2,9,1,2033.97452747253,"01",185,2,,,,,,,,,0,,1,3,0,,888,2,888,2,2,888,3,888,0,,,,,,,,,,,,1,,,,,,,,,,,," ",324300903,,
3,31,143,2,10,1,2033.97452747253,"03",245,2,,,,,,,,,0,,1,3,0,,888,2,888,2,2,888,3,888,1,0,1,,3,,,,1,3,0,0,1,,,,,,,,,,,," ",324301003,,
3,31,143,2,11,1,2033.97452747253,"02",142,2,,,,,,,,,0,,1,3,0,,888,2,888,3,2,888,3,888,0,,,,,,,,,,,,1,,,,,,,,,,,," ",324301103,,
3,31,143,2,12,1,2033.97452747253,"02",130,2,,,,,,,,,0,,1,3,0,,888,2,888,3,2,888,3,888,1,0,1,,2,,,,1,3,0,0,1,,,,,,,,,,,," ",324301203,,
3,31,143,2,13,1,544.3873,"02",120,1,,,,,,,,,1,0,1,1,1,0,2,888,888,888,888,888,888,888,1,0,1,,2,,,,1,4,2,0,2,,,,,,,,,,,," ",324301303,,
3,31,143,2,14,1,2033.97452747253,"01",180,2,,,,,,,,,1,0,1,1,1,0,2,2,888,4,2,888,2,888,1,0,1,,2,,,,1,3,1,0,2,,,,,,,,,,,," ",324301403,,
3,31,143,2,15,1,2033.97452747253,"02",120,2,,,,,,,,,1,0,1,0,1,0,2,888,888,888,888,888,888,888,1,0,1,,2,,,,1,5,2,1,2,,,,,,,,,,,," ",324301503,,
3,31,143,2,16,1,2033.97452747253,"01",150,2,,,,,,,,,1,0,1,1,1,0,2,2,888,3,888,888,888,888,1,0,1,,2,,,,1,4,1,0,2,,,,,,,,,,,," ",324301603,,
3,31,143,2,17,1,2033.97452747253,"02",120,2,,,,,,,,,1,0,1,0,1,0,2,2,888,888,888,888,888,888,1,0,1,,2,,,,1,4,2,0,2,,,,,,,,,,,," ",324301703,,
3,31,143,2,18,1,2033.97452747253,"02",120,2,,,,,,,,,1,0,1,0,1,0,1,2,888,4,2,888,2,888,1,0,1,,2,,,,1,4,2,0,2,,,,,,,,,,,," ",324301803,,
3,31,144,2,1,3,68.90636,"02",90,1,,,,,,,,,0,,1,4,0,,4,2,888,2,4,2,4,2,1,0,1,,2,,,,1,3,2,1,555,6,,,,,,,,,,," ",324400103,,
3,31,144,2,2,3,85.5889524210526,"01",60,2,,,,,,,,,0,,0,,0,,888,888,888,888,888,888,888,888,1,0,1,,2,,,,1,3,1,1,555,3,,,,,,,,,,," ",324400203,,
3,31,144,2,3,3,68.90636,"02",180,1,,3,3,3,3,3,3,3,1,0,1,1,0,,3,2,3,2,1,3,1,3,1,1,1,,4,,,,1,6,2,1,2,,,,,,,,,,,," ",324400303,,
3,31,144,2,4,3,85.5889524210526,"01",180,2,,,,,,,,,1,0,1,0,1,0,888,888,888,888,888,888,888,888,1,0,2,,,4,2,,1,3,1,1,555,10,,,,,,,,,,," ",324400403,,
3,31,144,2,5,3,68.90636,"01",340,1,,,,,,,,,0,,0,,0,,4,888,2,2,4,2,5,2,1,0,2,,,6,3,,1,4,2,1,2,,,,,,,,,,,," ",324400503,,
3,31,144,2,6,3,68.90636,"02",180,2,,,,,,,,,1,888,0,,0,,888,2,888,888,2,888,2,888,0,,,,,,,,,,,,2,,,,,,,,,,,," ",324400603,,
3,31,144,2,7,3,85.5889524210526,"02",60,1,,,,,,,,,1,2,1,0,1,0,4,2,2,2,2,2,2,2,0,,,,,,,,,,,,555,6,,,,,,,,,,," ",324400703,,
3,31,144,2,8,3,85.5889524210526,"02",120,2,,,,,,,,,1,888,1,0,0,,3,2,3,3,2,3,2,3,1,0,1,,2,,,,1,4,1,1,2,,,,,,,,,,,," ",324400803,,
3,31,144,2,9,3,85.5889524210526,"02",180,2,,1,1,1,3,1,3,3,1,0,1,0,0,,3,2,3,2,2,3,1,3,0,,,,,,,,,,,,2,,,,,,,,,,,," ",324400903,,
3,31,144,2,10,3,68.90636,"02",120,1,,,,,,,,,0,,0,,0,,888,888,888,888,888,888,888,888,1,1,1,,3,,,,1,4,1,1,555,1,,,,,,,,,,," ",324401003,,
3,31,144,2,11,3,68.90636,"02",120,2,,,,,,,,,1,0,1,0,1,0,888,2,2,2,2,2,2,2,1,0,2,,,4,2,,1,3,1,1,555,6,,,,,,,,,,," ",324401103,,
3,31,144,2,12,3,68.90636,"01",180,2,,,,,,,,,1,4,1,0,1,0,2,2,2,2,2,2,2,2,1,1,2,,,4,2,,1,3,1,1,555,6,,,,,,,,,,," ",324401203,,
3,31,144,2,13,3,85.5889524210526,"02",180,2,,,,,,,,,1,0,1,4,0,,888,888,888,888,888,888,888,888,1,0,1,,2,,,,1,2,1,1,555,6,,,,,,,,,,," ",324401303,,
3,31,144,2,14,3,68.90636,"02",180,2,,,,,,,,,1,4,1,4,1,0,2,2,2,2,2,2,2,2,1,1,2,,,3,2,,1,3,1,1,555,6,,,,,,,,,,," ",324401403,,
3,31,144,2,15,3,68.90636,"02",180,2,,,,,,,,,0,,1,0,0,,3,2,3,3,1,3,4,3,1,0,1,,2,,,,1,4,0,1,2,,,,,,,,,,,," ",324401503,,
3,31,144,2,16,3,85.5889524210526,"04",120,2,,1,1,1,1,1,1,1,1,4,1,0,1,0,888,2,2,2,3,3,888,2,1,0,4,2,,,,,4,2,0,1,555,6,,,,,,,,,,," ",324401603,,
3,31,144,2,17,3,85.5889524210526,"01",120,2,,,,,,,,,1,888,1,0,0,,3,2,3,3,2,3,1,3,1,0,1,,2,,,,1,4,1,1,2,,,,,,,,,,,," ",324401703,,
3,31,144,2,18,3,85.5889524210526,"02",120,2,,,,,,,,,1,888,0,,0,,3,2,3,2,2,3,1,3,1,0,1,,2,,,,1,4,0,1,2,,,,,,,,,,,," ",324401803,,
3,31,145,2,1,1,1774.622,"02",180,2,,,,,,,,,1,0,1,0,1,0,2,2,888,4,2,888,2,888,1,0,1,,2,,,,1,4,2,0,2,,,,,,,,,,,," ",324500103,,
3,31,145,2,2,1,1774.622,"02",120,2,,,,,,,,,1,0,1,0,1,0,2,2,2,4,2,2,2,888,1,0,1,,3,,,,1,5,2,0,2,,,,,,,,,,,," ",324500203,,
3,31,145,2,3,1,1774.622,"02",160,2,,,,,,,,,1,0,1,0,1,0,2,2,888,4,2,888,2,888,1,0,1,,2,,,,1,3,2,0,2,,,,,,,,,,,," ",324500303,,
3,31,145,2,4,1,697.684052419355,"01",125,2,,,,,,,,,1,0,1,3,0,,888,2,888,2,2,888,3,888,0,,,,,,,,,,,,1,,,,,,,,,,,," ",324500403,,
3,31,145,2,5,1,1774.622,"02",245,2,,,,,,,,,0,,1,3,0,,888,2,888,5,2,888,2,3,1,0,2,,,3,2,,1,4,2,0,1,,,,,,,,,,,," ",324500503,,
3,31,145,2,6,1,697.684052419355,"02",112,2,,,,,,,,,1,0,1,3,0,,888,2,888,2,888,888,3,888,0,,,,,,,,,,,,1,,,,,,,,,,,," ",324500603,,
3,31,145,2,7,1,1774.622,"01",150,2,,,,,,,,,0,,1,4,0,,888,2,3,888,2,3,888,3,1,1,1,,3,,,,1,6,2,0,2,,,,,,,,,,,," ",324500703,,
3,31,145,2,8,1,697.684052419355,"02",240,2,,,,,,,,,0,,1,2,0,,3,2,3,888,2,3,4,888,1,0,1,,2,,,,1,5,1,1,2,,,,,,,,,,,," ",324500803,,
3,31,145,2,9,1,1774.622,"01",120,2,,,,,,,,,0,,1,3,0,,2,2,3,888,1,888,5,3,0,,,,,,,,,,,,2,,,,,,,,,,,," ",324500903,,
3,31,145,2,10,1,1774.622,"02",120,2,,,,,,,,,1,0,1,0,1,0,4,2,2,4,2,2,2,2,1,1,2,,,3,2,,4,3,1,0,5,,,,,,,,,,,," ",324501003,,
3,31,145,2,11,1,697.684052419355,"01",120,2,,3,3,3,3,3,3,3,1,0,1,0,1,0,4,2,2,2,2,2,2,2,1,0,4,5,,,,,4,3,1,1,5,,,,,,,,,,,," ",324501103,,
3,31,145,2,12,1,1774.622,"02",120,2,,,,,,,,,0,,0,,1,0,4,2,2,2,2,2,2,2,1,0,1,,3,,,,1,3,1,1,2,,,,,,,,,,,," ",324501203,,
3,31,145,2,13,1,697.684052419355,"02",180,2,,,,,,,,,1,0,1,0,0,,888,2,888,888,2,888,2,888,1,0,1,,4,,,,1,6,1,1,2,,,,,,,,,,,," ",324501303,,
3,31,145,2,14,1,1774.622,"02",180,2,,,,,,,,,1,0,1,0,0,,888,2,888,2,2,888,2,888,1,0,1,,2,,,,1,4,1,1,2,,,,,,,,,,,," ",324501403,,
3,31,145,2,15,1,697.684052419355,"01",180,2,,,,,,,,,1,888,1,0,0,,888,2,888,888,2,888,2,888,1,0,1,,2,,,,1,4,1,1,2,,,,,,,,,,,," ",324501503,,
3,31,145,2,16,1,697.684052419355,"02",120,2,,,,,,,,,1,0,1,0,0,,888,2,888,888,2,888,2,888,0,,,,,,,,,,,,2,,,,,,,,,,,," ",324501603,,
3,31,145,2,17,1,1774.622,"01",215,2,,,,,,,,,0,,1,3,0,,888,2,888,2,2,888,3,888,1,0,1,,3,,,,1,4,1,0,1,,,,,,,,,,,," ",324501703,,
3,31,145,2,18,1,697.684052419355,"02",120,2,,,,,,,,,1,0,0,,1,0,888,2,888,888,2,888,1,888,1,1,1,,2,,,,1,4,1,0,2,,,,,,,,,,,," ",324501803,,
3,31,146,1,1,1,19.6108301886792,"01",180,2,2,,,,,,,,1,0,1,0,1,0,1,2,3,2,2,2,2,2,1,0,1,,2,,,,1,4,2,0,1,,,,,,,,,,,," ",324600103,,
3,31,146,1,2,1,19.6108301886792,"01",120,2,2,,,,,,,,1,0,1,0,1,1,2,2,2,2,2,2,2,2,1,0,1,,2,,,,1,4,2,0,2,,,,,,,,,,,," ",324600203,,
3,31,146,1,3,1,19.6108301886792,"01",120,2,2,,,,,,,,1,0,1,0,1,1,2,2,2,2,2,2,2,2,1,0,1,,2,,,,1,5,2,0,2,,,,,,,,,,,," ",324600303,,
3,31,146,1,4,1,19.6108301886792,"01",240,2,2,,,,,,,,0,,1,4,0,,888,1,888,3,888,3,4,888,1,0,1,,4,,,,1,3,2,1,2,,,,,,,,,,,," ",324600403,,
3,31,146,1,5,1,259.8435,"01",60,2,2,,,,,,,,0,,1,4,1,2,888,1,888,3,2,888,5,3,0,,,,,,,,,,,,2,,,,,,,,,,,," ",324600503,,
3,31,146,1,6,1,259.8435,"01",270,1,2,3,3,3,3,2,2,3,1,0,1,1,1,3,2,1,1,4,2,3,4,1,1,1,2,,,5,3,,1,6,2,1,2,,,,,,,,,,,," ",324600603,,
3,31,146,1,7,1,259.8435,"02",120,2,2,,,,,,,,1,0,1,4,1,0,2,1,2,2,3,2,2,2,0,,,,,,,,,,,,555,6,,,,,,,,,,," ",324600703,,
3,31,146,1,8,1,259.8435,"05",120,1,1,3,3,3,3,3,3,3,1,0,1,3,0,,2,2,2,2,2,2,3,1,1,1,1,,5,,,,1,4,1,0,1,,,,,,,,,,,," ",324600803,,
3,31,146,1,9,1,19.6108301886792,"02",120,2,2,,,,,,,,0,,0,,0,,2,888,888,2,2,2,2,3,0,,,,,,,,,,,,555,6,,,,,,,,,,," ",324600903,,
3,31,146,1,10,1,259.8435,"02",300,1,2,,,,,,,,0,,1,3,0,,2,2,2,2,2,3,3,2,1,1,1,,4,,,,1,6,2,0,1,,,,,,,,,,,," ",324601003,,
3,31,146,1,11,1,259.8435,"01",240,1,2,,,,,,,,1,0,1,3,0,,3,2,3,3,2,3,2,3,1,1,1,,5,,,,1,5,1,0,1,,,,,,,,,,,," ",324601103,,
3,31,146,1,12,1,259.8435,"02",120,2,2,3,2,3,2,3,2,2,0,,0,,0,,3,2,3,3,2,3,2,3,1,0,1,,2,,,,1,4,1,1,1,,,,,,,,,,,," ",324601203,,
3,31,146,1,13,1,259.8435,"03",180,1,1,,,,,,,,0,,0,,0,,888,888,888,888,888,2,888,1,0,,,,,,,,,,,,3,,,,,,,,,,,," ",324601303,,
3,31,146,1,14,1,259.8435,"02",120,2,2,,,,,,,,1,0,1,0,1,0,1,2,2,2,2,2,2,2,1,0,2,,,4,2,,1,3,1,1,555,6,,,,,,,,,,," ",324601403,,
3,31,146,1,15,1,259.8435,"02",150,1,2,,,,,,,,0,,1,4,0,,888,888,888,4,888,888,2,888,1,1,1,,2,,,,1,6,0,1,555,9,,,,,,,,,,," ",324601503,,
3,31,146,1,16,1,259.8435,"02",240,1,1,,,,,,,,0,,1,4,0,,888,2,2,2,5,1,5,2,1,1,2,,,4,3,,1,3,2,1,1,,,,,,,,,,,," ",324601603,,
3,31,146,1,17,1,19.6108301886792,"02",120,2,2,1,1,1,2,1,2,2,0,,0,,0,,3,2,3,3,2,3,1,3,0,,,,,,,,,,,,1,,,,,,,,,,,," ",324601703,,
3,31,146,1,18,1,259.8435,"02",120,2,2,3,2,3,2,3,2,2,0,,0,,0,,3,1,3,3,2,3,2,3,1,0,1,,2,,,,1,2,0,1,1,,,,,,,,,,,," ",324601803,,
3,31,147,2,1,3,58.42857,"01",240,2,,,,,,,,,0,,1,4,0,,888,888,888,888,888,888,888,888,1,0,2,,,4,2,,1,5,1,0,555,13,,,,,,,,,,," ",324700103,,
3,31,147,2,2,3,58.42857,"01",360,2,,,,,,,,,0,,1,4,0,,888,888,888,888,888,888,888,888,1,0,1,,2,,,,1,3,2,1,2,,,,,,,,,,,," ",324700203,,
3,31,147,2,3,3,58.42857,"01",240,2,,,,,,,,,0,,1,4,0,,888,888,888,888,888,888,888,888,1,0,1,,2,,,,1,3,3,1,555,3,,,,,,,,,,," ",324700303,,
3,31,147,2,4,3,58.42857,"02",240,2,,,,,,,,,0,,1,4,0,,888,888,888,888,888,888,888,888,1,0,1,,3,,,,1,3,1,1,2,,,,,,,,,,,," ",324700403,,
3,31,147,2,5,3,58.42857,"04",120,2,,,,,,,,,0,,1,4,0,,5,2,2,888,5,2,5,888,1,0,1,,3,,,,1,3,2,1,555,6,,,,,,,,,,," ",324700503,,
3,31,147,2,6,3,58.42857,"01",120,2,,,,,,,,,0,,1,4,0,,888,888,888,888,888,888,888,888,1,0,1,,3,,,,1,5,1,1,555,6,,,,,,,,,,," ",324700603,,
3,31,147,2,7,3,58.42857,"02",180,2,,,,,,,,,1,0,1,0,0,,888,2,888,888,2,888,2,888,1,0,1,,2,,,,1,4,1,1,2,,,,,,,,,,,," ",324700703,,
3,31,147,2,8,3,58.42857,"02",120,2,,,,,,,,,0,,0,,0,,888,2,888,888,2,888,2,888,0,,,,,,,,,,,,2,,,,,,,,,,,," ",324700803,,
3,31,147,2,9,3,58.42857,"01",120,2,,,,,,,,,0,,0,,0,,888,2,888,888,2,888,1,888,0,,,,,,,,,,,,2,,,,,,,,,,,," ",324700903,,
3,31,147,2,10,3,58.42857,"02",160,2,,,,,,,,,1,0,1,0,0,,888,2,888,888,2,888,2,888,1,0,1,,2,,,,1,6,1,1,2,,,,,,,,,,,," ",324701003,,
3,31,147,2,11,3,58.42857,"02",120,2,,,,,,,,,1,0,1,0,0,,888,2,888,888,2,888,2,888,0,,,,,,,,,,,,2,,,,,,,,,,,," ",324701103,,
3,31,147,2,12,3,58.42857,"01",120,2,,,,,,,,,1,0,1,888,0,,888,2,888,888,2,888,2,888,0,,,,,,,,,,,,2,,,,,,,,,,,," ",324701203,,
3,31,147,2,13,3,58.42857,"01",180,2,,,,,,,,,1,0,1,0,1,0,4,888,888,888,2,2,2,2,0,,,,,,,,,,,,3,,,,,,,,,,,," ",324701303,,
3,31,147,2,14,3,58.42857,"01",120,2,,,,,,,,,1,0,1,0,1,0,4,888,888,888,888,4,888,888,1,0,1,,2,,,,4,3,0,1,555,10,,,,,,,,,,," ",324701403,,
3,31,147,2,15,3,58.42857,"02",120,1,,,,,,,,,0,,1,0,1,0,4,2,2,2,2,2,2,2,1,0,2,,,4,2,,1,3,1,1,555,6,,,,,,,,,,," ",324701503,,
3,31,147,2,16,3,58.42857,"02",120,1,,,,,,,,,1,0,1,0,1,0,4,4,4,2,2,2,2,2,1,0,2,,,4,2,,1,3,1,1,555,6,,,,,,,,,,," ",324701603,,
3,31,147,2,17,3,58.42857,"01",120,1,,,,,,,,,1,4,1,0,1,0,4,2,2,2,2,2,2,2,1,0,4,3,,,,,4,2,1,1,555,6,,,,,,,,,,," ",324701703,,
3,31,147,2,18,3,58.42857,"01",120,2,,,,,,,,,1,0,1,0,1,0,4,2,2,2,2,2,2,2,1,0,2,,,4,2,,1,3,1,1,555,6,,,,,,,,,,," ",324701803,,
3,31,148,2,1,3,32.4585914835165,"02",120,2,,,,,,,,,0,,0,,0,,2,2,2,2,2,2,4,1,1,0,1,,2,,,,1,3,2,1,1,,,,,,,,,,,," ",324800103,,
3,31,148,2,2,3,29.17266,"02",120,2,,,,,,,,,0,,0,,0,,2,2,2,4,2,1,5,1,1,1,1,,2,,,,1,3,2,0,1,,,,,,,,,,,," ",324800203,,
3,31,148,2,4,3,32.4585914835165,"01",120,1,,,,,,,,,0,,0,,0,,3,888,1,1,4,1,1,3,1,0,2,,,4,3,,1,3,2,1,2,,,,,,,,,,,," ",324800403,,
3,31,148,2,5,3,32.4585914835165,"02",60,2,,,,,,,,,0,,1,4,0,,1,1,1,3,2,2,4,2,1,0,2,,,5,3,,1,3,1,1,4,,,,,,,,,,,," ",324800503,,
3,31,148,2,6,3,29.17266,"02",120,2,,,,,,,,,0,,0,,0,,2,2,3,4,2,4,5,1,1,0,1,,2,,,,1,3,1,1,1,,,,,,,,,,,," ",324800603,,
3,31,148,2,7,3,32.4585914835165,"03",60,2,,,,,,,,,0,,0,,0,,888,888,888,888,888,888,888,888,1,0,1,,3,,,,1,4,2,1,2,,,,,,,,,,,," ",324800703,,
3,31,148,2,8,3,32.4585914835165,"01",60,2,,,,,,,,,0,,0,,1,2,888,888,888,888,888,2,2,888,1,0,1,,4,,,,1,2,0,1,2,,,,,,,,,,,," ",324800803,,
3,31,148,2,9,3,29.17266,"01",120,2,,,,,,,,,1,888,0,,0,,888,2,888,888,888,888,5,888,1,1,1,,3,,,,1,3,2,1,2,,,,,,,,,,,," ",324800903,,
3,31,148,2,10,3,32.4585914835165,"02",60,2,,,,,,,,,0,,0,,0,,888,888,888,888,888,888,888,888,1,0,1,,3,,,,1,4,1,1,2,,,,,,,,,,,," ",324801003,,
3,31,148,2,11,3,32.4585914835165,"02",60,2,,,,,,,,,0,,0,,0,,888,888,888,888,888,888,888,888,1,1,1,,2,,,,1,4,2,1,2,,,,,,,,,,,," ",324801103,,
3,31,148,2,13,3,32.4585914835165,"02",120,2,,,,,,,,,0,,0,,0,,888,888,888,888,888,888,888,888,1,0,1,,3,,,,1,4,1,0,2,,,,,,,,,,,," ",324801303,,
3,31,148,2,14,3,32.4585914835165,"01",30,2,,,,,,,,,0,,0,,0,,888,3,3,3,3,888,2,888,1,0,1,,4,,,,1,2,0,1,2,,,,,,,,,,,," ",324801403,,
3,31,148,2,15,3,29.17266,"02",120,1,,2,2,2,2,2,2,2,0,,0,,0,,888,2,888,2,4,888,5,888,1,1,2,,,3,2,,1,3,2,1,2,,,,,,,,,,,," ",324801503,,
3,31,148,2,17,3,32.4585914835165,"02",60,2,,,,,,,,,0,,1,4,0,,888,2,888,3,2,3,2,3,1,0,2,,,3,2,,1,2,1,1,4,,,,,,,,,,,," ",324801703,,
3,31,148,2,18,3,32.4585914835165,"02",240,2,,,,,,,,,1,0,1,4,0,,3,2,888,888,2,888,4,888,1,0,2,,,3,2,,1,3,1,1,4,,,,,,,,,,,," ",324801803,,
3,31,148,2,19,3,32.4585914835165,"01",120,2,,,,,,,,,1,888,0,,0,,888,1,888,888,888,888,5,888,1,0,1,,2,,,,1,3,1,0,2,,,,,,,,,,,," ",324801903,,
3,31,148,2,20,3,29.17266,"02",90,2,,,,,,,,,0,,0,,1,3,1,1,1,1,1,1,1,1,1,0,1,,3,,,,1,2,1,1,2,,,,,,,,,,,," ",324802003,,
3,31,148,2,21,3,32.4585914835165,"02",120,2,,,,,,,,,0,,1,4,0,,1,1,3,3,1,1,4,1,0,,,,,,,,,,,,4,,,,,,,,,,,," ",324802103,,
3,31,149,2,1,3,19.84271,"01",120,2,,,,,,,,,0,,0,,0,,1,1,3,5,2,4,3,1,1,0,2,,,4,3,,1,3,2,1,1,,,,,,,,,,,," ",324900103,,
3,31,149,2,2,3,19.84271,"02",120,2,,,,,,,,,0,,0,,0,,888,2,888,3,4,888,5,888,1,0,1,,2,,,,1,3,1,0,1,,,,,,,,,,,," ",324900203,,
3,31,149,2,3,3,19.84271,"02",60,2,,,,,,,,,0,,0,,0,,888,888,888,888,888,888,888,888,1,0,1,,3,,,,1,4,2,0,2,,,,,,,,,,,," ",324900303,,
3,31,149,2,4,3,19.84271,"01",60,2,,,,,,,,,0,,0,,0,,888,888,888,888,888,888,888,888,1,0,1,,2,,,,1,3,2,0,2,,,,,,,,,,,," ",324900403,,
3,31,149,2,5,3,19.84271,"02",120,2,,,,,,,,,0,,0,,0,,888,2,888,888,888,888,5,888,1,0,2,,,3,2,,1,3,1,0,1,,,,,,,,,,,," ",324900503,,
3,31,149,2,7,3,19.84271,"02",120,2,,,,,,,,,0,,1,4,0,,3,1,1,1,1,1,4,1,1,0,1,,3,,,,1,3,2,0,2,,,,,,,,,,,," ",324900703,,
3,31,149,2,8,3,19.84271,"02",120,1,,,,,,,,,0,,0,,0,,1,2,2,2,2,1,5,1,1,0,2,,,5,4,,1,2,2,1,1,,,,,,,,,,,," ",324900803,,
3,31,149,2,9,3,19.84271,"02",120,2,,,,,,,,,0,,0,,0,,888,888,888,888,888,888,5,3,1,0,1,,2,,,,1,2,1,1,1,,,,,,,,,,,," ",324900903,,
3,31,149,2,10,3,19.84271,"02",60,2,,,,,,,,,0,,0,,0,,888,888,888,888,888,888,888,888,1,0,1,,2,,,,1,4,1,1,2,,,,,,,,,,,," ",324901003,,
3,31,149,2,11,3,19.84271,"02",120,2,,,,,,,,,1,0,1,4,0,,2,1,888,3,2,2,5,3,1,0,2,,,3,2,,1,2,1,0,4,,,,,,,,,,,," ",324901103,,
3,31,149,2,12,3,19.84271,"02",60,2,,,,,,,,,1,0,1,4,0,,3,2,888,888,1,1,5,888,1,0,2,,,3,2,,1,2,1,1,5,,,,,,,,,,,," ",324901203,,
3,31,149,2,13,3,19.84271,"01",120,2,,,,,,,,,1,888,1,4,0,,3,1,3,888,1,3,5,3,1,0,2,,,3,2,,1,2,1,0,4,,,,,,,,,,,," ",324901303,,
3,31,149,2,14,3,19.84271,"02",120,2,,,,,,,,,1,3,1,4,0,,3,1,1,1,1,4,4,1,1,0,2,,,3,2,,1,2,1,1,2,,,,,,,,,,,," ",324901403,,
3,31,149,2,15,3,19.84271,"02",180,2,,,,,,,,,0,,0,,0,,1,2,3,4,2,4,2,1,1,0,1,,3,,,,1,4,2,0,1,,,,,,,,,,,," ",324901503,,
3,31,149,2,16,3,19.84271,"02",70,2,,,,,,,,,0,,1,1,0,,3,2,2,2,888,888,2,888,1,0,1,,2,,,,1,2,1,1,2,,,,,,,,,,,," ",324901603,,
3,31,149,2,17,3,19.84271,"02",60,2,,1,1,1,1,1,1,1,0,,1,2,1,2,2,2,2,2,2,2,4,888,1,0,1,,4,,,,1,6,1,1,2,,,,,,,,,,,," ",324901703,,
3,31,149,2,18,3,19.84271,"01",120,2,,1,1,1,1,1,1,1,0,,1,2,0,,3,2,2,2,2,2,2,2,1,0,1,,3,,,,1,2,2,1,2,,,,,,,,,,,," ",324901803,,
3,31,149,2,20,3,19.84271,"02",120,2,,,,,,,,,0,,0,,0,,2,2,4,5,2,3,3,1,1,0,1,,2,,,,1,4,3,0,1,,,,,,,,,,,," ",324902003,,
3,31,150,2,1,1,1244.887,"02",60,1,,2,2,1,2,1,2,2,1,0,1,4,0,,3,1,1,888,1,3,5,3,1,0,2,,,3,3,,1,3,4,0,3,,,,,,,,,,,," ",325000103,,
3,31,150,2,3,1,1244.887,"02",120,2,,,,,,,,,0,,1,4,0,,3,1,2,1,1,3,4,3,1,0,2,,,3,2,,1,3,1,1,5,,,,,,,,,,,," ",325000303,,
3,31,150,2,4,1,1244.887,"01",180,1,,1,1,1,1,1,1,1,0,,1,2,1,3,2,888,888,888,888,888,888,888,1,0,1,,3,,,,1,2,0,1,2,,,,,,,,,,,," ",325000403,,
3,31,150,2,5,1,1244.887,"02",60,2,,,,,,,,,0,,0,,0,,888,2,2,2,2,2,888,888,1,0,1,,2,,,,1,4,2,1,2,,,,,,,,,,,," ",325000503,,
3,31,150,2,6,1,1244.887,"02",120,2,,,,,,,,,0,,1,4,0,,1,1,1,1,1,1,1,1,1,0,1,,3,,,,1,4,2,1,2,,,,,,,,,,,," ",325000603,,
3,31,150,2,7,1,1244.887,"02",120,2,,,,,,,,,0,,0,,0,,1,2,4,5,2,4,3,1,1,0,2,,,3,2,,1,3,1,0,1,,,,,,,,,,,," ",325000703,,
3,31,150,2,9,1,1244.887,"01",60,2,,,,,,,,,0,,0,,0,,888,888,2,888,2,2,5,888,1,0,1,,2,,,,1,3,1,1,2,,,,,,,,,,,," ",325000903,,
3,31,150,2,10,1,1244.887,"02",120,2,,,,,,,,,0,,0,,0,,888,888,888,888,888,888,5,888,1,0,1,,2,,,,1,3,1,1,1,,,,,,,,,,,," ",325001003,,
3,31,150,2,11,1,1244.887,"01",180,1,,,,,,,,,0,,0,,0,,1,1,1,1,1,1,4,1,1,0,2,,,3,2,,1,5,2,1,2,,,,,,,,,,,," ",325001103,,
3,31,150,2,12,1,1244.887,"02",68,2,,,,,,,,,0,,0,,0,,888,2,2,2,1,2,5,888,1,0,1,,2,,,,1,3,1,0,2,,,,,,,,,,,," ",325001203,,
3,31,150,2,13,1,1244.887,"02",120,2,,,,,,,,,1,0,1,0,1,4,888,1,888,888,2,888,5,888,1,0,2,,,4,3,,1,4,2,1,1,,,,,,,,,,,," ",325001303,,
3,31,150,2,14,1,1244.887,"02",120,1,,,,,,,,,1,2,1,2,1,4,2,2,2,2,2,2,2,2,1,0,1,,3,,,,1,2,0,1,1,,,,,,,,,,,," ",325001403,,
3,31,150,2,15,1,1244.887,"02",120,2,,,,,,,,,0,,0,,0,,3,2,888,888,888,888,5,888,1,0,1,,3,,,,1,3,1,1,1,,,,,,,,,,,," ",325001503,,
3,31,150,2,17,1,1244.887,"02",160,2,,,,,,,,,0,,0,,0,,1,3,3,3,2,2,2,888,0,,,,,,,,,,,,2,,,,,,,,,,,," ",325001703,,
3,31,150,2,18,1,1244.887,"02",120,1,,,,,,,,,0,,0,,0,,4,2,1,1,4,1,5,1,1,0,1,,2,,,,1,3,2,1,1,,,,,,,,,,,," ",325001803,,
3,31,150,2,19,1,1244.887,"01",30,2,,,,,,,,,0,,1,4,0,,3,3,3,3,2,888,4,888,1,0,2,,,4,3,,1,2,1,1,6,,,,,,,,,,,," ",325001903,,
3,31,150,2,20,1,1244.887,"02",120,2,,,,,,,,,1,888,1,4,0,,3,1,3,3,1,3,4,2,1,0,2,,,3,2,,1,2,1,1,4,,,,,,,,,,,," ",325002003,,
3,31,150,2,22,1,1244.887,"02",180,1,,,,,,,,,0,,0,,0,,2,2,2,4,2,4,3,1,1,0,2,,,3,2,,1,3,1,1,1,,,,,,,,,,,," ",325002203,,
3,31,151,2,1,2,,"02",120,2,,1,2,1,1,1,2,2,0,,0,,0,,3,2,3,3,2,3,2,3,1,0,1,,2,,,,1,4,1,1,1,,,,,,,,,,,888," ",325100103,2,22.3819446563721
3,31,151,2,2,2,,"01",120,1,,,,,,,,,0,,0,,0,,3,2,3,2,2,3,2,3,1,0,1,,2,,,,1,4,0,1,1,,1,,,,,,,,,," ",325100203,2,22.3819446563721
3,31,151,2,3,2,,"02",120,1,,,,,,,,,0,,0,,0,,3,2,3,3,2,3,2,3,1,0,1,,2,,,,1,6,0,1,1,,1,,,,,,,,,," ",325100303,2,22.3819446563721
3,31,151,2,4,2,,"01",120,1,,,,,,,,,0,,0,,0,,3,2,3,3,2,3,2,3,1,0,1,,2,,,,1,4,1,1,1,,,,,,,,,,,888," ",325100403,2,22.3819446563721
3,31,151,2,5,2,,"01",120,2,,,,,,,,,0,,0,,0,,3,2,3,2,2,3,2,3,1,0,1,,2,,,,1,4,0,1,1,,1,,,,,,,,,," ",325100503,2,22.3819446563721
3,31,151,2,6,2,,"01",100,1,,,,,,,,,0,,0,,0,,3,2,3,3,2,3,2,3,0,,,,,,,,,,,,1,,,,,,,,,,,888," ",325100603,2,22.3819446563721
3,31,151,2,7,2,,"01",60,2,,,,,,,,,1,0,1,0,1,0,4,4,4,4,4,4,4,4,1,0,2,,,3,2,,4,2,0,1,555,6,1,,,,,,,,,," ",325100703,2,22.3819446563721
3,31,151,2,8,2,,"01",120,2,,,,,,,,,1,0,1,0,1,0,3,2,2,2,2,2,2,2,0,,,,,,,,,,,,555,6,1,,,,,,,,,," ",325100803,2,22.3819446563721
3,31,151,2,9,2,,"02",120,2,,,,,,,,,1,888,1,888,1,888,888,4,4,888,2,888,2,2,1,0,3,,,,,3,2,2,1,1,555,10,1,,,,,,,,,," ",325100903,2,22.3819446563721
3,31,151,2,10,2,,"02",120,2,,,,,,,,,1,2,1,0,1,0,4,2,2,2,888,888,2,2,1,0,2,,,3,2,,4,3,1,1,555,11,,1,,,,,,,,888," ",325101003,2,22.3819446563721
3,31,151,2,11,2,,"01",120,2,,,,,,,,,1,0,1,0,1,0,4,2,2,2,3,2,2,1,0,,,,,,,,,,,,555,6,,,,,,,,,,888," ",325101103,2,22.3819446563721
3,31,151,2,12,2,,"01",120,2,,,,,,,,,0,,0,,0,,888,888,888,2,2,2,2,2,0,,,,,,,,,,,,555,6,1,,,,,,,,,," ",325101203,2,22.3819446563721
3,31,151,2,13,2,,"06",60,2,,,,,,,,,0,,1,4,0,,888,2,888,888,5,888,5,888,1,0,3,,,,,2,4,2,1,1,1,,,,1,,,,,,,," ",325101303,2,22.3819446563721
3,31,151,2,14,2,,"01",150,1,,,,,,,,,0,,1,4,0,,888,2,888,888,888,888,5,888,1,0,2,,,4,2,,1,4,2,0,1,,,,,,,,,,,888," ",325101403,2,22.3819446563721
3,31,151,2,15,2,,"01",90,1,,,,,,,,,0,,1,4,0,,888,2,888,888,2,888,5,888,1,0,1,,2,,,,1,3,1,0,4,,,,1,,,,,,,," ",325101503,2,22.3819446563721
3,31,151,2,16,2,,"04",240,1,,,,,,,,,0,,1,4,0,,888,888,888,888,888,1,5,888,1,0,3,,,,,4,4,3,1,1,1,,,,,,,,,,,888," ",325101603,2,22.3819446563721
3,31,151,2,17,2,,"01",180,1,,,,,,,,,0,,1,4,0,,888,888,888,888,2,888,5,888,1,0,4,2,,,,,4,3,0,0,1,,,,,,,,,,,888," ",325101703,2,22.3819446563721
3,31,151,2,18,2,,"01",90,2,,,,,,,,,0,,1,4,0,,888,888,888,888,888,888,888,888,1,0,1,,2,,,,1,3,1,0,1,,,,,,,,,,,888," ",325101803,2,22.3819446563721
3,31,152,2,1,2,,"01",70,1,,,,,,,,,0,,1,2,0,,3,2,3,3,2,3,3,3,0,,,,,,,,,,,,1,,1,,,,,,,,,," ",325200103,2,22.3819446563721
3,31,152,2,2,2,,"02",90,1,,,,,,,,,1,0,1,2,1,0,2,2,2,2,2,2,2,2,1,0,1,,2,,,,1,3,1,0,2,,1,,,,,,,,,," ",325200203,2,22.3819446563721
3,31,152,2,3,2,,"01",120,2,,,,,,,,,1,0,1,0,1,0,2,2,2,2,2,2,2,2,1,0,1,,2,,,,1,3,1,0,2,,1,,,,,,,,,," ",325200303,2,22.3819446563721
3,31,152,2,4,2,,"01",120,2,,,,,,,,,1,0,1,0,1,0,2,2,2,2,2,2,2,2,1,0,1,,2,,,,1,4,1,0,2,,1,,,,,,,,,," ",325200403,2,22.3819446563721
3,31,152,2,5,2,,"01",120,2,,,,,,,,,1,0,1,1,1,0,2,2,888,888,2,888,2,888,1,0,1,,2,,,,1,4,1,1,2,,1,,,,,,,,,," ",325200503,2,22.3819446563721
3,31,152,2,6,2,,"01",180,1,,,,,,,,,1,0,1,1,1,0,2,2,2,2,2,2,2,2,1,0,1,,2,,,,1,3,1,0,2,,1,,,,,,,,,," ",325200603,2,22.3819446563721
3,31,152,2,7,2,,"03",120,1,,,,,,,,,1,0,1,1,1,0,2,2,2,2,2,2,2,2,1,0,1,,2,,,,1,3,1,0,2,,1,,,,,,,,,," ",325200703,2,22.3819446563721
3,31,152,2,8,2,,"03",125,1,,,,,,,,,0,,1,3,0,,3,2,3,2,2,3,2,3,1,0,3,,,,,2,2,5,1,0,1,,1,,,,,,,,,," ",325200803,2,22.3819446563721
3,31,152,2,9,2,,"02",240,1,,,,,,,,,0,,1,3,0,,3,2,3,2,2,3,3,3,0,,,,,,,,,,,,1,,1,,,,,,,,,," ",325200903,2,22.3819446563721
3,31,152,2,10,2,,"01",240,2,,,,,,,,,1,0,1,3,0,,3,2,2,2,2,3,2,3,0,,,,,,,,,,,,1,,1,,,,,,,,,," ",325201003,2,22.3819446563721
3,31,152,2,11,2,,"01",150,1,,,,,,,,,1,0,1,3,0,,3,2,3,2,2,3,2,3,1,0,3,,,,,2,2,5,0,0,1,,1,,,,,,,,,," ",325201103,2,22.3819446563721
3,31,152,2,12,2,,"01",155,1,,,,,,,,,0,,1,3,0,,3,2,2,2,2,3,2,3,1,0,3,,,,,3,2,2,1,0,1,,1,,,,,,,,,," ",325201203,2,22.3819446563721
3,31,152,2,13,2,,"01",60,1,,,,,,,,,0,,1,1,0,,888,2,888,5,3,888,888,3,0,,,,,,,,,,,,2,,1,,,,,,,,,," ",325201303,2,22.3819446563721
3,31,152,2,14,2,,"01",120,1,,,,,,,,,0,,1,3,1,0,3,1,3,888,2,888,5,888,0,,,,,,,,,,,,1,,1,,,,,,,,,," ",325201403,2,22.3819446563721
3,31,152,2,15,2,,"01",120,1,,,,,,,,,0,,0,,1,0,2,1,2,888,2,3,5,888,1,0,1,,3,,,,1,2,1,1,2,,1,,,,,,,,,," ",325201503,2,22.3819446563721
3,31,152,2,16,2,,"02",60,1,,,,,,,,,0,,0,,0,,3,1,2,3,2,5,888,2,1,0,1,,3,,,,1,4,1,1,2,,1,,,,,,,,,," ",325201603,2,22.3819446563721
3,31,152,2,17,2,,"01",180,1,,,,,,,,,0,,0,,1,0,2,1,1,5,2,2,5,2,1,0,1,,4,,,,1,5,0,0,4,,1,,,,,,,,,," ",325201703,2,22.3819446563721
3,31,152,2,18,2,,"02",130,1,,,,,,,,,0,,0,,0,,3,2,888,888,3,888,4,888,0,,,,,,,,,,,,2,,1,,,,,,,,,," ",325201803,2,22.3819446563721
3,31,153,2,1,2,,"04",180,1,,,,,,,,,0,,1,4,0,,888,2,888,2,5,2,5,888,0,,,,,,,,,,,,555,11,1,,,,,,,,,," ",325300103,2,22.3819446563721
3,31,153,2,2,2,,"02",360,1,,,,,,,,,0,,0,,0,,888,2,2,2,5,2,5,888,1,0,2,,,4,2,,1,4,1,1,2,,1,,,,,,,,,," ",325300203,2,22.3819446563721
3,31,153,2,3,2,,"01",150,1,,,,,,,,,0,,1,4,0,,888,2,888,2,4,2,5,2,1,0,1,,2,,,,1,3,1,1,2,,1,,,,,,,,,," ",325300303,2,22.3819446563721
3,31,153,2,4,2,,"03",150,1,,,,,,,,,0,,1,4,0,,1,2,2,2,5,2,5,2,1,0,2,,,4,2,,1,4,1,1,2,,1,,,,,,,,,," ",325300403,2,22.3819446563721
3,31,153,2,5,2,,"02",60,1,,,,,,,,,0,,1,4,0,,888,4,2,2,5,2,4,888,1,0,2,,,4,2,,1,5,1,1,4,,1,,,,,,,,,," ",325300503,2,22.3819446563721
3,31,153,2,6,2,,"05",90,1,,,,,,,,,0,,0,,0,,888,888,888,888,888,888,888,888,1,0,1,,2,,,,1,5,1,1,2,,1,,,,,,,,,," ",325300603,2,22.3819446563721
3,31,153,2,7,2,,"02",180,1,,,,,,,,,1,0,0,,0,,888,2,888,888,2,888,2,888,1,0,1,,2,,,,1,4,1,1,2,,1,,,,,,,,,," ",325300703,2,22.3819446563721
3,31,153,2,8,2,,"02",120,1,,,,,,,,,1,0,1,0,0,,888,2,888,888,1,888,1,888,1,0,1,,2,,,,1,4,1,0,2,,1,,,,,,,,,," ",325300803,2,22.3819446563721
3,31,153,2,9,2,,"01",180,1,,,,,,,,,1,0,0,,0,,888,2,888,888,2,888,1,888,1,0,1,,2,,,,1,4,1,1,2,,1,,,,,,,,,," ",325300903,2,22.3819446563721
3,31,153,2,10,2,,"01",120,1,,,,,,,,,1,0,1,0,0,,888,2,888,888,2,888,2,888,0,,,,,,,,,,,,2,,1,,,,,,,,,," ",325301003,2,22.3819446563721
3,31,153,2,11,2,,"01",180,1,,,,,,,,,1,0,0,,0,,888,2,888,888,2,888,2,888,0,,,,,,,,,,,,2,,1,,,,,,,,,," ",325301103,2,22.3819446563721
3,31,153,2,12,2,,"02",120,1,,,,,,,,,0,,0,,0,,888,2,888,888,2,888,2,888,1,0,1,,2,,,,1,4,1,1,2,,1,,,,,,,,,," ",325301203,2,22.3819446563721
3,31,153,2,13,2,,"01",120,2,,,,,,,,,0,,0,,0,,888,2,2,2,2,2,2,2,1,0,3,,,,,3,4,2,1,1,4,,1,,,,,,,,,," ",325301303,2,22.3819446563721
3,31,153,2,14,2,,"02",120,2,,,,,,,,,1,0,1,0,1,0,4,4,4,4,4,4,4,4,0,,,,,,,,,,,,555,6,1,,,,,,,,,," ",325301403,2,22.3819446563721
3,31,153,2,15,2,,"02",120,2,,,,,,,,,1,0,1,0,1,0,4,2,2,2,2,2,2,2,1,0,3,,,,,3,4,2,1,1,555,6,1,,,,,,,1,,," ",325301503,2,22.3819446563721
3,31,153,2,16,2,,"01",120,2,,,,,,,,,1,0,1,0,1,0,4,4,4,888,2,2,2,2,0,,,,,,,,,,,,555,6,1,,,,,,,,,," ",325301603,2,22.3819446563721
3,31,153,2,17,2,,"01",120,1,,,,,,,,,1,0,1,0,1,0,4,2,2,2,2,2,2,2,0,,,,,,,,,,,,555,6,1,,,,,,,,,," ",325301703,2,22.3819446563721
3,31,153,2,18,2,,"01",180,2,,,,,,,,,1,0,0,,0,,4,4,4,2,2,2,2,2,0,,,,,,,,,,,,555,13,1,,,,,,,,,," ",325301803,2,22.3819446563721
3,31,154,2,1,2,,"02",155,1,,,,,,,,,0,,1,3,0,,888,2,3,2,2,888,3,888,1,0,1,,2,,,,1,3,1,0,1,,1,,,,,,,,,," ",325400103,2,22.3819446563721
3,31,154,2,2,2,,"02",310,2,,,,,,,,,0,,1,3,0,,888,2,3,2,2,888,888,888,1,0,3,,,,,4,2,3,1,0,1,,1,,,,,,,,,," ",325400203,2,22.3819446563721
3,31,154,2,3,2,,"01",85,1,,,,,,,,,0,,1,3,0,,888,2,888,2,2,888,3,888,0,,,,,,,,,,,,1,,1,,,,,,,,,," ",325400303,2,22.3819446563721
3,31,154,2,4,2,,"01",70,1,,,,,,,,,0,,1,3,0,,888,2,888,2,2,888,3,888,0,,,,,,,,,,,,1,,1,,,,,,,,,," ",325400403,2,22.3819446563721
3,31,154,2,5,2,,"02",240,1,,,,,,,,,0,,1,3,0,,888,2,888,2,888,888,2,888,1,0,3,,,,,3,2,3,1,0,1,,1,,,,,,,,,," ",325400503,2,22.3819446563721
3,31,154,2,6,2,,"02",170,1,,,,,,,,,0,,1,3,0,,888,2,888,3,2,888,3,888,1,0,2,,,3,2,,1,2,1,1,1,,1,,,,,,,,,," ",325400603,2,22.3819446563721
3,31,154,2,7,2,,"01",120,2,,,,,,,,,1,0,1,0,1,0,2,888,888,4,888,888,2,888,1,0,1,,2,,,,1,2,1,0,2,,1,,,,,,,,,," ",325400703,2,22.3819446563721
3,31,154,2,8,2,,"01",120,2,,,,,,,,,1,0,1,0,1,0,2,2,888,888,888,888,888,888,1,0,1,,2,,,,1,3,1,1,2,,1,,,,,,,,,," ",325400803,2,22.3819446563721
3,31,154,2,9,2,,"01",120,2,,,,,,,,,1,0,1,0,1,0,2,2,888,4,2,5,2,888,1,0,1,,3,,,,1,2,1,0,2,,1,,,,,,,,,," ",325400903,2,22.3819446563721
3,31,154,2,10,2,,"02",150,2,,,,,,,,,1,0,1,0,1,0,2,2,888,888,2,888,2,888,1,0,1,,2,,,,1,3,1,0,2,,1,,,,,,,,,," ",325401003,2,22.3819446563721
3,31,154,2,11,2,,"02",120,2,,,,,,,,,0,,1,0,1,0,2,2,4,4,2,888,888,888,1,0,1,,3,,,,1,2,1,0,2,,1,,,,,,,,,," ",325401103,2,22.3819446563721
3,31,154,2,12,2,,"01",120,1,,,,,,,,,1,0,1,0,1,0,2,2,2,4,2,2,2,888,1,0,1,,3,,,,1,2,1,0,2,,1,,,,,,,,,," ",325401203,2,22.3819446563721
3,31,154,2,13,2,,"01",100,1,,,,,,,,,0,,0,,0,,2,1,2,5,2,3,5,888,1,0,1,,3,,,,1,6,1,0,2,,1,,,,,,,,,," ",325401303,2,22.3819446563721
3,31,154,2,14,2,,"01",190,2,,,,,,,,,0,,1,4,0,,3,1,2,888,2,888,5,888,0,,,,,,,,,,,,5,,1,,,,,,,,,," ",325401403,2,22.3819446563721
3,31,154,2,15,2,,"01",130,2,,,,,,,,,0,,1,2,0,,3,2,888,5,2,888,5,888,0,,,,,,,,,,,,2,,1,,,,,,,,,," ",325401503,2,22.3819446563721
3,31,154,2,16,2,,"02",135,2,,,,,,,,,0,,1,4,0,,4,2,2,5,2,888,5,5,1,0,1,,2,,,,1,4,1,1,2,,,1,,,,,,,,," ",325401603,2,22.3819446563721
3,31,154,2,17,2,,"01",180,2,,,,,,,,,0,,1,888,0,,3,1,888,888,2,888,4,3,0,,,,,,,,,,,,1,,1,,,,,,,,,," ",325401703,2,22.3819446563721
3,31,154,2,18,2,,"03",240,2,,,,,,,,,0,,1,4,0,,888,1,3,3,2,2,5,888,1,0,1,,3,,,,1,5,1,1,1,,,1,,,,,,,,," ",325401803,2,22.3819446563721
3,31,155,2,1,2,,"01",120,1,,,,,,,,,0,,0,,0,,888,2,3,888,3,888,888,888,1,0,1,,2,,,,1,5,1,1,1,,1,,,,,,,,,," ",325500103,2,22.3819446563721
3,31,155,2,2,2,,"01",120,1,,,,,,,,,0,,1,4,0,,3,1,888,888,2,888,5,888,0,,,,,,,,,,,,2,,1,,,,,,,,,," ",325500203,2,22.3819446563721
3,31,155,2,3,2,,"01",130,1,,,,,,,,,0,,1,888,0,,888,2,3,888,888,888,888,888,1,0,1,,2,,,,1,5,1,0,2,,1,,,,,,,,,," ",325500303,2,22.3819446563721
3,31,155,2,4,2,,"01",180,1,,,,,,,,,0,,1,4,0,,888,1,888,3,2,888,5,888,0,,,,,,,,,,,,2,,1,,,,,,,,,," ",325500403,2,22.3819446563721
3,31,155,2,5,2,,"02",120,1,,,,,,,,,1,888,1,2,0,,2,1,2,5,2,2,5,5,0,,,,,,,,,,,,4,,1,,,,,,,,,," ",325500503,2,22.3819446563721
3,31,155,2,6,2,,"01",120,1,,,,,,,,,0,,0,,0,,4,2,1,5,2,2,5,1,1,1,1,,3,,,,1,6,1,1,5,,1,,,,,,,,,," ",325500603,2,22.3819446563721
3,31,155,2,7,2,,"01",120,2,,,,,,,,,1,0,1,0,1,0,2,2,2,888,2,2,2,888,1,0,1,,4,,,,1,2,1,0,2,,1,,,,,,,,,," ",325500703,2,22.3819446563721
3,31,155,2,8,2,,"01",150,2,,,,,,,,,1,0,1,0,1,0,1,2,2,2,2,2,2,4,1,0,1,,2,,,,1,3,1,0,2,,1,,,,,,,,,," ",325500803,2,22.3819446563721
3,31,155,2,9,2,,"02",180,2,,,,,,,,,1,0,1,1,1,0,2,2,2,2,2,2,2,2,1,0,1,,4,,,,1,2,1,0,2,,1,,,,,,,,,," ",325500903,2,22.3819446563721
3,31,155,2,10,2,,"02",180,2,,,,,,,,,1,0,1,0,1,0,2,2,2,2,2,2,2,2,1,0,1,,3,,,,1,2,1,0,2,,1,,,,,,,,,," ",325501003,2,22.3819446563721
3,31,155,2,11,2,,"02",180,2,,,,,,,,,1,0,1,1,1,0,2,2,2,2,2,2,2,2,1,0,1,,2,,,,1,3,2,0,2,,1,,,,,,,,,," ",325501103,2,22.3819446563721
3,31,155,2,12,2,,"01",180,2,,,,,,,,,1,0,1,0,1,0,2,2,2,2,2,2,2,2,1,0,1,,4,,,,1,3,2,0,2,,1,,,,,,,,,," ",325501203,2,22.3819446563721
3,31,155,2,13,2,,"01",65,1,,,,,,,,,0,,1,888,0,,3,2,3,2,2,3,3,3,0,,,,,,,,,,,,1,,1,,,,,,,,,," ",325501303,2,22.3819446563721
3,31,155,2,14,2,,"01",70,2,,,,,,,,,0,,1,3,0,,3,2,3,2,2,3,2,3,1,0,2,,,3,2,,1,2,1,1,1,,1,,,,,,,,,," ",325501403,2,22.3819446563721
3,31,155,2,15,2,,"01",420,2,,,,,,,,,0,,1,3,0,,3,2,3,2,2,3,2,3,0,,,,,,,,,,,,1,,1,,,,,,,,,," ",325501503,2,22.3819446563721
3,31,155,2,16,2,,"02",280,1,,,,,,,,,0,,1,3,0,,3,2,3,2,2,3,3,3,1,0,2,,,3,2,,1,3,1,0,1,,1,,,,,,,,,," ",325501603,2,22.3819446563721
3,31,155,2,17,2,,"02",125,2,,,,,,,,,1,0,1,3,0,,3,2,3,2,2,3,2,3,1,0,1,,3,,,,1,3,1,0,1,,1,,,,,,,,,," ",325501703,2,22.3819446563721
3,31,155,2,18,2,,"01",157,1,,,,,,,,,1,0,1,3,0,,3,1,3,2,2,3,2,3,0,,,,,,,,,,,,1,,1,,,,,,,,,," ",325501803,2,22.3819446563721
3,31,156,2,1,2,,"02",120,2,,,,,,,,,1,0,1,0,0,,3,2,3,3,2,3,2,3,1,0,1,,2,,,,1,4,1,1,1,,,,,,,,,,,888," ",325600103,2,22.3819446563721
3,31,156,2,2,2,,"01",120,2,,,,,,,,,0,,0,,0,,3,2,3,3,2,3,4,3,0,,,,,,,,,,,,1,,,,,,,,,,,888," ",325600203,2,22.3819446563721
3,31,156,2,3,2,,"03",120,2,,,,,,,,,1,0,0,,0,,3,2,3,3,2,3,2,3,0,,,,,,,,,,,,1,,1,,,,,,,,,," ",325600303,2,22.3819446563721
3,31,156,2,4,2,,"01",180,2,,,,,,,,,0,,0,,0,,3,2,3,3,2,3,1,3,0,,,,,,,,,,,,1,,1,,,,,,,,,," ",325600403,2,22.3819446563721
3,31,156,2,5,2,,"01",180,1,,,,,,,,,0,,1,0,0,,3,2,3,3,2,3,2,3,1,0,1,,2,,,,1,6,1,1,1,,,,,,,,,,,888," ",325600503,2,22.3819446563721
3,31,156,2,6,2,,"01",120,1,,,,,,,,,0,,0,,0,,3,2,3,3,1,3,2,3,1,0,1,,2,,,,1,4,0,1,1,,1,,,,,,,,,," ",325600603,2,22.3819446563721
3,31,156,2,7,2,,"01",120,1,,,,,,,,,1,0,1,0,1,0,4,2,2,2,2,2,2,2,1,0,2,,,3,2,,1,3,1,1,1,,,1,,,,,,,,," ",325600703,2,22.3819446563721
3,31,156,2,8,2,,"02",180,1,,,,,,,,,1,888,1,0,1,0,888,2,2,2,2,2,2,2,1,0,2,,,3,2,,1,3,1,1,1,,,1,,,,,,,,," ",325600803,2,22.3819446563721
3,31,156,2,9,2,,"02",150,1,,,,,,,,,1,0,1,0,1,0,888,888,2,2,4,4,4,2,0,,,,,,,,,,,,2,,1,,,,,,,,,," ",325600903,2,22.3819446563721
3,31,156,2,10,2,,"01",120,1,,,,,,,,,1,888,1,0,1,0,888,888,888,3,3,3,4,3,0,,,,,,,,,,,,555,6,,,,,,,,,1,,"Metal Charcoal",325601003,2,22.3819446563721
3,31,156,2,11,2,,"01",120,1,,,,,,,,,1,0,1,0,0,,888,2,2,2,3,3,2,2,1,0,3,,,,,3,4,3,1,1,555,6,,1,,,,,,,,," ",325601103,2,22.3819446563721
3,31,156,2,12,2,,"01",180,1,,,,,,,,,1,0,1,0,1,0,2,2,2,2,2,2,2,2,1,0,2,,,3,2,,4,2,1,1,1,,1,,,,,,,,,," ",325601203,2,22.3819446563721
3,31,156,2,13,2,,"01",60,1,,,,,,,,,0,,1,4,0,,2,2,2,888,5,2,4,888,1,0,1,,2,,,,1,3,1,1,555,11,1,,,,,,,,,," ",325601303,2,22.3819446563721
3,31,156,2,14,2,,"01",90,1,,,,,,,,,0,,1,4,0,,888,2,888,888,5,888,5,888,1,0,2,,,4,2,,1,3,1,1,2,,1,,,,,,,,,," ",325601403,2,22.3819446563721
3,31,156,2,15,2,,"01",120,1,,,,,,,,,0,,1,4,0,,888,2,888,888,4,888,5,888,1,0,2,,,3,2,,1,3,1,1,555,16,1,,,,,,,,,," ",325601503,2,22.3819446563721
3,31,156,2,16,2,,"02",90,1,,,,,,,,,0,,1,4,0,,5,2,888,888,5,888,5,888,1,0,2,,,4,2,,1,3,1,1,555,11,1,,,,,,,,,," ",325601603,2,22.3819446563721
3,31,156,2,17,2,,"01",150,1,,,,,,,,,0,,1,4,0,,888,2,888,888,4,888,5,888,1,0,1,,2,,,,1,3,1,1,2,,1,,,,,,,,,," ",325601703,2,22.3819446563721
3,31,156,2,18,2,,"01",150,1,,,,,,,,,0,,1,4,0,,888,2,888,888,5,888,5,888,1,0,1,,2,,,,1,4,1,1,555,11,1,,,,,,,,,," ",325601803,2,22.3819446563721
3,31,157,2,1,2,,"02",420,1,,,,,,,,,0,,1,4,0,,888,888,888,888,888,888,888,888,1,0,2,,,4,2,,1,3,1,1,555,6,1,,,,,,,,,," ",325700103,2,22.3819446563721
3,31,157,2,2,2,,"02",300,1,,,,,,,,,0,,1,1,0,,888,2,888,888,888,888,4,888,1,0,2,,,2,2,,1,3,1,1,555,6,1,,,,,,,,,," ",325700203,2,22.3819446563721
3,31,157,2,3,2,,"02",330,1,,,,,,,,,0,,1,4,0,,888,2,888,4,5,888,2,888,1,0,3,,,,,3,1,6,1,1,1,,1,,,,,,,,,," ",325700303,2,22.3819446563721
3,31,157,2,4,2,,"01",360,1,,,,,,,,,0,,1,4,0,,888,888,888,888,888,888,888,888,1,0,2,,,4,2,,1,3,1,1,1,,1,,,,,,,,,," ",325700403,2,22.3819446563721
3,31,157,2,5,2,,"02",30,2,,,,,,,,,0,,1,4,0,,888,2,888,888,888,888,5,888,1,0,1,,3,,,,1,3,0,1,555,6,1,,,,,,,,,," ",325700503,2,22.3819446563721
3,31,157,2,6,2,,"04",180,1,,,,,,,,,0,,1,4,0,,888,888,888,888,888,888,888,888,1,0,2,,,4,2,,1,5,1,0,1,,1,,,,,,,,,," ",325700603,2,22.3819446563721
3,31,157,2,7,2,,"01",120,1,,,,,,,,,0,,0,,0,,3,2,3,3,2,3,2,3,1,1,1,,2,,,,1,4,1,1,1,,1,,,,,,,,,," ",325700703,2,22.3819446563721
3,31,157,2,8,2,,"02",180,1,,,,,,,,,1,0,1,0,0,,3,2,3,3,2,3,4,3,0,,,,,,,,,,,,1,,,,,,,,,,,888," ",325700803,2,22.3819446563721
3,31,157,2,9,2,,"02",180,1,,,,,,,,,0,,0,,0,,3,2,3,3,2,3,4,3,1,0,1,,2,,,,1,4,0,1,1,,1,,,,,,,,,," ",325700903,2,22.3819446563721
3,31,157,2,10,2,,"02",120,1,,,,,,,,,0,,0,,0,,3,2,3,3,2,3,2,3,0,,,,,,,,,,,,1,,,,,,,,,,,888," ",325701003,2,22.3819446563721
3,31,157,2,11,2,,"01",120,1,,,,,,,,,0,,0,,0,,3,2,3,2,2,3,2,3,1,0,1,,2,,,,1,6,1,1,1,,1,,,,,,,,,," ",325701103,2,22.3819446563721
3,31,157,2,12,2,,"01",120,2,,,,,,,,,0,,0,,0,,3,2,3,3,2,3,2,3,1,0,1,,2,,,,1,6,0,1,1,,1,,,,,,,,,," ",325701203,2,22.3819446563721
3,31,157,2,13,2,,"02",120,1,,,,,,,,,1,0,1,0,1,0,4,2,2,2,2,2,2,2,0,,,,,,,,,,,,5,,,,,,,,,,1,888,"Metal Charcoal",325701303,2,22.3819446563721
3,31,157,2,14,2,,"01",120,2,,,,,,,,,0,,0,,1,0,4,2,2,2,2,2,2,2,0,,,,,,,,,,,,555,6,1,,,,,,,,,," ",325701403,2,22.3819446563721
3,31,157,2,15,2,,"01",120,2,,,,,,,,,1,0,1,0,1,0,4,2,2,2,2,2,2,2,1,0,2,,,3,2,,1,3,1,1,1,,,,1,,,,,,,," ",325701503,2,22.3819446563721
3,31,157,2,16,2,,"01",120,2,,,,,,,,,0,,0,,0,,888,2,2,2,3,2,2,2,0,,,,,,,,,,,,4,,,,,,,,,,1,,"Metal Charcoal",325701603,2,22.3819446563721
3,31,157,2,17,2,,"02",120,2,,,,,,,,,1,0,1,0,1,0,4,2,2,2,2,2,2,2,1,0,2,,,4,2,,1,3,1,1,555,6,,1,,,,,,,,," ",325701703,2,22.3819446563721
3,31,157,2,19,2,,"01",120,2,,,,,,,,,1,0,1,0,1,0,888,888,888,2,2,2,2,2,0,,,,,,,,,,,,1,,,1,,,,,,,,," ",325701903,2,22.3819446563721
3,31,158,2,1,2,,"01",120,2,,,,,,,,,1,1,1,1,1,0,2,2,2,2,2,2,2,2,1,0,1,,4,,,,1,2,1,0,2,,1,,,,,,,,,," ",325800103,2,22.3819446563721
3,31,158,2,2,2,,"01",150,2,,,,,,,,,1,0,1,0,1,0,2,2,2,2,2,2,2,2,1,0,1,,4,,,,2,2,1,0,2,,1,,,,,,,,,," ",325800203,2,22.3819446563721
3,31,158,2,3,2,,"01",120,2,,,,,,,,,1,0,1,0,1,0,2,2,2,2,2,2,2,2,1,0,1,,2,,,,1,4,2,0,2,,1,,,,,,,,,," ",325800303,2,22.3819446563721
3,31,158,2,4,2,,"02",180,1,,,,,,,,,1,1,1,1,1,0,2,2,2,2,2,2,2,2,1,0,1,,3,,,,1,2,1,0,2,,1,,,,,,,,,," ",325800403,2,22.3819446563721
3,31,158,2,5,2,,"02",180,2,,,,,,,,,1,0,1,0,1,0,2,2,2,2,2,2,2,2,1,0,1,,2,,,,1,3,2,0,2,,1,,,,,,,,,," ",325800503,2,22.3819446563721
3,31,158,2,6,2,,"02",180,2,,,,,,,,,1,0,1,0,1,0,2,2,2,4,2,2,2,2,1,0,1,,2,,,,1,3,1,0,2,,1,,,,,,,,,," ",325800603,2,22.3819446563721
3,31,158,2,7,2,,"01",135,1,,,,,,,,,0,,0,,1,0,3,1,888,888,888,888,3,888,1,0,1,,2,,,,1,3,1,1,2,,1,,,,,,,,,," ",325800703,2,22.3819446563721
3,31,158,2,8,2,,"01",120,1,,,,,,,,,0,,0,,0,,3,1,4,888,2,888,5,888,0,,,,,,,,,,,,1,,1,,,,,,,,,," ",325800803,2,22.3819446563721
3,31,158,2,9,2,,"01",120,1,,,,,,,,,0,,1,3,0,,888,1,888,4,3,888,888,888,0,,,,,,,,,,,,2,,1,,,,,,,,,," ",325800903,2,22.3819446563721
3,31,158,2,10,2,,"02",180,1,,,,,,,,,0,,1,0,0,,3,1,888,888,888,3,5,888,0,,,,,,,,,,,,1,,1,,,,,,,,,," ",325801003,2,22.3819446563721
3,31,158,2,11,2,,"01",150,1,,,,,,,,,0,,0,,0,,888,2,888,888,888,888,3,888,0,,,,,,,,,,,,2,,1,,,,,,,,,," ",325801103,2,22.3819446563721
3,31,158,2,12,2,,"03",135,1,,,,,,,,,0,,1,0,0,,5,1,1,5,2,3,5,888,0,,,,,,,,,,,,4,,1,,,,,,,,,," ",325801203,2,22.3819446563721
3,31,158,2,13,2,,"01",70,1,,,,,,,,,0,,1,1,0,,3,2,3,2,2,3,2,3,0,,,,,,,,,,,,1,,1,,,,,,,,,," ",325801303,2,22.3819446563721
3,31,158,2,14,2,,"02",157,1,,,,,,,,,1,0,1,3,0,,3,2,3,2,2,3,2,3,0,,,,,,,,,,,,1,,1,,,,,,,,,," ",325801403,2,22.3819446563721
3,31,158,2,15,2,,"01",245,1,,,,,,,,,1,0,1,3,0,,3,2,3,2,2,3,2,3,1,0,2,,,3,2,,1,2,1,1,1,,1,,,,,,,,,," ",325801503,2,22.3819446563721
3,31,158,2,16,2,,"01",198,2,,,,,,,,,0,,1,3,0,,3,2,3,2,2,3,2,3,0,,,,,,,,,,,,1,,1,,,,,,,,,," ",325801603,2,22.3819446563721
3,31,158,2,17,2,,"02",155,1,,,,,,,,,0,,1,3,0,,3,2,3,2,2,3,2,3,0,,,,,,,,,,,,1,,1,,,,,,,,,," ",325801703,2,22.3819446563721
3,31,158,2,18,2,,"01",185,1,,,,,,,,,1,0,1,3,0,,3,2,3,2,2,3,2,3,0,,,,,,,,,,,,1,,1,,,,,,,,,," ",325801803,2,22.3819446563721
3,32,159,2,1,1,842.403157894737,"01",120,2,,,,,,,,,1,888,0,,1,4,888,1,888,888,888,888,5,888,0,,,,,,,,,,,,1,,,,,,,,,,,," ",335900103,,
3,32,159,2,3,1,426.8176,"02",120,1,,,,,,,,,0,,0,,0,,1,2,2,1,2,1,5,1,1,0,2,,,3,2,,1,3,1,1,5,,,,,,,,,,,," ",335900303,,
3,32,159,2,5,1,842.403157894737,"01",120,2,,,,,,,,,0,,0,,0,,888,2,888,888,888,888,5,3,1,0,1,,2,,,,1,3,1,0,1,,,,,,,,,,,," ",335900503,,
3,32,159,2,6,1,842.403157894737,"01",90,2,,,,,,,,,1,0,1,4,0,,3,2,3,888,2,3,4,3,1,0,2,,,3,2,,1,2,1,1,5,,,,,,,,,,,," ",335900603,,
3,32,159,2,7,1,842.403157894737,"01",120,2,,,,,,,,,0,,0,,0,,1,2,3,4,2,4,3,1,1,0,1,,2,,,,1,5,2,1,5,,,,,,,,,,,," ",335900703,,
3,32,159,2,8,1,842.403157894737,"02",90,2,,,,,,,,,0,,1,2,1,1,1,2,2,3,2,1,4,2,1,0,1,,4,,,,1,6,0,0,5,,,,,,,,,,,," ",335900803,,
3,32,159,2,9,1,426.8176,"01",90,2,,,,,,,,,0,,1,1,0,,1,2,2,2,2,2,4,2,1,0,1,,3,,,,1,6,2,1,5,,,,,,,,,,,," ",335900903,,
3,32,159,2,10,1,426.8176,"02",60,2,,,,,,,,,0,,0,,0,,1,2,2,888,1,1,888,4,1,0,1,,2,,,,1,5,1,1,2,,,,,,,,,,,," ",335901003,,
3,32,159,2,11,1,426.8176,"01",180,2,,,,,,,,,0,,0,,1,4,888,1,888,888,888,888,5,888,0,,,,,,,,,,,,1,,,,,,,,,,,," ",335901103,,
3,32,159,2,12,1,426.8176,"01",60,2,,,,,,,,,0,,0,,0,,2,2,2,888,2,2,5,888,1,0,1,,3,,,,1,4,2,0,2,,,,,,,,,,,," ",335901203,,
3,32,159,2,13,1,426.8176,"01",80,1,,,,,,,,,0,,0,,0,,4,4,1,1,4,1,5,1,1,0,1,,2,,,,1,4,2,1,5,,,,,,,,,,,," ",335901303,,
3,32,159,2,14,1,842.403157894737,"02",120,2,,,,,,,,,0,,0,,0,,1,3,1,1,4,1,4,1,1,0,2,,,4,3,,1,3,1,1,2,,,,,,,,,,,," ",335901403,,
3,32,159,2,15,1,426.8176,"02",60,1,,,,,,,,,0,,1,4,0,,3,1,1,1,1,1,4,1,1,1,2,,,3,2,,1,3,1,1,4,,,,,,,,,,,," ",335901503,,
3,32,159,2,16,1,842.403157894737,"02",180,2,,,,,,,,,0,,0,,0,,888,2,2,2,2,2,5,888,1,0,1,,3,,,,1,4,2,1,2,,,,,,,,,,,," ",335901603,,
3,32,159,2,17,1,426.8176,"02",90,2,,,,,,,,,0,,0,,0,,2,2,2,888,2,2,5,888,1,0,1,,3,,,,1,5,2,0,2,,,,,,,,,,,," ",335901703,,
3,32,159,2,20,1,842.403157894737,"02",180,2,,,,,,,,,1,0,1,4,0,,3,2,3,3,2,3,4,3,1,0,2,,,2,2,,1,4,1,1,5,,,,,,,,,,,," ",335902003,,
3,32,159,2,21,1,426.8176,"02",180,2,,,,,,,,,0,,0,,0,,1,1,3,1,1,1,4,1,1,0,2,,,3,2,,1,3,2,0,3,,,,,,,,,,,," ",335902103,,
3,32,159,2,22,1,426.8176,"02",60,2,,,,,,,,,0,,0,,0,,2,2,2,888,2,2,5,888,1,1,1,,2,,,,1,4,2,0,2,,,,,,,,,,,," ",335902203,,
3,32,160,2,1,1,874.894,"02",60,1,,,,,,,,,0,,0,,0,,888,2,2,2,2,2,5,888,1,0,1,,2,,,,1,4,2,1,2,,,,,,,,,,,," ",336000103,,
3,32,160,2,2,1,874.894,"01",120,2,,,,,,,,,0,,0,,0,,3,1,1,1,4,1,4,1,0,,,,,,,,,,,,2,,,,,,,,,,,," ",336000203,,
3,32,160,2,3,1,1217.47297590361,"01",120,1,,,,,,,,,0,,1,4,0,,3,2,3,888,3,3,888,888,1,0,2,,,3,2,,1,2,1,1,6,,,,,,,,,,,," ",336000303,,
3,32,160,2,4,1,874.894,"02",120,2,,,,,,,,,0,,0,,0,,2,2,2,888,2,2,5,888,1,1,1,,2,,,,1,4,1,0,2,,,,,,,,,,,," ",336000403,,
3,32,160,2,5,1,874.894,"02",180,2,,,,,,,,,1,0,1,3,0,,2,2,2,888,2,2,5,2,1,1,2,,,3,2,,1,2,1,1,4,,,,,,,,,,,," ",336000503,,
3,32,160,2,7,1,874.894,"01",60,2,,,,,,,,,1,0,1,4,1,4,1,1,888,888,888,888,4,888,1,1,1,,2,,,,1,3,1,0,2,,,,,,,,,,,," ",336000703,,
3,32,160,2,8,1,874.894,"01",60,2,,,,,,,,,1,888,1,4,1,888,888,2,888,888,888,888,5,888,1,0,1,,2,,,,1,3,1,0,1,,,,,,,,,,,," ",336000803,,
3,32,160,2,10,1,874.894,"02",90,2,,,,,,,,,0,,0,,0,,888,888,888,5,2,2,5,888,1,1,1,,2,,,,1,3,2,1,2,,,,,,,,,,,," ",336001003,,
3,32,160,2,11,1,1217.47297590361,"02",120,2,,3,3,3,3,3,3,3,1,0,1,4,0,,3,2,3,3,2,3,4,3,1,0,2,,,3,2,,1,2,1,1,4,,,,,,,,,,,," ",336001103,,
3,32,160,2,13,1,874.894,"02",180,1,,,,,,,,,1,0,1,4,1,4,2,2,3,4,2,4,5,1,1,1,1,,3,,,,1,3,1,0,2,,,,,,,,,,,," ",336001303,,
3,32,160,2,14,1,874.894,"01",180,2,,,,,,,,,0,,0,,0,,1,2,2,1,2,4,5,1,1,1,2,,,4,2,,1,3,2,1,5,,,,,,,,,,,," ",336001403,,
3,32,160,2,15,1,874.894,"02",180,2,,,,,,,,,0,,0,,1,4,888,2,888,888,888,888,5,888,0,,,,,,,,,,,,2,,,,,,,,,,,," ",336001503,,
3,32,160,2,16,1,874.894,"04",120,1,,,,,,,,,0,,0,,0,,1,2,2,2,4,1,5,1,1,0,1,,2,,,,1,3,1,1,1,,,,,,,,,,,," ",336001603,,
3,32,160,2,17,1,1217.47297590361,"02",120,2,,,,,,,,,0,,0,,0,,2,2,2,2,2,1,5,1,1,0,2,,,4,3,,1,3,2,1,5,,,,,,,,,,,," ",336001703,,
3,32,160,2,18,1,874.894,"02",120,2,,,,,,,,,0,,0,,0,,2,1,1,1,4,3,1,3,1,0,2,,,3,2,,1,2,1,1,2,,,,,,,,,,,," ",336001803,,
3,32,160,2,19,1,874.894,"02",90,1,,,,,,,,,0,,1,2,0,,2,2,2,2,2,2,5,2,1,0,1,,3,,,,1,2,2,1,2,,,,,,,,,,,," ",336001903,,
3,32,160,2,20,1,1217.47297590361,"01",30,2,,,,,,,,,0,,0,,0,,1,888,888,888,888,888,888,888,1,0,1,,3,,,,1,2,1,0,2,,,,,,,,,,,," ",336002003,,
3,32,160,2,21,1,874.894,"01",60,2,,,,,,,,,0,,0,,0,,888,2,2,2,2,2,2,2,1,0,1,,4,,,,1,3,1,1,2,,,,,,,,,,,," ",336002103,,
3,32,161,2,1,1,1397.90642222222,"02",120,1,,,,,,,,,1,0,0,,1,4,888,2,888,888,2,888,5,888,1,0,1,,3,,,,1,3,2,0,2,,,,,,,,,,,," ",336100103,,
3,32,161,2,2,1,1397.90642222222,"02",90,2,,,,,,,,,1,4,1,4,0,,1,2,2,4,2,2,4,2,1,0,1,,2,,,,1,4,2,1,5,,,,,,,,,,,," ",336100203,,
3,32,161,2,3,1,331.0831,"01",120,2,,,,,,,,,0,,1,4,0,,3,1,3,3,1,3,5,3,1,1,2,,,2,2,,1,2,1,0,4,,,,,,,,,,,," ",336100303,,
3,32,161,2,4,1,1397.90642222222,"02",60,2,,,,,,,,,1,888,0,,1,4,888,1,888,888,888,888,5,888,1,0,2,,,4,3,,1,3,2,1,1,,,,,,,,,,,," ",336100403,,
3,32,161,2,5,1,331.0831,"02",180,2,,2,2,2,2,2,2,2,1,2,0,,0,,1,2,2,2,2,2,4,888,1,0,1,,2,,,,1,4,2,1,5,,,,,,,,,,,," ",336100503,,
3,32,161,2,6,1,1397.90642222222,"02",120,2,,,,,,,,,1,888,1,4,0,,1,2,2,4,2,2,3,2,1,0,2,,,3,2,,1,4,1,0,5,,,,,,,,,,,," ",336100603,,
3,32,161,2,7,1,331.0831,"02",120,2,,,,,,,,,0,,1,0,0,,2,2,2,888,2,2,5,888,1,0,1,,2,,,,1,4,2,1,2,,,,,,,,,,,," ",336100703,,
3,32,161,2,8,1,331.0831,"01",90,2,,,,,,,,,0,,0,,1,3,4,2,2,3,3,3,4,3,1,1,1,,3,,,,1,2,2,1,5,,,,,,,,,,,," ",336100803,,
3,32,161,2,9,1,331.0831,"02",120,2,,,,,,,,,0,,0,,0,,2,2,2,2,2,2,4,2,1,0,1,,4,,,,1,2,2,1,5,,,,,,,,,,,," ",336100903,,
3,32,161,2,10,1,331.0831,"02",120,2,,,,,,,,,1,0,1,2,0,,4,2,1,2,2,1,5,1,1,1,2,,,4,2,,1,2,2,1,5,,,,,,,,,,,," ",336101003,,
3,32,161,2,11,1,1397.90642222222,"02",180,1,,,,,,,,,0,,0,,0,,2,2,2,888,2,2,4,888,1,0,1,,3,,,,1,4,2,1,6,,,,,,,,,,,," ",336101103,,
3,32,161,2,12,1,1397.90642222222,"02",60,2,,,,,,,,,1,0,0,,1,4,888,888,888,888,888,888,5,888,1,0,1,,2,,,,1,3,1,1,2,,,,,,,,,,,," ",336101203,,
3,32,161,2,13,1,331.0831,"03",60,1,,,,,,,,,0,,1,4,0,,2,1,1,888,2,2,5,1,1,0,2,,,4,3,,1,2,1,1,4,,,,,,,,,,,," ",336101303,,
3,32,161,2,14,1,1397.90642222222,"02",120,2,,,,,,,,,0,,1,1,0,,3,4,1,1,4,1,1,1,1,0,2,,,3,2,,1,3,1,0,5,,,,,,,,,,,," ",336101403,,
3,32,161,2,15,1,331.0831,"02",120,2,,,,,,,,,0,,0,,0,,3,1,4,1,4,3,1,1,0,,,,,,,,,,,,5,,,,,,,,,,,," ",336101503,,
3,32,161,2,16,1,1397.90642222222,"02",120,2,,,,,,,,,0,,1,4,0,,3,2,3,3,2,3,5,3,1,0,2,,,3,2,,1,2,1,1,4,,,,,,,,,,,," ",336101603,,
3,32,161,2,17,1,1397.90642222222,"02",120,1,,,,,,,,,1,1,0,,0,,1,1,1,1,1,1,4,1,1,0,1,,3,,,,1,3,0,1,5,,,,,,,,,,,," ",336101703,,
3,32,161,2,18,1,331.0831,"02",120,2,,,,,,,,,0,,0,,0,,2,2,2,888,2,2,4,888,1,0,1,,3,,,,1,4,2,1,6,,,,,,,,,,,," ",336101803,,
3,33,162,2,1,1,1184.27806451613,"02",180,2,,,,,,,,,0,,0,,0,,1,1,2,4,2,2,4,1,1,0,1,,3,,,,1,2,2,1,1,,,,,,,,,,,," ",346200103,,
3,33,162,2,2,1,1184.27806451613,"02",120,1,,,,,,,,,0,,0,,0,,4,2,1,1,2,1,5,1,0,,,,,,,,,,,,1,,,,,,,,,,,," ",346200203,,
3,33,162,2,3,1,1184.27806451613,"01",120,2,,,,,,,,,1,4,1,4,0,,1,2,3,4,2,3,4,4,0,,,,,,,,,,,,1,,,,,,,,,,,," ",346200303,,
3,33,162,2,4,1,1184.27806451613,"02",120,2,,,,,,,,,0,,0,,0,,1,2,2,1,2,1,4,1,0,,,,,,,,,,,,1,,,,,,,,,,,," ",346200403,,
3,33,162,2,5,1,1184.27806451613,"01",120,2,,,,,,,,,0,,0,,0,,1,2,3,5,2,4,1,4,0,,,,,,,,,,,,1,,,,,,,,,,,," ",346200503,,
3,33,162,2,6,1,1184.27806451613,"01",90,2,,,,,,,,,0,,0,,0,,2,2,2,2,2,2,5,1,0,,,,,,,,,,,,1,,,,,,,,,,,," ",346200603,,
3,33,162,2,7,1,1184.27806451613,"02",60,1,,1,1,1,1,1,1,2,1,0,1,4,0,,3,2,3,3,3,3,5,3,1,0,1,,2,,,,1,2,1,1,4,,,,,,,,,,,," ",346200703,,
3,33,162,2,8,1,1184.27806451613,"04",120,2,,,,,,,,,1,4,0,,1,4,888,1,888,888,4,888,5,888,1,0,2,,,5,3,,1,4,2,1,2,,,,,,,,,,,," ",346200803,,
3,33,162,2,9,1,1184.27806451613,"01",60,2,,,,,,,,,0,,1,4,0,,3,1,3,888,3,888,3,888,1,0,2,,,3,2,,1,5,1,1,5,,,,,,,,,,,," ",346200903,,
3,33,162,2,10,1,1427.713,"01",180,2,,3,3,3,3,3,3,3,0,,1,4,0,,3,2,3,3,2,3,2,3,1,0,2,,,4,3,,1,2,1,1,6,,,,,,,,,,,," ",346201003,,
3,33,162,2,11,1,1184.27806451613,"01",60,2,,,,,,,,,1,0,0,,1,4,888,2,888,888,2,888,5,888,0,,,,,,,,,,,,1,,,,,,,,,,,," ",346201103,,
3,33,162,2,14,1,1184.27806451613,"02",120,2,,,,,,,,,1,888,0,,1,888,888,2,888,888,888,888,5,888,1,0,1,,2,,,,1,3,1,0,2,,,,,,,,,,,," ",346201403,,
3,33,162,2,15,1,1184.27806451613,"02",120,2,,,,,,,,,0,,0,,1,4,888,2,888,888,3,888,5,888,1,0,2,,,5,3,,1,3,3,1,2,,,,,,,,,,,," ",346201503,,
3,33,162,2,17,1,1427.713,"02",120,1,,,,,,,,,1,0,1,4,0,,1,1,1,1,1,1,5,2,1,0,2,,,3,2,,1,2,1,1,4,,,,,,,,,,,," ",346201703,,
3,33,162,2,18,1,1427.713,"02",120,2,,,,,,,,,0,,1,4,0,,3,1,888,888,2,888,4,3,1,1,2,,,3,2,,1,3,1,1,5,,,,,,,,,,,," ",346201803,,
3,33,162,2,19,1,1184.27806451613,"01",120,2,,,,,,,,,1,888,0,,0,,888,2,888,888,888,888,5,888,0,,,,,,,,,,,,1,,,,,,,,,,,," ",346201903,,
3,33,162,2,20,1,1184.27806451613,"01",120,2,,,,,,,,,0,,0,,0,,888,2,888,888,888,888,5,888,0,,,,,,,,,,,,2,,,,,,,,,,,," ",346202003,,
3,33,162,2,22,1,1427.713,"02",120,1,,,,,,,,,1,0,1,4,0,,1,1,1,1,1,1,5,1,1,0,2,,,2,2,,1,5,1,1,4,,,,,,,,,,,," ",346202203,,
3,33,163,1,1,1,39.26535,"02",180,1,1,5,5,3,5,3,3,5,0,,0,,0,,888,888,888,3,4,2,5,1,1,1,1,,3,,,,1,3,2,1,1,,,,,,,,,,,," ",346300103,,
3,33,163,1,2,1,39.26535,"02",180,1,1,,,,,,,,1,888,0,,1,0,5,4,1,1,4,1,5,1,0,,,,,,,,,,,,3,,,,,,,,,,,," ",346300203,,
3,33,163,1,3,1,39.26535,"03",120,1,1,5,5,3,5,3,5,5,0,,0,,0,,888,888,888,2,888,2,5,1,1,1,1,,3,,,,1,3,2,0,3,,,,,,,,,,,," ",346300303,,
3,33,163,1,4,1,39.26535,"02",120,1,1,,,,,,,,1,0,1,4,1,0,4,1,1,1,1,1,5,1,1,1,2,,,3,2,,1,2,1,0,4,,,,,,,,,,,," ",346300403,,
3,33,163,1,5,1,39.26535,"02",90,1,2,,,,,,,,0,,0,,0,,5,4,4,1,4,1,5,1,0,,,,,,,,,,,,3,,,,,,,,,,,," ",346300503,,
3,33,163,1,7,1,39.26535,"02",120,1,1,,,,,,,,0,,0,,0,,5,4,1,4,4,1,5,1,0,,,,,,,,,,,,3,,,,,,,,,,,," ",346300703,,
3,33,163,1,8,1,39.26535,"02",120,1,1,,,,,,,,0,,0,,0,,5,4,1,4,4,1,5,1,0,,,,,,,,,,,,3,,,,,,,,,,,," ",346300803,,
3,33,163,1,9,1,39.26535,"02",60,1,1,,,,,,,,0,,0,,0,,5,3,3,3,3,1,5,2,0,,,,,,,,,,,,3,,,,1,,,,,,,," ",346300903,,
3,33,163,1,10,1,39.26535,"02",120,1,1,,,,,,,,0,,0,,0,,1,1,1,1,1,1,5,2,1,1,1,,4,,,,1,2,2,1,2,,,,,,,,,,,," ",346301003,,
3,33,163,1,11,1,39.26535,"02",180,1,1,2,2,2,2,2,2,5,0,,0,,0,,1,3,1,1,1,4,4,1,1,1,2,,,4,3,,1,4,2,0,3,,,,,,,,,,,," ",346301103,,
3,33,163,1,12,1,39.26535,"01",120,1,2,3,3,3,3,3,3,3,0,,0,,0,,1,2,2,2,2,2,5,4,1,1,1,,3,,,,1,2,3,0,5,,,1,,,,,,,,," ",346301203,,
3,33,163,1,13,1,39.26535,"02",180,1,2,5,5,3,5,3,3,5,0,,0,,0,,2,2,888,3,3,3,5,1,1,1,1,,3,,,,1,3,2,0,1,,,,,,,,,,,888," ",346301303,,
3,33,163,1,15,1,39.26535,"06",120,1,1,,,,,,,,0,,0,,0,,888,2,2,888,2,2,5,888,0,,,,,,,,,,,,3,,,,,,,,,,,," ",346301503,,
3,33,163,1,16,1,39.26535,"04",60,1,1,,,,,,,,0,,0,,0,,888,2,2,2,2,2,5,888,0,,,,,,,,,,,,2,,,,,,,,,,,," ",346301603,,
3,33,163,1,17,1,39.26535,"02",60,1,1,,,,,,,,0,,0,,0,,888,2,2,888,2,2,5,888,1,1,1,,3,,,,1,4,2,0,2,,,,,,,,,,,," ",346301703,,
3,33,163,1,18,1,39.26535,"06",240,1,1,,,,,,,,1,0,1,4,0,,1,1,1,4,1,1,5,5,1,1,2,,,3,2,,1,2,1,0,4,,,,,,,,,,,," ",346301803,,
3,33,163,1,19,1,39.26535,"02",60,1,1,5,5,3,5,3,5,5,1,0,1,888,0,,5,1,1,1,1,1,5,1,1,1,2,,,4,3,,1,2,1,0,4,,,,,,,,,,,," ",346301903,,
3,33,163,1,20,1,39.26535,"02",120,1,1,5,2,2,2,2,2,5,0,,0,,0,,1,1,1,1,1,1,4,1,1,1,2,,,3,2,,1,3,0,1,3,,,,,,,,,,,," ",346302003,,
3,33,164,1,1,1,40.7132292682927,"02",120,1,2,,,,,,,,0,,0,,1,4,2,2,2,4,4,4,4,4,1,0,2,,,3,2,,1,2,0,1,1,,,,,,,,,,,," ",346400103,,
3,33,164,1,2,1,40.7132292682927,"01",90,2,2,,,,,,,,0,,0,,1,4,2,2,2,4,4,2,4,4,1,0,2,,,3,3,,1,3,1,1,1,,,,,,,,,,,," ",346400203,,
3,33,164,1,4,1,208.6553,"02",240,1,1,3,3,3,3,3,3,3,0,,1,2,1,1,1,2,2,1,4,1,1,1,1,1,1,,2,,,,1,3,2,1,4,,,,,,,,,,,," ",346400403,,
3,33,164,1,5,1,208.6553,"03",240,1,1,5,5,2,2,2,2,5,0,,1,1,1,0,1,1,1,4,4,1,4,1,1,1,1,,3,,,,1,5,2,1,4,,1,,,,,,,,,," ",346400503,,
3,33,164,1,6,1,208.6553,"01",120,1,2,5,5,5,5,5,5,5,0,,1,3,1,0,2,1,2,4,4,4,4,1,1,1,1,,4,,,,1,2,3,1,2,,,1,,,,,,,,," ",346400603,,
3,33,164,1,8,1,208.6553,"01",240,1,2,5,5,3,5,3,5,5,1,0,1,0,0,,4,1,4,2,2,2,5,1,1,1,2,,,3,2,,1,4,2,1,4,,,,,,,,,,,," ",346400803,,
3,33,164,1,9,1,208.6553,"02",180,1,1,5,5,3,5,3,3,5,1,0,1,0,0,,2,4,1,2,4,2,5,1,1,1,2,,,2,2,,1,3,1,1,3,,,,,,,,,,,," ",346400903,,
3,33,164,1,10,1,208.6553,"06",240,1,2,5,5,2,5,2,5,5,0,,1,4,1,4,5,888,2,3,888,1,888,4,1,1,1,,3,,,,1,3,2,1,1,,,,,,,,,,,," ",346401003,,
3,33,164,1,11,1,208.6553,"08",150,1,1,2,2,2,2,2,2,5,0,,1,4,1,4,4,2,2,2,4,4,4,4,1,1,1,,2,,,,1,3,3,1,2,,,1,,,,,,,,," ",346401103,,
3,33,164,1,12,1,208.6553,"01",30,1,2,,,,,,,,1,0,1,0,1,0,2,2,2,2,4,2,4,2,0,,,,,,,,,,,,1,,,,,,,,,,,," ",346401203,,
3,33,164,1,13,1,208.6553,"01",120,1,2,3,3,3,3,3,3,5,0,,1,4,0,,1,1,1,5,2,5,5,1,1,1,2,,,4,2,,1,3,2,1,2,,,,,,,,,,,," ",346401303,,
3,33,164,1,14,1,208.6553,"02",180,1,1,,,,,,,,1,0,1,4,0,,2,1,1,2,2,4,5,2,0,,,,,,,,,,,,1,,,,,,,,,,,," ",346401403,,
3,33,164,1,15,1,208.6553,"01",180,1,1,5,5,3,5,3,5,5,0,,1,4,0,,2,1,1,1,5,1,5,3,1,1,2,,,3,2,,1,4,2,1,3,,,,,,,,,,,," ",346401503,,
3,33,164,1,16,1,208.6553,"01",120,1,2,,,,,,,,1,0,1,1,0,,2,2,2,2,2,2,2,2,1,1,1,,2,,,,1,2,2,1,1,,,,,,,,,,,," ",346401603,,
3,33,164,1,17,1,208.6553,"02",180,1,2,,,,,,,,0,,0,,0,,2,1,1,2,3,4,2,2,0,,,,,,,,,,,,4,,,,,,,,,,,," ",346401703,,
3,33,164,1,18,1,208.6553,"01",540,1,1,,,,,,,,0,,0,,0,,1,2,2,1,2,2,1,2,1,1,1,,3,,,,1,3,4,0,1,,,,,,,,,,,," ",346401803,,
3,33,164,1,19,1,208.6553,"03",360,1,2,,,,,,,,1,3,1,4,0,,4,4,2,1,4,2,5,4,1,1,1,,3,,,,1,4,1,1,2,,,,,,,,,,,," ",346401903,,
3,33,164,1,20,1,208.6553,"03",240,2,1,,,,,,,,0,,0,,1,4,2,2,2,4,4,3,4,3,1,1,2,,,5,4,,1,3,2,1,1,,,,,,,,,,,," ",346402003,,
3,33,165,1,1,1,61.1185308176101,"02",180,2,2,1,1,1,1,1,1,1,1,0,1,4,1,4,888,2,888,2,2,888,4,888,1,0,2,,,3,2,,1,3,2,1,2,,1,,,,,,,,,," ",346500103,,
3,33,165,1,2,1,61.1185308176101,"02",180,1,2,,,,,,,,1,0,1,4,0,,2,2,1,2,2,4,5,2,1,0,1,,3,,,,1,4,2,1,2,,,,,,,,,,,," ",346500203,,
3,33,165,1,3,1,303.6827,"01",180,2,2,,,,,,,,1,0,1,4,1,4,2,2,2,2,2,1,2,2,1,1,2,,,3,2,,1,3,2,1,6,,,,,,,,,,,," ",346500303,,
3,33,165,1,4,1,303.6827,"02",180,1,2,,,,,,,,0,,1,4,1,4,2,2,2,4,4,4,5,2,1,1,2,,,3,2,,1,3,2,1,5,,,,,,,,,,,888," ",346500403,,
3,33,165,1,5,1,303.6827,"03",210,1,1,,,,,,,,1,0,0,,0,,2,2,2,5,2,4,1,3,1,0,2,,,3,2,,1,3,1,1,2,,,,,,,,,,,," ",346500503,,
3,33,165,1,6,1,303.6827,"01",120,1,2,,,,,,,,0,,0,,1,4,4,2,2,888,888,4,3,2,0,,,,,,,,,,,,4,,,,,,,,,,,," ",346500603,,
3,33,165,1,7,1,303.6827,"02",120,1,2,,,,,,,,0,,1,4,1,4,888,2,888,4,3,888,4,1,1,1,1,,3,,,,1,3,2,1,8,,,1,,,,,,,,," ",346500703,,
3,33,165,1,8,1,303.6827,"02",240,1,1,5,5,3,5,3,3,5,0,,1,0,0,,1,1,5,2,2,4,5,2,1,1,2,,,4,3,,1,4,2,1,4,,,,,,,,,,,," ",346500803,,
3,33,165,1,9,1,303.6827,"02",120,2,2,,,,,,,,0,,0,,0,,2,2,2,2,2,2,2,2,0,,,,,,,,,,,,1,,1,,,,,,,,,," ",346500903,,
3,33,165,1,10,1,303.6827,"02",360,1,1,,,,,,,,1,0,1,0,0,,888,2,888,2,2,888,1,2,1,1,1,,2,,,,1,3,1,1,2,,,,1,,,,,,,," ",346501003,,
3,33,165,1,11,1,303.6827,"02",120,1,2,,,,,,,,0,,1,1,0,,1,1,1,1,1,1,1,1,0,,,,,,,,,,,,1,,1,,,,,,,,,," ",346501103,,
3,33,165,1,12,1,303.6827,"02",120,1,2,,,,,,,,0,,0,,0,,1,2,2,1,1,1,1,1,0,,,,,,,,,,,,1,,,,,,,,,,,," ",346501203,,
3,33,165,1,13,1,303.6827,"02",240,1,2,,,,,,,,1,1,1,0,0,,2,2,2,2,2,2,2,2,0,,,,,,,,,,,,1,,1,,,,,,,,,," ",346501303,,
3,33,165,1,14,1,303.6827,"05",300,1,1,3,3,3,3,3,3,3,0,,0,,0,,1,4,1,4,4,1,5,1,1,1,2,,,3,2,,1,4,2,1,5,,,,,,,,,,,," ",346501403,,
3,33,165,1,15,1,303.6827,"02",240,1,2,,,,,,,,0,,1,1,1,0,1,1,1,1,1,2,4,1,1,1,2,,,3,2,,1,2,2,0,1,,1,,,,,,,,,," ",346501503,,
3,33,165,1,16,1,303.6827,"01",120,2,2,,,,,,,,0,,1,1,0,,1,1,4,4,1,4,2,4,1,1,2,,,3,2,,1,3,2,1,1,,,,,,,,,,,," ",346501603,,
3,33,165,1,17,1,303.6827,"02",120,1,1,5,5,3,5,3,5,5,1,0,0,,1,4,2,2,2,4,4,2,5,2,1,1,1,,2,,,,1,3,2,1,4,,,1,,,,,,,,," ",346501703,,
3,33,165,1,18,1,303.6827,"02",120,1,2,,,,,,,,1,0,1,1,0,,1,888,1,4,4,2,2,2,1,1,1,,3,,,,1,3,1,1,1,,,,,,,,,,,," ",346501803,,
3,33,166,1,1,1,356.2306,"02",240,1,2,3,3,3,3,3,3,3,0,,0,,0,,1,1,2,1,1,1,4,1,1,1,2,,,3,2,,1,2,2,1,1,,,,,,,,,,,," ",346600103,,
3,33,166,1,2,1,356.2306,"01",120,1,2,,,,,,,,0,,1,4,1,4,4,2,2,2,4,2,5,3,0,,,,,,,,,,,,6,,,,,,,,,,,," ",346600203,,
3,33,166,1,3,1,356.2306,"02",60,1,1,,,,,,,,1,0,1,1,1,0,1,1,1,1,2,1,4,1,1,1,1,,4,,,,1,2,2,1,1,,,,,,,,,,,," ",346600303,,
3,33,166,1,4,1,356.2306,"01",90,1,1,,,,,,,,1,0,1,1,1,0,1,1,1,1,1,2,2,2,1,1,1,,2,,,,1,2,2,1,1,,,,,,,,,,,," ",346600403,,
3,33,166,1,5,1,55.8271835820896,"01",60,2,2,,,,,,,,1,0,0,,0,,2,2,4,4,1,2,2,4,1,0,2,,,3,2,,1,3,2,1,1,,,,,,,,,,,," ",346600503,,
3,33,166,1,6,1,356.2306,"02",180,1,2,,,,,,,,0,,0,,0,,1,1,1,1,1,1,4,1,1,1,2,,,3,2,,1,2,2,1,1,,,,,,,,,,,," ",346600603,,
3,33,166,1,7,1,356.2306,"02",30,1,1,,,,,,,,0,,0,,0,,1,2,2,1,1,1,4,1,1,1,1,,2,,,,1,2,2,0,1,,,,,,,,,,,," ",346600703,,
3,33,166,1,8,1,55.8271835820896,"01",60,2,2,,,,,,,,0,,0,,0,,2,2,2,2,2,2,2,2,1,0,2,,,3,2,,1,2,1,0,1,,,,,,,,,,,," ",346600803,,
3,33,166,1,9,1,356.2306,"02",90,1,2,5,5,2,5,2,5,5,0,,1,4,1,4,4,2,2,4,4,2,5,2,0,,,,,,,,,,,,4,,,1,,,,,,,,," ",346600903,,
3,33,166,1,10,1,55.8271835820896,"02",120,1,2,,,,,,,,1,2,1,1,0,,2,1,1,1,1,2,1,2,1,0,1,,2,,,,1,2,1,1,1,,,,,,,,,,,," ",346601003,,
3,33,166,1,11,1,55.8271835820896,"01",120,2,2,,,,,,,,0,,0,,0,,1,2,2,2,2,2,2,2,0,,,,,,,,,,,,1,,,,,,,,,,,," ",346601103,,
3,33,166,1,13,1,356.2306,"02",60,1,1,3,3,3,3,3,3,3,1,0,1,2,1,1,1,1,2,1,1,4,4,1,1,1,1,,2,,,,1,3,2,1,2,,,,,,,,,,,," ",346601303,,
3,33,166,1,14,1,356.2306,"02",240,1,1,,,,,,,,1,0,1,4,1,4,4,2,2,4,4,2,5,2,1,1,2,,,3,2,,1,3,2,1,5,,,,,,,,,,,," ",346601403,,
3,33,166,1,15,1,356.2306,"02",60,1,1,,,,,,,,1,0,1,2,0,,1,1,2,1,2,1,4,2,1,1,1,,3,,,,1,5,1,1,5,,,,,,,,,,,," ",346601503,,
3,33,166,1,16,1,356.2306,"03",120,1,2,5,5,2,5,2,5,5,1,0,1,4,1,4,2,2,2,2,4,2,5,4,1,1,2,,,3,2,,1,3,2,1,5,,,,,,,,,,,," ",346601603,,
3,33,166,1,17,1,356.2306,"02",150,1,2,,,,,,,,0,,1,4,1,4,4,3,2,2,4,4,5,2,1,1,1,,2,,,,1,3,1,1,3,,,,,,,,,,,," ",346601703,,
3,33,166,1,18,1,356.2306,"04",60,1,1,,,,,,,,1,0,1,1,0,,1,1,1,3,2,4,4,1,1,1,1,,3,,,,1,2,2,1,2,,,,,,,,,,,," ",346601803,,
3,33,166,1,21,1,356.2306,"02",240,1,2,,,,,,,,1,0,1,4,1,4,4,2,2,4,2,2,4,2,1,1,2,,,3,2,,1,3,2,1,4,,,,,,,,,,,," ",346602103,,
3,33,167,2,1,1,1067.15995098039,"01",60,2,,,,,,,,,0,,1,4,1,4,888,2,888,4,4,888,4,888,1,1,2,,,3,2,,1,3,2,1,2,,,,,,,,,,,," ",346700103,,
3,33,167,2,2,1,1067.15995098039,"02",180,2,,,,,,,,,0,,1,2,0,,888,2,888,3,2,5,1,3,1,0,2,,,5,2,,1,3,2,1,1,,,,,,,,,,,," ",346700203,,
3,33,167,2,3,1,1067.15995098039,"02",60,2,,,,,,,,,1,0,1,4,1,4,888,2,888,2,2,888,3,888,1,0,2,,,3,2,,1,3,2,1,6,,,,,,,,,,,," ",346700303,,
3,33,167,2,4,1,1067.15995098039,"02",120,2,,,,,,,,,0,,0,,0,,1,2,888,2,2,888,1,4,1,0,2,,,3,2,,1,3,1,1,1,,,,,,,,,,,," ",346700403,,
3,33,167,2,5,1,1067.15995098039,"02",60,2,,,,,,,,,0,,1,1,1,4,888,2,888,888,2,888,4,888,1,0,2,,,3,2,,1,2,2,0,2,,,,,,,,,,,," ",346700503,,
3,33,167,2,6,1,1067.15995098039,"02",120,2,,,,,,,,,0,,0,,0,,4,4,2,4,2,888,888,888,1,0,1,,2,,,,1,2,2,1,2,,,,,,,,,,,," ",346700603,,
3,33,167,2,7,1,1067.15995098039,"02",60,2,,,,,,,,,0,,1,1,1,4,888,888,888,888,2,888,4,888,1,0,1,,3,,,,1,3,2,1,7,,,,,,,,,,,," ",346700703,,
3,33,167,2,8,1,1067.15995098039,"02",60,2,,,,,,,,,0,,1,4,1,4,888,2,888,2,4,5,4,888,1,0,2,,,3,2,,1,3,2,1,2,,,,,,,,,,,," ",346700803,,
3,33,167,2,9,1,1067.15995098039,"02",120,2,,,,,,,,,0,,1,4,1,4,888,2,888,2,2,888,3,2,1,1,2,,,3,2,,1,3,2,1,1,,,,,,,,,,,," ",346700903,,
3,33,167,2,10,1,3110.009,"02",180,1,,,,,,,,,1,4,1,2,0,,1,2,3,5,2,888,2,4,1,0,2,,,4,2,,1,4,2,0,2,,,,,,,,,,,," ",346701003,,
3,33,167,2,11,1,1067.15995098039,"02",150,1,,,,,,,,,1,0,1,4,1,4,2,2,2,2,2,1,4,2,1,1,2,,,3,2,,1,3,2,1,2,,,,,,,,,,,," ",346701103,,
3,33,167,2,13,1,1067.15995098039,"02",120,2,,,,,,,,,0,,0,,0,,1,2,888,5,2,888,1,3,0,,,,,,,,,,,,1,,,,,,,,,,,," ",346701303,,
3,33,167,2,14,1,1067.15995098039,"02",180,1,,,,,,,,,0,,0,,1,4,2,2,2,4,2,888,4,3,1,0,2,,,3,2,,1,3,1,1,1,,,,,,,,,,,," ",346701403,,
3,33,167,2,15,1,1067.15995098039,"02",90,2,,,,,,,,,0,,1,4,1,4,888,3,888,2,4,888,4,888,1,1,2,,,3,2,,1,3,2,1,1,,,,,,,,,,,," ",346701503,,
3,33,167,2,16,1,1067.15995098039,"02",240,1,,,,,,,,,0,,1,4,1,4,3,2,3,4,2,3,4,4,1,0,2,,,3,2,,1,3,2,1,2,,,,,,,,,,,," ",346701603,,
3,33,167,2,17,1,1067.15995098039,"02",120,1,,,,,,,,,0,,1,1,1,4,888,2,888,4,2,2,4,4,1,0,1,,2,,,,1,3,2,1,2,,,,,,,,,,,," ",346701703,,
3,33,167,2,18,1,3110.009,"02",220,1,,,,,,,,,0,,1,4,0,,4,2,2,1,4,2,4,2,1,0,2,,,3,2,,1,4,3,1,1,,,,,,,,,,,," ",346701803,,
3,33,167,2,20,1,1067.15995098039,"02",120,2,,,,,,,,,0,,1,4,0,,888,2,888,3,1,888,1,4,1,0,2,,,2,2,,1,3,2,0,1,,,,,,,,,,,," ",346702003,,
3,33,168,1,1,1,384.5632,"02",120,1,2,,,,,,,,1,0,1,4,1,0,1,1,2,1,1,4,4,2,0,,,,,,,,,,,,1,,,,,,,,,,,," ",346800103,,
3,33,168,1,3,1,384.5632,"02",60,2,2,,,,,,,,1,0,1,3,0,,4,4,4,5,4,4,5,3,1,1,1,,3,,,,2,4,2,1,1,,,,,,,,,,,," ",346800303,,
3,33,168,1,4,1,384.5632,"02",180,1,2,5,5,5,5,5,5,5,1,0,1,0,0,,1,4,1,4,4,2,5,2,1,1,1,,3,,,,1,4,2,1,2,,,,,,,,,,,," ",346800403,,
3,33,168,1,5,1,384.5632,"01",300,2,2,,,,,,,,1,0,1,1,0,,2,2,1,1,1,4,4,1,1,1,1,,2,,,,1,6,2,1,1,,,,,,,,,,,," ",346800503,,
3,33,168,1,6,1,384.5632,"02",120,1,1,,,,,,,,1,0,1,1,1,0,1,1,1,2,2,2,4,1,1,1,1,,3,,,,1,3,2,1,1,,,,,,,,,,,," ",346800603,,
3,33,168,1,7,1,728.80244415011,"02",120,2,2,,,,,,,,1,0,1,2,1,0,1,1,1,1,4,2,1,1,0,,,,,,,,,,,,2,,,,,,,,,,,," ",346800703,,
3,33,168,1,8,1,384.5632,"01",180,1,2,,,,,,,,1,0,1,1,0,,3,4,3,4,2,3,1,3,0,,,,,,,,,,,,2,,,,,,,,,,,," ",346800803,,
3,33,168,1,9,1,384.5632,"01",120,1,2,,,,,,,,1,0,1,2,0,,1,1,2,1,2,4,4,2,1,1,1,,2,,,,1,3,2,1,1,,,,,,,,,,,," ",346800903,,
3,33,168,1,10,1,384.5632,"01",120,1,1,,,,,,,,0,,0,,0,,2,2,1,3,4,1,4,888,0,,,,,,,,,,,,4,,,,,,,,,,,," ",346801003,,
3,33,168,1,11,1,384.5632,"01",90,1,2,,,,,,,,1,0,1,3,0,,3,2,3,2,4,3,4,3,1,0,2,,,3,2,,1,3,1,0,8,,,,,,,,,,,," ",346801103,,
3,33,168,1,12,1,384.5632,"02",120,1,1,,,,,,,,1,0,1,3,0,,1,1,1,1,1,1,4,1,0,,,,,,,,,,,,4,,,,,,,,,,,," ",346801203,,
3,33,168,1,13,1,384.5632,"02",240,2,2,,,,,,,,1,0,1,2,0,,1,1,2,3,1,1,2,2,1,1,1,,2,,,,1,3,2,1,1,,,,,,,,,,,," ",346801303,,
3,33,168,1,14,1,384.5632,"02",120,1,1,5,5,3,3,3,3,5,1,0,1,0,1,0,1,4,2,4,4,2,5,2,0,,,,,,,,,,,,3,,,,,,,,,,,," ",346801403,,
3,33,168,1,15,1,384.5632,"02",240,1,2,,,,,,,,1,0,1,1,0,,2,2,2,2,2,4,4,2,0,,,,,,,,,,,,1,,,,,,,,,,,," ",346801503,,
3,33,168,1,16,1,384.5632,"02",60,1,1,3,3,3,3,3,3,5,1,0,1,1,1,0,1,1,1,1,1,2,4,2,0,,,,,,,,,,,,4,,,,,,,,,,,," ",346801603,,
3,33,168,1,17,1,384.5632,"02",120,1,2,,,,,,,,1,0,1,3,0,,1,1,1,2,2,2,2,1,0,,,,,,,,,,,,1,,,,,,,,,,,," ",346801703,,
3,33,168,1,20,1,384.5632,"02",240,1,1,,,,,,,,1,0,0,,0,,2,2,2,2,1,1,4,2,0,,,,,,,,,,,,1,,,,,,,,,,,," ",346802003,,
3,33,168,1,21,1,384.5632,"05",300,1,1,5,5,3,5,3,3,5,1,0,1,0,1,0,5,4,2,4,2,2,5,2,1,1,2,,,3,2,,1,3,1,1,3,,,,,,,,,,,," ",346802103,,
3,33,169,1,1,1,251.307332571429,"01",120,2,2,,,,,,,,0,,1,4,1,4,2,2,2,4,4,4,4,4,1,0,4,4,,,,,1,5,0,1,2,,,,,,,,,,,," ",346900103,,
3,33,169,1,2,1,251.307332571429,"01",120,2,2,,,,,,,,0,,1,1,1,4,3,888,888,4,2,5,4,4,1,0,2,,,4,3,,1,3,2,1,1,,,,,,,,,,,," ",346900203,,
3,33,169,1,3,1,251.307332571429,"01",60,1,2,,,,,,,,1,4,0,,0,,4,1,4,2,4,2,5,5,0,,,,,,,,,,,,1,,,,,,,,,,,," ",346900303,,
3,33,169,1,4,1,251.307332571429,"02",60,2,2,,,,,,,,1,0,1,2,0,,3,4,3,4,2,3,1,3,1,0,2,,,4,2,,1,3,2,1,2,,,,,,,,,,,," ",346900403,,
3,33,169,1,5,1,251.307332571429,"02",120,2,2,,,,,,,,0,,1,3,0,,4,2,2,2,2,4,2,3,1,0,2,,,3,2,,1,4,1,1,1,,,,,,,,,,,," ",346900503,,
3,33,169,1,6,1,192.8894,"03",240,1,1,,,,,,,,0,,0,,0,,2,1,2,1,2,5,5,2,1,1,2,,,3,2,,1,3,3,0,1,,,,,,,,,,,," ",346900603,,
3,33,169,1,7,1,251.307332571429,"02",120,2,2,,,,,,,,0,,1,3,0,,2,2,4,2,1,3,5,1,1,0,2,,,4,3,,1,4,1,1,1,,,,,,,,,,,," ",346900703,,
3,33,169,1,8,1,192.8894,"02",120,1,2,,,,,,,,1,0,1,0,0,,3,4,3,4,4,3,5,3,1,0,2,,,4,3,,1,3,2,1,2,,,,,,,,,,,," ",346900803,,
3,33,169,1,9,1,192.8894,"01",180,2,2,,,,,,,,0,,0,,1,4,888,888,888,888,888,888,4,888,0,,,,,,,,,,,,1,,,,,,,,,,,," ",346900903,,
3,33,169,1,10,1,192.8894,"02",60,1,2,,,,,,,,0,,0,,0,,888,1,888,2,1,888,5,888,1,1,2,,,3,2,,1,3,1,1,1,,,,,,,,,,,," ",346901003,,
3,33,169,1,12,1,192.8894,"02",120,2,2,,,,,,,,0,,0,,1,4,888,2,2,4,4,4,4,2,1,0,1,,2,,,,1,2,0,1,1,,,,,,,,,,,," ",346901203,,
3,33,169,1,13,1,251.307332571429,"01",60,2,2,,,,,,,,0,,0,,1,0,2,2,2,2,2,2,5,5,0,,,,,,,,,,,,2,,,,,,,,,,,," ",346901303,,
3,33,169,1,14,1,251.307332571429,"02",180,2,2,,,,,,,,0,,0,,0,,1,2,888,5,2,5,2,3,0,,,,,,,,,,,,2,,,,,,,,,,,," ",346901403,,
3,33,169,1,15,1,192.8894,"01",60,2,2,,,,,,,,0,,1,4,0,,2,4,2,4,4,4,5,3,1,1,2,,,3,2,,1,3,1,1,1,,,,,,,,,,,," ",346901503,,
3,33,169,1,17,1,251.307332571429,"02",120,2,2,,,,,,,,1,0,1,3,0,,3,2,3,2,2,3,5,3,1,0,1,,3,,,,1,3,1,1,2,,,,,,,,,,,," ",346901703,,
3,33,169,1,18,1,192.8894,"02",120,2,2,,,,,,,,0,,1,4,1,4,3,2,3,4,2,888,4,4,1,0,1,,3,,,,4,4,0,1,2,,,,,,,,,,,," ",346901803,,
3,33,169,1,19,1,251.307332571429,"02",120,2,2,,,,,,,,0,,1,4,1,4,1,2,2,3,4,4,4,4,1,0,2,,,4,3,,1,3,1,1,1,,,,,,,,,,,," ",346901903,,
3,33,169,1,22,1,192.8894,"03",120,2,2,,,,,,,,1,0,1,3,0,,3,2,3,2,2,3,5,3,1,0,1,,2,,,,1,3,0,1,2,,,,,,,,,,,," ",346902203,,
3,33,170,2,1,1,1375.08,"02",210,1,,,,,,,,,1,4,1,4,1,4,5,2,2,2,2,2,2,2,1,1,1,,3,,,,1,3,2,1,4,,,,,,,,,,,," ",347000103,,
3,33,170,2,3,1,1065.687,"02",300,2,,,,,,,,,0,,0,,0,,1,2,888,4,2,5,2,5,1,0,2,,,3,2,,1,4,1,1,1,,,,,,,,,,,," ",347000303,,
3,33,170,2,4,1,1375.08,"02",60,2,,,,,,,,,1,1,1,1,0,,1,2,1,1,4,4,1,1,1,1,1,,2,,,,1,2,2,1,1,,,,,,,,,,,," ",347000403,,
3,33,170,2,5,1,1065.687,"02",180,2,,,,,,,,,0,,0,,0,,1,2,3,5,2,4,1,5,1,0,2,,,5,2,,1,4,1,1,1,,,,,,,,,,,," ",347000503,,
3,33,170,2,6,1,1065.687,"02",30,2,,,,,,,,,1,0,1,0,0,,3,2,3,888,4,3,2,3,1,0,2,,,3,2,,2,4,1,1,2,,,,,,,,,,,," ",347000603,,
3,33,170,2,7,1,1065.687,"02",60,2,,,,,,,,,1,1,0,,0,,1,1,1,1,1,2,4,2,0,,,,,,,,,,,,1,,,,,,,,,,,," ",347000703,,
3,33,170,2,8,1,1065.687,"01",180,2,,,,,,,,,1,0,1,3,0,,3,4,3,4,2,3,5,3,1,0,2,,,4,3,,2,3,1,1,2,,,,,,,,,,,," ",347000803,,
3,33,170,2,9,1,1065.687,"02",120,2,,,,,,,,,0,,0,,0,,1,1,3,3,1,3,1,3,1,0,1,,3,,,,1,3,2,1,1,,,,,,,,,,,," ",347000903,,
3,33,170,2,10,1,1375.08,"02",240,2,,,,,,,,,0,,1,4,1,4,888,2,888,2,4,888,4,888,1,0,1,,3,,,,1,3,2,1,2,,,,,,,,,,,," ",347001003,,
3,33,170,2,11,1,1375.08,"02",120,2,,,,,,,,,0,,1,3,1,4,888,888,888,888,888,888,4,888,1,0,2,,,3,2,,1,3,1,1,1,,,,,,,,,,,," ",347001103,,
3,33,170,2,12,1,1375.08,"02",120,2,,,,,,,,,0,,1,1,0,,2,2,4,3,1,3,1,4,1,0,1,,4,,,,1,4,2,1,1,,,,,,,,,,,," ",347001203,,
3,33,170,2,13,1,1375.08,"05",180,1,,,,,,,,,1,0,1,4,0,,4,2,2,5,2,3,5,3,1,1,2,,,3,2,,2,4,2,1,7,,,,,,,,,,,," ",347001303,,
3,33,170,2,15,1,1065.687,"02",120,2,,,,,,,,,0,,0,,0,,4,2,3,2,2,3,2,3,0,,,,,,,,,,,,1,,,,,,,,,,,," ",347001503,,
3,33,170,2,16,1,1375.08,"01",60,2,,,,,,,,,1,0,1,1,1,2,1,1,4,4,2,4,4,4,1,0,1,,3,,,,1,3,2,1,1,,,,,,,,,,,," ",347001603,,
3,33,170,2,17,1,1375.08,"02",480,2,,,,,,,,,1,0,1,0,1,1,1,2,2,3,1,3,4,1,1,1,3,,,,,3,1,5,1,1,5,,,,,,,,,,,," ",347001703,,
3,33,170,2,18,1,1375.08,"02",120,2,,,,,,,,,0,,1,4,1,4,3,2,3,4,2,3,4,888,1,1,1,,3,,,,1,3,2,1,1,,,,,,,,,,,," ",347001803,,
3,33,170,2,19,1,1065.687,"02",60,2,,,,,,,,,0,,1,4,1,4,4,2,2,2,2,2,4,2,1,0,1,,2,,,,1,3,1,1,4,,,,,,,,,,,," ",347001903,,
3,33,170,2,22,1,1375.08,"02",60,2,,,,,,,,,0,,1,3,0,,1,2,888,5,1,888,2,3,1,0,2,,,3,2,,1,3,1,1,1,,,,,,,,,,,," ",347002203,,
3,33,171,1,1,1,92.5471440443213,"01",60,2,2,,,,,,,,1,0,1,1,0,,1,3,3,888,3,1,4,3,1,0,1,,2,,,,1,3,3,1,2,,,,,,,,,,,," ",347100103,,
3,33,171,1,2,1,607.4458,"01",60,2,2,,,,,,,,0,,0,,0,,1,2,2,1,3,2,4,2,1,1,1,,2,,,,1,2,3,1,2,,,,,,,,,,,," ",347100203,,
3,33,171,1,3,1,607.4458,"01",220,1,2,,,,,,,,0,,1,4,0,,1,2,2,5,2,5,5,2,1,1,2,,,4,2,,1,6,1,1,1,,,,,,,,,,,," ",347100303,,
3,33,171,1,4,1,607.4458,"01",240,1,1,,,,,,,,0,,1,2,0,,1,1,2,2,2,2,2,2,1,1,1,,2,,,,1,4,2,1,1,,,,,,,,,,,," ",347100403,,
3,33,171,1,5,1,92.5471440443213,"01",120,2,2,1,1,1,1,1,1,1,0,,0,,1,4,888,2,888,4,2,888,4,4,1,0,2,,,3,2,,1,3,1,0,1,,,,,,,,,,,," ",347100503,,
3,33,171,1,6,1,92.5471440443213,"02",60,2,2,,,,,,,,0,,1,4,1,4,5,2,2,4,2,4,4,4,0,,,,,,,,,,,,2,,,,,,,,,,,," ",347100603,,
3,33,171,1,7,1,92.5471440443213,"02",120,2,2,,,,,,,,0,,1,4,1,4,2,2,2,4,2,4,4,3,1,0,1,,2,,,,1,3,2,1,2,,,,,,,,,,,," ",347100703,,
3,33,171,1,8,1,92.5471440443213,"02",120,2,2,,,,,,,,0,,1,4,1,4,4,3,888,4,4,888,4,888,1,0,2,,,3,2,,1,3,2,1,4,,,,,,,,,,,," ",347100803,,
3,33,171,1,9,1,92.5471440443213,"02",120,1,2,,,,,,,,1,0,1,0,0,,1,1,3,4,4,3,4,2,1,0,1,,3,,,,1,3,2,1,1,,,,,,,,,,,," ",347100903,,
3,33,171,1,10,1,92.5471440443213,"02",180,2,2,,,,,,,,1,3,0,,0,,3,2,3,4,4,3,2,3,1,0,1,,3,,,,2,4,1,1,2,,,,,,,,,,,," ",347101003,,
3,33,171,1,11,1,607.4458,"02",90,2,1,,,,,,,,0,,1,4,1,4,888,2,2,4,2,2,4,888,1,1,2,,,3,2,,1,3,0,1,1,,,,,,,,,,,," ",347101103,,
3,33,171,1,12,1,607.4458,"02",60,1,1,,,,,,,,0,,0,,0,,2,2,4,2,2,5,5,1,1,1,2,,,5,3,,1,5,1,0,1,,,,,,,,,,,," ",347101203,,
3,33,171,1,13,1,607.4458,"02",180,2,2,,,,,,,,0,,0,,0,,1,2,3,5,1,888,5,5,0,,,,,,,,,,,,1,,,,,,,,,,,," ",347101303,,
3,33,171,1,15,1,607.4458,"02",140,1,1,,,,,,,,0,,1,4,1,4,2,2,2,2,4,4,2,2,1,1,2,,,3,2,,1,3,2,1,8,,,,,,,,,,,," ",347101503,,
3,33,171,1,16,1,607.4458,"02",240,1,2,,,,,,,,0,,1,1,0,,2,2,2,1,2,2,2,2,1,1,1,,2,,,,1,3,3,1,1,,,,,,,,,,,," ",347101603,,
3,33,171,1,20,1,607.4458,"01",120,2,2,,,,,,,,0,,1,1,0,,1,1,4,4,1,4,2,4,0,,,,,,,,,,,,1,,,,,,,,,,,," ",347102003,,
3,33,171,1,21,1,607.4458,"02",120,2,2,,,,,,,,0,,1,3,0,,2,1,2,2,1,888,5,3,0,,,,,,,,,,,,4,,,,,,,,,,,," ",347102103,,
3,33,171,1,22,1,607.4458,"02",120,1,2,,,,,,,,1,4,1,4,1,4,888,2,2,4,2,2,4,4,1,1,2,,,3,2,,1,3,2,1,1,,,,,,,,,,,," ",347102203,,
3,33,172,1,1,1,451.5992,"02",120,2,2,,,,,,,,0,,1,1,0,,1,2,2,4,2,2,4,2,1,1,2,,,4,3,,1,3,2,1,2,,,,,,,,,,,," ",347200103,,
3,33,172,1,2,1,94.4521202614379,"02",60,2,2,,,,,,,,0,,1,4,1,4,3,2,3,4,4,3,4,4,0,,,,,,,,,,,,1,,,,,,,,,,,," ",347200203,,
3,33,172,1,3,1,94.4521202614379,"02",120,2,2,,,,,,,,0,,1,4,1,4,4,2,888,2,4,2,4,3,0,,,,,,,,,,,,1,,,,,,,,,,,," ",347200303,,
3,33,172,1,4,1,451.5992,"02",120,1,1,,,,,,,,1,0,1,3,1,0,1,1,1,4,1,4,4,1,1,1,1,,2,,,,1,2,2,1,2,,,,,,,,,,,," ",347200403,,
3,33,172,1,5,1,451.5992,"01",240,1,2,3,5,3,3,3,5,5,0,,1,4,0,,5,2,2,1,5,5,5,1,0,,,,,,,,,,,,4,,1,,,,,,,,,," ",347200503,,
3,33,172,1,6,1,451.5992,"02",220,1,1,,,,,,,,0,,1,4,0,,888,1,3,5,5,1,2,1,1,1,2,,,3,2,,1,4,0,1,1,,,,,,,,,,,," ",347200603,,
3,33,172,1,7,1,451.5992,"03",240,1,2,,,,,,,,0,,1,4,1,4,2,2,2,2,4,2,4,4,1,1,1,,2,,,,1,3,2,1,1,,,,,,,,,,,," ",347200703,,
3,33,172,1,8,1,451.5992,"02",120,2,2,,,,,,,,1,4,1,4,0,,888,2,888,2,2,5,5,3,1,1,2,,,4,2,,1,4,0,0,1,,,,,,,,,,,," ",347200803,,
3,33,172,1,9,1,451.5992,"02",240,2,2,,,,,,,,0,,1,4,0,,2,2,5,1,1,5,5,2,1,1,2,,,3,2,,1,4,0,1,1,,,,,,,,,,,," ",347200903,,
3,33,172,1,10,1,451.5992,"01",120,1,2,,,,,,,,0,,1,1,1,0,1,1,1,1,1,1,4,1,1,1,1,,4,,,,1,3,2,1,1,,,,,,,,,,,," ",347201003,,
3,33,172,1,12,1,451.5992,"04",120,2,2,,,,,,,,0,,1,4,1,4,888,2,888,4,2,888,5,4,0,,,,,,,,,,,,1,,1,,,,,,,,,," ",347201203,,
3,33,172,1,13,1,451.5992,"02",600,1,1,2,2,2,2,3,2,2,1,0,1,3,0,,888,2,2,2,4,4,888,1,1,1,1,,3,,,,1,6,2,1,2,,,,,,,,,,,," ",347201303,,
3,33,172,1,14,1,451.5992,"02",130,2,2,,,,,,,,1,0,0,,1,0,1,1,1,4,4,4,4,2,1,1,1,,2,,,,1,3,3,1,1,,,,,,,,,,,," ",347201403,,
3,33,172,1,15,1,451.5992,"03",240,2,2,,,,,,,,0,,1,4,1,4,2,2,2,4,2,2,4,2,1,0,2,,,3,2,,1,3,2,1,1,,,,,,,,,,,," ",347201503,,
3,33,172,1,16,1,451.5992,"02",120,1,1,,,,,,,,0,,0,,1,0,5,5,1,1,5,1,5,4,0,,,,,,,,,,,,3,,1,,,,,,,,,," ",347201603,,
3,33,172,1,17,1,94.4521202614379,"01",120,1,2,,,,,,,,1,0,1,2,1,0,1,2,2,2,2,4,4,4,1,0,1,,2,,,,1,3,0,1,2,,,,,,,,,,,," ",347201703,,
3,33,172,1,18,1,451.5992,"05",360,1,1,,,,,,,,1,0,1,4,0,,1,2,3,5,5,5,5,1,1,1,2,,,4,2,,1,6,3,1,4,,1,,,,,,,,,," ",347201803,,
3,33,172,1,20,1,451.5992,"02",120,1,2,,,,,,,,0,,0,,0,,2,2,2,2,2,4,4,2,1,1,2,,,3,2,,1,3,2,1,1,,,,,,,,,,,," ",347202003,,
3,33,173,1,1,1,681.81784,"02",120,1,2,,,,,,,,1,0,1,2,1,0,1,2,2,2,3,2,4,2,1,0,1,,3,,,,1,6,2,1,2,,,,,,,,,,,," ",347300103,,
3,33,173,1,2,1,681.81784,"02",120,2,2,,,,,,,,1,0,1,1,0,,1,2,3,3,2,2,4,5,0,,,,,,,,,,,,1,,,,,,,,,,,," ",347300203,,
3,33,173,1,3,1,681.81784,"02",180,2,2,,,,,,,,1,4,1,0,0,,888,2,888,4,2,888,1,3,1,0,2,,,4,2,,2,4,2,1,7,,,,,,,,,,,," ",347300303,,
3,33,173,1,4,1,697.3137,"02",120,2,2,,,,,,,,0,,1,4,0,,2,2,888,1,2,888,5,5,1,1,2,,,5,3,,1,3,1,1,1,,,,,,,,,,,," ",347300403,,
3,33,173,1,5,1,681.81784,"01",120,1,2,,,,,,,,1,0,1,4,0,,1,2,5,2,1,2,1,3,1,0,2,,,4,2,,1,4,1,1,2,,,,,,,,,,,," ",347300503,,
3,33,173,1,6,1,681.81784,"02",60,2,2,,,,,,,,0,,0,,0,,888,2,888,4,2,888,5,3,1,0,2,,,4,2,,1,3,1,1,2,,,,,,,,,,,," ",347300603,,
3,33,173,1,7,1,681.81784,"02",60,2,2,,,,,,,,1,0,1,1,0,,2,2,1,4,2,2,5,2,1,0,2,,,5,3,,1,3,1,1,1,,,,,,,,,,,," ",347300703,,
3,33,173,1,8,1,681.81784,"02",90,2,2,,,,,,,,0,,0,,1,4,2,2,888,4,2,4,4,4,1,0,2,,,3,2,,1,3,0,1,1,,,,,,,,,,,," ",347300803,,
3,33,173,1,10,1,697.3137,"02",240,1,2,,,,,,,,0,,0,,0,,2,2,2,4,1,3,4,5,0,,,,,,,,,,,,1,,,,,,,,,,,," ",347301003,,
3,33,173,1,11,1,697.3137,"02",240,1,2,,,,,,,,0,,1,1,0,,1,1,1,1,1,2,4,4,1,1,1,,3,,,,1,3,2,1,1,,,,,,,,,,,," ",347301103,,
3,33,173,1,12,1,697.3137,"02",180,1,2,,,,,,,,1,0,1,1,0,,1,1,1,3,3,2,4,3,1,0,3,,,,,2,2,2,2,1,1,,,,,,,,,,,," ",347301203,,
3,33,173,1,13,1,681.81784,"02",60,1,2,,,,,,,,0,,1,4,1,0,1,2,1,1,1,2,2,2,1,0,1,,3,,,,1,3,1,1,1,,,,,,,,,,,," ",347301303,,
3,33,173,1,14,1,697.3137,"02",120,2,2,,,,,,,,0,,1,4,1,4,888,2,888,4,4,888,4,888,1,1,1,,3,,,,1,3,2,1,2,,,,,,,,,,,," ",347301403,,
3,33,173,1,15,1,681.81784,"02",60,2,2,,,,,,,,0,,1,4,1,4,2,2,3,4,2,888,4,4,1,1,2,,,4,3,,1,3,1,1,1,,,,,,,,,,,," ",347301503,,
3,33,173,1,16,1,697.3137,"02",120,1,2,,,,,,,,0,,1,4,1,4,2,2,888,2,4,2,5,2,0,,,,,,,,,,,,4,,,,,,,,,,,," ",347301603,,
3,33,173,1,18,1,697.3137,"02",120,1,2,,,,,,,,0,,1,4,1,4,2,2,3,4,2,3,4,4,0,,,,,,,,,,,,1,,,,,,,,,,,," ",347301803,,
3,33,173,1,19,1,681.81784,"01",120,2,2,2,2,2,2,2,2,2,0,,1,4,1,4,888,2,888,4,4,888,5,2,1,0,1,,2,,,,1,3,2,1,2,,,,,,,,,,,," ",347301903,,
3,33,173,1,20,1,697.3137,"02",120,2,2,,,,,,,,0,,1,4,0,,888,2,888,888,5,888,1,888,1,1,2,,,4,2,,1,3,0,1,1,,,,,,,,,,,," ",347302003,,
3,33,174,1,1,1,33.4869953051643,"02",60,2,2,,,,,,,,0,,0,,0,,4,2,2,2,2,2,4,2,1,0,1,,5,,,,1,2,1,1,1,,,,,,,,,,,," ",347400103,,
3,33,174,1,2,1,226.9505,"02",60,2,2,,,,,,,,0,,1,3,0,,1,1,1,1,1,1,4,2,1,0,1,,3,,,,1,4,0,1,2,,,,,,,,,,,," ",347400203,,
3,33,174,1,3,1,226.9505,"01",120,1,2,,,,,,,,0,,0,,0,,1,1,1,1,4,1,4,1,1,1,2,,,3,2,,1,3,1,1,5,,,,,,,,,,,," ",347400303,,
3,33,174,1,4,1,33.4869953051643,"02",120,2,2,,,,,,,,0,,0,,0,,2,2,2,2,2,2,2,2,1,0,1,,3,,,,1,6,2,1,2,,,,,,,,,,,," ",347400403,,
3,33,174,1,5,1,33.4869953051643,"02",60,2,2,,,,,,,,0,,1,2,1,2,2,2,2,2,2,2,4,2,1,0,1,,2,,,,1,3,1,1,2,,,,,,,,,,,," ",347400503,,
3,33,174,1,6,1,33.4869953051643,"01",90,2,2,,,,,,,,0,,0,,0,,2,2,2,888,2,2,4,888,1,0,1,,3,,,,1,4,2,0,2,,,,,,,,,,,," ",347400603,,
3,33,174,1,7,1,226.9505,"01",30,2,2,,,,,,,,0,,1,2,0,,2,2,2,1,2,2,4,4,1,0,1,,3,,,,1,4,1,1,5,,,,,,,,,,,," ",347400703,,
3,33,174,1,8,1,226.9505,"01",60,2,2,,,,,,,,0,,0,,0,,2,2,2,888,2,2,5,888,1,0,1,,2,,,,1,4,2,1,2,,,,,,,,,,,," ",347400803,,
3,33,174,1,9,1,226.9505,"01",60,2,2,,,,,,,,0,,0,,0,,2,2,2,888,2,2,4,888,1,0,1,,3,,,,1,3,2,1,2,,,,,,,,,,,," ",347400903,,
3,33,174,1,10,1,226.9505,"02",60,2,2,,,,,,,,0,,1,3,1,2,1,2,1,1,1,2,4,4,1,0,1,,2,,,,1,4,0,1,2,,,,,,,,,,,," ",347401003,,
3,33,174,1,12,1,33.4869953051643,"02",60,2,2,,,,,,,,0,,0,,0,,2,2,2,888,2,2,5,888,1,0,1,,2,,,,1,3,2,0,2,,,,,,,,,,,," ",347401203,,
3,33,174,1,13,1,226.9505,"01",120,2,2,,,,,,,,0,,0,,0,,888,2,2,888,2,2,5,888,1,0,1,,3,,,,1,4,1,1,2,,,,,,,,,,,," ",347401303,,
3,33,174,1,15,1,226.9505,"02",120,1,2,,,,,,,,0,,0,,0,,3,3,1,1,4,1,4,1,1,1,2,,,3,2,,1,3,2,0,2,,,,,,,,,,,," ",347401503,,
3,33,174,1,16,1,226.9505,"02",120,2,2,2,2,2,2,2,2,2,1,2,1,1,0,,1,1,1,4,1,1,4,4,1,1,1,,3,,,,1,4,2,1,5,,,,,,,,,,,," ",347401603,,
3,33,174,1,18,1,226.9505,"02",120,1,2,,,,,,,,0,,1,0,0,,3,1,3,1,4,1,4,1,1,1,2,,,3,2,,1,3,2,1,5,,,,,,,,,,,," ",347401803,,
3,33,174,1,19,1,33.4869953051643,"02",120,2,2,,,,,,,,0,,0,,0,,4,1,3,1,1,1,4,1,1,0,2,,,3,2,,1,3,0,0,2,,,,,,,,,,,," ",347401903,,
3,33,174,1,20,1,33.4869953051643,"02",180,2,2,,,,,,,,0,,1,888,0,,1,1,1,1,1,1,4,1,1,0,2,,,3,2,,1,3,1,1,8,,,,,,,,,,,," ",347402003,,
3,33,174,1,21,1,226.9505,"02",60,1,1,3,3,3,3,3,5,5,0,,0,,0,,2,2,2,888,2,2,5,2,1,0,1,,3,,,,1,4,3,0,3,,,,,,,,,,,," ",347402103,,
3,33,175,1,1,1,148.1571,"02",120,2,2,,,,,,,,0,,0,,0,,1,1,1,3,1,1,4,1,0,,,,,,,,,,,,5,,,,,,,,,,,," ",347500103,,
3,33,175,1,2,1,148.1571,"02",60,1,2,,,,,,,,0,,0,,1,4,4,2,3,2,4,2,5,2,0,,,,,,,,,,,,1,,,,,,,,,,,," ",347500203,,
3,33,175,1,3,1,1096.20900932643,"02",120,1,2,,,,,,,,1,0,1,4,0,,4,1,1,1,1,1,5,1,1,0,2,,,2,2,,1,2,1,0,4,,,,,,,,,,,," ",347500303,,
3,33,175,1,4,1,148.1571,"01",90,2,2,,,,,,,,0,,0,,0,,2,2,2,888,2,2,4,888,0,,,,,,,,,,,,2,,,,,,,,,,,," ",347500403,,
3,33,175,1,5,1,148.1571,"02",120,1,2,,,,,,,,0,,0,,0,,3,1,1,1,4,1,4,1,0,,,,,,,,,,,,4,,,,,,,,,,,," ",347500503,,
3,33,175,1,6,1,148.1571,"02",120,1,2,2,2,2,2,2,2,2,1,0,1,4,0,,4,1,1,1,1,1,5,1,1,1,1,,2,,,,1,2,1,1,5,,,,,,,,,,,," ",347500603,,
3,33,175,1,7,1,148.1571,"01",120,2,2,,,,,,,,1,0,1,4,0,,3,1,3,3,1,3,2,3,0,,,,,,,,,,,,5,,,,,,,,,,,," ",347500703,,
3,33,175,1,8,1,148.1571,"01",120,2,2,,,,,,,,0,,0,,0,,4,2,2,1,2,1,5,1,0,,,,,,,,,,,,2,,,,,,,,,,,," ",347500803,,
3,33,175,1,9,1,148.1571,"02",120,1,2,,,,,,,,0,,0,,0,,4,1,1,1,2,1,5,1,0,,,,,,,,,,,,1,,,,,,,,,,,," ",347500903,,
3,33,175,1,10,1,148.1571,"02",120,1,2,,,,,,,,0,,0,,0,,2,2,2,1,2,2,5,1,0,,,,,,,,,,,,2,,,,,,,,,,,," ",347501003,,
3,33,175,1,11,1,148.1571,"02",30,2,2,,,,,,,,0,,0,,0,,2,2,2,888,2,2,5,2,0,,,,,,,,,,,,3,,,,,,,,,,,," ",347501103,,
3,33,175,1,12,1,148.1571,"02",120,1,2,,,,,,,,1,1,0,,0,,4,1,1,1,4,1,4,4,0,,,,,,,,,,,,8,,,,,,,,,,,," ",347501203,,
3,33,175,1,13,1,148.1571,"02",120,1,2,,,,,,,,0,,1,4,1,4,4,888,888,888,2,888,5,888,0,,,,,,,,,,,,1,,,,,,,,,,,," ",347501303,,
3,33,175,1,14,1,148.1571,"02",120,1,2,,,,,,,,1,0,1,4,1,4,888,2,888,2,4,888,5,888,1,1,1,,2,,,,1,3,2,0,1,,,,,,,,,,,," ",347501403,,
3,33,175,1,15,1,148.1571,"02",60,1,2,,,,,,,,0,,1,3,0,,2,3,3,2,1,2,4,2,1,0,1,,4,,,,1,2,1,1,6,,,,,,,,,,,," ",347501503,,
3,33,175,1,16,1,148.1571,"02",120,1,2,,,,,,,,0,,1,2,0,,2,2,2,2,2,2,4,2,1,0,1,,4,,,,1,2,1,1,555,6,,,,,,,,,,," ",347501603,,
3,33,175,1,17,1,148.1571,"02",60,1,2,,,,,,,,0,,1,3,0,,2,2,1,1,2,2,4,2,1,1,1,,3,,,,1,2,1,1,5,,,,,,,,,,,," ",347501703,,
3,33,175,1,18,1,148.1571,"02",120,1,1,,,,,,,,0,,0,,0,,2,2,2,888,2,2,5,888,1,1,1,,3,,,,1,4,3,0,3,,,,,,,,,,,," ",347501803,,
3,34,176,1,1,1,244.9496,"02",90,2,2,2,3,3,2,3,2,3,1,0,1,0,1,4,888,2,888,2,2,888,4,888,1,0,2,,,3,2,,1,3,2,1,4,,,,,,,,,,,," ",357600103,,
3,34,176,1,2,1,25.1660547945205,"01",180,2,2,,,,,,,,0,,1,1,1,4,888,888,888,888,888,888,4,888,0,,,,,,,,,,,,2,,,,,,,,,,,," ",357600203,,
3,34,176,1,3,1,244.9496,"02",60,1,2,,,,,,,,1,1,1,2,0,,1,1,2,1,1,5,3,3,1,0,1,,3,,,,1,3,1,1,1,,1,,,,,,,,,," ",357600303,,
3,34,176,1,4,1,25.1660547945205,"02",30,2,2,,,,,,,,0,,1,4,0,,888,1,2,888,888,2,4,2,1,0,1,,3,,,,3,2,1,1,1,,,,,,,,,,,," ",357600403,,
3,34,176,1,5,1,244.9496,"02",120,1,2,,,,,,,,0,,1,4,1,4,888,2,888,3,4,888,2,888,1,0,1,,3,,,,1,3,2,1,4,,,,,,,,,,,," ",357600503,,
3,34,176,1,6,1,25.1660547945205,"01",120,2,2,,,,,,,,0,,1,1,1,4,888,888,888,888,4,888,4,4,1,0,2,,,3,2,,1,3,2,1,2,,,,,,,,,,,," ",357600603,,
3,34,176,1,8,1,244.9496,"02",240,1,2,,,,,,,,0,,0,,0,,888,2,888,2,2,888,5,888,1,1,1,,2,,,,1,3,2,1,2,,,,,,,,,,,," ",357600803,,
3,34,176,1,9,1,244.9496,"02",240,1,2,,,,,,,,1,1,1,1,0,,1,1,3,2,1,3,3,3,1,1,1,,2,,,,1,2,2,1,1,,,,,,,,,,,," ",357600903,,
3,34,176,1,10,1,244.9496,"02",180,1,2,,,,,,,,1,0,0,,0,,2,2,2,2,4,4,5,888,1,1,1,,2,,,,1,3,2,1,4,,,,,,,,,,,," ",357601003,,
3,34,176,1,11,1,244.9496,"02",180,1,2,,,,,,,,0,,0,,0,,4,1,2,2,2,888,4,3,1,1,2,,,3,2,,1,3,2,1,2,,,,,,,,,,,," ",357601103,,
3,34,176,1,12,1,244.9496,"01",60,2,2,2,2,2,2,2,2,2,1,0,1,1,1,0,1,1,2,888,1,1,4,4,1,0,1,,2,,,,1,2,1,1,1,,,,,,,,,,,," ",357601203,,
3,34,176,1,13,1,244.9496,"02",180,2,2,,,,,,,,1,4,1,2,0,,1,2,888,5,2,5,5,888,1,1,2,,,4,3,,1,4,2,1,1,,,,,,,,,,,," ",357601303,,
3,34,176,1,14,1,244.9496,"02",180,1,2,,,,,,,,0,,1,4,1,4,888,2,888,2,4,888,4,888,1,1,2,,,3,2,,1,3,1,1,4,,,,,,,,,,,," ",357601403,,
3,34,176,1,15,1,244.9496,"01",180,1,2,,,,,,,,0,,0,,0,,1,1,5,1,5,5,1,1,1,0,2,,,4,2,,1,2,1,1,6,,,,,,,,,,,," ",357601503,,
3,34,176,1,16,1,244.9496,"02",150,1,2,2,2,2,2,2,2,2,1,0,1,4,1,4,888,2,888,2,2,888,4,888,1,0,1,,2,,,,1,2,2,1,1,,1,,,,,,,,,," ",357601603,,
3,34,176,1,17,1,244.9496,"01",60,1,2,3,3,3,3,3,3,3,1,888,1,3,1,0,1,1,1,1,2,1,4,2,1,0,1,,2,,,,2,3,1,0,2,,,,,,,,,,,," ",357601703,,
3,34,176,1,18,1,244.9496,"02",30,1,2,,,,,,,,1,0,1,0,1,0,1,1,2,2,4,2,2,1,1,1,1,,2,,,,1,3,2,0,4,,,,,,,,,,,," ",357601803,,
3,34,176,1,19,1,244.9496,"03",300,1,2,,,,,,,,0,,1,4,1,0,5,1,2,1,5,1,5,5,1,0,2,,,3,2,,1,4,1,1,1,,1,,,,,,,,,," ",357601903,,
3,34,177,2,1,1,1238.97888375,"02",120,2,,,,,,,,,1,4,1,4,1,4,888,2,888,4,2,888,2,888,1,0,1,,2,,,,1,3,2,1,2,,,,,,,,,,,," ",357700103,,
3,34,177,2,2,1,1238.97888375,"02",180,2,,,,,,,,,1,4,0,,0,,888,1,888,5,1,888,1,888,0,,,,,,,,,,,,1,,,,,,,,,,,," ",357700203,,
3,34,177,2,3,1,1238.97888375,"02",120,2,,,,,,,,,1,0,0,,0,,888,2,888,4,2,888,2,3,0,,,,,,,,,,,,2,,,,,,,,,,,," ",357700303,,
3,34,177,2,4,1,1238.97888375,"01",120,1,,,,,,,,,0,,1,1,0,,1,1,2,2,2,3,2,3,0,,,,,,,,,,,,1,,,,,,,,,,,," ",357700403,,
3,34,177,2,5,1,1238.97888375,"02",180,2,,,,,,,,,0,,1,3,0,,1,2,2,2,1,2,2,4,0,,,,,,,,,,,,1,,,,,,,,,,,," ",357700503,,
3,34,177,2,6,1,909.3423,"01",180,2,,,,,,,,,1,0,1,1,1,1,1,1,3,3,4,4,4,3,1,0,2,,,3,2,,1,2,1,1,1,,,,,,,,,,,," ",357700603,,
3,34,177,2,7,1,1238.97888375,"02",60,1,,,,,,,,,0,,0,,0,,888,1,2,2,2,2,4,1,0,,,,,,,,,,,,1,,,,,,,,,,,," ",357700703,,
3,34,177,2,8,1,1238.97888375,"02",30,1,,,,,,,,,0,,0,,0,,1,1,2,888,888,2,1,1,0,,,,,,,,,,,,2,,,,,,,,,,,," ",357700803,,
3,34,177,2,9,1,1238.97888375,"02",120,1,,,,,,,,,0,,0,,0,,2,2,888,4,1,888,5,3,1,0,2,,,3,2,,1,3,1,1,2,,,,,,,,,,,," ",357700903,,
3,34,177,2,10,1,1238.97888375,"02",60,2,,,,,,,,,1,1,1,4,1,0,2,2,1,4,2,2,4,3,0,,,,,,,,,,,,1,,,,,,,,,,,," ",357701003,,
3,34,177,2,11,1,909.3423,"01",60,2,,,,,,,,,0,,1,4,1,4,888,3,888,4,2,888,888,888,1,0,1,,4,,,,1,2,0,1,1,,,,,,,,,,,," ",357701103,,
3,34,177,2,12,1,909.3423,"02",90,2,,,,,,,,,0,,1,1,1,4,888,888,888,3,3,888,4,3,0,,,,,,,,,,,,1,,,,,,,,,,,," ",357701203,,
3,34,177,2,13,1,909.3423,"02",80,2,,,,,,,,,0,,1,4,0,,1,2,888,1,3,888,5,888,0,,,,,,,,,,,,1,,,,,,,,,,,," ",357701303,,
3,34,177,2,14,1,1238.97888375,"02",60,1,,,,,,,,,1,2,1,4,1,0,1,2,1,888,1,888,4,2,1,0,1,,3,,,,3,5,2,1,1,,,,,,,,,,,," ",357701403,,
3,34,177,2,15,1,909.3423,"02",180,1,,,,,,,,,0,,0,,0,,2,2,4,3,2,3,1,888,1,1,2,,,3,2,,1,3,2,0,2,,,,,,,,,,,," ",357701503,,
3,34,177,2,16,1,909.3423,"02",120,2,,,,,,,,,0,,1,0,1,4,888,2,888,888,888,888,4,4,0,,,,,,,,,,,,1,,,,,,,,,,,," ",357701603,,
3,34,177,2,17,1,909.3423,"02",80,1,,,,,,,,,1,4,1,4,1,4,2,2,888,4,2,2,4,888,1,1,1,,2,,,,1,3,2,1,4,,,,,,,,,,,," ",357701703,,
3,34,177,2,18,1,909.3423,"02",240,1,,3,3,3,3,3,3,3,1,4,1,4,1,0,2,1,888,1,1,1,5,5,1,1,2,,,5,3,,1,5,2,1,8,,,,,,,,,,,," ",357701803,,
3,34,178,1,1,1,155.0491,"02",120,1,2,,,,,,,,0,,0,,0,,1,1,2,2,1,2,5,2,1,1,1,,3,,,,1,3,2,1,1,,,,,,,,,,,," ",357800103,,
3,34,178,1,2,1,308.448741489362,"01",90,2,2,,,,,,,,1,0,1,4,1,4,888,2,888,2,2,888,4,888,1,0,1,,2,,,,1,3,2,1,2,,,,,,,,,,,," ",357800203,,
3,34,178,1,3,1,308.448741489362,"02",120,2,2,,,,,,,,1,0,1,4,1,0,4,4,888,2,5,5,1,1,1,0,2,,,3,2,,1,3,2,1,6,,,,,,,,,,,," ",357800303,,
3,34,178,1,4,1,308.448741489362,"02",80,2,2,,,,,,,,1,0,1,4,1,4,2,2,2,2,2,5,2,2,1,0,2,,,3,2,,1,3,2,1,1,,,,,,,,,,,," ",357800403,,
3,34,178,1,5,1,308.448741489362,"02",120,2,2,,,,,,,,1,4,1,4,1,4,2,2,2,5,2,2,5,4,1,0,2,,,3,2,,1,3,2,1,1,,,,,,,,,,,," ",357800503,,
3,34,178,1,6,1,308.448741489362,"02",50,1,2,,,,,,,,0,,1,1,1,4,3,3,3,3,3,3,2,888,1,0,1,,3,,,,1,3,1,1,1,,,,,,,,,,,," ",357800603,,
3,34,178,1,7,1,308.448741489362,"02",240,2,2,,,,,,,,1,0,1,4,0,,5,1,888,4,2,888,5,3,0,,,,,,,,,,,,2,,,,,,,,,,,," ",357800703,,
3,34,178,1,9,1,308.448741489362,"02",120,2,2,,,,,,,,0,,1,4,0,,2,2,888,5,4,888,1,888,1,0,2,,,3,2,,1,4,2,1,4,,,,,,,,,,,," ",357800903,,
3,34,178,1,10,1,155.0491,"01",60,2,2,,,,,,,,1,0,1,4,0,,2,2,888,2,2,888,5,888,1,1,2,,,3,2,,3,4,1,1,2,,,,,,,,,,,," ",357801003,,
3,34,178,1,11,1,308.448741489362,"02",90,2,2,,,,,,,,0,,0,,1,4,3,2,888,4,4,888,4,4,1,0,2,,,3,2,,1,3,2,1,1,,,,,,,,,,,," ",357801103,,
3,34,178,1,12,1,155.0491,"02",120,2,2,,,,,,,,1,0,1,4,1,0,1,2,2,1,1,1,4,1,0,,,,,,,,,,,,1,,,,,,,,,,,," ",357801203,,
3,34,178,1,13,1,155.0491,"02",180,2,2,,,,,,,,0,,1,1,0,,2,1,4,4,1,4,5,3,1,1,1,,2,,,,1,2,2,1,1,,,,,,,,,,,," ",357801303,,
3,34,178,1,14,1,155.0491,"02",40,2,2,,,,,,,,1,4,1,3,0,,888,3,888,4,4,888,5,3,0,,,,,,,,,,,,2,,,,,,,,,,,," ",357801403,,
3,34,178,1,15,1,308.448741489362,"02",120,2,2,,,,,,,,1,1,1,4,1,0,1,1,1,1,1,1,1,1,1,0,1,,2,,,,2,3,3,1,2,,,,,,,,,,,," ",357801503,,
3,34,178,1,16,1,308.448741489362,"02",60,2,2,,,,,,,,0,,1,4,0,,888,2,2,5,5,5,1,5,1,0,2,,,4,2,,1,4,2,1,1,,,,,,,,,,,," ",357801603,,
3,34,178,1,17,1,155.0491,"02",480,1,1,,,,,,,,1,0,1,1,1,0,1,1,1,4,4,1,4,1,1,0,2,,,2,2,,1,4,2,0,2,,,,,,,,,,,," ",357801703,,
3,34,178,1,18,1,308.448741489362,"02",60,2,2,,,,,,,,0,,1,4,1,4,2,2,888,4,3,3,4,4,1,0,1,,3,,,,1,3,2,1,2,,,,,,,,,,,," ",357801803,,
3,34,178,1,22,1,308.448741489362,"01",120,2,2,,,,,,,,1,1,1,1,0,,2,1,3,4,2,4,4,4,0,,,,,,,,,,,,1,,,,,,,,,,,," ",357802203,,
3,34,179,2,1,1,1415.74600588235,"02",240,1,,,,,,,,,0,,1,4,1,4,888,2,888,4,888,888,4,4,1,0,1,,2,,,,1,3,1,1,1,,,,,,,,,,,," ",357900103,,
3,34,179,2,2,1,1415.74600588235,"01",180,2,,,,,,,,,1,4,1,4,0,,888,1,888,2,1,888,5,5,1,0,2,,,4,2,,1,3,2,1,1,,,,,,,,,,,," ",357900203,,
3,34,179,2,3,1,1415.74600588235,"03",180,2,,,,,,,,,1,1,0,,0,,2,2,888,2,1,888,888,4,1,0,2,,,3,2,,1,2,1,0,1,,,,,,,,,,,," ",357900303,,
3,34,179,2,4,1,1415.74600588235,"02",60,2,,,,,,,,,1,4,1,4,0,,888,888,1,888,888,888,4,888,1,0,1,,2,,,,2,4,2,1,1,,,,,,,,,,,," ",357900403,,
3,34,179,2,6,1,1415.74600588235,"02",120,2,,,,,,,,,1,0,1,4,1,4,888,2,888,2,2,888,888,888,1,1,2,,,3,2,,1,3,2,1,2,,,,,,,,,,,," ",357900603,,
3,34,179,2,7,1,1415.74600588235,"02",240,2,,,,,,,,,1,0,1,4,1,4,4,2,888,2,4,2,5,888,1,0,2,,,3,2,,1,3,2,1,4,,,,,,,,,,,," ",357900703,,
3,34,179,2,8,1,1415.74600588235,"01",240,1,,,,,,,,,1,0,1,4,1,4,888,2,888,2,4,888,2,888,1,0,2,,,3,2,,1,3,2,1,2,,,,,,,,,,,," ",357900803,,
3,34,179,2,9,1,1415.74600588235,"02",180,2,,,,,,,,,0,,0,,0,,1,888,888,1,1,888,2,888,0,,,,,,,,,,,,1,,,,,,,,,,,," ",357900903,,
3,34,179,2,10,1,729.3237,"01",60,2,,,,,,,,,1,0,1,4,0,,1,1,1,1,1,1,4,1,1,1,1,,3,,,,1,5,2,1,2,,,,,,,,,,,," ",357901003,,
3,34,179,2,11,1,1415.74600588235,"02",30,1,,1,1,1,1,1,1,1,1,0,1,4,1,0,2,1,1,1,2,3,2,1,1,0,1,,2,,,,3,2,2,1,1,,,,,,,,,,,," ",357901103,,
3,34,179,2,12,1,729.3237,"01",240,2,,,,,,,,,1,1,1,2,0,,2,2,3,3,3,3,2,4,1,0,2,,,3,3,,1,3,1,1,1,,,,,,,,,,,," ",357901203,,
3,34,179,2,13,1,1415.74600588235,"01",90,2,,,,,,,,,0,,1,0,0,,2,2,2,1,2,2,5,2,1,0,1,,2,,,,1,2,1,1,2,,,,,,,,,,,," ",357901303,,
3,34,179,2,14,1,1415.74600588235,"02",120,2,,,,,,,,,0,,0,,0,,1,2,1,2,2,5,1,888,0,,,,,,,,,,,,2,,,,,,,,,,,," ",357901403,,
3,34,179,2,15,1,1415.74600588235,"02",120,2,,,,,,,,,0,,0,,1,4,888,2,3,888,888,888,2,4,1,0,1,,2,,,,1,3,2,1,1,,,,,,,,,,,," ",357901503,,
3,34,179,2,16,1,1415.74600588235,"02",120,2,,,,,,,,,0,,1,4,1,4,888,888,888,888,888,888,2,4,0,,,,,,,,,,,,2,,,,,,,,,,,," ",357901603,,
3,34,179,2,17,1,1415.74600588235,"02",180,2,,,,,,,,,0,,0,,0,,4,2,2,4,1,2,1,3,1,0,2,,,3,2,,1,3,2,1,2,,,,,,,,,,,," ",357901703,,
3,34,179,2,18,1,1415.74600588235,"02",180,2,,,,,,,,,0,,1,4,0,,2,2,3,5,1,4,4,888,1,0,2,,,3,2,,1,3,2,1,1,,,,,,,,,,,," ",357901803,,
3,34,179,2,21,1,1415.74600588235,"02",240,2,,,,,,,,,0,,0,,0,,2,1,3,2,2,3,5,3,1,0,1,,2,,,,1,3,2,1,2,,,,,,,,,,,," ",357902103,,
3,34,180,1,1,1,178.477,"02",45,2,2,,,,,,,,1,1,1,4,0,,1,2,1,2,2,2,4,888,0,,,,,,,,,,,,2,,,,,,,,,,,," ",358000103,,
3,34,180,1,2,1,76.2036629213483,"02",60,2,2,,,,,,,,1,1,1,4,0,,1,2,2,888,2,2,4,3,1,0,2,,,2,2,,2,4,1,1,2,,,,,,,,,,,," ",358000203,,
3,34,180,1,3,1,178.477,"02",180,2,2,,,,,,,,0,,1,4,1,4,2,2,2,4,2,888,4,4,1,0,1,,2,,,,1,2,0,1,1,,,,,,,,,,,," ",358000303,,
3,34,180,1,4,1,76.2036629213483,"02",180,2,2,,,,,,,,1,0,1,3,0,,1,1,888,3,1,5,4,2,0,,,,,,,,,,,,1,,,,,,,,,,,," ",358000403,,
3,34,180,1,5,1,76.2036629213483,"02",150,1,1,,,,,,,,1,0,1,4,1,0,2,1,2,2,1,888,5,3,1,0,1,,2,,,,1,3,1,1,2,,,,,,,,,,,," ",358000503,,
3,34,180,1,6,1,76.2036629213483,"02",120,2,2,,,,,,,,0,,1,0,1,4,2,2,888,4,2,888,4,4,1,0,2,,,4,3,,1,3,2,1,1,,,,,,,,,,,," ",358000603,,
3,34,180,1,7,1,76.2036629213483,"02",120,1,2,1,1,1,3,1,3,1,1,3,1,4,0,,1,1,888,3,1,888,4,2,1,0,2,,,3,2,,1,3,2,0,1,,,,,,,,,,,," ",358000703,,
3,34,180,1,8,1,178.477,"01",120,1,2,,,,,,,,0,,1,1,1,4,2,2,2,2,2,4,4,4,1,1,2,,,4,3,,1,3,2,0,1,,,,,,,,,,,," ",358000803,,
3,34,180,1,11,1,178.477,"01",150,1,2,,,,,,,,1,0,1,1,0,,2,2,888,2,2,888,5,3,1,1,2,,,4,3,,3,4,2,1,2,,,,,,,,,,,," ",358001103,,
3,34,180,1,12,1,178.477,"02",60,2,2,,,,,,,,1,0,1,888,0,,3,1,1,3,1,2,4,2,1,1,2,,,2,2,,2,3,2,1,1,,,,,,,,,,,," ",358001203,,
3,34,180,1,13,1,178.477,"02",300,1,2,,,,,,,,0,,1,4,1,4,888,888,888,2,4,888,3,3,1,0,1,,3,,,,1,3,2,1,2,,,,,,,,,,,," ",358001303,,
3,34,180,1,14,1,178.477,"01",180,2,2,,,,,,,,1,0,1,0,0,,2,2,888,4,2,888,4,888,1,0,1,,3,,,,3,3,1,1,2,,,,,,,,,,,," ",358001403,,
3,34,180,1,15,1,178.477,"02",240,1,1,2,2,2,2,2,2,2,1,4,1,4,1,4,1,2,2,2,4,2,5,1,1,0,1,,3,,,,1,3,2,1,8,,1,1,,,,,,,,," ",358001503,,
3,34,180,1,16,1,178.477,"01",120,1,2,,,,,,,,0,,1,4,1,4,888,2,888,888,3,888,4,888,1,1,1,,3,,,,1,3,2,1,6,,1,,,,,,,,,," ",358001603,,
3,34,180,1,17,1,178.477,"01",240,1,1,,,,,,,,0,,0,,0,,2,1,2,2,1,4,4,4,1,1,2,,,3,2,,1,2,2,1,1,,,,,,,,,,,," ",358001703,,
3,34,180,1,18,1,178.477,"01",120,1,2,,,,,,,,1,2,1,3,0,,2,2,2,4,2,2,2,2,1,1,1,,2,,,,1,4,2,1,1,,,,,,,,,,,," ",358001803,,
3,34,180,1,20,1,76.2036629213483,"02",140,2,2,1,3,1,1,1,1,1,1,0,0,,0,,5,1,2,4,2,5,1,1,1,0,2,,,5,3,,1,5,2,1,2,,,,,,,,,,,," ",358002003,,
3,34,180,1,21,1,178.477,"02",120,1,2,,,,,,,,1,0,1,0,0,,2,2,2,4,1,2,4,2,1,1,1,,2,,,,1,2,3,1,1,,,,,,,,,,,," ",358002103,,
3,34,181,2,1,1,1090.555,"01",180,2,,,,,,,,,0,,0,,0,,3,3,888,3,3,888,1,3,0,,,,,,,,,,,,1,,,,,,,,,,,," ",358100103,,
3,34,181,2,3,1,1090.555,"01",120,2,,,,,,,,,0,,1,2,0,,2,2,888,2,3,888,1,5,1,0,2,,,3,2,,1,3,2,1,1,,,,,,,,,,,," ",358100303,,
3,34,181,2,4,1,1090.555,"02",180,2,,,,,,,,,0,,1,4,1,888,3,3,3,3,4,4,4,4,1,0,2,,,3,2,,1,3,2,1,1,,,,,,,,,,,," ",358100403,,
3,34,181,2,5,1,1090.555,"02",60,2,,,,,,,,,0,,0,,0,,4,2,888,4,2,888,2,3,1,0,2,,,3,2,,1,4,2,1,2,,,,,,,,,,,," ",358100503,,
3,34,181,2,6,1,1090.555,"02",120,2,,,,,,,,,0,,0,,0,,3,2,888,4,5,5,2,5,1,0,2,,,2,2,,1,2,2,1,1,,,,,,,,,,,," ",358100603,,
3,34,181,2,7,1,1090.555,"02",90,2,,,,,,,,,1,0,0,,1,4,888,2,888,2,4,888,5,888,0,,,,,,,,,,,,8,,,,,,,,,,,," ",358100703,,
3,34,181,2,8,1,1090.555,"01",60,2,,,,,,,,,1,0,1,4,0,,3,3,3,3,1,3,4,4,0,,,,,,,,,,,,1,,,,,,,,,,,," ",358100803,,
3,34,181,2,9,1,1090.555,"01",120,2,,,,,,,,,1,1,1,2,0,,3,1,1,2,2,2,4,3,0,,,,,,,,,,,,2,,,,,,,,,,,," ",358100903,,
3,34,181,2,10,1,1090.555,"02",150,2,,,,,,,,,0,,1,3,1,4,3,2,3,4,3,3,4,888,1,0,2,,,3,2,,1,3,1,1,1,,,,,,,,,,,," ",358101003,,
3,34,181,2,13,1,1090.555,"02",120,2,,,,,,,,,0,,1,2,1,0,2,1,1,2,2,2,4,1,1,0,2,,,3,3,,1,5,1,1,2,,,,,,,,,,,," ",358101303,,
3,34,181,2,14,1,1090.555,"02",240,1,,,,,,,,,1,0,0,,0,,2,2,888,2,2,888,1,4,0,,,,,,,,,,,,2,,,,,,,,,,,," ",358101403,,
3,34,181,2,15,1,1090.555,"02",120,2,,,,,,,,,0,,1,4,1,4,888,3,888,4,4,888,4,888,1,0,1,,2,,,,1,3,1,1,2,,,,,,,,,,,," ",358101503,,
3,34,181,2,16,1,1090.555,"02",240,2,,,,,,,,,0,,0,,0,,1,1,2,2,2,2,4,2,0,,,,,,,,,,,,1,,,,,,,,,,,," ",358101603,,
3,34,181,2,17,1,1090.555,"02",30,2,,,,,,,,,1,0,0,,0,,2,2,3,3,1,3,1,3,1,0,2,,,3,2,,1,2,2,1,1,,,,,,,,,,,," ",358101703,,
3,34,181,2,18,1,1090.555,"02",240,2,,,,,,,,,0,,1,4,0,,888,888,4,4,888,888,1,4,1,0,2,,,4,3,,1,3,2,1,1,,,,,,,,,,,," ",358101803,,
3,34,181,2,20,1,1090.555,"01",60,2,,,,,,,,,0,,0,,0,,888,2,888,2,2,888,5,888,0,,,,,,,,,,,,2,,,,,,,,,,,," ",358102003,,
3,34,181,2,21,1,1090.555,"02",120,2,,,,,,,,,1,0,1,4,1,4,888,2,888,4,4,888,4,888,1,0,3,,,,,4,1,3,2,1,1,,,,,,,,,,,," ",358102103,,
3,34,181,2,22,1,1090.555,"02",120,2,,,,,,,,,0,,0,,0,,1,1,3,3,1,3,4,3,1,0,1,,2,,,,1,2,1,1,1,,,,,,,,,,,," ",358102203,,
3,35,182,2,1,1,1370.70923611111,"02",60,2,,,,,,,,,0,,0,,0,,888,2,888,888,2,888,5,888,1,0,2,,,3,2,,1,3,1,1,1,,,,,,,,,,,," ",368200103,,
3,35,182,2,2,1,1370.70923611111,"02",120,2,,,,,,,,,0,,0,,0,,888,888,888,888,888,888,5,3,1,0,2,,,3,2,,1,3,2,1,1,,,,,,,,,,,," ",368200203,,
3,35,182,2,3,1,1370.70923611111,"02",60,2,,,,,,,,,0,,0,,1,3,2,3,888,888,888,4,5,888,1,0,1,,2,,,,1,4,2,1,2,,,,,,,,,,,," ",368200303,,
3,35,182,2,4,1,1370.70923611111,"01",60,1,,,,,,,,,0,,0,,1,3,888,1,888,888,888,888,2,888,1,0,1,,4,,,,1,4,1,1,2,,,,,,,,,,,," ",368200403,,
3,35,182,2,5,1,897.1915,"02",60,1,,,,,,,,,0,,1,4,0,,3,1,3,3,2,2,4,2,1,0,2,,,3,2,,1,2,1,1,5,,,,,,,,,,,," ",368200503,,
3,35,182,2,6,1,1370.70923611111,"02",45,2,,,,,,,,,1,0,1,2,0,,888,1,888,888,1,888,4,888,1,1,1,,2,,,,1,6,1,1,1,,,,,,,,,,,," ",368200603,,
3,35,182,2,7,1,1370.70923611111,"01",60,2,,,,,,,,,1,1,0,,0,,1,1,888,1,2,888,5,888,1,0,1,,3,,,,1,2,2,1,6,,,,,,,,,,,," ",368200703,,
3,35,182,2,8,1,1370.70923611111,"02",120,2,,,,,,,,,1,0,0,,0,,888,888,888,888,4,888,5,3,1,0,1,,3,,,,1,3,1,1,1,,,,,,,,,,,," ",368200803,,
3,35,182,2,9,1,1370.70923611111,"01",120,1,,,,,,,,,0,,0,,0,,4,1,1,4,1,1,1,1,1,0,2,,,2,2,,1,3,2,1,2,,,,,,,,,,,," ",368200903,,
3,35,182,2,10,1,897.1915,"02",30,2,,,,,,,,,0,,0,,0,,888,888,888,888,888,888,888,888,1,0,1,,2,,,,1,4,2,0,2,,,,,,,,,,,," ",368201003,,
3,35,182,2,11,1,897.1915,"02",180,2,,,,,,,,,1,2,0,,0,,4,1,3,1,1,4,1,1,1,0,2,,,2,2,,1,3,1,1,5,,,,,,,,,,,," ",368201103,,
3,35,182,2,12,1,897.1915,"02",120,2,,,,,,,,,0,,0,,0,,2,2,3,4,2,2,5,2,1,1,1,,2,,,,1,3,2,1,1,,,,,,,,,,,," ",368201203,,
3,35,182,2,13,1,897.1915,"02",120,2,,,,,,,,,1,0,1,4,0,,1,1,1,4,1,1,4,1,1,1,1,,3,,,,1,2,1,1,5,,,,,,,,,,,," ",368201303,,
3,35,182,2,14,1,897.1915,"02",120,2,,,,,,,,,0,,0,,0,,2,2,2,2,4,1,5,5,1,0,2,,,4,2,,1,5,2,1,5,,,,,,,,,,,," ",368201403,,
3,35,182,2,15,1,897.1915,"02",60,2,,,,,,,,,0,,0,,0,,888,2,2,2,2,2,2,888,1,1,1,,3,,,,1,4,3,0,2,,,,,,,,,,,," ",368201503,,
3,35,182,2,16,1,897.1915,"01",120,2,,,,,,,,,0,,1,4,0,,3,2,3,3,2,2,3,2,1,0,1,,2,,,,1,2,1,1,6,,,,,,,,,,,," ",368201603,,
3,35,182,2,17,1,897.1915,"01",90,2,,,,,,,,,0,,0,,0,,1,1,4,4,2,2,4,4,1,0,1,,2,,,,1,5,2,1,1,,,,,,,,,,,," ",368201703,,
3,35,182,2,18,1,897.1915,"02",60,2,,,,,,,,,1,0,0,,0,,888,888,2,888,2,2,888,888,1,0,1,,2,,,,1,3,2,0,2,,,,,,,,,,,," ",368201803,,
3,35,183,2,1,1,162.5009,"02",60,2,,,,,,,,,0,,1,3,1,2,2,2,3,888,888,888,3,888,1,0,1,,3,,,,1,3,2,1,2,,,,,,,,,,,," ",368300103,,
3,35,183,2,2,1,1357.25183522727,"02",180,2,,,,,,,,,1,0,0,,0,,888,888,888,888,888,888,5,888,1,0,2,,,3,2,,1,3,1,1,1,,,,,,,,,,,," ",368300203,,
3,35,183,2,3,1,1357.25183522727,"02",180,2,,,,,,,,,0,,0,,0,,4,4,2,1,4,1,5,1,1,0,2,,,3,3,,1,3,2,1,1,,,,,,,,,,,," ",368300303,,
3,35,183,2,4,1,1357.25183522727,"02",120,2,,,,,,,,,0,,0,,0,,3,888,888,888,888,888,5,3,1,0,2,,,3,2,,1,3,1,1,1,,,,,,,,,,,," ",368300403,,
3,35,183,2,5,1,1357.25183522727,"04",120,2,,,,,,,,,0,,0,,0,,1,2,2,2,4,1,5,2,1,0,2,,,5,3,,1,5,2,0,1,,,,,,,,,,,," ",368300503,,
3,35,183,2,6,1,1357.25183522727,"01",60,2,,,,,,,,,0,,1,3,1,3,1,2,888,2,888,2,4,888,1,0,1,,3,,,,1,2,1,1,2,,,,,,,,,,,," ",368300603,,
3,35,183,2,7,1,1357.25183522727,"02",120,2,,,,,,,,,0,,0,,0,,1,2,2,2,4,2,5,2,1,0,2,,,4,2,,1,3,2,1,1,,,,,,,,,,,," ",368300703,,
3,35,183,2,9,1,1357.25183522727,"01",60,2,,,,,,,,,0,,0,,0,,888,888,888,888,888,888,888,888,1,0,2,,,3,2,,1,3,2,0,2,,,,,,,,,,,," ",368300903,,
3,35,183,2,10,1,1357.25183522727,"02",60,2,,,,,,,,,0,,1,0,1,3,888,888,888,888,888,888,888,888,1,0,1,,4,,,,1,2,1,1,2,,,,,,,,,,,," ",368301003,,
3,35,183,2,11,1,162.5009,"02",120,2,,,,,,,,,0,,0,,0,,888,2,2,888,888,2,5,888,1,0,1,,2,,,,1,3,2,1,2,,,,,,,,,,,," ",368301103,,
3,35,183,2,12,1,162.5009,"02",120,2,,,,,,,,,0,,0,,0,,888,1,888,1,1,1,1,4,1,0,2,,,2,2,,1,2,1,1,2,,,,,,,,,,,," ",368301203,,
3,35,183,2,13,1,162.5009,"02",120,2,,,,,,,,,0,,1,4,0,,3,2,3,2,2,2,4,2,1,0,2,,,4,3,,1,3,1,1,5,,,,,,,,,,,," ",368301303,,
3,35,183,2,15,1,1357.25183522727,"01",180,2,,,,,,,,,1,0,1,4,0,,3,2,3,3,2,3,4,3,1,0,2,,,2,2,,1,5,1,1,5,,,,,,,,,,,," ",368301503,,
3,35,183,2,16,1,1357.25183522727,"01",60,2,,,,,,,,,0,,0,,0,,4,2,1,1,3,1,4,3,1,0,2,,,2,2,,1,3,1,0,2,,,,,,,,,,,," ",368301603,,
3,35,183,2,17,1,162.5009,"01",120,2,,,,,,,,,0,,0,,0,,3,3,888,888,2,888,5,888,1,0,2,,,4,3,,1,3,2,1,1,,,,,,,,,,,," ",368301703,,
3,35,183,2,18,1,162.5009,"01",60,2,,,,,,,,,0,,0,,0,,1,1,1,1,1,1,2,1,1,1,2,,,3,3,,1,2,2,1,2,,,,,,,,,,,," ",368301803,,
3,35,183,2,19,1,1357.25183522727,"01",120,2,,,,,,,,,0,,1,0,0,,3,3,3,2,2,3,4,3,1,0,1,,2,,,,1,2,0,1,5,,,,,,,,,,,," ",368301903,,
3,35,183,2,20,1,162.5009,"02",60,2,,,,,,,,,0,,0,,0,,888,888,2,2,2,2,5,888,1,0,1,,2,,,,1,3,2,1,2,,,,,,,,,,,," ",368302003,,
3,35,184,2,1,1,1540.114,"02",120,2,,,,,,,,,0,,0,,0,,1,2,2,1,4,2,5,4,1,0,2,,,4,2,,1,2,2,1,1,,,,,,,,,,,," ",368400103,,
3,35,184,2,2,1,1540.114,"02",120,2,,,,,,,,,0,,0,,0,,2,2,4,4,4,2,5,4,1,0,1,,4,,,,1,3,2,1,1,,,,,,,,,,,," ",368400203,,
3,35,184,2,3,1,1540.114,"02",120,2,,,,,,,,,0,,1,1,1,3,2,4,4,4,888,888,4,888,1,0,1,,3,,,,1,3,2,1,2,,,,,,,,,,,," ",368400303,,
3,35,184,2,4,1,1540.114,"02",120,2,,,,,,,,,0,,0,,0,,888,3,3,3,888,888,5,3,1,0,2,,,3,2,,1,3,1,1,2,,,,,,,,,,,," ",368400403,,
3,35,184,2,5,1,1540.114,"02",120,2,,1,1,1,1,1,1,1,0,,1,3,1,2,4,1,1,888,888,888,4,888,1,0,1,,2,,,,1,5,2,1,555,6,,,,,,,,,,," ",368400503,,
3,35,184,2,6,1,1540.114,"02",120,2,,,,,,,,,0,,1,1,1,1,888,2,2,888,2,2,5,2,1,0,1,,2,,,,1,3,2,1,6,,,,,,,,,,,," ",368400603,,
3,35,184,2,7,1,1540.114,"01",120,2,,,,,,,,,0,,1,2,0,,888,1,888,888,888,888,2,888,1,0,1,,3,,,,1,2,2,1,2,,,,,,,,,,,," ",368400703,,
3,35,184,2,8,1,1540.114,"02",60,2,,,,,,,,,0,,0,,0,,888,888,888,888,2,2,4,888,1,0,1,,2,,,,1,4,2,1,2,,,,,,,,,,,," ",368400803,,
3,35,184,2,9,1,1540.114,"02",240,2,,,,,,,,,0,,1,0,0,,3,2,2,3,2,2,4,2,1,0,2,,,3,2,,1,2,1,1,4,,,,,,,,,,,," ",368400903,,
3,35,184,2,10,1,1540.114,"02",180,2,,,,,,,,,1,0,1,0,1,4,3,888,888,888,888,888,5,3,1,0,2,,,5,3,,3,3,1,1,2,,,,,,,,,,,," ",368401003,,
3,35,184,2,11,1,1540.114,"02",180,2,,,,,,,,,0,,0,,0,,4,1,1,1,4,3,1,4,1,0,1,,2,,,,1,2,2,1,2,,,,,,,,,,,," ",368401103,,
3,35,184,2,12,1,1540.114,"01",60,2,,,,,,,,,1,0,0,,0,,888,888,888,888,888,888,5,888,1,0,2,,,3,2,,1,3,2,1,1,,,,,,,,,,,," ",368401203,,
3,35,184,2,13,1,1540.114,"07",180,1,,,,,,,,,0,,0,,0,,888,1,1,1,1,1,4,1,1,0,1,,3,,,,1,3,2,1,3,,,,,,,,,,,," ",368401303,,
3,35,184,2,14,1,1540.114,"02",80,2,,,,,,,,,0,,1,4,0,,3,2,2,3,2,1,4,1,1,0,2,,,3,2,,1,3,1,1,4,,,,,,,,,,,," ",368401403,,
3,35,184,2,15,1,1540.114,"02",60,1,,,,,,,,,0,,0,,0,,888,888,2,888,888,1,888,888,1,0,1,,2,,,,1,2,2,1,2,,,,,,,,,,,," ",368401503,,
3,35,184,2,16,1,1540.114,"02",90,2,,,,,,,,,0,,0,,0,,2,2,2,1,4,1,5,3,1,0,2,,,3,2,,1,3,1,1,1,,,,,,,,,,,," ",368401603,,
3,35,184,2,17,1,1540.114,"02",135,2,,,,,,,,,0,,1,0,0,,3,1,1,4,2,2,5,1,1,0,2,,,4,2,,1,3,1,1,5,,,,,,,,,,,," ",368401703,,
3,35,184,2,18,1,1540.114,"01",60,2,,,,,,,,,0,,1,4,1,4,888,2,3,3,2,888,5,888,0,,,,,,,,,,,,1,,,,,,,,,,,," ",368401803,,
3,35,185,1,1,1,50.1458777777778,"02",180,2,2,,,,,,,,0,,0,,0,,1,1,1,4,1,1,4,1,1,0,2,,,3,2,,1,3,2,1,2,,,,,,,,,,,," ",368500103,,
3,35,185,1,2,1,50.1458777777778,"03",180,2,2,,,,,,,,0,,1,0,0,,1,1,1,1,2,3,4,1,1,0,2,,,3,2,,1,2,1,1,2,,,,,,,,,,,," ",368500203,,
3,35,185,1,3,1,50.1458777777778,"02",240,2,2,,,,,,,,1,0,1,1,0,,1,1,1,4,1,1,4,1,1,0,2,,,3,2,,1,3,1,1,2,,,,,,,,,,,," ",368500303,,
3,35,185,1,4,1,50.1458777777778,"01",60,2,2,,,,,,,,0,,0,,0,,2,888,888,2,2,1,5,1,1,0,1,,2,,,,1,3,2,1,2,,,,,,,,,,,," ",368500403,,
3,35,185,1,6,1,50.1458777777778,"01",120,2,2,,,,,,,,0,,0,,0,,4,2,2,2,4,1,5,2,1,0,1,,2,,,,1,3,2,1,5,,,,,,,,,,,," ",368500603,,
3,35,185,1,7,1,90.26258,"02",120,1,2,2,2,2,2,2,2,2,1,0,1,4,1,0,4,1,1,1,1,1,4,1,1,1,2,,,3,2,,1,2,1,1,5,,,,,,,,,,,," ",368500703,,
3,35,185,1,8,1,50.1458777777778,"02",120,1,2,,,,,,,,0,,0,,0,,2,2,2,1,4,1,5,1,1,0,1,,2,,,,1,3,1,1,1,,,,,,,,,,,," ",368500803,,
3,35,185,1,9,1,50.1458777777778,"02",120,2,2,,,,,,,,0,,0,,0,,1,2,2,2,4,1,5,1,1,0,2,,,3,2,,1,2,1,1,1,,,,,,,,,,,," ",368500903,,
3,35,185,1,10,1,90.26258,"02",120,2,2,,,,,,,,1,0,1,4,0,,2,1,2,4,1,1,4,3,1,1,2,,,3,2,,1,2,1,1,5,,,,,,,,,,,," ",368501003,,
3,35,185,1,11,1,90.26258,"02",120,1,2,,,,,,,,1,0,1,4,0,,4,1,1,1,1,1,4,1,1,1,2,,,4,3,,1,3,1,1,5,,,,,,,,,,,," ",368501103,,
3,35,185,1,12,1,90.26258,"02",120,2,2,,,,,,,,0,,0,,0,,3,888,888,888,888,888,5,3,0,,,,,,,,,,,,1,,,,,,,,,,,," ",368501203,,
3,35,185,1,13,1,90.26258,"02",120,2,2,,,,,,,,0,,0,,0,,888,2,888,888,2,888,5,888,1,0,1,,3,,,,1,3,1,1,1,,,,,,,,,,,," ",368501303,,
3,35,185,1,14,1,90.26258,"03",120,1,2,,,,,,,,1,0,1,4,1,0,2,2,2,2,2,4,5,1,1,1,2,,,2,2,,1,3,1,1,1,,,,,,,,,,,," ",368501403,,
3,35,185,1,15,1,50.1458777777778,"02",120,2,2,,,,,,,,0,,0,,0,,2,2,2,2,2,2,5,888,1,0,1,,2,,,,1,3,2,1,2,,,,,,,,,,,," ",368501503,,
3,35,185,1,16,1,90.26258,"02",60,2,2,,,,,,,,0,,1,2,0,,1,3,4,2,2,2,2,888,1,0,2,,,3,2,,1,3,1,1,555,6,,,,,,,,,,," ",368501603,,
3,35,185,1,17,1,90.26258,"01",120,2,2,,,,,,,,0,,1,4,0,,1,1,2,2,2,2,2,2,1,1,1,,3,,,,1,2,2,1,555,6,,,,,,,,,,," ",368501703,,
3,35,185,1,18,1,50.1458777777778,"02",60,2,2,,,,,,,,0,,0,,0,,888,888,2,2,2,1,5,888,1,0,2,,,3,2,,1,4,2,0,2,,,,,,,,,,,," ",368501803,,
3,35,185,1,19,1,90.26258,"01",45,2,2,,,,,,,,0,,1,3,1,3,2,888,888,888,888,888,888,888,1,1,1,,2,,,,1,3,2,1,2,,,,,,,,,,,," ",368501903,,
3,35,186,2,2,1,743.521949216301,"02",120,2,,,,,,,,,0,,0,,0,,5,4,1,1,4,1,5,1,1,0,2,,,3,2,,1,3,2,1,1,,,,,,,,,,,," ",368600203,,
3,35,186,2,3,1,743.521949216301,"02",180,1,,,,,,,,,0,,0,,0,,2,2,2,1,4,1,5,2,1,0,1,,2,,,,1,3,2,0,1,,,,,,,,,,,," ",368600303,,
3,35,186,2,4,1,743.521949216301,"01",120,2,,,,,,,,,0,,0,,0,,888,1,1,888,1,888,888,1,1,1,2,,,3,2,,1,2,1,1,2,,,,,,,,,,,," ",368600403,,
3,35,186,2,5,1,743.521949216301,"01",120,2,,,,,,,,,0,,0,,0,,1,2,3,4,2,4,2,4,1,0,1,,2,,,,1,3,1,1,1,,,,,,,,,,,," ",368600503,,
3,35,186,2,6,1,743.521949216301,"02",120,2,,,,,,,,,0,,0,,0,,3,1,1,1,1,1,4,1,1,0,2,,,3,2,,1,3,2,1,2,,,,,,,,,,,," ",368600603,,
3,35,186,2,7,1,743.521949216301,"02",120,2,,,,,,,,,0,,0,,0,,888,2,888,888,888,888,5,3,1,0,2,,,4,2,,1,3,2,1,1,,,,,,,,,,,," ",368600703,,
3,35,186,2,8,1,743.521949216301,"01",60,2,,,,,,,,,0,,0,,0,,888,888,888,888,2,2,4,888,1,0,1,,2,,,,1,4,2,0,2,,,,,,,,,,,," ",368600803,,
3,35,186,2,9,1,743.521949216301,"02",90,2,,,,,,,,,0,,0,,1,3,3,4,2,888,2,888,4,888,1,0,1,,3,,,,1,2,2,1,2,,,,,,,,,,,," ",368600903,,
3,35,186,2,10,1,891.6673,"02",120,2,,,,,,,,,0,,0,,0,,888,888,888,888,888,888,5,888,1,0,1,,4,,,,1,3,2,1,1,,,,,,,,,,,," ",368601003,,
3,35,186,2,11,1,891.6673,"02",180,1,,3,3,3,3,3,3,3,0,,0,,0,,1,1,1,5,2,2,5,2,1,1,1,,3,,,,1,2,2,1,6,,,,,,,,,,,," ",368601103,,
3,35,186,2,12,1,891.6673,"02",90,1,,,,,,,,,0,,1,2,1,2,2,2,2,2,2,2,888,2,1,0,1,,3,,,,1,2,2,1,2,,,,,,,,,,,," ",368601203,,
3,35,186,2,13,1,743.521949216301,"02",60,2,,,,,,,,,0,,1,4,0,,3,2,3,3,2,2,1,3,0,,,,,,,,,,,,5,,,,,,,,,,,," ",368601303,,
3,35,186,2,14,1,743.521949216301,"02",60,2,,,,,,,,,1,0,1,4,0,,2,1,2,4,2,2,4,2,1,0,2,,,2,2,,1,2,1,1,5,,,,,,,,,,,," ",368601403,,
3,35,186,2,15,1,891.6673,"02",120,2,,,,,,,,,1,888,0,,0,,3,888,888,2,2,888,5,2,1,0,1,,3,,,,1,3,2,1,1,,,,,,,,,,,," ",368601503,,
3,35,186,2,16,1,891.6673,"01",60,2,,,,,,,,,0,,0,,0,,888,888,888,888,888,888,5,888,0,,,,,,,,,,,,1,,,,,,,,,,,," ",368601603,,
3,35,186,2,17,1,891.6673,"02",60,2,,,,,,,,,0,,0,,0,,888,888,888,2,2,2,5,888,1,0,1,,3,,,,1,4,2,0,2,,,,,,,,,,,," ",368601703,,
3,35,186,2,18,1,891.6673,"01",30,1,,,,,,,,,0,,0,,0,,888,2,2,888,2,2,4,888,1,0,1,,3,,,,2,4,3,0,3,,,,,,,,,,,," ",368601803,,
3,35,186,2,19,1,743.521949216301,"01",90,2,,,,,,,,,0,,1,4,0,,3,2,3,3,2,3,4,3,1,0,2,,,4,2,,1,2,1,1,4,,,,,,,,,,,," ",368601903,,
3,36,187,1,1,1,186.785646215596,"02",30,2,2,2,2,2,2,2,2,2,0,,0,,0,,1,2,2,2,2,2,2,2,0,,,,,,,,,,,,1,,,,,,,,,,,," ",378700103,,
3,36,187,1,3,1,186.785646215596,"02",60,2,2,,,,,,,,0,,0,,1,1,1,2,1,2,1,2,1,2,0,,,,,,,,,,,,1,,,,,,,,,,,," ",378700303,,
3,36,187,1,4,1,392.4749,"02",60,2,2,,,,,,,,0,,0,,0,,5,2,2,888,2,2,4,888,0,,,,,,,,,,,,1,,,,,,,,,,,," ",378700403,,
3,36,187,1,5,1,186.785646215596,"01",60,1,2,2,2,2,2,2,2,2,0,,0,,0,,3,3,3,3,2,3,3,3,0,,,,,,,,,,,,4,,,,,,,,,,,," ",378700503,,
3,36,187,1,6,1,186.785646215596,"02",120,2,2,,,,,,,,0,,0,,0,,2,3,3,3,3,3,3,4,0,,,,,,,,,,,,555,13,,,,,,,,,,," ",378700603,,
3,36,187,1,7,1,392.4749,"02",60,1,2,3,2,3,3,3,3,3,0,,0,,0,,888,888,888,888,2,2,4,4,1,1,3,,,,,3,1,2,2,1,1,,,,,,,,,,,," ",378700703,,
3,36,187,1,8,1,186.785646215596,"02",90,2,2,2,2,1,1,2,2,1,1,4,1,4,0,,1,2,2,888,888,888,3,2,1,0,2,,,2,2,,1,3,2,1,2,,,,,,,,,,,," ",378700803,,
3,36,187,1,9,1,186.785646215596,"02",120,1,2,3,3,1,1,3,3,1,1,4,1,4,0,,1,2,2,2,2,2,2,2,0,,,,,,,,,,,,2,,,,,,,,,,,," ",378700903,,
3,36,187,1,10,1,392.4749,"01",30,1,2,2,2,2,2,2,2,2,1,1,0,,0,,1,2,2,2,1,2,1,2,1,0,1,,3,,,,1,4,1,1,1,,,,,,,,,,,," ",378701003,,
3,36,187,1,11,1,392.4749,"01",120,1,2,,,,,,,,1,0,1,4,1,4,888,2,888,4,2,888,888,888,1,1,1,,2,,,,1,4,0,1,1,,,,,,,,,,,," ",378701103,,
3,36,187,1,12,1,392.4749,"02",90,2,2,,,,,,,,1,0,1,4,0,,2,2,888,888,2,888,4,888,0,,,,,,,,,,,,1,,,,,,,,,,,," ",378701203,,
3,36,187,1,13,1,392.4749,"02",120,2,2,,,,,,,,0,,0,,0,,888,4,4,888,888,888,888,888,0,,,,,,,,,,,,1,,,,,,,,,,,," ",378701303,,
3,36,187,1,14,1,392.4749,"02",60,2,2,3,3,3,3,3,3,3,0,,0,,0,,888,888,888,888,888,888,888,888,0,,,,,,,,,,,,1,,,,,,,,,,,," ",378701403,,
3,36,187,1,15,1,392.4749,"02",120,1,1,,,,,,,,1,4,0,,0,,1,2,2,2,2,3,1,1,1,1,4,2,,,,,1,4,2,1,2,,,,,,,,,,,," ",378701503,,
3,36,187,1,16,1,392.4749,"02",120,1,2,,,,,,,,1,0,1,2,1,0,888,888,888,888,888,888,4,888,1,1,1,,2,,,,1,4,1,1,1,,,,,,,,,,,," ",378701603,,
3,36,187,1,17,1,392.4749,"02",60,2,2,,,,,,,,0,,0,,0,,1,2,1,1,2,2,1,888,0,,,,,,,,,,,,2,,,,,,,,,,,," ",378701703,,
3,36,187,1,18,1,392.4749,"01",30,2,2,,,,,,,,0,,0,,0,,2,1,2,2,2,2,2,2,1,1,1,,2,,,,1,3,1,1,2,,,,,,,,,,,," ",378701803,,
3,36,187,1,20,1,186.785646215596,"02",60,1,2,2,2,2,2,2,2,2,0,,0,,0,,2,3,3,3,3,3,3,4,1,0,1,,3,,,,1,4,2,1,555,11,,,,,,,,,,," ",378702003,,
3,36,188,2,1,1,1563.48593814433,"02",120,1,,,,,,,,,1,0,1,4,1,4,1,2,888,4,4,2,2,2,1,0,2,,,3,2,,1,3,1,0,2,,,,,,,,,,,," ",378800103,,
3,36,188,2,3,1,1563.48593814433,"02",60,2,,,,,,,,,0,,0,,0,,1,2,1,2,1,2,1,2,1,0,1,,3,,,,1,4,1,1,1,,,,,,,,,,,," ",378800303,,
3,36,188,2,4,1,130.290494845361,"01",120,2,,,,,,,,,0,,0,,0,,888,888,888,888,888,888,888,888,1,0,3,,,,,4,3,3,1,0,1,,,,,,,,,,,," ",378800403,,
3,36,188,2,5,1,1563.48593814433,"02",30,2,,,,,,,,,0,,0,,0,,1,1,2,1,2,1,2,2,1,0,1,,2,,,,1,3,1,1,1,,,,,,,,,,,," ",378800503,,
3,36,188,2,6,1,1563.48593814433,"02",120,1,,,,,,,,,0,,0,,0,,2,2,2,2,2,2,2,2,1,0,1,,2,,,,1,4,1,1,5,,,,,,,,,,,," ",378800603,,
3,36,188,2,7,1,1563.48593814433,"01",120,2,,,,,,,,,1,0,1,2,1,4,888,888,888,888,888,888,888,888,1,0,1,,2,,,,1,3,2,1,1,,,,,,,,,,,," ",378800703,,
3,36,188,2,8,1,1563.48593814433,"02",60,2,,,,,,,,,0,,0,,0,,2,1,2,2,2,2,4,888,0,0,1,,3,,,,1,3,2,1,1,,,,,,,,,,,," ",378800803,,
3,36,188,2,9,1,1563.48593814433,"02",120,2,,,,,,,,,0,,0,,0,,4,2,2,3,2,2,5,3,1,0,1,,2,,,,1,2,1,1,1,,,,,,,,,,,," ",378800903,,
3,36,188,2,10,1,1563.48593814433,"01",90,2,,,,,,,,,0,,0,,0,,4,2,2,2,2,2,4,888,1,0,1,,3,,,,1,3,1,1,1,,,,,,,,,,,," ",378801003,,
3,36,188,2,11,1,1563.48593814433,"02",120,2,,1,1,1,1,1,1,1,0,,1,1,0,,1,1,1,2,2,2,4,2,1,0,1,,3,,,,1,4,2,1,555,11,,,,,,,,,,," ",378801103,,
3,36,188,2,12,1,1563.48593814433,"02",120,2,,,,,,,,,0,,0,,0,,2,2,2,2,3,3,2,2,1,0,2,,,4,3,,1,4,2,1,555,6,,,,,,,,,,," ",378801203,,
3,36,188,2,13,1,1563.48593814433,"01",120,1,,,,,,,,,0,,0,,0,,2,2,2,2,3,3,2,2,1,0,1,,3,,,,1,4,1,1,4,,,,,,,,,,,," ",378801303,,
3,36,188,2,14,1,1563.48593814433,"02",60,2,,1,1,1,1,1,1,3,1,0,1,4,1,4,1,1,1,1,1,1,1,2,0,,,,,,,,,,,,2,,,,,,,,,,,," ",378801403,,
3,36,188,2,15,1,1563.48593814433,"02",60,2,,,,,,,,,1,1,1,1,0,,2,1,1,1,1,1,1,1,1,0,1,,2,,,,1,3,1,1,2,,,,,,,,,,,," ",378801503,,
3,36,188,2,16,1,130.290494845361,"01",60,1,,3,3,3,3,3,3,3,1,1,0,,1,0,888,888,888,888,888,2,2,2,1,1,3,,,,,2,1,2,2,0,1,,,,,,,,,,,," ",378801603,,
3,36,188,2,17,1,1563.48593814433,"01",60,2,,,,,,,,,0,,1,0,1,2,888,888,888,888,888,888,4,888,1,0,1,,4,,,,1,2,0,1,1,,,,,,,,,,,," ",378801703,,
3,36,188,2,18,1,1563.48593814433,"02",180,2,,,,,,,,,1,0,1,4,1,4,1,2,888,1,4,2,4,3,1,0,3,,,,,3,1,4,1,1,2,,,,,,,,,,,," ",378801803,,
3,36,188,2,19,1,1563.48593814433,"01",180,2,,,,,,,,,1,0,0,,1,4,888,888,888,888,888,888,4,888,1,0,1,,4,,,,1,2,0,1,1,,,,,,,,,,,," ",378801903,,
3,36,189,1,1,1,255.983,"02",60,2,2,,,,,,,,0,,0,,0,,3,2,2,3,2,2,2,2,1,0,2,,,3,2,,1,4,1,1,555,6,,,,,,,,,,," ",378900103,,
3,36,189,1,2,1,255.983,"03",120,2,2,,,,,,,,1,3,1,0,1,0,1,2,2,2,2,2,2,2,1,0,1,,2,,,,1,3,1,1,2,,,,,,,,,,,," ",378900203,,
3,36,189,1,3,1,255.983,"02",90,1,2,,,,,,,,0,,0,,0,,1,2,1,1,1,1,2,2,1,0,1,,2,,,,1,3,1,1,555,6,,,,,,,,,,," ",378900303,,
3,36,189,1,4,1,255.983,"02",120,1,1,3,3,3,3,3,3,3,0,,0,,0,,4,2,2,4,4,2,4,888,1,1,2,,,2,2,,1,5,2,1,3,,,,,,,,,,,," ",378900403,,
3,36,189,1,5,1,255.983,"02",60,1,2,3,3,3,3,3,3,3,0,,0,,0,,4,2,2,2,2,2,4,4,1,1,1,,2,,,,1,2,2,1,6,,,,,,,,,,,," ",378900503,,
3,36,189,1,6,1,255.983,"07",150,1,2,,,,,,,,1,4,1,2,1,2,1,1,1,3,3,3,4,2,1,1,2,,,3,2,,1,3,2,1,2,,,,,,,,,,,," ",378900603,,
3,36,189,1,7,1,255.983,"01",180,2,2,,,,,,,,1,1,1,1,1,4,1,1,1,1,4,1,4,2,1,1,2,,,4,3,,1,4,2,0,2,,,,,,,,,,,," ",378900703,,
3,36,189,1,8,1,255.983,"06",180,1,1,5,5,5,5,5,5,5,0,,0,,0,,4,2,2,2,2,2,4,2,1,1,1,,3,,,,1,3,2,0,1,,,,,,,,,,,," ",378900803,,
3,36,189,1,9,1,255.983,"02",120,1,2,,,,,,,,1,0,1,4,1,3,1,2,1,2,4,2,2,3,1,0,2,,,2,2,,2,4,2,0,2,,,,,,,,,,,," ",378900903,,
3,36,189,1,10,1,255.983,"05",240,1,1,5,5,5,5,5,5,5,0,,0,,0,,4,2,2,2,2,2,4,1,1,1,1,,4,,,,1,4,2,0,1,,,,,,,,,,,," ",378901003,,
3,36,189,1,11,1,255.983,"02",120,1,2,,,,,,,,1,1,1,1,1,0,1,2,1,1,1,2,1,2,1,1,1,,3,,,,1,4,3,1,2,,,,,,,,,,,," ",378901103,,
3,36,189,1,12,1,255.983,"06",180,1,1,5,5,5,5,5,5,5,0,,0,,0,,4,2,2,2,2,2,5,2,1,1,1,,3,,,,1,4,2,0,1,,,,,,,,,,,," ",378901203,,
3,36,189,1,14,1,255.983,"09",300,1,2,,,,,,,,0,,1,1,0,,4,2,2,4,2,888,5,4,1,1,1,,2,,,,1,3,3,1,1,,,,,,,,,,,," ",378901403,,
3,36,189,1,15,1,255.983,"02",360,1,2,,,,,,,,1,0,1,1,1,4,2,2,2,2,4,2,5,2,1,1,2,,,3,2,,1,3,1,1,1,,,,,,,,,,,," ",378901503,,
3,36,189,1,16,1,255.983,"08",180,1,2,5,5,5,5,5,5,5,0,,0,,0,,1,1,1,1,1,1,4,1,1,1,1,,2,,,,1,3,2,1,1,,,,,,,,,,,," ",378901603,,
3,36,189,1,17,1,255.983,"03",120,1,2,,,,,,,,1,0,1,0,1,0,1,1,2,2,1,1,1,1,1,1,1,,2,,,,1,3,1,1,2,,,,,,,,,,,," ",378901703,,
3,36,189,1,18,1,255.983,"02",120,1,2,,,,,,,,0,,0,,0,,2,888,2,4,2,2,4,4,1,0,3,,,,,2,2,5,1,1,1,,,,,,,,,,,," ",378901803,,
3,36,189,1,19,1,255.983,"02",120,1,2,,,,,,,,0,,0,,0,,1,1,2,2,2,2,3,2,1,0,1,,2,,,,1,3,1,1,4,,,,,,,,,,,," ",378901903,,
3,36,190,2,1,1,609.319791666667,"01",60,2,,,,,,,,,0,,1,1,1,1,1,1,1,1,1,2,1,3,0,,,,,,,,,,,,4,,,,,,,,,,,," ",379000103,,
3,36,190,2,2,1,609.319791666667,"01",120,1,,,,,,,,,0,,1,1,1,2,1,1,1,3,2,2,4,4,1,0,4,2,,,,,4,2,0,0,2,,,,,,,,,,,," ",379000203,,
3,36,190,2,3,1,609.319791666667,"01",120,1,,,,,,,,,0,,1,1,1,4,888,2,888,4,888,888,2,888,1,0,1,,2,,,,1,3,1,1,1,,,,,,,,,,,," ",379000303,,
3,36,190,2,4,1,1569.37,"01",180,2,,,,,,,,,1,0,0,,0,,2,4,888,4,2,2,4,888,1,1,2,,,3,2,,1,4,2,1,4,,,,,,,,,,,," ",379000403,,
3,36,190,2,5,1,609.319791666667,"01",60,2,,,,,,,,,0,,0,,0,,2,2,2,4,2,2,4,888,0,,,,,,,,,,,,1,,,,,,,,,,,," ",379000503,,
3,36,190,2,6,1,609.319791666667,"01",60,2,,,,,,,,,0,,1,4,1,4,1,1,888,1,3,2,5,4,0,,,,,,,,,,,,2,,,,,,,,,,,," ",379000603,,
3,36,190,2,7,1,609.319791666667,"01",120,2,,,,,,,,,0,,0,,0,,4,4,4,4,4,3,2,3,1,0,1,,2,,,,1,2,1,1,4,,,,,,,,,,,," ",379000703,,
3,36,190,2,8,1,609.319791666667,"01",60,2,,,,,,,,,1,0,1,1,1,1,1,1,1,1,5,1,4,1,0,,,,,,,,,,,,1,,,,,,,,,,,," ",379000803,,
3,36,190,2,9,1,609.319791666667,"01",120,1,,,,,,,,,0,,0,,0,,2,3,3,3,4,2,1,4,1,0,2,,,3,2,,1,4,2,1,5,,,,,,,,,,,," ",379000903,,
3,36,190,2,10,1,1569.37,"02",70,2,,,,,,,,,0,,0,,0,,4,2,2,888,2,2,5,2,1,0,2,,,3,2,,1,4,1,1,1,,,,,,,,,,,," ",379001003,,
3,36,190,2,11,1,1569.37,"02",120,1,,,,,,,,,0,,0,,0,,2,2,2,2,2,2,4,2,1,1,1,,3,,,,1,4,2,0,4,,,,1,,,,,,,," ",379001103,,
3,36,190,2,12,1,1569.37,"01",120,1,,,,,,,,,0,,1,2,0,,1,2,2,2,4,2,2,2,0,,,,,,,,,,,,4,,,,,,,,,,,," ",379001203,,
3,36,190,2,13,1,1569.37,"02",120,2,,,,,,,,,0,,0,,0,,4,2,2,2,2,2,5,888,1,0,1,,3,,,,1,2,1,0,1,,,,,,,,,,,," ",379001303,,
3,36,190,2,14,1,1569.37,"02",120,2,,,,,,,,,0,,1,0,1,1,1,2,2,2,2,2,2,2,1,0,1,,2,,,,1,3,1,1,2,,,,,,,,,,,," ",379001403,,
3,36,190,2,15,1,1569.37,"01",60,2,,,,,,,,,0,,0,,0,,1,1,2,1,2,1,1,2,1,1,1,,2,,,,1,3,1,1,2,,,,,,,,,,,," ",379001503,,
3,36,190,2,16,1,1569.37,"02",120,1,,,,,,,,,1,3,1,1,1,0,1,2,2,2,2,2,2,2,1,1,1,,2,,,,1,3,1,1,2,,,,,,,,,,,," ",379001603,,
3,36,190,2,17,1,1569.37,"02",60,1,,,,,,,,,1,1,1,4,0,,1,1,1,3,2,1,3,3,1,1,1,,3,,,,1,4,2,0,2,,,,,,,,,,,," ",379001703,,
3,36,190,2,18,1,1569.37,"02",120,2,,,,,,,,,0,,0,,0,,4,2,2,2,3,2,4,888,1,1,1,,4,,,,1,4,2,0,1,,,,,,,,,,,," ",379001803,,
3,36,191,1,1,1,18.9653113207547,"01",120,1,2,,,,,,,,1,0,1,1,1,1,1,1,2,1,2,4,4,4,0,,,,,,,,,,,,2,,,,,,,,,,,," ",379100103,,
3,36,191,1,2,1,18.9653113207547,"01",120,1,1,,,,,,,,1,1,1,0,1,0,1,2,2,2,2,2,2,2,0,,,,,,,,,,,,2,,,,,,,,,,,," ",379100203,,
3,36,191,1,3,1,18.9653113207547,"01",60,1,1,,,,,,,,1,4,1,1,1,3,1,1,1,1,5,2,888,2,0,,,,,,,,,,,,2,,,,,,,,,,,," ",379100303,,
3,36,191,1,4,1,201.0323,"01",180,1,2,,,,,,,,0,,1,0,0,,4,2,2,4,2,888,4,888,0,,,,,,,,,,,,4,,,,,,,,,,,," ",379100403,,
3,36,191,1,5,1,201.0323,"02",120,1,2,,,,,,,,0,,0,,0,,2,2,3,4,2,3,2,3,1,1,1,,2,,,,1,3,1,1,5,,,,,,,,,,,," ",379100503,,
3,36,191,1,6,1,201.0323,"02",60,1,1,3,3,3,3,3,3,3,0,,0,,0,,1,1,4,2,2,2,2,2,1,1,1,,2,,,,1,3,1,1,4,,,,,,,,,,,," ",379100603,,
3,36,191,1,7,1,201.0323,"03",240,1,2,,,,,,,,1,0,1,2,1,4,2,2,2,2,2,2,5,4,1,0,1,,2,,,,1,3,0,0,1,,,,,,,,,,,," ",379100703,,
3,36,191,1,8,1,201.0323,"07",120,1,1,3,3,3,3,3,3,3,1,4,1,4,1,3,1,1,1,2,888,1,1,3,1,1,2,,,3,2,,1,3,2,1,2,,,,,,,,,,,888," ",379100803,,
3,36,191,1,9,1,201.0323,"02",120,1,2,,,,,,,,0,,0,,0,,2,2,2,2,2,3,2,2,1,1,2,,,3,2,,1,4,1,1,5,,,,,,,,,,,," ",379100903,,
3,36,191,1,10,1,201.0323,"01",60,1,2,,,,,,,,1,0,1,1,1,4,2,2,2,2,2,4,4,2,1,1,1,,2,,,,1,3,1,1,1,,,,,,,,,,,," ",379101003,,
3,36,191,1,11,1,201.0323,"02",120,1,1,,,,,,,,1,0,0,,1,4,2,2,888,2,2,4,4,2,1,1,1,,2,,,,1,3,2,1,1,,,,,,,,,,,," ",379101103,,
3,36,191,1,12,1,201.0323,"02",90,2,2,,,,,,,,0,,0,,0,,4,2,2,2,2,2,4,2,1,1,1,,2,,,,1,3,1,1,1,,,,,,,,,,,," ",379101203,,
3,36,191,1,13,1,201.0323,"01",60,2,2,,,,,,,,0,,0,,1,1,1,2,2,2,2,2,2,2,1,1,1,,2,,,,1,3,1,1,2,,,,,,,,,,,," ",379101303,,
3,36,191,1,15,1,201.0323,"01",90,1,2,,,,,,,,0,,0,,0,,4,2,2,2,2,2,4,2,1,1,1,,2,,,,1,2,1,1,1,,,,,,,,,,,," ",379101503,,
3,36,191,1,16,1,201.0323,"02",120,1,1,,,,,,,,0,,0,,0,,4,2,2,2,2,2,5,2,1,1,1,,4,,,,1,3,2,1,1,,,,,,,,,,,," ",379101603,,
3,36,191,1,17,1,201.0323,"02",120,1,2,,,,,,,,0,,0,,0,,4,2,2,2,2,2,4,2,1,1,1,,4,,,,1,4,2,1,1,,,,,,,,,,,," ",379101703,,
3,36,191,1,18,1,201.0323,"02",60,1,2,,,,,,,,1,1,1,1,1,2,1,1,1,1,1,2,4,3,1,0,2,,,4,2,,1,5,2,0,2,,,,,,,,,,,," ",379101803,,
3,36,191,1,19,1,201.0323,"02",60,1,2,,,,,,,,1,0,1,1,0,,1,2,2,2,2,2,2,2,1,0,1,,2,,,,1,3,2,0,2,,,,,,,,,,,," ",379101903,,
3,36,192,1,1,1,107.948450657895,"01",60,2,2,,,,,,,,0,,0,,0,,888,888,888,888,888,888,2,2,0,,,,,,,,,,,,1,,,,,,,,,,,," ",379200103,,
3,36,192,1,2,1,107.948450657895,"02",180,2,2,,,,,,,,0,,0,,0,,2,2,2,2,2,1,2,3,1,0,1,,3,,,,1,4,1,1,555,6,,,,,,,,,,," ",379200203,,
3,36,192,1,3,1,107.948450657895,"01",120,2,2,,,,,,,,0,,1,1,1,4,2,2,888,4,2,888,2,2,1,0,1,,4,,,,1,2,0,1,4,,,,,,,,,,,," ",379200303,,
3,36,192,1,4,1,107.948450657895,"01",180,1,2,,,,,,,,1,0,0,,1,4,888,888,888,4,4,888,2,888,1,0,1,,2,,,,1,3,1,1,1,,,,,,,,,,,," ",379200403,,
3,36,192,1,5,1,107.948450657895,"01",30,2,2,1,1,1,1,1,1,1,1,0,1,0,1,0,1,2,1,2,1,2,1,2,1,0,1,,2,,,,1,2,1,1,1,,,,,,,,,,,," ",379200503,,
3,36,192,1,6,1,107.948450657895,"02",60,2,2,,,,,,,,1,4,1,4,1,3,1,1,2,2,3,3,2,3,0,,,,,,,,,,,,2,,,,,,,,,,,," ",379200603,,
3,36,192,1,7,1,107.948450657895,"01",120,2,2,,,,,,,,0,,1,1,0,,2,2,888,888,888,888,888,888,1,0,1,,4,,,,1,4,1,0,1,,,,,,,,,,,," ",379200703,,
3,36,192,1,8,1,107.948450657895,"01",60,2,2,,,,,,,,0,,0,,0,,2,2,2,2,2,2,5,3,1,0,1,,2,,,,1,2,1,1,1,,,,,,,,,,,," ",379200803,,
3,36,192,1,9,1,107.948450657895,"01",120,2,2,,,,,,,,0,,0,,0,,2,2,2,2,2,2,4,3,1,0,1,,2,,,,1,2,1,1,1,,,,,,,,,,,," ",379200903,,
3,36,192,1,10,1,468.8047,"03",60,1,2,,,,,,,,0,,0,,0,,2,2,2,2,2,2,2,2,1,1,1,,2,,,,1,4,2,1,4,,,,,,,,,,,," ",379201003,,
3,36,192,1,11,1,468.8047,"02",60,1,2,,,,,,,,0,,0,,0,,4,4,4,2,4,4,2,2,0,,,,,,,,,,,,1,,,,,,,,,,,," ",379201103,,
3,36,192,1,12,1,468.8047,"02",60,1,1,,,,,,,,1,4,1,2,1,2,1,2,2,2,2,2,5,3,0,,,,,,,,,,,,2,,,,,,,,,,,," ",379201203,,
3,36,192,1,14,1,468.8047,"02",120,1,2,,,,,,,,0,,0,,0,,2,2,2,1,2,1,2,1,1,0,1,,2,,,,1,3,1,1,1,,,,,,,,,,,," ",379201403,,
3,36,192,1,15,1,468.8047,"02",60,2,2,,,,,,,,0,,0,,0,,3,2,2,2,2,2,5,3,1,0,1,,2,,,,1,2,1,1,1,,,,,,,,,,,," ",379201503,,
3,36,192,1,16,1,468.8047,"02",30,1,2,,,,,,,,0,,0,,0,,1,2,2,1,2,1,2,1,1,0,1,,2,,,,1,3,1,1,1,,,,,,,,,,,," ",379201603,,
3,36,192,1,17,1,468.8047,"02",180,2,2,2,3,3,2,3,2,3,1,4,1,0,1,4,1,1,1,1,2,2,2,2,1,0,1,,2,,,,1,2,1,1,2,,,,,,,,,,,," ",379201703,,
3,36,192,1,19,1,468.8047,"01",60,2,2,,,,,,,,1,4,1,1,1,4,1,1,2,888,888,4,5,4,1,0,2,,,3,2,,1,4,2,1,2,,,,,,,,,,,," ",379201903,,
3,36,192,1,20,1,468.8047,"01",180,2,2,,,,,,,,1,0,0,,1,4,888,2,888,888,2,888,4,888,0,,,,,,,,,,,,6,,,,,,,,,,,," ",379202003,,
3,36,193,2,1,1,2612.02521568627,"03",120,1,,,,,,,,,1,1,1,1,1,2,4,2,2,2,2,888,5,888,1,0,2,,,3,2,,1,5,1,1,1,,,,,,,,,,,," ",379300103,,
3,36,193,2,3,1,1988.258,"02",60,2,,,,,,,,,0,,0,,0,,1,2,1,3,2,3,3,2,0,,,,,,,,,,,,1,,,,,,,,,,,," ",379300303,,
3,36,193,2,4,1,2612.02521568627,"02",120,1,,,,,,,,,0,,0,,0,,1,3,3,2,2,2,2,2,0,,,,,,,,,,,,555,6,,,,,,,,,,," ",379300403,,
3,36,193,2,5,1,2612.02521568627,"01",60,1,,,,,,,,,1,1,1,4,1,4,1,5,3,3,888,4,4,3,1,0,1,,2,,,,1,5,2,1,2,,,,,,,,,,,," ",379300503,,
3,36,193,2,6,1,1988.258,"02",60,2,,,,,,,,,0,,0,,0,,2,2,2,2,2,2,4,2,1,0,1,,2,,,,1,6,1,0,1,,,,,,,,,,,," ",379300603,,
3,36,193,2,7,1,1988.258,"02",70,2,,,,,,,,,0,,0,,0,,888,2,888,888,2,888,4,888,1,0,1,,3,,,,1,4,2,1,1,,,,,,,,,,,," ",379300703,,
3,36,193,2,8,1,2612.02521568627,"01",60,1,,2,2,2,2,2,2,2,0,,0,,0,,888,888,888,888,888,888,888,888,1,0,2,,,2,2,,1,2,1,1,1,,,,,,,,,,,," ",379300803,,
3,36,193,2,9,1,2612.02521568627,"02",90,1,,,,,,,,,0,,0,,0,,888,888,888,888,888,888,888,888,1,0,3,,,,,2,1,6,1,1,1,,,,,,,,,,,," ",379300903,,
3,36,193,2,10,1,1988.258,"01",60,2,,,,,,,,,0,,0,,0,,888,888,888,888,888,888,2,4,1,0,3,,,,,3,3,2,2,0,1,,,,,,,,,,,," ",379301003,,
3,36,193,2,11,1,1988.258,"03",60,2,,,,,,,,,0,,0,,0,,1,2,2,1,2,2,1,2,0,,,,,,,,,,,,2,,,,,,,,,,,," ",379301103,,
3,36,193,2,12,1,1988.258,"02",180,2,,,,,,,,,0,,1,1,0,,1,1,1,1,1,2,4,4,1,0,1,,2,,,,1,3,1,1,555,6,,,,,,,,,,," ",379301203,,
3,36,193,2,13,1,1988.258,"02",60,2,,,,,,,,,0,,0,,0,,2,2,2,2,2,2,5,2,1,0,2,,,3,2,,1,3,1,1,1,,,,,,,,,,,," ",379301303,,
3,36,193,2,14,1,1988.258,"01",180,1,,,,,,,,,0,,0,,0,,1,1,1,2,1,1,4,2,0,,,,,,,,,,,,555,6,,,,,,,,,,," ",379301403,,
3,36,193,2,16,1,1988.258,"01",180,2,,,,,,,,,0,,1,2,1,4,888,2,888,4,888,888,4,888,1,0,2,,,3,2,,1,3,1,1,1,,,,,,,,,,,," ",379301603,,
3,36,193,2,17,1,1988.258,"01",180,2,,,,,,,,,1,3,1,4,1,4,1,2,2,2,3,3,3,3,1,1,2,,,5,3,,1,3,2,1,2,,,,,,,,,,,," ",379301703,,
3,36,193,2,18,1,1988.258,"02",120,2,,,,,,,,,1,1,1,0,1,0,1,1,1,1,3,2,3,2,0,,,,,,,,,,,,3,,,,,,,,,,,," ",379301803,,
3,36,193,2,19,1,1988.258,"01",150,1,,,,,,,,,1,2,1,4,1,4,1,2,1,1,2,3,3,2,1,1,3,,,,,2,1,4,2,0,2,,,,,,,,,,,," ",379301903,,
3,36,193,2,20,1,2612.02521568627,"01",60,2,,,,,,,,,0,,0,,1,0,2,888,888,888,888,888,2,888,1,0,2,,,3,2,,1,3,1,1,1,,,,,,,,,,,," ",379302003,,
3,36,194,2,1,1,1837.83892,"02",90,2,,,,,,,,,0,,0,,0,,2,3,2,2,2,2,2,4,1,0,2,,,3,2,,1,3,1,1,555,6,,,,,,,,,,," ",379400103,,
3,36,194,2,2,1,1837.83892,"06",60,2,,,,,,,,,0,,0,,0,,2,2,2,2,2,2,5,3,1,0,2,,,3,2,,1,3,0,1,1,,,,,,,,,,,," ",379400203,,
3,36,194,2,3,1,1837.83892,"02",120,1,,,,,,,,,1,4,1,1,1,1,1,1,5,888,3,3,3,3,1,0,1,,3,,,,1,5,2,1,2,,,,,,,,,,,," ",379400303,,
3,36,194,2,4,1,998.8255,"01",90,1,,,,,,,,,0,,0,,0,,3,3,3,3,3,3,3,4,1,0,1,,2,,,,1,4,1,1,5,,,,,,,,,,,," ",379400403,,
3,36,194,2,5,1,1837.83892,"02",80,2,,,,,,,,,0,,0,,0,,1,1,2,2,2,2,4,2,0,,,,,,,,,,,,1,,,,,,,,,,,," ",379400503,,
3,36,194,2,6,1,1837.83892,"01",90,2,,,,,,,,,0,,0,,0,,3,3,3,3,3,3,3,3,1,0,1,,3,,,,1,4,2,1,555,6,,,,,,,,,,," ",379400603,,
3,36,194,2,7,1,1837.83892,"02",120,2,,,,,,,,,0,,0,,0,,1,2,2,2,2,2,4,2,0,,,,,,,,,,,,1,,,,,,,,,,,," ",379400703,,
3,36,194,2,8,1,998.8255,"02",60,2,,,,,,,,,0,,1,0,1,0,2,2,1,1,2,1,2,1,1,1,2,,,3,3,,3,4,1,1,2,,,,,,,,,,,," ",379400803,,
3,36,194,2,9,1,998.8255,"02",180,2,,,,,,,,,0,,1,1,1,4,2,2,2,2,2,2,5,4,1,0,1,,2,,,,1,3,1,1,4,,,,,,,,,,,," ",379400903,,
3,36,194,2,10,1,998.8255,"02",120,2,,,,,,,,,1,4,1,2,1,4,1,4,2,3,2,5,2,2,1,1,1,,3,,,,1,2,2,0,2,,,,,,,,,,,," ",379401003,,
3,36,194,2,11,1,998.8255,"04",120,1,,,,,,,,,1,0,1,2,1,4,1,1,1,2,2,888,4,1,1,0,1,,3,,,,1,5,2,0,2,,,,,,,,,,,," ",379401103,,
3,36,194,2,12,1,998.8255,"02",120,2,,,,,,,,,0,,0,,0,,2,2,2,2,2,2,5,888,1,0,1,,3,,,,1,3,1,0,1,,,,,,,,,,,," ",379401203,,
3,36,194,2,13,1,998.8255,"02",120,2,,,,,,,,,0,,0,,0,,2,3,2,3,3,3,2,2,1,0,1,,3,,,,1,4,2,0,555,6,,,,,,,,,,," ",379401303,,
3,36,194,2,14,1,998.8255,"07",240,2,,,,,,,,,1,1,1,0,1,1,1,2,1,2,1,2,1,2,1,0,1,,3,,,,1,3,2,1,6,,,,,,,,,,,," ",379401403,,
3,36,194,2,16,1,998.8255,"06",120,2,,,,,,,,,0,,0,,0,,2,1,2,1,2,1,2,1,1,1,1,,2,,,,1,3,1,1,2,,,,,,,,,,,," ",379401603,,
3,36,194,2,17,1,998.8255,"01",180,1,,,,,,,,,1,0,1,2,1,4,888,888,888,888,2,888,4,2,1,1,2,,,3,2,,1,4,1,1,1,,,,,,,,,,,," ",379401703,,
3,36,194,2,18,1,998.8255,"02",120,2,,,,,,,,,1,4,1,1,1,1,1,1,1,1,1,1,4,4,1,0,1,,2,,,,1,3,2,0,2,,,,,,,,,,,," ",379401803,,
3,36,194,2,21,1,998.8255,"02",120,2,,,,,,,,,1,1,1,1,1,4,2,2,2,2,2,2,4,888,1,1,1,,2,,,,1,3,1,1,3,,,,,,,,,,,," ",379402103,,
3,37,195,2,1,1,2176.33029470199,"02",80,2,,,,,,,,,0,,0,,0,,2,2,2,888,2,2,5,2,1,0,1,,4,,,,1,2,1,1,1,,,,,,,,,,,," ",389500103,,
3,37,195,2,2,1,853.5737,"03",180,2,,,,,,,,,0,,0,,0,,1,1,1,1,1,1,1,1,1,0,1,,2,,,,1,3,1,1,555,6,,,,,,,,,,," ",389500203,,
3,37,195,2,3,1,2176.33029470199,"02",30,2,,,,,,,,,1,4,1,4,1,4,2,2,2,2,2,2,2,2,1,0,1,,3,,,,1,4,1,0,6,,,,,,,,,,,," ",389500303,,
3,37,195,2,4,1,853.5737,"02",80,2,,,,,,,,,0,,0,,0,,2,2,2,888,2,2,2,3,1,0,1,,2,,,,1,3,1,0,1,,,,,,,,,,,," ",389500403,,
3,37,195,2,5,1,2176.33029470199,"01",40,2,,,,,,,,,0,,0,,0,,2,2,2,888,2,2,4,2,0,,,,,,,,,,,,1,,,,,,,,,,,," ",389500503,,
3,37,195,2,6,1,853.5737,"03",180,2,,,,,,,,,0,,0,,0,,1,1,1,1,1,1,4,2,1,0,1,,2,,,,1,3,1,1,555,6,,,,,,,,,,," ",389500603,,
3,37,195,2,7,1,853.5737,"02",120,1,,,,,,,,,0,,0,,0,,1,1,1,1,1,1,1,1,1,0,2,,,3,2,,1,3,2,0,5,,,,,,,,,,,," ",389500703,,
3,37,195,2,8,1,853.5737,"04",180,2,,,,,,,,,1,0,1,1,1,4,2,2,888,888,2,888,4,888,0,,,,,,,,,,,,1,,,,,,,,,,,," ",389500803,,
3,37,195,2,9,1,853.5737,"02",240,2,,,,,,,,,1,0,1,1,1,4,2,2,888,4,2,2,4,888,1,0,1,,2,,,,1,3,1,1,1,,,,,,,,,,,," ",389500903,,
3,37,195,2,10,1,853.5737,"02",180,2,,,,,,,,,1,0,1,1,1,4,2,2,2,4,2,888,4,888,1,0,2,,,2,2,,1,3,0,1,1,,,,,,,,,,,," ",389501003,,
3,37,195,2,11,1,853.5737,"01",90,1,,3,3,3,3,3,3,3,0,,0,,0,,888,888,888,888,888,888,888,888,1,0,1,,2,,,,1,2,2,0,1,,,,,,,,,,,," ",389501103,,
3,37,195,2,12,1,853.5737,"01",60,1,,2,2,2,2,2,2,2,0,,0,,0,,2,2,2,2,2,2,2,2,1,0,1,,4,,,,1,5,1,1,2,,,,,,,,,,,," ",389501203,,
3,37,195,2,13,1,853.5737,"02",120,2,,,,,,,,,0,,0,,0,,1,1,1,1,2,1,2,2,1,0,2,,,3,2,,1,3,1,1,555,6,,,,,,,,,,," ",389501303,,
3,37,195,2,14,1,853.5737,"02",120,2,,,,,,,,,0,,1,4,1,4,1,2,2,2,2,2,2,2,1,0,1,,2,,,,1,3,2,1,2,,,,,,,,,,,," ",389501403,,
3,37,195,2,15,1,853.5737,"03",150,1,,,,,,,,,0,,0,,0,,2,2,2,2,2,2,4,5,1,1,1,,3,,,,1,3,2,0,1,,,,,,,,,,,," ",389501503,,
3,37,195,2,16,1,853.5737,"02",120,1,,,,,,,,,0,,0,,0,,2,2,2,2,2,2,2,2,1,0,1,,3,,,,1,4,2,1,2,,,,,,,,,,,," ",389501603,,
3,37,195,2,17,1,2176.33029470199,"02",120,2,,,,,,,,,0,,0,,0,,1,2,2,2,2,2,2,2,1,0,1,,2,,,,1,3,1,1,2,,,,,,,,,,,," ",389501703,,
3,37,195,2,18,1,853.5737,"02",180,1,,,,,,,,,1,0,1,1,1,4,2,1,2,4,2,5,4,888,1,1,1,,2,,,,1,3,2,1,3,,,,,,,,,,,," ",389501803,,
3,37,196,2,1,1,1899.352575,"02",60,1,,,,,,,,,1,1,1,4,1,4,1,2,2,2,2,2,2,2,1,0,1,,3,,,,1,4,1,1,2,,,,,,,,,,,," ",389600103,,
3,37,196,2,2,1,1899.352575,"01",60,1,,3,3,3,3,3,3,3,0,,0,,0,,888,888,888,888,888,888,888,888,1,0,1,,3,,,,1,3,1,1,1,,,,,,,,,,,," ",389600203,,
3,37,196,2,3,1,1899.352575,"02",60,2,,2,1,1,1,1,1,1,0,,0,,0,,888,888,888,888,888,888,888,888,1,0,3,,,,,4,2,5,3,0,1,,,,,,,,,,,," ",389600303,,
3,37,196,2,4,1,1899.352575,"02",60,2,,,,,,,,,1,4,1,4,1,1,2,2,2,2,2,2,2,2,1,0,1,,2,,,,1,3,1,1,2,,,,,,,,,,,," ",389600403,,
3,37,196,2,5,1,1899.352575,"02",120,2,,,,,,,,,1,0,1,3,1,4,1,1,1,1,5,1,5,1,1,0,1,,2,,,,1,4,2,1,2,,,,,,,,,,,," ",389600503,,
3,37,196,2,6,1,1899.352575,"02",120,2,,,,,,,,,0,,1,3,0,,4,2,2,2,2,2,5,888,1,0,1,,2,,,,1,3,1,1,1,,,,,,,,,,,," ",389600603,,
3,37,196,2,8,1,1899.352575,"03",120,2,,,,,,,,,1,0,1,2,1,2,1,1,1,4,3,3,3,3,1,0,1,,2,,,,1,3,1,1,2,,,,,,,,,,,," ",389600803,,
3,37,196,2,9,1,1899.352575,"01",120,2,,,,,,,,,1,0,1,1,0,,2,2,888,888,888,888,4,4,1,1,1,,3,,,,1,2,1,1,1,,,,,,,,,,,," ",389600903,,
3,37,196,2,10,1,2665.758,"02",240,1,,,,,,,,,0,,1,1,1,4,2,2,2,4,2,5,4,2,1,1,1,,2,,,,1,3,1,1,5,,,,,,,,,,,," ",389601003,,
3,37,196,2,11,1,2665.758,"01",60,2,,3,3,3,3,3,3,3,0,,0,,0,,888,888,888,888,888,888,888,888,1,1,2,,,2,2,,1,5,2,1,6,,,,,,,,,,,," ",389601103,,
3,37,196,2,12,1,2665.758,"02",180,2,,,,,,,,,1,0,1,1,0,,2,2,2,2,4,4,4,888,1,1,2,,,3,2,,1,3,1,1,1,,,,,,,,,,,," ",389601203,,
3,37,196,2,13,1,2665.758,"02",240,1,,,,,,,,,1,4,1,3,1,4,2,2,2,2,2,2,2,2,1,1,4,3,,,,,1,4,1,1,2,,,,,,,,,,,," ",389601303,,
3,37,196,2,14,1,2665.758,"02",90,2,,,,,,,,,0,,0,,0,,4,2,2,2,2,2,5,2,1,0,1,,2,,,,1,3,1,1,1,,,,,,,,,,,," ",389601403,,
3,37,196,2,15,1,2665.758,"02",200,2,,3,3,3,3,3,3,3,0,,0,,0,,4,2,2,2,2,2,4,888,1,0,1,,3,,,,1,2,1,1,1,,,,,,,,,,,," ",389601503,,
3,37,196,2,16,1,2665.758,"02",120,2,,,,,,,,,0,,0,,0,,3,3,3,3,3,3,3,3,1,1,1,,3,,,,1,3,2,1,555,6,,,,,,,,,,," ",389601603,,
3,37,196,2,17,1,2665.758,"02",120,1,,,,,,,,,0,,1,4,1,4,2,2,2,2,2,2,2,2,1,1,1,,3,,,,1,4,1,1,2,,,,,,,,,,,," ",389601703,,
3,37,196,2,18,1,2665.758,"02",120,2,,,,,,,,,0,,0,,0,,1,1,1,1,1,1,2,4,1,0,1,,2,,,,1,3,1,1,5,,,,,,,,,,,," ",389601803,,
3,37,196,2,21,1,2665.758,"06",120,1,,,,,,,,,1,1,1,4,1,4,1,1,1,3,4,1,4,1,1,0,2,,,3,2,,1,3,2,1,2,,,,,,,,,,,," ",389602103,,
3,37,197,2,1,1,1118.39064615385,"02",180,2,,,,,,,,,0,,0,,0,,2,2,2,888,2,2,4,2,1,0,1,,4,,,,1,2,1,1,1,,,,,,,,,,,," ",389700103,,
3,37,197,2,2,1,1118.39064615385,"02",70,2,,,,,,,,,0,,0,,0,,888,2,2,888,2,2,4,888,1,0,1,,2,,,,1,2,1,1,1,,,,,,,,,,,," ",389700203,,
3,37,197,2,3,1,1118.39064615385,"02",70,2,,,,,,,,,0,,0,,0,,4,2,2,888,2,2,5,5,1,0,1,,2,,,,1,3,1,1,1,,,,,,,,,,,," ",389700303,,
3,37,197,2,4,1,1118.39064615385,"01",120,2,,,,,,,,,0,,1,4,1,4,1,2,2,2,2,2,2,2,1,0,1,,3,,,,1,4,1,1,2,,,,,,,,,,,," ",389700403,,
3,37,197,2,5,1,1118.39064615385,"02",180,2,,,,,,,,,0,,0,,0,,5,2,2,2,2,2,5,2,1,0,1,,3,,,,1,3,1,1,1,,,,,,,,,,,," ",389700503,,
3,37,197,2,6,1,1298.132,"02",120,2,,,,,,,,,0,,0,,0,,3,3,3,3,3,3,3,3,1,0,1,,3,,,,1,2,1,1,555,6,,,,,,,,,,," ",389700603,,
3,37,197,2,7,1,1118.39064615385,"02",120,2,,,,,,,,,0,,0,,0,,888,888,888,888,888,888,888,888,1,0,3,,,,,2,1,3,2,0,1,,,,,,,,,,,," ",389700703,,
3,37,197,2,8,1,1118.39064615385,"02",120,2,,,,,,,,,0,,0,,0,,888,888,888,888,888,888,4,888,0,,,,,,,,,,,,1,,,,,,,,,,,," ",389700803,,
3,37,197,2,9,1,1118.39064615385,"02",120,2,,,,,,,,,0,,1,3,1,4,2,2,2,2,2,2,2,2,1,0,1,,2,,,,1,3,1,1,2,,,,,,,,,,,," ",389700903,,
3,37,197,2,10,1,1118.39064615385,"02",180,1,,,,,,,,,1,0,1,1,1,4,2,2,888,4,2,888,2,888,1,0,2,,,3,2,,1,3,1,1,1,,,,,,,,,,,," ",389701003,,
3,37,197,2,11,1,1298.132,"02",120,1,,,,,,,,,0,,0,,1,4,2,2,2,2,2,2,2,2,1,0,1,,3,,,,1,4,1,1,2,,,,,,,,,,,," ",389701103,,
3,37,197,2,12,1,1298.132,"02",120,2,,,,,,,,,1,0,0,,0,,4,2,2,4,2,4,5,888,1,0,3,,,,,2,1,4,2,0,1,,,,,,,,,,,," ",389701203,,
3,37,197,2,13,1,1298.132,"02",60,2,,,,,,,,,0,,0,,0,,888,888,888,888,888,888,888,888,1,0,3,,,,,2,1,2,3,0,4,,,,,,,,,,,," ",389701303,,
3,37,197,2,14,1,1298.132,"02",180,2,,,,,,,,,1,0,1,1,1,4,2,2,888,4,4,888,1,888,1,0,2,,,3,2,,1,3,1,1,1,,,,,,,,,,,," ",389701403,,
3,37,197,2,15,1,1118.39064615385,"02",120,2,,,,,,,,,1,0,0,,1,0,2,2,888,4,2,5,4,888,1,0,1,,2,,,,1,3,0,1,1,,,,,,,,,,,," ",389701503,,
3,37,197,2,16,1,1298.132,"02",180,2,,,,,,,,,0,,1,1,1,2,1,2,888,4,2,2,5,4,1,0,1,,4,,,,4,6,0,1,1,,,,,,,,,,,," ",389701603,,
3,37,197,2,18,1,1298.132,"02",180,2,,,,,,,,,0,,0,,0,,2,2,2,2,2,2,2,2,1,0,2,,,3,2,,1,3,1,1,555,6,,,,,,,,,,," ",389701803,,
3,37,197,2,22,1,1298.132,"02",180,1,,,,,,,,,0,,0,,0,,1,1,1,1,1,1,2,1,1,1,1,,2,,,,1,3,1,1,555,6,,,,,,,,,,," ",389702203,,
3,37,198,2,1,1,1597.87224363636,"01",60,2,,,,,,,,,1,3,1,3,1,4,1,4,2,1,5,1,2,1,1,0,2,,,4,2,,1,4,2,0,2,,,,,,,,,,,," ",389800103,,
3,37,198,2,2,1,821.3362,"01",60,2,,,,,,,,,0,,0,,0,,888,888,888,888,888,888,888,888,1,0,3,,,,,4,1,2,1,1,5,,,,,,,,,,,," ",389800203,,
3,37,198,2,3,1,1597.87224363636,"04",60,2,,,,,,,,,0,,0,,0,,888,888,888,888,888,888,888,888,1,0,3,,,,,3,3,5,1,0,1,,,,,,,,,,,," ",389800303,,
3,37,198,2,4,1,1597.87224363636,"02",120,2,,,,,,,,,1,0,1,1,1,2,2,2,2,2,2,888,5,888,1,0,1,,4,,,,1,2,1,1,1,,,,,,,,,,,," ",389800403,,
3,37,198,2,5,1,1597.87224363636,"02",120,2,,,,,,,,,1,0,1,1,1,3,1,2,2,2,2,2,2,2,1,0,1,,3,,,,1,4,1,1,6,,,,,,,,,,,," ",389800503,,
3,37,198,2,7,1,1597.87224363636,"02",120,2,,,,,,,,,0,,0,,0,,2,2,2,888,2,2,2,888,1,0,1,,2,,,,1,2,1,1,1,,,,,,,,,,,," ",389800703,,
3,37,198,2,8,1,1597.87224363636,"02",180,2,,,,,,,,,0,,0,,0,,1,1,2,1,1,1,4,2,1,0,1,,2,,,,1,3,1,1,555,6,,,,,,,,,,," ",389800803,,
3,37,198,2,9,1,821.3362,"03",120,1,,,,,,,,,1,1,1,0,1,1,1,2,2,2,2,2,2,2,1,1,1,,2,,,,1,3,2,1,2,,,,,,,,,,,," ",389800903,,
3,37,198,2,10,1,821.3362,"06",180,2,,,,,,,,,0,,0,,0,,2,2,2,2,2,2,4,888,1,0,1,,2,,,,1,2,1,1,1,,,,,,,,,,,," ",389801003,,
3,37,198,2,12,1,821.3362,"02",180,2,,,,,,,,,0,,1,1,1,0,888,888,888,4,2,888,4,888,1,0,2,,,2,2,,1,4,1,1,1,,,,,,,,,,,," ",389801203,,
3,37,198,2,13,1,821.3362,"03",60,2,,,,,,,,,1,0,1,1,1,4,2,3,2,2,2,2,2,2,1,1,1,,3,,,,1,4,2,0,2,,,,,,,,,,,," ",389801303,,
3,37,198,2,14,1,821.3362,"02",120,2,,,,,,,,,1,1,1,1,1,4,2,2,2,2,2,2,5,2,1,1,1,,2,,,,1,3,2,1,1,,,,,,,,,,,," ",389801403,,
3,37,198,2,15,1,821.3362,"02",120,1,,,,,,,,,0,,0,,0,,1,1,1,1,1,1,2,2,1,0,1,,3,,,,1,3,1,1,555,6,,,,,,,,,,," ",389801503,,
3,37,198,2,16,1,1597.87224363636,"03",60,2,,,,,,,,,1,1,1,0,1,2,1,3,1,2,5,1,5,2,1,0,1,,2,,,,1,5,2,1,2,,,,,,,,,,,," ",389801603,,
3,37,198,2,17,1,821.3362,"02",120,2,,,,,,,,,0,,0,,0,,1,1,1,1,1,1,2,3,1,0,1,,2,,,,1,3,1,1,555,6,,,,,,,,,,," ",389801703,,
3,37,198,2,18,1,821.3362,"02",60,1,,,,,,,,,1,4,1,1,1,1,1,1,2,4,3,2,1,3,1,0,2,,,3,3,,1,5,2,1,2,,,,,,,,,,,," ",389801803,,
3,37,198,2,20,1,1597.87224363636,"04",120,1,,,,,,,,,0,,0,,0,,888,888,888,888,888,888,888,888,1,0,4,2,,,,,3,5,1,0,1,,,,,,,,,,,," ",389802003,,
3,37,198,2,21,1,821.3362,"02",240,1,,3,3,3,3,3,3,3,0,,0,,0,,5,2,2,2,2,2,5,2,1,1,2,,,4,3,,1,3,3,1,5,,,,,,,,,,,," ",389802103,,
4,41,199,2,1,1,1265.783775,"02",90,2,,,,,,,,,0,,0,,0,,4,5,4,4,4,4,2,2,1,0,1,,5,,,,1,4,2,1,2,,,,,,,,,,,," ",429900104,,
4,41,199,2,2,1,1265.783775,"02",60,2,,,,,,,,,0,,1,2,1,2,2,4,4,4,2,2,2,2,1,0,1,,4,,,,1,3,2,0,3,,,,,,,,,,,," ",429900204,,
4,41,199,2,3,1,617.4555,"01",240,2,,,,,,,,,0,,1,2,1,3,3,3,4,3,3,3,3,3,1,0,1,,4,,,,1,5,2,1,1,,,,,,,,,,,," ",429900304,,
4,41,199,2,4,1,617.4555,"02",90,1,,,,,,,,,1,0,1,1,0,,1,2,1,4,2,1,4,1,0,,,,,,,,,,,,4,,,,,,,,,,,," ",429900404,,
4,41,199,2,5,1,617.4555,"01",240,2,,,,,,,,,0,,0,,0,,4,3,3,4,1,2,4,3,1,0,1,,2,,,,1,2,2,1,1,,,,,,,,,,,," ",429900504,,
4,41,199,2,6,1,617.4555,"02",180,2,,,,,,,,,1,2,1,1,0,,1,2,2,4,1,1,1,2,1,0,1,,4,,,,1,3,2,1,1,,,,,,,,,,,," ",429900604,,
4,41,199,2,7,1,617.4555,"02",240,2,,,,,,,,,1,888,1,2,0,,888,2,2,888,2,2,888,888,1,1,1,,2,,,,1,3,2,1,5,,,,,,,,,,,," ",429900704,,
4,41,199,2,8,1,617.4555,"01",240,1,,,,,,,,,0,,0,,0,,2,2,2,2,2,4,5,888,1,1,1,,3,,,,1,2,2,0,6,,,,,,,,,,,," ",429900804,,
4,41,199,2,10,1,1265.783775,"02",60,2,,,,,,,,,0,,0,,0,,888,888,888,888,888,888,888,888,1,0,1,,2,,,,1,2,3,0,1,,,,,,,,,,,," ",429901004,,
4,41,199,2,11,1,1265.783775,"02",120,2,,1,1,1,1,1,1,1,0,,0,,0,,888,888,888,888,888,888,888,888,1,0,1,,2,,,,1,2,2,1,1,,,,,,,,,,,," ",429901104,,
4,41,199,2,12,1,1265.783775,"02",120,1,,,,,,,,,0,,0,,0,,5,3,1,3,1,1,2,4,1,1,2,,,3,3,,3,5,3,1,6,,,,,,,,,,,," ",429901204,,
4,41,199,2,13,1,1265.783775,"02",120,1,,,,,,,,,0,,1,1,0,,2,1,2,4,2,2,5,4,1,0,2,,,4,2,,1,3,2,1,2,,,,,,,,,,,," ",429901304,,
4,41,199,2,15,1,1265.783775,"02",90,2,,,,,,,,,0,,1,4,0,,1,1,2,2,2,2,2,2,1,0,2,,,3,2,,1,6,0,1,2,,,,,,,,,,,," ",429901504,,
4,41,199,2,16,1,1265.783775,"01",60,2,,1,1,1,1,1,1,1,0,,1,1,1,2,1,888,888,888,2,888,2,888,1,0,1,,2,,,,1,2,1,0,2,,,,,,,,,,,," ",429901604,,
4,41,199,2,17,1,1265.783775,"01",120,2,,,,,,,,,0,,0,,0,,888,888,888,888,888,888,888,888,1,0,1,,3,,,,1,3,1,1,2,,,,,,,,,,,," ",429901704,,
4,41,199,2,18,1,1265.783775,"02",60,2,,3,3,3,3,3,3,3,0,,0,,0,,2,2,888,888,888,888,888,888,1,0,1,,3,,,,1,3,2,1,2,,,,,,,,,,,," ",429901804,,
4,41,199,2,19,1,1265.783775,"02",60,2,,,,,,,,,0,,0,,0,,3,888,888,3,1,888,4,888,1,0,1,,2,,,,4,3,1,1,1,,,,,,,,,,,," ",429901904,,
4,41,199,2,20,1,1265.783775,"03",60,1,,,,,,,,,0,,1,4,0,,1,5,2,5,2,2,4,2,1,0,2,,,3,2,,1,3,1,1,2,,,,,,,,,,,," ",429902004,,
4,41,200,2,1,1,2302.37658151261,"01",90,2,,,,,,,,,0,,0,,0,,3,2,2,2,2,2,3,2,1,0,1,,4,,,,1,5,2,1,2,,,,,,,,,,,," ",430000104,,
4,41,200,2,2,1,756.8586,"02",120,2,,,,,,,,,1,2,0,,0,,3,3,2,2,2,2,2,3,1,0,1,,3,,,,1,4,3,1,5,,,,,,,,,,,," ",430000204,,
4,41,200,2,3,1,2302.37658151261,"02",60,1,,,,,,,,,0,,0,,0,,2,2,2,2,2,2,2,3,1,0,1,,4,,,,1,6,2,1,4,,,,,,,,,,,," ",430000304,,
4,41,200,2,4,1,2302.37658151261,"02",40,1,,,,,,,,,0,,0,,0,,888,2,888,888,888,888,2,5,1,0,2,,,4,3,,1,5,1,1,2,,,,,,,,,,,," ",430000404,,
4,41,200,2,5,1,756.8586,"02",60,2,,,,,,,,,0,,0,,0,,888,888,888,888,888,888,2,888,1,1,2,,,3,2,,1,5,1,1,2,,,,,,,,,,,," ",430000504,,
4,41,200,2,8,1,756.8586,"02",60,1,,,,,,,,,0,,0,,0,,3,1,3,4,1,3,888,4,0,,,,,,,,,,,,1,,,,,,,,,,,," ",430000804,,
4,41,200,2,9,1,756.8586,"02",180,1,,,,,,,,,0,,0,,0,,2,2,1,4,5,2,4,4,1,1,2,,,3,2,,1,3,2,0,2,,,,,,,,,,,," ",430000904,,
4,41,200,2,10,1,756.8586,"04",60,1,,3,3,3,3,3,3,3,0,,0,,0,,2,2,888,888,2,3,2,888,1,0,1,,3,,,,1,3,2,0,2,,,,,,,,,,,," ",430001004,,
4,41,200,2,11,1,756.8586,"01",60,1,,,,,,,,,0,,0,,0,,1,2,2,5,4,1,4,888,1,1,1,,3,,,,1,2,2,0,5,,,,,,,,,,,," ",430001104,,
4,41,200,2,12,1,756.8586,"02",120,2,,,,,,,,,0,,1,4,0,,4,1,2,1,2,2,5,4,1,0,2,,,4,3,,1,3,0,1,2,,,,,,,,,,,," ",430001204,,
4,41,200,2,13,1,2302.37658151261,"02",60,1,,,,,,,,,0,,0,,0,,1,1,2,2,1,1,1,1,1,0,2,,,3,2,,1,4,1,1,2,,,,,,,,,,,," ",430001304,,
4,41,200,2,14,1,756.8586,"04",120,1,,,,,,,,,0,,0,,0,,1,1,2,2,4,1,4,2,1,1,1,,2,,,,1,3,3,0,4,,,,,,,,,,,," ",430001404,,
4,41,200,2,15,1,756.8586,"02",60,1,,,,,,,,,0,,1,3,0,,1,2,4,4,4,1,4,4,1,1,1,,2,,,,1,2,2,1,4,,,,,,,,,,,," ",430001504,,
4,41,200,2,16,1,756.8586,"02",90,1,,,,,,,,,0,,0,,0,,1,2,2,4,4,1,4,4,1,1,1,,2,,,,1,2,4,0,4,,,,,,,,,,,," ",430001604,,
4,41,200,2,17,1,2302.37658151261,"02",120,2,,1,1,1,1,1,1,1,1,0,0,,0,,2,2,2,2,2,2,2,2,1,0,3,,,,,4,3,3,3,1,2,,,,,,,,,,,," ",430001704,,
4,41,200,2,18,1,756.8586,"02",120,2,,3,3,3,3,3,3,3,1,2,1,1,0,,2,2,2,2,2,2,2,5,1,0,3,,,,,2,3,2,3,1,2,,,,,,,,,,,," ",430001804,,
4,41,200,2,19,1,756.8586,"02",120,1,,,,,,,,,0,,0,,0,,888,888,888,888,888,888,888,888,1,1,2,,,5,3,,1,5,2,0,2,,,,,,,,,,,," ",430001904,,
4,41,200,2,20,1,2302.37658151261,"01",60,1,,,,,,,,,0,,0,,0,,888,888,888,888,888,888,888,888,1,0,3,,,,,4,3,3,2,1,2,,,,,,,,,,,," ",430002004,,
4,41,201,2,1,1,1415.802,"02",240,1,,3,2,2,3,2,3,2,1,0,1,4,1,4,2,2,888,5,4,888,5,2,1,1,1,,2,,,,1,3,2,1,1,,,,,,,,,,,," ",430100104,,
4,41,201,2,2,1,1415.802,"01",120,2,,,,,,,,,0,,1,4,1,4,888,888,888,4,5,888,5,888,0,,,,,,,,,,,,4,,,,,,,,,,,," ",430100204,,
4,41,201,2,4,1,297.574147783251,"01",60,2,,,,,,,,,0,,0,,0,,2,2,3,3,3,3,3,3,1,0,2,,,3,2,,1,3,0,1,1,,,,,,,,,,,," ",430100404,,
4,41,201,2,6,1,297.574147783251,"02",60,1,,,,,,,,,0,,1,4,1,4,1,2,1,2,4,1,2,1,0,,,,,,,,,,,,2,,,,,,,,,,,," ",430100604,,
4,41,201,2,7,1,297.574147783251,"02",240,1,,,,,,,,,0,,1,1,0,,1,1,2,5,2,5,1,1,0,,,,,,,,,,,,2,,,,,,,,,,,," ",430100704,,
4,41,201,2,8,1,297.574147783251,"02",180,1,,,,,,,,,0,,0,,0,,888,2,2,2,2,888,5,3,1,0,2,,,3,2,,1,3,1,1,2,,,,,,,,,,,," ",430100804,,
4,41,201,2,9,1,297.574147783251,"02",120,1,,,,,,,,,1,0,0,,0,,4,2,888,4,4,888,2,3,1,0,2,,,3,2,,1,3,2,1,2,,,,,,,,,,,," ",430100904,,
4,41,201,2,10,1,297.574147783251,"01",60,1,,1,1,1,1,1,1,1,0,,0,,0,,3,2,3,3,3,3,2,3,1,0,2,,,3,2,,1,2,2,1,2,,,,,,,,,,,," ",430101004,,
4,41,201,2,11,1,297.574147783251,"02",120,2,,,,,,,,,0,,0,,0,,1,4,2,1,5,5,1,2,1,0,2,,,3,2,,1,2,2,1,1,,,,,,,,,,,," ",430101104,,
4,41,201,2,12,1,297.574147783251,"01",240,2,,,,,,,,,0,,1,4,1,4,3,2,2,4,3,3,4,4,0,,,,,,,,,,,,2,,,,,,,,,,,," ",430101204,,
4,41,201,2,13,1,1415.802,"02",330,2,,3,3,3,3,3,3,3,0,,1,4,0,,1,1,1,1,2,1,5,1,1,1,2,,,4,2,,1,3,1,1,1,,,,,,,,,,,," ",430101304,,
4,41,201,2,14,1,297.574147783251,"02",180,2,,,,,,,,,0,,0,,0,,2,2,2,2,2,2,5,2,0,,,,,,,,,,,,2,,,,,,,,,,,," ",430101404,,
4,41,201,2,15,1,297.574147783251,"01",60,1,,,,,,,,,1,0,0,,0,,2,1,3,4,1,3,1,3,1,0,1,,5,,,,1,3,2,1,1,,,,,,,,,,,," ",430101504,,
4,41,201,2,16,1,297.574147783251,"02",240,2,,,,,,,,,0,,1,4,1,4,888,2,888,4,4,888,2,888,1,0,1,,2,,,,1,3,2,1,8,,,,,,,,,,,," ",430101604,,
4,41,201,2,17,1,297.574147783251,"02",180,2,,,,,,,,,0,,1,4,1,4,2,4,2,2,3,3,2,3,0,,,,,,,,,,,,555,6,,,,,,,,,,," ",430101704,,
4,41,201,2,18,1,297.574147783251,"02",150,1,,,,,,,,,0,,1,4,1,4,888,888,888,888,888,888,2,4,1,0,1,,3,,,,1,3,0,1,2,,,,,,,,,,,," ",430101804,,
4,41,201,2,19,1,1415.802,"03",60,1,,,,,,,,,0,,1,4,0,,2,2,1,5,2,1,4,1,1,1,1,,3,,,,1,3,1,1,2,,,,,,,,,,,," ",430101904,,
4,41,201,2,21,1,297.574147783251,"01",120,2,,,,,,,,,0,,1,4,0,,2,1,1,4,2,2,1,1,0,,,,,,,,,,,,1,,,,,,,,,,,," ",430102104,,
4,41,202,1,1,1,192.898030534351,"02",60,2,2,,,,,,,,0,,1,4,0,,888,888,888,888,888,888,888,888,1,0,1,,2,,,,1,3,1,1,6,,,,,,,,,,,," ",430200104,,
4,41,202,1,2,1,192.898030534351,"02",120,2,2,,,,,,,,1,2,1,4,0,,888,888,888,888,888,888,888,888,1,0,1,,3,,,,1,4,2,1,1,,,,,,,,,,,," ",430200204,,
4,41,202,1,3,1,192.898030534351,"01",30,2,2,,,,,,,,0,,0,,0,,1,3,2,3,1,3,2,1,1,0,1,,2,,,,1,2,2,0,1,,,,,,,,,,,," ",430200304,,
4,41,202,1,4,1,140.3869,"03",150,1,1,,,,,,,,0,,0,,0,,4,1,1,5,1,3,5,2,1,1,1,,3,,,,1,2,3,0,5,,,,,,,,,,,," ",430200404,,
4,41,202,1,5,1,140.3869,"03",80,1,2,2,2,2,2,2,2,2,1,0,1,1,0,,5,1,1,5,1,1,5,5,1,1,2,,,3,2,,1,4,1,1,4,,,,,,,,,,,," ",430200504,,
4,41,202,1,6,1,140.3869,"02",120,1,1,,,,,,,,1,0,1,0,1,0,1,1,1,1,1,1,1,2,1,0,1,,2,,,,1,3,2,1,1,,,,,,,,,,,," ",430200604,,
4,41,202,1,7,1,140.3869,"01",30,1,1,,,,,,,,0,,0,,0,,1,1,1,1,1,1,1,1,0,,,,,,,,,,,,1,,,,,,,,,,,," ",430200704,,
4,41,202,1,8,1,192.898030534351,"03",60,1,2,,,,,,,,1,0,1,0,1,2,1,1,3,1,1,2,2,1,0,0,1,,4,,,,1,2,0,1,1,,,,,,,,,,,," ",430200804,,
4,41,202,1,9,1,192.898030534351,"02",30,2,2,,,,,,,,1,0,0,,1,0,1,1,1,1,1,1,1,1,0,,,,,,,,,,,,1,,,,,,,,,,,," ",430200904,,
4,41,202,1,10,1,140.3869,"02",280,1,2,,,,,,,,0,,1,3,0,,2,2,2,2,2,2,2,2,0,,,,,,,,,,,,1,,,,,,,,,,,," ",430201004,,
4,41,202,1,11,1,140.3869,"02",180,1,1,,,,,,,,1,0,1,0,0,,4,2,1,2,1,4,5,2,1,1,2,,,3,2,,1,2,2,0,8,,,,,,,,,,,," ",430201104,,
4,41,202,1,12,1,192.898030534351,"02",180,2,2,,,,,,,,1,4,1,0,0,,1,2,2,4,1,2,5,4,1,0,2,,,3,2,,1,2,1,0,1,,,,,,,,,,,," ",430201204,,
4,41,202,1,13,1,140.3869,"04",180,1,2,,,,,,,,1,0,0,,0,,5,5,1,1,5,5,5,5,1,1,1,,3,,,,1,4,1,1,1,,,,,,,,,,,," ",430201304,,
4,41,202,1,14,1,140.3869,"02",90,1,1,,,,,,,,0,,0,,0,,2,2,2,2,2,2,2,2,0,,,,,,,,,,,,2,,,,,,,,,,,," ",430201404,,
4,41,202,1,15,1,192.898030534351,"02",180,2,2,,,,,,,,1,0,1,4,0,,4,2,2,2,4,2,5,3,1,0,2,,,3,2,,1,3,2,1,6,,,,,,,,,,,," ",430201504,,
4,41,202,1,16,1,192.898030534351,"01",180,2,2,,,,,,,,1,0,1,4,0,,1,1,3,4,2,3,5,3,1,0,2,,,3,2,,1,2,3,1,2,,,,,,,,,,,," ",430201604,,
4,41,202,1,17,1,192.898030534351,"02",120,1,2,,,,,,,,0,,1,4,0,,3,2,3,4,4,3,2,3,1,0,1,,2,,,,1,3,1,1,2,,,,,,,,,,,," ",430201704,,
4,41,202,1,18,1,140.3869,"02",480,1,2,,,,,,,,1,0,1,4,0,,1,1,888,5,1,2,1,888,1,0,2,,,3,2,,1,2,1,1,2,,,,,,,,,,,," ",430201804,,
4,41,203,2,1,1,741.469008403361,"02",60,2,,,,,,,,,1,4,1,2,0,,2,1,2,1,2,3,1,888,1,0,2,,,3,2,,1,3,1,1,2,,,,,,,,,,,," ",430300104,,
4,41,203,2,2,1,741.469008403361,"02",180,2,,,,,,,,,0,,1,1,1,4,888,2,2,2,4,2,5,5,1,0,1,,3,,,,1,3,2,1,2,,,,,,,,,,,," ",430300204,,
4,41,203,2,3,1,741.469008403361,"02",240,2,,,,,,,,,0,,1,4,1,4,3,888,888,888,888,888,4,4,1,0,2,,,3,2,,1,4,1,1,2,,,,,,,,,,,," ",430300304,,
4,41,203,2,4,1,741.469008403361,"02",150,2,,,,,,,,,0,,1,4,0,,888,1,888,1,2,888,1,888,1,0,2,,,3,2,,1,3,1,1,1,,,,,,,,,,,," ",430300404,,
4,41,203,2,5,1,741.469008403361,"01",60,2,,,,,,,,,0,,0,,0,,2,1,3,3,3,3,4,3,1,0,2,,,3,2,,1,2,1,1,2,,,,,,,,,,,," ",430300504,,
4,41,203,2,6,1,741.469008403361,"03",30,2,,,,,,,,,0,,1,4,0,,2,2,1,5,2,4,2,1,0,,,,,,,,,,,,2,,,,,,,,,,,," ",430300604,,
4,41,203,2,7,1,741.469008403361,"02",120,1,,,,,,,,,0,,1,0,0,,2,4,4,4,2,3,1,3,0,,,,,,,,,,,,2,,,,,,,,,,,," ",430300704,,
4,41,203,2,8,1,741.469008403361,"02",90,1,,,,,,,,,0,,1,0,0,,888,2,888,4,2,888,2,3,1,0,2,,,3,2,,2,2,1,1,2,,,,,,,,,,,," ",430300804,,
4,41,203,2,9,1,741.469008403361,"02",120,2,,,,,,,,,0,,1,4,1,4,1,2,1,4,2,2,4,1,1,0,1,,2,,,,1,3,2,1,2,,,,,,,,,,,," ",430300904,,
4,41,203,2,10,1,741.469008403361,"01",240,2,,,,,,,,,0,,1,4,1,4,888,888,888,888,888,3,4,888,1,0,1,,3,,,,1,3,1,1,2,,,,,,,,,,,," ",430301004,,
4,41,203,2,11,1,741.469008403361,"02",120,2,,,,,,,,,0,,1,4,0,,3,1,1,1,5,888,2,888,1,0,2,,,4,2,,1,3,1,1,1,,,,,,,,,,,," ",430301104,,
4,41,203,2,12,1,741.469008403361,"01",120,1,,,,,,,,,1,4,1,4,1,4,888,2,888,4,2,888,4,2,1,1,2,,,4,3,,1,3,2,1,1,,,,,,,,,,,," ",430301204,,
4,41,203,2,13,1,741.469008403361,"02",60,2,,,,,,,,,0,,1,4,1,4,1,2,1,4,2,4,4,1,1,0,2,,,2,2,,1,3,1,1,2,,,,,,,,,,,," ",430301304,,
4,41,203,2,14,1,741.469008403361,"01",90,2,,,,,,,,,1,0,1,0,0,,888,2,888,4,2,888,5,3,1,0,2,,,3,2,,2,4,2,1,2,,,,,,,,,,,," ",430301404,,
4,41,203,2,15,1,741.469008403361,"02",40,2,,,,,,,,,0,,0,,0,,1,1,2,2,2,2,4,888,1,0,1,,2,,,,1,2,2,1,2,,,,,,,,,,,," ",430301504,,
4,41,203,2,16,1,2450.967,"02",90,1,,,,,,,,,0,,1,0,1,0,888,1,888,2,1,888,5,888,1,0,1,,2,,,,1,3,1,1,2,,,,,,,,,,,," ",430301604,,
4,41,203,2,17,1,741.469008403361,"02",120,2,,,,,,,,,0,,1,4,1,4,888,2,888,4,4,888,4,888,1,0,1,,2,,,,1,3,1,1,1,,,,,,,,,,,," ",430301704,,
4,41,203,2,18,1,741.469008403361,"02",180,2,,,,,,,,,0,,1,4,1,4,2,2,888,3,3,2,5,1,1,0,2,,,3,2,,1,3,3,1,1,,,,,,,,,,,," ",430301804,,
4,42,204,2,1,1,1559.74094680851,"02",120,2,,,,,,,,,0,,0,,0,,888,2,1,888,3,3,888,888,1,0,1,,2,,,,1,3,0,1,2,,,,,,,,,,,," ",440400104,,
4,42,204,2,2,1,1559.74094680851,"02",120,1,,,,,,,,,0,,1,1,0,,888,2,888,4,2,888,5,3,1,0,2,,,5,4,,1,6,2,1,2,,,,,,,,,,,," ",440400204,,
4,42,204,2,3,1,1559.74094680851,"01",150,1,,,,,,,,,0,,0,,0,,3,2,888,4,4,888,3,5,1,0,2,,,3,2,,1,2,2,0,2,,,,,,,,,,,," ",440400304,,
4,42,204,2,4,1,1559.74094680851,"02",120,2,,,,,,,,,0,,0,,0,,888,1,2,888,3,3,888,888,1,0,1,,2,,,,1,4,1,1,2,,,,,,,,,,,," ",440400404,,
4,42,204,2,5,1,1559.74094680851,"02",120,1,,,,,,,,,0,,0,,0,,888,2,4,5,4,888,4,888,1,0,2,,,3,2,,1,2,1,0,2,,,,,,,,,,,," ",440400504,,
4,42,204,2,6,1,1559.74094680851,"02",180,2,,,,,,,,,0,,1,3,0,,888,2,888,3,2,888,5,888,1,0,2,,,5,4,,1,5,1,1,2,,,,,,,,,,,," ",440400604,,
4,42,204,2,7,1,1559.74094680851,"02",150,2,,,,,,,,,0,,0,,0,,888,2,888,5,4,3,4,4,1,0,2,,,2,2,,1,2,2,1,2,,,,,,,,,,,," ",440400704,,
4,42,204,2,8,1,1559.74094680851,"02",240,2,,,,,,,,,0,,1,3,0,,888,2,888,888,2,888,5,3,0,,,,,,,,,,,,2,,,,,,,,,,,," ",440400804,,
4,42,204,2,9,1,1559.74094680851,"01",120,2,,,,,,,,,0,,0,,0,,888,1,2,3,3,888,888,888,1,0,1,,4,,,,1,2,1,1,2,,,,,,,,,,,," ",440400904,,
4,42,204,2,10,1,461.0555,"01",120,1,,,,,,,,,1,0,0,,0,,3,2,3,3,2,3,5,3,1,1,2,,,4,3,,1,4,2,0,2,,,,,,,,,,,," ",440401004,,
4,42,204,2,11,1,461.0555,"02",60,2,,,,,,,,,1,0,0,,0,,3,1,3,3,1,3,4,3,1,0,1,,2,,,,1,2,2,1,2,,,,,,,,,,,," ",440401104,,
4,42,204,2,12,1,461.0555,"02",60,2,,,,,,,,,0,,0,,0,,4,4,1,2,1,2,5,888,1,1,2,,,5,3,,1,6,2,1,2,,,,,,,,,,,," ",440401204,,
4,42,204,2,13,1,461.0555,"02",60,2,,,,,,,,,0,,0,,0,,2,4,2,3,2,4,5,888,1,1,1,,3,,,,1,5,2,1,2,,,,,,,,,,,," ",440401304,,
4,42,204,2,14,1,461.0555,"01",120,1,,,,,,,,,1,0,0,,0,,3,2,3,3,2,3,5,3,1,0,2,,,3,2,,1,3,2,1,2,,,,,,,,,,,," ",440401404,,
4,42,204,2,15,1,461.0555,"02",60,2,,,,,,,,,0,,0,,0,,4,4,1,1,1,5,5,888,1,1,1,,3,,,,1,5,2,1,2,,,,,,,,,,,," ",440401504,,
4,42,204,2,16,1,461.0555,"01",180,2,,,,,,,,,1,1,1,1,0,,888,2,888,1,2,888,2,888,1,0,1,,2,,,,1,3,2,1,2,,,,,,,,,,,," ",440401604,,
4,42,204,2,17,1,461.0555,"02",120,1,,,,,,,,,1,0,1,1,0,,2,2,2,1,2,2,2,2,1,0,1,,2,,,,1,6,2,1,2,,,,,,,,,,,," ",440401704,,
4,42,204,2,18,1,461.0555,"02",60,1,,,,,,,,,1,0,1,1,0,,888,1,888,4,4,888,4,2,0,,,,,,,,,,,,2,,,,,,,,,,,," ",440401804,,
4,42,205,2,1,1,1266.853,"01",180,2,,,,,,,,,0,,1,3,0,,888,2,888,3,2,888,5,3,1,0,2,,,5,4,,1,6,2,1,2,,,,,,,,,,,," ",440500104,,
4,42,205,2,2,1,1266.853,"02",120,2,,,,,,,,,1,1,1,0,0,,888,2,888,2,2,888,2,888,1,0,1,,2,,,,1,2,2,1,2,,,,,,,,,,,," ",440500204,,
4,42,205,2,3,1,1266.853,"02",240,2,,,,,,,,,0,,1,3,0,,888,888,888,3,888,888,4,888,0,,,,,,,,,,,,2,,,,,,,,,,,," ",440500304,,
4,42,205,2,4,1,1266.853,"02",90,2,,,,,,,,,0,,0,,0,,1,4,1,2,2,4,5,3,1,0,2,,,4,2,,1,5,2,1,2,,,,,,,,,,,," ",440500404,,
4,42,205,2,5,1,1266.853,"02",180,2,,,,,,,,,1,0,1,0,0,,888,2,888,2,2,888,2,2,1,0,1,,2,,,,1,2,2,1,2,,,,,,,,,,,," ",440500504,,
4,42,205,2,6,1,1266.853,"01",120,2,,,,,,,,,0,,0,,0,,3,2,5,4,2,888,4,4,1,0,2,,,4,3,,1,2,2,1,2,,,,,,,,,,,," ",440500604,,
4,42,205,2,7,1,1266.853,"02",120,2,,,,,,,,,0,,0,,0,,888,1,2,3,3,888,888,5,1,0,1,,4,,,,1,2,0,1,2,,,,,,,,,,,," ",440500704,,
4,42,205,2,8,1,1266.853,"01",120,1,,,,,,,,,0,,0,,0,,888,1,2,2,3,3,888,888,1,0,1,,2,,,,1,3,0,1,2,,,,,,,,,,,," ",440500804,,
4,42,205,2,9,1,1266.853,"02",120,2,,,,,,,,,1,0,0,,0,,4,2,3,3,2,3,5,3,1,0,2,,,3,2,,1,3,1,1,2,,,,,,,,,,,," ",440500904,,
4,42,205,2,10,1,1266.853,"02",150,2,,,,,,,,,0,,0,,0,,888,2,5,5,2,888,4,4,0,,,,,,,,,,,,2,,,,,,,,,,,," ",440501004,,
4,42,205,2,11,1,1266.853,"02",60,2,,,,,,,,,1,0,1,0,0,,888,2,888,888,2,888,4,888,1,0,1,,3,,,,1,2,2,1,2,,,,,,,,,,,," ",440501104,,
4,42,205,2,12,1,1266.853,"02",150,2,,,,,,,,,0,,0,,0,,3,2,888,5,2,888,4,4,1,0,2,,,3,2,,1,3,4,0,2,,,,,,,,,,,," ",440501204,,
4,42,205,2,13,1,1266.853,"02",120,2,,,,,,,,,0,,0,,0,,4,5,1,2,2,888,5,888,1,0,2,,,3,2,,1,4,2,1,2,,,,,,,,,,,," ",440501304,,
4,42,205,2,14,1,1266.853,"02",120,1,,,,,,,,,1,0,0,,0,,4,1,3,3,2,3,5,3,1,0,2,,,4,3,,1,4,2,1,2,,,,,,,,,,,," ",440501404,,
4,42,205,2,15,1,1266.853,"02",240,2,,,,,,,,,0,,1,2,0,,888,2,888,4,2,888,5,3,1,0,2,,,4,3,,1,5,1,1,5,,,,,,,,,,,," ",440501504,,
4,42,205,2,16,1,1266.853,"02",120,2,,,,,,,,,0,,0,,0,,888,1,2,888,3,3,888,888,1,0,1,,2,,,,1,3,1,1,2,,,,,,,,,,,," ",440501604,,
4,42,205,2,17,1,1266.853,"02",180,2,,,,,,,,,0,,0,,0,,1,2,888,3,2,4,5,3,1,0,2,,,3,2,,1,4,2,1,5,,,,,,,,,,,," ",440501704,,
4,42,205,2,18,1,1266.853,"02",120,2,,,,,,,,,1,0,0,,0,,3,2,3,3,2,3,5,3,1,0,1,,3,,,,1,3,1,1,2,,,,,,,,,,,," ",440501804,,
4,42,206,2,1,1,811.818,"01",120,2,,,,,,,,,0,,0,,0,,3,2,3,3,2,3,5,3,0,,,,,,,,,,,,2,,,,,,,,,,,," ",440600104,,
4,42,206,2,2,1,811.818,"01",120,2,,,,,,,,,1,0,0,,0,,3,2,3,3,2,3,4,3,1,0,2,,,3,2,,1,3,2,1,2,,,,,,,,,,,," ",440600204,,
4,42,206,2,3,1,811.818,"02",180,2,,,,,,,,,0,,0,,0,,3,2,3,3,2,3,4,3,1,0,2,,,3,2,,1,3,2,1,2,,,,,,,,,,,," ",440600304,,
4,42,206,2,4,1,1913.571,"01",120,2,,,,,,,,,0,,0,,0,,888,1,2,3,3,888,888,3,1,0,1,,2,,,,1,4,1,1,1,,,,,,,,,,,," ",440600404,,
4,42,206,2,5,1,811.818,"01",180,2,,,,,,,,,0,,1,2,0,,888,888,888,888,888,888,4,888,1,0,2,,,3,2,,1,6,1,0,2,,,,,,,,,,,," ",440600504,,
4,42,206,2,6,1,811.818,"02",90,2,,,,,,,,,0,,0,,0,,3,2,888,5,2,888,4,3,1,0,2,,,3,2,,1,2,1,0,2,,,,,,,,,,,," ",440600604,,
4,42,206,2,7,1,811.818,"02",120,2,,,,,,,,,0,,0,,0,,888,1,2,3,4,4,888,3,1,0,1,,2,,,,1,4,1,0,2,,,,,,,,,,,," ",440600704,,
4,42,206,2,8,1,811.818,"02",120,2,,,,,,,,,0,,1,2,0,,3,888,888,888,888,3,4,888,0,,,,,,,,,,,,2,,,,,,,,,,,," ",440600804,,
4,42,206,2,9,1,1913.571,"02",120,1,,,,,,,,,0,,0,,0,,5,2,1,2,2,2,5,2,1,1,2,,,3,2,,1,5,2,1,5,,,,,,,,,,,," ",440600904,,
4,42,206,2,10,1,811.818,"02",180,2,,,,,,,,,0,,1,3,0,,888,2,888,4,2,888,5,3,0,,,,,,,,,,,,2,,,,,,,,,,,," ",440601004,,
4,42,206,2,11,1,811.818,"02",150,2,,,,,,,,,0,,0,,0,,3,2,5,5,2,888,4,888,1,0,1,,2,,,,1,2,2,1,2,,,,,,,,,,,," ",440601104,,
4,42,206,2,12,1,1913.571,"02",120,1,,,,,,,,,0,,0,,0,,888,1,2,3,3,888,888,3,1,1,1,,2,,,,1,4,2,0,2,,,,,,,,,,,," ",440601204,,
4,42,206,2,13,1,1913.571,"01",60,2,,,,,,,,,0,,0,,0,,4,4,1,2,1,2,5,2,1,1,1,,3,,,,1,5,2,1,2,,,,,,,,,,,," ",440601304,,
4,42,206,2,14,1,811.818,"01",90,1,,,,,,,,,0,,0,,0,,4,4,1,1,2,2,5,2,1,0,2,,,3,2,,1,4,2,1,5,,,,,,,,,,,," ",440601404,,
4,42,206,2,15,1,1913.571,"02",120,1,,,,,,,,,1,0,1,0,0,,888,2,888,4,4,888,2,888,0,,,,,,,,,,,,3,,,,,,,,,,,," ",440601504,,
4,42,206,2,16,1,1913.571,"02",60,1,,,,,,,,,1,0,1,0,0,,888,2,888,4,2,888,2,2,1,0,1,,2,,,,1,3,2,1,2,,,,,,,,,,,," ",440601604,,
4,42,206,2,17,1,1913.571,"02",75,1,,,,,,,,,1,0,1,1,0,,888,2,888,1,2,888,1,4,1,0,4,2,,,,,1,3,2,1,2,,,,,,,,,,,," ",440601704,,
4,42,206,2,18,1,811.818,"02",120,2,,,,,,,,,0,,0,,0,,3,2,888,5,5,3,4,888,1,0,2,,,3,2,,1,2,2,0,2,,,,,,,,,,,," ",440601804,,
4,42,207,2,1,1,219.268658385093,"02",120,2,,,,,,,,,0,,0,,0,,888,1,2,888,3,3,888,3,1,0,1,,4,,,,1,3,1,1,2,,,,,,,,,,,," ",440700104,,
4,42,207,2,2,1,219.268658385093,"01",120,2,,,,,,,,,0,,0,,0,,4,4,1,2,4,2,5,3,1,0,2,,,4,2,,1,5,2,1,5,,,,,,,,,,,," ",440700204,,
4,42,207,2,3,1,219.268658385093,"01",180,2,,,,,,,,,0,,1,3,0,,888,888,888,888,888,3,4,3,0,,,,,,,,,,,,2,,,,,,,,,,,," ",440700304,,
4,42,207,2,4,1,219.268658385093,"01",120,2,,,,,,,,,0,,1,1,0,,888,888,888,888,888,888,4,3,0,,,,,,,,,,,,2,,,,,,,,,,,," ",440700404,,
4,42,207,2,5,1,219.268658385093,"02",120,2,,,,,,,,,0,,0,,0,,888,2,888,5,4,888,4,888,1,0,1,,2,,,,1,2,4,1,2,,,,,,,,,,,," ",440700504,,
4,42,207,2,6,1,219.268658385093,"01",60,2,,,,,,,,,0,,0,,0,,3,2,3,3,2,3,4,3,0,,,,,,,,,,,,2,,,,,,,,,,,," ",440700604,,
4,42,207,2,7,1,219.268658385093,"01",60,2,,,,,,,,,0,,0,,0,,888,1,2,3,888,3,3,888,0,,,,,,,,,,,,2,,,,,,,,,,,," ",440700704,,
4,42,207,2,8,1,219.268658385093,"01",120,2,,,,,,,,,0,,0,,0,,2,2,888,3,2,888,5,888,1,0,1,,3,,,,1,5,2,1,2,,,,,,,,,,,," ",440700804,,
4,42,207,2,9,1,219.268658385093,"02",120,2,,1,1,1,1,1,1,1,1,0,0,,0,,2,1,2,3,2,2,3,3,1,0,4,2,,,,,1,3,0,0,5,,,,,,,,,,,," ",440700904,,
4,42,207,2,10,1,2715.558,"02",180,2,,,,,,,,,0,,1,2,0,,888,2,888,4,888,888,5,3,1,0,2,,,4,3,,1,5,2,1,2,,,,,,,,,,,," ",440701004,,
4,42,207,2,11,1,2715.558,"02",120,2,,,,,,,,,0,,0,,0,,888,2,4,5,2,888,5,3,1,0,2,,,2,2,,1,2,3,1,2,,,,,,,,,,,," ",440701104,,
4,42,207,2,12,1,2715.558,"02",120,2,,,,,,,,,0,,0,,0,,888,1,2,3,3,3,888,888,1,0,1,,2,,,,1,3,1,1,2,,,,,,,,,,,," ",440701204,,
4,42,207,2,13,1,2715.558,"02",120,2,,,,,,,,,0,,0,,0,,3,2,3,3,2,3,4,3,1,1,2,,,3,2,,1,3,2,1,2,,,,,,,,,,,," ",440701304,,
4,42,207,2,14,1,2715.558,"02",150,2,,,,,,,,,1,0,0,,0,,888,2,888,4,5,888,5,5,1,0,2,,,2,2,,1,2,2,1,2,,,,,,,,,,,," ",440701404,,
4,42,207,2,15,1,2715.558,"02",90,2,,,,,,,,,0,,0,,0,,4,4,1,2,4,2,5,888,1,1,2,,,5,3,,1,6,1,1,2,,,,,,,,,,,," ",440701504,,
4,42,207,2,16,1,2715.558,"02",120,2,,,,,,,,,0,,0,,0,,888,2,1,3,3,888,888,888,1,0,1,,2,,,,1,3,0,1,2,,,,,,,,,,,," ",440701604,,
4,42,207,2,17,1,2715.558,"02",60,2,,,,,,,,,1,0,0,,0,,3,1,2,3,2,3,5,3,1,1,2,,,4,3,,1,4,2,1,2,,,,,,,,,,,," ",440701704,,
4,42,207,2,18,1,2715.558,"01",60,1,,,,,,,,,0,,0,,0,,2,1,1,2,1,1,5,2,1,1,3,,,,,4,3,3,0,0,5,,,,,,,,,,,," ",440701804,,
4,42,208,1,1,1,17.4388363636364,"02",45,1,2,,,,,,,,1,1,1,0,0,,888,2,888,2,1,2,2,2,1,0,1,,2,,,,1,2,1,1,2,,,,,,,,,,,," ",440800104,,
4,42,208,1,2,1,275.7516,"02",75,1,2,,,,,,,,1,1,1,1,0,,888,2,888,1,2,888,2,888,1,1,1,,3,,,,1,2,1,1,4,,,,,,,,,,,," ",440800204,,
4,42,208,1,3,1,275.7516,"02",120,1,1,5,5,5,5,5,5,5,1,1,1,0,0,,2,2,2,2,1,1,2,2,0,,,,,,,,,,,,5,,,,,,,,,,,," ",440800304,,
4,42,208,1,4,1,17.4388363636364,"01",120,2,2,,,,,,,,0,,0,,0,,1,888,888,888,888,888,5,888,0,,,,,,,,,,,,2,,,,,,,,,,,," ",440800404,,
4,42,208,1,5,1,275.7516,"01",150,2,1,,,,,,,,1,0,1,0,0,,3,1,3,3,2,3,5,3,1,0,2,,,3,2,,1,3,2,1,2,,,,,,,,,,,," ",440800504,,
4,42,208,1,6,1,275.7516,"02",120,1,2,3,3,3,5,3,5,5,0,,0,,0,,4,2,2,1,1,5,5,888,1,1,2,,,4,2,,1,5,1,1,2,,,,,,,,,,,," ",440800604,,
4,42,208,1,7,1,17.4388363636364,"02",120,2,2,,,,,,,,1,0,1,0,0,,888,2,3,3,2,3,5,3,1,0,1,,3,,,,1,3,2,1,2,,,,,,,,,,,," ",440800704,,
4,42,208,1,9,1,275.7516,"02",180,2,2,,,,,,,,0,,0,,0,,1,888,5,5,2,888,5,888,1,1,2,,,3,2,,1,3,2,1,2,,,,,,,,,,,," ",440800904,,
4,42,208,1,11,1,17.4388363636364,"02",120,1,2,,,,,,,,0,,0,,0,,888,1,2,3,4,4,888,888,1,0,1,,4,,,,1,3,1,1,1,,,,,,,,,,,," ",440801104,,
4,42,208,1,12,1,17.4388363636364,"01",120,2,2,,,,,,,,1,0,1,0,0,,2,1,3,3,1,3,5,3,1,0,1,,3,,,,1,3,2,1,2,,,,,,,,,,,," ",440801204,,
4,42,208,1,13,1,17.4388363636364,"02",60,1,2,,,,,,,,0,,0,,0,,888,1,888,888,3,3,4,888,1,0,1,,3,,,,1,2,1,1,1,,,,,,,,,,,," ",440801304,,
4,42,208,1,14,1,17.4388363636364,"02",240,1,2,,,,,,,,0,,1,3,0,,2,2,3,4,2,3,5,4,1,0,2,,,3,2,,1,6,2,1,2,,,,,,,,,,,," ",440801404,,
4,42,208,1,17,1,17.4388363636364,"01",240,2,2,,,,,,,,0,,1,3,0,,2,2,3,4,2,3,1,3,0,,,,,,,,,,,,2,,,,,,,,,,,," ",440801704,,
4,42,208,1,18,1,17.4388363636364,"02",150,1,2,,,,,,,,0,,0,,0,,2,2,3,3,4,2,5,5,1,0,2,,,3,2,,1,3,2,1,2,,,,,,,,,,,," ",440801804,,
4,42,208,1,19,1,17.4388363636364,"02",180,2,2,,,,,,,,0,,1,3,0,,2,2,888,4,2,888,4,3,0,,,,,,,,,,,,2,,,,,,,,,,,," ",440801904,,
4,42,208,1,20,1,275.7516,"02",150,1,2,,,,,,,,0,,0,,0,,2,2,2,4,3,3,4,4,1,0,1,,2,,,,1,3,2,1,2,,,,,,,,,,,," ",440802004,,
4,42,208,1,21,1,275.7516,"02",90,2,2,,,,,,,,1,0,1,0,0,,4,3,3,5,3,888,2,4,1,0,1,,2,,,,1,3,1,1,2,,,,,,,,,,,," ",440802104,,
4,42,208,1,22,1,17.4388363636364,"01",60,2,2,1,1,1,1,1,1,1,0,,0,,0,,888,888,888,888,3,3,5,888,0,,,,,,,,,,,,1,,,,,,,,,,,," ",440802204,,
4,43,209,1,1,1,72.8319091078067,"01",240,1,2,,,,,,,,0,,0,,0,,2,888,3,2,2,3,1,3,0,,,,,,,,,,,,2,,,,,,,,,,,," ",450900104,,
4,43,209,1,2,1,72.8319091078067,"01",120,2,2,,,,,,,,0,,0,,0,,1,2,2,4,2,3,2,3,0,,,,,,,,,,,,2,,,,,,,,,,,," ",450900204,,
4,43,209,1,3,1,72.8319091078067,"02",52,1,1,,,,,,,,0,,0,,0,,2,2,2,3,2,2,2,2,1,0,1,,5,,,,4,2,1,1,2,,,,,,,,,,,," ",450900304,,
4,43,209,1,4,1,72.8319091078067,"01",60,2,2,,,,,,,,0,,0,,0,,2,2,2,2,2,2,2,2,0,,,,,,,,,,,,4,,,,,,,,,,,," ",450900404,,
4,43,209,1,5,1,403.9543,"02",120,1,2,,,,,,,,0,,0,,0,,2,2,2,5,2,888,5,4,0,,,,,,,,,,,,4,,,,,,,,,,,," ",450900504,,
4,43,209,1,6,1,72.8319091078067,"02",100,2,2,1,1,1,2,2,2,1,1,1,1,4,0,,4,1,888,2,1,888,2,888,1,0,2,,,3,2,,1,6,0,0,2,,,,,,,,,,,," ",450900604,,
4,43,209,1,7,1,72.8319091078067,"02",120,2,2,,,,,,,,0,,1,2,0,,1,2,2,2,3,3,1,1,1,0,1,,5,,,,1,4,1,1,1,,,,,,,,,,,," ",450900704,,
4,43,209,1,8,1,403.9543,"02",90,1,2,,,,,,,,0,,0,,0,,2,888,5,888,888,888,2,5,1,1,1,,3,,,,1,3,2,0,2,,,,,,,,,,,," ",450900804,,
4,43,209,1,9,1,72.8319091078067,"02",60,1,2,,,,,,,,0,,0,,0,,2,4,2,1,3,3,3,2,1,0,1,,2,,,,1,5,2,1,2,,,,,,,,,,,," ",450900904,,
4,43,209,1,11,1,403.9543,"01",40,2,2,,,,,,,,1,0,0,,1,0,2,2,2,888,2,2,5,5,1,1,2,,,3,2,,1,3,2,1,2,,,,,,,,,,,," ",450901104,,
4,43,209,1,12,1,403.9543,"02",60,2,2,,,,,,,,0,,0,,0,,2,2,1,2,2,1,5,1,1,0,1,,2,,,,1,2,2,1,2,,,,,,,,,,,," ",450901204,,
4,43,209,1,13,1,403.9543,"03",60,2,2,,,,,,,,1,0,0,,0,,2,2,2,4,4,2,4,4,1,0,1,,3,,,,1,3,1,1,5,,,,,,,,,,,," ",450901304,,
4,43,209,1,14,1,72.8319091078067,"01",60,2,2,,,,,,,,1,0,0,,0,,1,1,3,3,3,3,2,3,1,0,1,,4,,,,1,3,2,1,1,,,,,,,,,,,," ",450901404,,
4,43,209,1,15,1,72.8319091078067,"02",120,2,2,,,,,,,,0,,1,4,0,,888,1,888,2,2,888,1,888,0,,,,,,,,,,,,4,,,,,,,,,,,," ",450901504,,
4,43,209,1,16,1,403.9543,"01",180,1,2,2,2,2,2,2,2,2,1,0,0,,0,,2,2,2,1,1,3,3,3,1,0,1,,5,,,,1,3,2,0,1,,,,,,,,,,,," ",450901604,,
4,43,209,1,18,1,403.9543,"02",120,2,2,3,3,3,3,2,2,2,0,,0,,0,,1,1,888,2,4,2,1,888,1,0,1,,2,,,,1,2,1,1,2,,,,,,,,,,,," ",450901804,,
4,43,209,1,19,1,403.9543,"02",60,2,2,,,,,,,,0,,0,,0,,2,2,2,2,2,2,888,2,1,1,3,,,,,3,3,6,1,1,2,,,,,,,,,,,," ",450901904,,
4,43,209,1,21,1,403.9543,"01",60,2,2,,,,,,,,0,,0,,0,,2,2,2,2,2,2,2,2,1,0,1,,3,,,,2,4,3,1,2,,,,,,,,,,,," ",450902104,,
4,43,210,2,1,1,568.426227001195,"02",65,2,,,,,,,,,0,,0,,0,,2,2,2,2,2,2,2,5,1,0,1,,2,,,,1,3,1,0,2,,,,,,,,,,,," ",451000104,,
4,43,210,2,2,1,568.426227001195,"02",30,2,,,,,,,,,0,,0,,0,,1,1,5,1,2,888,4,888,1,0,1,,2,,,,1,2,2,1,2,,,,,,,,,,,," ",451000204,,
4,43,210,2,3,1,568.426227001195,"01",60,2,,,,,,,,,1,3,1,4,0,,888,5,888,2,4,888,1,888,0,,,,,,,,,,,,4,,,,,,,,,,,," ",451000304,,
4,43,210,2,4,1,568.426227001195,"02",90,2,,,,,,,,,0,,0,,0,,888,888,888,888,888,888,1,888,1,0,2,,,3,2,,1,3,1,1,2,,,,,,,,,,,," ",451000404,,
4,43,210,2,5,1,568.426227001195,"02",60,2,,,,,,,,,1,0,1,0,1,2,2,2,2,3,2,2,2,3,0,,,,,,,,,,,,1,,,,,,,,,,,," ",451000504,,
4,43,210,2,6,1,568.426227001195,"02",60,2,,,,,,,,,1,3,1,1,0,,1,1,4,4,4,3,3,3,1,0,1,,4,,,,1,6,2,1,1,,,,,,,,,,,," ",451000604,,
4,43,210,2,7,1,568.426227001195,"01",60,2,,,,,,,,,0,,1,4,0,,1,1,888,1,1,888,888,888,1,0,2,,,3,2,,1,5,1,1,2,,,,,,,,,,,," ",451000704,,
4,43,210,2,8,1,1820.559,"02",60,1,,,,,,,,,0,,0,,0,,2,2,2,2,2,2,2,3,1,1,1,,4,,,,1,5,1,0,1,,1,,,,,,,,,," ",451000804,,
4,43,210,2,9,1,568.426227001195,"01",60,2,,,,,,,,,0,,0,,0,,2,3,4,5,2,1,2,5,1,0,1,,2,,,,1,3,1,1,2,,,,,,,,,,,," ",451000904,,
4,43,210,2,10,1,568.426227001195,"02",30,2,,,,,,,,,0,,1,4,0,,888,1,888,888,1,888,1,888,1,0,2,,,4,2,,1,5,2,1,2,,,,,,,,,,,," ",451001004,,
4,43,210,2,12,1,1820.559,"02",60,1,,,,,,,,,0,,1,4,0,,4,1,888,888,1,888,5,888,1,0,2,,,3,2,,1,6,2,1,2,,,,,,,,,,,," ",451001204,,
4,43,210,2,13,1,1820.559,"02",120,1,,,,,,,,,1,2,1,2,1,3,2,2,2,1,1,1,1,3,1,0,1,,4,,,,1,4,1,0,1,,,,,,,,,,,," ",451001304,,
4,43,210,2,14,1,1820.559,"02",240,1,,,,,,,,,0,,0,,0,,2,2,2,2,2,2,2,2,0,,,,,,,,,,,,2,,,,,,,,,,1,,"Metal Charcoal",451001404,,
4,43,210,2,15,1,1820.559,"02",60,1,,,,,,,,,0,,0,,0,,1,2,2,2,2,2,2,1,0,,,,,,,,,,,,3,,,,,,1,,,,,," ",451001504,,
4,43,210,2,16,1,1820.559,"03",60,1,,,,,,,,,0,,0,,0,,2,2,2,2,2,2,2,2,1,1,1,,2,,,,1,2,2,0,3,,,,,,,,,,,," ",451001604,,
4,43,210,2,17,1,1820.559,"01",60,2,,,,,,,,,0,,0,,0,,2,2,2,3,2,2,2,2,1,0,1,,2,,,,1,2,2,0,1,,,,,,,,,,,," ",451001704,,
4,43,210,2,18,1,1820.559,"01",60,2,,,,,,,,,0,,0,,0,,2,2,2,2,2,2,2,3,1,1,1,,2,,,,1,2,1,1,2,,,,,,,,,,,," ",451001804,,
4,43,211,1,1,1,75.3177517857143,"01",50,2,2,,,,,,,,0,,0,,0,,2,2,888,2,888,888,5,888,1,0,2,,,5,3,,3,6,4,1,2,,1,,,,,,,,,," ",451100104,,
4,43,211,1,2,1,324.4457,"02",40,1,1,,,,,,,,0,,0,,0,,2,1,2,2,2,2,888,2,1,0,1,,3,,,,1,3,3,1,2,,,,,,,,,,,," ",451100204,,
4,43,211,1,4,1,324.4457,"02",60,2,2,,,,,,,,0,,0,,0,,2,3,3,3,3,3,1,3,1,0,1,,3,,,,1,4,1,1,1,,,,,,,,,,,," ",451100404,,
4,43,211,1,5,1,324.4457,"02",40,1,1,,,,,,,,0,,0,,0,,2,2,888,2,2,888,2,2,0,,,,,,,,,,,,2,,,,,,,,,,,," ",451100504,,
4,43,211,1,6,1,75.3177517857143,"02",120,2,2,,,,,,,,0,,0,,0,,2,2,2,4,2,2,5,4,0,0,1,,3,,,,1,3,2,0,2,,,,,,,,,,,," ",451100604,,
4,43,211,1,7,1,75.3177517857143,"02",50,2,2,3,2,3,3,3,3,2,0,,0,,0,,2,2,1,2,1,2,2,2,1,0,1,,3,,,,1,3,3,1,2,,,,,,,,,,,," ",451100704,,
4,43,211,1,8,1,75.3177517857143,"01",40,2,2,,,,,,,,0,,0,,0,,2,2,1,2,1,2,5,2,0,,,,,,,,,,,,2,,,,,,,,,,,," ",451100804,,
4,43,211,1,9,1,75.3177517857143,"02",180,1,2,,,,,,,,0,,0,,0,,2,2,1,1,2,1,1,1,0,,,,,,,,,,,,1,,,,,,,,,,,," ",451100904,,
4,43,211,1,10,1,324.4457,"04",120,1,2,,,,,,,,0,,0,,0,,2,4,2,4,2,4,4,4,1,1,1,,4,,,,1,4,2,0,2,,,,,,,,,,,," ",451101004,,
4,43,211,1,11,1,324.4457,"02",60,1,1,,,,,,,,0,,1,0,0,,2,1,2,3,1,1,1,1,0,,,,,,,,,,,,1,,,,,,,,,,,," ",451101104,,
4,43,211,1,12,1,324.4457,"02",120,2,2,,,,,,,,0,,0,,0,,2,3,2,2,1,2,2,2,0,,,,,,,,,,,,3,,,,,,,,,,,," ",451101204,,
4,43,211,1,13,1,324.4457,"02",120,2,2,,,,,,,,0,,0,,0,,4,2,888,888,2,888,4,888,1,0,1,,3,,,,1,3,2,0,1,,,,,,,,,,,," ",451101304,,
4,43,211,1,14,1,324.4457,"02",40,2,2,,,,,,,,0,,0,,0,,2,1,2,1,2,1,2,2,1,0,1,,3,,,,2,4,1,0,2,,,,,,,,,,,," ",451101404,,
4,43,211,1,15,1,324.4457,"02",60,2,2,,,,,,,,0,,1,1,0,,3,3,3,3,3,3,3,3,1,0,1,,2,,,,1,2,2,1,1,,,,,,,,,,,," ",451101504,,
4,43,211,1,16,1,324.4457,"01",120,1,2,,,,,,,,0,,0,,0,,2,2,2,4,2,4,4,4,1,1,2,,,3,2,,1,3,1,0,1,,,,,,,,,,,," ",451101604,,
4,43,211,1,17,1,324.4457,"08",180,1,1,,,,,,,,0,,0,,0,,4,2,2,4,2,2,5,2,0,,,,,,,,,,,,3,,,,,,,,,,,," ",451101704,,
4,43,211,1,18,1,324.4457,"02",120,1,2,,,,,,,,0,,0,,0,,2,2,2,4,2,4,5,4,1,1,1,,4,,,,1,4,2,0,2,,,,,,,,,,,," ",451101804,,
4,43,211,1,21,1,324.4457,"02",40,2,2,,,,,,,,0,,0,,0,,2,1,2,1,2,1,3,2,1,0,1,,4,,,,1,6,1,1,2,,,,,,,,,,,," ",451102104,,
4,43,212,1,1,1,9.19864275700934,"02",60,2,2,,,,,,,,0,,1,0,0,,1,1,3,4,3,3,1,3,0,,,,,,,,,,,,1,,,,,,,,,,,," ",451200104,,
4,43,212,1,2,1,9.19864275700934,"02",120,2,2,,,,,,,,1,0,0,,0,,1,2,2,2,2,2,2,2,0,,,,,,,,,,,,1,,,,,,,,,,,," ",451200204,,
4,43,212,1,3,1,9.19864275700934,"01",60,2,2,,,,,,,,0,,1,4,0,,1,1,888,2,2,888,2,888,0,,,,,,,,,,,,2,,,,,,,,,,,," ",451200304,,
4,43,212,1,4,1,187.4771,"01",90,2,2,,,,,,,,0,,0,,0,,1,1,2,4,4,2,5,2,0,,,,,,,,,,,,2,,,,,,,,,,,," ",451200404,,
4,43,212,1,5,1,187.4771,"02",120,2,2,,,,,,,,0,,1,0,1,0,1,2,2,2,2,2,2,5,1,0,2,,,5,4,,1,3,0,1,1,,,,,,,,,,,," ",451200504,,
4,43,212,1,6,1,187.4771,"02",90,2,2,3,3,3,3,3,3,2,0,,0,,0,,1,4,2,888,5,1,5,888,0,,,,,,,,,,,,2,,,,,,,,,,,," ",451200604,,
4,43,212,1,7,1,187.4771,"02",200,1,2,2,2,2,2,2,2,2,0,,1,0,0,,1,2,2,2,2,2,2,5,1,1,2,,,4,4,,1,6,2,0,4,,,,,,,,,,,," ",451200704,,
4,43,212,1,8,1,187.4771,"08",80,2,2,,,,,,,,0,,1,4,0,,1,4,888,1,2,888,4,888,0,,,,,,,,,,,,2,,,,,,,,,,,," ",451200804,,
4,43,212,1,9,1,187.4771,"02",90,2,2,,,,,,,,0,,0,,0,,1,4,4,4,4,2,4,4,0,,,,,,,,,,,,4,,,,,,,,,,,," ",451200904,,
4,43,212,1,10,1,187.4771,"02",120,2,2,,,,,,,,0,,1,4,0,,1,1,888,4,2,888,1,888,1,0,2,,,4,3,,1,4,0,1,2,,,,,,,,,,,," ",451201004,,
4,43,212,1,11,1,187.4771,"02",90,1,2,,,,,,,,0,,1,4,0,,1,1,888,4,1,888,5,888,1,1,2,,,6,5,,1,6,0,1,2,,,,1,,,,,,,," ",451201104,,
4,43,212,1,13,1,187.4771,"01",180,2,2,,,,,,,,0,,1,0,1,2,1,1,1,2,2,2,1,2,0,,,,,,,,,,,,1,,,,,,,,,,,," ",451201304,,
4,43,212,1,15,1,9.19864275700934,"03",60,2,2,,,,,,,,0,,0,,1,0,1,1,1,1,2,5,2,5,0,,,,,,,,,,,,1,,,,,,,,,,,," ",451201504,,
4,43,212,1,16,1,187.4771,"01",60,2,2,,,,,,,,0,,1,4,0,,1,1,888,2,2,888,5,888,1,0,2,,,4,2,,1,4,0,0,2,,,,,,,,,,,," ",451201604,,
4,43,212,1,17,1,187.4771,"01",60,1,2,,,,,,,,0,,0,,0,,1,2,2,2,2,2,2,2,0,,,,,,,,,,,,3,,,,,,,,,,,," ",451201704,,
4,43,212,1,18,1,187.4771,"01",90,1,1,,,,,,,,0,,0,,0,,1,4,2,2,4,2,5,1,0,,,,,,,,,,,,1,,,,,,,,,,,," ",451201804,,
4,43,212,1,19,1,187.4771,"02",180,1,1,,,,,,,,0,,0,,0,,1,2,2,2,2,2,2,2,1,1,1,,2,,,,1,2,2,0,3,,,,,,,,,,,," ",451201904,,
4,43,212,1,20,1,187.4771,"02",120,2,2,,,,,,,,0,,1,4,0,,1,1,888,2,2,888,4,888,1,0,2,,,3,2,,1,3,0,1,2,,,,,,,,,,,," ",451202004,,
4,43,213,2,1,1,912.504543413174,"02",180,2,,,,,,,,,0,,0,,0,,2,2,888,2,2,888,2,888,1,0,3,,,,,4,3,4,3,1,2,,,,,,,,,,,," ",451300104,,
4,43,213,2,2,1,912.504543413174,"01",60,2,,2,2,1,2,2,2,2,0,,0,,0,,2,2,2,2,2,2,2,2,0,,,,,,,,,,,,3,,,,,,,,,,,," ",451300204,,
4,43,213,2,3,1,912.504543413174,"02",60,2,,,,,,,,,0,,0,,0,,888,888,888,888,888,888,1,888,0,,,,,,,,,,,,2,,,,,,,,,,,," ",451300304,,
4,43,213,2,4,1,912.504543413174,"02",40,2,,,,,,,,,0,,0,,0,,2,1,1,2,2,1,2,2,0,,,,,,,,,,,,2,,,,,,,,,,,," ",451300404,,
4,43,213,2,5,1,912.504543413174,"02",35,2,,,,,,,,,0,,0,,0,,3,3,3,1,1,2,1,888,1,0,1,,3,,,,1,2,0,1,2,,,,,,,,,,,," ",451300504,,
4,43,213,2,6,1,912.504543413174,"02",60,2,,,,,,,,,1,1,0,,0,,3,2,1,4,5,4,3,5,1,0,2,,,3,3,,1,3,2,1,5,,,,,,,,,,,," ",451300604,,
4,43,213,2,7,1,1339.677,"02",60,2,,,,,,,,,0,,1,4,0,,1,1,888,4,1,888,4,888,0,,,,,,,,,,,,5,,,,,,,,,,,," ",451300704,,
4,43,213,2,8,1,912.504543413174,"02",54,2,,,,,,,,,0,,0,,0,,3,3,3,1,888,888,2,888,1,0,1,,4,,,,1,2,1,0,2,,,,,,,,,,,," ",451300804,,
4,43,213,2,9,1,912.504543413174,"02",120,2,,3,3,3,3,3,3,3,0,,0,,0,,2,2,4,2,2,4,2,2,1,0,3,,,,,4,2,2,4,1,2,,,,,,,,,,,," ",451300904,,
4,43,213,2,10,1,1339.677,"01",60,2,,,,,,,,,1,2,1,2,1,1,2,2,3,4,5,5,5,5,1,1,1,,6,,,,1,4,2,1,8,,,,,,,,,,,," ",451301004,,
4,43,213,2,11,1,1339.677,"02",180,1,,3,3,3,3,3,3,3,1,2,1,2,1,0,1,2,2,2,2,2,2,2,1,1,1,,4,,,,1,4,0,0,3,,,,,,,,,,,," ",451301104,,
4,43,213,2,12,1,1339.677,"01",240,2,,,,,,,,,0,,0,,1,2,2,2,4,4,1,1,1,3,1,1,1,,5,,,,1,4,2,1,3,,,,,,,,,,,," ",451301204,,
4,43,213,2,13,1,1339.677,"02",120,2,,,,,,,,,1,0,1,3,0,,1,2,2,4,3,2,4,4,1,0,4,9,,,,,4,4,0,0,2,,,,,,,,,,,," ",451301304,,
4,43,213,2,14,1,1339.677,"02",30,2,,,,,,,,,0,,0,,0,,2,2,2,2,2,2,2,2,0,,,,,,,,,,,,2,,,,,,,,,,,," ",451301404,,
4,43,213,2,16,1,1339.677,"02",60,2,,,,,,,,,0,,0,,0,,1,1,1,1,1,5,5,1,1,0,2,,,4,2,,1,6,3,1,2,,,,,,,,,,,," ",451301604,,
4,43,213,2,17,1,1339.677,"02",60,2,,,,,,,,,0,,1,4,0,,1,1,888,2,1,888,5,888,1,1,2,,,4,2,,1,4,1,1,4,,,,,,,,,,,," ",451301704,,
4,43,213,2,18,1,1339.677,"02",60,1,,,,,,,,,0,,0,,0,,1,2,2,5,4,1,5,4,0,,,,,,,,,,,,2,,,,,,,,,,,," ",451301804,,
4,43,213,2,19,1,1339.677,"02",60,2,,,,,,,,,0,,0,,0,,3,2,888,5,1,4,3,4,1,0,2,,,4,3,,1,3,1,0,2,,,,,,,,,,,," ",451301904,,
4,43,214,1,1,1,77.8124084705883,"02",60,2,2,,,,,,,,0,,1,1,0,,1,2,2,1,1,3,5,888,1,0,4,3,,,,,1,3,0,0,5,,,,,,,,,,,," ",451400104,,
4,43,214,1,3,1,79.49585,"02",60,1,2,,,,,,,,1,2,0,,0,,2,2,2,2,2,2,2,3,1,0,1,,5,,,,1,6,2,0,1,,,,,,,,,,,," ",451400304,,
4,43,214,1,4,1,79.49585,"02",30,2,2,,,,,,,,1,0,0,,0,,2,2,1,5,1,1,888,4,1,0,4,2,,,,,1,2,1,0,2,,,,,,,,,,,," ",451400404,,
4,43,214,1,5,1,77.8124084705883,"02",60,1,2,,,,,,,,1,0,1,1,0,,1,2,888,4,3,888,2,3,1,0,1,,3,,,,1,4,2,1,2,,,,,,,,,,,," ",451400504,,
4,43,214,1,6,1,77.8124084705883,"02",120,2,2,,,,,,,,1,2,1,1,0,,1,2,2,2,2,2,2,5,1,0,1,,3,,,,1,3,0,1,1,,,,,,,,,,,," ",451400604,,
4,43,214,1,7,1,77.8124084705883,"01",60,2,2,,,,,,,,0,,0,,0,,2,2,2,2,2,2,2,2,1,0,1,,2,,,,1,2,2,1,2,,,,,,,,,,,," ",451400704,,
4,43,214,1,8,1,79.49585,"02",60,1,2,,,,,,,,0,,0,,0,,2,2,3,4,2,2,2,3,0,,,,,,,,,,,,2,,,,,,,,,,,," ",451400804,,
4,43,214,1,9,1,79.49585,"02",60,2,2,,,,,,,,0,,1,4,0,,888,1,888,4,2,888,1,888,1,0,2,,,5,2,,1,3,3,1,2,,,,,,,,,,,," ",451400904,,
4,43,214,1,11,1,79.49585,"02",60,1,2,,,,,,,,0,,0,,0,,2,888,888,888,2,888,2,888,0,,,,,,,,,,,,4,,,,,,,,,,,," ",451401104,,
4,43,214,1,12,1,79.49585,"01",160,2,2,,,,,,,,0,,0,,0,,1,1,888,1,1,888,1,888,1,0,1,,4,,,,1,4,4,1,2,,,,,,,,,,,," ",451401204,,
4,43,214,1,13,1,79.49585,"01",60,2,2,,,,,,,,0,,0,,0,,1,1,2,2,1,2,2,1,1,0,1,,2,,,,1,4,2,1,2,,,,,,,,,,,," ",451401304,,
4,43,214,1,14,1,79.49585,"02",60,2,2,3,3,3,2,2,2,3,0,,1,4,0,,1,1,1,1,1,4,1,1,1,1,2,,,3,2,,1,5,4,1,2,,1,,,,,,,,,," ",451401404,,
4,43,214,1,15,1,79.49585,"02",52,1,1,,,,,,,,0,,0,,0,,2,1,2,2,2,2,2,2,1,0,1,,5,,,,1,2,1,0,8,,,,,,,,,,,," ",451401504,,
4,43,214,1,16,1,77.8124084705883,"01",240,2,2,,,,,,,,0,,0,,0,,3,888,888,888,2,888,2,888,1,0,1,,3,,,,1,4,2,1,2,,,,,,,,,,,," ",451401604,,
4,43,214,1,17,1,79.49585,"02",120,2,2,,,,,,,,0,,1,4,0,,1,1,2,2,2,2,5,2,0,,,,,,,,,,,,2,,,,,,,,,,,," ",451401704,,
4,43,214,1,18,1,79.49585,"01",60,2,2,,,,,,,,0,,0,,0,,2,2,2,2,2,2,2,2,0,,,,,,,,,,,,2,,,,,,,,,,,," ",451401804,,
4,43,214,1,19,1,79.49585,"02",120,1,2,,,,,,,,1,3,1,1,1,0,2,2,2,1,2,3,2,3,1,1,1,,4,,,,1,4,2,1,1,,,,,,,,,,,," ",451401904,,
4,43,214,1,21,1,79.49585,"02",60,2,2,,,,,,,,0,,0,,0,,1,1,888,1,2,888,1,888,1,1,3,,,,,3,1,5,4,1,2,,,,,,,,,,,," ",451402104,,
4,43,215,1,1,1,195.1767,"01",40,2,2,,,,,,,,0,,0,,0,,1,1,1,888,4,1,2,888,0,,,,,,,,,,,,2,,,,,,,,,,,," ",451500104,,
4,43,215,1,2,1,195.1767,"02",240,1,1,,,,,,,,0,,0,,0,,4,2,4,1,2,2,3,888,1,1,2,,,3,2,,1,6,1,0,2,,,,,,,,,,,," ",451500204,,
4,43,215,1,3,1,195.1767,"02",60,1,1,,,,,,,,0,,0,,0,,1,4,2,2,4,1,4,2,1,1,1,,2,,,,1,2,2,0,3,,,,,,,,,,,," ",451500304,,
4,43,215,1,4,1,195.1767,"02",150,1,2,5,5,3,5,3,3,5,0,,0,,0,,5,5,5,5,5,5,5,5,1,1,1,,2,,,,1,5,3,1,3,,,,,,,,,,,," ",451500404,,
4,43,215,1,5,1,195.1767,"01",60,2,2,,,,,,,,0,,0,,0,,1,2,2,4,2,1,2,4,0,,,,,,,,,,,,2,,,,,,,,,,,," ",451500504,,
4,43,215,1,6,1,195.1767,"02",120,1,1,,,,,,,,0,,0,,0,,4,4,1,4,4,1,4,5,1,1,2,,,3,2,,1,3,2,0,2,,,,,,,,,,,," ",451500604,,
4,43,215,1,7,1,195.1767,"02",60,2,2,,,,,,,,0,,0,,0,,2,2,4,3,2,2,4,3,1,0,1,,2,,,,1,2,2,0,2,,,,,,,,,,,," ",451500704,,
4,43,215,1,8,1,195.1767,"01",150,1,2,,,,,,,,1,0,1,0,0,,1,3,3,2,2,2,3,3,1,1,1,,5,,,,1,5,2,1,1,,,,,,,,,,,," ",451500804,,
4,43,215,1,9,1,195.1767,"02",120,1,2,,,,,,,,1,0,0,,0,,1,2,2,4,4,2,5,4,1,1,2,,,3,2,,1,3,2,0,5,,,,,,,,,,,," ",451500904,,
4,43,215,1,10,1,195.1767,"02",180,1,2,,,,,,,,0,,0,,0,,1,2,2,2,3,3,3,4,0,,,,,,,,,,,,1,,,,,,,,,,,," ",451501004,,
4,43,215,1,11,1,195.1767,"02",120,1,2,,,,,,,,0,,0,,0,,1,1,888,2,2,888,5,888,1,0,2,,,4,2,,1,4,2,1,2,,,,,,,,,,,," ",451501104,,
4,43,215,1,12,1,15.4565399068323,"02",120,2,2,,,,,,,,0,,1,4,0,,1,1,1,4,1,5,2,2,1,0,2,,,4,2,,1,6,2,1,6,,,,,,,,,,,," ",451501204,,
4,43,215,1,13,1,195.1767,"02",120,1,2,,,,,,,,1,0,0,,0,,1,2,2,4,4,2,5,5,1,1,2,,,3,2,,1,2,2,0,5,,,,,,,,,,,," ",451501304,,
4,43,215,1,14,1,195.1767,"06",180,1,1,,,,,,,,0,,0,,0,,2,4,1,2,2,2,2,2,0,,,,,,,,,,,,8,,,,,,,,,,,," ",451501404,,
4,43,215,1,15,1,195.1767,"02",40,1,2,,,,,,,,0,,0,,0,,2,2,888,2,2,888,2,888,0,,,,,,,,,,,,2,,,,,,,,,,,," ",451501504,,
4,43,215,1,16,1,195.1767,"02",120,1,2,,,,,,,,0,,0,,0,,1,1,1,4,1,4,5,1,0,,,,,,,,,,,,4,,,,,,,,,,,," ",451501604,,
4,43,215,1,18,1,195.1767,"02",240,1,1,,,,,,,,0,,0,,0,,1,1,3,3,3,4,4,4,1,1,1,,6,,,,1,6,2,0,1,,,,,,,,,,,," ",451501804,,
4,43,215,1,20,1,195.1767,"04",30,2,2,,,,,,,,0,,0,,0,,2,2,888,2,2,2,2,2,0,,,,,,,,,,,,2,,,,,,,,,,,," ",451502004,,
4,43,216,1,1,1,128.7053,"01",130,1,2,3,3,3,3,3,3,3,1,1,1,4,0,,4,1,1,4,2,2,5,1,1,0,2,,,3,2,,1,3,0,1,2,,,,1,,,,,,,," ",451600104,,
4,43,216,1,2,1,128.7053,"02",600,1,1,,,,,,,,0,,0,,0,,1,2,2,2,3,2,2,2,0,,,,,,,,,,,,3,,,,,,,,,,,," ",451600204,,
4,43,216,1,3,1,128.7053,"01",120,1,2,,,,,,,,0,,0,,0,,1,2,2,3,1,1,1,3,1,1,1,,3,,,,1,6,3,0,3,,,,,,,,,,,," ",451600304,,
4,43,216,1,4,1,128.7053,"04",180,1,1,2,5,2,5,2,2,5,0,,0,,0,,1,5,5,5,888,888,888,888,1,1,1,,5,,,,1,5,3,0,3,,,,,,,,,,,," ",451600404,,
4,43,216,1,5,1,128.7053,"02",30,2,2,,,,,,,,0,,0,,0,,2,888,1,888,2,1,4,1,0,,,,,,,,,,,,3,,,,,,,,,,,," ",451600504,,
4,43,216,1,6,1,128.7053,"01",210,1,2,,,,,,,,0,,0,,0,,1,1,2,2,2,2,2,2,1,1,1,,4,,,,1,4,3,0,1,,,,,,,,,,,," ",451600604,,
4,43,216,1,7,1,128.7053,"02",120,1,1,,,,,,,,0,,0,,0,,1,2,2,2,4,2,5,2,0,,,,,,,,,,,,3,,,,,,,,,,,," ",451600704,,
4,43,216,1,8,1,128.7053,"01",120,2,2,,,,,,,,0,,1,888,0,,5,5,5,5,5,5,5,5,0,1,1,,3,,,,1,6,2,0,3,,,,,,,,,,1,,"Metal Charcoal",451600804,,
4,43,216,1,9,1,128.7053,"01",120,1,2,2,2,2,5,2,5,5,0,,0,,0,,1,1,1,2,2,2,3,3,1,1,1,,4,,,,1,6,2,0,4,,,,,,,,,,,," ",451600904,,
4,43,216,1,10,1,128.7053,"02",120,1,2,,,,,,,,0,,1,4,0,,888,1,888,4,1,888,5,888,0,,,,,,,,,,,,4,,,,1,,,,,,,," ",451601004,,
4,43,216,1,11,1,128.7053,"02",120,1,2,3,3,3,3,3,3,3,0,,0,,0,,1,1,1,888,1,5,5,888,1,1,2,,,5,4,,1,3,4,0,4,,,,1,,1,,,,,," ",451601104,,
4,43,216,1,12,1,128.7053,"03",30,1,1,,,,,,,,0,,0,,0,,1,1,1,1,1,1,2,1,0,,,,,,,,,,,,4,,,,,,,,,,,," ",451601204,,
4,43,216,1,13,1,128.7053,"02",60,1,2,,,,,,,,0,,0,,0,,4,2,1,5,4,1,5,4,0,,,,,,,,,,,,1,,,,,,,,,,,," ",451601304,,
4,43,216,1,14,1,128.7053,"02",120,1,1,,,,,,,,0,,0,,0,,4,2,1,4,4,1,4,4,0,,,,,,,,,,,,3,,,,,,,,,,,," ",451601404,,
4,43,216,1,15,1,128.7053,"02",120,1,1,,,,,,,,0,,0,,0,,1,2,2,4,4,2,4,2,1,1,1,,2,,,,1,2,1,0,2,,,,,,,,,,,," ",451601504,,
4,43,216,1,16,1,128.7053,"03",150,1,2,,,,,,,,0,,0,,0,,2,2,1,4,2,2,4,4,1,1,1,,4,,,,1,4,2,0,2,,,,,,,,,,,," ",451601604,,
4,43,216,1,17,1,128.7053,"02",40,2,2,5,5,5,5,5,5,5,0,,0,,0,,2,2,1,2,1,1,2,2,1,1,1,,3,,,,1,4,3,0,2,,,,,,,,,,,," ",451601704,,
4,43,216,1,18,1,128.7053,"03",120,1,2,,,,,,,,0,,0,,0,,4,2,2,4,2,2,5,5,1,1,1,,4,,,,1,4,3,0,2,,,,,,,,,,,," ",451601804,,
4,43,217,1,1,1,7.75073553719008,"01",120,1,2,,,,,,,,0,,0,,0,,4,2,888,5,4,2,5,5,0,,,,,,,,,,,,1,,,,,,,,,,,," ",451700104,,
4,43,217,1,2,1,78.15325,"02",90,1,1,,,,,,,,0,,0,,0,,2,2,2,2,4,4,4,4,1,1,1,,4,,,,1,6,2,0,2,,,,,,,,,,,," ",451700204,,
4,43,217,1,3,1,7.75073553719008,"02",120,1,2,,,,,,,,0,,0,,0,,1,2,1,4,1,1,5,888,0,0,1,,4,,,,1,3,3,1,2,,,,,,,,,,,," ",451700304,,
4,43,217,1,4,1,78.15325,"01",30,2,2,,,,,,,,0,,0,,0,,2,2,2,2,2,2,2,2,0,,,,,,,,,,,,2,,,,,,,,,,,," ",451700404,,
4,43,217,1,5,1,78.15325,"01",60,1,2,,,,,,,,0,,0,,0,,1,1,1,4,2,1,5,4,0,,,,,,,,,,,,4,,,,,,,,,,,," ",451700504,,
4,43,217,1,6,1,78.15325,"03",60,1,2,,,,,,,,0,,0,,0,,2,1,2,1,4,1,4,4,0,,,,,,,,,,,,3,,,,,,,,,,,," ",451700604,,
4,43,217,1,7,1,78.15325,"02",150,1,1,,,,,,,,0,,0,,0,,2,2,1,5,4,1,4,4,0,,,,,,,,,,,,3,,,,,,,,,,,," ",451700704,,
4,43,217,1,8,1,78.15325,"01",90,1,1,,,,,,,,0,,0,,1,0,3,2,2,2,2,2,3,3,0,,,,,,,,,,,,1,,,,,,,,,,,," ",451700804,,
4,43,217,1,9,1,78.15325,"02",120,1,2,3,3,3,3,3,3,5,0,,0,,0,,2,2,3,2,4,3,5,2,1,1,1,,5,,,,1,6,2,0,3,,,,,,,,,,,," ",451700904,,
4,43,217,1,10,1,78.15325,"02",150,1,1,,,,,,,,0,,0,,0,,5,2,1,2,2,1,5,5,0,,,,,,,,,,,,2,,,,,,,,,,,," ",451701004,,
4,43,217,1,11,1,78.15325,"02",60,1,1,,,,,,,,0,,0,,0,,1,2,2,2,2,2,2,2,0,,,,,,,,,,,,3,,,,,,,,,,,," ",451701104,,
4,43,217,1,12,1,78.15325,"02",60,1,2,,,,,,,,0,,0,,0,,888,1,888,2,2,888,5,888,1,1,2,,,3,2,,1,5,1,0,4,,,,,,,,,,,," ",451701204,,
4,43,217,1,13,1,78.15325,"02",30,1,2,,,,,,,,0,,0,,0,,2,2,2,2,2,2,3,2,1,0,1,,6,,,,1,2,3,1,2,,,,,,,,,,,," ",451701304,,
4,43,217,1,14,1,78.15325,"03",60,1,2,,,,,,,,0,,0,,0,,1,2,2,2,2,2,2,2,1,1,1,,2,,,,1,2,3,0,1,,,,,,,,,,,," ",451701404,,
4,43,217,1,15,1,78.15325,"01",180,1,1,,,,,,,,0,,1,3,0,,2,2,2,2,2,2,2,2,1,1,1,,5,,,,1,6,2,1,1,,,,,,,,,,,," ",451701504,,
4,43,217,1,16,1,78.15325,"02",120,1,2,,,,,,,,0,,0,,0,,4,4,4,4,4,4,4,4,1,0,1,,4,,,,1,5,2,1,2,,,,,,,,,,,," ",451701604,,
4,43,217,1,17,1,78.15325,"05",30,1,1,,,,,,,,0,,0,,0,,2,2,2,2,2,2,2,4,0,,,,,,,,,,,,1,,,,,,,,,,,," ",451701704,,
4,43,217,1,18,1,78.15325,"04",90,1,2,,,,,,,,0,,0,,0,,2,3,3,2,4,4,2,2,0,,,,,,,,,,,,2,,,,,,,,,,,," ",451701804,,
4,43,218,1,1,1,151.1942,"05",240,2,1,,,,,,,,0,,0,,0,,2,1,2,1,2,1,5,1,0,,,,,,,,,,,,3,,,,,,,,,,,," ",451800104,,
4,43,218,1,2,1,151.1942,"02",240,1,2,,,,,,,,0,,1,4,0,,1,1,888,2,1,888,1,888,1,1,2,,,5,4,,1,3,4,1,4,,,,,,,,,,,," ",451800204,,
4,43,218,1,3,1,151.1942,"02",240,1,2,,,,,,,,0,,1,1,0,,1,1,1,2,2,4,5,2,1,1,2,,,5,2,,1,4,2,1,4,,,,1,,,,,,,," ",451800304,,
4,43,218,1,4,1,151.1942,"03",200,1,1,3,3,3,2,3,3,3,1,3,0,,0,,1,2,2,2,2,2,2,2,1,1,1,,4,,,,1,6,2,0,2,,,,,,,,,,,," ",451800404,,
4,43,218,1,5,1,151.1942,"02",60,1,1,,,,,,,,0,,0,,0,,1,888,2,2,2,2,5,2,0,,,,,,,,,,,,3,,,,,,,,,,,," ",451800504,,
4,43,218,1,6,1,151.1942,"01",90,1,1,,,,,,,,0,,0,,0,,1,2,2,2,2,2,2,2,0,,,,,,,,,,,,2,,,,,,,,,,,," ",451800604,,
4,43,218,1,7,1,151.1942,"02",180,1,1,,,,,,,,0,,0,,0,,2,2,1,4,2,2,4,4,0,,,,,,,,,,,,3,,,,,,,,,,,," ",451800704,,
4,43,218,1,8,1,151.1942,"02",200,1,2,3,3,3,5,3,3,5,0,,0,,0,,1,1,1,4,2,2,5,2,1,1,1,,3,,,,1,6,1,0,4,,,,,,,,,,,," ",451800804,,
4,43,218,1,9,1,151.1942,"02",300,1,2,2,2,2,2,2,2,2,1,2,0,,0,,1,2,2,2,2,2,2,888,1,1,1,,4,,,,1,4,3,0,5,,,,,,,,,,,," ",451800904,,
4,43,218,1,10,1,151.1942,"02",180,1,1,,,,,,,,0,,0,,0,,2,2,2,4,4,2,2,4,0,,,,,,,,,,,,3,,,,,,,,,,,," ",451801004,,
4,43,218,1,11,1,151.1942,"03",120,1,2,5,5,3,5,3,5,5,0,,0,,1,0,5,3,3,3,3,3,3,3,1,1,1,,3,,,,1,2,2,0,3,,,,,,,,,,,," ",451801104,,
4,43,218,1,12,1,151.1942,"03",90,1,1,,,,,,,,0,,0,,0,,1,2,2,2,2,2,2,2,1,1,1,,2,,,,1,2,2,0,3,,,,,,,,,,,," ",451801204,,
4,43,218,1,13,1,151.1942,"01",60,1,2,5,5,3,3,3,3,5,0,,0,,0,,2,3,2,2,2,2,2,2,0,,,,,,,,,,,,4,,,,,,,,,,,," ",451801304,,
4,43,218,1,14,1,12.095536,"01",60,1,2,,,,,,,,1,0,1,0,0,,1,2,2,2,2,888,888,888,0,,,,,,,,,,,,1,,,,,,,,,,,," ",451801404,,
4,43,218,1,16,1,151.1942,"02",240,1,1,,,,,,,,0,,0,,0,,4,2,2,4,2,2,4,2,1,1,1,,4,,,,1,4,3,0,3,,,,,,,,,,,," ",451801604,,
4,43,218,1,17,1,151.1942,"05",150,1,1,,,,,,,,0,,0,,0,,2,2,1,4,5,1,5,4,0,,,,,,,,,,,,3,,,,,,,,,,,," ",451801704,,
4,43,218,1,18,1,151.1942,"02",30,1,1,5,5,5,5,5,5,5,0,,0,,0,,1,2,1,2,1,2,2,1,1,1,1,,6,,,,1,5,3,0,3,,,,,,,,,,,," ",451801804,,
4,43,219,2,1,1,1401.212,"02",60,2,,,,,,,,,1,2,1,1,0,,2,1,1,1,1,2,2,2,1,0,1,,4,,,,1,3,0,1,1,,,,,,,,,,,," ",451900104,,
4,43,219,2,2,1,1401.212,"02",180,1,,,,,,,,,0,,0,,0,,3,3,3,2,2,2,5,3,1,0,1,,2,,,,1,2,2,1,2,,,,,,,,,,,," ",451900204,,
4,43,219,2,3,1,1401.212,"01",40,2,,,,,,,,,0,,0,,0,,888,888,888,888,888,5,4,888,1,0,3,,,,,2,3,4,3,1,2,,,,,,,,,,,," ",451900304,,
4,43,219,2,4,1,1401.212,"02",50,1,,,,,,,,,0,,0,,0,,3,3,2,3,888,888,1,3,1,0,1,,2,,,,1,3,2,1,2,,,,,,,,,,,," ",451900404,,
4,43,219,2,5,1,1401.212,"02",30,1,,,,,,,,,0,,0,,0,,3,2,2,3,2,1,4,3,0,,,,,,,,,,,,2,,,,,,,,,,,," ",451900504,,
4,43,219,2,6,1,1401.212,"03",120,2,,,,,,,,,0,,0,,0,,2,2,4,2,1,1,2,2,1,0,4,4,,,,,3,2,0,0,2,,,,,,,,,,,," ",451900604,,
4,43,219,2,7,1,1401.212,"01",60,2,,,,,,,,,0,,0,,0,,2,2,888,2,2,888,888,2,0,,,,,,,,,,,,2,,,,,,,,,,,," ",451900704,,
4,43,219,2,9,1,1401.212,"02",60,2,,,,,,,,,0,,0,,0,,2,2,888,2,2,4,2,2,0,,,,,,,,,,,,2,,,,,,,,,,,," ",451900904,,
4,43,219,2,10,1,1401.212,"02",40,2,,,,,,,,,0,,0,,0,,2,1,4,2,1,4,1,4,1,0,1,,6,,,,1,6,1,1,2,,,,,,,,,,,," ",451901004,,
4,43,219,2,11,1,1401.212,"02",60,2,,,,,,,,,0,,1,4,0,,4,1,1,2,2,2,888,888,1,0,2,,,4,3,,1,3,0,1,2,,,,,,,,,,,," ",451901104,,
4,43,219,2,12,1,1401.212,"02",120,2,,,,,,,,,1,2,1,1,0,,1,2,5,4,2,2,2,2,0,,,,,,,,,,,,1,,,,,,,,,,,," ",451901204,,
4,43,219,2,13,1,1401.212,"02",120,2,,,,,,,,,0,,0,,0,,888,888,888,888,888,888,1,888,1,0,1,,2,,,,1,3,2,1,2,,,,,,,,,,,," ",451901304,,
4,43,219,2,14,1,1401.212,"02",60,2,,,,,,,,,0,,0,,0,,1,2,2,888,4,2,4,888,0,,,,,,,,,,,,2,,,,,,,,,,,," ",451901404,,
4,43,219,2,15,1,1401.212,"01",60,1,,,,,,,,,0,,0,,0,,888,2,888,888,2,888,3,888,1,0,1,,3,,,,1,3,2,0,2,,,,,,,,,,,," ",451901504,,
4,43,219,2,16,1,1401.212,"02",130,1,,,,,,,,,0,,1,4,0,,888,1,888,2,2,888,5,888,1,1,2,,,3,2,,1,6,3,1,4,,,,,,,,,,,," ",451901604,,
4,43,219,2,17,1,1401.212,"02",120,1,,,,,,,,,1,2,1,1,0,,1,1,1,1,1,2,3,3,1,0,1,,4,,,,1,3,0,1,1,,,,,,,,,,,," ",451901704,,
4,43,219,2,18,1,1401.212,"02",120,1,,,,,,,,,0,,0,,0,,1,2,2,888,2,2,4,888,1,0,1,,3,,,,1,3,1,1,2,,,,,,,,,,,," ",451901804,,
4,43,219,2,20,1,1401.212,"02",60,1,,,,,,,,,0,,0,,0,,2,2,2,5,2,1,5,888,1,0,1,,3,,,,1,3,2,1,2,,,,,,,,,,,," ",451902004,,
4,43,220,1,2,1,97.94363,"02",60,2,2,,,,,,,,0,,0,,0,,2,2,888,3,2,888,2,888,0,,,,,,,,,,,,2,,,,,,,,,,,," ",452000204,,
4,43,220,1,3,1,155.941622666667,"02",90,2,2,,,,,,,,0,,0,,0,,3,3,3,3,3,3,3,3,1,0,1,,3,,,,1,2,1,1,1,,,,,,,,,,,," ",452000304,,
4,43,220,1,4,1,155.941622666667,"02",60,2,2,,,,,,,,0,,0,,0,,2,2,2,2,2,2,2,2,0,,,,,,,,,,,,2,,,,,,,,,,,," ",452000404,,
4,43,220,1,5,1,155.941622666667,"01",240,2,2,,,,,,,,0,,0,,0,,888,888,888,888,4,888,2,888,0,,,,,,,,,,,,2,,,,,,,,,,,," ",452000504,,
4,43,220,1,6,1,97.94363,"02",90,1,2,,,,,,,,0,,0,,0,,2,2,4,4,2,1,5,888,0,,,,,,,,,,,,2,,,,,,,,,,,," ",452000604,,
4,43,220,1,7,1,97.94363,"02",50,2,2,,,,,,,,0,,0,,1,888,2,2,2,2,2,3,2,2,1,1,1,,6,,,,2,3,4,0,2,,,,,,,,,,,," ",452000704,,
4,43,220,1,8,1,97.94363,"02",120,1,2,,,,,,,,0,,0,,0,,2,2,2,4,2,2,5,4,1,1,2,,,3,2,,1,3,2,0,2,,,,,,,,,,,," ",452000804,,
4,43,220,1,9,1,155.941622666667,"02",180,1,1,,,,,,,,0,,0,,0,,2,2,2,2,2,2,2,888,1,0,1,,2,,,,1,5,2,0,1,,,,,,,,,,,," ",452000904,,
4,43,220,1,10,1,97.94363,"02",120,1,1,,,,,,,,0,,0,,0,,3,3,2,2,1,4,2,888,1,1,1,,3,,,,2,2,2,0,1,,,,,,,,,,,," ",452001004,,
4,43,220,1,11,1,97.94363,"01",40,2,2,,,,,,,,0,,0,,0,,2,2,2,3,2,2,4,4,1,0,1,,3,,,,1,4,2,0,2,,,,,,,,,,,," ",452001104,,
4,43,220,1,12,1,155.941622666667,"01",60,2,2,,,,,,,,0,,0,,0,,888,2,2,2,2,2,5,888,0,,,,,,,,,,,,2,,,,,,,,,,,," ",452001204,,
4,43,220,1,13,1,97.94363,"01",180,1,1,,,,,,,,0,,0,,0,,2,2,2,2,2,2,2,2,1,0,1,,3,,,,1,6,1,0,1,,,,,,,,,,,," ",452001304,,
4,43,220,1,14,1,155.941622666667,"01",40,2,2,,,,,,,,0,,0,,0,,888,2,2,888,2,2,4,3,1,0,4,2,,,,,1,2,0,1,2,,,,,,,,,,,," ",452001404,,
4,43,220,1,15,1,97.94363,"01",45,2,2,,,,,,,,0,,0,,0,,2,2,888,2,2,888,2,2,1,0,3,,,,,3,2,5,1,1,2,,,,,,,,,,,," ",452001504,,
4,43,220,1,16,1,155.941622666667,"02",60,2,2,,,,,,,,0,,0,,0,,2,2,1,4,2,2,5,4,0,,,,,,,,,,,,2,,,,,,,,,,,," ",452001604,,
4,43,220,1,17,1,155.941622666667,"02",70,2,2,,,,,,,,0,,0,,0,,1,3,2,4,2,1,1,888,1,0,1,,2,,,,1,4,2,1,2,,,,,,,,,,,," ",452001704,,
4,43,220,1,19,1,155.941622666667,"02",50,2,2,,,,,,,,0,,0,,0,,2,2,1,2,2,2,888,2,0,,,,,,,,,,,,2,,,,,,,,,,,," ",452001904,,
4,43,220,1,20,1,155.941622666667,"02",120,1,2,,,,,,,,0,,0,,0,,2,2,1,4,4,4,5,5,1,0,1,,4,,,,1,4,2,1,2,,,,,,,,,,,," ",452002004,,
4,43,221,1,1,1,173.136821590909,"01",60,2,2,,,,,,,,0,,0,,0,,1,1,1,888,2,1,2,1,1,0,1,,3,,,,1,3,2,1,4,,,,,,,,,,,," ",452100104,,
4,43,221,1,2,1,173.136821590909,"02",60,2,2,,,,,,,,0,,1,2,0,,2,3,3,3,2,2,2,3,0,,,,,,,,,,,,1,,,,,,,,,,,," ",452100204,,
4,43,221,1,4,1,173.136821590909,"01",40,2,2,,,,,,,,0,,0,,0,,1,2,888,1,2,888,2,888,1,0,3,,,,,2,3,5,3,1,2,,,,,,,,,,,," ",452100404,,
4,43,221,1,5,1,173.136821590909,"02",60,2,2,,,,,,,,0,,0,,0,,1,2,888,1,2,888,5,5,1,0,3,,,,,4,2,5,1,1,2,,,,,,,,,,,," ",452100504,,
4,43,221,1,6,1,173.136821590909,"02",60,2,2,,,,,,,,0,,0,,0,,2,2,2,2,2,4,2,3,1,0,3,,,,,4,3,6,1,1,2,,,,,,,,,,,," ",452100604,,
4,43,221,1,7,1,175.1269,"02",60,1,1,,,,,,,,0,,0,,0,,2,1,1,1,1,1,1,2,1,0,1,,2,,,,1,2,2,0,2,,,,,,,,,,,," ",452100704,,
4,43,221,1,8,1,173.136821590909,"02",60,2,2,,,,,,,,1,0,0,,0,,4,2,888,2,2,3,3,3,0,,,,,,,,,,,,6,,,,,,,,,,,," ",452100804,,
4,43,221,1,9,1,175.1269,"02",60,2,2,,,,,,,,0,,1,4,0,,888,1,888,1,1,888,5,1,1,0,2,,,3,2,,1,6,1,1,2,,,,,,,,,,,," ",452100904,,
4,43,221,1,10,1,175.1269,"02",60,2,2,3,3,3,2,3,2,3,1,4,1,4,0,,888,1,888,1,1,888,5,888,1,0,2,,,3,2,,1,3,2,1,4,,,,,,,,,,,," ",452101004,,
4,43,221,1,11,1,175.1269,"02",180,2,2,,,,,,,,1,1,1,2,1,3,4,888,888,888,888,5,5,888,1,1,1,,3,,,,1,5,0,1,5,,,,,,,,,,,," ",452101104,,
4,43,221,1,12,1,175.1269,"03",60,2,2,,,,,,,,0,,0,,0,,1,2,2,2,2,2,2,2,0,,,,,,,,,,,,3,,,,,,,,,,,," ",452101204,,
4,43,221,1,13,1,175.1269,"02",48,1,2,,,,,,,,0,,0,,0,,1,2,2,2,2,2,2,2,1,0,2,,,5,3,,3,2,2,0,555,13,,,,,,,,,,," ",452101304,,
4,43,221,1,14,1,175.1269,"01",50,2,2,,,,,,,,0,,0,,0,,2,2,888,2,888,2,888,2,1,0,1,,4,,,,1,4,4,1,2,,,,,,,,,,,," ",452101404,,
4,43,221,1,15,1,173.136821590909,"02",120,2,2,,,,,,,,0,,0,,0,,3,2,888,4,2,5,2,888,1,0,1,,2,,,,1,2,2,0,2,,,,,,,,,,,," ",452101504,,
4,43,221,1,16,1,175.1269,"02",180,1,1,,,,,,,,1,2,1,0,0,,2,2,2,3,3,3,3,3,1,0,1,,5,,,,1,6,3,0,1,,,,,,,,,,,," ",452101604,,
4,43,221,1,17,1,175.1269,"02",120,2,2,,,,,,,,0,,0,,0,,2,2,888,5,1,4,4,888,1,0,2,,,3,3,,1,4,3,0,1,,,,,,,,,,,," ",452101704,,
4,43,221,1,18,1,175.1269,"01",60,2,2,,,,,,,,0,,0,,0,,1,2,888,3,4,2,4,888,1,0,1,,2,,,,1,2,1,1,1,,,,,,,,,,,," ",452101804,,
4,43,221,1,20,1,173.136821590909,"02",60,2,2,,,,,,,,0,,0,,0,,2,2,2,4,4,2,4,2,0,,,,,,,,,,,,1,,,,,,,,,,,," ",452102004,,
4,43,222,2,1,1,1084.661,"01",180,2,,,,,,,,,1,2,1,1,0,,1,2,3,2,2,3,3,3,1,0,1,,3,,,,1,4,3,1,1,,,,,,,,,,,," ",452200104,,
4,43,222,2,2,1,1084.661,"02",60,2,,,,,,,,,0,,0,,0,,1,2,2,888,4,2,4,2,0,,,,,,,,,,,,2,,,,,,,,,,,," ",452200204,,
4,43,222,2,3,1,1084.661,"02",180,2,,,,,,,,,1,0,1,0,1,2,1,1,1,1,1,1,1,888,1,0,2,,,5,5,,1,4,0,0,1,,,,,,,,,,,," ",452200304,,
4,43,222,2,4,1,1084.661,"02",50,2,,,,,,,,,0,,0,,0,,2,2,888,2,2,888,2,888,1,0,2,,,6,4,,3,6,4,1,2,,,,,,,,,,,," ",452200404,,
4,43,222,2,5,1,1084.661,"02",60,2,,,,,,,,,1,0,1,0,0,,1,2,2,2,3,3,1,3,1,0,1,,5,,,,1,4,3,1,1,,,,,,,,,,,," ",452200504,,
4,43,222,2,6,1,784.503238993711,"01",60,2,,,,,,,,,0,,0,,0,,1,2,2,2,2,2,2,2,0,,,,,,,,,,,,1,,,,,,,,,,,," ",452200604,,
4,43,222,2,8,1,1084.661,"02",30,1,,,,,,,,,0,,0,,0,,888,888,888,888,888,888,2,888,1,0,1,,2,,,,1,6,2,1,3,,,,,,,,,,,," ",452200804,,
4,43,222,2,10,1,1084.661,"02",90,2,,,,,,,,,0,,0,,0,,2,2,2,2,4,2,4,2,0,,,,,,,,,,,,2,,,,,,,,,,,," ",452201004,,
4,43,222,2,11,1,1084.661,"03",120,2,,,,,,,,,0,,0,,0,,5,5,5,5,5,5,2,5,1,0,1,,2,,,,1,5,2,1,1,,,,,,,,,,,," ",452201104,,
4,43,222,2,12,1,1084.661,"01",50,2,,,,,,,,,0,,0,,0,,2,888,888,2,2,888,2,888,1,1,1,,4,,,,1,4,4,1,2,,,,,,,,,,,," ",452201204,,
4,43,222,2,13,1,1084.661,"02",80,2,,,,,,,,,0,,1,4,0,,2,1,888,2,1,888,4,888,1,0,2,,,3,2,,1,6,0,1,2,,,,,,,,,,,," ",452201304,,
4,43,222,2,14,1,1084.661,"02",60,2,,,,,,,,,0,,1,4,0,,1,1,1,2,1,888,5,888,1,0,2,,,3,2,,1,3,0,1,2,,,,,,,,,,,," ",452201404,,
4,43,222,2,15,1,1084.661,"01",60,2,,,,,,,,,0,,1,2,1,2,2,2,888,2,2,888,5,2,1,0,3,,,,,3,3,2,1,1,2,,,,,,,,,,,," ",452201504,,
4,43,222,2,16,1,1084.661,"02",120,2,,,,,,,,,0,,0,,0,,2,2,888,2,2,888,5,2,1,1,1,,6,,,,1,6,1,1,2,,,,,,,,,,,," ",452201604,,
4,43,222,2,17,1,784.503238993711,"03",120,2,,,,,,,,,0,,0,,0,,888,2,888,2,1,5,5,888,1,0,2,,,4,2,,1,5,0,1,2,,,,,,,,,,,," ",452201704,,
4,43,222,2,18,1,1084.661,"02",120,2,,,,,,,,,0,,0,,0,,888,888,888,888,888,888,888,888,1,1,1,,2,,,,1,2,1,1,1,,,,,,,,,,,," ",452201804,,
4,43,222,2,19,1,784.503238993711,"01",60,1,,,,,,,,,0,,0,,0,,2,2,2,4,2,2,4,4,1,0,1,,3,,,,1,3,2,0,2,,,,,,,,,,,," ",452201904,,
4,43,222,2,21,1,1084.661,"02",60,2,,,,,,,,,0,,0,,0,,2,2,2,4,4,2,4,4,1,0,1,,3,,,,1,3,2,0,2,,,,,,,,,,,," ",452202104,,
4,44,223,2,1,1,2241.356,"02",120,2,,1,1,1,1,1,1,1,1,0,0,,0,,2,2,2,2,2,2,2,2,1,0,3,,,,,4,1,2,1,1,2,,,,,,,,,,,," ",462300104,,
4,44,223,2,2,1,2241.356,"01",120,2,,,,,,,,,0,,0,,0,,1,1,888,4,888,888,1,888,1,0,2,,,3,2,,1,6,0,1,2,,,,,,,,,,,," ",462300204,,
4,44,223,2,3,1,2241.356,"02",180,2,,,,,,,,,1,1,0,,0,,888,1,888,1,4,888,1,888,1,0,2,,,3,2,,1,3,1,1,2,,,,,,,,,,,," ",462300304,,
4,44,223,2,4,1,2241.356,"01",38,2,,,,,,,,,0,,0,,0,,2,2,888,3,2,888,2,888,1,0,2,,,5,4,,1,3,1,0,2,,,,,,,,,,,," ",462300404,,
4,44,223,2,5,1,2241.356,"01",180,2,,,,,,,,,0,,0,,0,,1,1,888,4,2,888,1,888,1,0,2,,,4,2,,1,5,0,1,2,,,,,,,,,,,," ",462300504,,
4,44,223,2,6,1,2241.356,"02",120,2,,,,,,,,,0,,0,,0,,888,1,888,2,1,888,2,888,1,0,2,,,4,2,,1,4,1,1,2,,,,,,,,,,,," ",462300604,,
4,44,223,2,7,1,2241.356,"01",120,2,,,,,,,,,0,,0,,0,,1,2,2,2,2,1,3,4,1,0,2,,,4,3,,1,4,2,0,2,,,,,,,,,,,," ",462300704,,
4,44,223,2,8,1,2241.356,"02",35,2,,1,1,1,1,1,1,1,0,,0,,0,,4,2,2,2,3,4,1,888,1,0,1,,6,,,,1,6,1,1,2,,,,,,,,,,,," ",462300804,,
4,44,223,2,9,1,2241.356,"02",90,2,,,,,,,,,0,,0,,0,,2,3,3,3,3,3,2,3,1,0,2,,,5,4,,1,2,1,1,2,,,,,,,,,,,," ",462300904,,
4,44,223,2,10,1,1120.678,"02",90,2,,,,,,,,,1,2,0,,1,1,2,3,2,2,2,2,2,2,1,0,1,,5,,,,1,4,1,1,1,,,,,,,,,,,," ",462301004,,
4,44,223,2,11,1,1120.678,"01",240,2,,,,,,,,,0,,0,,0,,1,2,2,2,2,2,2,2,1,1,1,,2,,,,1,2,1,1,1,,,,,,,,,,,," ",462301104,,
4,44,223,2,12,1,1120.678,"02",60,2,,,,,,,,,0,,0,,0,,2,2,888,2,2,888,2,888,1,0,1,,4,,,,1,6,1,1,2,,,,,,,,,,,," ",462301204,,
4,44,223,2,13,1,1120.678,"02",180,2,,,,,,,,,0,,0,,0,,2,3,3,4,2,2,2,3,1,1,1,,2,,,,1,2,1,1,4,,,,,,,,,,,," ",462301304,,
4,44,223,2,14,1,1120.678,"02",60,2,,,,,,,,,0,,0,,0,,2,2,2,2,2,2,2,2,1,1,1,,3,,,,1,3,1,1,2,,,,,,,,,,,," ",462301404,,
4,44,223,2,15,1,1120.678,"01",60,1,,,,,,,,,0,,0,,0,,1,2,1,4,4,2,2,2,1,1,1,,3,,,,1,3,3,0,1,,,,,,,,,,,," ",462301504,,
4,44,223,2,16,1,1120.678,"02",120,1,,,,,,,,,0,,0,,0,,2,3,3,2,2,3,2,5,1,0,1,,5,,,,1,5,2,0,1,,,,,,,,,,,," ",462301604,,
4,44,223,2,17,1,1120.678,"01",60,2,,,,,,,,,0,,0,,0,,2,3,3,2,4,2,4,4,0,,,,,,,,,,,,1,,,,,,,,,,,," ",462301704,,
4,44,223,2,18,1,1120.678,"03",240,2,,,,,,,,,0,,0,,0,,2,2,2,2,5,4,4,4,1,0,1,,4,,,,1,3,2,0,2,,,,,,,,,,,," ",462301804,,
4,44,224,1,1,1,148.1425,"01",40,2,2,,,,,,,,0,,0,,0,,4,4,1,4,2,1,1,3,1,0,3,,,,,3,3,2,3,1,3,,,,,,,,,,,," ",462400104,,
4,44,224,1,2,1,148.1425,"02",180,2,2,,,,,,,,0,,0,,0,,2,2,2,2,2,3,3,3,1,0,1,,5,,,,1,6,2,1,1,,,,,,,,,,,," ",462400204,,
4,44,224,1,3,1,148.1425,"06",240,1,1,,,,,,,,0,,1,4,0,,1,1,1,4,1,5,5,1,1,1,2,,,4,3,,1,3,2,1,2,,,,,,,,,,,," ",462400304,,
4,44,224,1,4,1,148.1425,"01",35,2,2,,,,,,,,0,,0,,0,,2,2,2,2,2,2,2,2,1,1,4,25,,,,,1,5,2,0,2,,,,,,,,,,,," ",462400404,,
4,44,224,1,7,1,148.1425,"02",60,2,2,,,,,,,,0,,0,,0,,2,2,2,2,2,2,2,3,1,1,2,,,5,3,,1,6,1,0,2,,,,,,,,,,,," ",462400704,,
4,44,224,1,8,1,148.1425,"01",90,1,2,,,,,,,,0,,1,4,1,4,2,2,2,2,2,2,2,2,1,0,1,,5,,,,1,3,2,0,1,,,,,,,,,,,," ",462400804,,
4,44,224,1,9,1,148.1425,"05",60,2,2,,,,,,,,0,,0,,0,,2,2,2,2,2,2,2,2,0,,,,,,,,,,,,3,,,,,,,,,,1,,"Metal Charcoal",462400904,,
4,44,224,1,10,1,10.216724137931,"01",40,2,2,,,,,,,,0,,0,,0,,2,1,888,888,2,2,2,2,1,0,2,,,2,2,,1,3,3,1,2,,,,,,,,,,,," ",462401004,,
4,44,224,1,11,1,10.216724137931,"02",30,2,2,,,,,,,,0,,0,,0,,2,3,2,4,4,4,1,888,1,0,1,,3,,,,1,3,1,1,2,,,,,,,,,,,," ",462401104,,
4,44,224,1,12,1,10.216724137931,"02",30,2,2,,,,,,,,0,,1,4,0,,888,1,888,4,2,888,1,888,1,0,2,,,3,2,,1,6,0,1,2,,,,,,,,,,,," ",462401204,,
4,44,224,1,13,1,10.216724137931,"02",60,1,1,,,,,,,,0,,0,,0,,2,2,2,2,2,2,1,4,1,0,1,,3,,,,1,2,1,0,2,,,,,,,,,,,," ",462401304,,
4,44,224,1,14,1,148.1425,"01",40,2,2,,,,,,,,0,,0,,0,,2,2,2,2,2,2,2,1,1,0,1,,4,,,,1,5,4,0,2,,,,,,,,,,,," ",462401404,,
4,44,224,1,15,1,10.216724137931,"02",180,2,2,,,,,,,,1,1,1,4,1,4,2,4,4,2,3,3,3,3,1,0,1,,4,,,,1,6,0,1,1,,,,,,,,,,,," ",462401504,,
4,44,224,1,16,1,148.1425,"04",60,2,2,,,,,,,,0,,0,,0,,2,2,2,2,2,2,2,2,1,0,1,,2,,,,1,4,1,1,2,,,,,,,,,,,," ",462401604,,
4,44,224,1,17,1,10.216724137931,"02",60,2,2,,,,,,,,0,,0,,0,,5,5,5,5,5,5,1,5,1,0,1,,2,,,,1,6,1,0,2,,,,,,,,,,,," ",462401704,,
4,44,224,1,18,1,10.216724137931,"02",60,2,2,,,,,,,,0,,1,1,0,,888,4,888,2,4,888,1,888,1,0,2,,,3,2,,1,6,0,1,2,,,,,,,,,,,," ",462401804,,
4,44,224,1,19,1,148.1425,"02",120,1,1,2,2,2,2,2,2,2,0,,0,,0,,2,2,2,2,2,2,2,2,1,0,1,,2,,,,1,2,2,0,1,,,,,,,,,,,," ",462401904,,
4,44,224,1,21,1,148.1425,"02",120,1,2,,,,,,,,0,,0,,0,,2,2,2,4,4,2,4,4,0,,,,,,,,,,,,1,,,,,,,,,,,," ",462402104,,
4,44,225,2,1,1,1044.116,"01",60,2,,,,,,,,,0,,0,,0,,2,2,2,2,2,2,2,2,0,,,,,,,,,,,,6,,,,,,,,,,,," ",462500104,,
4,44,225,2,2,1,1044.116,"02",30,2,,,,,,,,,0,,1,4,0,,4,1,888,1,4,888,5,888,0,,,,,,,,,,,,2,,,,,,,,,,,," ",462500204,,
4,44,225,2,3,1,1044.116,"02",240,2,,,,,,,,,1,1,1,4,0,,4,4,2,4,5,2,5,2,0,,,,,,,,,,,,6,,,,,,,,,,,," ",462500304,,
4,44,225,2,5,1,1044.116,"02",120,2,,,,,,,,,0,,0,,1,0,888,2,888,888,888,888,888,888,1,0,1,,3,,,,1,4,2,1,2,,,,,,,,,,,," ",462500504,,
4,44,225,2,6,1,1044.116,"02",90,2,,,,,,,,,1,2,0,,0,,2,2,2,2,2,3,3,4,0,,,,,,,,,,,,1,,,,,,,,,,,," ",462500604,,
4,44,225,2,7,1,1044.116,"01",120,2,,,,,,,,,0,,0,,0,,888,888,888,2,2,1,5,5,0,,,,,,,,,,,,555,6,,,,,,,,,,," ",462500704,,
4,44,225,2,8,1,1044.116,"01",60,2,,,,,,,,,0,,1,4,0,,888,1,888,5,5,888,5,888,0,,,,,,,,,,,,4,,,,,,,,,,,," ",462500804,,
4,44,225,2,9,1,1044.116,"02",180,2,,,,,,,,,0,,1,3,1,2,2,2,2,2,2,3,3,3,1,0,1,,4,,,,1,6,0,0,1,,,,,,,,,,,," ",462500904,,
4,44,225,2,10,1,1044.116,"02",120,2,,,,,,,,,0,,0,,0,,1,1,888,1,1,888,5,888,0,,,,,,,,,,,,2,,,,,,,,,,,," ",462501004,,
4,44,225,2,11,1,1044.116,"02",60,2,,,,,,,,,0,,0,,0,,2,2,2,2,2,2,2,2,1,0,1,,5,,,,1,2,1,1,2,,,,,,,,,,,," ",462501104,,
4,44,225,2,12,1,1044.116,"02",60,2,,,,,,,,,0,,0,,0,,2,2,2,2,2,2,3,3,1,0,1,,4,,,,1,5,2,1,1,,,,,,,,,,,," ",462501204,,
4,44,225,2,13,1,1044.116,"02",35,2,,,,,,,,,0,,1,1,0,,2,3,2,3,2,1,4,888,1,0,1,,2,,,,1,4,2,0,2,,,,,,,,,,,," ",462501304,,
4,44,225,2,14,1,1044.116,"04",60,2,,3,2,3,3,3,3,3,0,,0,,0,,2,2,888,2,888,3,2,5,1,0,1,,3,,,,3,2,4,1,2,,,,,,,,,,,," ",462501404,,
4,44,225,2,15,1,1044.116,"02",60,2,,,,,,,,,0,,0,,0,,2,2,2,2,2,2,2,3,1,0,1,,2,,,,1,2,2,1,6,,,,,,,,,,,," ",462501504,,
4,44,225,2,16,1,1044.116,"02",60,2,,,,,,,,,0,,0,,0,,2,2,2,3,2,2,2,2,0,,,,,,,,,,,,4,,,,,,,,,,,," ",462501604,,
4,44,225,2,17,1,1044.116,"02",30,2,,,,,,,,,0,,0,,0,,1,1,888,4,4,3,2,888,1,0,1,,3,,,,1,3,1,1,2,,,,,,,,,,,," ",462501704,,
4,44,225,2,18,1,1044.116,"02",60,2,,,,,,,,,0,,0,,0,,1,2,2,2,4,4,1,4,1,0,1,,2,,,,1,2,1,0,2,,,,,,,,,,,," ",462501804,,
4,44,225,2,22,1,1044.116,"02",60,2,,,,,,,,,1,888,0,,0,,2,2,888,4,4,888,888,4,1,0,1,,2,,,,1,3,1,0,4,,,,,,,,,,,," ",462502204,,
4,44,226,2,1,1,129.102220588235,"01",60,2,,,,,,,,,0,,0,,0,,3,2,3,3,2,3,4,3,0,,,,,,,,,,,,2,,,,,,,,,,,," ",462600104,,
4,44,226,2,2,1,129.102220588235,"01",60,2,,,,,,,,,0,,0,,0,,3,2,3,4,1,3,5,3,0,,,,,,,,,,,,2,,,,,,,,,,,," ",462600204,,
4,44,226,2,3,1,129.102220588235,"02",60,2,,,,,,,,,0,,0,,0,,3,2,3,3,2,3,5,3,0,,,,,,,,,,,,2,,,,,,,,,,,," ",462600304,,
4,44,226,2,4,1,129.102220588235,"02",120,2,,,,,,,,,0,,0,,0,,3,4,2,888,1,4,5,888,0,,,,,,,,,,,,2,,,,,,,,,,,," ",462600404,,
4,44,226,2,5,1,129.102220588235,"02",120,2,,,,,,,,,0,,1,3,0,,888,888,888,888,888,888,3,888,0,,,,,,,,,,,,2,,,,,,,,,,,," ",462600504,,
4,44,226,2,6,1,129.102220588235,"02",180,2,,,,,,,,,0,,0,,0,,888,2,3,4,4,888,4,4,1,0,2,,,5,3,,1,2,0,1,2,,,,,,,,,,,," ",462600604,,
4,44,226,2,7,1,1950.878,"02",120,2,,,,,,,,,0,,0,,0,,888,1,2,3,888,3,888,888,1,0,1,,3,,,,1,4,1,1,1,,,,,,,,,,,," ",462600704,,
4,44,226,2,8,1,129.102220588235,"01",120,2,,,,,,,,,0,,0,,0,,3,1,2,888,888,888,3,3,0,,,,,,,,,,,,1,,,,,,,,,,,," ",462600804,,
4,44,226,2,9,1,129.102220588235,"02",120,2,,,,,,,,,0,,1,0,0,,888,2,888,888,2,888,5,3,0,,,,,,,,,,,,2,,,,,,,,,,,," ",462600904,,
4,44,226,2,10,1,1950.878,"02",120,2,,,,,,,,,0,,0,,0,,4,4,1,2,2,2,4,2,1,1,2,,,4,3,,1,4,1,1,2,,,,,,,,,,,," ",462601004,,
4,44,226,2,11,1,1950.878,"04",180,2,,,,,,,,,0,,1,3,0,,888,888,888,888,888,888,4,3,0,,,,,,,,,,,,2,,,,,,,,,,,," ",462601104,,
4,44,226,2,12,1,1950.878,"02",120,2,,,,,,,,,0,,0,,0,,888,2,888,4,4,3,5,3,1,0,2,,,3,2,,2,2,2,0,2,,,,,,,,,,,," ",462601204,,
4,44,226,2,13,1,1950.878,"02",120,1,,,,,,,,,0,,0,,0,,3,2,5,5,5,888,4,3,1,0,2,,,4,2,,1,2,3,1,2,,,,,,,,,,,," ",462601304,,
4,44,226,2,14,1,1950.878,"02",140,1,,3,3,3,3,3,3,3,1,1,1,0,0,,888,2,888,4,1,888,2,4,1,0,1,,2,,,,1,3,2,1,2,,,,,,,,,,,," ",462601404,,
4,44,226,2,15,1,1950.878,"02",120,1,,,,,,,,,0,,0,,0,,888,1,2,3,3,888,888,888,1,0,1,,3,,,,1,5,1,1,1,,,,,,,,,,,," ",462601504,,
4,44,226,2,16,1,1950.878,"02",130,2,,,,,,,,,1,0,1,1,0,,888,2,888,2,2,2,2,888,1,1,1,,2,,,,1,2,2,1,2,,,,,,,,,,,," ",462601604,,
4,44,226,2,17,1,129.102220588235,"02",180,2,,,,,,,,,0,,0,,0,,888,1,888,4,2,888,2,888,0,,,,,,,,,,,,2,,,,,,,,,,,," ",462601704,,
4,44,226,2,18,1,1950.878,"02",240,2,,,,,,,,,0,,0,,0,,2,4,2,3,1,2,5,3,1,1,2,,,5,4,,1,4,2,1,2,,,,,,,,,,,," ",462601804,,
4,44,227,2,1,1,1422.64434473684,"02",120,2,,,,,,,,,1,1,1,1,0,,888,2,888,2,2,888,2,2,0,,,,,,,,,,,,2,,,,,,,,,,,," ",462700104,,
4,44,227,2,2,1,1422.64434473684,"02",150,2,,,,,,,,,0,,0,,0,,888,2,3,4,4,888,2,888,0,,,,,,,,,,,,2,,,,,,,,,,,," ",462700204,,
4,44,227,2,3,1,1422.64434473684,"02",150,2,,,,,,,,,0,,0,,0,,888,2,888,4,4,3,5,5,0,,,,,,,,,,,,2,,,,,,,,,,,," ",462700304,,
4,44,227,2,4,1,1422.64434473684,"01",120,2,,,,,,,,,0,,0,,0,,888,1,2,3,888,3,888,3,0,,,,,,,,,,,,1,,,,,,,,,,,," ",462700404,,
4,44,227,2,5,1,1422.64434473684,"02",60,2,,,,,,,,,1,1,1,0,0,,888,1,888,2,2,888,2,888,0,,,,,,,,,,,,2,,,,,,,,,,,," ",462700504,,
4,44,227,2,6,1,1422.64434473684,"01",40,2,,,,,,,,,0,,0,,0,,888,888,888,888,2,888,1,888,0,,,,,,,,,,,,2,,,,,,,,,,,," ",462700604,,
4,44,227,2,7,1,1422.64434473684,"02",240,2,,,,,,,,,0,,1,2,0,,888,888,888,888,2,888,4,3,1,0,2,,,5,4,,1,5,2,1,2,,,,,,,,,,,," ",462700704,,
4,44,227,2,8,1,1422.64434473684,"01",90,2,,,,,,,,,0,,1,3,0,,888,888,888,3,888,888,4,888,0,,,,,,,,,,,,2,,,,,,,,,,,," ",462700804,,
4,44,227,2,9,1,1422.64434473684,"02",180,1,,,,,,,,,0,,0,,0,,888,2,888,4,2,3,4,4,0,,,,,,,,,,,,2,,,,,,,,,,,," ",462700904,,
4,44,227,2,10,1,688.6686,"02",240,2,,,,,,,,,0,,0,,0,,888,1,2,3,3,888,888,3,1,0,1,,3,,,,1,5,1,1,2,,,,,,,,,,,," ",462701004,,
4,44,227,2,11,1,688.6686,"02",180,2,,,,,,,,,0,,0,,0,,888,2,888,888,2,888,4,888,0,,,,,,,,,,,,2,,,,,,,,,,,," ",462701104,,
4,44,227,2,12,1,688.6686,"02",120,1,,,,,,,,,0,,0,,0,,3,1,3,3,2,3,5,3,1,1,2,,,3,2,,1,3,2,1,2,,,,,,,,,,,," ",462701204,,
4,44,227,2,13,1,688.6686,"02",120,2,,,,,,,,,0,,0,,0,,4,4,2,888,1,888,4,888,0,,,,,,,,,,,,2,,,,,,,,,,,," ",462701304,,
4,44,227,2,14,1,688.6686,"02",120,2,,,,,,,,,0,,0,,0,,888,1,2,888,3,3,888,888,1,0,1,,3,,,,1,5,0,1,2,,,,,,,,,,,," ",462701404,,
4,44,227,2,15,1,688.6686,"02",120,1,,,,,,,,,0,,0,,0,,3,2,3,3,2,3,5,3,0,,,,,,,,,,,,2,,,,,,,,,,,," ",462701504,,
4,44,227,2,16,1,688.6686,"01",120,2,,,,,,,,,0,,0,,0,,888,3,888,3,1,888,5,3,1,1,1,,3,,,,1,4,2,1,2,,,,,,,,,,,," ",462701604,,
4,44,227,2,17,1,688.6686,"02",120,2,,,,,,,,,0,,0,,0,,2,2,888,888,2,888,4,888,0,,,,,,,,,,,,2,,,,,,,,,,,," ",462701704,,
4,44,227,2,18,1,688.6686,"02",120,2,,,,,,,,,0,,0,,0,,3,2,3,3,2,3,5,3,0,,,,,,,,,,,,2,,,,,,,,,,,," ",462701804,,
4,44,228,2,1,1,238.994666666667,"02",120,2,,,,,,,,,0,,0,,0,,888,2,3,4,4,888,4,888,1,0,1,,2,,,,2,2,2,1,2,,,,,,,,,,,," ",462800104,,
4,44,228,2,2,1,238.994666666667,"01",60,2,,,,,,,,,0,,0,,0,,888,888,888,3,888,888,888,888,0,,,,,,,,,,,,6,,,,,,,,,,,," ",462800204,,
4,44,228,2,3,1,238.994666666667,"01",180,2,,,,,,,,,0,,1,3,0,,888,888,888,888,888,888,3,888,1,0,2,,,4,3,,1,5,1,1,2,,,,,,,,,,,," ",462800304,,
4,44,228,2,4,1,238.994666666667,"02",120,2,,,,,,,,,1,0,0,,0,,888,2,888,4,2,888,1,888,0,,,,,,,,,,,,2,,,,,,,,,,,," ",462800404,,
4,44,228,2,5,1,238.994666666667,"02",90,2,,,,,,,,,0,,1,2,0,,888,888,888,888,888,888,3,888,0,,,,,,,,,,,,2,,,,,,,,,,,," ",462800504,,
4,44,228,2,6,1,238.994666666667,"01",60,2,,,,,,,,,0,,0,,0,,888,2,888,2,2,888,2,888,0,,,,,,,,,,,,2,,,,,,,,,,,," ",462800604,,
4,44,228,2,7,1,238.994666666667,"01",60,2,,,,,,,,,0,,0,,0,,3,2,3,3,2,3,4,3,0,,,,,,,,,,,,2,,,,,,,,,,,," ",462800704,,
4,44,228,2,8,1,238.994666666667,"02",120,2,,,,,,,,,0,,0,,0,,888,2,1,3,3,888,4,888,0,,,,,,,,,,,,1,,,,,,,,,,,," ",462800804,,
4,44,228,2,9,1,238.994666666667,"02",60,2,,,,,,,,,0,,0,,0,,2,4,3,1,1,888,5,3,1,0,2,,,5,3,,1,5,2,1,2,,,,,,,,,,,," ",462800904,,
4,44,228,2,10,1,2240.575,"01",60,1,,,,,,,,,0,,1,1,0,,888,2,888,4,2,888,2,2,1,0,1,,2,,,,1,2,2,1,2,,,,,,,,,,,," ",462801004,,
4,44,228,2,11,1,2240.575,"02",60,2,,,,,,,,,1,0,0,,0,,3,2,3,3,2,3,5,3,1,0,2,,,3,2,,1,3,2,1,2,,,,,,,,,,,," ",462801104,,
4,44,228,2,12,1,2240.575,"02",120,2,,,,,,,,,1,0,0,,0,,3,2,3,3,2,3,5,3,1,0,2,,,3,2,,1,3,2,1,2,,,,,,,,,,,," ",462801204,,
4,44,228,2,13,1,2240.575,"01",90,2,,,,,,,,,0,,0,,0,,5,2,1,2,2,2,5,3,1,1,1,,3,,,,1,4,1,1,2,,,,,,,,,,,," ",462801304,,
4,44,228,2,14,1,2240.575,"02",240,2,,,,,,,,,0,,0,,0,,5,2,1,1,2,2,5,2,1,1,2,,,4,2,,1,4,2,1,2,,,,,,,,,,,," ",462801404,,
4,44,228,2,15,1,2240.575,"02",180,2,,,,,,,,,0,,0,,0,,888,888,888,888,888,888,3,888,1,0,2,,,5,4,,1,6,2,1,2,,,,,,,,,,,," ",462801504,,
4,44,228,2,16,1,238.994666666667,"02",150,2,,,,,,,,,0,,0,,0,,4,2,3,4,4,888,4,3,1,1,2,,,5,3,,2,2,4,1,2,,,,,,,,,,,," ",462801604,,
4,44,228,2,17,1,2240.575,"01",120,2,,,,,,,,,0,,0,,0,,888,1,2,3,4,888,888,888,1,0,1,,2,,,,1,3,2,1,1,,,,,,,,,,,," ",462801704,,
4,44,228,2,18,1,2240.575,"02",240,2,,,,,,,,,0,,0,,0,,888,1,2,3,3,888,888,5,1,0,1,,3,,,,1,5,0,1,1,,,,,,,,,,,," ",462801804,,
4,45,229,1,1,1,28.8529368421053,"01",120,2,2,,,,,,,,1,0,0,,0,,3,2,3,3,2,3,5,3,0,,,,,,,,,,,,2,,,,,,,,,,,," ",472900104,,
4,45,229,1,2,1,274.1029,"02",120,1,1,,,,,,,,1,0,1,0,0,,4,2,3,3,2,3,5,3,1,0,2,,,3,2,,1,3,1,1,2,,,,,,,,,,,," ",472900204,,
4,45,229,1,3,1,28.8529368421053,"02",60,1,2,1,1,1,1,1,1,9,1,0,1,1,0,,2,2,888,2,2,888,2,2,1,0,1,,3,,,,1,2,1,1,2,,,,,,,,,,,," ",472900304,,
4,45,229,1,4,1,274.1029,"01",90,2,2,,,,,,,,1,0,1,0,0,,4,2,3,3,2,3,5,2,1,1,2,,,4,2,,1,4,1,1,2,,,,,,,,,,,," ",472900404,,
4,45,229,1,5,1,28.8529368421053,"02",145,2,2,,,,,,,,1,1,1,0,0,,2,2,2,1,2,1,2,2,1,0,1,,3,,,,2,5,1,1,3,,,,,,,,,,,," ",472900504,,
4,45,229,1,6,1,274.1029,"02",60,1,1,,,,,,,,1,1,1,0,0,,2,2,888,5,1,888,2,2,0,,,,,,,,,,,,2,,,,,,,,,,,," ",472900604,,
4,45,229,1,9,1,28.8529368421053,"01",120,2,2,,,,,,,,0,,0,,0,,1,2,3,888,2,3,5,888,1,0,2,,,4,2,,1,4,2,1,5,,,,,,,,,,,," ",472900904,,
4,45,229,1,10,1,274.1029,"02",60,1,1,2,2,2,2,2,2,2,1,1,1,1,0,,1,2,888,2,2,888,1,2,1,0,1,,3,,,,1,2,2,1,2,,,,,,,,,,,," ",472901004,,
4,45,229,1,11,1,28.8529368421053,"01",180,2,2,,,,,,,,1,0,1,0,0,,3,2,3,3,2,3,5,3,0,,,,,,,,,,,,2,,,,,,,,,,,," ",472901104,,
4,45,229,1,12,1,274.1029,"01",120,2,2,,,,,,,,1,0,1,0,0,,3,1,3,3,2,3,5,3,0,,,,,,,,,,,,1,,,,,,,,,,,," ",472901204,,
4,45,229,1,13,1,28.8529368421053,"02",180,2,2,,,,,,,,0,,0,,0,,2,4,3,888,2,5,5,888,0,,,,,,,,,,,,2,,,,,,,,,,,," ",472901304,,
4,45,229,1,14,1,274.1029,"02",240,1,2,,,,,,,,0,,0,,0,,888,4,888,888,2,5,4,888,1,1,1,,3,,,,1,4,2,1,5,,,,,,,,,,,," ",472901404,,
4,45,229,1,15,1,28.8529368421053,"04",120,1,1,1,1,1,1,1,1,1,1,1,1,0,0,,888,2,888,2,2,888,1,2,1,0,1,,3,,,,1,3,1,1,2,,,,,,,,,,,," ",472901504,,
4,45,229,1,16,1,274.1029,"02",120,1,1,,,,,,,,1,0,1,1,0,,2,1,888,2,1,888,1,2,1,0,1,,4,,,,1,3,2,1,2,,,,,,,,,,,," ",472901604,,
4,45,229,1,17,1,28.8529368421053,"01",120,2,2,,,,,,,,0,,0,,0,,1,4,888,888,2,888,1,888,0,,,,,,,,,,,,2,,,,,,,,,,,," ",472901704,,
4,45,229,1,18,1,274.1029,"01",120,1,2,,,,,,,,0,,0,,0,,5,4,2,2,2,5,5,3,0,,,,,,,,,,,,5,,,,,,,,,,,," ",472901804,,
4,45,229,1,19,1,28.8529368421053,"02",180,1,2,,,,,,,,1,0,1,0,0,,4,2,3,3,2,3,5,3,1,0,2,,,3,2,,1,3,2,1,2,,,,,,,,,,,," ",472901904,,
4,45,229,1,22,1,274.1029,"01",120,1,2,,,,,,,,0,,0,,0,,1,888,888,888,2,5,4,888,0,,,,,,,,,,,,2,,,,,,,,,,,," ",472902204,,
4,45,230,1,1,1,51.331455,"02",60,2,2,,,,,,,,0,,0,,0,,888,1,2,3,3,3,888,888,1,0,1,,2,,,,1,4,2,1,1,,,,,,,,,,,," ",473000104,,
4,45,230,1,2,1,494.3029,"02",180,2,2,,,,,,,,0,,1,2,0,,2,2,888,4,2,888,5,3,1,0,2,,,5,4,,1,6,2,0,2,,,,,,,,,,,," ",473000204,,
4,45,230,1,3,1,51.331455,"02",360,2,2,,,,,,,,0,,0,,0,,888,1,2,3,888,888,3,3,1,0,1,,3,,,,1,3,0,1,1,,,,,,,,,,,," ",473000304,,
4,45,230,1,4,1,494.3029,"01",180,2,2,,,,,,,,0,,1,2,0,,888,2,888,4,2,888,5,3,1,0,2,,,3,2,,1,5,2,1,2,,,,,,,,,,,," ",473000404,,
4,45,230,1,5,1,51.331455,"01",240,2,2,1,1,1,3,1,1,3,0,,1,1,0,,2,2,2,3,2,888,5,888,0,,,,,,,,,,,,1,,,,,,,,,,,," ",473000504,,
4,45,230,1,7,1,51.331455,"01",120,2,2,,,,,,,,0,,0,,0,,2,4,3,5,5,888,5,5,1,0,1,,4,,,,1,2,0,1,2,,,,,,,,,,,," ",473000704,,
4,45,230,1,8,1,494.3029,"02",300,2,2,,,,,,,,0,,1,1,0,,888,1,888,4,2,888,5,3,1,0,2,,,4,3,,1,6,2,1,2,,,,,,,,,,,," ",473000804,,
4,45,230,1,9,1,51.331455,"02",120,2,2,1,1,1,1,1,1,1,0,,0,,0,,888,1,888,3,888,3,5,888,0,,,,,,,,,,,,1,,,,,,,,,,,," ",473000904,,
4,45,230,1,10,1,494.3029,"02",180,1,2,,,,,,,,0,,0,,0,,2,3,888,4,4,3,4,4,1,0,2,,,3,2,,1,2,2,1,2,,,,,,,,,,,," ",473001004,,
4,45,230,1,12,1,494.3029,"01",60,1,2,,,,,,,,0,,0,,0,,888,1,2,3,3,888,888,888,1,1,1,,2,,,,1,4,1,1,2,,,,,,,,,,,," ",473001204,,
4,45,230,1,13,1,51.331455,"01",240,2,2,,,,,,,,0,,1,2,0,,4,2,888,5,2,4,5,3,0,,,,,,,,,,,,2,,,,,,,,,,,," ",473001304,,
4,45,230,1,14,1,51.331455,"01",180,2,2,,,,,,,,0,,0,,0,,2,2,3,4,4,888,2,4,0,,,,,,,,,,,,2,,,,,,,,,,,," ",473001404,,
4,45,230,1,15,1,51.331455,"03",180,2,2,,,,,,,,0,,1,0,0,,2,2,3,4,2,888,1,3,0,,,,,,,,,,,,2,,,,,,,,,,,," ",473001504,,
4,45,230,1,17,1,51.331455,"02",120,2,2,,,,,,,,0,,0,,0,,3,1,888,888,4,888,3,3,1,0,1,,3,,,,1,3,0,1,1,,,,,,,,,,,," ",473001704,,
4,45,230,1,18,1,51.331455,"01",120,2,2,,,,,,,,0,,0,,0,,5,1,2,888,3,3,5,888,1,0,1,,2,,,,1,3,1,1,1,,,,,,,,,,,," ",473001804,,
4,45,231,2,2,1,1163.636,"02",120,2,,,,,,,,,0,,1,3,0,,888,2,888,5,2,888,5,3,1,0,2,,,4,3,,1,5,1,1,2,,,,,,,,,,,," ",473100204,,
4,45,231,2,4,1,1163.636,"02",120,1,,,,,,,,,1,0,0,,0,,3,2,3,3,2,3,5,3,0,,,,,,,,,,,,2,,,,,,,,,,,," ",473100404,,
4,45,231,2,5,1,1260.84392137592,"02",60,2,,,,,,,,,1,1,1,0,0,,2,2,888,2,2,888,2,2,0,,,,,,,,,,,,1,,,,,,,,,,,," ",473100504,,
4,45,231,2,6,1,1163.636,"02",180,2,,,,,,,,,0,,1,2,0,,888,2,888,4,2,888,5,3,0,,,,,,,,,,,,2,,,,,,,,,,,," ",473100604,,
4,45,231,2,7,1,1260.84392137592,"01",60,2,,,,,,,,,0,,0,,0,,888,1,2,3,3,888,888,888,1,0,1,,3,,,,1,2,0,1,2,,,,,,,,,,,," ",473100704,,
4,45,231,2,8,1,1260.84392137592,"02",180,1,,,,,,,,,0,,0,,0,,2,2,3,2,2,4,5,888,1,0,1,,3,,,,1,4,1,1,2,,,,,,,,,,,," ",473100804,,
4,45,231,2,9,1,1260.84392137592,"01",60,2,,,,,,,,,0,,0,,0,,888,1,2,4,3,3,888,888,0,0,1,,3,,,,4,6,1,0,1,,,,,,,,,,,," ",473100904,,
4,45,231,2,11,1,1260.84392137592,"02",240,2,,,,,,,,,0,,1,3,0,,3,2,888,888,3,888,5,3,1,0,2,,,4,3,,2,6,2,1,2,,,,,,,,,,,," ",473101104,,
4,45,231,2,12,1,1163.636,"01",180,2,,,,,,,,,0,,0,,0,,2,4,2,1,1,4,5,888,0,,,,,,,,,,,,2,,,,,,,,,,,," ",473101204,,
4,45,231,2,13,1,1260.84392137592,"02",130,2,,,,,,,,,0,,0,,0,,888,2,888,2,2,2,2,2,0,,,,,,,,,,,,2,,,,,,,,,,,," ",473101304,,
4,45,231,2,14,1,1260.84392137592,"02",150,2,,,,,,,,,0,,0,,0,,888,2,3,5,4,888,4,5,1,0,2,,,3,2,,1,2,2,0,2,,,,,,,,,,,," ",473101404,,
4,45,231,2,15,1,1260.84392137592,"02",180,2,,,,,,,,,0,,0,,0,,2,4,2,1,1,4,5,888,0,,,,,,,,,,,,2,,,,,,,,,,,," ",473101504,,
4,45,231,2,16,1,1163.636,"02",120,2,,,,,,,,,1,0,0,,0,,3,2,3,3,2,3,5,3,0,,,,,,,,,,,,2,,,,,,,,,,,," ",473101604,,
4,45,231,2,17,1,1260.84392137592,"01",120,2,,,,,,,,,1,0,1,0,0,,888,2,888,5,4,888,4,2,0,,,,,,,,,,,,2,,,,,,,,,,,," ",473101704,,
4,45,231,2,19,1,1260.84392137592,"02",150,2,,,,,,,,,0,,0,,0,,888,2,3,5,2,888,5,888,1,0,1,,2,,,,1,2,0,1,2,,,,,,,,,,,," ",473101904,,
4,45,231,2,20,1,1260.84392137592,"02",180,2,,,,,,,,,0,,0,,0,,888,2,3,5,4,3,4,5,1,0,2,,,2,2,,1,2,0,1,2,,,,,,,,,,,," ",473102004,,
4,45,231,2,21,1,1163.636,"02",90,2,,,,,,,,,1,0,0,,0,,3,2,3,3,2,3,5,3,0,,,,,,,,,,,,2,,,,,,,,,,,," ",473102104,,
4,45,231,2,22,1,1163.636,"01",60,2,,,,,,,,,0,,0,,0,,888,1,2,3,3,888,888,888,1,0,1,,4,,,,1,3,0,1,1,,,,,,,,,,,," ",473102204,,
4,45,232,1,1,1,19.1628054109589,"02",120,1,2,,,,,,,,1,0,1,1,0,,2,1,1,2,2,2,1,2,0,,,,,,,,,,,,1,,,,,,,,,,,," ",473200104,,
4,45,232,1,3,1,19.1628054109589,"02",240,2,2,,,,,,,,0,,1,3,0,,888,2,888,4,2,888,5,3,1,0,2,,,4,3,,1,6,1,1,2,,,,,,,,,,,," ",473200304,,
4,45,232,1,4,1,363.3467,"02",150,2,2,,,,,,,,0,,0,,0,,3,2,888,4,4,3,4,5,0,,,,,,,,,,,,2,,,,,,,,,,,," ",473200404,,
4,45,232,1,5,1,19.1628054109589,"03",180,1,2,,,,,,,,1,0,1,0,0,,888,2,888,2,2,888,2,2,0,,,,,,,,,,,,2,,,,,,,,,,,," ",473200504,,
4,45,232,1,6,1,19.1628054109589,"01",60,2,2,,,,,,,,1,0,0,,0,,4,2,3,3,2,3,5,3,1,0,1,,3,,,,1,3,1,1,2,,,,,,,,,,,," ",473200604,,
4,45,232,1,7,1,19.1628054109589,"02",120,1,2,1,1,1,2,2,2,1,0,,0,,0,,2,2,2,2,2,1,1,1,0,,,,,,,,,,,,2,,,,,,,,,,,," ",473200704,,
4,45,232,1,8,1,363.3467,"02",150,2,2,,,,,,,,0,,0,,0,,888,2,888,4,4,3,5,5,1,0,2,,,3,2,,1,2,2,1,2,,,,,,,,,,,," ",473200804,,
4,45,232,1,9,1,19.1628054109589,"02",60,2,2,,,,,,,,1,0,0,,0,,3,2,3,2,2,3,5,3,0,,,,,,,,,,,,2,,,,,,,,,,,," ",473200904,,
4,45,232,1,10,1,363.3467,"02",120,2,2,,,,,,,,1,0,0,,0,,2,2,2,3,2,3,5,3,1,0,1,,3,,,,1,3,2,1,2,,,,,,,,,,,," ",473201004,,
4,45,232,1,11,1,19.1628054109589,"01",90,2,2,,,,,,,,0,,1,4,0,,888,2,888,888,2,888,4,3,0,,,,,,,,,,,,2,,,,,,,,,,,," ",473201104,,
4,45,232,1,12,1,363.3467,"01",180,2,2,,,,,,,,0,,0,,0,,1,3,888,888,2,888,5,888,1,1,2,,,3,2,,1,4,1,1,2,,,,,,,,,,,," ",473201204,,
4,45,232,1,13,1,19.1628054109589,"03",240,2,2,,,,,,,,0,,1,3,0,,888,2,888,888,2,888,5,3,0,,,,,,,,,,,,2,,,,,,,,,,,," ",473201304,,
4,45,232,1,14,1,363.3467,"02",180,2,2,,,,,,,,0,,0,,0,,888,4,888,888,2,888,4,888,1,1,2,,,4,3,,1,5,2,1,2,,,,,,,,,,,," ",473201404,,
4,45,232,1,15,1,19.1628054109589,"02",180,2,2,,,,,,,,0,,1,3,0,,3,2,888,4,2,888,4,3,0,,,,,,,,,,,,2,,,,,,,,,,,," ",473201504,,
4,45,232,1,16,1,363.3467,"02",180,2,2,,,,,,,,1,0,0,,1,0,3,2,3,4,2,2,2,1,0,,,,,,,,,,,,5,,,,,,,,,,,," ",473201604,,
4,45,232,1,17,1,19.1628054109589,"02",60,2,2,,,,,,,,0,,0,,0,,888,1,2,888,3,3,3,3,1,0,1,,3,,,,1,2,0,1,1,,,,,,,,,,,," ",473201704,,
4,45,232,1,18,1,363.3467,"02",60,2,2,3,3,3,3,3,3,3,1,0,1,0,1,0,2,1,3,1,3,4,1,2,1,0,2,,,3,3,,1,3,0,1,6,,,,,,,,,,,," ",473201804,,
4,45,233,2,1,1,1946.098,"02",120,1,,,,,,,,,1,1,1,0,1,0,888,2,888,1,2,888,2,2,0,0,1,,3,,,,2,2,1,1,2,,,,,,,,,,,," ",473300104,,
4,45,233,2,2,1,1946.098,"02",150,2,,,,,,,,,0,,0,,0,,888,1,888,4,2,5,5,5,1,0,2,,,4,3,,2,2,1,0,2,,,,,,,,,,,," ",473300204,,
4,45,233,2,3,1,1946.098,"02",120,2,,,,,,,,,1,0,0,,0,,2,2,3,3,2,3,5,3,1,0,2,,,3,2,,1,3,2,1,2,,,,,,,,,,,," ",473300304,,
4,45,233,2,4,1,1946.098,"02",120,2,,,,,,,,,1,0,1,0,0,,888,1,888,2,2,888,1,2,1,0,1,,3,,,,2,4,1,1,2,,,,,,,,,,,," ",473300404,,
4,45,233,2,5,1,1946.098,"02",60,2,,,,,,,,,1,0,0,,0,,888,1,888,2,1,888,1,888,1,0,1,,2,,,,1,2,2,1,2,,,,,,,,,,,," ",473300504,,
4,45,233,2,6,1,1946.098,"01",120,2,,,,,,,,,0,,0,,0,,2,5,888,888,2,888,5,888,1,0,1,,3,,,,1,4,2,1,2,,,,,,,,,,,," ",473300604,,
4,45,233,2,7,1,1946.098,"02",120,1,,2,2,2,2,2,2,1,0,,0,,0,,3,2,888,4,5,888,4,5,1,0,2,,,3,2,,2,2,2,1,6,,,,,,,,,,,," ",473300704,,
4,45,233,2,8,1,1946.098,"02",240,1,,2,2,2,2,2,2,2,0,,0,,0,,2,2,3,888,2,3,5,888,0,,,,,,,,,,,,2,,,,,,,,,,,," ",473300804,,
4,45,233,2,9,1,1946.098,"01",60,2,,,,,,,,,0,,0,,0,,1,2,888,888,2,888,4,888,1,0,2,,,4,3,,1,3,1,1,2,,,,,,,,,,,," ",473300904,,
4,45,233,2,10,1,1946.098,"02",120,2,,,,,,,,,1,0,0,,0,,4,2,3,3,2,3,5,3,1,0,2,,,3,2,,1,3,2,1,2,,,,,,,,,,,," ",473301004,,
4,45,233,2,12,1,1946.098,"01",150,2,,,,,,,,,0,,0,,0,,3,2,4,4,888,888,5,4,1,0,2,,,5,3,,2,2,4,1,2,,,,,,,,,,,," ",473301204,,
4,45,233,2,13,1,1946.098,"01",60,2,,,,,,,,,1,0,0,,0,,2,1,3,3,2,3,4,3,1,0,2,,,4,3,,1,4,2,1,2,,,,,,,,,,,," ",473301304,,
4,45,233,2,14,1,1946.098,"02",240,1,,,,,,,,,0,,1,3,0,,888,2,888,4,2,888,5,888,1,0,2,,,5,4,,1,6,2,0,2,,,,,,,,,,,," ",473301404,,
4,45,233,2,16,1,1946.098,"02",240,2,,,,,,,,,0,,1,2,0,,888,2,888,5,2,3,5,3,1,0,2,,,3,2,,1,5,1,1,2,,,,,,,,,,,," ",473301604,,
4,45,233,2,18,1,1946.098,"02",60,2,,,,,,,,,1,0,1,0,0,,888,1,888,2,1,888,1,2,1,0,1,,3,,,,1,2,2,1,2,,,,,,,,,,,," ",473301804,,
4,45,233,2,20,1,1946.098,"02",180,2,,,,,,,,,0,,1,4,0,,888,1,888,5,2,888,5,888,1,0,2,,,4,3,,1,5,1,1,2,,,,,,,,,,,," ",473302004,,
4,45,233,2,21,1,1946.098,"02",150,2,,,,,,,,,0,,0,,0,,888,1,888,5,5,888,5,5,1,0,2,,,4,3,,2,2,3,1,2,,,,,,,,,,,," ",473302104,,
4,45,233,2,22,1,1946.098,"02",180,2,,2,2,2,2,2,2,2,0,,0,,0,,2,3,3,2,2,888,4,888,0,,,,,,,,,,,,2,,,,,,,,,,,," ",473302204,,
4,45,234,2,1,1,1475.391,"01",90,2,,,,,,,,,1,0,0,,0,,3,2,3,3,2,3,5,3,0,,,,,,,,,,,,2,,,,,,,,,,,," ",473400104,,
4,45,234,2,2,1,1475.391,"01",30,2,,,,,,,,,1,0,0,,0,,3,2,3,3,2,3,5,3,0,,,,,,,,,,,,2,,,,,,,,,,,," ",473400204,,
4,45,234,2,3,1,1475.391,"02",60,2,,,,,,,,,0,,0,,0,,888,1,2,3,3,3,888,888,1,0,1,,3,,,,1,4,1,1,1,,,,,,,,,,,," ",473400304,,
4,45,234,2,4,1,1475.391,"02",120,2,,,,,,,,,1,0,0,,0,,3,2,3,3,2,3,5,3,0,,,,,,,,,,,,2,,,,,,,,,,,," ",473400404,,
4,45,234,2,5,1,1475.391,"01",120,1,,,,,,,,,0,,0,,0,,2,3,888,3,2,3,4,888,0,,,,,,,,,,,,2,,,,,,,,,,,," ",473400504,,
4,45,234,2,6,1,1475.391,"02",180,1,,,,,,,,,0,,0,,0,,5,2,888,4,2,888,5,888,1,0,2,,,2,2,,1,2,3,0,2,,,,,,,,,,,," ",473400604,,
4,45,234,2,7,1,1475.391,"02",120,2,,,,,,,,,0,,0,,0,,5,2,888,4,3,888,4,4,0,,,,,,,,,,,,2,,,,,,,,,,,," ",473400704,,
4,45,234,2,8,1,1475.391,"02",90,1,,,,,,,,,0,,0,,0,,4,2,888,2,2,888,5,888,1,0,2,,,4,3,,1,5,2,1,2,,,,,,,,,,,," ",473400804,,
4,45,234,2,9,1,1475.391,"02",120,2,,,,,,,,,0,,1,3,0,,888,888,888,3,2,888,4,3,1,0,2,,,4,3,,1,5,1,1,2,,,,,,,,,,,," ",473400904,,
4,45,234,2,10,1,1475.391,"02",180,2,,,,,,,,,0,,1,1,0,,888,2,888,4,2,888,5,888,0,,,,,,,,,,,,2,,,,,,,,,,,," ",473401004,,
4,45,234,2,11,1,1475.391,"02",60,2,,,,,,,,,1,0,1,0,0,,888,2,888,2,2,888,2,2,0,,,,,,,,,,,,2,,,,,,,,,,,," ",473401104,,
4,45,234,2,12,1,1475.391,"02",60,1,,,,,,,,,1,1,1,1,0,,888,1,888,2,4,888,2,4,1,0,2,,,2,2,,1,4,2,1,2,,,,,,,,,,,," ",473401204,,
4,45,234,2,13,1,1475.391,"02",60,2,,,,,,,,,1,0,1,0,1,0,888,2,1,2,2,888,2,2,0,,,,,,,,,,,,2,,,,,,,,,,,," ",473401304,,
4,45,234,2,14,1,1475.391,"02",240,2,,,,,,,,,0,,1,2,0,,888,888,888,3,888,3,4,3,1,0,2,,,5,3,,1,5,1,1,2,,,,,,,,,,,," ",473401404,,
4,45,234,2,15,1,1475.391,"01",60,1,,,,,,,,,0,,0,,0,,888,1,2,3,3,3,888,888,0,,,,,,,,,,,,2,,,,,,,,,,,," ",473401504,,
4,45,234,2,16,1,1475.391,"02",240,2,,,,,,,,,0,,0,,0,,5,2,4,5,2,888,4,5,1,0,2,,,3,2,,1,2,2,1,2,,,,,,,,,,,," ",473401604,,
4,45,234,2,17,1,1475.391,"02",120,2,,,,,,,,,0,,0,,0,,4,5,2,3,1,3,5,888,1,0,1,,3,,,,1,5,2,1,3,,,,,,,,,,,," ",473401704,,
4,45,234,2,18,1,1475.391,"01",120,2,,,,,,,,,0,,0,,0,,888,1,2,3,3,888,888,888,1,0,1,,4,,,,1,3,1,1,2,,,,,,,,,,,," ",473401804,,
4,45,235,2,1,1,1095.94107236842,"02",120,2,,,,,,,,,0,,0,,0,,888,1,2,888,3,3,888,888,0,,,,,,,,,,,,2,,,,,,,,,,,," ",473500104,,
4,45,235,2,2,1,2414.247,"02",60,2,,,,,,,,,1,0,0,,0,,3,2,3,3,2,3,5,3,1,0,2,,,4,2,,1,3,2,1,2,,,,,,,,,,,," ",473500204,,
4,45,235,2,3,1,1095.94107236842,"02",60,2,,,,,,,,,1,1,1,0,0,,888,2,888,2,2,888,2,1,0,,,,,,,,,,,,2,,,,,,,,,,,," ",473500304,,
4,45,235,2,5,1,1095.94107236842,"02",180,2,,,,,,,,,1,1,1,1,0,,1,2,888,1,2,888,1,888,1,0,1,,2,,,,1,3,2,1,2,,,,,,,,,,,," ",473500504,,
4,45,235,2,6,1,1095.94107236842,"02",90,2,,,,,,,,,0,,0,,0,,4,5,2,1,3,888,5,888,1,0,2,,,5,3,,1,6,1,1,2,,,,,,,,,,,," ",473500604,,
4,45,235,2,7,1,1095.94107236842,"02",120,2,,,,,,,,,0,,0,,0,,888,5,3,5,2,888,4,5,1,0,1,,3,,,,1,2,0,1,2,,,,,,,,,,,," ",473500704,,
4,45,235,2,8,1,2414.247,"02",120,1,,,,,,,,,1,0,0,,0,,4,2,3,3,2,3,5,3,0,,,,,,,,,,,,2,,,,,,,,,,,," ",473500804,,
4,45,235,2,9,1,1095.94107236842,"02",280,1,,,,,,,,,0,,0,,0,,888,888,888,2,2,888,2,888,1,0,1,,3,,,,1,4,2,1,1,,,,,,,,,,,," ",473500904,,
4,45,235,2,10,1,2414.247,"02",240,2,,,,,,,,,0,,1,4,0,,888,2,888,4,2,888,5,3,1,0,2,,,4,3,,1,6,1,1,2,,,,,,,,,,,," ",473501004,,
4,45,235,2,11,1,1095.94107236842,"02",150,2,,,,,,,,,0,,0,,0,,4,2,888,4,5,888,5,3,1,0,1,,2,,,,1,2,0,1,2,,,,,,,,,,,," ",473501104,,
4,45,235,2,12,1,2414.247,"02",120,2,,2,2,2,2,2,2,2,0,,0,,0,,5,5,1,1,4,888,5,888,1,1,1,,3,,,,1,4,1,1,2,,,,,,,,,,,," ",473501204,,
4,45,235,2,13,1,1095.94107236842,"02",120,2,,,,,,,,,0,,0,,0,,888,1,2,3,3,3,888,888,0,,,,,,,,,,,,1,,,,,,,,,,,," ",473501304,,
4,45,235,2,14,1,1095.94107236842,"02",240,1,,,,,,,,,0,,1,3,0,,888,1,888,4,2,888,5,3,0,,,,,,,,,,,,5,,,,,,,,,,,," ",473501404,,
4,45,235,2,16,1,2414.247,"02",60,2,,,,,,,,,1,0,0,,0,,3,2,3,3,2,3,5,3,1,0,1,,3,,,,1,3,1,1,2,,,,,,,,,,,," ",473501604,,
4,45,235,2,17,1,1095.94107236842,"01",60,2,,,,,,,,,0,,1,2,0,,888,1,888,4,2,888,1,3,1,0,2,,,5,4,,1,6,1,0,5,,,,,,,,,,,," ",473501704,,
4,45,235,2,19,1,1095.94107236842,"02",120,2,,,,,,,,,0,,0,,0,,3,2,2,5,3,888,4,5,1,0,2,,,3,2,,1,2,1,0,2,,,,,,,,,,,," ",473501904,,
4,45,235,2,20,1,1095.94107236842,"02",120,2,,,,,,,,,1,1,0,,0,,888,1,2,3,888,888,888,3,1,0,1,,3,,,,1,4,2,1,1,,,,,,,,,,,," ",473502004,,
4,45,235,2,21,1,2414.247,"02",120,2,,2,2,2,2,2,2,2,0,,0,,0,,888,2,3,888,2,888,4,888,1,1,1,,3,,,,1,4,1,1,2,,,,,,,,,,,," ",473502104,,
4,45,236,2,1,1,467.384330985915,"02",150,2,,,,,,,,,0,,0,,0,,4,2,888,5,4,888,5,888,1,0,2,,,3,2,,1,2,0,0,2,,,,,,,,,,,," ",473600104,,
4,45,236,2,2,1,1896.245,"02",380,1,,,,,,,,,1,1,1,1,0,,1,2,1,2,1,2,1,1,1,1,2,,,2,2,,1,2,2,1,5,,,,,,,,,,,," ",473600204,,
4,45,236,2,3,1,467.384330985915,"01",150,2,,,,,,,,,1,0,0,,0,,5,4,888,4,888,888,4,4,1,0,2,,,3,2,,1,2,0,1,2,,,,,,,,,,,," ",473600304,,
4,45,236,2,4,1,1896.245,"02",180,1,,,,,,,,,1,1,1,0,0,,888,1,888,2,1,888,2,2,1,0,1,,3,,,,1,2,2,1,1,,,,,,,,,,,," ",473600404,,
4,45,236,2,5,1,467.384330985915,"02",120,1,,,,,,,,,0,,0,,0,,4,2,888,5,2,3,4,5,1,0,2,,,3,2,,1,2,2,0,2,,,,,,,,,,,," ",473600504,,
4,45,236,2,6,1,1896.245,"02",60,2,,,,,,,,,1,0,1,0,0,,888,2,888,4,4,888,2,2,1,0,2,,,4,2,,1,2,2,1,2,,,,,,,,,,,," ",473600604,,
4,45,236,2,7,1,467.384330985915,"02",180,1,,,,,,,,,0,,1,1,0,,888,1,888,4,2,888,5,3,0,,,,,,,,,,,,5,,,,,,,,,,,," ",473600704,,
4,45,236,2,8,1,1896.245,"01",120,2,,,,,,,,,0,,0,,0,,2,4,2,2,2,888,4,888,0,,,,,,,,,,,,2,,,,,,,,,,,," ",473600804,,
4,45,236,2,9,1,467.384330985915,"02",90,2,,,,,,,,,0,,1,3,0,,888,1,888,888,2,888,5,3,0,,,,,,,,,,,,5,,,,,,,,,,,," ",473600904,,
4,45,236,2,10,1,467.384330985915,"02",120,2,,,,,,,,,0,,1,3,0,,888,2,888,4,2,888,5,888,1,0,2,,,4,3,,1,6,1,1,5,,,,,,,,,,,," ",473601004,,
4,45,236,2,11,1,467.384330985915,"02",60,2,,,,,,,,,0,,0,,0,,888,1,2,3,3,888,888,888,1,0,1,,2,,,,1,3,1,1,2,,,,,,,,,,,," ",473601104,,
4,45,236,2,12,1,467.384330985915,"02",240,2,,,,,,,,,0,,0,,0,,5,5,1,1,2,4,5,888,1,0,2,,,4,3,,1,5,1,1,2,,,,,,,,,,,," ",473601204,,
4,45,236,2,13,1,467.384330985915,"02",120,1,,,,,,,,,1,0,0,,0,,3,1,3,3,2,3,5,3,1,0,1,,3,,,,1,3,2,1,2,,,,,,,,,,,," ",473601304,,
4,45,236,2,14,1,1896.245,"02",120,1,,,,,,,,,0,,0,,0,,4,1,2,3,3,3,4,888,1,0,1,,2,,,,1,2,1,1,1,,,,,,,,,,,," ",473601404,,
4,45,236,2,15,1,467.384330985915,"02",120,2,,,,,,,,,0,,0,,0,,4,4,2,2,4,4,5,888,1,0,1,,3,,,,1,5,2,1,2,,,,,,,,,,,," ",473601504,,
4,45,236,2,17,1,467.384330985915,"01",60,2,,,,,,,,,0,,0,,0,,888,1,2,3,3,3,888,888,1,0,1,,3,,,,1,2,0,1,1,,,,,,,,,,,," ",473601704,,
4,45,236,2,18,1,1896.245,"02",120,1,,,,,,,,,1,0,0,,0,,3,2,3,3,2,3,5,3,1,0,1,,3,,,,1,3,1,1,2,,,,,,,,,,,," ",473601804,,
4,45,236,2,21,1,1896.245,"02",120,2,,,,,,,,,1,0,1,0,0,,2,1,3,3,2,3,5,3,1,1,2,,,3,2,,1,3,2,1,2,,,,,,,,,,,," ",473602104,,
5,51,237,2,1,1,464.106144278607,"02",60,2,,,,,,,,,0,,0,,0,,888,888,888,888,888,888,5,888,0,,,,,,,,,,,,2,,,,,,,,,,,," ",533700105,,
5,51,237,2,2,1,464.106144278607,"02",60,2,,,,,,,,,0,,1,2,1,0,2,1,2,888,1,888,5,888,1,0,1,,2,,,,1,3,1,1,2,,,,,,,,,,,," ",533700205,,
5,51,237,2,3,1,464.106144278607,"02",120,2,,1,1,1,1,1,1,1,1,1,1,3,1,0,1,1,888,888,2,2,1,888,1,0,1,,2,,,,1,4,1,1,7,,,,,,,,,,,," ",533700305,,
5,51,237,2,4,1,464.106144278607,"02",240,1,,,,,,,,,0,,1,3,0,,3,1,3,2,2,3,2,3,1,0,1,,4,,,,1,6,0,0,2,,,,,,,,,,,," ",533700405,,
5,51,237,2,5,1,1696.097,"02",240,2,,,,,,,,,0,,1,1,0,,3,2,3,2,2,3,2,3,0,,,,,,,,,,,,2,,,,,,,,,,,," ",533700505,,
5,51,237,2,6,1,464.106144278607,"01",150,2,,,,,,,,,0,,1,3,0,,3,2,3,2,2,3,2,3,1,0,1,,3,,,,1,5,1,0,2,,,,,,,,,,,," ",533700605,,
5,51,237,2,7,1,464.106144278607,"02",60,2,,,,,,,,,1,0,1,0,1,0,2,2,2,2,2,2,2,2,1,0,1,,3,,,,1,4,2,0,2,,,,,,,,,,,," ",533700705,,
5,51,237,2,8,1,1696.097,"01",60,1,,,,,,,,,0,,1,0,0,,3,2,2,2,2,2,2,2,1,1,1,,2,,,,1,4,2,0,2,,,,,,,,,,,," ",533700805,,
5,51,237,2,9,1,464.106144278607,"01",60,2,,1,1,1,1,1,1,1,1,0,1,0,1,0,2,2,2,2,2,2,2,2,0,,,,,,,,,,,,2,,,,,,,,,,,," ",533700905,,
5,51,237,2,10,1,1696.097,"02",45,2,,,,,,,,,1,0,1,0,1,0,4,888,888,888,888,3,2,2,1,0,2,,,3,2,,3,2,1,1,555,6,,,,,,,,,,," ",533701005,,
5,51,237,2,11,1,1696.097,"02",120,2,,,,,,,,,1,0,1,4,1,0,2,888,888,2,888,888,2,2,1,0,2,,,4,2,,1,4,1,1,555,10,,,,,,,,,,," ",533701105,,
5,51,237,2,12,1,1696.097,"01",60,1,,,,,,,,,1,0,1,4,1,0,4,3,888,3,3,3,3,3,1,0,2,,,4,2,,1,3,2,1,555,6,,,,,,,,,,," ",533701205,,
5,51,237,2,13,1,1696.097,"01",60,2,,,,,,,,,1,0,1,1,0,,2,2,888,888,888,888,3,3,0,,,,,,,,,,,,1,,,,,,,,,,,," ",533701305,,
5,51,237,2,14,1,1696.097,"02",60,2,,2,2,2,2,2,2,2,1,1,1,4,0,,888,2,888,2,2,888,4,888,1,0,1,,2,,,,1,3,1,1,1,,,,,,,,,,,," ",533701405,,
5,51,237,2,15,1,464.106144278607,"01",30,2,,,,,,,,,1,0,0,,0,,888,888,2,888,2,3,2,888,1,0,1,,2,,,,1,3,1,1,1,,,,,,,,,,,," ",533701505,,
5,51,237,2,16,1,464.106144278607,"02",180,2,,2,1,1,2,1,2,1,1,0,1,1,0,,3,2,3,3,2,3,4,3,0,,,,,,,,,,,,5,,,,,,,,,,,," ",533701605,,
5,51,237,2,17,1,1696.097,"02",180,2,,,,,,,,,1,0,1,0,0,,3,2,3,3,2,3,2,3,1,0,1,,2,,,,1,6,0,1,1,,,,,,,,,,,," ",533701705,,
5,51,237,2,18,1,1696.097,"02",120,2,,,,,,,,,1,0,1,0,0,,3,2,3,3,2,3,888,3,1,0,1,,2,,,,1,4,1,1,5,,,,,,,,,,,," ",533701805,,
5,51,238,1,1,1,140.307752941177,"01",120,2,2,,,,,,,,0,,1,0,0,,1,1,888,1,888,888,888,888,0,,,,,,,,,,,,2,,,,,,,,,,,," ",533800105,,
5,51,238,1,2,1,146.0346,"01",60,1,2,,,,,,,,1,0,0,,1,0,1,1,888,2,5,888,4,3,1,1,2,,,3,2,,1,3,2,1,1,,,,,,,,,,,," ",533800205,,
5,51,238,1,3,1,146.0346,"02",180,2,2,,,,,,,,1,0,0,,0,,1,1,888,2,4,888,888,888,1,1,1,,3,,,,1,4,2,1,2,,,,,,,,,,,," ",533800305,,
5,51,238,1,4,1,146.0346,"01",90,1,1,,,,,,,,0,,0,,0,,2,3,2,2,2,2,5,2,1,1,2,,,4,3,,2,4,2,1,3,,,,,,,,,,,," ",533800405,,
5,51,238,1,5,1,146.0346,"02",240,1,2,,,,,,,,1,0,1,1,0,,1,2,2,4,2,2,5,4,1,0,1,,3,,,,1,2,2,1,1,,,,,,,,,,,," ",533800505,,
5,51,238,1,6,1,140.307752941177,"02",240,1,2,,,,,,,,1,0,1,0,0,,3,2,2,888,1,2,5,3,1,0,2,,,5,2,,1,2,3,1,1,,,,,,,,,,,," ",533800605,,
5,51,238,1,7,1,146.0346,"02",120,1,2,,,,,,,,1,0,1,0,1,0,1,2,2,2,2,2,4,2,1,1,1,,3,,,,1,4,2,1,5,,,,,,,,,,,," ",533800705,,
5,51,238,1,8,1,146.0346,"04",240,1,2,,,,,,,,1,0,1,0,1,0,2,2,2,2,2,1,5,4,0,,,,,,,,,,,,5,,,,,,,,,,,," ",533800805,,
5,51,238,1,9,1,146.0346,"08",420,1,1,5,5,5,5,5,5,5,1,0,1,1,0,,3,5,2,1,4,2,5,2,1,1,2,,,5,2,,1,4,2,1,1,,,,,,,,,,,," ",533800905,,
5,51,238,1,10,1,146.0346,"02",360,1,2,,,,,,,,1,0,1,2,0,,1,1,2,2,2,5,5,2,1,1,1,,2,,,,1,4,2,1,4,,,,,,,,,,,," ",533801005,,
5,51,238,1,11,1,146.0346,"01",120,1,2,3,3,3,3,3,3,3,0,,1,0,0,,888,888,888,888,888,888,888,888,1,1,2,,,2,2,,1,4,1,1,1,,,,,,,,,,,," ",533801105,,
5,51,238,1,12,1,146.0346,"02",120,2,2,,,,,,,,0,,1,4,0,,1,1,4,4,5,4,888,5,0,,,,,,,,,,,,1,,,,,,,,,,,," ",533801205,,
5,51,238,1,13,1,146.0346,"02",120,1,2,,,,,,,,0,,1,888,0,,1,1,2,2,4,4,2,2,0,,,,,,,,,,,,4,,,,,,,,,,,," ",533801305,,
5,51,238,1,14,1,146.0346,"02",180,1,1,,,,,,,,0,,0,,0,,1,2,2,1,4,4,5,1,0,,,,,,,,,,,,1,,,,,,,,,,,," ",533801405,,
5,51,238,1,15,1,146.0346,"03",50,1,2,,,,,,,,0,,1,3,0,,888,1,888,888,888,888,4,888,1,1,1,,3,,,,1,5,2,1,2,,,,,,,,,,,," ",533801505,,
5,51,238,1,16,1,140.307752941177,"02",120,2,2,,,,,,,,0,,1,3,0,,888,888,888,4,2,888,4,888,1,0,1,,4,,,,1,5,1,1,2,,,,,,,,,,,," ",533801605,,
5,51,238,1,17,1,140.307752941177,"01",60,1,2,,,,,,,,0,,1,2,0,,4,2,2,4,2,2,2,3,1,0,2,,,3,2,,1,4,1,1,1,,,,,,,,,,,," ",533801705,,
5,51,238,1,18,1,146.0346,"02",30,2,2,,,,,,,,0,,0,,1,0,1,2,2,4,888,2,5,2,0,,,,,,,,,,,,2,,,,,,,,,,,," ",533801805,,
5,51,239,1,1,1,169.8891,"02",90,2,2,,,,,,,,1,1,1,3,0,,1,2,2,2,2,4,4,2,1,1,3,,,,,4,1,2,1,1,5,,,,,,,,,,,," ",533900105,,
5,51,239,1,2,1,70.9245757281553,"01",60,2,2,,,,,,,,0,,0,,0,,4,888,888,888,2,888,4,888,0,,,,,,,,,,,,1,,,,,,,,,,,," ",533900205,,
5,51,239,1,3,1,169.8891,"02",120,1,2,3,3,3,2,2,2,3,0,,1,1,0,,888,5,5,2,5,5,5,888,1,0,2,,,2,2,,1,4,1,1,2,,,,,,,,,,,," ",533900305,,
5,51,239,1,4,1,169.8891,"01",60,2,2,,,,,,,,1,0,0,,0,,2,2,2,2,2,4,2,4,1,0,1,,3,,,,1,3,3,1,1,,,,,,,,,,,," ",533900405,,
5,51,239,1,5,1,169.8891,"02",60,1,1,3,3,3,3,3,3,3,0,,0,,0,,1,2,1,3,2,1,2,2,1,1,1,,2,,,,1,3,2,1,5,,,,,,,,,,,," ",533900505,,
5,51,239,1,6,1,169.8891,"01",180,2,2,,,,,,,,0,,0,,0,,888,2,888,888,2,888,4,4,1,0,1,,2,,,,1,3,0,1,1,,,,,,,,,,,," ",533900605,,
5,51,239,1,7,1,169.8891,"02",300,1,2,,,,,,,,0,,0,,1,4,888,1,2,2,2,2,5,2,1,0,1,,2,,,,1,3,0,1,1,,,,,,,,,,,," ",533900705,,
5,51,239,1,8,1,169.8891,"01",30,2,2,3,3,3,3,3,3,3,1,0,0,,0,,2,2,2,2,1,1,2,2,1,0,1,,2,,,,1,3,3,1,6,,,,,,,,,,,," ",533900805,,
5,51,239,1,9,1,169.8891,"02",45,2,2,2,2,2,2,2,2,2,0,,0,,0,,2,2,2,4,2,1,1,4,1,0,2,,,4,3,,1,4,0,1,5,,,,,,,,,,,," ",533900905,,
5,51,239,1,10,1,70.9245757281553,"02",90,1,2,,,,,,,,0,,0,,0,,2,4,888,888,888,888,888,888,0,,,,,,,,,,,,2,,,,,,,,,,,," ",533901005,,
5,51,239,1,12,1,169.8891,"02",90,2,2,,,,,,,,1,1,0,,0,,3,2,1,1,2,2,1,1,1,0,1,,2,,,,1,3,2,1,1,,,,,,,,,,,," ",533901205,,
5,51,239,1,13,1,169.8891,"02",120,1,2,,,,,,,,0,,1,2,0,,888,2,888,888,2,888,888,888,0,,,,,,,,,,,,1,,,,,,,,,,,," ",533901305,,
5,51,239,1,14,1,169.8891,"02",120,1,1,2,2,2,5,2,5,5,0,,1,2,0,,3,2,888,888,888,888,888,888,1,1,2,,,4,2,,1,4,2,1,2,,,,,,,,,,,," ",533901405,,
5,51,239,1,15,1,169.8891,"01",120,1,1,5,3,3,5,3,5,5,0,,0,,0,,2,5,888,888,888,888,888,888,1,1,1,,3,,,,1,5,2,0,2,,,,,,,,,,,," ",533901505,,
5,51,239,1,16,1,70.9245757281553,"01",70,2,2,,,,,,,,0,,1,3,0,,4,2,2,2,2,2,4,888,0,,,,,,,,,,,,1,,,,,,,,,,,," ",533901605,,
5,51,239,1,17,1,169.8891,"03",120,1,2,,,,,,,,0,,0,,0,,4,2,2,888,2,2,5,888,1,0,1,,3,,,,1,3,2,1,1,,,,,,,,,,,," ",533901705,,
5,51,239,1,18,1,169.8891,"02",300,1,2,3,3,3,3,3,3,3,0,,1,2,0,,1,2,2,1,1,888,4,2,1,1,1,,3,,,,1,5,1,1,4,,,,,,,,,,,," ",533901805,,
5,51,239,1,20,1,169.8891,"03",60,1,1,,,,,,,,0,,0,,0,,2,5,3,4,2,5,4,5,1,1,1,,3,,,,2,4,1,1,1,,,,,,,,,,,," ",533902005,,
5,51,240,1,1,1,158.1368,"01",60,1,2,,,,,,,,0,,1,4,0,,888,2,888,2,2,4,2,888,1,0,1,,2,,,,1,3,1,1,1,,,,,,,,,,,," ",534000105,,
5,51,240,1,2,1,133.191276619718,"01",60,2,2,,,,,,,,0,,0,,0,,4,2,2,5,2,2,888,888,0,,,,,,,,,,,,1,,,,,,,,,,,," ",534000205,,
5,51,240,1,3,1,133.191276619718,"02",120,2,2,,,,,,,,0,,0,,0,,2,4,888,4,5,888,2,4,1,0,2,,,2,2,,1,3,1,1,1,,,,,,,,,,,," ",534000305,,
5,51,240,1,5,1,158.1368,"01",240,2,2,,,,,,,,0,,0,,0,,888,888,888,888,888,888,888,888,1,0,2,,,3,2,,2,4,2,1,555,6,,,,,,,,,,," ",534000505,,
5,51,240,1,6,1,133.191276619718,"01",120,2,2,,,,,,,,1,2,1,0,1,4,4,2,888,2,2,4,5,2,0,,,,,,,,,,,,6,,,,,,,,,,,," ",534000605,,
5,51,240,1,8,1,158.1368,"01",120,2,2,,,,,,,,0,,1,2,1,1,888,888,888,888,888,3,2,2,1,0,2,,,4,2,,1,3,1,1,2,,,,,,,,,,,," ",534000805,,
5,51,240,1,9,1,133.191276619718,"02",60,2,2,,,,,,,,0,,1,0,0,,888,3,2,3,2,2,5,888,0,,,,,,,,,,,,1,,,,,,,,,,,," ",534000905,,
5,51,240,1,10,1,158.1368,"02",120,1,2,2,2,2,5,2,5,5,0,,0,,0,,3,2,888,3,3,3,888,4,1,1,1,,3,,,,1,5,2,0,4,,,,,,,,,,,," ",534001005,,
5,51,240,1,11,1,158.1368,"02",120,1,2,5,5,5,5,5,5,5,0,,1,1,0,,1,2,2,2,2,2,2,2,1,1,3,,,,,4,2,3,2,1,5,,,,,,,,,,,," ",534001105,,
5,51,240,1,12,1,158.1368,"02",120,1,2,,,,,,,,0,,0,,1,4,888,2,2,1,888,888,5,888,1,0,1,,3,,,,1,2,0,1,2,,,,,,,,,,,," ",534001205,,
5,51,240,1,13,1,158.1368,"01",120,1,1,,,,,,,,0,,1,1,0,,4,4,2,4,2,2,4,4,1,0,1,,3,,,,1,2,3,1,5,,,,,,,,,,,," ",534001305,,
5,51,240,1,14,1,158.1368,"01",120,1,2,,,,,,,,0,,0,,1,4,1,2,2,2,3,2,1,2,0,,,,,,,,,,,,2,,,,,,,,,,,," ",534001405,,
5,51,240,1,15,1,158.1368,"02",60,1,2,,,,,,,,0,,0,,0,,2,2,2,2,2,3,4,888,1,0,1,,3,,,,1,2,0,0,1,,,,,,,,,,,," ",534001505,,
5,51,240,1,17,1,158.1368,"03",245,1,2,5,5,5,5,5,5,5,0,,0,,1,2,2,2,1,2,2,2,4,4,1,0,2,,,4,3,,1,4,2,1,5,,,,,,,,,,,," ",534001705,,
5,51,240,1,18,1,158.1368,"02",90,1,2,,,,,,,,0,,0,,0,,2,2,4,2,2,2,2,5,1,1,1,,3,,,,1,5,2,1,2,,,,,,,,,,,," ",534001805,,
5,51,240,1,19,1,133.191276619718,"01",120,2,2,,,,,,,,0,,1,1,0,,888,888,888,888,888,888,888,888,1,0,3,,,,,2,3,2,3,1,1,,,,,,,,,,,," ",534001905,,
5,51,240,1,20,1,158.1368,"02",60,2,2,3,3,3,3,3,3,3,0,,0,,0,,4,2,888,4,2,888,2,2,1,0,1,,2,,,,1,3,0,1,2,,,,,,,,,,,," ",534002005,,
5,51,240,1,22,1,158.1368,"01",60,2,2,,,,,,,,0,,0,,0,,2,2,3,3,3,3,4,3,0,,,,,,,,,,,,555,6,,,,,,,,,,," ",534002205,,
5,51,241,2,1,1,530.112216748768,"01",120,2,,,,,,,,,0,,1,0,0,,3,2,3,3,2,3,2,3,0,,,,,,,,,,,,1,,,,,,,,,,,," ",534100105,,
5,51,241,2,2,1,530.112216748768,"01",120,2,,,,,,,,,0,,1,3,0,,3,3,3,3,3,3,2,3,1,0,1,,2,,,,1,3,2,0,1,,,,,,,,,,,," ",534100205,,
5,51,241,2,3,1,530.112216748768,"01",60,1,,,,,,,,,1,0,1,1,0,,3,3,3,2,2,3,1,3,1,0,1,,3,,,,1,4,2,1,2,,,,,,,,,,,," ",534100305,,
5,51,241,2,4,1,530.112216748768,"02",120,2,,,,,,,,,1,0,1,888,0,,3,2,3,3,2,3,2,3,0,,,,,,,,,,,,1,,,,,,,,,,,," ",534100405,,
5,51,241,2,5,1,1262.32,"02",60,2,,3,3,3,3,3,3,3,1,0,1,0,1,0,2,2,2,2,2,2,2,2,0,,,,,,,,,,,,2,,,,,,,,,,,," ",534100505,,
5,51,241,2,6,1,1262.32,"01",60,2,,,,,,,,,1,0,1,0,0,,2,2,2,888,888,888,888,2,1,0,1,,2,,,,1,2,1,0,1,,,,,,,,,,,," ",534100605,,
5,51,241,2,7,1,530.112216748768,"02",120,2,,,,,,,,,1,0,1,2,1,888,2,1,2,1,2,2,2,2,1,0,2,,,2,2,,1,3,0,1,555,6,,,,,,,,,,," ",534100705,,
5,51,241,2,8,1,530.112216748768,"02",180,2,,,,,,,,,1,0,0,,0,,3,3,3,3,2,3,2,3,1,0,1,,2,,,,1,5,1,1,1,,,,,,,,,,,," ",534100805,,
5,51,241,2,9,1,1262.32,"02",120,1,,2,2,2,2,2,2,2,1,0,1,0,1,2,2,2,2,2,2,2,2,2,1,1,2,,,3,2,,1,3,0,1,5,,,,,,,,,,,," ",534100905,,
5,51,241,2,10,1,1262.32,"02",120,1,,,,,,,,,1,0,1,4,1,0,2,888,3,888,4,888,2,4,0,,,,,,,,,,,,555,13,,,,,,,,,,," ",534101005,,
5,51,241,2,11,1,1262.32,"01",60,2,,,,,,,,,1,888,1,888,0,,2,2,2,888,888,888,888,888,1,0,1,,2,,,,1,4,0,1,1,,,,,,,,,,,," ",534101105,,
5,51,241,2,12,1,1262.32,"01",60,2,,,,,,,,,1,1,1,3,0,,3,3,3,3,3,3,2,3,0,,,,,,,,,,,,1,,,,,,,,,,,," ",534101205,,
5,51,241,2,13,1,1262.32,"02",50,2,,,,,,,,,0,,1,0,1,0,2,1,2,888,2,888,5,888,1,1,1,,3,,,,1,5,2,1,2,,,,,,,,,,,," ",534101305,,
5,51,241,2,14,1,1262.32,"02",90,2,,,,,,,,,1,4,1,4,0,,2,2,2,888,2,2,2,2,1,0,1,,2,,,,1,2,1,1,1,,,,,,,,,,,," ",534101405,,
5,51,241,2,15,1,530.112216748768,"01",120,2,,,,,,,,,1,0,1,1,0,,3,2,3,3,2,3,2,3,0,,,,,,,,,,,,1,,,,,,,,,,,," ",534101505,,
5,51,241,2,16,1,1262.32,"02",60,1,,,,,,,,,0,,1,0,1,3,2,2,1,888,2,5,4,888,1,0,1,,4,,,,1,2,1,1,2,,,,,,,,,,,," ",534101605,,
5,51,241,2,17,1,1262.32,"01",60,1,,,,,,,,,1,1,1,4,0,,2,2,888,2,2,2,888,888,1,1,1,,2,,,,1,4,0,1,1,,,,,,,,,,,," ",534101705,,
5,51,241,2,18,1,1262.32,"01",60,2,,,,,,,,,1,0,1,1,0,,888,4,888,888,888,888,2,888,1,0,1,,2,,,,1,3,1,1,1,,,,,,,,,,,," ",534101805,,
5,51,242,2,1,1,974.180936170213,"02",30,2,,,,,,,,,0,,0,,1,0,1,1,2,888,888,888,888,888,0,,,,,,,,,,,,2,,,,,,,,,,,," ",534200105,,
5,51,242,2,2,1,974.180936170213,"01",90,2,,,,,,,,,1,888,0,,1,0,888,888,888,888,888,888,888,888,0,,,,,,,,,,,,2,,,,,,,,,,,," ",534200205,,
5,51,242,2,3,1,974.180936170213,"01",60,2,,,,,,,,,0,,0,,0,,888,888,888,888,3,888,4,3,0,,,,,,,,,,,,2,,,,,,,,,,,," ",534200305,,
5,51,242,2,4,1,974.180936170213,"02",360,2,,1,1,1,1,1,1,1,0,,1,0,0,,5,2,2,888,888,888,5,888,0,,,,,,,,,,,,1,,,,,,,,,,,," ",534200405,,
5,51,242,2,5,1,974.180936170213,"01",120,2,,2,2,1,1,1,1,2,0,,1,2,0,,888,2,888,888,4,888,5,888,1,0,1,,3,,,,1,3,2,1,1,,,,,,,,,,,," ",534200505,,
5,51,242,2,6,1,1302.868,"02",160,1,,,,,,,,,0,,1,1,0,,888,2,888,2,1,888,4,888,1,1,2,,,3,2,,1,3,2,1,1,,,,,,,,,,,," ",534200605,,
5,51,242,2,7,1,1302.868,"02",240,1,,,,,,,,,0,,1,0,0,,888,2,888,2,2,888,4,1,1,0,1,,3,,,,1,3,2,1,1,,,,,,,,,,,," ",534200705,,
5,51,242,2,8,1,974.180936170213,"01",180,1,,,,,,,,,0,,1,3,0,,1,2,888,888,2,888,888,3,1,0,2,,,3,2,,1,2,2,0,2,,,,,,,,,,,," ",534200805,,
5,51,242,2,9,1,974.180936170213,"01",60,2,,,,,,,,,0,,1,3,0,,888,1,888,888,3,3,888,3,1,0,2,,,3,2,,1,2,2,1,2,,,,,,,,,,,," ",534200905,,
5,51,242,2,10,1,1302.868,"02",140,2,,2,2,2,2,2,2,2,0,,1,3,0,,2,2,888,3,1,888,888,3,1,0,1,,2,,,,1,2,1,1,2,,,,,,,,,,,," ",534201005,,
5,51,242,2,11,1,974.180936170213,"01",120,2,,,,,,,,,0,,1,0,0,,1,2,2,888,888,5,1,2,1,0,1,,4,,,,1,5,2,1,4,,,,,,,,,,,," ",534201105,,
5,51,242,2,12,1,974.180936170213,"01",120,2,,,,,,,,,0,,0,,0,,1,2,4,888,3,5,888,888,0,,,,,,,,,,,,8,,,,,,,,,,,," ",534201205,,
5,51,242,2,13,1,974.180936170213,"01",90,2,,3,3,3,3,3,3,3,0,,0,,0,,2,2,2,2,2,2,1,5,1,0,1,,2,,,,1,6,2,1,4,,,,,,,,,,,," ",534201305,,
5,51,242,2,14,1,974.180936170213,"02",240,1,,,,,,,,,1,0,1,1,0,,3,2,2,3,2,4,4,3,0,,,,,,,,,,,,1,,,,,,,,,,,," ",534201405,,
5,51,242,2,15,1,974.180936170213,"01",120,2,,,,,,,,,1,0,1,1,0,,2,2,3,4,2,2,4,5,0,,,,,,,,,,,,1,,,,,,,,,,,," ",534201505,,
5,51,242,2,16,1,974.180936170213,"02",120,1,,,,,,,,,1,0,1,0,0,,1,2,3,2,2,2,4,3,1,0,1,,2,,,,1,2,2,1,1,,,,,,,,,,,," ",534201605,,
5,51,242,2,17,1,1302.868,"02",30,2,,,,,,,,,0,,1,1,0,,5,1,1,888,2,1,5,2,1,0,2,,,2,2,,2,3,1,1,2,,,,,,,,,,,," ",534201705,,
5,51,242,2,18,1,974.180936170213,"02",120,2,,,,,,,,,0,,1,1,0,,888,2,2,888,1,1,5,2,0,,,,,,,,,,,,6,,,,,,,,,,,," ",534201805,,
5,52,243,2,1,1,1062.52385542169,"02",120,2,,2,2,2,2,2,2,2,1,1,1,2,0,,888,1,888,5,1,888,4,4,0,,,,,,,,,,,,5,,,,,,,,,,,," ",544300105,,
5,52,243,2,2,1,1062.52385542169,"01",120,2,,3,3,3,3,3,3,3,0,,0,,0,,2,2,2,2,2,2,2,2,1,0,2,,,4,2,,1,4,1,1,2,,,,,,,,,,,," ",544300205,,
5,52,243,2,3,1,1062.52385542169,"02",240,2,,,,,,,,,0,,1,3,0,,888,2,888,4,2,888,4,4,1,0,2,,,2,2,,1,3,1,1,2,,,,,,,,,,,," ",544300305,,
5,52,243,2,4,1,1062.52385542169,"01",160,2,,,,,,,,,0,,0,,0,,2,2,4,4,3,3,4,4,1,0,2,,,3,2,,1,3,1,1,2,,,,,,,,,,,," ",544300405,,
5,52,243,2,5,1,1062.52385542169,"02",60,1,,,,,,,,,0,,1,3,0,,888,2,888,4,1,888,5,4,1,0,1,,2,,,,1,2,1,1,1,,,,,,,,,,,," ",544300505,,
5,52,243,2,6,1,1062.52385542169,"02",240,2,,1,1,1,1,1,1,1,1,0,1,3,0,,888,1,888,4,2,888,4,888,0,,,,,,,,,,,,5,,,,,,,,,,,," ",544300605,,
5,52,243,2,7,1,1062.52385542169,"01",120,1,,,,,,,,,0,,1,4,0,,888,2,888,4,2,888,4,4,0,,,,,,,,,,,,2,,,,,,,,,,,," ",544300705,,
5,52,243,2,8,1,1062.52385542169,"02",180,2,,1,1,1,1,1,1,1,0,,0,,0,,4,2,2,2,4,2,4,888,0,,,,,,,,,,,,1,,,,,,,,,,,," ",544300805,,
5,52,243,2,9,1,1062.52385542169,"02",480,2,,3,3,3,3,3,3,3,0,,0,,0,,2,2,4,4,3,4,2,4,1,0,2,,,3,2,,1,3,1,1,2,,,,,,,,,,,," ",544300905,,
5,52,243,2,10,1,2204.737,"02",60,2,,2,2,2,2,2,2,2,0,,0,,0,,2,2,2,2,4,2,5,888,0,,,,,,,,,,,,1,,,,,,,,,,,," ",544301005,,
5,52,243,2,11,1,2204.737,"02",240,1,,,,,,,,,0,,1,3,0,,888,1,888,5,2,888,5,5,0,,,,,,,,,,,,5,,,,,,,,,,,," ",544301105,,
5,52,243,2,12,1,2204.737,"01",120,2,,2,2,2,2,2,2,2,0,,0,,0,,2,2,2,2,4,2,5,888,0,,,,,,,,,,,,2,,,,,,,,,,,," ",544301205,,
5,52,243,2,13,1,2204.737,"02",120,1,,3,3,3,3,3,3,3,0,,0,,0,,2,2,4,3,4,2,4,4,1,0,2,,,3,2,,1,3,1,1,2,,,,,,,,,,,," ",544301305,,
5,52,243,2,14,1,2204.737,"02",240,1,,,,,,,,,0,,1,4,0,,888,2,888,2,2,888,4,4,0,,,,,,,,,,,,4,,,,,,,,,,,," ",544301405,,
5,52,243,2,15,1,2204.737,"02",120,1,,,,,,,,,0,,1,4,0,,888,2,888,2,2,888,2,888,0,,,,,,,,,,,,1,,,,,,,,,,,," ",544301505,,
5,52,243,2,16,1,2204.737,"02",120,1,,,,,,,,,0,,1,4,0,,888,2,888,2,2,1,4,888,0,,,,,,,,,,,,2,,,,,,,,,,,," ",544301605,,
5,52,243,2,17,1,2204.737,"02",60,1,,2,2,2,2,3,3,3,0,,0,,0,,2,2,2,2,4,2,5,888,0,,,,,,,,,,,,4,,,,,,,,,,,," ",544301705,,
5,52,243,2,18,1,2204.737,"02",60,1,,,,,,,,,0,,1,4,0,,888,2,888,4,2,888,4,888,0,,,,,,,,,,,,4,,,,,,,,,,,," ",544301805,,
5,52,244,2,1,1,1700.2,"02",120,1,,2,2,2,2,2,2,2,0,,0,,0,,2,2,2,2,2,4,4,2,0,,,,,,,,,,,,1,,,,,,,,,,,," ",544400105,,
5,52,244,2,2,1,1700.2,"01",90,2,,,,,,,,,0,,1,4,0,,2,2,3,4,2,888,4,3,0,,,,,,,,,,,,5,,,,,,,,,,,," ",544400205,,
5,52,244,2,3,1,1700.2,"02",60,2,,,,,,,,,0,,1,3,0,,2,2,2,3,4,2,4,888,0,,,,,,,,,,,,1,,,,,,,,,,,," ",544400305,,
5,52,244,2,4,1,1700.2,"01",40,1,,,,,,,,,0,,0,,1,4,888,2,888,4,2,888,2,888,0,,,,,,,,,,,,2,,,,,,,,,,,," ",544400405,,
5,52,244,2,5,1,1700.2,"02",60,1,,,,,,,,,0,,1,4,0,,888,2,888,2,2,888,4,4,0,,,,,,,,,,,,3,,,,,,,,,,,," ",544400505,,
5,52,244,2,6,1,1700.2,"02",120,2,,,,,,,,,0,,1,3,0,,1,1,1,4,1,1,3,2,1,0,2,,,5,4,,1,2,2,1,4,,,,,,,,,,,," ",544400605,,
5,52,244,2,7,1,1700.2,"01",120,2,,,,,,,,,0,,1,0,0,,888,2,888,4,2,888,5,888,0,,,,,,,,,,,,2,,,,,,,,,,,," ",544400705,,
5,52,244,2,8,1,1700.2,"01",260,1,,3,3,3,3,3,3,3,0,,0,,0,,4,2,3,4,4,2,4,4,1,0,2,,,3,2,,1,2,1,1,2,,,,,,,,,,,," ",544400805,,
5,52,244,2,9,1,1700.2,"02",440,1,,3,3,3,3,3,3,3,0,,0,,0,,2,2,2,2,2,2,2,2,1,0,2,,,5,3,,1,4,1,1,2,,,,,,,,,,,," ",544400905,,
5,52,244,2,10,1,1700.2,"02",90,1,,,,,,,,,0,,1,4,0,,2,2,3,4,2,4,4,3,0,,,,,,,,,,,,6,,,,,,,,,,,," ",544401005,,
5,52,244,2,11,1,1700.2,"03",60,1,,,,,,,,,0,,1,4,0,,4,2,2,4,2,3,4,888,1,0,2,,,2,2,,1,4,0,1,555,6,,,,,,,,,,," ",544401105,,
5,52,244,2,12,1,1700.2,"02",60,1,,,,,,,,,0,,0,,0,,888,2,3,2,2,2,5,5,0,,,,,,,,,,,,7,,,,,,,,,,,," ",544401205,,
5,52,244,2,13,1,1700.2,"02",120,2,,,,,,,,,0,,1,1,0,,888,2,888,2,2,888,5,4,0,,,,,,,,,,,,2,,,,,,,,,,,," ",544401305,,
5,52,244,2,14,1,1700.2,"02",120,1,,,,,,,,,1,0,1,3,0,,888,1,2,4,2,4,4,4,1,0,1,,2,,,,1,2,3,1,2,,,,,,,,,,,," ",544401405,,
5,52,244,2,15,1,1700.2,"02",280,1,,3,3,3,3,3,3,3,0,,0,,0,,2,4,4,4,4,3,4,3,1,0,2,,,3,3,,1,3,1,1,2,,,,,,,,,,,," ",544401505,,
5,52,244,2,16,1,1700.2,"02",50,1,,,,,,,,,0,,1,4,0,,888,2,888,4,2,888,2,2,1,0,1,,4,,,,1,2,0,1,2,,,,,,,,,,,," ",544401605,,
5,52,244,2,17,1,1700.2,"14",60,1,,3,3,3,3,3,3,3,0,,1,2,0,,2,2,2,2,2,888,4,888,0,,,,,,,,,,,,1,,,,,,,,,,,," ",544401705,,
5,52,244,2,18,1,1700.2,"02",60,2,,,,,,,,,0,,0,,0,,1,2,2,5,2,2,1,1,0,,,,,,,,,,,,5,,,,,,,,,,,," ",544401805,,
5,52,245,1,1,1,18.1200197260274,"01",120,2,2,,,,,,,,0,,0,,0,,2,2,4,4,2,2,2,2,1,0,2,,,5,4,,1,5,2,1,2,,,,,,,,,,,," ",544500105,,
5,52,245,1,2,1,18.1200197260274,"01",240,2,2,,,,,,,,0,,0,,0,,2,2,3,3,4,4,4,4,0,,,,,,,,,,,,2,,,,,,,,,,,," ",544500205,,
5,52,245,1,3,1,18.1200197260274,"02",60,2,2,,,,,,,,0,,0,,0,,4,2,2,2,4,2,5,888,1,0,2,,,3,2,,1,2,0,0,2,,,,,,,,,,,," ",544500305,,
5,52,245,1,4,1,18.1200197260274,"02",60,1,2,,,,,,,,0,,1,4,0,,888,2,888,2,2,888,2,2,0,,,,,,,,,,,,2,,,,,,,,,,,," ",544500405,,
5,52,245,1,5,1,339.1696,"01",240,2,2,,,,,,,,0,,0,,0,,1,2,3,5,2,2,5,5,1,1,1,,3,,,,1,3,2,1,2,,,,,,,,,,,," ",544500505,,
5,52,245,1,6,1,339.1696,"01",360,2,2,,,,,,,,0,,0,,0,,1,2,2,2,3,4,5,5,0,,,,,,,,,,,,8,,,,,,,,,,,," ",544500605,,
5,52,245,1,7,1,339.1696,"01",120,1,2,,,,,,,,0,,1,4,0,,888,2,2,2,2,4,2,2,1,1,1,,3,,,,1,4,2,1,2,,,,,,,,,,,," ",544500705,,
5,52,245,1,8,1,339.1696,"04",180,1,2,3,3,3,3,3,3,5,0,,0,,0,,2,2,2,2,2,2,1,2,1,0,1,,4,,,,1,4,2,1,2,,,,1,,,,,,,," ",544500805,,
5,52,245,1,9,1,339.1696,"04",60,2,2,,,,,,,,0,,0,,0,,2,2,2,2,5,2,4,888,1,1,1,,2,,,,1,2,0,0,2,,,,,,,,,,,," ",544500905,,
5,52,245,1,10,1,339.1696,"02",150,1,2,2,3,3,3,2,3,3,0,,1,2,0,,888,2,888,4,2,888,5,4,1,1,1,,2,,,,1,2,2,1,2,,,,,,,,,,,," ",544501005,,
5,52,245,1,11,1,339.1696,"01",30,2,2,,,,,,,,0,,0,,0,,2,2,2,2,4,888,4,3,0,,,,,,,,,,,,1,,,,,,,,,,,," ",544501105,,
5,52,245,1,12,1,339.1696,"02",240,1,1,,,,,,,,0,,0,,0,,2,2,4,3,4,2,2,2,1,1,2,,,3,2,,1,3,1,1,2,,,,,,,,,,,," ",544501205,,
5,52,245,1,13,1,18.1200197260274,"01",120,1,2,,,,,,,,0,,1,4,0,,4,2,2,2,2,5,2,2,0,,,,,,,,,,,,2,,,,,,,,,,,," ",544501305,,
5,52,245,1,14,1,339.1696,"02",210,1,2,,,,,,,,0,,1,4,0,,1,1,4,2,2,2,5,4,1,1,1,,5,,,,1,2,2,1,1,,,,,,,,,,,," ",544501405,,
5,52,245,1,15,1,339.1696,"02",270,1,2,2,2,2,2,2,5,5,1,0,1,4,0,,5,2,2,5,2,5,2,4,1,1,2,,,3,2,,1,3,1,1,4,,,,,,,,,,,," ",544501505,,
5,52,245,1,16,1,339.1696,"01",180,1,2,5,5,2,5,2,5,5,0,,1,0,0,,5,2,1,2,2,4,1,3,1,1,2,,,4,3,,1,3,2,1,4,,,,,,,,,,,," ",544501605,,
5,52,245,1,17,1,339.1696,"02",30,1,2,,,,,,,,0,,0,,0,,2,2,2,2,2,2,5,888,0,,,,,,,,,,,,3,,,,,,,,,,,," ",544501705,,
5,52,245,1,18,1,339.1696,"03",60,1,2,,,,,,,,0,,0,,0,,1,5,3,2,3,2,1,1,1,1,1,,2,,,,1,4,1,0,4,,,,,,,,,,,," ",544501805,,
5,52,246,2,1,1,392.274947368421,"02",180,2,,,,,,,,,0,,1,4,0,,4,1,5,888,1,4,4,2,1,0,2,,,3,2,,1,2,2,1,1,,,,,,,,,,,," ",544600105,,
5,52,246,2,2,1,392.274947368421,"02",60,2,,,,,,,,,0,,1,0,0,,888,2,888,4,2,888,5,888,0,,,,,,,,,,,,2,,,,,,,,,,,," ",544600205,,
5,52,246,2,3,1,392.274947368421,"02",60,1,,,,,,,,,0,,1,2,0,,2,2,2,888,2,888,4,888,0,,,,,,,,,,,,1,,,,,,,,,,,," ",544600305,,
5,52,246,2,4,1,2484.408,"02",180,2,,,,,,,,,0,,0,,0,,2,4,2,3,3,3,4,3,0,,,,,,,,,,,,2,,,,,,,,,,,," ",544600405,,
5,52,246,2,5,1,392.274947368421,"02",60,1,,,,,,,,,0,,1,4,0,,2,3,3,2,4,3,4,888,1,0,1,,3,,,,1,4,1,1,555,6,,,,,,,,,,," ",544600505,,
5,52,246,2,6,1,392.274947368421,"02",40,2,,,,,,,,,0,,1,4,0,,3,3,888,5,3,888,4,3,1,0,2,,,4,3,,1,5,1,1,555,6,,,,,,,,,,," ",544600605,,
5,52,246,2,7,1,392.274947368421,"02",180,2,,,,,,,,,0,,0,,0,,2,2,2,2,3,3,3,3,0,,,,,,,,,,,,2,,,,,,,,,,,," ",544600705,,
5,52,246,2,8,1,392.274947368421,"02",160,2,,,,,,,,,0,,0,,0,,2,2,4,4,3,3,3,3,0,,,,,,,,,,,,2,,,,,,,,,,,," ",544600805,,
5,52,246,2,9,1,392.274947368421,"01",120,2,,,,,,,,,1,0,0,,0,,888,2,888,4,2,888,4,4,0,,,,,,,,,,,,2,,,,,,,,,,,," ",544600905,,
5,52,246,2,10,1,392.274947368421,"02",120,2,,,,,,,,,0,,1,4,0,,2,2,2,2,2,888,4,3,0,,,,,,,,,,,,1,,,,,,,,,,,," ",544601005,,
5,52,246,2,11,1,2484.408,"02",120,1,,,,,,,,,0,,1,4,0,,3,4,888,4,4,888,4,3,1,1,1,,3,,,,1,3,0,1,555,6,,,,,,,,,,," ",544601105,,
5,52,246,2,12,1,2484.408,"02",150,2,,,,,,,,,0,,1,4,0,,888,2,888,888,888,888,4,4,0,,,,,,,,,,,,2,,,,,,,,,,,," ",544601205,,
5,52,246,2,13,1,2484.408,"02",150,2,,,,,,,,,0,,1,3,0,,888,2,888,4,2,888,4,4,0,,,,,,,,,,,,2,,,,,,,,,,,," ",544601305,,
5,52,246,2,14,1,2484.408,"02",60,2,,,,,,,,,0,,0,,0,,888,2,2,4,5,5,5,5,1,0,2,,,3,3,,1,4,1,1,6,,,,,,,,,,,," ",544601405,,
5,52,246,2,15,1,2484.408,"02",400,2,,,,,,,,,0,,0,,0,,2,2,3,3,3,3,3,3,1,0,1,,3,,,,1,3,1,1,1,,,,,,,,,,,," ",544601505,,
5,52,246,2,16,1,2484.408,"02",50,2,,,,,,,,,0,,1,3,0,,3,2,2,2,3,2,4,4,1,0,1,,5,,,,1,3,2,1,2,,,,,,,,,,,," ",544601605,,
5,52,246,2,17,1,2484.408,"01",120,1,,,,,,,,,0,,1,3,0,,2,4,4,2,4,4,1,1,1,0,2,,,3,2,,2,3,0,1,4,,,,,,,,,,,," ",544601705,,
5,52,246,2,18,1,2484.408,"02",120,1,,,,,,,,,0,,1,4,0,,2,2,2,2,2,4,4,2,0,,,,,,,,,,,,1,,,,,,,,,,,," ",544601805,,
5,52,247,1,1,1,184.7471,"02",60,1,2,,,,,,,,0,,1,2,0,,4,2,2,2,2,2,5,2,0,,,,,,,,,,,,3,,,,,,,,,,,," ",544700105,,
5,52,247,1,2,1,184.7471,"03",180,1,2,,,,,,,,0,,0,,0,,1,2,4,4,2,2,2,2,1,0,1,,2,,,,1,2,2,1,5,,,,,,,,,,,," ",544700205,,
5,52,247,1,3,1,184.7471,"01",150,1,2,5,3,3,5,3,3,5,0,,0,,0,,888,4,4,4,2,2,3,2,1,0,1,,3,,,,1,2,2,0,4,,,,,,,,,,,," ",544700305,,
5,52,247,1,4,1,184.7471,"03",180,1,1,,,,,,,,0,,1,0,0,,2,1,1,1,4,2,4,1,1,1,1,,2,,,,2,3,2,0,7,,,,,,,,,,,," ",544700405,,
5,52,247,1,5,1,70.5821635756677,"02",360,2,2,,,,,,,,1,0,1,0,0,,4,1,4,4,2,4,1,4,0,,,,,,,,,,,,1,,,,,,,,,,,," ",544700505,,
5,52,247,1,6,1,70.5821635756677,"02",240,2,2,,,,,,,,0,,1,3,0,,5,1,1,5,1,1,5,2,1,0,1,,2,,,,1,3,2,1,2,,1,,,,,,,,,," ",544700605,,
5,52,247,1,7,1,70.5821635756677,"02",120,1,2,2,2,2,2,2,2,2,0,,1,0,0,,1,1,2,1,4,1,4,4,1,1,1,,2,,,,1,3,2,1,2,,,,,,,,,,,," ",544700705,,
5,52,247,1,8,1,70.5821635756677,"02",120,2,2,1,1,1,1,1,1,1,1,0,1,2,0,,1,1,2,4,2,4,5,4,1,0,1,,2,,,,1,3,1,1,2,,,,,,,,,,,," ",544700805,,
5,52,247,1,9,1,70.5821635756677,"01",180,2,2,,,,,,,,1,0,1,2,1,0,5,1,2,4,5,4,1,4,1,0,2,,,3,2,,1,2,2,1,2,,,,,,,,,,,," ",544700905,,
5,52,247,1,10,1,184.7471,"01",60,2,2,,,,,,,,0,,1,4,0,,2,2,2,2,3,3,5,888,0,,,,,,,,,,,,1,,,,,,,,,,,," ",544701005,,
5,52,247,1,11,1,184.7471,"02",240,1,1,,,,,,,,0,,0,,0,,1,5,1,3,4,1,4,5,0,,,,,,,,,,,,4,,,,,,,,,,,," ",544701105,,
5,52,247,1,12,1,184.7471,"02",60,1,2,,,,,,,,0,,0,,0,,5,2,2,2,3,2,5,888,0,,,,,,,,,,,,3,,,,,,,,,,,," ",544701205,,
5,52,247,1,13,1,70.5821635756677,"02",210,2,2,,,,,,,,1,0,1,2,0,,2,1,2,4,2,4,4,4,1,0,1,,2,,,,1,2,1,1,2,,,,,,,,,,,," ",544701305,,
5,52,247,1,14,1,184.7471,"02",90,2,2,,,,,,,,0,,0,,0,,4,2,2,2,2,2,2,888,0,,,,,,,,,,,,2,,,,,,,,,,,," ",544701405,,
5,52,247,1,15,1,70.5821635756677,"02",180,1,2,,,,,,,,0,,0,,0,,1,1,1,2,2,2,2,2,0,,,,,,,,,,,,6,,,,,,,,,,,," ",544701505,,
5,52,247,1,16,1,184.7471,"02",60,2,2,,,,,,,,0,,1,4,0,,2,2,2,3,2,2,5,888,1,0,2,,,3,2,,1,2,0,0,1,,,,,,,,,,,," ",544701605,,
5,52,247,1,17,1,70.5821635756677,"01",120,2,2,,,,,,,,0,,0,,0,,1,1,1,3,2,5,1,2,1,0,2,,,3,2,,2,4,1,1,1,,,,,,,,,,,," ",544701705,,
5,52,247,1,18,1,184.7471,"02",60,1,2,3,3,3,3,3,3,5,1,4,1,2,0,,2,2,2,2,3,3,5,888,0,,,,,,,,,,,,1,,,,,,,,,,,," ",544701805,,
5,52,248,2,1,1,1727.22825,"01",40,1,,,,,,,,,0,,0,,0,,3,3,888,3,2,3,4,5,0,,,,,,,,,,,,4,,,,,,,,,,,," ",544800105,,
5,52,248,2,2,1,1727.22825,"02",60,1,,,,,,,,,0,,0,,0,,888,2,3,4,2,4,4,3,0,,,,,,,,,,,,5,,,,,,,,,,,," ",544800205,,
5,52,248,2,3,1,1465.527,"02",120,2,,,,,,,,,0,,1,4,0,,888,888,888,888,888,888,2,888,0,,,,,,,,,,,,1,,,,,,,,,,,," ",544800305,,
5,52,248,2,4,1,1727.22825,"01",45,2,,,,,,,,,0,,1,4,0,,888,2,3,4,2,3,4,888,0,,,,,,,,,,,,4,,,,,,,,,,,," ",544800405,,
5,52,248,2,5,1,1727.22825,"01",240,2,,,,,,,,,0,,1,0,0,,888,2,888,4,2,888,4,4,1,0,1,,2,,,,1,2,1,1,2,,,,,,,,,,,," ",544800505,,
5,52,248,2,6,1,1727.22825,"02",60,1,,,,,,,,,0,,1,4,0,,2,2,2,3,2,4,4,2,0,,,,,,,,,,,,4,,,,,,,,,,,," ",544800605,,
5,52,248,2,7,1,1465.527,"09",180,2,,2,2,2,3,3,3,3,0,,1,1,0,,1,2,3,2,2,2,5,2,1,0,2,,,3,3,,1,3,0,1,5,,,,,,,,,,,," ",544800705,,
5,52,248,2,8,1,1727.22825,"02",440,2,,3,3,3,3,3,3,3,0,,0,,0,,2,2,4,4,4,3,4,4,1,0,2,,,3,2,,1,3,1,1,2,,,,,,,,,,,," ",544800805,,
5,52,248,2,9,1,1727.22825,"02",120,2,,1,1,1,1,1,1,1,0,,1,2,0,,2,2,2,2,2,3,5,888,0,,,,,,,,,,,,1,,,,,,,,,,,," ",544800905,,
5,52,248,2,10,1,1727.22825,"02",180,2,,3,3,3,3,3,3,3,0,,0,,0,,2,2,888,888,4,888,4,888,1,0,2,,,4,3,,1,3,1,1,2,,,,,,,,,,,," ",544801005,,
5,52,248,2,11,1,1465.527,"02",120,2,,2,3,3,3,3,3,3,0,,0,,1,0,1,1,1,4,2,2,2,4,1,0,2,,,4,2,,1,2,0,1,5,,,,,,,,,,,," ",544801105,,
5,52,248,2,12,1,1727.22825,"02",180,2,,,,,,,,,0,,1,2,0,,888,1,888,4,2,888,4,4,0,,,,,,,,,,,,2,,,,,,,,,,,," ",544801205,,
5,52,248,2,13,1,1465.527,"02",120,2,,3,3,3,3,3,3,3,0,,1,2,0,,2,2,2,2,2,888,4,888,0,,,,,,,,,,,,1,,,,,,,,,,,," ",544801305,,
5,52,248,2,14,1,1465.527,"02",80,2,,,,,,,,,0,,0,,0,,888,1,888,4,2,888,5,4,1,0,1,,2,,,,1,2,1,1,2,,,,,,,,,,,," ",544801405,,
5,52,248,2,15,1,1465.527,"04",120,2,,3,3,3,3,3,3,3,0,,1,2,0,,1,4,2,2,2,2,4,5,0,,,,,,,,,,,,5,,,,,,,,,,,," ",544801505,,
5,52,248,2,16,1,1465.527,"02",60,2,,,,,,,,,0,,1,1,0,,2,2,2,3,2,888,4,888,0,,,,,,,,,,,,1,,,,,,,,,,,," ",544801605,,
5,52,248,2,17,1,1465.527,"02",240,2,,,,,,,,,1,0,1,2,0,,4,1,888,2,5,888,2,5,1,0,1,,3,,,,1,2,1,1,2,,,,,,,,,,,," ",544801705,,
5,52,248,2,18,1,1465.527,"02",440,2,,3,3,3,3,3,3,3,0,,0,,0,,2,2,2,4,4,4,4,4,1,0,1,,3,,,,1,3,1,1,2,,,,,,,,,,,," ",544801805,,
5,52,249,1,1,1,112.3928,"01",240,1,2,,,,,,,,0,,0,,0,,1,4,1,2,2,1,2,1,1,0,1,,3,,,,1,4,3,1,2,,,,,,,,,,,," ",544900105,,
5,52,249,1,2,1,112.3928,"02",90,1,2,3,3,3,3,3,5,5,0,,1,4,0,,1,2,2,2,2,2,2,2,1,1,1,,3,,,,1,3,2,0,3,,,,,,,,,,,," ",544900205,,
5,52,249,1,3,1,112.3928,"01",300,1,2,3,5,3,5,3,5,5,0,,0,,0,,2,4,4,4,4,4,4,4,1,0,2,,,2,2,,1,2,1,1,4,,,,,,,,,,,," ",544900305,,
5,52,249,1,4,1,112.3928,"01",90,1,2,5,5,5,5,5,5,5,0,,0,,0,,3,5,2,3,2,4,888,3,0,,,,,,,,,,,,6,,,,,,,,,,,," ",544900405,,
5,52,249,1,5,1,112.3928,"02",90,1,1,,,,,,,,0,,0,,0,,3,888,2,3,4,2,5,4,0,,,,,,,,,,,,3,,,,,,,,,,,," ",544900505,,
5,52,249,1,6,1,112.3928,"02",60,1,2,2,5,2,5,2,2,5,0,,1,0,0,,2,2,2,888,4,4,4,2,1,1,1,,2,,,,1,2,2,0,3,,,,,,,,,,,," ",544900605,,
5,52,249,1,7,1,112.3928,"02",240,1,2,3,3,3,3,3,3,3,0,,1,4,0,,2,2,2,2,2,2,2,2,1,1,1,,4,,,,1,2,3,0,3,,,,,,,,,,,," ",544900705,,
5,52,249,1,8,1,112.3928,"02",140,1,2,,,,,,,,0,,0,,0,,2,2,1,4,4,1,2,2,0,,,,,,,,,,,,3,,,,,,,,,,,," ",544900805,,
5,52,249,1,9,1,112.3928,"02",120,1,2,,,,,,,,0,,0,,0,,4,2,3,3,5,3,4,2,1,1,1,,3,,,,1,3,1,0,6,,,,,,,,,,,," ",544900905,,
5,52,249,1,10,1,112.3928,"02",410,1,2,2,2,2,2,2,5,5,0,,0,,0,,2,2,4,4,4,4,4,4,1,1,1,,4,,,,1,4,2,0,2,,,,,,,,,,,," ",544901005,,
5,52,249,1,11,1,112.3928,"02",180,1,1,,,,,,,,0,,0,,0,,2,2,3,2,4,4,4,4,1,1,2,,,3,2,,1,3,2,0,2,,,,,,,,,,,," ",544901105,,
5,52,249,1,12,1,112.3928,"06",150,1,2,3,3,3,3,3,3,5,0,,1,4,0,,4,2,1,2,4,1,2,2,1,0,1,,3,,,,1,6,2,0,3,,,,,,,,,,,," ",544901205,,
5,52,249,1,13,1,112.3928,"02",460,1,1,2,3,2,3,2,5,5,0,,0,,0,,2,4,4,2,4,4,4,5,1,1,2,,,3,2,,1,3,1,1,2,,,,,,,,,,,," ",544901305,,
5,52,249,1,14,1,112.3928,"02",140,1,1,5,5,5,5,5,5,5,0,,0,,0,,2,2,4,4,2,4,4,2,1,1,1,,5,,,,1,6,3,0,4,,,,,,,,,,,," ",544901405,,
5,52,249,1,15,1,112.3928,"02",180,1,1,,,,,,,,0,,0,,0,,2,2,2,2,4,2,4,2,1,1,2,,,5,4,,1,5,2,1,6,,,,,,,,,,,," ",544901505,,
5,52,249,1,16,1,112.3928,"02",440,1,1,,,,,,,,0,,0,,0,,2,2,2,4,4,2,4,4,1,0,2,,,3,2,,1,3,3,1,2,,,,,,,,,,,," ",544901605,,
5,52,249,1,17,1,112.3928,"01",60,1,2,,,,,,,,0,,0,,0,,3,3,888,3,888,3,4,888,0,,,,,,,,,,,,555,6,,,,,,,,,,," ",544901705,,
5,52,249,1,18,1,112.3928,"01",160,1,2,5,5,3,5,3,5,5,0,,0,,0,,2,2,4,3,2,4,4,4,1,0,1,,2,,,,1,3,1,1,3,,,,,,,,,,,," ",544901805,,
5,52,250,2,1,1,1069.161,"02",400,1,,,,,,,,,0,,0,,0,,2,2,2,2,2,2,2,2,1,0,2,,,3,2,,1,3,1,1,2,,,,,,,,,,,," ",545000105,,
5,52,250,2,2,1,1069.161,"02",160,2,,,,,,,,,0,,0,,0,,2,4,3,3,4,3,4,4,0,,,,,,,,,,,,2,,,,,,,,,,,," ",545000205,,
5,52,250,2,3,1,1069.161,"02",240,2,,,,,,,,,0,,1,1,0,,888,2,888,4,1,888,5,4,1,0,1,,2,,,,1,3,1,1,2,,,,,,,,,,,," ",545000305,,
5,52,250,2,4,1,1069.161,"02",150,1,,,,,,,,,0,,1,4,0,,888,2,888,2,2,888,2,888,1,0,1,,3,,,,1,6,1,0,2,,,,,,,,,,,," ",545000405,,
5,52,250,2,5,1,1069.161,"02",120,2,,,,,,,,,1,0,1,2,0,,888,1,888,2,2,888,4,4,1,0,1,,2,,,,1,3,2,1,2,,,,,,,,,,,," ",545000505,,
5,52,250,2,6,1,1069.161,"02",120,2,,,,,,,,,0,,1,0,0,,888,2,888,4,2,888,4,4,1,0,1,,2,,,,1,2,2,1,2,,,,,,,,,,,," ",545000605,,
5,52,250,2,7,1,1069.161,"02",60,1,,,,,,,,,0,,1,4,0,,888,2,888,2,2,888,2,888,1,0,1,,5,,,,1,2,0,1,2,,,,,,,,,,,," ",545000705,,
5,52,250,2,8,1,1069.161,"01",160,2,,2,2,2,2,2,2,2,0,,0,,0,,2,2,4,3,4,4,2,2,1,0,2,,,3,2,,1,3,1,1,2,,,,,,,,,,,," ",545000805,,
5,52,250,2,9,1,1069.161,"02",120,1,,,,,,,,,0,,1,4,0,,888,2,888,2,2,5,4,888,1,0,1,,3,,,,1,3,1,1,2,,,,,,,,,,,," ",545000905,,
5,52,250,2,10,1,1069.161,"02",120,1,,,,,,,,,0,,1,4,0,,888,2,888,4,1,888,2,888,1,1,1,,3,,,,1,3,1,1,2,,,,,,,,,,,," ",545001005,,
5,52,250,2,11,1,1069.161,"02",360,2,,,,,,,,,0,,0,,0,,2,2,2,2,4,3,4,3,1,0,2,,,3,2,,1,3,1,1,2,,,,,,,,,,,," ",545001105,,
5,52,250,2,12,1,1069.161,"01",120,1,,,,,,,,,0,,1,4,0,,888,888,888,888,888,888,888,888,1,0,1,,2,,,,1,5,0,1,2,,,,,,,,,,,," ",545001205,,
5,52,250,2,13,1,1069.161,"02",240,1,,,,,,,,,0,,1,4,0,,888,2,888,2,2,888,2,2,1,0,1,,3,,,,1,6,1,1,2,,,,,,,,,,,," ",545001305,,
5,52,250,2,14,1,1069.161,"02",180,2,,,,,,,,,0,,0,,0,,2,2,4,4,4,4,3,3,1,0,2,,,3,2,,1,3,1,1,2,,,,,,,,,,,," ",545001405,,
5,52,250,2,15,1,1069.161,"02",180,2,,,,,,,,,1,0,1,2,0,,888,2,888,4,2,888,5,888,1,0,1,,2,,,,1,3,2,1,2,,,,,,,,,,,," ",545001505,,
5,52,250,2,16,1,1069.161,"02",180,1,,,,,,,,,0,,1,3,0,,888,2,888,5,2,888,5,4,1,0,1,,3,,,,1,2,2,1,1,,,,,,,,,,,," ",545001605,,
5,52,250,2,17,1,1069.161,"02",120,2,,,,,,,,,1,0,1,3,0,,888,1,888,4,2,888,5,4,1,0,1,,2,,,,1,3,2,1,2,,,,,,,,,,,," ",545001705,,
5,52,250,2,18,1,1069.161,"02",430,2,,,,,,,,,0,,0,,0,,2,2,3,4,4,2,4,3,1,0,2,,,3,2,,1,3,1,1,2,,,,,,,,,,,," ",545001805,,
5,52,251,1,1,1,219.926676666667,"02",120,2,2,,,,,,,,0,,1,1,0,,1,1,2,2,2,2,4,888,0,,,,,,,,,,,,5,,,,,,,,,,,," ",545100105,,
5,52,251,1,2,1,219.926676666667,"02",120,2,2,,,,,,,,0,,0,,0,,2,2,2,4,4,2,4,888,0,,,,,,,,,,,,1,,,,,,,,,,,," ",545100205,,
5,52,251,1,3,1,145.0066,"01",120,1,2,,,,,,,,0,,0,,0,,3,2,3,2,2,3,4,3,0,,,,,,,,,,,,555,6,,,,,,,,,,," ",545100305,,
5,52,251,1,4,1,145.0066,"05",120,1,2,,,,,,,,0,,0,,0,,3,2,3,4,4,3,2,3,0,,,,,,,,,,,,555,6,,,,,,,,,,," ",545100405,,
5,52,251,1,5,1,219.926676666667,"01",90,2,2,,,,,,,,0,,0,,0,,3,3,888,4,2,888,4,888,1,0,1,,4,,,,1,5,0,1,555,6,,,,,,,,,,," ",545100505,,
5,52,251,1,6,1,219.926676666667,"02",120,2,2,,,,,,,,0,,1,3,0,,2,1,3,2,1,2,5,1,0,,,,,,,,,,,,2,,,,,,,,,,,," ",545100605,,
5,52,251,1,7,1,145.0066,"02",120,2,2,,,,,,,,0,,1,3,0,,3,2,3,3,2,3,4,3,1,0,2,,,5,3,,1,4,0,1,555,6,,,,,,,,,,," ",545100705,,
5,52,251,1,8,1,145.0066,"02",60,2,2,,,,,,,,0,,0,,0,,2,2,2,2,2,4,4,888,0,,,,,,,,,,,,1,,,,,,,,,,,," ",545100805,,
5,52,251,1,9,1,219.926676666667,"02",60,1,2,,,,,,,,0,,0,,0,,1,2,2,1,1,2,2,2,0,,,,,,,,,,,,4,,,,,,,,,,,," ",545100905,,
5,52,251,1,10,1,219.926676666667,"02",60,2,2,,,,,,,,0,,0,,0,,2,1,3,2,1,1,4,4,1,0,1,,3,,,,1,2,3,1,2,,,,,,,,,,,," ",545101005,,
5,52,251,1,11,1,145.0066,"02",120,1,2,,,,,,,,0,,0,,0,,2,2,3,2,4,3,4,3,0,,,,,,,,,,,,4,,,,,,,,,,,," ",545101105,,
5,52,251,1,12,1,219.926676666667,"01",120,2,2,,,,,,,,0,,0,,0,,4,4,2,3,2,2,5,888,1,0,1,,2,,,,1,2,2,1,2,,,,,,,,,,,," ",545101205,,
5,52,251,1,13,1,219.926676666667,"01",120,2,2,,,,,,,,0,,0,,0,,5,4,5,2,4,1,1,2,1,0,2,,,3,2,,1,2,1,0,5,,,,,,,,,,,," ",545101305,,
5,52,251,1,14,1,145.0066,"02",180,2,2,,,,,,,,0,,0,,0,,1,2,1,3,2,2,1,2,1,0,2,,,3,3,,1,2,1,0,2,,,,,,,,,,,," ",545101405,,
5,52,251,1,15,1,219.926676666667,"02",60,2,2,,,,,,,,0,,0,,0,,2,2,2,4,2,888,5,888,0,,,,,,,,,,,,1,,,,,,,,,,,," ",545101505,,
5,52,251,1,16,1,219.926676666667,"03",120,2,2,,,,,,,,0,,0,,0,,4,2,2,3,2,4,5,888,0,,,,,,,,,,,,1,,,,,,,,,,,," ",545101605,,
5,52,251,1,17,1,219.926676666667,"02",60,2,2,,,,,,,,0,,0,,0,,4,2,2,1,5,2,4,2,0,,,,,,,,,,,,4,,,,,,,,,,,," ",545101705,,
5,52,251,1,18,1,145.0066,"02",60,2,2,,,,,,,,0,,0,,0,,2,2,2,3,2,4,4,888,0,,,,,,,,,,,,1,,,,,,,,,,,," ",545101805,,
5,52,252,1,1,1,118.8867,"02",90,1,2,5,5,5,5,5,5,5,0,,1,4,0,,888,3,2,888,3,4,5,3,1,1,2,,,4,3,,1,4,1,1,4,,,,,,,,,,,," ",545200105,,
5,52,252,1,2,1,73.2140102316602,"03",460,1,2,,,,,,,,0,,0,,0,,2,3,2,2,4,3,4,4,1,0,2,,,3,2,,1,3,1,1,2,,,,,,,,,,,," ",545200205,,
5,52,252,1,3,1,118.8867,"02",40,2,2,,,,,,,,0,,1,888,0,,4,2,2,2,4,2,5,3,0,,,,,,,,,,,,1,,,,,,,,,,,," ",545200305,,
5,52,252,1,4,1,118.8867,"02",90,2,2,,,,,,,,0,,1,4,0,,888,888,3,888,3,888,2,3,1,0,2,,,4,3,,1,3,1,1,5,,,,,,,,,,,," ",545200405,,
5,52,252,1,5,1,118.8867,"01",240,1,2,,,,,,,,1,888,1,4,0,,888,2,888,4,4,888,2,4,0,,,,,,,,,,,,2,,,,,,,,,,,," ",545200505,,
5,52,252,1,6,1,118.8867,"01",180,1,2,2,3,2,2,3,3,3,0,,0,,0,,1,4,2,2,2,2,1,4,1,1,2,,,3,2,,1,3,1,0,555,6,,,,,,,,,,," ",545200605,,
5,52,252,1,7,1,73.2140102316602,"02",240,2,2,,,,,,,,0,,1,4,0,,3,3,3,3,2,3,2,3,1,0,1,,2,,,,1,2,1,1,4,,,,,,,,,,,," ",545200705,,
5,52,252,1,8,1,73.2140102316602,"02",120,2,2,,,,,,,,1,2,1,4,0,,888,888,888,888,888,888,2,4,1,0,1,,2,,,,1,3,0,1,2,,,,,,,,,,,," ",545200805,,
5,52,252,1,9,1,73.2140102316602,"01",180,2,2,,,,,,,,1,4,1,4,0,,2,2,2,4,2,2,4,3,0,,,,,,,,,,,,1,,,,,,,,,,,," ",545200905,,
5,52,252,1,10,1,118.8867,"01",480,2,2,,,,,,,,0,,0,,0,,2,2,4,2,5,3,4,3,1,0,1,,2,,,,1,2,1,1,2,,,,,,,,,,,," ",545201005,,
5,52,252,1,11,1,118.8867,"02",440,1,2,,,,,,,,0,,0,,0,,2,2,4,2,5,2,3,2,0,,,,,,,,,,,,2,,,,,,,,,,,," ",545201105,,
5,52,252,1,12,1,73.2140102316602,"01",60,2,2,,,,,,,,1,0,1,0,0,,888,2,888,5,2,888,2,5,0,,,,,,,,,,,,2,,,,,,,,,,,," ",545201205,,
5,52,252,1,13,1,118.8867,"02",240,2,2,,,,,,,,0,,1,0,0,,888,1,888,5,1,888,5,5,1,0,1,,2,,,,1,2,2,1,5,,1,,,,,,,,,," ",545201305,,
5,52,252,1,14,1,118.8867,"02",240,1,2,,,,,,,,0,,1,4,0,,888,1,888,1,1,888,1,888,1,1,1,,3,,,,1,6,2,1,3,,,,,,,,,,,," ",545201405,,
5,52,252,1,15,1,73.2140102316602,"01",240,1,2,,,,,,,,0,,0,,0,,1,2,1,4,1,1,1,4,1,0,2,,,3,2,,1,2,2,1,2,,,,,,,,,,,," ",545201505,,
5,52,252,1,16,1,73.2140102316602,"01",180,1,2,,,,,,,,0,,1,3,0,,2,2,2,2,2,1,4,2,1,0,2,,,6,3,,1,2,2,0,1,,,,,,,,,,,," ",545201605,,
5,52,252,1,17,1,118.8867,"01",240,2,2,,,,,,,,0,,0,,0,,1,1,1,2,2,5,5,5,0,,,,,,,,,,,,2,,,,,,,,,,,," ",545201705,,
5,52,252,1,19,1,118.8867,"02",120,1,2,,,,,,,,0,,0,,0,,2,2,2,4,2,5,4,888,0,,,,,,,,,,,,1,,,,,,,,,,,," ",545201905,,
5,53,253,2,1,3,16.8411008888889,"04",300,2,,,,,,,,,0,,0,,0,,2,888,4,4,4,4,1,1,1,0,1,,2,,,,1,4,0,1,1,,,,,,,,,,,," ",555300105,,
5,53,253,2,2,3,16.8411008888889,"02",90,2,,,,,,,,,0,,0,,0,,1,4,5,5,2,5,4,4,1,0,2,,,3,2,,1,2,2,1,6,,,,,,,,,,,," ",555300205,,
5,53,253,2,3,3,16.8411008888889,"04",330,2,,,,,,,,,0,,0,,0,,2,3,4,4,4,4,4,4,1,0,1,,2,,,,1,2,1,1,5,,,,,,,,,,,," ",555300305,,
5,53,253,2,4,3,16.8411008888889,"01",120,2,,,,,,,,,0,,0,,0,,2,2,2,4,4,888,5,888,0,,,,,,,,,,,,2,,,,,,,,,,,," ",555300405,,
5,53,253,2,5,3,16.8411008888889,"02",120,2,,,,,,,,,0,,0,,0,,2,2,2,2,4,2,4,2,0,,,,,,,,,,,,2,,,,,,,,,,,," ",555300505,,
5,53,253,2,6,3,16.8411008888889,"02",120,2,,,,,,,,,0,,0,,0,,2,2,2,2,4,2,4,2,0,,,,,,,,,,,,2,,,,,,,,,,,," ",555300605,,
5,53,253,2,7,3,16.8411008888889,"03",150,2,,,,,,,,,0,,0,,0,,1,5,3,2,5,5,2,3,1,0,2,,,3,3,,2,2,1,1,1,,,,,,,,,,,," ",555300705,,
5,53,253,2,8,3,16.8411008888889,"02",180,2,,,,,,,,,0,,0,,0,,2,3,4,4,4,3,2,3,1,0,1,,2,,,,1,2,2,0,2,,,,,,,,,,,," ",555300805,,
5,53,253,2,9,3,16.8411008888889,"01",120,2,,,,,,,,,0,,1,4,0,,888,4,888,4,2,888,2,888,0,,,,,,,,,,,,2,,,,,,,,,,,," ",555300905,,
5,53,253,2,10,3,54.13211,"02",240,1,,,,,,,,,0,,1,4,0,,888,2,888,2,2,888,2,888,0,,,,,,,,,,,,2,,1,,,,,,,,,," ",555301005,,
5,53,253,2,11,3,54.13211,"01",120,1,,,,,,,,,0,,0,,0,,888,2,888,2,2,888,2,888,1,0,1,,3,,,,1,3,1,1,2,,1,,,,,,,,,," ",555301105,,
5,53,253,2,12,3,16.8411008888889,"04",120,2,,,,,,,,,0,,0,,0,,2,2,2,2,4,2,4,888,0,,,,,,,,,,,,2,,,,,,,,,,,," ",555301205,,
5,53,253,2,13,3,54.13211,"01",120,2,,,,,,,,,0,,0,,0,,2,2,2,2,4,888,5,888,0,,,,,,,,,,,,2,,,,,,,,,,,," ",555301305,,
5,53,253,2,14,3,16.8411008888889,"01",120,2,,,,,,,,,0,,0,,0,,5,4,3,4,5,4,5,4,0,,,,,,,,,,,,5,,,,,,,,,,,," ",555301405,,
5,53,253,2,15,3,16.8411008888889,"01",120,2,,,,,,,,,0,,1,4,0,,888,4,888,2,2,888,2,888,0,,,,,,,,,,,,2,,,,,,,,,,,," ",555301505,,
5,53,253,2,16,3,16.8411008888889,"05",120,2,,,,,,,,,0,,0,,0,,2,2,2,2,4,888,4,888,0,,,,,,,,,,,,2,,,,,,,,,,,," ",555301605,,
5,53,253,2,17,3,16.8411008888889,"01",120,2,,,,,,,,,0,,1,4,0,,888,2,888,2,2,888,2,888,0,,,,,,,,,,,,5,,,,,,,,,,,," ",555301705,,
5,53,253,2,18,3,16.8411008888889,"02",120,2,,,,,,,,,0,,1,4,0,,888,2,888,5,2,888,2,888,1,0,2,,,3,3,,1,3,1,0,2,,,,,,,,,,,," ",555301805,,
5,53,254,2,1,3,17.5170951871658,"02",240,2,,,,,,,,,0,,0,,0,,4,2,3,4,4,4,4,3,1,0,2,,,5,3,,1,3,1,1,1,,,,,,,,,,,," ",555400105,,
5,53,254,2,2,3,17.5170951871658,"02",110,2,,,,,,,,,0,,1,4,0,,888,2,888,5,2,888,2,888,0,,,,,,,,,,,,2,,,,,,,,,,,," ",555400205,,
5,53,254,2,3,3,927.084,"02",180,1,,,,,,,,,0,,1,4,0,,2,2,4,2,2,2,2,2,1,0,1,,3,,,,1,3,1,1,2,,,,,,,,,,,," ",555400305,,
5,53,254,2,4,3,17.5170951871658,"01",140,2,,,,,,,,,0,,0,,0,,4,2,4,4,4,3,4,3,1,0,2,,,2,2,,1,4,1,1,2,,,,,,,,,,,," ",555400405,,
5,53,254,2,5,3,17.5170951871658,"02",260,2,,,,,,,,,0,,0,,0,,4,2,3,4,4,3,4,4,0,,,,,,,,,,,,1,,,,,,,,,,,," ",555400505,,
5,53,254,2,6,3,17.5170951871658,"02",180,2,,,,,,,,,0,,0,,0,,2,2,2,2,4,888,5,888,0,,,,,,,,,,,,2,,,,,,,,,,,," ",555400605,,
5,53,254,2,7,3,17.5170951871658,"03",180,2,,,,,,,,,0,,0,,0,,2,2,2,2,4,888,4,888,0,,,,,,,,,,,,2,,,,,,,,,,,," ",555400705,,
5,53,254,2,8,3,17.5170951871658,"03",180,2,,,,,,,,,0,,1,4,0,,888,2,888,2,2,888,2,888,0,,,,,,,,,,,,2,,,,,,,,,,,," ",555400805,,
5,53,254,2,9,3,17.5170951871658,"01",90,2,,,,,,,,,0,,0,,0,,888,2,3,2,4,2,5,1,0,,,,,,,,,,,,1,,,,,,,,,,,," ",555400905,,
5,53,254,2,10,3,17.5170951871658,"02",120,2,,,,,,,,,1,0,1,4,0,,888,1,888,5,2,5,5,888,0,,,,,,,,,,,,5,,,,,,,,,,,," ",555401005,,
5,53,254,2,11,3,17.5170951871658,"02",120,2,,,,,,,,,0,,1,4,0,,888,2,3,3,3,888,4,888,0,,,,,,,,,,,,555,6,,,,,,,,,,," ",555401105,,
5,53,254,2,12,3,17.5170951871658,"02",100,1,,,,,,,,,0,,1,4,0,,3,2,888,3,888,888,4,3,1,0,2,,,3,2,,1,2,0,1,555,6,,,,,,,,,,," ",555401205,,
5,53,254,2,13,3,17.5170951871658,"03",210,2,,,,,,,,,0,,0,,0,,2,2,3,2,5,5,5,4,0,,,,,,,,,,,,2,,,,,,,,,,,," ",555401305,,
5,53,254,2,14,3,17.5170951871658,"02",120,2,,,,,,,,,0,,1,4,0,,3,2,3,888,2,3,4,888,1,0,1,,2,,,,1,3,1,1,5,,,,,,,,,,,," ",555401405,,
5,53,254,2,15,3,17.5170951871658,"02",120,2,,,,,,,,,1,1,1,4,0,,888,1,888,888,2,888,5,5,1,0,2,,,3,2,,1,5,1,1,2,,,,,,,,,,,," ",555401505,,
5,53,254,2,16,3,17.5170951871658,"03",60,2,,,,,,,,,0,,0,,0,,2,2,2,2,4,888,888,888,0,,,,,,,,,,,,2,,,,,,,,,,,," ",555401605,,
5,53,254,2,17,3,17.5170951871658,"01",180,2,,,,,,,,,1,0,1,3,0,,888,2,888,2,2,888,5,888,1,0,2,,,3,2,,1,2,2,1,2,,,,,,,,,,,," ",555401705,,
5,53,254,2,18,3,17.5170951871658,"01",180,2,,,,,,,,,0,,0,,0,,1,5,5,3,2,1,2,2,1,0,1,,2,,,,1,2,1,1,1,,,,,,,,,,,," ",555401805,,
5,53,255,2,1,3,108.8744,"05",240,1,,,,,,,,,0,,1,2,0,,4,2,888,2,4,888,4,888,0,,,,,,,,,,,,2,,,,,,,,,,,," ",555500105,,
5,53,255,2,2,3,108.8744,"02",180,1,,,,,,,,,0,,0,,0,,1,4,2,1,2,1,4,4,1,1,1,,4,,,,1,4,2,1,1,,,,,,,,,,,," ",555500205,,
5,53,255,2,3,3,108.8744,"02",240,1,,,,,,,,,0,,0,,0,,1,1,2,2,1,1,2,4,1,1,1,,4,,,,1,4,1,1,2,,,,,,,,,,,," ",555500305,,
5,53,255,2,4,3,108.8744,"02",60,1,,2,2,2,2,2,2,2,1,4,1,4,0,,1,1,1,1,1,1,1,4,1,0,1,,4,,,,1,5,2,1,4,,,,,,,,,,,," ",555500405,,
5,53,255,2,5,3,108.8744,"02",120,2,,,,,,,,,1,4,1,4,0,,4,1,1,1,1,3,2,4,1,0,1,,4,,,,1,4,2,1,2,,,,,,,,,,,," ",555500505,,
5,53,255,2,6,3,108.8744,"02",120,1,,,,,,,,,1,4,1,4,0,,4,2,2,2,4,4,3,2,0,,,,,,,,,,,,1,,,,,,,,,,1,,"Metal Charcoal",555500605,,
5,53,255,2,7,3,44.9545909677419,"01",120,1,,,,,,,,,1,0,0,,0,,888,888,888,888,888,888,5,888,1,0,2,,,5,4,,2,5,2,1,2,,,,,,,,,,,," ",555500705,,
5,53,255,2,8,3,108.8744,"02",60,2,,,,,,,,,0,,0,,0,,888,888,888,888,888,888,1,888,0,,,,,,,,,,,,1,,,,,,,,,,,," ",555500805,,
5,53,255,2,9,3,108.8744,"02",120,2,,,,,,,,,0,,0,,0,,2,2,888,888,888,888,5,888,1,1,2,,,5,3,,1,5,1,1,6,,,,,,,,,,,," ",555500905,,
5,53,255,2,10,3,44.9545909677419,"02",180,2,,,,,,,,,1,0,1,1,0,,4,1,888,2,4,888,4,888,1,0,2,,,3,2,,1,3,2,1,2,,,,,,,,,,,," ",555501005,,
5,53,255,2,11,3,44.9545909677419,"02",180,2,,,,,,,,,1,0,1,1,0,,3,2,3,2,4,3,4,888,1,0,1,,4,,,,1,2,1,1,2,,,,,,,,,,,," ",555501105,,
5,53,255,2,12,3,44.9545909677419,"01",180,2,,,,,,,,,0,,1,1,0,,3,1,3,2,4,3,4,888,0,,,,,,,,,,,,2,,,,,,,,,,,," ",555501205,,
5,53,255,2,13,3,44.9545909677419,"02",180,2,,,,,,,,,0,,1,1,0,,888,2,888,2,4,888,4,888,1,0,1,,2,,,,1,3,2,1,2,,,,,,,,,,,," ",555501305,,
5,53,255,2,14,3,44.9545909677419,"01",60,1,,,,,,,,,0,,1,4,0,,888,1,1,1,1,1,1,1,0,,,,,,,,,,,,2,,,,,,,,,,,," ",555501405,,
5,53,255,2,15,3,44.9545909677419,"01",180,2,,,,,,,,,1,0,1,1,0,,3,2,3,2,4,3,4,888,1,0,1,,2,,,,1,3,1,1,2,,,,,,,,,,,," ",555501505,,
5,53,255,2,16,3,44.9545909677419,"02",80,2,,,,,,,,,0,,1,4,0,,2,2,2,2,888,888,5,888,0,,,,,,,,,,,,2,,,,,,,,,,,," ",555501605,,
5,53,255,2,17,3,44.9545909677419,"01",120,2,,,,,,,,,1,0,1,4,0,,1,1,888,888,888,888,5,2,1,0,2,,,3,2,,2,3,1,1,2,,,,,,,,,,,," ",555501705,,
5,53,255,2,18,3,44.9545909677419,"02",120,2,,,,,,,,,1,0,1,0,0,,888,888,888,888,888,888,5,888,1,0,2,,,3,2,,1,3,1,1,2,,,,,,,,,,,," ",555501805,,
5,53,256,2,1,3,29.970521875,"02",120,2,,,,,,,,,0,,0,,0,,1,2,2,4,3,1,2,2,0,,,,,,,,,,,,2,,,,,,,,,,,," ",555600105,,
5,53,256,2,2,3,137.0081,"02",120,1,,,,,,,,,1,0,0,,0,,1,1,1,1,2,2,2,2,1,0,2,,,3,2,,1,4,1,1,2,,,,1,,,,,,,," ",555600205,,
5,53,256,2,3,3,137.0081,"02",180,2,,,,,,,,,0,,0,,0,,3,2,2,2,4,2,5,2,1,0,1,,4,,,,1,4,0,1,2,,,,,,,,,,,," ",555600305,,
5,53,256,2,4,3,29.970521875,"01",120,2,,,,,,,,,0,,0,,0,,888,888,888,888,888,888,888,888,0,,,,,,,,,,,,1,,,,,,,,,,,," ",555600405,,
5,53,256,2,5,3,29.970521875,"02",120,2,,,,,,,,,1,0,0,,0,,1,2,2,2,2,2,2,2,1,0,2,,,3,2,,1,4,0,1,2,,,,,,,,,,,," ",555600505,,
5,53,256,2,6,3,137.0081,"01",180,2,,,,,,,,,0,,1,4,0,,3,3,888,3,3,888,5,888,1,0,1,,2,,,,1,2,1,1,1,,,,,,,,,,,," ",555600605,,
5,53,256,2,7,3,137.0081,"01",180,1,,,,,,,,,0,,1,4,0,,1,3,3,3,3,3,3,3,0,,,,,,,,,,,,1,,,,,,,,,,,," ",555600705,,
5,53,256,2,8,3,137.0081,"01",120,2,,,,,,,,,0,,0,,0,,2,2,3,2,2,4,2,2,1,0,1,,2,,,,1,3,1,1,2,,,,,,,,,,,," ",555600805,,
5,53,256,2,9,3,29.970521875,"02",120,2,,,,,,,,,0,,0,,0,,3,888,888,888,888,888,888,888,0,,,,,,,,,,,,1,,,,,,,,,,,," ",555600905,,
5,53,256,2,10,3,29.970521875,"01",120,2,,,,,,,,,0,,0,,0,,1,2,2,2,1,4,1,1,1,0,1,,2,,,,1,4,0,1,2,,,,,,,,,,,," ",555601005,,
5,53,256,2,11,3,137.0081,"02",240,1,,,,,,,,,1,0,0,,0,,2,3,4,2,3,2,1,2,1,0,1,,4,,,,1,4,1,1,2,,,,,,,,,,,," ",555601105,,
5,53,256,2,12,3,29.970521875,"02",90,1,,,,,,,,,0,,0,,0,,2,3,2,2,2,2,3,2,1,0,2,,,3,2,,1,5,0,1,2,,1,,,,,,,,,," ",555601205,,
5,53,256,2,13,3,137.0081,"02",180,1,,,,,,,,,1,0,0,,0,,1,1,4,3,2,1,2,1,1,0,2,,,3,2,,1,4,1,1,2,,,,,,,,,,,," ",555601305,,
5,53,256,2,14,3,137.0081,"01",120,1,,,,,,,,,0,,1,4,0,,1,1,1,1,1,1,1,1,1,0,1,,2,,,,1,3,1,1,1,,,,,,,,,,,," ",555601405,,
5,53,256,2,15,3,137.0081,"01",240,2,,,,,,,,,0,,0,,0,,2,2,2,2,4,2,5,2,1,0,1,,2,,,,1,2,2,1,2,,,,,,,,,,,," ",555601505,,
5,53,256,2,16,3,29.970521875,"01",60,2,,,,,,,,,0,,0,,0,,1,3,2,2,2,3,2,2,0,,,,,,,,,,,,2,,1,,,,,,,,,," ",555601605,,
5,53,256,2,17,3,137.0081,"02",30,1,,3,3,3,3,3,3,3,0,,0,,0,,1,1,1,1,1,1,2,2,1,1,2,,,3,2,,1,3,1,1,2,,,,,,,,,,,," ",555601705,,
5,53,256,2,18,3,29.970521875,"01",40,2,,,,,,,,,0,,1,4,0,,1,1,1,1,1,1,1,1,1,0,1,,2,,,,1,2,1,1,1,,,,,,,,,,,," ",555601805,,
5,53,257,2,1,3,113.698288,"02",120,1,,,,,,,,,1,0,1,1,0,,888,888,888,888,888,888,5,888,1,0,2,,,5,3,,1,4,1,1,2,,,,,,,,,,,," ",555700105,,
5,53,257,2,2,3,45.22091,"02",110,1,,,,,,,,,1,3,1,4,0,,1,1,1,1,1,1,1,1,0,,,,,,,,,,,,4,,,,,,,,,,,," ",555700205,,
5,53,257,2,3,3,113.698288,"02",40,2,,,,,,,,,0,,0,,0,,1,1,1,1,1,1,1,1,0,,,,,,,,,,,,1,,,,,,,,,,,," ",555700305,,
5,53,257,2,4,3,45.22091,"05",120,1,,5,2,2,2,2,2,5,0,,1,4,0,,1,1,1,1,1,1,1,1,0,,,,,,,,,,,,4,,,,,,,,,,,," ",555700405,,
5,53,257,2,5,3,113.698288,"02",60,2,,,,,,,,,0,,0,,0,,888,888,888,888,888,888,5,888,1,0,2,,,5,3,,1,4,2,1,2,,,,,,,,,,,," ",555700505,,
5,53,257,2,6,3,45.22091,"01",240,2,,,,,,,,,0,,1,1,0,,3,2,3,2,4,3,5,888,0,,,,,,,,,,,,2,,,,,,,,,,,," ",555700605,,
5,53,257,2,7,3,113.698288,"02",60,2,,,,,,,,,0,,0,,0,,1,2,2,2,2,2,2,2,1,0,2,,,2,2,,1,3,1,1,2,,,,,,,,,,,," ",555700705,,
5,53,257,2,8,3,45.22091,"02",180,1,,5,5,5,5,5,5,5,0,,1,1,0,,4,2,2,2,4,4,5,4,0,,,,,,,,,,,,2,,,,,,,,,,,," ",555700805,,
5,53,257,2,9,3,113.698288,"04",60,1,,,,,,,,,0,,1,1,0,,888,4,888,888,888,888,5,888,1,0,2,,,5,3,,1,4,2,1,2,,,,,,,,,,,," ",555700905,,
5,53,257,2,10,3,45.22091,"02",240,1,,,,,,,,,0,,1,2,0,,4,2,2,2,4,4,5,4,1,0,1,,2,,,,1,3,2,1,2,,,,,,,,,,,," ",555701005,,
5,53,257,2,11,3,45.22091,"01",280,2,,,,,,,,,0,,1,0,0,,1,1,1,1,4,2,2,2,0,,,,,,,,,,,,4,,,,,,,,,,,," ",555701105,,
5,53,257,2,12,3,113.698288,"02",120,2,,,,,,,,,0,,0,,0,,3,2,2,2,2,2,2,2,1,0,2,,,3,2,,1,4,1,1,2,,,,,,,,,,,," ",555701205,,
5,53,257,2,13,3,113.698288,"02",180,1,,,,,,,,,0,,0,,0,,3,2,3,2,2,2,4,2,1,0,2,,,4,2,,1,2,1,1,2,,,,,,,,,,,," ",555701305,,
5,53,257,2,14,3,113.698288,"01",240,2,,,,,,,,,0,,0,,0,,2,3,2,3,2,2,3,3,1,0,2,,,4,3,,1,2,0,1,2,,,,,,,,,,,," ",555701405,,
5,53,257,2,15,3,113.698288,"01",45,2,,,,,,,,,0,,0,,0,,1,2,2,2,2,3,2,2,0,,,,,,,,,,,,2,,,,,,,,,,,," ",555701505,,
5,53,257,2,16,3,113.698288,"02",300,2,,,,,,,,,0,,0,,0,,2,5,2,3,1,2,5,4,1,0,1,,4,,,,1,6,2,0,2,,,,,,,,,,,," ",555701605,,
5,53,257,2,17,3,45.22091,"02",120,1,,2,2,2,2,2,2,2,1,4,1,4,0,,888,1,1,1,1,1,3,4,1,0,1,,4,,,,1,3,4,1,2,,,,,,,,,,,," ",555701705,,
5,53,257,2,18,3,45.22091,"02",120,1,,,,,,,,,0,,0,,0,,1,2,2,2,2,1,4,4,0,,,,,,,,,,,,2,,,,,,,,,,,," ",555701805,,
5,53,258,2,1,1,509.332605217391,"02",120,2,,,,,,,,,0,,1,0,0,,2,2,3,2,4,2,4,2,1,0,1,,2,,,,1,4,0,1,2,,,,,,,,,,,," ",555800105,,
5,53,258,2,2,1,509.332605217391,"01",60,2,,,,,,,,,0,,0,,0,,1,2,3,4,4,2,4,2,0,,,,,,,,,,,,1,,,,,,,,,,,," ",555800205,,
5,53,258,2,3,1,509.332605217391,"02",120,2,,,,,,,,,0,,1,4,0,,888,888,888,888,888,888,5,888,1,0,2,,,5,3,,1,3,1,1,1,,,,,,,,,,,," ",555800305,,
5,53,258,2,4,1,509.332605217391,"02",240,2,,,,,,,,,1,888,1,2,0,,1,2,3,2,4,1,4,2,1,0,2,,,4,2,,1,3,2,1,2,,,,,,,,,,,," ",555800405,,
5,53,258,2,5,1,509.332605217391,"01",30,2,,,,,,,,,0,,0,,0,,888,888,888,888,888,888,5,888,0,,,,,,,,,,,,4,,,,,,,,,,,," ",555800505,,
5,53,258,2,6,1,509.332605217391,"02",240,2,,,,,,,,,0,,0,,0,,888,888,888,888,888,888,5,5,0,,,,,,,,,,,,1,,,,,,,,,,,," ",555800605,,
5,53,258,2,7,1,509.332605217391,"02",60,2,,,,,,,,,1,0,1,1,0,,888,2,888,2,4,888,5,888,1,0,1,,3,,,,1,3,1,1,5,,,,,,,,,,,," ",555800705,,
5,53,258,2,8,1,509.332605217391,"01",120,2,,,,,,,,,0,,0,,0,,888,888,888,888,888,888,2,888,0,,,,,,,,,,,,2,,,,,,,,,,,," ",555800805,,
5,53,258,2,9,1,509.332605217391,"01",120,2,,,,,,,,,0,,0,,0,,4,1,4,1,3,2,4,1,0,,,,,,,,,,,,2,,,,,,,,,,,," ",555800905,,
5,53,258,2,10,1,1978.826,"02",120,1,,,,,,,,,0,,0,,0,,888,888,888,888,888,888,5,4,1,1,2,,,3,2,,1,3,2,0,555,5,,,,,,,,,,888," ",555801005,,
5,53,258,2,11,1,509.332605217391,"02",60,2,,,,,,,,,0,,0,,0,,888,888,888,888,888,888,5,888,0,,,,,,,,,,,,1,,,,,,,,,,,," ",555801105,,
5,53,258,2,12,1,1978.826,"02",120,2,,,,,,,,,0,,0,,0,,888,2,888,4,2,888,5,888,1,0,2,,,3,2,,1,3,1,1,4,,,,,,,,,,,," ",555801205,,
5,53,258,2,13,1,1978.826,"02",120,1,,,,,,,,,0,,1,0,0,,888,1,888,5,2,888,5,888,1,0,2,,,3,3,,1,3,2,1,5,,,,,,,,,,,," ",555801305,,
5,53,258,2,14,1,1978.826,"02",60,2,,,,,,,,,0,,0,,0,,2,3,2,2,2,2,2,3,0,,,,,,,,,,,,1,,,,,,,,,,,," ",555801405,,
5,53,258,2,15,1,1978.826,"01",30,2,,,,,,,,,0,,0,,0,,2,2,3,2,2,4,2,2,0,,,,,,,,,,,,1,,,,,,,,,,,," ",555801505,,
5,53,258,2,16,1,1978.826,"02",240,1,,,,,,,,,0,,0,,0,,2,3,2,3,5,2,5,2,1,0,2,,,3,2,,2,2,1,1,2,,,,,,,,,,,," ",555801605,,
5,53,258,2,17,1,1978.826,"02",240,1,,,,,,,,,0,,0,,0,,2,2,3,2,2,1,1,2,0,,,,,,,,,,,,1,,,,,,,,,,,," ",555801705,,
5,53,258,2,18,1,1978.826,"01",120,2,,,,,,,,,1,0,1,1,0,,1,1,2,4,2,2,1,3,1,0,2,,,4,2,,1,2,1,1,2,,,,,,,,,,,," ",555801805,,
5,53,259,2,1,3,127.7213,"02",120,2,,,,,,,,,0,,0,,0,,888,1,888,2,2,888,2,888,0,,,,,,,,,,,,1,,,,,,,,,,,," ",555900105,,
5,53,259,2,2,3,127.7213,"02",60,2,,,,,,,,,0,,0,,0,,888,1,3,888,2,888,5,3,0,,,,,,,,,,,,1,,,,,,,,,,,," ",555900205,,
5,53,259,2,3,3,127.7213,"02",300,1,,,,,,,,,0,,0,,0,,1,2,2,2,2,2,3,3,1,0,1,,4,,,,1,6,2,1,2,,,,,,,,,,,," ",555900305,,
5,53,259,2,4,3,127.7213,"01",120,2,,,,,,,,,0,,0,,0,,4,2,3,2,4,2,1,2,0,,,,,,,,,,,,2,,,,,,,,,,,," ",555900405,,
5,53,259,2,5,3,127.7213,"02",60,2,,,,,,,,,0,,0,,0,,4,2,4,4,1,1,2,3,0,,,,,,,,,,,,2,,,,,,,,,,,," ",555900505,,
5,53,259,2,6,3,127.7213,"01",120,2,,,,,,,,,0,,0,,0,,2,3,3,2,4,2,1,2,0,,,,,,,,,,,,2,,,,,,,,,,,," ",555900605,,
5,53,259,2,7,3,127.7213,"02",120,1,,,,,,,,,0,,1,0,0,,888,2,2,3,888,888,5,888,1,0,1,,2,,,,1,3,1,1,6,,,,,,,,,,,," ",555900705,,
5,53,259,2,8,3,127.7213,"01",70,2,,,,,,,,,0,,0,,0,,888,2,2,2,2,2,4,4,1,0,2,,,3,3,,1,4,1,1,2,,,,,,,,,,,," ",555900805,,
5,53,259,2,9,3,127.7213,"02",120,1,,,,,,,,,0,,0,,0,,1,2,2,2,2,2,2,2,1,0,2,,,3,2,,1,5,0,1,2,,,,,,,,,,,," ",555900905,,
5,53,259,2,10,3,127.7213,"02",120,1,,,,,,,,,0,,0,,0,,1,1,2,2,2,2,1,2,0,,,,,,,,,,,,2,,,,,,,,,,,," ",555901005,,
5,53,259,2,11,3,127.7213,"02",280,2,,,,,,,,,0,,0,,0,,5,1,4,2,1,1,5,2,1,0,2,,,5,4,,1,5,2,1,2,,,,,,,,,,,," ",555901105,,
5,53,259,2,12,3,127.7213,"02",180,2,,,,,,,,,0,,1,2,0,,888,1,888,2,4,888,5,888,0,,,,,,,,,,,,2,,,,,,,,,,,," ",555901205,,
5,53,259,2,13,3,127.7213,"02",70,2,,,,,,,,,0,,0,,0,,888,1,1,1,4,2,4,4,0,,,,,,,,,,,,2,,,,,,,,,,,," ",555901305,,
5,53,259,2,14,3,127.7213,"02",120,2,,,,,,,,,0,,0,,0,,888,2,888,3,888,888,5,2,1,0,2,,,4,3,,1,5,1,1,1,,,,,,,,,,,," ",555901405,,
5,53,259,2,15,3,127.7213,"02",120,2,,,,,,,,,0,,0,,0,,2,2,2,2,2,2,2,2,1,0,2,,,5,3,,1,5,1,1,2,,,,,,,,,,,," ",555901505,,
5,53,259,2,16,3,127.7213,"02",120,2,,,,,,,,,0,,0,,0,,2,2,888,888,888,888,5,888,1,0,1,,3,,,,1,4,1,1,1,,,,,,,,,,,," ",555901605,,
5,53,259,2,17,3,127.7213,"02",180,2,,,,,,,,,0,,1,1,0,,3,1,888,2,4,888,5,888,1,0,1,,2,,,,1,3,2,1,2,,,,,,,,,,,," ",555901705,,
5,53,259,2,18,3,127.7213,"02",240,2,,,,,,,,,1,0,1,2,0,,888,1,888,2,4,888,4,888,1,0,2,,,3,2,,1,3,2,1,2,,,,,,,,,,,," ",555901805,,
5,53,260,2,1,3,85.58195,"01",60,2,,,,,,,,,0,,0,,0,,1,2,3,2,3,2,2,3,0,,,,,,,,,,,,2,,,,,,,,,,,," ",556000105,,
5,53,260,2,2,3,85.58195,"01",80,2,,,,,,,,,0,,0,,0,,2,2,1,2,2,2,2,2,1,0,2,,,3,3,,1,4,0,1,2,,,,,,,,,,,," ",556000205,,
5,53,260,2,3,3,85.58195,"01",120,2,,,,,,,,,0,,0,,0,,2,2,4,5,2,4,3,2,1,0,1,,2,,,,2,3,0,1,2,,,,,,,,,,,," ",556000305,,
5,53,260,2,4,3,85.58195,"01",120,2,,,,,,,,,0,,0,,0,,2,2,888,2,888,888,5,888,1,0,2,,,3,2,,1,3,1,1,2,,,,,,,,,,,," ",556000405,,
5,53,260,2,5,3,85.58195,"04",120,2,,,,,,,,,0,,1,0,0,,2,1,888,4,888,888,5,4,1,0,2,,,4,3,,1,4,1,1,5,,,,,,,,,,,," ",556000505,,
5,53,260,2,6,3,85.58195,"02",180,2,,,,,,,,,0,,1,2,0,,3,2,3,2,4,3,4,888,0,,,,,,,,,,,,2,,,,,,,,,,,," ",556000605,,
5,53,260,2,7,3,85.58195,"02",120,2,,,,,,,,,1,0,0,,0,,1,2,3,2,2,2,2,2,1,0,2,,,3,2,,1,4,1,1,2,,,,,,,,,,,," ",556000705,,
5,53,260,2,8,3,85.58195,"03",120,1,,,,,,,,,0,,1,1,0,,1,1,1,1,1,1,1,1,1,0,2,,,3,2,,1,3,1,1,3,,,,,,,,,,,," ",556000805,,
5,53,260,2,9,3,85.58195,"02",180,2,,,,,,,,,0,,0,,0,,2,4,888,3,4,2,1,3,1,0,1,,4,,,,1,4,3,1,2,,,,,,,,,,,," ",556000905,,
5,53,260,2,10,3,85.58195,"02",120,2,,,,,,,,,0,,0,,0,,2,2,888,888,888,4,4,888,1,0,1,,3,,,,1,4,2,1,1,,,,,,,,,,,," ",556001005,,
5,53,260,2,11,3,85.58195,"01",40,2,,,,,,,,,0,,1,2,0,,888,1,888,3,1,888,4,888,1,0,1,,4,,,,1,2,1,1,1,,,,,,,,,,,," ",556001105,,
5,53,260,2,12,3,85.58195,"02",120,1,,,,,,,,,0,,1,4,0,,5,2,2,2,2,2,2,2,1,0,2,,,5,4,,1,5,2,1,2,,,,,,,,,,,," ",556001205,,
5,53,260,2,13,3,85.58195,"02",70,2,,,,,,,,,0,,1,4,0,,1,1,1,2,1,1,5,5,0,,,,,,,,,,,,2,,,,,,,,,,,," ",556001305,,
5,53,260,2,14,3,85.58195,"02",180,1,,,,,,,,,0,,1,1,0,,1,1,1,1,1,1,1,1,1,0,1,,4,,,,1,2,1,0,4,,,,,,,,,,,," ",556001405,,
5,53,260,2,15,3,85.58195,"02",180,2,,,,,,,,,1,0,1,2,0,,3,2,3,2,4,3,5,888,1,0,1,,2,,,,1,2,1,1,2,,,,,,,,,,,," ",556001505,,
5,53,260,2,16,3,85.58195,"02",180,2,,,,,,,,,0,,0,,0,,888,2,2,3,2,2,5,5,0,,,,,,,,,,,,2,,,,,,,,,,,," ",556001605,,
5,53,260,2,17,3,85.58195,"01",240,2,,,,,,,,,0,,1,1,0,,888,888,888,888,888,888,888,888,1,0,1,,4,,,,1,2,1,1,1,,,,,,,,,,,," ",556001705,,
5,53,260,2,18,3,85.58195,"02",180,2,,,,,,,,,1,0,1,2,0,,888,2,888,2,4,888,5,888,1,0,2,,,2,2,,1,2,1,1,2,,,,,,,,,,,," ",556001805,,
5,53,261,2,1,3,51.7246999148936,"01",60,2,,,,,,,,,0,,0,,0,,888,888,888,888,888,888,5,888,1,0,1,,2,,,,1,3,1,1,1,,,,,,,,,,,," ",556100105,,
5,53,261,2,2,3,51.7246999148936,"01",120,2,,,,,,,,,0,,0,,0,,2,4,2,3,2,3,2,2,0,,,,,,,,,,,,1,,,,,,,,,,,," ",556100205,,
5,53,261,2,3,3,51.7246999148936,"02",60,2,,,,,,,,,0,,1,3,0,,888,888,888,888,888,888,888,888,0,,,,,,,,,,,,1,,,,,,,,,,,," ",556100305,,
5,53,261,2,4,3,51.7246999148936,"02",68,2,,,,,,,,,1,0,0,,0,,2,3,3,2,2,2,2,2,1,0,2,,,5,3,,1,4,0,1,2,,,,,,,,,,,," ",556100405,,
5,53,261,2,5,3,51.7246999148936,"01",120,1,,,,,,,,,1,4,1,4,0,,5,2,2,2,2,2,4,4,1,0,2,,,3,2,,1,5,2,1,2,,,,,,,,,,,," ",556100505,,
5,53,261,2,7,3,51.7246999148936,"02",240,2,,,,,,,,,0,,1,2,0,,3,2,888,2,4,888,4,888,1,0,1,,2,,,,1,3,2,1,2,,,,,,,,,,,," ",556100705,,
5,53,261,2,8,3,51.7246999148936,"02",60,2,,,,,,,,,0,,1,2,0,,888,888,888,888,888,888,888,888,0,,,,,,,,,,,,1,,,,,,,,,,,," ",556100805,,
5,53,261,2,9,3,51.7246999148936,"02",70,2,,2,2,2,2,2,2,2,0,,0,,0,,888,1,1,1,1,1,1,4,1,0,2,,,4,3,,1,4,4,1,2,,,,,,,,,,,," ",556100905,,
5,53,261,2,10,3,51.7246999148936,"02",180,2,,,,,,,,,0,,1,1,0,,888,2,888,2,4,888,4,3,0,,,,,,,,,,,,2,,,,,,,,,,,," ",556101005,,
5,53,261,2,11,3,51.7246999148936,"02",120,2,,,,,,,,,0,,0,,0,,3,2,2,1,1,2,1,4,1,0,1,,4,,,,4,6,0,1,2,,,,,,,,,,,," ",556101105,,
5,53,261,2,12,3,51.7246999148936,"02",60,1,,,,,,,,,0,,0,,0,,888,888,888,888,888,888,5,888,1,0,1,,2,,,,1,2,1,1,1,,,,,,,,,,,," ",556101205,,
5,53,261,2,13,3,51.7246999148936,"02",80,1,,,,,,,,,1,0,0,,0,,1,1,2,2,2,2,2,2,0,,,,,,,,,,,,2,,,,,,,,,,,," ",556101305,,
5,53,261,2,14,3,51.7246999148936,"01",180,2,,,,,,,,,0,,1,2,0,,3,2,888,2,4,888,4,3,1,0,2,,,3,2,,1,3,1,1,2,,,,,,,,,,,," ",556101405,,
5,53,261,2,15,3,51.7246999148936,"02",60,2,,,,,,,,,1,0,1,4,0,,1,1,1,1,1,1,4,4,0,,,,,,,,,,,,2,,,,,,,,,,,," ",556101505,,
5,53,261,2,16,3,51.7246999148936,"05",60,2,,,,,,,,,1,4,0,,0,,888,888,888,888,888,888,5,888,1,0,2,,,3,2,,1,3,2,1,1,,,,,,,,,,,," ",556101605,,
5,53,261,2,17,3,230.2141,"02",120,1,,,,,,,,,0,,0,,0,,2,2,2,2,2,2,2,2,1,1,2,,,3,2,,1,5,1,1,2,,,,,,,,,,,," ",556101705,,
5,53,261,2,18,3,230.2141,"02",120,2,,,,,,,,,0,,0,,0,,1,1,3,3,2,4,3,1,1,0,1,,2,,,,1,2,0,1,2,,,,,,,,,,,," ",556101805,,
5,53,262,2,1,3,77.54134,"01",50,2,,,,,,,,,0,,1,0,0,,888,888,888,888,888,888,5,888,1,0,2,,,3,2,,1,2,2,0,2,,,,,,,,,,,," ",556200105,,
5,53,262,2,2,3,77.54134,"01",60,2,,,,,,,,,0,,0,,0,,4,888,2,2,2,5,1,5,1,0,2,,,2,2,,1,2,0,0,1,,,,,,,,,,,," ",556200205,,
5,53,262,2,3,3,77.54134,"02",65,2,,,,,,,,,1,4,1,4,0,,2,2,2,2,2,2,1,4,0,,,,,,,,,,,,2,,,,,,,,,,,," ",556200305,,
5,53,262,2,4,3,77.54134,"01",180,2,,,,,,,,,1,0,1,2,0,,3,1,3,2,888,3,4,888,1,0,1,,2,,,,1,2,1,1,2,,,,,,,,,,,," ",556200405,,
5,53,262,2,5,3,77.54134,"02",240,2,,,,,,,,,1,0,1,1,0,,888,1,888,4,4,3,4,3,1,0,1,,2,,,,1,3,1,1,2,,,,,,,,,,,," ",556200505,,
5,53,262,2,6,3,77.54134,"02",120,2,,,,,,,,,0,,0,,0,,4,1,3,4,5,1,4,3,0,,,,,,,,,,,,1,,,,,,,,,,,," ",556200605,,
5,53,262,2,7,3,77.54134,"02",180,2,,,,,,,,,0,,1,1,0,,3,2,3,4,4,3,5,888,0,,,,,,,,,,,,2,,,,,,,,,,,," ",556200705,,
5,53,262,2,8,3,77.54134,"02",80,1,,,,,,,,,0,,0,,0,,1,2,2,2,4,3,2,4,1,0,2,,,3,2,,1,3,0,1,2,,,,,,,,,,,," ",556200805,,
5,53,262,2,9,3,77.54134,"02",50,2,,1,1,1,1,1,1,1,1,4,1,4,0,,1,1,1,1,1,1,1,4,1,0,1,,4,,,,1,5,2,1,1,,,,,,,,,,,," ",556200905,,
5,53,262,2,10,3,77.54134,"02",60,2,,,,,,,,,0,,0,,0,,888,888,888,888,888,888,888,888,1,0,1,,2,,,,1,3,2,1,6,,,,,,,,,,,," ",556201005,,
5,53,262,2,11,3,77.54134,"01",120,2,,,,,,,,,0,,0,,0,,2,4,3,2,5,2,5,2,1,0,1,,2,,,,1,3,0,1,2,,,,,,,,,,,," ",556201105,,
5,53,262,2,13,3,77.54134,"02",60,1,,,,,,,,,0,,0,,0,,1,2,3,2,2,3,3,3,0,,,,,,,,,,,,2,,,,,,,,,,,," ",556201305,,
5,53,262,2,14,3,77.54134,"01",60,2,,,,,,,,,0,,0,,0,,1,2,3,3,2,3,1,1,1,0,2,,,2,2,,1,3,1,1,2,,,,,,,,,,,," ",556201405,,
5,53,262,2,15,3,77.54134,"01",60,2,,,,,,,,,0,,0,,0,,888,888,888,888,888,888,888,888,0,,,,,,,,,,,,1,,,,,,,,,,,," ",556201505,,
5,53,262,2,16,3,77.54134,"02",60,2,,1,1,1,1,1,1,1,1,4,1,4,0,,1,1,1,1,2,2,2,4,1,0,1,,5,,,,1,4,2,0,2,,,,,,,,,,,," ",556201605,,
5,53,262,2,17,3,77.54134,"02",120,2,,,,,,,,,0,,1,1,0,,888,888,888,888,888,888,2,888,1,0,3,,,,,4,1,3,1,1,2,,,,,,,,,,,," ",556201705,,
5,53,262,2,18,3,77.54134,"01",150,2,,,,,,,,,0,,1,4,0,,888,1,888,888,2,888,4,888,1,0,1,,3,,,,1,3,1,1,5,,,,,,,,,,,," ",556201805,,
5,53,263,2,1,3,73.47207,"02",90,2,,,,,,,,,0,,1,4,0,,888,888,888,888,888,888,5,888,1,0,2,,,2,2,,1,2,1,1,1,,,,,,,,,,,," ",556300105,,
5,53,263,2,2,3,73.47207,"01",180,2,,,,,,,,,1,1,1,2,0,,3,1,3,4,4,3,4,3,1,0,1,,2,,,,1,2,1,1,2,,,,,,,,,,,," ",556300205,,
5,53,263,2,3,3,73.47207,"02",120,2,,,,,,,,,0,,0,,0,,888,3,888,4,4,4,2,888,0,,,,,,,,,,,,555,6,,,,,,,,,,," ",556300305,,
5,53,263,2,4,3,73.47207,"02",180,2,,,,,,,,,0,,1,4,0,,888,2,888,888,2,888,5,888,0,,,,,,,,,,,,1,,,,,,,,,,,," ",556300405,,
5,53,263,2,5,3,73.47207,"01",60,2,,,,,,,,,1,0,0,,1,0,1,3,3,2,2,3,1,3,1,0,1,,2,,,,1,2,1,1,2,,,,,,,,,,,," ",556300505,,
5,53,263,2,6,3,73.47207,"02",120,2,,,,,,,,,0,,1,4,0,,888,888,3,888,888,888,888,888,0,,,,,,,,,,,,1,,,,,,,,,,,," ",556300605,,
5,53,263,2,7,3,73.47207,"01",60,2,,,,,,,,,0,,0,,0,,3,3,3,3,3,4,2,3,0,,,,,,,,,,,,2,,,,,,,,,,,," ",556300705,,
5,53,263,2,8,3,73.47207,"02",60,2,,,,,,,,,0,,0,,0,,3,1,3,5,1,3,5,3,1,0,2,,,3,2,,1,2,1,1,5,,,,,,,,,,,," ",556300805,,
5,53,263,2,9,3,73.47207,"02",60,2,,,,,,,,,0,,1,4,0,,888,888,888,888,888,888,5,888,0,,,,,,,,,,,,5,,,,,,,,,,,," ",556300905,,
5,53,263,2,10,3,73.47207,"01",180,2,,,,,,,,,1,0,1,1,0,,3,1,888,4,4,3,4,888,1,0,1,,2,,,,1,2,1,1,2,,,,,,,,,,,," ",556301005,,
5,53,263,2,11,3,73.47207,"02",120,2,,,,,,,,,0,,0,,0,,1,888,4,1,2,888,3,4,1,1,2,,,4,2,,1,2,1,1,2,,,,,,,,,,,," ",556301105,,
5,53,263,2,12,3,73.47207,"01",180,2,,,,,,,,,1,0,1,2,0,,3,2,3,2,888,3,4,3,1,0,1,,2,,,,1,2,2,1,2,,,,,,,,,,,," ",556301205,,
5,53,263,2,13,3,73.47207,"02",60,2,,,,,,,,,1,4,0,,0,,1,1,1,1,1,1,1,4,0,,,,,,,,,,,,1,,,,,,,,,,,," ",556301305,,
5,53,263,2,14,3,73.47207,"01",60,2,,4,4,4,4,4,4,4,1,0,1,0,0,,1,1,1,2,2,4,3,4,1,0,1,,4,,,,1,5,2,1,1,,,,,,,,,,,," ",556301405,,
5,53,263,2,15,3,73.47207,"02",240,1,,,,,,,,,0,,1,4,0,,888,1,2,2,2,2,2,2,0,,,,,,,,,,,,1,,,,,,,,,,,," ",556301505,,
5,53,263,2,16,3,73.47207,"02",180,2,,,,,,,,,0,,0,,0,,3,888,888,3,888,3,888,4,0,,,,,,,,,,,,2,,,,,,,,,,,," ",556301605,,
5,53,263,2,17,3,73.47207,"02",60,2,,,,,,,,,1,4,1,4,0,,1,1,1,1,1,1,1,4,1,0,2,,,5,4,,3,4,2,1,1,,,,,,,,,,,," ",556301705,,
5,53,263,2,18,3,73.47207,"02",120,2,,,,,,,,,0,,1,2,0,,3,3,3,3,3,3,3,3,0,,,,,,,,,,,,1,,,,,,,,,,,," ",556301805,,
5,53,264,1,1,1,58.9189307692308,"01",180,2,2,,,,,,,,1,0,1,2,0,,3,2,3,2,4,888,888,888,0,,,,,,,,,,,,2,,,,,,,,,,,," ",556400105,,
5,53,264,1,2,1,58.9189307692308,"01",60,2,2,,,,,,,,1,0,1,0,0,,1,2,2,2,2,2,2,3,0,,,,,,,,,,,,2,,,,,,,,,,,," ",556400205,,
5,53,264,1,3,1,58.9189307692308,"01",60,1,2,,,,,,,,0,,0,,0,,1,2,3,3,2,2,2,3,1,0,2,,,6,4,,1,6,1,1,2,,,,,,,,,,,," ",556400305,,
5,53,264,1,4,1,58.9189307692308,"01",60,1,2,3,3,3,3,3,3,3,0,,0,,0,,1,1,1,1,1,1,1,1,0,,,,,,,,,,,,2,,,,,,,,,,,," ",556400405,,
5,53,264,1,5,1,356.254,"01",240,1,2,,,,,,,,1,0,1,2,0,,888,2,888,2,4,888,4,888,1,0,2,,,3,2,,1,3,2,1,2,,,,,,,,,,,," ",556400505,,
5,53,264,1,6,1,58.9189307692308,"01",120,2,2,,,,,,,,1,0,1,0,0,,888,2,888,2,4,888,4,888,1,0,2,,,3,2,,1,3,1,1,2,,,,,,,,,,,," ",556400605,,
5,53,264,1,7,1,356.254,"01",60,2,2,,,,,,,,1,0,0,,0,,1,2,2,2,2,2,2,2,0,,,,,,,,,,,,2,,,,,,,,,,,," ",556400705,,
5,53,264,1,8,1,58.9189307692308,"01",180,1,2,,,,,,,,1,0,1,2,0,,3,2,3,2,4,3,5,3,0,,,,,,,,,,,,2,,,,,,,,,,,," ",556400805,,
5,53,264,1,9,1,356.254,"02",180,2,2,,,,,,,,1,0,1,2,0,,4,2,2,2,4,4,5,4,1,0,1,,2,,,,1,2,2,1,2,,,,,,,,,,,," ",556400905,,
5,53,264,1,10,1,356.254,"02",240,2,2,,,,,,,,1,0,1,2,0,,4,2,1,2,4,4,5,4,1,0,2,,,3,2,,1,2,2,1,2,,,,,,,,,,,," ",556401005,,
5,53,264,1,11,1,356.254,"01",120,2,2,,,,,,,,0,,0,,0,,2,2,2,2,2,2,2,3,0,,,,,,,,,,,,2,,,,,,,,,,,," ",556401105,,
5,53,264,1,12,1,58.9189307692308,"02",180,2,2,,,,,,,,0,,1,2,0,,888,2,888,2,4,888,4,888,1,0,2,,,3,2,,1,2,1,1,2,,,,,,,,,,,," ",556401205,,
5,53,264,1,13,1,356.254,"03",120,1,2,,,,,,,,1,0,1,0,1,0,1,1,1,1,2,2,2,2,1,0,2,,,6,4,,1,6,2,1,1,,,,,,,,,,,," ",556401305,,
5,53,264,1,14,1,356.254,"02",180,1,2,,,,,,,,1,0,1,2,0,,4,2,888,2,4,888,5,888,1,0,2,,,3,2,,1,3,2,1,2,,,,,,,,,,,," ",556401405,,
5,53,264,1,15,1,356.254,"02",45,1,2,,,,,,,,1,0,1,0,0,,1,2,2,2,2,2,2,2,1,0,2,,,4,3,,1,6,0,1,2,,,,,,,,,,,," ",556401505,,
5,53,264,1,16,1,58.9189307692308,"02",70,1,2,,,,,,,,0,,0,,1,0,1,1,1,1,2,2,2,2,1,0,2,,,5,3,,1,4,0,1,2,,,,,,,,,,,," ",556401605,,
5,53,264,1,17,1,356.254,"02",240,1,2,,,,,,,,0,,1,2,0,,2,2,888,2,4,4,5,888,1,0,1,,2,,,,1,2,2,1,2,,,,,,,,,,,," ",556401705,,
5,53,264,1,18,1,58.9189307692308,"01",120,1,2,,,,,,,,0,,0,,0,,1,2,2,2,2,2,2,2,0,,,,,,,,,,,,2,,,,,,,,,,,," ",556401805,,
5,53,265,2,1,1,716.050453125,"01",70,2,,,,,,,,,1,4,0,,0,,4,2,2,2,2,1,1,4,0,,,,,,,,,,,,2,,,,,,,,,,,," ",556500105,,
5,53,265,2,2,1,716.050453125,"01",120,2,,,,,,,,,1,4,1,4,0,,1,2,2,3,4,1,1,1,1,0,1,,4,,,,1,5,1,1,6,,,,,,,,,,,," ",556500205,,
5,53,265,2,3,1,716.050453125,"01",180,2,,,,,,,,,0,,1,4,0,,3,1,3,3,1,888,4,888,1,0,2,,,2,2,,1,2,1,1,1,,,,,,,,,,,," ",556500305,,
5,53,265,2,4,1,716.050453125,"02",70,1,,,,,,,,,0,,0,,0,,888,2,2,2,2,1,1,4,1,0,1,,5,,,,1,5,1,1,2,,,,,,,,,,,," ",556500405,,
5,53,265,2,5,1,218.2249,"02",120,1,,,,,,,,,0,,1,4,0,,1,1,1,1,1,1,1,1,0,,,,,,,,,,,,1,,,,,,,,,,,," ",556500505,,
5,53,265,2,6,1,218.2249,"02",120,2,,,,,,,,,0,,0,,0,,1,1,1,888,1,888,4,1,1,0,2,,,3,2,,1,2,1,1,1,,,,,,,,,,,," ",556500605,,
5,53,265,2,7,1,218.2249,"01",150,1,,,,,,,,,0,,1,4,0,,1,1,1,1,1,1,1,1,0,,,,,,,,,,,,1,,,,,,,,,,,," ",556500705,,
5,53,265,2,8,1,716.050453125,"01",120,1,,,,,,,,,0,,0,,0,,888,2,1,1,4,1,2,4,1,0,1,,4,,,,1,4,4,1,2,,,,,,,,,,,," ",556500805,,
5,53,265,2,9,1,716.050453125,"03",180,2,,,,,,,,,0,,0,,0,,1,1,1,1,1,1,3,1,1,0,1,,4,,,,1,3,1,1,1,,,,,,,,,,,," ",556500905,,
5,53,265,2,10,1,716.050453125,"02",80,2,,,,,,,,,0,,1,4,0,,4,1,1,2,2,2,4,4,1,0,2,,,4,4,,1,5,2,1,2,,,,,,,,,,,," ",556501005,,
5,53,265,2,11,1,716.050453125,"01",80,2,,,,,,,,,0,,1,4,0,,4,2,2,2,1,1,2,2,1,0,1,,4,,,,1,4,2,1,2,,,,,,,,,,,," ",556501105,,
5,53,265,2,12,1,218.2249,"02",120,2,,,,,,,,,0,,0,,0,,1,1,1,1,1,1,888,1,1,0,1,,2,,,,1,2,1,1,1,,,,,,,,,,,," ",556501205,,
5,53,265,2,13,1,218.2249,"02",100,1,,,,,,,,,0,,1,4,0,,1,1,1,1,1,1,1,1,1,1,2,,,3,3,,1,3,1,1,1,,,,,,,,,,,," ",556501305,,
5,53,265,2,14,1,218.2249,"02",240,2,,,,,,,,,0,,1,4,0,,888,888,888,888,888,888,888,888,1,0,1,,3,,,,1,2,1,1,1,,,,,,,,,,,," ",556501405,,
5,53,265,2,15,1,218.2249,"01",70,1,,,,,,,,,0,,0,,0,,888,1,2,2,1,1,4,4,0,,,,,,,,,,,,2,,,,,,,,,,,," ",556501505,,
5,53,265,2,16,1,218.2249,"02",150,2,,,,,,,,,0,,0,,0,,3,1,3,1,1,3,2,3,1,0,1,,2,,,,1,2,1,1,1,,,,,,,,,,,," ",556501605,,
5,53,265,2,17,1,218.2249,"01",120,1,,2,2,2,2,2,2,2,1,4,1,4,0,,2,2,2,1,4,3,2,1,1,0,1,,4,,,,1,4,4,1,2,,,,,,,,,,,," ",556501705,,
5,53,265,2,18,1,218.2249,"02",200,1,,,,,,,,,0,,1,4,0,,4,2,2,3,2,2,4,4,1,0,2,,,4,4,,1,5,2,1,2,,,,,,,,,,,," ",556501805,,
5,53,266,2,1,1,1278.00605950413,"02",120,2,,,,,,,,,1,0,0,,0,,888,2,888,2,4,888,888,888,0,,,,,,,,,,,,2,,,,,,,,,,,," ",556600105,,
5,53,266,2,2,1,1278.00605950413,"02",240,2,,,,,,,,,0,,0,,0,,1,1,1,888,1,1,1,1,1,0,2,,,2,2,,1,2,1,1,1,,,,,,,,,,,," ",556600205,,
5,53,266,2,3,1,1278.00605950413,"02",180,1,,,,,,,,,0,,0,,0,,2,3,2,2,4,2,2,3,1,0,2,,,6,4,,2,2,2,1,2,,,,,,,,,,,," ",556600305,,
5,53,266,2,4,1,1278.00605950413,"02",120,2,,,,,,,,,0,,0,,0,,888,1,888,888,888,888,5,888,0,,,,,,,,,,,,2,,,,,,,,,,,," ",556600405,,
5,53,266,2,5,1,1278.00605950413,"01",60,2,,,,,,,,,0,,0,,0,,4,888,2,4,2,4,2,888,0,,,,,,,,,,,,2,,,,,,,,,,,," ",556600505,,
5,53,266,2,6,1,1810.758,"02",240,2,,,,,,,,,0,,1,2,0,,888,2,888,2,4,888,5,888,1,0,2,,,3,2,,1,3,2,1,2,,,,,,,,,,,," ",556600605,,
5,53,266,2,7,1,1278.00605950413,"02",180,2,,,,,,,,,0,,1,2,0,,888,1,888,3,1,888,2,888,0,,,,,,,,,,,,1,,,,,,,,,,,," ",556600705,,
5,53,266,2,8,1,1810.758,"01",60,2,,,,,,,,,0,,0,,0,,888,888,888,888,888,888,5,888,1,0,2,,,3,2,,1,3,1,1,1,,,,,,,,,,,," ",556600805,,
5,53,266,2,9,1,1810.758,"02",180,2,,,,,,,,,1,0,1,1,0,,888,2,888,2,4,888,5,888,0,,,,,,,,,,,,2,,,,,,,,,,,," ",556600905,,
5,53,266,2,10,1,1278.00605950413,"02",240,2,,,,,,,,,0,,1,1,0,,888,2,888,2,4,888,5,888,1,0,2,,,3,2,,1,3,2,1,2,,,,,,,,,,,," ",556601005,,
5,53,266,2,11,1,1278.00605950413,"01",120,2,,,,,,,,,0,,0,,0,,1,2,1,1,4,1,1,2,1,0,2,,,4,2,,1,2,0,1,2,,,,,,,,,,,," ",556601105,,
5,53,266,2,12,1,1810.758,"02",120,2,,,,,,,,,0,,0,,0,,888,888,888,4,4,888,5,888,1,0,2,,,3,2,,1,3,1,1,1,,,,,,,,,,,," ",556601205,,
5,53,266,2,13,1,1810.758,"02",60,1,,,,,,,,,0,,0,,0,,888,1,1,4,2,1,4,1,0,,,,,,,,,,,,2,,,,,,,,,,,," ",556601305,,
5,53,266,2,14,1,1278.00605950413,"02",120,2,,,,,,,,,0,,0,,0,,888,888,888,888,888,888,888,888,0,,,,,,,,,,,,1,,,,,,,,,,,," ",556601405,,
5,53,266,2,15,1,1278.00605950413,"02",240,1,,,,,,,,,0,,0,,0,,5,1,1,2,1,1,1,4,1,0,1,,4,,,,1,4,2,1,2,,,,,,,,,,,," ",556601505,,
5,53,266,2,16,1,1810.758,"02",280,1,,2,2,2,2,2,2,2,0,,1,4,0,,1,1,1,1,2,1,5,2,1,0,2,,,4,4,,1,4,4,1,2,,,,,,,,,,,," ",556601605,,
5,53,266,2,17,1,1278.00605950413,"01",280,1,,2,2,2,2,2,2,2,1,0,1,4,0,,5,1,1,2,2,1,5,5,0,,,,,,,,,,,,2,,,,,,,,,,,," ",556601705,,
5,53,266,2,18,1,1810.758,"01",60,2,,,,,,,,,0,,0,,0,,888,2,2,888,888,888,5,2,1,0,2,,,3,2,,1,3,2,1,1,,,,,,,,,,,," ",556601805,,
5,53,267,1,1,1,38.3749383333333,"02",180,2,2,,,,,,,,0,,0,,0,,1,2,1,4,3,2,2,4,0,,,,,,,,,,,,1,,,,,,,,,,,," ",556700105,,
5,53,267,1,2,1,177.1151,"01",120,2,2,,,,,,,,0,,1,4,0,,1,1,1,1,2,2,4,4,1,0,2,,,5,4,,3,5,1,1,5,,,,,,,,,,,," ",556700205,,
5,53,267,1,3,1,38.3749383333333,"01",60,2,2,,,,,,,,0,,1,4,0,,3,2,888,888,2,888,5,888,1,0,1,,3,,,,1,2,1,1,1,,,,,,,,,,,," ",556700305,,
5,53,267,1,4,1,177.1151,"02",120,1,2,,,,,,,,1,0,1,4,0,,2,1,1,1,2,1,1,4,1,1,1,,3,,,,1,4,1,1,5,,,,,,,,,,,," ",556700405,,
5,53,267,1,5,1,38.3749383333333,"02",120,1,2,,,,,,,,0,,0,,0,,1,2,3,2,3,3,2,2,0,,,,,,,,,,,,8,,,,,,,,,,,," ",556700505,,
5,53,267,1,6,1,38.3749383333333,"01",120,1,2,,,,,,,,0,,0,,0,,2,2,2,2,2,2,2,2,0,,,,,,,,,,,,2,,,,,,,,,,,," ",556700605,,
5,53,267,1,7,1,177.1151,"02",120,1,2,,,,,,,,1,4,1,4,0,,4,2,2,2,1,2,4,4,0,,,,,,,,,,,,1,,,,,,,,,,1,,"Saves fuel",556700705,,
5,53,267,1,8,1,177.1151,"08",180,1,2,,,,,,,,0,,1,2,0,,1,1,1,1,2,1,1,2,1,1,2,,,3,2,,1,3,2,1,3,,,,,,,,,,,," ",556700805,,
5,53,267,1,9,1,38.3749383333333,"01",180,2,2,,,,,,,,0,,1,1,0,,3,2,3,2,4,3,5,3,1,0,1,,2,,,,1,2,2,1,2,,,,,,,,,,,," ",556700905,,
5,53,267,1,10,1,177.1151,"02",180,1,2,,,,,,,,0,,1,1,0,,3,1,3,2,4,3,4,888,0,,,,,,,,,,,,2,,,,,,,,,,,," ",556701005,,
5,53,267,1,11,1,177.1151,"02",240,1,2,,,,,,,,0,,1,1,0,,3,1,3,2,4,3,4,888,1,0,1,,2,,,,1,2,1,1,2,,,,,,,,,,,," ",556701105,,
5,53,267,1,12,1,177.1151,"01",90,1,2,,,,,,,,0,,1,4,0,,1,1,1,3,3,3,5,3,1,1,1,,2,,,,1,3,3,0,4,,,,,,,,,,,," ",556701205,,
5,53,267,1,13,1,177.1151,"02",180,1,2,,,,,,,,0,,0,,0,,1,1,2,1,5,1,5,4,1,1,2,,,4,2,,1,2,1,1,2,,,,,,,,,,,," ",556701305,,
5,53,267,1,14,1,177.1151,"02",120,1,2,,,,,,,,0,,0,,0,,2,3,2,4,3,2,3,1,1,1,1,,4,,,,1,2,2,0,2,,,,,,,,,,,," ",556701405,,
5,53,267,1,15,1,177.1151,"01",120,2,2,,,,,,,,0,,0,,0,,888,888,888,888,888,888,5,888,0,,,,,,,,,,,,1,,,,,,,,,,,," ",556701505,,
5,53,267,1,16,1,177.1151,"02",120,1,2,,,,,,,,0,,1,4,0,,3,3,3,3,3,3,3,888,1,1,2,,,2,2,,1,3,1,0,2,,,,,,,,,,,," ",556701605,,
5,53,267,1,17,1,177.1151,"01",180,1,2,,,,,,,,0,,1,4,0,,888,3,888,888,888,888,888,888,1,0,2,,,2,2,,1,2,1,0,1,,,,,,,,,,,," ",556701705,,
5,53,267,1,18,1,177.1151,"02",180,1,2,,,,,,,,0,,0,,0,,1,1,1,1,2,2,3,2,1,0,1,,2,,,,1,2,1,1,2,,,,,,,,,,,," ",556701805,,
5,53,268,1,1,3,30.9653638297872,"02",120,1,2,,,,,,,,0,,1,4,0,,1,1,1,1,1,1,1,4,0,,,,,,,,,,,,1,,,,,,,,,,,," ",556800105,,
5,53,268,1,2,3,30.9653638297872,"02",120,1,2,,,,,,,,0,,0,,0,,4,2,3,4,2,3,5,3,1,0,1,,3,,,,1,3,0,1,2,,,,,,,,,,,," ",556800205,,
5,53,268,1,3,3,83.16412,"02",120,1,1,5,5,2,5,2,2,5,0,,0,,0,,3,3,4,3,888,888,5,1,1,1,2,,,5,3,,1,5,2,1,4,,,,,,,,,,,," ",556800305,,
5,53,268,1,4,3,30.9653638297872,"03",60,2,2,,,,,,,,1,0,1,0,0,,1,1,2,2,2,2,4,4,0,,,,,,,,,,,,2,,,,,,,,,,,," ",556800405,,
5,53,268,1,5,3,83.16412,"01",240,1,2,,,,,,,,0,,1,4,0,,1,1,2,888,1,1,1,4,0,,,,,,,,,,,,4,,,,,,,,,,,," ",556800505,,
5,53,268,1,6,3,83.16412,"02",60,1,1,,,,,,,,1,0,1,4,1,0,4,2,2,2,2,4,4,4,0,,,,,,,,,,,,4,,,,,,,,,,,," ",556800605,,
5,53,268,1,7,3,83.16412,"02",150,1,2,,,,,,,,1,1,1,4,0,,1,1,1,1,1,1,4,1,1,1,1,,2,,,,1,3,1,1,3,,,,,,,,,,,," ",556800705,,
5,53,268,1,8,3,83.16412,"02",60,1,2,,,,,,,,0,,0,,0,,1,2,2,2,3,3,2,4,1,1,2,,,3,2,,1,3,0,1,2,,,,,,,,,,,," ",556800805,,
5,53,268,1,9,3,30.9653638297872,"02",60,2,2,,,,,,,,0,,0,,0,,888,1,888,888,2,888,4,888,0,,,,,,,,,,,,1,,,,,,,,,,,," ",556800905,,
5,53,268,1,10,3,83.16412,"02",240,1,2,,,,,,,,0,,1,1,0,,1,1,1,1,1,1,1,1,1,1,2,,,3,2,,1,3,2,1,1,,,,,,,,,,,," ",556801005,,
5,53,268,1,11,3,83.16412,"04",180,1,1,3,3,2,3,3,3,3,0,,1,1,0,,3,1,3,2,4,3,4,3,1,0,2,,,3,2,,1,3,2,1,2,,,,,,,,,,,," ",556801105,,
5,53,268,1,12,3,83.16412,"02",60,1,2,,,,,,,,0,,1,1,0,,888,888,888,888,888,888,888,888,1,0,2,,,3,2,,1,3,2,1,5,,,,,,,,,,,," ",556801205,,
5,53,268,1,13,3,83.16412,"01",180,1,2,,,,,,,,1,0,1,1,0,,4,2,2,2,4,4,4,888,1,1,1,,2,,,,1,2,2,1,2,,,,,,,,,,,," ",556801305,,
5,53,268,1,14,3,83.16412,"02",240,1,2,,,,,,,,0,,0,,0,,888,2,2,1,4,2,3,2,1,1,2,,,4,2,,1,5,0,1,2,,,,,,,,,,,," ",556801405,,
5,53,268,1,15,3,83.16412,"02",360,1,2,,,,,,,,0,,0,,0,,1,2,2,2,3,2,1,1,1,1,2,,,4,3,,1,2,2,0,1,,,,,,,,,,,," ",556801505,,
5,53,268,1,16,3,83.16412,"02",240,1,2,,,,,,,,0,,0,,0,,2,2,3,2,2,2,3,2,1,0,1,,4,,,,1,2,2,1,2,,,,,,,,,,,," ",556801605,,
5,53,268,1,17,3,83.16412,"04",120,1,2,,,,,,,,0,,0,,0,,2,1,1,3,2,2,888,4,1,1,2,,,4,2,,1,3,1,1,2,,,,,,,,,,,," ",556801705,,
5,53,268,1,18,3,83.16412,"02",240,1,2,,,,,,,,1,0,1,1,0,,4,2,2,2,4,4,4,888,1,0,1,,2,,,,1,2,2,0,2,,,,,,,,,,,," ",556801805,,
5,53,269,2,1,3,71.40509,"02",280,1,,,,,,,,,0,,1,4,0,,888,2,888,888,1,1,4,5,1,0,1,,3,,,,1,6,2,1,2,,,,,,,,,,,," ",556900105,,
5,53,269,2,2,3,71.40509,"02",280,2,,,,,,,,,1,0,1,4,0,,888,1,1,1,1,2,2,2,0,,,,,,,,,,,,555,6,,,,,,,,,,," ",556900205,,
5,53,269,2,3,3,71.40509,"02",120,2,,,,,,,,,1,0,0,,0,,1,1,1,1,1,1,4,1,1,0,1,,3,,,,1,5,2,1,2,,,,,,,,,,,," ",556900305,,
5,53,269,2,4,3,71.40509,"01",40,2,,,,,,,,,0,,0,,0,,888,888,888,888,888,888,888,888,0,,,,,,,,,,,,2,,,,,,,,,,,," ",556900405,,
5,53,269,2,5,3,71.40509,"02",60,2,,,,,,,,,0,,1,0,1,0,2,2,2,2,2,2,4,3,0,,,,,,,,,,,,2,,,,,,,,,,,," ",556900505,,
5,53,269,2,6,3,71.40509,"02",180,1,,,,,,,,,0,,1,0,0,,888,2,888,2,4,3,4,888,0,,,,,,,,,,,,2,,,,,,,,,,,," ",556900605,,
5,53,269,2,7,3,71.40509,"02",180,2,,,,,,,,,0,,0,,0,,888,888,888,888,888,888,888,888,1,0,2,,,3,2,,1,3,2,1,1,,,,,,,,,,,," ",556900705,,
5,53,269,2,8,3,71.40509,"02",120,1,,,,,,,,,0,,0,,1,0,1,2,2,2,2,3,2,2,0,,,,,,,,,,,,5,,,,,,,,,,,," ",556900805,,
5,53,269,2,9,3,71.40509,"02",180,2,,,,,,,,,0,,1,0,0,,3,2,888,2,4,888,4,888,0,,,,,,,,,,,,2,,,,,,,,,,,," ",556900905,,
5,53,269,2,10,3,71.40509,"02",120,2,,,,,,,,,0,,1,3,0,,888,888,888,888,888,888,888,888,0,,,,,,,,,,,,1,,,,,,,,,,,," ",556901005,,
5,53,269,2,11,3,71.40509,"02",240,2,,,,,,,,,1,0,1,0,0,,888,2,888,2,4,888,4,888,1,0,1,,2,,,,1,3,1,1,2,,,,,,,,,,,," ",556901105,,
5,53,269,2,12,3,71.40509,"02",60,2,,,,,,,,,0,,0,,0,,3,3,3,3,3,3,3,888,1,0,1,,2,,,,1,3,1,1,1,,,,,,,,,,,," ",556901205,,
5,53,269,2,13,3,71.40509,"01",180,2,,,,,,,,,1,0,1,0,0,,888,2,888,2,888,888,888,888,0,,,,,,,,,,,,2,,,,,,,,,,,," ",556901305,,
5,53,269,2,14,3,71.40509,"02",120,1,,,,,,,,,0,,0,,0,,888,888,888,888,888,888,888,888,1,0,1,,2,,,,1,2,1,0,1,,,,,,,,,,,," ",556901405,,
5,53,269,2,15,3,71.40509,"02",120,2,,,,,,,,,0,,0,,0,,888,2,888,888,5,888,5,888,1,0,1,,4,,,,1,5,2,1,2,,,,,,,,,,,," ",556901505,,
5,53,269,2,16,3,71.40509,"01",180,2,,,,,,,,,0,,0,,0,,4,2,2,4,4,4,5,3,0,,,,,,,,,,,,1,,,,,,,,,,,," ",556901605,,
5,53,269,2,17,3,71.40509,"02",180,2,,,,,,,,,0,,0,,0,,2,2,3,888,888,888,5,888,0,,,,,,,,,,,,2,,,,,,,,,,,," ",556901705,,
5,53,269,2,18,3,71.40509,"02",120,1,,,,,,,,,0,,1,1,0,,1,1,1,3,1,1,1,1,1,0,1,,3,,,,1,2,1,1,1,,,,,,,,,,,," ",556901805,,
5,53,270,2,1,3,75.75729,"02",240,1,,,,,,,,,0,,1,0,0,,5,4,3,5,5,1,4,4,1,0,2,,,3,2,,1,2,1,1,2,,,,,,,,,,,," ",557000105,,
5,53,270,2,2,3,53.9244598958333,"02",120,2,,,,,,,,,0,,1,2,0,,888,2,888,2,4,888,2,888,1,0,2,,,3,2,,1,3,2,1,2,,,,,,,,,,,," ",557000205,,
5,53,270,2,3,3,53.9244598958333,"01",120,2,,,,,,,,,0,,1,1,0,,888,2,888,2,4,888,4,888,1,0,2,,,3,2,,1,3,2,1,2,,,,,,,,,,,," ",557000305,,
5,53,270,2,4,3,53.9244598958333,"02",240,2,,,,,,,,,1,0,1,0,0,,1,2,2,2,2,2,2,2,1,0,2,,,4,3,,1,5,0,1,2,,,,,,,,,,,," ",557000405,,
5,53,270,2,5,3,53.9244598958333,"01",60,2,,,,,,,,,0,,0,,0,,888,888,888,888,888,888,888,888,1,0,1,,2,,,,1,3,1,1,1,,,,,,,,,,,," ",557000505,,
5,53,270,2,6,3,53.9244598958333,"01",180,1,,3,3,3,3,3,3,3,0,,1,3,0,,1,1,1,1,1,1,1,1,1,0,1,,2,,,,1,2,1,1,3,,,,,,,,,,,," ",557000605,,
5,53,270,2,7,3,53.9244598958333,"02",120,2,,,,,,,,,0,,1,0,1,0,2,2,2,2,2,2,2,5,1,0,2,,,5,3,,1,5,0,1,2,,,,,,,,,,,," ",557000705,,
5,53,270,2,8,3,53.9244598958333,"02",45,2,,,,,,,,,1,0,1,0,1,0,1,1,2,1,2,2,2,2,1,0,2,,,4,3,,1,5,0,1,2,,,,,,,,,,,," ",557000805,,
5,53,270,2,9,3,53.9244598958333,"01",120,2,,,,,,,,,0,,1,0,1,0,1,2,2,2,2,2,3,4,0,,,,,,,,,,,,6,,,,,,,,,,,," ",557000905,,
5,53,270,2,10,3,75.75729,"02",120,1,,,,,,,,,0,,1,4,0,,5,1,1,1,4,1,5,1,1,1,1,,4,,,,1,5,2,1,2,,,,,,,,,,,," ",557001005,,
5,53,270,2,11,3,75.75729,"02",280,1,,,,,,,,,1,0,1,4,0,,5,1,1,1,1,1,5,4,1,0,1,,4,,,,1,5,1,1,2,,,,,,,,,,,," ",557001105,,
5,53,270,2,12,3,75.75729,"02",120,1,,,,,,,,,0,,1,4,0,,4,2,1,5,1,1,5,5,1,0,1,,4,,,,1,5,2,1,2,,,,,,,,,,,," ",557001205,,
5,53,270,2,13,3,75.75729,"02",60,2,,,,,,,,,0,,1,0,0,,3,2,4,4,4,1,1,4,1,1,2,,,4,2,,2,4,1,1,2,,,,,,,,,,,," ",557001305,,
5,53,270,2,14,3,75.75729,"02",180,1,,,,,,,,,1,0,0,,0,,888,2,888,4,2,1,2,4,1,0,2,,,3,2,,1,4,0,1,2,,,,,,,,,,,," ",557001405,,
5,53,270,2,15,3,75.75729,"02",120,2,,,,,,,,,0,,1,4,0,,1,1,1,1,1,1,1,1,0,,,,,,,,,,,,1,,,,,,,,,,,," ",557001505,,
5,53,270,2,16,3,75.75729,"02",120,1,,,,,,,,,0,,0,,0,,888,1,888,3,1,888,1,888,1,0,1,,2,,,,1,3,1,1,1,,,,,,,,,,,," ",557001605,,
5,53,270,2,17,3,75.75729,"02",180,1,,,,,,,,,1,0,1,2,0,,888,2,888,2,4,888,4,888,1,0,1,,2,,,,1,2,2,1,2,,,,,,,,,,,," ",557001705,,
5,53,270,2,18,3,75.75729,"02",180,1,,,,,,,,,0,,1,1,0,,888,2,888,2,4,888,4,888,1,0,1,,2,,,,1,3,2,1,2,,,,,,,,,,,," ",557001805,,
5,53,271,2,1,1,215.810832847991,"02",120,1,,3,3,3,3,3,3,3,1,0,1,0,1,0,2,2,2,2,2,2,2,1,1,0,2,,,5,3,,1,4,1,1,2,,,,,,,,,,,," ",557100105,,
5,53,271,2,2,1,215.810832847991,"01",120,2,,,,,,,,,0,,0,,0,,5,1,1,4,1,1,5,5,1,0,1,,4,,,,1,4,1,1,2,,,,,,,,,,,," ",557100205,,
5,53,271,2,3,1,215.810832847991,"02",120,1,,,,,,,,,0,,0,,0,,5,2,1,2,4,2,4,2,1,0,1,,3,,,,1,4,1,1,2,,,,,,,,,,,," ",557100305,,
5,53,271,2,4,1,215.810832847991,"02",120,1,,,,,,,,,1,0,0,,1,0,1,2,2,2,2,2,2,4,1,0,2,,,3,2,,1,4,1,1,2,,,,,,,,,,,," ",557100405,,
5,53,271,2,5,1,215.810832847991,"02",240,2,,,,,,,,,0,,0,,0,,3,2,2,4,2,4,2,4,0,,,,,,,,,,,,2,,,,,,,,,,,," ",557100505,,
5,53,271,2,6,1,215.810832847991,"02",240,2,,,,,,,,,1,0,0,,0,,3,2,3,888,4,2,4,4,1,0,1,,4,,,,1,4,1,1,2,,,,,,,,,,,," ",557100605,,
5,53,271,2,7,1,215.810832847991,"02",240,2,,,,,,,,,0,,1,2,0,,888,2,888,2,4,888,5,4,1,0,1,,2,,,,1,3,2,1,2,,,,,,,,,,,," ",557100705,,
5,53,271,2,8,1,215.810832847991,"02",180,2,,,,,,,,,0,,1,2,0,,888,2,888,2,4,888,4,888,1,0,2,,,2,2,,1,3,1,1,2,,,,,,,,,,,," ",557100805,,
5,53,271,2,9,1,215.810832847991,"02",180,1,,,,,,,,,0,,1,2,0,,888,2,888,2,4,888,4,888,1,0,2,,,3,2,,1,3,1,1,2,,,,,,,,,,,," ",557100905,,
5,53,271,2,10,1,215.810832847991,"01",120,2,,,,,,,,,0,,0,,0,,888,888,888,888,888,888,888,888,0,,,,,,,,,,,,1,,,,,,,,,,,," ",557101005,,
5,53,271,2,11,1,215.810832847991,"02",120,1,,,,,,,,,1,0,1,0,1,0,1,2,2,2,2,2,2,2,0,,,,,,,,,,,,2,,,,,,,,,,,," ",557101105,,
5,53,271,2,12,1,215.810832847991,"02",90,1,,,,,,,,,0,,0,,0,,888,888,888,888,888,888,888,888,1,0,1,,4,,,,1,2,1,1,1,,,,,,,,,,,," ",557101205,,
5,53,271,2,13,1,215.810832847991,"02",60,1,,,,,,,,,1,0,1,0,1,0,1,2,2,2,2,2,2,2,0,,,,,,,,,,,,3,,,,,,,,,,,," ",557101305,,
5,53,271,2,14,1,215.810832847991,"02",90,2,,,,,,,,,0,,0,,0,,888,888,888,888,888,888,888,888,1,0,2,,,2,2,,1,2,0,1,1,,,,,,,,,,,," ",557101405,,
5,53,271,2,15,1,18527.36,"02",180,1,,,,,,,,,0,,0,,0,,888,888,888,888,888,888,888,888,0,,,,,,,,,,,,8,,,,,,,,,,,," ",557101505,,
5,53,271,2,16,1,215.810832847991,"02",70,1,,,,,,,,,0,,1,4,0,,888,1,1,4,4,1,4,4,1,0,1,,2,,,,1,4,1,1,2,,,,,,,,,,,," ",557101605,,
5,53,271,2,17,1,215.810832847991,"01",280,1,,,,,,,,,1,0,0,,0,,5,1,1,2,4,1,4,4,1,0,1,,4,,,,1,4,1,1,5,,,,,,,,,,,," ",557101705,,
5,53,271,2,18,1,215.810832847991,"01",120,1,,,,,,,,,1,4,1,4,0,,5,1,2,4,1,1,4,4,0,,,,,,,,,,,,1,,,,,,,,,,,," ",557101805,,
5,53,272,2,1,2,,"01",120,1,,,,,,,,,0,,1,4,0,,3,2,3,2,2,3,4,888,0,0,4,8,,,,,3,2,1,1,6,,1,,,,,,,,,," ",557200105,5,18.5555553436279
5,53,272,2,2,2,,"01",90,2,,,,,,,,,0,,0,,0,,3,2,3,3,4,3,4,888,1,0,1,,2,,,,1,2,0,0,555,6,1,,,,,,,,,," ",557200205,5,18.5555553436279
5,53,272,2,3,2,,"01",100,1,,,,,,,,,0,,1,4,0,,888,2,888,2,2,888,2,888,0,,,,,,,,,,,,1,,1,,,,,,,,,," ",557200305,5,18.5555553436279
5,53,272,2,4,2,,"02",120,2,,1,1,1,9,9,9,9,0,,1,4,0,,2,888,3,3,3,4,4,888,1,0,1,,2,,,,1,5,0,1,555,6,1,,,,,,,,,," ",557200405,5,18.5555553436279
5,53,272,2,5,2,,"01",90,2,,,,,,,,,0,,1,4,0,,3,2,3,4,4,3,888,4,1,1,2,,,3,2,,1,2,1,1,555,6,1,,,,,,,,,," ",557200505,5,18.5555553436279
5,53,272,2,6,2,,"01",120,2,,,,,,,,,0,,0,,0,,3,2,3,888,888,3,4,3,1,0,2,,,3,2,,1,3,0,1,4,,1,,,,,,,,,," ",557200605,5,18.5555553436279
5,53,272,2,7,2,,"01",120,2,,,,,,,,,0,,0,,0,,1,5,1,5,4,4,5,5,1,0,1,,3,,,,1,3,1,0,5,,,,1,,,,,,,," ",557200705,5,18.5555553436279
5,53,272,2,8,2,,"02",120,2,,,,,,,,,0,,1,1,0,,2,4,2,1,1,3,4,2,1,0,1,,3,,,,1,3,1,0,2,,,,1,,,,,,,," ",557200805,5,18.5555553436279
5,53,272,2,9,2,,"03",240,2,,,,,,,,,0,,0,,0,,2,2,2,2,2,4,4,4,1,1,1,,4,,,,1,5,1,1,1,,,,1,,,,,,,," ",557200905,5,18.5555553436279
5,53,272,2,10,2,,"01",120,2,,,,,,,,,0,,1,4,0,,3,2,3,4,4,3,4,4,1,1,1,,2,,,,1,3,1,1,4,,1,,,,,,,,,," ",557201005,5,18.5555553436279
5,53,272,2,11,2,,"04",150,2,,,,,,,,,0,,0,,0,,1,2,888,5,3,4,2,1,0,,,,,,,,,,,,7,,,,1,,,,,,,," ",557201105,5,18.5555553436279
5,53,272,2,12,2,,"02",120,2,,,,,,,,,0,,1,4,0,,2,2,3,3,2,3,4,888,1,1,1,,2,,,,1,3,1,0,4,,1,,,,,,,,,," ",557201205,5,18.5555553436279
5,53,272,2,13,2,,"01",240,2,,,,,,,,,0,,0,,0,,1,4,1,4,5,5,2,3,1,1,1,,3,,,,1,2,1,1,5,,,,1,,,,,,,," ",557201305,5,18.5555553436279
5,53,272,2,14,2,,"02",90,2,,,,,,,,,0,,1,4,0,,2,2,3,5,2,3,4,888,1,0,1,,2,,,,1,2,0,1,6,,1,,,,,,,,,," ",557201405,5,18.5555553436279
5,53,272,2,15,2,,"01",120,2,,,,,,,,,0,,0,,0,,1,3,4,4,1,4,1,2,1,0,2,,,4,3,,1,4,2,0,4,,,,1,,,,,,,," ",557201505,5,18.5555553436279
5,53,272,2,16,2,,"02",240,2,,,,,,,,,0,,0,,0,,2,3,2,3,1,2,4,2,0,,,,,,,,,,,,6,,1,,,,,,,,,," ",557201605,5,18.5555553436279
5,53,272,2,17,2,,"02",120,2,,,,,,,,,0,,1,4,0,,3,2,3,888,3,888,4,888,0,,,,,,,,,,,,555,6,1,,,,,,,,,," ",557201705,5,18.5555553436279
5,53,272,2,18,2,,"02",120,2,,,,,,,,,0,,0,,0,,1,3,2,1,1,1,1,1,1,1,2,,,4,4,,1,3,1,0,4,,,,1,,,,,,,," ",557201805,5,18.5555553436279
5,53,273,2,1,2,,"02",60,2,,,,,,,,,0,,0,,0,,2,2,2,2,4,2,4,888,0,,,,,,,,,,,,2,,1,,,,,,,,,," ",557300105,5,18.5555553436279
5,53,273,2,2,2,,"02",90,2,,,,,,,,,0,,0,,0,,2,2,2,2,4,888,4,888,0,,,,,,,,,,,,2,,1,,,,,,,,,," ",557300205,5,18.5555553436279
5,53,273,2,3,2,,"01",60,2,,,,,,,,,0,,0,,0,,2,2,2,2,4,4,4,888,0,,,,,,,,,,,,4,,1,,,,,,,,,," ",557300305,5,18.5555553436279
5,53,273,2,4,2,,"01",90,2,,,,,,,,,0,,1,4,0,,888,2,5,4,2,888,3,888,0,,,,,,,,,,,,1,,1,,,,,,,,,," ",557300405,5,18.5555553436279
5,53,273,2,5,2,,"02",60,2,,,,,,,,,0,,0,,0,,2,2,2,2,4,4,5,888,0,,,,,,,,,,,,2,,1,,,,,,,,,," ",557300505,5,18.5555553436279
5,53,273,2,6,2,,"01",180,2,,,,,,,,,0,,0,,0,,2,2,2,2,4,888,4,888,0,,,,,,,,,,,,2,,1,,,,,,,,,," ",557300605,5,18.5555553436279
5,53,273,2,7,2,,"02",70,2,,,,,,,,,0,,1,4,0,,888,2,888,5,2,888,2,888,0,,,,,,,,,,,,1,,1,,,,,,,,,," ",557300705,5,18.5555553436279
5,53,273,2,8,2,,"01",60,2,,,,,,,,,0,,0,,0,,2,2,2,2,4,4,4,888,0,,,,,,,,,,,,2,,1,,,,,,,,,," ",557300805,5,18.5555553436279
5,53,273,2,9,2,,"01",120,1,,,,,,,,,0,,1,4,0,,888,2,888,2,2,888,2,888,1,0,1,,2,,,,1,6,1,1,2,,1,,,,,,,,,," ",557300905,5,18.5555553436279
5,53,273,2,10,2,,"01",120,2,,,,,,,,,0,,1,4,0,,888,2,888,2,2,888,2,5,0,,,,,,,,,,,,1,,1,,,,,,,,,," ",557301005,5,18.5555553436279
5,53,273,2,11,2,,"01",60,2,,,,,,,,,0,,0,,0,,2,2,2,2,4,4,5,888,0,,,,,,,,,,,,2,,1,,,,,,,,,," ",557301105,5,18.5555553436279
5,53,273,2,12,2,,"01",120,2,,,,,,,,,0,,1,4,0,,888,2,888,5,2,888,2,2,0,,,,,,,,,,,,1,,1,,,,,,,,,," ",557301205,5,18.5555553436279
5,53,273,2,13,2,,"03",60,2,,,,,,,,,0,,0,,0,,2,2,2,2,4,4,5,888,0,,,,,,,,,,,,2,,1,,,,,,,,,," ",557301305,5,18.5555553436279
5,53,273,2,14,2,,"01",60,1,,,,,,,,,0,,1,4,0,,4,4,2,2,2,2,4,5,0,,,,,,,,,,,,1,,1,,,,,,,,,," ",557301405,5,18.5555553436279
5,53,273,2,15,2,,"01",120,2,,,,,,,,,0,,1,4,0,,888,2,888,2,2,888,2,888,0,,,,,,,,,,,,1,,1,,,,,,,,,," ",557301505,5,18.5555553436279
5,53,273,2,16,2,,"02",60,2,,,,,,,,,0,,0,,0,,2,2,2,2,4,4,5,888,0,,,,,,,,,,,,2,,1,,,,,,,,,," ",557301605,5,18.5555553436279
5,53,273,2,17,2,,"02",80,1,,,,,,,,,0,,1,4,0,,888,2,888,5,2,2,4,4,0,,,,,,,,,,,,1,,1,,,,,,,,,," ",557301705,5,18.5555553436279
5,53,273,2,18,2,,"01",60,2,,,,,,,,,0,,0,,0,,2,2,2,2,4,4,5,888,0,,,,,,,,,,,,2,,1,,,,,,,,,," ",557301805,5,18.5555553436279
5,53,274,2,1,2,,"01",120,1,,,,,,,,,0,,0,,0,,3,2,3,888,4,3,4,4,1,1,1,,2,,,,1,2,1,0,4,,1,,,,,,,,,," ",557400105,5,18.5555553436279
5,53,274,2,2,2,,"01",45,2,,,,,,,,,0,,1,4,0,,3,888,3,5,2,888,4,888,0,,,,,,,,,,,,4,,1,,,,,,,,,," ",557400205,5,18.5555553436279
5,53,274,2,3,2,,"01",120,2,,,,,,,,,0,,0,,0,,3,4,3,888,2,3,4,888,0,,,,,,,,,,,,555,6,1,,,,,,,,,," ",557400305,5,18.5555553436279
5,53,274,2,4,2,,"04",150,2,,,,,,,,,0,,1,2,0,,888,2,888,4,4,888,5,888,0,,,,,,,,,,,,2,,1,,,,,,,,,," ",557400405,5,18.5555553436279
5,53,274,2,5,2,,"02",120,2,,,,,,,,,0,,0,,0,,3,2,3,4,2,3,4,888,0,0,4,8,,,,,3,2,0,1,2,,1,,,,,,,,,," ",557400505,5,18.5555553436279
5,53,274,2,6,2,,"02",90,1,,,,,,,,,0,,1,4,0,,3,2,888,3,5,3,4,888,0,,,,,,,,,,,,4,,1,,,,,,,,,," ",557400605,5,18.5555553436279
5,53,274,2,7,2,,"01",90,1,,,,,,,,,0,,0,,0,,3,2,3,888,4,3,4,3,1,1,4,6,,,,,3,2,0,1,2,,1,,,,,,,,,," ",557400705,5,18.5555553436279
5,53,274,2,8,2,,"01",60,2,,,,,,,,,0,,1,2,0,,2,2,3,5,888,3,4,3,0,0,4,8,,,,,2,2,0,1,2,,1,,,,,,,,,," ",557400805,5,18.5555553436279
5,53,274,2,9,2,,"05",90,2,,,,,,,,,0,,1,4,0,,3,2,3,888,2,3,4,888,0,,,,,,,,,,,,2,,1,,,,,,,,,," ",557400905,5,18.5555553436279
5,53,274,2,10,2,,"01",60,2,,,,,,,,,1,0,1,1,0,,888,2,888,4,2,888,5,5,0,,,,,,,,,,,,4,,1,,,,,,,,,," ",557401005,5,18.5555553436279
5,53,274,2,11,2,,"01",120,2,,,,,,,,,1,1,1,2,0,,888,1,888,4,2,888,5,4,0,,,,,,,,,,,,1,,1,,,,,,,,,," ",557401105,5,18.5555553436279
5,53,274,2,12,2,,"01",60,2,,,,,,,,,1,0,1,3,0,,888,1,888,4,2,888,5,888,1,0,1,,2,,,,1,3,1,1,1,,1,,,,,,,,,," ",557401205,5,18.5555553436279
5,53,274,2,13,2,,"01",150,2,,,,,,,,,1,0,1,3,0,,888,1,888,888,4,888,5,5,1,1,1,,2,,,,1,2,1,1,2,,1,,,,,,,,,," ",557401305,5,18.5555553436279
5,53,274,2,14,2,,"01",180,2,,,,,,,,,1,0,1,3,0,,888,2,888,4,2,888,5,3,1,0,1,,2,,,,1,5,1,1,1,,1,,,,,,,,,," ",557401405,5,18.5555553436279
5,53,274,2,15,2,,"01",60,2,,,,,,,,,0,,1,0,0,,888,1,888,4,2,888,5,888,0,,,,,,,,,,,,1,,1,,,,,,,,,," ",557401505,5,18.5555553436279
5,53,274,2,16,2,,"03",180,2,,,,,,,,,1,0,1,2,0,,888,2,888,4,2,888,4,4,1,0,1,,2,,,,1,2,1,1,2,,1,,,,,,,,,," ",557401605,5,18.5555553436279
5,53,274,2,17,2,,"01",210,1,,,,,,,,,0,,1,3,0,,888,1,888,4,4,888,5,888,1,1,1,,2,,,,1,4,2,1,2,,1,,,,,,,,,," ",557401705,5,18.5555553436279
5,53,274,2,18,2,,"01",120,1,,,,,,,,,0,,1,4,0,,3,2,3,4,2,3,4,2,0,,,,,,,,,,,,555,6,1,,,,,,,,,," ",557401805,5,18.5555553436279
5,53,275,2,1,2,,"01",120,1,,,,,,,,,0,,0,,0,,888,2,2,2,2,2,2,888,1,0,1,,3,,,,1,2,1,0,2,,1,,1,,,,,,,," ",557500105,5,18.5555553436279
5,53,275,2,2,2,,"02",120,1,,,,,,,,,0,,0,,0,,2,2,4,2,4,3,4,4,1,1,2,,,3,2,,1,3,1,1,2,,,,1,,,,,,,," ",557500205,5,18.5555553436279
5,53,275,2,3,2,,"01",180,2,,,,,,,,,0,,0,,0,,1,2,2,2,3,4,4,4,1,1,2,,,2,2,,1,5,1,0,4,,,,1,,,,,,,," ",557500305,5,18.5555553436279
5,53,275,2,4,2,,"02",180,1,,,,,,,,,0,,0,,0,,1,4,4,2,2,1,1,1,1,0,1,,4,,,,1,4,2,0,4,,,,1,,,,,,,," ",557500405,5,18.5555553436279
5,53,275,2,5,2,,"01",180,2,,,,,,,,,0,,0,,0,,2,2,4,4,4,4,2,2,0,,,,,,,,,,,,2,,1,,,,,,,,,," ",557500505,5,18.5555553436279
5,53,275,2,6,2,,"02",60,1,,,,,,,,,0,,1,4,0,,888,2,888,2,2,888,2,888,0,,,,,,,,,,,,1,,1,,,,,,,,,," ",557500605,5,18.5555553436279
5,53,275,2,7,2,,"02",180,2,,,,,,,,,0,,1,4,0,,888,2,2,2,2,2,2,2,1,0,2,,,2,2,,1,2,1,1,2,,,,,,,,,,,888," ",557500705,5,18.5555553436279
5,53,275,2,8,2,,"01",240,1,,,,,,,,,0,,0,,0,,2,2,4,4,4,3,4,3,0,,,,,,,,,,,,2,,1,,,,,,,,,," ",557500805,5,18.5555553436279
5,53,275,2,9,2,,"01",240,1,,,,,,,,,0,,0,,0,,4,2,3,4,4,3,4,4,1,0,2,,,3,2,,1,3,1,1,2,,,,1,,,,,,,," ",557500905,5,18.5555553436279
5,53,275,2,10,2,,"01",120,2,,,,,,,,,0,,0,,0,,3,3,3,3,3,3,3,3,1,0,1,,2,,,,1,2,1,1,2,,1,,,,,,,,,," ",557501005,5,18.5555553436279
5,53,275,2,11,2,,"01",260,1,,,,,,,,,0,,0,,0,,4,2,2,4,4,3,4,4,1,0,1,,2,,,,1,2,1,1,2,,,,1,,,,,,,," ",557501105,5,18.5555553436279
5,53,275,2,12,2,,"01",180,2,,,,,,,,,0,,0,,0,,5,2,4,3,3,3,4,3,1,0,1,,4,,,,1,2,1,1,2,,,,1,,,,,,,," ",557501205,5,18.5555553436279
5,53,275,2,13,2,,"02",240,1,,,,,,,,,0,,0,,0,,2,2,4,4,4,3,3,4,1,0,1,,2,,,,1,2,1,1,2,,,,1,,,,,,,," ",557501305,5,18.5555553436279
5,53,275,2,14,2,,"01",120,1,,,,,,,,,0,,0,,0,,888,3,3,3,3,3,3,3,1,0,2,,,3,2,,1,2,1,1,2,,,,1,,,,,,,," ",557501405,5,18.5555553436279
5,53,275,2,15,2,,"01",250,1,,,,,,,,,0,,0,,0,,2,2,2,2,4,3,4,4,1,0,2,,,2,2,,1,2,1,1,2,,1,,,,,,,,,," ",557501505,5,18.5555553436279
5,53,275,2,16,2,,"01",60,2,,,,,,,,,0,,0,,0,,4,2,2,3,3,3,3,3,1,0,2,,,3,2,,1,2,1,1,2,,,,1,,,,,,,," ",557501605,5,18.5555553436279
5,53,275,2,17,2,,"03",60,2,,,,,,,,,0,,0,,0,,3,4,3,3,3,3,3,3,1,0,2,,,2,2,,1,2,1,1,2,,1,,,,,,,,,," ",557501705,5,18.5555553436279
5,53,275,2,18,2,,"01",180,2,,,,,,,,,0,,0,,0,,2,2,2,2,2,3,4,3,1,0,2,,,3,2,,1,2,1,1,2,,1,,,,,,,,,," ",557501805,5,18.5555553436279
5,53,276,2,1,2,,"01",190,1,,,,,,,,,0,,0,,0,,4,2,4,4,3,3,4,4,1,0,2,,,3,2,,1,3,1,1,2,,,,,,,,,,,," ",557600105,5,18.5555553436279
5,53,276,2,2,2,,"01",180,2,,,,,,,,,0,,0,,0,,4,2,2,3,4,3,4,4,0,,,,,,,,,,,,2,,1,,,,,,,,,," ",557600205,5,18.5555553436279
5,53,276,2,3,2,,"01",180,2,,,,,,,,,0,,0,,0,,4,4,4,2,2,3,4,3,0,,,,,,,,,,,,2,,1,,,,,,,,,888," ",557600305,5,18.5555553436279
5,53,276,2,4,2,,"02",220,2,,,,,,,,,0,,0,,0,,4,2,2,2,4,3,4,3,0,,,,,,,,,,,,2,,1,,,,,,,,,," ",557600405,5,18.5555553436279
5,53,276,2,5,2,,"01",180,2,,,,,,,,,0,,0,,0,,2,4,3,4,4,4,2,3,0,,,,,,,,,,,,2,,1,,,,,,,,,," ",557600505,5,18.5555553436279
5,53,276,2,6,2,,"01",260,2,,,,,,,,,0,,0,,0,,4,4,3,4,4,3,3,3,0,,,,,,,,,,,,2,,,,,,,,,,,888," ",557600605,5,18.5555553436279
5,53,276,2,7,2,,"01",120,1,,,,,,,,,0,,0,,0,,4,2,3,4,4,3,4,4,0,,,,,,,,,,,,2,,1,,,,,,,,,," ",557600705,5,18.5555553436279
5,53,276,2,8,2,,"01",240,2,,,,,,,,,0,,0,,0,,4,4,2,2,2,3,4,3,1,0,2,,,3,2,,1,3,1,1,2,,,,1,,,,,,,," ",557600805,5,18.5555553436279
5,53,276,2,9,2,,"01",180,2,,,,,,,,,0,,0,,0,,4,2,3,4,4,3,3,4,1,0,2,,,2,2,,1,3,1,1,2,,,,,,,,,,,," ",557600905,5,18.5555553436279
5,53,276,2,10,2,,"02",120,1,,,,,,,,,0,,1,4,0,,2,4,2,5,2,4,2,2,0,,,,,,,,,,,,1,,1,,,,,,,,,," ",557601005,5,18.5555553436279
5,53,276,2,11,2,,"01",60,1,,,,,,,,,0,,1,4,0,,888,2,888,2,2,888,2,4,0,,,,,,,,,,,,1,,1,,,,,,,,,," ",557601105,5,18.5555553436279
5,53,276,2,12,2,,"01",60,2,,,,,,,,,0,,1,4,0,,888,2,888,2,2,888,2,888,0,,,,,,,,,,,,1,,1,,,,,,,,,," ",557601205,5,18.5555553436279
5,53,276,2,13,2,,"06",150,1,,,,,,,,,0,,1,4,0,,888,2,888,2,2,888,2,888,0,,,,,,,,,,,,2,,1,,,,,,,,,," ",557601305,5,18.5555553436279
5,53,276,2,14,2,,"01",120,2,,,,,,,,,0,,1,4,0,,888,2,888,2,2,888,2,2,0,,,,,,,,,,,,2,,1,,,,,,,,,," ",557601405,5,18.5555553436279
5,53,276,2,15,2,,"01",60,2,,,,,,,,,0,,1,4,0,,888,2,888,5,2,888,2,888,0,,,,,,,,,,,,2,,1,,,,,,,,,," ",557601505,5,18.5555553436279
5,53,276,2,16,2,,"02",120,1,,,,,,,,,0,,1,4,0,,888,2,888,2,2,888,2,888,0,,,,,,,,,,,,1,,1,,,,,,,,,," ",557601605,5,18.5555553436279
5,53,276,2,17,2,,"01",90,1,,,,,,,,,0,,1,4,0,,888,2,888,2,2,888,2,888,0,,,,,,,,,,,,1,,,,1,,,,,,,," ",557601705,5,18.5555553436279
5,53,276,2,18,2,,"01",180,1,,,,,,,,,0,,1,4,0,,2,2,4,2,2,5,2,2,0,,,,,,,,,,,,1,,1,,,,,,,,,," ",557601805,5,18.5555553436279
5,53,277,2,1,2,,"01",90,2,,,,,,,,,0,,0,,0,,2,2,2,2,4,888,4,888,0,,,,,,,,,,,,2,,1,,,,,,,,,," ",557700105,5,18.5555553436279
5,53,277,2,2,2,,"01",60,2,,,,,,,,,0,,0,,0,,2,2,2,2,4,4,4,888,0,,,,,,,,,,,,2,,1,,,,,,,,,," ",557700205,5,18.5555553436279
5,53,277,2,3,2,,"01",90,2,,,,,,,,,0,,0,,0,,2,2,2,2,4,888,4,888,0,,,,,,,,,,,,2,,1,,,,,,,,,," ",557700305,5,18.5555553436279
5,53,277,2,4,2,,"08",90,2,,,,,,,,,0,,0,,0,,2,2,2,2,4,4,4,888,0,,,,,,,,,,,,1,,1,,,,,,,,,," ",557700405,5,18.5555553436279
5,53,277,2,5,2,,"01",90,2,,,,,,,,,0,,0,,0,,2,2,2,2,4,888,4,888,0,,,,,,,,,,,,2,,1,,,,,,,,,," ",557700505,5,18.5555553436279
5,53,277,2,6,2,,"03",120,2,,,,,,,,,0,,0,,0,,2,2,2,2,4,888,5,888,0,,,,,,,,,,,,2,,1,,,,,,,,,," ",557700605,5,18.5555553436279
5,53,277,2,7,2,,"01",120,2,,,,,,,,,0,,0,,0,,2,2,2,2,4,888,5,888,0,,,,,,,,,,,,1,,1,,,,,,,,,," ",557700705,5,18.5555553436279
5,53,277,2,8,2,,"01",90,2,,,,,,,,,0,,0,,0,,2,2,2,4,2,2,5,888,0,,,,,,,,,,,,2,,1,,,,,,,,,," ",557700805,5,18.5555553436279
5,53,277,2,9,2,,"01",90,2,,,,,,,,,0,,0,,0,,2,2,2,2,4,888,5,888,0,,,,,,,,,,,,2,,1,,,,,,,,,," ",557700905,5,18.5555553436279
5,53,277,2,10,2,,"01",210,1,,,,,,,,,0,,0,,0,,1,2,3,2,2,1,1,2,0,,,,,,,,,,,,2,,,,1,,,,,,,," ",557701005,5,18.5555553436279
5,53,277,2,11,2,,"02",240,1,,,,,,,,,0,,0,,0,,888,4,5,2,4,1,1,2,0,,,,,,,,,,,,1,,1,,,,,,,,,," ",557701105,5,18.5555553436279
5,53,277,2,12,2,,"01",120,2,,,,,,,,,0,,0,,0,,1,888,3,2,5,3,2,1,0,,,,,,,,,,,,1,,,,1,,,,,,,," ",557701205,5,18.5555553436279
5,53,277,2,13,2,,"02",180,2,,,,,,,,,0,,0,,0,,1,4,2,4,1,2,1,2,0,,,,,,,,,,,,1,,,,1,,,,,,,," ",557701305,5,18.5555553436279
5,53,277,2,14,2,,"02",120,2,,,,,,,,,0,,0,,0,,1,2,3,1,2,2,1,2,0,,,,,,,,,,,,2,,,,1,,,,,,,," ",557701405,5,18.5555553436279
5,53,277,2,15,2,,"03",420,2,,,,,,,,,0,,0,,0,,1,1,3,4,2,1,3,1,0,,,,,,,,,,,,7,,,,1,,,,,,,," ",557701505,5,18.5555553436279
5,53,277,2,16,2,,"01",180,2,,,,,,,,,0,,0,,0,,2,4,4,4,888,3,1,2,0,,,,,,,,,,,,1,,,,1,,,,,,,," ",557701605,5,18.5555553436279
5,53,277,2,17,2,,"01",120,1,,,,,,,,,0,,0,,0,,4,5,1,4,3,2,3,2,0,,,,,,,,,,,,4,,,,1,,,,,,,," ",557701705,5,18.5555553436279
5,53,277,2,18,2,,"01",60,2,,,,,,,,,0,,0,,0,,1,1,3,2,1,1,1,4,0,,,,,,,,,,,,2,,,,1,,,,,,,," ",557701805,5,18.5555553436279
5,53,278,2,1,2,,"01",120,2,,,,,,,,,0,,0,,0,,4,2,3,4,2,4,4,4,1,0,2,,,3,2,,1,3,1,1,2,,,,1,,,,,,,," ",557800105,5,18.5555553436279
5,53,278,2,2,2,,"01",160,2,,,,,,,,,0,,0,,0,,4,2,4,4,4,3,4,4,1,0,2,,,4,2,,1,3,1,1,2,,,,1,,,,,,,," ",557800205,5,18.5555553436279
5,53,278,2,3,2,,"02",180,2,,,,,,,,,0,,0,,0,,4,2,3,4,4,4,4,4,1,0,1,,2,,,,1,2,1,1,1,,,1,,,,,,,,," ",557800305,5,18.5555553436279
5,53,278,2,4,2,,"02",260,2,,,,,,,,,0,,0,,0,,3,2,5,4,4,3,4,4,1,1,2,,,3,2,,1,3,1,1,1,,,,1,,,,,,,," ",557800405,5,18.5555553436279
5,53,278,2,5,2,,"01",180,2,,,,,,,,,0,,0,,0,,4,2,3,4,4,2,2,2,1,0,1,,2,,,,1,2,1,1,2,,,,1,,,,,,,," ",557800505,5,18.5555553436279
5,53,278,2,6,2,,"01",240,1,,,,,,,,,0,,0,,0,,4,2,3,4,2,3,4,4,1,0,1,,2,,,,1,2,1,1,2,,1,,,,,,,,,," ",557800605,5,18.5555553436279
5,53,278,2,7,2,,"02",150,2,,2,2,2,2,2,2,2,0,,1,4,0,,3,2,3,888,2,3,4,888,1,0,1,,3,,,,1,5,0,1,555,6,1,,,,,,,,,," ",557800705,5,18.5555553436279
5,53,278,2,8,2,,"04",60,2,,,,,,,,,0,,1,4,0,,3,2,3,888,2,888,4,3,0,,,,,,,,,,,,555,6,1,,,,,,,,,," ",557800805,5,18.5555553436279
5,53,278,2,9,2,,"01",90,2,,,,,,,,,0,,0,,0,,3,2,3,888,4,3,4,888,0,,,,,,,,,,,,4,,1,,,,,,,,,," ",557800905,5,18.5555553436279
5,53,278,2,10,2,,"02",60,2,,,,,,,,,0,,1,4,0,,3,2,888,888,3,888,4,3,1,0,1,,4,,,,1,5,0,0,555,6,,1,,,,,,,,," ",557801005,5,18.5555553436279
5,53,278,2,11,2,,"02",120,1,,,,,,,,,1,0,1,0,0,,888,888,888,4,888,888,888,888,0,,,,,,,,,,,,1,,1,,,,,,,,,," ",557801105,5,18.5555553436279
5,53,278,2,12,2,,"02",90,1,,,,,,,,,0,,0,,0,,888,2,888,888,3,3,4,888,1,0,1,,4,,,,1,3,0,1,555,6,1,,,,,,,,,," ",557801205,5,18.5555553436279
5,53,278,2,13,2,,"01",60,2,,,,,,,,,0,,1,3,0,,888,2,888,4,3,888,5,5,0,,,,,,,,,,,,1,,1,,,,,,,,,," ",557801305,5,18.5555553436279
5,53,278,2,14,2,,"01",120,1,,2,2,1,2,1,1,2,1,0,1,1,0,,4,2,1,5,4,2,5,4,1,0,2,,,2,2,,1,2,1,1,2,,1,,,,,,,,,," ",557801405,5,18.5555553436279
5,53,278,2,15,2,,"01",240,2,,,,,,,,,0,,1,4,0,,888,888,888,888,2,888,5,5,1,0,1,,2,,,,1,2,1,0,2,,1,,,,,,,,,," ",557801505,5,18.5555553436279
5,53,278,2,16,2,,"01",240,1,,,,,,,,,0,,1,0,0,,5,1,2,5,4,2,5,5,1,0,2,,,2,2,,1,2,1,1,5,,1,,,,,,,,,," ",557801605,5,18.5555553436279
5,53,278,2,17,2,,"02",240,2,,2,1,1,2,2,2,1,1,0,1,1,0,,888,2,888,5,1,888,5,3,1,0,1,,2,,,,1,5,1,1,2,,1,,,,,,,,,," ",557801705,5,18.5555553436279
5,53,278,2,18,2,,"01",120,2,,,,,,,,,1,1,1,3,0,,888,1,888,1,2,888,5,3,1,0,2,,,2,2,,1,2,1,1,4,,1,,,,,,,,,," ",557801805,5,18.5555553436279
5,53,279,2,1,2,,"01",240,1,,,,,,,,,0,,0,,0,,2,1,2,3,2,1,2,3,0,,,,,,,,,,,,1,,,,1,,,,,,,," ",557900105,5,18.5555553436279
5,53,279,2,2,2,,"02",300,1,,,,,,,,,0,,0,,0,,1,2,2,2,3,2,2,1,0,,,,,,,,,,,,2,,,,1,,,,,,,," ",557900205,5,18.5555553436279
5,53,279,2,3,2,,"02",120,2,,,,,,,,,1,0,1,2,0,,888,1,888,2,2,888,5,4,0,,,,,,,,,,,,4,,1,,,,,,,,,," ",557900305,5,18.5555553436279
5,53,279,2,4,2,,"01",120,2,,,,,,,,,1,0,1,2,0,,888,1,888,4,2,888,5,3,1,0,1,,3,,,,1,4,1,1,2,,1,,,,,,,,,," ",557900405,5,18.5555553436279
5,53,279,2,5,2,,"01",180,2,,,,,,,,,0,,0,,0,,3,3,3,3,3,1,4,3,1,0,1,,2,,,,1,2,1,1,2,,,,1,,,,,,,," ",557900505,5,18.5555553436279
5,53,279,2,6,2,,"01",90,2,,,,,,,,,0,,0,,0,,2,2,2,2,4,2,4,888,0,,,,,,,,,,,,2,,1,,,,,,,,,," ",557900605,5,18.5555553436279
5,53,279,2,7,2,,"01",120,2,,,,,,,,,0,,0,,0,,2,2,2,2,4,888,5,888,0,,,,,,,,,,,,2,,1,,,,,,,,,," ",557900705,5,18.5555553436279
5,53,279,2,8,2,,"01",70,1,,,,,,,,,0,,1,4,0,,888,2,888,2,2,888,2,888,0,,,,,,,,,,,,2,,1,,,,,,,,,," ",557900805,5,18.5555553436279
5,53,279,2,9,2,,"01",50,2,,,,,,,,,0,,1,4,0,,888,2,888,2,2,888,2,888,0,,,,,,,,,,,,1,,1,,,,,,,,,," ",557900905,5,18.5555553436279
5,53,279,2,10,2,,"03",300,1,,1,1,1,1,1,1,1,0,,0,,0,,2,2,2,2,4,3,1,2,1,0,1,,2,,,,1,2,1,1,2,,1,,,,,,,,,," ",557901005,5,18.5555553436279
5,53,279,2,11,2,,"02",120,1,,,,,,,,,0,,0,,0,,4,4,4,4,4,2,4,3,1,0,2,,,3,2,,1,2,1,1,2,,1,,,,,,,,,," ",557901105,5,18.5555553436279
5,53,279,2,12,2,,"01",90,1,,,,,,,,,0,,0,,0,,2,2,3,888,2,3,4,888,0,,,,,,,,,,,,6,,1,,,,,,,,,," ",557901205,5,18.5555553436279
5,53,279,2,13,2,,"01",240,2,,,,,,,,,0,,0,,0,,4,2,3,4,4,3,4,3,1,0,1,,2,,,,1,2,1,1,2,,1,,,,,,,,,," ",557901305,5,18.5555553436279
5,53,279,2,14,2,,"02",240,1,,3,3,3,3,3,3,3,0,,0,,0,,2,1,1,1,1,1,1,1,1,0,1,,2,,,,1,2,1,1,3,,1,,,,,,,,,," ",557901405,5,18.5555553436279
5,53,279,2,15,2,,"01",380,2,,,,,,,,,0,,0,,0,,3,3,3,3,3,3,3,3,1,0,2,,,3,2,,1,2,1,0,2,,1,,,,,,,,,," ",557901505,5,18.5555553436279
5,53,279,2,16,2,,"02",180,2,,2,2,2,2,2,2,2,0,,0,,0,,3,3,3,3,3,3,3,3,1,0,1,,2,,,,1,2,1,1,2,,1,,,,,,,,,," ",557901605,5,18.5555553436279
5,53,279,2,17,2,,"01",180,2,,,,,,,,,0,,0,,0,,1,1,1,3,3,3,3,3,1,1,2,,,3,2,,1,2,1,1,3,,,,1,,,,,,,," ",557901705,5,18.5555553436279
5,53,279,2,18,2,,"01",120,2,,,,,,,,,0,,0,,0,,1,1,1,3,3,3,3,3,1,0,1,,2,,,,1,2,1,1,3,,1,,,,,,,,,," ",557901805,5,18.5555553436279
5,54,280,2,2,1,628.5525,"02",180,1,,,,,,,,,1,0,1,2,0,,2,5,1,888,4,2,2,888,1,0,2,,,2,2,,1,3,1,1,1,,,,,,,,,,,," ",568000205,,
5,54,280,2,3,1,1508.526,"02",120,2,,,,,,,,,1,0,1,2,0,,888,2,888,3,4,888,3,888,0,,,,,,,,,,,,2,,,,,,,,,,,," ",568000305,,
5,54,280,2,4,1,628.5525,"01",180,2,,,,,,,,,0,,1,4,0,,2,2,888,4,5,5,2,888,1,0,2,,,4,4,,1,4,1,0,5,,,,,,,,,,,," ",568000405,,
5,54,280,2,6,1,628.5525,"02",120,2,,,,,,,,,1,3,1,2,0,,888,2,888,3,2,888,3,888,0,,,,,,,,,,,,2,,,,,,,,,,,," ",568000605,,
5,54,280,2,7,1,628.5525,"01",60,2,,,,,,,,,1,2,0,,0,,888,2,888,3,2,888,888,888,1,0,2,,,4,3,,2,3,1,1,2,,,,,,,,,,,," ",568000705,,
5,54,280,2,8,1,628.5525,"04",60,2,,,,,,,,,0,,0,,0,,888,3,888,3,2,888,3,888,1,0,2,,,5,2,,1,3,1,1,2,,,,,,,,,,,," ",568000805,,
5,54,280,2,9,1,628.5525,"02",90,2,,,,,,,,,0,,0,,0,,2,3,2,888,888,1,5,888,0,,,,,,,,,,,,1,,,,,,,,,,,," ",568000905,,
5,54,280,2,10,1,1508.526,"02",120,2,,,,,,,,,0,,0,,0,,1,1,2,1,1,2,2,1,1,1,2,,,5,3,,1,3,2,1,5,,,,,,,,,,,," ",568001005,,
5,54,280,2,11,1,1508.526,"01",180,1,,,,,,,,,0,,0,,0,,2,2,3,888,2,888,2,888,1,0,2,,,4,3,,1,3,1,1,5,,,,,,,,,,,," ",568001105,,
5,54,280,2,12,1,1508.526,"02",360,2,,,,,,,,,0,,0,,0,,3,2,3,1,3,3,2,1,1,1,2,,,4,3,,1,3,2,1,5,,,,,,,,,,,," ",568001205,,
5,54,280,2,14,1,1508.526,"02",60,1,,,,,,,,,0,,1,4,0,,888,888,5,888,888,888,1,888,1,1,1,,4,,,,1,4,1,1,2,,,,,,,,,,,," ",568001405,,
5,54,280,2,15,1,1508.526,"02",120,2,,,,,,,,,0,,0,,0,,888,2,888,2,1,888,4,2,1,0,2,,,3,2,,1,3,1,1,2,,,,,,,,,,,," ",568001505,,
5,54,280,2,16,1,1508.526,"02",120,1,,,,,,,,,0,,0,,0,,888,2,888,3,1,888,4,888,0,,,,,,,,,,,,2,,,,,,,,,,,," ",568001605,,
5,54,280,2,17,1,1508.526,"02",300,2,,,,,,,,,0,,0,,0,,2,2,888,3,4,888,4,888,1,0,2,,,3,3,,1,4,2,1,2,,,,,,,,,,,," ",568001705,,
5,54,280,2,18,1,1508.526,"02",180,2,,,,,,,,,0,,1,4,0,,888,2,888,5,888,888,1,3,1,0,1,,4,,,,1,6,1,1,2,,,,,,,,,,,," ",568001805,,
5,54,280,2,20,1,628.5525,"02",120,1,,,,,,,,,0,,1,1,0,,888,888,888,888,4,4,2,888,1,0,2,,,4,3,,1,5,2,1,2,,,,,,,,,,,," ",568002005,,
5,54,280,2,21,1,1508.526,"01",180,2,,,,,,,,,0,,1,4,0,,2,888,888,888,888,888,5,888,1,0,1,,2,,,,1,6,0,1,2,,,,,,,,,,,," ",568002105,,
5,54,280,2,22,1,628.5525,"02",70,2,,,,,,,,,0,,1,0,0,,1,3,1,2,888,888,888,888,1,0,2,,,3,2,,1,3,2,1,1,,,,,,,,,,,," ",568002205,,
5,54,281,1,1,1,48.5068913672217,"02",180,2,2,,,,,,,,1,1,1,3,0,,888,2,888,5,888,888,888,888,1,0,1,,2,,,,1,2,2,1,2,,,,,,,,,,,," ",568100105,,
5,54,281,1,2,1,271.9723,"02",240,2,2,,,,,,,,1,0,0,,0,,888,2,888,3,2,888,3,888,1,0,2,,,3,2,,1,3,1,1,2,,,,,,,,,,,," ",568100205,,
5,54,281,1,3,1,48.5068913672217,"02",180,2,2,,,,,,,,1,3,0,,0,,888,2,888,4,4,888,888,888,0,,,,,,,,,,,,2,,,,,,,,,,,," ",568100305,,
5,54,281,1,4,1,48.5068913672217,"02",180,2,2,,,,,,,,0,,0,,0,,3,2,888,3,2,888,3,888,0,,,,,,,,,,,,2,,,,,,,,,,,," ",568100405,,
5,54,281,1,5,1,48.5068913672217,"01",180,2,2,,,,,,,,0,,0,,0,,888,2,888,3,2,888,888,888,0,,,,,,,,,,,,2,,,,,,,,,,,," ",568100505,,
5,54,281,1,6,1,271.9723,"01",90,2,2,,,,,,,,1,0,0,,0,,888,2,888,2,2,888,888,888,0,,,,,,,,,,,,2,,,,,,,,,,,," ",568100605,,
5,54,281,1,7,1,48.5068913672217,"02",150,2,2,1,1,1,1,1,1,1,1,0,1,0,0,,888,2,888,3,4,888,888,888,0,,,,,,,,,,,,2,,,,,,,,,,,," ",568100705,,
5,54,281,1,8,1,271.9723,"03",120,2,2,,,,,,,,0,,1,4,0,,2,888,888,888,888,888,5,888,0,,,,,,,,,,,,2,,,,,,,,,,,," ",568100805,,
5,54,281,1,9,1,271.9723,"02",360,1,1,3,3,3,3,3,3,5,0,,1,4,0,,2,2,2,888,2,2,5,5,1,1,1,,3,,,,1,3,2,1,2,,,,,,,,,,,," ",568100905,,
5,54,281,1,10,1,271.9723,"02",90,1,2,,,,,,,,0,,1,3,0,,2,2,2,5,2,888,2,2,1,1,2,,,2,2,,1,3,2,1,1,,,,,,,,,,,," ",568101005,,
5,54,281,1,11,1,271.9723,"04",90,2,2,,,,,,,,0,,1,4,0,,2,2,888,888,888,888,5,888,1,0,1,,3,,,,1,3,0,0,2,,,,,,,,,,,," ",568101105,,
5,54,281,1,12,1,48.5068913672217,"01",90,1,2,,,,,,,,0,,1,0,0,,2,2,5,888,2,2,5,888,1,0,2,,,2,2,,1,2,2,1,1,,,,,,,,,,,," ",568101205,,
5,54,281,1,13,1,271.9723,"02",180,1,2,3,3,3,3,3,3,5,0,,1,4,0,,888,2,2,5,3,2,5,888,1,1,1,,3,,,,1,3,2,1,2,,,,,,,,,,,," ",568101305,,
5,54,281,1,14,1,271.9723,"02",60,1,2,,,,,,,,1,0,1,3,0,,2,5,2,888,2,2,4,888,1,1,2,,,3,2,,1,3,2,0,1,,,,,,,,,,,," ",568101405,,
5,54,281,1,15,1,271.9723,"02",90,1,2,2,2,2,3,3,3,2,0,,1,3,0,,2,888,1,888,4,2,4,888,1,0,2,,,3,2,,1,2,3,1,1,,,,,,,,,,,," ",568101505,,
5,54,281,1,16,1,48.5068913672217,"02",90,1,2,,,,,,,,0,,1,1,0,,2,5,2,888,888,2,5,888,0,,,,,,,,,,,,1,,,,,,,,,,,," ",568101605,,
5,54,281,1,17,1,271.9723,"01",180,1,2,,,,,,,,0,,1,4,0,,2,2,888,2,5,2,5,888,1,1,1,,2,,,,1,2,1,1,2,,,,,,,,,,,," ",568101705,,
5,54,281,1,18,1,271.9723,"02",60,1,2,,,,,,,,0,,1,0,0,,2,1,3,3,888,2,2,888,1,1,2,,,3,2,,1,2,2,1,1,,,,,,,,,,,," ",568101805,,
5,54,282,1,2,1,155.5122,"04",240,1,2,,,,,,,,1,2,0,,0,,4,2,2,2,4,4,4,1,1,0,1,,2,,,,1,2,1,1,1,,,,,,,,,,,," ",568200205,,
5,54,282,1,3,1,155.5122,"01",120,2,2,3,3,2,3,3,3,3,0,,0,,1,4,1,2,1,1,2,3,3,1,1,0,2,,,4,2,,1,3,2,1,2,,,,,,,,,,,," ",568200305,,
5,54,282,1,4,1,155.5122,"01",180,2,2,3,2,3,3,3,3,2,0,,0,,1,4,3,2,3,2,2,3,4,1,1,0,2,,,3,2,,1,3,1,1,2,,,,,,,,,,,," ",568200405,,
5,54,282,1,5,1,155.5122,"02",240,1,2,,,,,,,,0,,0,,0,,2,2,4,4,4,1,4,1,0,,,,,,,,,,,,2,,,,,,,,,,,," ",568200505,,
5,54,282,1,6,1,155.5122,"04",120,1,2,,,,,,,,0,,0,,0,,1,1,4,2,1,4,888,2,1,1,2,,,3,2,,1,6,2,1,2,,,,,,,,,,,," ",568200605,,
5,54,282,1,7,1,155.5122,"02",120,1,2,2,2,2,5,2,2,5,0,,1,1,0,,4,2,2,1,2,4,4,1,1,0,2,,,3,2,,1,3,1,1,4,,,,,,,,,,,," ",568200705,,
5,54,282,1,8,1,155.5122,"02",180,1,1,,,,,,,,0,,0,,0,,1,2,4,2,2,4,4,1,1,0,1,,4,,,,1,2,1,1,2,,,,,,,,,,,," ",568200805,,
5,54,282,1,9,1,130.323604225352,"01",120,2,2,,,,,,,,0,,0,,0,,1,2,5,888,3,1,4,2,0,,,,,,,,,,,,1,,,,,,,,,,,," ",568200905,,
5,54,282,1,10,1,155.5122,"06",240,1,1,,,,,,,,1,2,1,4,0,,1,2,3,888,3,1,4,1,1,1,1,,4,,,,1,6,2,1,2,,,,,,,,,,,," ",568201005,,
5,54,282,1,11,1,155.5122,"02",120,2,2,,,,,,,,0,,0,,0,,1,1,888,3,1,3,1,3,1,1,2,,,3,2,,1,3,1,1,2,,,,,,,,,,,," ",568201105,,
5,54,282,1,12,1,155.5122,"03",120,1,2,,,,,,,,0,,0,,0,,1,2,888,5,1,888,1,888,1,0,2,,,2,2,,1,2,1,1,2,,,,,,,,,,,," ",568201205,,
5,54,282,1,13,1,155.5122,"01",120,2,2,,,,,,,,0,,0,,0,,1,2,888,888,2,4,2,888,1,0,2,,,2,2,,1,3,1,1,2,,,,,,,,,,,," ",568201305,,
5,54,282,1,14,1,155.5122,"01",120,2,2,,,,,,,,0,,0,,0,,2,2,888,2,4,1,4,888,1,1,1,,2,,,,1,6,1,1,2,,,,,,,,,,,," ",568201405,,
5,54,282,1,16,1,155.5122,"02",60,1,2,,,,,,,,0,,0,,0,,2,1,2,888,5,2,4,5,0,,,,,,,,,,,,4,,,,,,,,,,,," ",568201605,,
5,54,282,1,17,1,155.5122,"02",360,1,2,,,,,,,,0,,0,,0,,1,1,3,1,4,4,2,1,1,1,2,,,3,2,,1,2,2,1,2,,,,,,,,,,,," ",568201705,,
5,54,282,1,18,1,155.5122,"01",360,2,2,5,5,2,5,2,2,5,1,0,0,,1,4,1,1,1,1,1,4,1,1,0,,,,,,,,,,,,4,,,,,,,,,,,," ",568201805,,
5,54,282,1,19,1,155.5122,"07",180,1,2,5,2,2,2,2,2,5,0,,0,,0,,1,2,2,2,1,5,2,1,1,1,2,,,2,2,,1,2,1,1,2,,,,,,,,,,,," ",568201905,,
5,54,282,1,20,1,155.5122,"01",120,2,2,,,,,,,,0,,0,,1,4,1,1,1,1,2,3,1,1,1,0,2,,,3,2,,1,3,1,1,4,,,,,,,,,,,," ",568202005,,
5,54,283,1,1,1,277.2759,"01",120,2,2,,,,,,,,0,,1,1,0,,2,2,5,2,888,3,5,1,1,0,1,,2,,,,1,6,2,1,2,,,,,,,,,,,," ",568300105,,
5,54,283,1,2,1,26.4913280254777,"01",120,2,2,,,,,,,,0,,0,,0,,1,1,4,888,1,5,1,888,1,0,2,,,3,2,,1,3,1,1,2,,,,,,,,,,,," ",568300205,,
5,54,283,1,3,1,26.4913280254777,"01",240,2,2,,,,,,,,0,,0,,0,,3,2,888,2,4,2,3,1,1,0,1,,2,,,,1,2,1,1,2,,,,,,,,,,,," ",568300305,,
5,54,283,1,4,1,277.2759,"07",40,1,1,5,5,5,5,5,5,5,0,,0,,0,,2,1,3,1,3,2,888,888,0,,,,,,,,,,,,2,,,,,,,,,,,," ",568300405,,
5,54,283,1,5,1,277.2759,"01",60,2,2,,,,,,,,0,,0,,0,,2,2,888,2,4,888,1,888,1,0,2,,,3,2,,1,3,2,1,2,,,,,,,,,,,," ",568300505,,
5,54,283,1,6,1,277.2759,"02",120,1,1,,,,,,,,0,,0,,0,,4,2,3,888,4,1,2,2,1,1,1,,2,,,,1,6,2,1,5,,,,,,,,,,,," ",568300605,,
5,54,283,1,7,1,277.2759,"02",60,1,2,,,,,,,,1,888,1,1,0,,4,888,2,888,888,888,2,888,1,1,2,,,3,2,,1,3,0,1,1,,,,,,,,,,,," ",568300705,,
5,54,283,1,8,1,277.2759,"02",120,1,1,,,,,,,,0,,0,,0,,4,2,1,5,888,4,888,2,0,,,,,,,,,,,,2,,,,,,,,,,,," ",568300805,,
5,54,283,1,9,1,277.2759,"01",120,2,2,,,,,,,,0,,1,1,0,,1,1,888,4,1,4,4,2,1,0,2,,,3,2,,1,3,3,1,1,,,,,,,,,,,," ",568300905,,
5,54,283,1,10,1,277.2759,"02",120,2,2,,,,,,,,0,,0,,0,,1,888,888,888,5,888,1,888,1,0,2,,,2,2,,1,2,1,1,2,,,,,,,,,,,," ",568301005,,
5,54,283,1,11,1,277.2759,"02",60,1,2,,,,,,,,1,888,1,0,0,,888,888,1,888,3,2,5,888,1,1,2,,,2,2,,1,3,3,1,1,,,,,,,,,,,," ",568301105,,
5,54,283,1,12,1,26.4913280254777,"02",60,1,2,,,,,,,,0,,0,,0,,2,2,4,2,1,4,4,888,1,0,1,,2,,,,1,2,0,1,2,,,,,,,,,,,," ",568301205,,
5,54,283,1,13,1,277.2759,"02",300,1,2,,,,,,,,1,1,0,,0,,2,2,2,4,4,3,2,1,1,1,1,,4,,,,1,5,1,1,2,,,,,,,,,,,," ",568301305,,
5,54,283,1,14,1,277.2759,"02",240,2,2,2,2,2,2,2,2,2,1,0,1,3,0,,888,2,888,4,2,888,888,888,1,0,2,,,3,2,,1,3,1,1,2,,,,,,,,,,,," ",568301405,,
5,54,283,1,15,1,277.2759,"02",180,1,2,2,2,2,5,2,2,5,1,2,1,0,0,,2,2,5,5,2,4,2,2,1,1,2,,,3,2,,1,3,2,0,1,,,,,,,,,,,," ",568301505,,
5,54,283,1,16,1,277.2759,"02",120,2,2,,,,,,,,0,,0,,0,,1,2,4,4,888,2,4,1,1,0,1,,2,,,,1,3,2,1,5,,,,,,,,,,,," ",568301605,,
5,54,283,1,17,1,277.2759,"02",180,2,2,,,,,,,,1,0,1,2,0,,888,2,888,5,4,888,4,888,1,0,2,,,3,2,,1,3,3,1,1,,,,,,,,,,,," ",568301705,,
5,54,283,1,19,1,277.2759,"02",180,1,2,2,2,2,2,2,2,2,1,888,1,1,1,0,2,5,2,5,888,888,4,888,1,1,2,,,2,2,,1,3,2,0,1,,,,,,,,,,,," ",568301905,,
5,54,284,2,1,1,485.925,"01",180,2,,,,,,,,,0,,1,3,0,,888,2,888,4,2,4,888,888,1,0,2,,,4,3,,1,3,2,1,2,,,,,,,,,,,," ",568400105,,
5,54,284,2,2,1,504.9064453125,"02",120,2,,,,,,,,,0,,1,4,0,,2,2,888,888,888,888,5,888,0,,,,,,,,,,,,2,,,,,,,,,,,," ",568400205,,
5,54,284,2,3,1,485.925,"02",240,2,,,,,,,,,1,0,1,3,0,,888,2,888,4,2,888,888,888,1,0,4,2,,,,,4,3,0,0,2,,,,,,,,,,,," ",568400305,,
5,54,284,2,4,1,485.925,"01",180,2,,,,,,,,,0,,1,3,0,,888,2,888,5,4,888,888,888,0,,,,,,,,,,,,2,,,,,,,,,,,," ",568400405,,
5,54,284,2,5,1,504.9064453125,"01",120,2,,,,,,,,,0,,0,,0,,888,2,888,888,888,888,5,888,0,0,4,4,,,,,2,4,0,1,2,,,,,,,,,,,," ",568400505,,
5,54,284,2,6,1,504.9064453125,"02",240,1,,2,1,1,2,1,2,1,0,,0,,0,,1,2,3,1,2,4,2,1,0,,,,,,,,,,,,2,,,,,,,,,,,," ",568400605,,
5,54,284,2,7,1,485.925,"01",60,2,,,,,,,,,1,0,1,1,1,4,1,1,1,1,1,2,2,2,0,,,,,,,,,,,,2,,,,,,,,,,,," ",568400705,,
5,54,284,2,8,1,485.925,"02",120,2,,,,,,,,,0,,0,,0,,1,2,1,1,2,3,2,2,1,0,2,,,3,2,,1,4,1,1,2,,,,,,,,,,,," ",568400805,,
5,54,284,2,9,1,504.9064453125,"02",120,2,,,,,,,,,0,,1,4,0,,2,2,888,888,888,888,888,888,1,0,3,,,,,3,2,6,0,1,2,,,,,,,,,,,," ",568400905,,
5,54,284,2,10,1,485.925,"02",40,2,,,,,,,,,0,,1,0,0,,2,1,2,888,4,2,888,888,0,,,,,,,,,,,,1,,,,,,,,,,,," ",568401005,,
5,54,284,2,11,1,485.925,"02",160,2,,,,,,,,,0,,1,4,0,,888,888,888,888,888,888,4,888,1,0,1,,2,,,,1,2,0,1,2,,,,,,,,,,,," ",568401105,,
5,54,284,2,12,1,485.925,"02",120,2,,,,,,,,,1,0,1,1,1,0,3,1,3,1,2,2,2,1,0,,,,,,,,,,,,2,,,,,,,,,,,," ",568401205,,
5,54,284,2,13,1,485.925,"02",60,2,,,,,,,,,0,,1,0,0,,2,888,2,888,5,2,4,888,1,1,2,,,3,2,,1,2,2,0,1,,,,,,,,,,,," ",568401305,,
5,54,284,2,14,1,485.925,"02",240,1,,,,,,,,,1,0,1,1,1,4,2,2,2,1,1,2,2,2,1,0,2,,,3,2,,1,2,1,1,2,,,,,,,,,,,," ",568401405,,
5,54,284,2,15,1,485.925,"01",180,1,,,,,,,,,0,,0,,0,,3,2,3,1,1,3,4,2,1,0,2,,,4,2,,1,4,1,1,2,,,,,,,,,,,," ",568401505,,
5,54,284,2,16,1,485.925,"02",60,2,,,,,,,,,0,,1,4,0,,4,2,888,888,888,888,5,888,1,0,1,,2,,,,1,2,2,1,2,,,,,,,,,,,," ",568401605,,
5,54,284,2,17,1,485.925,"01",45,2,,,,,,,,,0,,1,0,0,,888,5,2,888,2,2,4,888,1,0,2,,,3,2,,1,2,2,1,1,,,,,,,,,,,," ",568401705,,
5,54,284,2,18,1,485.925,"01",180,2,,,,,,,,,1,1,1,0,0,,888,1,888,4,4,888,888,888,1,0,2,,,3,2,,1,2,2,0,2,,,,,,,,,,,," ",568401805,,
5,54,285,2,1,1,974.5554,"02",180,2,,,,,,,,,1,3,1,3,0,,888,2,888,3,4,888,888,888,1,0,1,,3,,,,1,3,1,1,1,,,,,,,,,,,," ",568500105,,
5,54,285,2,2,1,974.5554,"01",120,2,,,,,,,,,0,,1,4,0,,888,2,888,888,888,888,5,888,1,0,1,,4,,,,1,4,0,1,2,,,,,,,,,,,," ",568500205,,
5,54,285,2,3,1,1710.344727,"01",120,2,,,,,,,,,0,,1,4,0,,2,2,888,888,888,888,5,888,1,0,1,,2,,,,1,2,0,1,2,,,,,,,,,,,," ",568500305,,
5,54,285,2,4,1,974.5554,"02",120,2,,,,,,,,,0,,1,4,0,,888,2,888,3,3,888,888,888,0,,,,,,,,,,,,2,,,,,,,,,,,," ",568500405,,
5,54,285,2,5,1,974.5554,"01",120,2,,,,,,,,,1,1,1,3,0,,888,2,888,5,3,888,888,888,0,,,,,,,,,,,,2,,,,,,,,,,,," ",568500505,,
5,54,285,2,6,1,1710.344727,"01",240,2,,,,,,,,,1,2,1,0,0,,888,2,888,888,2,888,888,888,0,,,,,,,,,,,,2,,,,,,,,,,,," ",568500605,,
5,54,285,2,7,1,974.5554,"01",180,2,,,,,,,,,1,1,1,3,0,,888,2,888,4,2,888,888,888,0,,,,,,,,,,,,1,,,,,,,,,,,," ",568500705,,
5,54,285,2,8,1,974.5554,"01",90,2,,,,,,,,,0,,1,4,0,,888,2,888,888,888,888,5,888,0,,,,,,,,,,,,1,,,,,,,,,,,," ",568500805,,
5,54,285,2,9,1,1710.344727,"04",60,2,,,,,,,,,0,,1,4,0,,2,2,888,3,888,888,888,888,0,,,,,,,,,,,,2,,,,,,,,,,,," ",568500905,,
5,54,285,2,10,1,974.5554,"01",60,2,,,,,,,,,0,,1,3,0,,1,4,888,888,888,2,888,2,1,0,2,,,2,2,,1,3,2,1,1,,,,,,,,,,,," ",568501005,,
5,54,285,2,11,1,1710.344727,"02",150,2,,,,,,,,,1,0,0,,0,,888,1,888,5,3,888,888,888,0,,,,,,,,,,,,2,,,,,,,,,,,," ",568501105,,
5,54,285,2,12,1,974.5554,"02",60,2,,,,,,,,,0,,1,0,0,,2,1,2,888,888,2,888,888,1,1,2,,,2,2,,1,3,1,1,1,,,,,,,,,,,," ",568501205,,
5,54,285,2,13,1,974.5554,"01",30,1,,,,,,,,,1,0,1,888,0,,2,888,2,888,5,2,4,888,1,0,2,,,2,2,,1,2,1,1,1,,,,,,,,,,,," ",568501305,,
5,54,285,2,14,1,1710.344727,"02",90,1,,,,,,,,,0,,1,0,0,,1,888,2,888,2,1,888,888,0,,,,,,,,,,,,1,,,,,,,,,,,," ",568501405,,
5,54,285,2,15,1,974.5554,"02",150,2,,,,,,,,,1,0,0,,0,,888,2,888,2,2,888,888,888,0,,,,,,,,,,,,2,,,,,,,,,,,," ",568501505,,
5,54,285,2,17,1,974.5554,"02",90,2,,,,,,,,,0,,1,0,0,,2,888,2,888,2,2,2,2,1,1,2,,,2,2,,1,3,2,1,1,,,,,,,,,,,," ",568501705,,
5,54,285,2,18,1,974.5554,"01",60,2,,,,,,,,,0,,0,,0,,2,888,2,888,888,888,5,888,1,1,2,,,3,2,,1,2,2,1,1,,,,,,,,,,,," ",568501805,,
5,54,285,2,19,1,974.5554,"01",40,2,,,,,,,,,0,,1,4,0,,2,2,888,888,888,888,5,888,1,0,1,,3,,,,1,3,0,1,2,,,,,,,,,,,," ",568501905,,
5,54,286,2,1,1,1101.067,"01",120,2,,,,,,,,,1,4,0,,0,,1,2,2,2,4,1,4,2,0,,,,,,,,,,,,1,,,,,,,,,,,," ",568600105,,
5,54,286,2,2,1,1101.067,"02",120,1,,,,,,,,,0,,0,,0,,888,888,888,888,888,888,1,888,1,0,2,,,3,2,,1,3,1,1,5,,,,,,,,,,,," ",568600205,,
5,54,286,2,3,1,1101.067,"02",120,2,,,,,,,,,0,,0,,0,,1,2,888,888,1,888,4,2,1,0,2,,,3,2,,1,5,1,1,5,,,,,,,,,,,," ",568600305,,
5,54,286,2,4,1,1101.067,"01",60,2,,,,,,,,,0,,1,4,0,,1,2,888,3,2,888,2,2,0,,,,,,,,,,,,1,,,,,,,,,,,," ",568600405,,
5,54,286,2,6,1,1101.067,"02",180,1,,,,,,,,,1,1,1,4,1,4,2,1,3,1,1,3,1,1,1,0,2,,,4,2,,1,3,1,1,2,,,,,,,,,,,," ",568600605,,
5,54,286,2,8,1,1101.067,"02",240,2,,,,,,,,,0,,1,3,1,4,2,2,3,2,3,3,4,3,1,0,2,,,4,3,,1,4,1,1,2,,,,,,,,,,,," ",568600805,,
5,54,286,2,9,1,1101.067,"02",240,2,,,,,,,,,0,,1,4,0,,2,2,888,4,5,888,4,888,0,,,,,,,,,,,,2,,,,,,,,,,,," ",568600905,,
5,54,286,2,10,1,1101.067,"01",120,2,,,,,,,,,0,,0,,0,,1,2,888,2,2,4,2,888,1,0,2,,,3,2,,1,3,1,1,2,,,,,,,,,,,," ",568601005,,
5,54,286,2,11,1,1101.067,"02",60,2,,,,,,,,,0,,0,,0,,4,4,888,888,1,888,1,888,1,0,1,,4,,,,1,2,1,1,5,,,,,,,,,,,," ",568601105,,
5,54,286,2,12,1,1101.067,"02",260,2,,,,,,,,,0,,1,4,0,,888,2,888,2,2,888,3,2,1,0,1,,6,,,,1,2,1,1,2,,,,,,,,,,,," ",568601205,,
5,54,286,2,13,1,1101.067,"02",180,2,,,,,,,,,0,,0,,0,,3,1,3,2,2,3,4,3,1,0,2,,,3,2,,1,3,1,1,5,,,,,,,,,,,," ",568601305,,
5,54,286,2,14,1,1101.067,"02",180,1,,,,,,,,,0,,1,2,0,,2,2,888,888,2,888,2,888,1,0,1,,4,,,,1,2,1,1,2,,,,,,,,,,,," ",568601405,,
5,54,286,2,15,1,1101.067,"02",90,1,,,,,,,,,0,,0,,0,,888,888,5,888,2,888,1,888,1,0,1,,2,,,,1,5,1,1,2,,,,,,,,,,,," ",568601505,,
5,54,286,2,16,1,1101.067,"02",60,1,,,,,,,,,0,,0,,0,,888,2,888,888,2,888,5,888,1,0,2,,,3,2,,1,3,1,1,2,,,,,,,,,,,," ",568601605,,
5,54,286,2,17,1,1101.067,"02",120,2,,,,,,,,,0,,0,,0,,888,2,888,3,1,888,1,2,1,1,2,,,5,2,,1,5,1,1,2,,,,,,,,,,,," ",568601705,,
5,54,286,2,18,1,1101.067,"02",240,1,,,,,,,,,1,0,1,1,1,0,1,4,1,1,1,1,2,1,1,1,2,,,5,3,,1,3,3,1,5,,,,,,,,,,,," ",568601805,,
5,54,286,2,19,1,1101.067,"02",240,2,,,,,,,,,0,,1,1,1,1,3,3,3,2,2,3,4,2,1,0,2,,,3,2,,1,3,2,1,2,,,,,,,,,,,," ",568601905,,
5,54,286,2,21,1,1101.067,"02",90,2,,,,,,,,,0,,1,4,0,,1,4,888,888,888,888,2,2,1,0,1,,2,,,,1,2,2,1,2,,,,,,,,,,,," ",568602105,,
5,55,287,2,1,1,266.495759398496,"02",60,2,,,,,,,,,0,,1,2,0,,888,888,888,888,1,888,4,888,0,,,,,,,,,,,,1,,,,,,,,,,,," ",578700105,,
5,55,287,2,2,1,266.495759398496,"02",240,2,,,,,,,,,0,,0,,0,,888,1,2,4,1,4,4,888,1,0,2,,,3,2,,1,3,1,1,1,,,,,,,,,,,," ",578700205,,
5,55,287,2,3,1,266.495759398496,"02",90,1,,,,,,,,,1,888,1,0,0,,2,2,2,888,1,2,4,888,1,0,2,,,3,2,,1,3,1,1,1,,,,,,,,,,,," ",578700305,,
5,55,287,2,4,1,266.495759398496,"02",120,2,,,,,,,,,0,,0,,0,,888,2,888,888,1,888,4,888,0,,,,,,,,,,,,1,,,,,,,,,,,," ",578700405,,
5,55,287,2,5,1,266.495759398496,"02",120,2,,,,,,,,,1,0,1,4,0,,3,1,3,2,2,3,4,2,1,0,2,,,4,3,,1,3,1,1,2,,,,,,,,,,,," ",578700505,,
5,55,287,2,6,1,266.495759398496,"01",90,2,,,,,,,,,0,,1,4,0,,2,2,888,2,888,888,1,888,0,,,,,,,,,,,,2,,,,,,,,,,,," ",578700605,,
5,55,287,2,7,1,266.495759398496,"01",180,2,,,,,,,,,0,,0,,0,,888,2,888,888,888,888,888,888,1,0,2,,,3,3,,2,3,2,1,2,,,,,,,,,,,," ",578700705,,
5,55,287,2,8,1,266.495759398496,"02",180,1,,2,2,1,2,1,2,2,1,0,1,4,0,,4,1,1,1,1,1,4,1,1,0,2,,,5,3,,1,3,3,0,2,,,,,,,,,,,," ",578700805,,
5,55,287,2,9,1,266.495759398496,"02",90,1,,,,,,,,,1,0,1,3,0,,888,2,5,888,1,2,5,888,1,0,2,,,3,2,,1,3,0,1,1,,,,,,,,,,,," ",578700905,,
5,55,287,2,10,1,2013.86,"01",240,2,,,,,,,,,1,3,1,4,0,,1,888,2,888,888,888,2,888,1,0,1,,2,,,,1,6,1,1,2,,,,,,,,,,,," ",578701005,,
5,55,287,2,11,1,2013.86,"02",90,2,,,,,,,,,0,,1,3,0,,1,1,2,888,888,888,5,3,1,0,1,,2,,,,1,2,1,0,4,,,,,,,,,,,," ",578701105,,
5,55,287,2,12,1,266.495759398496,"02",30,2,,,,,,,,,0,,1,4,0,,2,888,888,4,2,4,4,888,0,,,,,,,,,,,,1,,,,,,,,,,,," ",578701205,,
5,55,287,2,13,1,2013.86,"02",180,2,,,,,,,,,1,0,0,,0,,888,2,888,3,4,888,888,888,0,,,,,,,,,,,,2,,,,,,,,,,,," ",578701305,,
5,55,287,2,14,1,2013.86,"02",240,2,,,,,,,,,0,,0,,0,,888,1,888,3,5,888,3,888,1,0,1,,3,,,,1,3,2,0,2,,,,,,,,,,,," ",578701405,,
5,55,287,2,15,1,2013.86,"02",180,1,,,,,,,,,0,,1,4,0,,1,1,1,2,5,888,5,1,1,0,1,,3,,,,1,3,0,1,2,,,,,,,,,,,," ",578701505,,
5,55,287,2,16,1,2013.86,"02",240,2,,,,,,,,,0,,1,3,0,,3,1,3,2,2,3,5,2,1,0,2,,,5,4,,1,3,3,1,2,,,,,,,,,,,," ",578701605,,
5,55,287,2,17,1,2013.86,"02",240,2,,,,,,,,,0,,0,,0,,1,2,888,1,2,2,5,888,1,0,1,,2,,,,1,2,1,1,5,,,,,,,,,,,," ",578701705,,
5,55,287,2,18,1,2013.86,"02",180,2,,,,,,,,,0,,1,4,0,,2,2,2,888,3,2,5,888,1,1,1,,2,,,,1,2,0,1,5,,,,,,,,,,,," ",578701805,,
5,55,288,1,1,1,23.3553164556962,"02",120,2,2,,,,,,,,0,,1,1,0,,1,2,888,888,888,888,5,888,0,,,,,,,,,,,,1,,,,,,,,,,,," ",578800105,,
5,55,288,1,2,1,23.3553164556962,"01",60,2,2,,,,,,,,0,,1,4,0,,2,888,2,2,888,2,5,888,0,,,,,,,,,,,,1,,,,,,,,,,,," ",578800205,,
5,55,288,1,3,1,23.3553164556962,"02",120,2,2,,,,,,,,1,0,1,0,0,,1,2,2,1,1,2,4,2,0,,,,,,,,,,,,1,,,,,,,,,,,," ",578800305,,
5,55,288,1,4,1,23.3553164556962,"02",240,1,1,3,2,3,2,3,2,3,1,0,1,0,1,4,2,1,2,4,1,2,5,3,1,0,2,,,4,3,,1,3,1,1,4,,,,,,,,,,,," ",578800405,,
5,55,288,1,5,1,221.4084,"01",90,2,2,,,,,,,,0,,1,2,0,,1,1,888,2,5,888,5,888,1,0,1,,3,,,,1,3,0,1,1,,,,,,,,,,,," ",578800505,,
5,55,288,1,6,1,23.3553164556962,"01",240,1,2,,,,,,,,0,,1,2,0,,1,1,3,1,1,3,5,1,1,0,2,,,3,2,,1,3,1,1,4,,,,,,,,,,,," ",578800605,,
5,55,288,1,7,1,23.3553164556962,"02",120,2,2,,,,,,,,0,,1,4,0,,888,1,2,888,1,888,4,888,0,,,,,,,,,,,,1,,,,,,,,,,,," ",578800705,,
5,55,288,1,8,1,23.3553164556962,"02",60,2,2,,,,,,,,0,,0,,0,,4,1,4,4,1,888,4,2,0,,,,,,,,,,,,1,,,,,,,,,,,," ",578800805,,
5,55,288,1,9,1,23.3553164556962,"01",60,2,2,,,,,,,,0,,0,,0,,888,2,888,5,1,4,4,3,0,,,,,,,,,,,,1,,,,,,,,,,,," ",578800905,,
5,55,288,1,10,1,221.4084,"01",180,2,2,,,,,,,,0,,1,2,0,,1,2,888,5,2,888,5,888,1,1,1,,2,,,,1,4,1,1,2,,,,,,,,,,,," ",578801005,,
5,55,288,1,11,1,221.4084,"01",240,2,2,,,,,,,,1,0,0,,0,,888,2,888,888,5,888,888,888,0,,,,,,,,,,,,2,,,,,,,,,,,," ",578801105,,
5,55,288,1,12,1,221.4084,"02",120,2,2,,,,,,,,0,,1,4,0,,1,1,888,2,5,888,5,888,1,1,1,,2,,,,1,2,1,1,2,,,,,,,,,,,," ",578801205,,
5,55,288,1,13,1,221.4084,"04",150,2,2,,,,,,,,0,,0,,0,,888,2,888,888,888,888,888,888,1,0,1,,3,,,,1,3,2,0,2,,,,,,,,,,,," ",578801305,,
5,55,288,1,15,1,221.4084,"02",90,1,2,,,,,,,,0,,1,1,0,,2,888,2,888,2,888,5,888,1,0,2,,,3,2,,1,2,2,1,1,,,,,,,,,,,," ",578801505,,
5,55,288,1,16,1,221.4084,"02",90,1,2,,,,,,,,0,,0,,0,,2,2,4,5,4,5,4,888,0,,,,,,,,,,,,1,,,,,,,,,,,," ",578801605,,
5,55,288,1,17,1,221.4084,"02",60,1,2,,,,,,,,1,1,0,,0,,2,1,3,888,888,2,5,5,1,1,2,,,3,2,,1,2,2,1,1,,,,,,,,,,,," ",578801705,,
5,55,288,1,18,1,221.4084,"02",240,1,2,,,,,,,,0,,1,4,0,,1,5,888,888,888,5,888,1,0,,,,,,,,,,,,2,,,,,,,,,,,," ",578801805,,
5,55,288,1,19,1,221.4084,"02",180,2,2,,,,,,,,0,,0,,0,,888,5,888,888,5,888,3,888,1,0,2,,,4,3,,2,4,3,1,2,,,,,,,,,,,," ",578801905,,
5,55,289,2,1,1,1183.564,"02",120,2,,,,,,,,,1,0,0,,1,3,2,2,2,2,2,2,4,2,1,0,2,,,3,2,,1,2,1,1,2,,,,,,,,,,,," ",578900105,,
5,55,289,2,2,1,1183.564,"01",60,2,,,,,,,,,0,,0,,0,,1,1,888,3,888,888,5,888,0,,,,,,,,,,,,5,,,,,,,,,,,," ",578900205,,
5,55,289,2,3,1,1183.564,"02",120,2,,,,,,,,,0,,0,,0,,888,2,888,888,5,888,888,888,0,,,,,,,,,,,,2,,,,,,,,,,,," ",578900305,,
5,55,289,2,4,1,1183.564,"02",180,2,,,,,,,,,0,,1,4,0,,2,2,2,4,2,2,5,2,0,,,,,,,,,,,,1,,,,,,,,,,,," ",578900405,,
5,55,289,2,5,1,1183.564,"02",240,2,,,,,,,,,1,2,1,4,0,,2,2,888,888,2,2,4,888,1,0,2,,,4,3,,1,4,1,1,2,,,,,,,,,,,," ",578900505,,
5,55,289,2,6,1,1183.564,"02",120,2,,,,,,,,,0,,1,1,0,,888,2,2,888,1,4,4,888,0,,,,,,,,,,,,1,,,,,,,,,,,," ",578900605,,
5,55,289,2,7,1,1183.564,"01",120,1,,,,,,,,,0,,1,1,0,,2,888,2,2,2,5,4,888,1,0,2,,,2,2,,1,2,1,1,1,,,,,,,,,,,," ",578900705,,
5,55,289,2,9,1,1183.564,"02",90,1,,,,,,,,,0,,1,1,0,,2,2,4,888,2,2,5,2,0,,,,,,,,,,,,1,,,,,,,,,,,," ",578900905,,
5,55,289,2,10,1,1183.564,"03",240,2,,,,,,,,,0,,0,,0,,888,2,888,888,5,888,888,888,1,0,2,,,5,3,,2,4,2,1,2,,,,,,,,,,,," ",578901005,,
5,55,289,2,11,1,1183.564,"01",60,2,,,,,,,,,0,,1,1,0,,4,2,2,4,1,4,4,2,1,0,1,,3,,,,1,5,1,1,6,,,,,,,,,,,," ",578901105,,
5,55,289,2,12,1,1183.564,"02",120,2,,,,,,,,,1,0,1,0,1,2,2,1,2,1,2,2,4,2,0,,,,,,,,,,,,4,,,,,,,,,,,," ",578901205,,
5,55,289,2,13,1,1183.564,"01",120,2,,,,,,,,,1,3,1,4,0,,2,5,888,888,2,888,1,888,0,,,,,,,,,,,,2,,,,,,,,,,,," ",578901305,,
5,55,289,2,14,1,1183.564,"02",120,2,,,,,,,,,0,,1,4,0,,1,1,888,888,5,888,5,888,1,0,1,,2,,,,1,2,0,1,1,,,,,,,,,,,," ",578901405,,
5,55,289,2,16,1,1183.564,"01",120,1,,,,,,,,,0,,1,2,1,0,1,2,3,2,2,3,4,2,0,,,,,,,,,,,,2,,,,,,,,,,,," ",578901605,,
5,55,289,2,17,1,1183.564,"02",60,2,,,,,,,,,0,,1,3,0,,1,1,888,2,888,888,5,888,0,,,,,,,,,,,,1,,,,,,,,,,,," ",578901705,,
5,55,289,2,18,1,1183.564,"01",120,2,,,,,,,,,1,0,0,,0,,888,2,5,888,5,888,888,888,1,0,1,,3,,,,2,3,1,1,2,,,,,,,,,,,," ",578901805,,
5,55,289,2,19,1,1183.564,"02",90,1,,,,,,,,,0,,0,,0,,2,2,2,4,2,1,5,2,1,0,2,,,2,2,,1,2,2,1,1,,,,,,,,,,,," ",578901905,,
5,55,289,2,20,1,1183.564,"02",60,2,,,,,,,,,0,,1,1,0,,888,2,2,888,1,888,1,2,0,,,,,,,,,,,,1,,,,,,,,,,,," ",578902005,,
5,55,290,2,1,3,14.105018212766,"02",210,2,,2,2,1,2,1,1,2,0,,0,,0,,888,5,888,4,4,888,888,888,1,0,1,,3,,,,2,3,3,1,2,,,,,,,,,,,," ",579000105,,
5,55,290,2,2,3,14.105018212766,"03",90,2,,,,,,,,,0,,1,4,0,,1,1,888,888,888,888,5,888,1,0,1,,3,,,,1,3,1,1,2,,,,,,,,,,,," ",579000205,,
5,55,290,2,3,3,14.105018212766,"02",90,1,,,,,,,,,0,,0,,0,,1,2,2,888,5,2,5,888,0,,,,,,,,,,,,1,,,,,,,,,,,," ",579000305,,
5,55,290,2,4,3,14.105018212766,"02",120,2,,2,2,1,2,1,2,2,0,,1,4,0,,4,2,2,2,2,3,4,2,0,,,,,,,,,,,,2,,,,,,,,,,,," ",579000405,,
5,55,290,2,5,3,75.33362,"02",120,2,,,,,,,,,0,,1,4,0,,1,2,888,5,2,888,4,888,0,,,,,,,,,,,,2,,,,,,,,,,,," ",579000505,,
5,55,290,2,6,3,14.105018212766,"01",240,2,,,,,,,,,0,,1,1,0,,2,2,888,2,2,2,5,888,1,0,1,,2,,,,1,6,1,1,2,,,,,,,,,,,," ",579000605,,
5,55,290,2,7,3,14.105018212766,"01",180,2,,,,,,,,,0,,1,4,0,,1,2,888,888,2,888,4,888,0,,,,,,,,,,,,2,,,,,,,,,,,," ",579000705,,
5,55,290,2,8,3,14.105018212766,"02",120,2,,,,,,,,,1,1,1,1,0,,1,1,2,1,1,2,4,2,0,,,,,,,,,,,,5,,,,,,,,,,,," ",579000805,,
5,55,290,2,9,3,14.105018212766,"02",180,2,,,,,,,,,0,,1,4,0,,2,2,888,888,4,888,4,888,0,,,,,,,,,,,,1,,,,,,,,,,,," ",579000905,,
5,55,290,2,11,3,75.33362,"02",240,1,,,,,,,,,0,,1,4,0,,888,1,2,4,1,4,4,888,1,0,2,,,2,2,,1,6,0,1,1,,,,,,,,,,,," ",579001105,,
5,55,290,2,12,3,14.105018212766,"02",75,2,,,,,,,,,1,0,1,1,0,,2,3,2,888,2,2,2,3,1,0,2,,,3,2,,1,2,1,1,1,,,,,,,,,,,," ",579001205,,
5,55,290,2,13,3,75.33362,"02",240,2,,,,,,,,,0,,0,,0,,888,5,888,888,5,888,3,888,1,0,2,,,3,2,,2,4,3,1,2,,,,,,,,,,,," ",579001305,,
5,55,290,2,14,3,75.33362,"02",120,2,,,,,,,,,0,,0,,0,,888,1,2,4,1,4,4,2,1,0,2,,,5,3,,1,6,1,1,5,,,,,,,,,,,," ",579001405,,
5,55,290,2,15,3,75.33362,"02",120,2,,,,,,,,,1,0,1,0,0,,2,2,2,2,2,888,4,2,0,,,,,,,,,,,,2,,,,,,,,,,,," ",579001505,,
5,55,290,2,16,3,75.33362,"02",120,1,,,,,,,,,0,,1,4,0,,888,1,888,3,1,888,4,2,1,1,2,,,3,2,,1,4,1,1,5,,,,,,,,,,,," ",579001605,,
5,55,290,2,17,3,75.33362,"02",180,2,,,,,,,,,0,,1,2,0,,888,2,888,3,5,888,888,888,0,,,,,,,,,,,,2,,,,,,,,,,,," ",579001705,,
5,55,290,2,18,3,75.33362,"06",360,1,,,,,,,,,0,,1,3,0,,2,1,888,2,888,888,5,5,1,1,1,,3,,,,1,3,1,1,2,,,,,,,,,,,," ",579001805,,
5,55,290,2,21,3,14.105018212766,"04",90,1,,,,,,,,,0,,0,,0,,1,2,2,888,3,888,5,5,1,0,2,,,3,2,,1,2,2,1,1,,,,,,,,,,,," ",579002105,,
5,55,291,2,2,3,59.21156,"02",60,1,,,,,,,,,0,,0,,0,,2,2,2,2,2,2,2,2,1,0,1,,2,,,,1,3,2,0,2,,,,,,,,,,,," ",579100205,,
5,55,291,2,3,3,59.8551639130435,"02",60,2,,,,,,,,,0,,0,,0,,4,2,2,4,2,2,4,4,1,0,2,,,4,2,,1,5,1,1,2,,,,,,,,,,,," ",579100305,,
5,55,291,2,4,3,59.8551639130435,"02",120,2,,,,,,,,,0,,0,,0,,2,2,2,2,888,888,888,888,1,0,1,,3,,,,1,5,0,0,2,,,,,,,,,,,," ",579100405,,
5,55,291,2,5,3,59.8551639130435,"01",120,1,,,,,,,,,0,,0,,0,,888,888,888,888,888,888,888,888,1,0,1,,2,,,,1,3,1,0,2,,,,,,,,,,,," ",579100505,,
5,55,291,2,6,3,59.8551639130435,"02",60,2,,,,,,,,,0,,0,,0,,2,2,2,5,2,2,4,4,1,0,2,,,4,3,,1,6,1,1,2,,,,,,,,,,,," ",579100605,,
5,55,291,2,7,3,59.8551639130435,"02",120,2,,,,,,,,,0,,0,,0,,888,2,888,888,888,888,888,888,0,,,,,,,,,,,,1,,,,,,,,,,,," ",579100705,,
5,55,291,2,8,3,59.8551639130435,"03",40,1,,,,,,,,,0,,0,,0,,4,2,888,4,1,2,5,4,0,,,,,,,,,,,,2,,,,,,,,,,,," ",579100805,,
5,55,291,2,9,3,59.8551639130435,"02",120,2,,,,,,,,,0,,0,,0,,888,5,888,888,888,888,888,888,1,0,1,,3,,,,1,5,0,0,2,,,,,,,,,,,," ",579100905,,
5,55,291,2,11,3,59.21156,"02",120,1,,,,,,,,,0,,0,,0,,2,2,888,888,888,888,888,888,0,,,,,,,,,,,,1,,,,,,,,,,,," ",579101105,,
5,55,291,2,13,3,59.21156,"02",60,1,,,,,,,,,0,,1,3,0,,1,2,1,2,1,4,4,2,1,1,2,,,3,2,,1,3,0,1,5,,,,1,,,,,,,," ",579101305,,
5,55,291,2,14,3,59.21156,"02",200,2,,,,,,,,,0,,0,,0,,4,2,1,4,4,2,5,4,1,1,1,,2,,,,1,3,1,1,4,,,,,,,,,,,," ",579101405,,
5,55,291,2,15,3,59.21156,"04",240,2,,,,,,,,,0,,1,2,0,,4,2,2,2,2,4,4,2,1,0,2,,,3,2,,1,3,0,1,5,,,,,,,,,,,," ",579101505,,
5,55,291,2,16,3,59.21156,"02",300,2,,,,,,,,,0,,0,,0,,1,1,1,1,1,1,4,888,1,1,2,,,3,3,,1,3,2,1,5,,,,,,,,,,,," ",579101605,,
5,55,291,2,17,3,59.21156,"02",120,2,,,,,,,,,0,,1,1,1,1,888,1,2,1,1,1,4,888,1,1,1,,4,,,,1,5,1,1,5,,,,,,,,,,,," ",579101705,,
5,55,291,2,18,3,59.21156,"03",360,2,,,,,,,,,1,2,1,1,1,2,1,1,1,1,1,1,4,888,1,0,1,,4,,,,1,4,1,1,4,,,,,,,,,,,," ",579101805,,
5,55,291,2,19,3,59.8551639130435,"02",120,2,,,,,,,,,0,,0,,0,,2,2,2,2,888,888,888,888,0,,,,,,,,,,,,1,,,,,,,,,,,," ",579101905,,
5,55,291,2,21,3,59.21156,"01",180,2,,,,,,,,,0,,0,,0,,888,888,888,888,888,888,4,888,0,,,,,,,,,,,,1,,,,,,,,,,,," ",579102105,,
5,55,291,2,22,3,59.21156,"01",120,1,,,,,,,,,0,,0,,0,,2,2,2,2,2,2,4,4,1,0,1,,2,,,,1,5,2,1,2,,,,,,,,,,,," ",579102205,,
5,55,292,2,1,3,24.87571,"01",90,1,,,,,,,,,0,,0,,0,,2,1,2,2,2,2,5,4,1,0,2,,,3,2,,1,5,2,1,2,,,,,,,,,,,," ",579200105,,
5,55,292,2,3,3,24.87571,"02",300,2,,,,,,,,,0,,0,,0,,4,2,2,2,2,2,2,888,1,0,1,,3,,,,1,4,1,0,2,,,,,,,,,,,," ",579200305,,
5,55,292,2,4,3,24.87571,"01",120,2,,,,,,,,,0,,0,,0,,888,888,888,888,888,888,888,888,1,0,1,,2,,,,2,6,0,0,2,,,,,,,,,,,," ",579200405,,
5,55,292,2,5,3,24.87571,"02",120,1,,,,,,,,,0,,1,3,0,,4,2,2,2,4,2,5,2,1,1,2,,,3,2,,1,3,1,1,4,,,,,,,,,,,," ",579200505,,
5,55,292,2,6,3,24.87571,"02",300,1,,,,,,,,,0,,1,1,1,1,1,1,1,1,1,1,4,888,1,1,1,,4,,,,1,6,2,1,5,,,,,,,,,,,," ",579200605,,
5,55,292,2,7,3,24.87571,"03",60,1,,,,,,,,,0,,0,,0,,2,2,4,5,2,2,4,2,1,0,2,,,3,2,,1,6,2,1,2,,,,,,,,,,,," ",579200705,,
5,55,292,2,8,3,24.87571,"02",180,2,,,,,,,,,0,,0,,0,,888,2,888,888,888,888,4,888,0,,,,,,,,,,,,1,,,,,,,,,,,," ",579200805,,
5,55,292,2,9,3,24.87571,"06",90,2,,,,,,,,,0,,0,,0,,888,1,1,1,1,2,888,2,1,1,1,,4,,,,1,2,1,1,1,,,,,,,,,,,," ",579200905,,
5,55,292,2,10,3,24.87571,"01",90,1,,,,,,,,,0,,0,,0,,2,2,2,4,2,2,5,5,1,0,1,,3,,,,1,6,3,0,2,,,,,,,,,,,," ",579201005,,
5,55,292,2,11,3,24.87571,"02",60,2,,,,,,,,,0,,0,,0,,888,888,888,888,888,888,888,888,0,,,,,,,,,,,,2,,,,,,,,,,,," ",579201105,,
5,55,292,2,12,3,24.87571,"02",120,2,,,,,,,,,0,,0,,0,,2,1,1,2,2,4,2,2,1,0,2,,,4,3,,1,4,1,1,5,,,,,,,,,,,," ",579201205,,
5,55,292,2,13,3,24.87571,"02",180,2,,,,,,,,,0,,0,,0,,888,888,888,888,888,888,888,888,1,0,1,,2,,,,1,3,1,1,2,,,,,,,,,,,," ",579201305,,
5,55,292,2,14,3,24.87571,"01",60,2,,,,,,,,,0,,0,,0,,888,2,2,4,4,2,5,1,1,0,1,,2,,,,1,3,0,1,5,,,,,,,,,,,," ",579201405,,
5,55,292,2,16,3,24.87571,"01",180,2,,,,,,,,,0,,0,,0,,888,888,888,888,888,888,888,888,0,,,,,,,,,,,,1,,,,,,,,,,,," ",579201605,,
5,55,292,2,17,3,24.87571,"02",300,2,,3,3,3,2,2,2,2,0,,0,,1,2,2,2,2,2,2,888,888,2,1,0,1,,2,,,,1,3,1,0,2,,,,,,,,,,,," ",579201705,,
5,55,292,2,18,3,24.87571,"02",90,1,,,,,,,,,0,,0,,0,,2,2,2,4,2,2,4,2,1,1,2,,,3,2,,1,6,2,0,2,,,,,,,,,,,," ",579201805,,
5,55,292,2,19,3,24.87571,"01",240,2,,,,,,,,,0,,1,4,0,,4,2,2,2,4,888,5,2,1,0,1,,2,,,,1,3,0,1,5,,,,,,,,,,,," ",579201905,,
5,55,292,2,20,3,24.87571,"02",180,2,,3,3,3,3,3,3,3,0,,1,3,0,,888,1,1,2,4,2,5,888,1,0,1,,2,,,,1,3,0,1,5,,,,,,,,,,,," ",579202005,,
5,55,293,2,1,3,6.88020618556701,"02",60,2,,,,,,,,,0,,1,1,0,,1,1,2,2,2,2,4,5,0,,,,,,,,,,,,5,,,,,,,,,,,," ",579300105,,
5,55,293,2,2,3,6.88020618556701,"01",60,1,,,,,,,,,0,,1,1,0,,3,2,2,2,2,2,5,888,0,,,,,,,,,,,,5,,,,,,,,,,,," ",579300205,,
5,55,293,2,4,3,44.492,"03",120,1,,,,,,,,,0,,0,,0,,888,888,888,888,888,888,888,888,0,,,,,,,,,,,,2,,,,,,,,,,,," ",579300405,,
5,55,293,2,5,3,44.492,"02",300,1,,,,,,,,,0,,0,,0,,888,888,888,888,888,888,888,888,0,,,,,,,,,,,,2,,,,,,,,,,,," ",579300505,,
5,55,293,2,6,3,44.492,"01",60,1,,,,,,,,,1,888,1,3,0,,2,1,1,2,4,888,4,2,1,0,1,,2,,,,1,3,1,1,5,,,,,,,,,,,," ",579300605,,
5,55,293,2,7,3,44.492,"02",60,2,,,,,,,,,0,,1,2,0,,2,2,2,2,2,4,5,2,1,0,1,,2,,,,1,4,1,1,6,,,,,,,,,,,," ",579300705,,
5,55,293,2,8,3,44.492,"01",60,2,,,,,,,,,0,,0,,0,,2,2,2,2,2,888,5,2,1,0,2,,,4,2,,1,3,1,1,4,,,,,,,,,,,," ",579300805,,
5,55,293,2,9,3,44.492,"01",60,1,,,,,,,,,0,,0,,0,,888,888,888,888,888,888,888,888,1,0,1,,3,,,,1,4,0,1,2,,,,,,,,,,,," ",579300905,,
5,55,293,2,10,3,6.88020618556701,"01",120,2,,,,,,,,,0,,1,1,1,2,2,2,2,2,2,2,4,888,1,0,1,,2,,,,2,2,1,1,5,,,,,,,,,,,," ",579301005,,
5,55,293,2,12,3,44.492,"02",120,2,,,,,,,,,1,1,1,1,0,,4,2,888,888,4,888,4,2,0,,,,,,,,,,,,1,,,,,,,,,,,," ",579301205,,
5,55,293,2,13,3,44.492,"02",180,1,,,,,,,,,1,1,1,1,0,,2,2,888,888,2,888,2,2,0,,,,,,,,,,,,5,,,,,,,,,,,," ",579301305,,
5,55,293,2,14,3,44.492,"02",240,2,,,,,,,,,0,,1,1,0,,4,2,2,2,4,2,5,4,0,,,,,,,,,,,,5,,,,,,,,,,,," ",579301405,,
5,55,293,2,15,3,44.492,"02",180,1,,3,3,3,5,3,3,5,0,,0,,0,,2,2,2,2,4,2,4,2,0,,,,,,,,,,,,4,,,,,,,,,,,," ",579301505,,
5,55,293,2,16,3,44.492,"02",240,2,,2,2,3,2,2,2,2,0,,0,,0,,888,2,888,888,888,888,888,888,0,,,,,,,,,,,,1,,,,,,,,,,,," ",579301605,,
5,55,293,2,17,3,44.492,"01",240,2,,,,,,,,,1,1,1,1,0,,888,2,888,888,888,888,4,888,0,,,,,,,,,,,,1,,,,,,,,,,,," ",579301705,,
5,55,293,2,18,3,44.492,"02",60,1,,3,3,3,3,3,3,3,0,,1,1,1,1,1,3,3,2,2,2,2,888,1,0,1,,4,,,,1,2,2,0,5,,,,,,,,,,,," ",579301805,,
5,55,293,2,19,3,44.492,"01",60,2,,,,,,,,,1,0,0,,0,,888,888,888,888,888,888,888,888,0,,,,,,,,,,,,2,,,,,,,,,,,," ",579301905,,
5,55,293,2,20,3,44.492,"02",180,2,,,,,,,,,0,,0,,0,,2,2,2,2,2,2,2,2,1,0,1,,2,,,,1,4,2,0,2,,,,,,,,,,,," ",579302005,,
5,55,294,2,1,1,630.286,"02",120,2,,,,,,,,,0,,0,,0,,888,888,888,888,888,888,888,888,0,,,,,,,,,,,,2,,,,,,,,,,,," ",579400105,,
5,55,294,2,2,1,630.286,"02",180,2,,,,,,,,,0,,0,,0,,888,888,888,888,888,888,888,888,1,0,1,,3,,,,1,5,0,0,2,,,,,,,,,,,," ",579400205,,
5,55,294,2,3,1,630.286,"01",60,2,,,,,,,,,0,,0,,0,,2,2,888,4,4,2,5,4,0,,,,,,,,,,,,2,,,,,,,,,,,," ",579400305,,
5,55,294,2,4,1,630.286,"02",40,2,,,,,,,,,0,,0,,0,,4,2,2,4,2,1,5,4,0,,,,,,,,,,,,2,,,,,,,,,,,," ",579400405,,
5,55,294,2,5,1,630.286,"01",60,1,,,,,,,,,0,,0,,0,,4,2,2,4,2,1,5,2,0,,,,,,,,,,,,2,,,,,,,,,,,," ",579400505,,
5,55,294,2,6,1,630.286,"01",120,2,,,,,,,,,0,,1,1,0,,888,2,2,888,888,888,888,888,0,,,,,,,,,,,,1,,,,,,,,,,,," ",579400605,,
5,55,294,2,7,1,630.286,"04",120,2,,,,,,,,,0,,1,0,0,,1,1,1,2,2,2,4,2,1,0,2,,,5,2,,1,3,0,1,4,,,,,,,,,,,," ",579400705,,
5,55,294,2,8,1,630.286,"02",180,1,,,,,,,,,0,,0,,0,,2,2,2,2,2,2,2,2,1,0,1,,4,,,,1,6,0,0,2,,,,,,,,,,,," ",579400805,,
5,55,294,2,9,1,630.286,"02",60,1,,,,,,,,,0,,0,,0,,888,1,1,2,1,1,4,888,1,0,1,,3,,,,1,3,1,1,5,,,,,,,,,,,," ",579400905,,
5,55,294,2,10,1,2260.336,"02",180,2,,,,,,,,,0,,1,1,0,,888,2,888,888,888,888,4,888,0,,,,,,,,,,,,1,,,,,,,,,,,," ",579401005,,
5,55,294,2,11,1,2260.336,"02",120,2,,,,,,,,,0,,0,,1,1,888,2,888,888,888,888,4,888,0,,,,,,,,,,,,2,,,,,,,,,,,," ",579401105,,
5,55,294,2,12,1,2260.336,"02",180,2,,,,,,,,,0,,1,1,0,,888,2,888,888,888,888,4,2,0,,,,,,,,,,,,1,,,,,,,,,,,," ",579401205,,
5,55,294,2,13,1,2260.336,"01",60,2,,,,,,,,,0,,1,4,0,,888,2,888,4,2,888,5,888,1,0,1,,2,,,,1,3,1,0,5,,,,,,,,,,,," ",579401305,,
5,55,294,2,14,1,2260.336,"01",120,2,,,,,,,,,0,,0,,0,,1,2,1,2,1,1,4,888,1,0,1,,4,,,,1,5,1,1,6,,,,,,,,,,,," ",579401405,,
5,55,294,2,15,1,2260.336,"02",60,2,,,,,,,,,0,,1,4,0,,888,1,2,4,2,4,4,4,1,1,2,,,3,2,,1,3,1,1,5,,,,,,,,,,,," ",579401505,,
5,55,294,2,16,1,2260.336,"02",45,2,,,,,,,,,1,0,1,0,0,,888,888,888,888,888,888,888,888,1,0,1,,3,,,,1,4,1,1,2,,,,,,,,,,,," ",579401605,,
5,55,294,2,17,1,2260.336,"02",240,2,,,,,,,,,0,,0,,0,,888,1,1,1,3,3,5,888,1,0,1,,3,,,,1,2,1,1,4,,,,,,,,,,,," ",579401705,,
5,55,294,2,18,1,2260.336,"02",400,1,,,,,,,,,0,,0,,0,,1,1,1,1,1,1,4,888,1,0,1,,4,,,,1,3,1,1,5,,,,,,,,,,,," ",579401805,,
5,55,295,2,1,3,13.9957238392857,"02",60,2,,,,,,,,,0,,1,2,0,,2,1,1,1,1,1,4,888,1,0,1,,2,,,,4,4,1,1,5,,,,,,,,,,,," ",579500105,,
5,55,295,2,2,3,13.9957238392857,"03",60,2,,,,,,,,,0,,0,,0,,1,1,1,1,2,2,4,888,0,,,,,,,,,,,,5,,,,,,,,,,,," ",579500205,,
5,55,295,2,3,3,68.15309,"02",45,2,,,,,,,,,0,,1,3,0,,1,2,2,2,2,4,2,2,1,0,2,,,3,2,,1,3,1,1,1,,,,,,,,,,,," ",579500305,,
5,55,295,2,4,3,13.9957238392857,"02",50,1,,,,,,,,,0,,0,,0,,3,888,888,888,888,888,888,888,1,0,1,,3,,,,1,3,0,0,2,,,,,,,,,,,," ",579500405,,
5,55,295,2,5,3,13.9957238392857,"01",120,2,,,,,,,,,0,,0,,0,,2,2,1,1,1,1,4,888,1,0,1,,2,,,,1,3,2,1,4,,,,,,,,,,,," ",579500505,,
5,55,295,2,6,3,13.9957238392857,"01",60,2,,,,,,,,,0,,0,,0,,4,4,2,4,4,1,4,4,0,,,,,,,,,,,,2,,,,,,,,,,,," ",579500605,,
5,55,295,2,7,3,13.9957238392857,"02",30,2,,,,,,,,,1,0,1,4,0,,2,2,2,2,2,2,2,2,0,,,,,,,,,,,,2,,,,,,,,,,,," ",579500705,,
5,55,295,2,8,3,13.9957238392857,"02",180,2,,,,,,,,,0,,1,1,0,,888,2,888,888,888,888,4,888,0,,,,,,,,,,,,1,,,,,,,,,,,," ",579500805,,
5,55,295,2,9,3,13.9957238392857,"01",40,2,,,,,,,,,0,,0,,0,,2,2,2,888,888,888,888,888,0,,,,,,,,,,,,2,,,,,,,,,,,," ",579500905,,
5,55,295,2,10,3,68.15309,"01",60,1,,,,,,,,,0,,0,,0,,2,1,4,2,1,2,5,4,1,0,2,,,4,3,,1,5,1,1,2,,,,,,,,,,,," ",579501005,,
5,55,295,2,11,3,68.15309,"01",60,2,,,,,,,,,1,1,1,1,0,,2,2,2,2,4,4,4,888,0,,,,,,,,,,,,1,,,,,,,,,,,," ",579501105,,
5,55,295,2,12,3,68.15309,"02",60,1,,,,,,,,,0,,0,,0,,2,2,888,4,2,888,5,888,1,0,1,,3,,,,1,6,1,1,2,,,,,,,,,,,," ",579501205,,
5,55,295,2,13,3,68.15309,"01",240,2,,,,,,,,,0,,1,3,0,,3,1,888,4,2,5,4,1,1,1,2,,,4,2,,1,3,1,1,4,,,,,,,,,,,," ",579501305,,
5,55,295,2,14,3,68.15309,"02",120,2,,3,3,3,3,3,3,3,1,0,0,,0,,2,888,888,888,888,888,888,888,1,1,1,,2,,,,1,3,0,1,2,,,,,,,,,,,," ",579501405,,
5,55,295,2,15,3,68.15309,"01",240,2,,,,,,,,,0,,1,1,0,,888,2,888,888,4,888,4,2,0,,,,,,,,,,,,1,,,,,,,,,,,," ",579501505,,
5,55,295,2,16,3,68.15309,"02",50,1,,,,,,,,,0,,0,,0,,2,2,2,2,1,1,5,4,1,0,2,,,4,2,,1,6,2,1,4,,,,,,,,,,,," ",579501605,,
5,55,295,2,17,3,13.9957238392857,"02",240,2,,,,,,,,,0,,1,2,0,,888,1,2,888,2,888,4,2,1,0,1,,2,,,,1,3,0,1,5,,,,,,,,,,,," ",579501705,,
5,55,295,2,18,3,68.15309,"01",120,1,,,,,,,,,0,,0,,0,,888,888,888,888,888,888,888,888,0,,,,,,,,,,,,1,,,,,,,,,,,," ",579501805,,
5,55,296,2,1,3,7.95912688172043,"01",240,1,,,,,,,,,0,,0,,0,,3,1,1,1,1,1,4,888,0,,,,,,,,,,,,4,,,,,,,,,,,," ",579600105,,
5,55,296,2,2,3,7.95912688172043,"01",60,2,,,,,,,,,0,,1,0,1,1,2,1,1,2,1,1,4,888,1,0,1,,3,,,,1,4,1,1,5,,,,,,,,,,,," ",579600205,,
5,55,296,2,3,3,7.95912688172043,"02",60,2,,,,,,,,,0,,1,0,0,,888,2,888,2,4,2,4,2,1,0,1,,2,,,,1,3,0,1,5,,,,,,,,,,,," ",579600305,,
5,55,296,2,4,3,7.95912688172043,"02",180,2,,,,,,,,,1,1,1,1,0,,2,2,2,2,2,888,4,888,0,,,,,,,,,,,,1,,,,,,,,,,1,,"Metal Charcoal",579600405,,
5,55,296,2,5,3,7.95912688172043,"02",120,2,,,,,,,,,0,,0,,0,,2,1,1,888,2,888,4,888,1,0,2,,,3,2,,1,2,0,1,5,,,,,,,,,,,," ",579600505,,
5,55,296,2,6,3,7.95912688172043,"01",60,2,,,,,,,,,0,,0,,0,,2,2,1,1,1,1,1,888,1,0,1,,4,,,,1,3,1,1,4,,,,,,,,,,,," ",579600605,,
5,55,296,2,7,3,67.2908,"01",120,2,,3,3,3,3,3,3,3,0,,1,1,0,,4,1,1,4,2,888,4,888,1,0,2,,,4,2,,1,3,1,1,5,,,,,,,,,,,," ",579600705,,
5,55,296,2,8,3,67.2908,"02",180,2,,,,,,,,,1,1,1,1,0,,888,2,2,888,888,888,4,888,0,,,,,,,,,,,,1,,,,,,,,,,,," ",579600805,,
5,55,296,2,9,3,67.2908,"01",120,2,,,,,,,,,0,,0,,0,,2,5,888,2,2,888,4,888,0,,,,,,,,,,,,1,,,,,,,,,,,," ",579600905,,
5,55,296,2,10,3,67.2908,"02",600,2,,,,,,,,,0,,0,,0,,2,1,1,1,1,1,4,888,1,0,1,,4,,,,1,3,1,1,5,,,,,,,,,,,," ",579601005,,
5,55,296,2,11,3,67.2908,"03",120,2,,,,,,,,,0,,1,2,0,,2,1,1,888,2,4,5,2,1,0,1,,2,,,,1,3,1,1,5,,,,,,,,,,,," ",579601105,,
5,55,296,2,12,3,67.2908,"02",180,2,,,,,,,,,0,,0,,0,,888,2,888,888,888,888,888,888,0,,,,,,,,,,,,1,,,,,,,,,,,," ",579601205,,
5,55,296,2,13,3,7.95912688172043,"01",240,2,,,,,,,,,0,,0,,0,,888,2,888,888,888,888,2,888,0,,,,,,,,,,,,1,,,,,,,,,,,," ",579601305,,
5,55,296,2,14,3,67.2908,"01",180,2,,,,,,,,,0,,0,,0,,1,1,2,1,1,1,4,2,1,0,1,,4,,,,1,3,2,1,3,,,,,,,,,,,," ",579601405,,
5,55,296,2,15,3,67.2908,"02",120,2,,,,,,,,,1,1,1,1,0,,888,2,888,888,888,888,4,888,0,,,,,,,,,,,,1,,,,,,,,,,,," ",579601505,,
5,55,296,2,16,3,67.2908,"02",300,2,,,,,,,,,0,,0,,1,1,888,1,1,2,1,1,4,888,1,0,1,,4,,,,1,2,2,1,4,,,,,,,,,,,," ",579601605,,
5,55,296,2,17,3,67.2908,"02",360,1,,,,,,,,,0,,1,2,0,,888,2,2,2,4,888,4,3,1,0,2,,,4,3,,1,3,1,1,1,,,,,,,,,,,," ",579601705,,
5,55,296,2,18,3,67.2908,"02",120,2,,,,,,,,,1,1,1,1,0,,2,2,888,2,4,888,4,2,0,,,,,,,,,,,,1,,,,,,,,,,,," ",579601805,,
5,55,297,2,1,3,54.5306142265193,"02",120,1,,,,,,,,,0,,0,,0,,888,888,888,888,888,888,888,888,1,0,2,,,5,4,,1,5,2,1,2,,,,,,,,,,,," ",579700105,,
5,55,297,2,2,3,54.5306142265193,"02",120,1,,,,,,,,,0,,0,,0,,888,888,888,888,888,888,888,888,1,0,1,,2,,,,1,3,0,1,2,,,,,,,,,,,," ",579700205,,
5,55,297,2,3,3,54.5306142265193,"02",120,2,,,,,,,,,0,,0,,0,,2,2,2,2,2,2,2,2,0,,,,,,,,,,,,2,,,,,,,,,,,," ",579700305,,
5,55,297,2,5,3,54.5306142265193,"02",60,2,,,,,,,,,0,,0,,0,,888,888,888,888,888,888,888,888,1,0,1,,2,,,,1,3,0,1,2,,,,,,,,,,,," ",579700505,,
5,55,297,2,7,3,54.5306142265193,"02",120,2,,,,,,,,,0,,0,,0,,888,888,888,888,888,888,888,888,1,0,1,,3,,,,1,3,0,1,2,,,,,,,,,,,," ",579700705,,
5,55,297,2,8,3,54.5306142265193,"02",120,2,,,,,,,,,0,,1,4,0,,888,888,888,888,888,888,888,888,0,,,,,,,,,,,,2,,,,,,,,,,,," ",579700805,,
5,55,297,2,9,3,54.5306142265193,"01",60,2,,,,,,,,,0,,0,,0,,888,888,888,888,888,888,888,888,0,,,,,,,,,,,,2,,,,,,,,,,,," ",579700905,,
5,55,297,2,10,3,42.45179,"02",180,1,,,,,,,,,0,,0,,0,,2,2,888,4,5,2,5,4,1,0,1,,3,,,,1,6,2,0,2,,,,,,,,,,,," ",579701005,,
5,55,297,2,11,3,42.45179,"02",90,1,,,,,,,,,0,,0,,0,,2,2,2,5,2,1,5,4,1,0,2,,,4,3,,1,6,2,1,2,,,,,,,,,,,," ",579701105,,
5,55,297,2,12,3,42.45179,"01",45,1,,,,,,,,,0,,0,,0,,2,2,4,5,2,2,5,4,1,0,1,,3,,,,1,6,3,0,2,,,,,,,,,,,," ",579701205,,
5,55,297,2,13,3,42.45179,"02",90,2,,,,,,,,,0,,0,,0,,2,4,888,4,2,888,888,888,1,0,1,,3,,,,1,6,1,1,2,,,,,,,,,,,," ",579701305,,
5,55,297,2,14,3,42.45179,"02",90,2,,,,,,,,,0,,0,,0,,888,2,888,5,2,2,4,4,1,0,2,,,3,2,,1,4,2,1,2,,,,,,,,,,,," ",579701405,,
5,55,297,2,15,3,42.45179,"02",90,1,,,,,,,,,0,,0,,0,,2,2,2,5,1,2,3,4,1,1,1,,2,,,,1,6,2,1,2,,,,,,,,,,,," ",579701505,,
5,55,297,2,16,3,42.45179,"01",70,1,,,,,,,,,0,,0,,0,,2,2,2,4,2,2,5,5,1,0,1,,4,,,,1,6,2,1,2,,,,,,,,,,,," ",579701605,,
5,55,297,2,17,3,42.45179,"01",60,2,,,,,,,,,0,,0,,0,,2,2,888,2,1,1,5,4,0,,,,,,,,,,,,2,,,,,,,,,,,," ",579701705,,
5,55,297,2,18,3,42.45179,"02",90,2,,,,,,,,,0,,0,,0,,2,5,2,5,2,2,5,4,1,1,1,,4,,,,1,4,0,1,2,,,,,,,,,,,," ",579701805,,
5,55,297,2,20,3,42.45179,"02",120,1,,,,,,,,,0,,0,,0,,888,888,888,888,888,888,888,888,1,0,1,,3,,,,1,5,0,1,1,,,,,,,,,,,," ",579702005,,
5,55,297,2,22,3,54.5306142265193,"01",40,2,,,,,,,,,0,,0,,0,,888,888,888,888,888,888,888,888,0,,,,,,,,,,,,2,,,,,,,,,,,," ",579702205,,
5,55,298,2,1,1,579.352976190476,"01",36,2,,,,,,,,,0,,1,2,0,,2,1,2,2,2,2,4,888,1,0,1,,4,,,,1,3,2,1,5,,,,,,,,,,,," ",579800105,,
5,55,298,2,2,1,579.352976190476,"01",60,2,,,,,,,,,0,,1,1,0,,1,2,888,1,1,2,4,2,1,0,1,,4,,,,1,2,2,1,4,,,,,,,,,,,," ",579800205,,
5,55,298,2,3,1,579.352976190476,"01",360,2,,,,,,,,,0,,1,1,0,,2,1,1,1,1,1,5,4,1,0,1,,4,,,,2,2,2,1,4,,,,,,,,,,,," ",579800305,,
5,55,298,2,4,1,579.352976190476,"02",180,2,,,,,,,,,0,,0,,0,,2,2,888,2,2,888,888,888,0,,,,,,,,,,,,1,,,,,,,,,,,," ",579800405,,
5,55,298,2,5,1,579.352976190476,"01",180,2,,,,,,,,,1,888,0,,0,,888,2,888,2,888,888,888,888,0,,,,,,,,,,,,1,,,,,,,,,,,," ",579800505,,
5,55,298,2,6,1,579.352976190476,"02",240,2,,,,,,,,,0,,1,1,0,,2,1,1,888,2,2,2,888,1,0,1,,2,,,,1,4,1,1,5,,,,,,,,,,,," ",579800605,,
5,55,298,2,7,1,1769.66,"02",120,1,,3,3,3,3,3,3,3,0,,0,,0,,2,2,4,4,4,2,5,1,1,1,1,,5,,,,1,5,2,1,4,,,,,,,,,,,," ",579800705,,
5,55,298,2,8,1,579.352976190476,"01",180,2,,3,1,1,3,1,1,3,0,,1,1,0,,888,2,888,888,2,888,2,888,0,,,,,,,,,,,,1,,,,,,,,,,,," ",579800805,,
5,55,298,2,9,1,579.352976190476,"01",60,2,,,,,,,,,0,,0,,0,,2,2,2,5,2,2,5,5,1,0,2,,,3,3,,1,4,2,1,2,,,,,,,,,,,," ",579800905,,
5,55,298,2,10,1,1769.66,"02",60,2,,,,,,,,,0,,0,,0,,888,2,4,5,2,4,4,4,0,,,,,,,,,,,,2,,,,,,,,,,,," ",579801005,,
5,55,298,2,11,1,1769.66,"02",60,1,,,,,,,,,0,,0,,0,,2,2,2,4,2,2,4,2,1,0,2,,,3,2,,1,6,0,1,2,,,,,,,,,,,," ",579801105,,
5,55,298,2,12,1,1769.66,"01",35,1,,,,,,,,,0,,0,,0,,2,2,5,2,4,2,5,2,1,0,1,,4,,,,1,4,1,1,2,,,,,,,,,,,," ",579801205,,
5,55,298,2,13,1,1769.66,"02",120,1,,5,5,3,3,3,5,5,0,,0,,0,,888,888,888,888,888,888,888,888,1,1,1,,3,,,,1,5,2,0,2,,,,,,,,,,,," ",579801305,,
5,55,298,2,14,1,1769.66,"02",120,2,,,,,,,,,0,,0,,0,,888,888,888,888,888,888,888,888,1,0,1,,3,,,,1,4,0,0,2,,,,,,,,,,,," ",579801405,,
5,55,298,2,15,1,1769.66,"02",180,2,,,,,,,,,1,0,0,,0,,2,2,2,888,888,888,888,888,1,0,1,,2,,,,1,4,1,0,2,,,,,,,,,,,," ",579801505,,
5,55,298,2,16,1,1769.66,"02",240,2,,,,,,,,,1,0,0,,0,,2,888,888,888,888,888,888,888,0,,,,,,,,,,,,2,,,,,,,,,,,," ",579801605,,
5,55,298,2,17,1,1769.66,"01",300,2,,,,,,,,,0,,1,0,0,,888,4,2,2,2,2,4,2,1,0,1,,3,,,,1,3,1,0,2,,,,,,,,,,,," ",579801705,,
5,55,298,2,18,1,1769.66,"02",240,2,,,,,,,,,0,,1,1,0,,888,2,888,2,888,888,4,888,0,,,,,,,,,,,,1,,,,,,,,,,,," ",579801805,,
5,55,299,2,1,2,,"01",60,1,,,,,,,,,0,,0,,0,,2,2,2,4,2,2,2,4,0,,,,,,,,,,,,4,,,,1,,,,,,,," ",579900105,3,106.034248352051
5,55,299,2,2,2,,"01",30,1,,,,,,,,,0,,0,,0,,4,1,2,4,2,2,5,4,0,,,,,,,,,,,,4,,,1,,,,,,,,," ",579900205,3,106.034248352051
5,55,299,2,3,2,,"02",720,1,,,,,,,,,1,2,0,,0,,4,2,1,2,2,2,5,2,0,,,,,,,,,,,,4,,1,1,1,,,,,,,," ",579900305,3,106.034248352051
5,55,299,2,4,2,,"02",60,1,,,,,,,,,0,,0,,0,,2,2,2,4,4,2,4,4,0,,,,,,,,,,,,4,,,1,,,,,,,,," ",579900405,3,106.034248352051
5,55,299,2,5,2,,"01",50,1,,,,,,,,,0,,0,,0,,2,2,2,4,2,2,5,4,0,,,,,,,,,,,,6,,,,1,,,,,,,," ",579900505,3,106.034248352051
5,55,299,2,6,2,,"01",30,2,,5,5,3,3,3,5,5,0,,0,,0,,2,2,2,2,2,2,2,2,1,0,4,9,,,,,4,6,2,1,2,,1,,,,,,,,,," ",579900605,3,106.034248352051
5,55,299,2,7,2,,"01",60,1,,,,,,,,,0,,0,,0,,2,2,2,4,2,2,5,4,0,,,,,,,,,,,,2,,,1,,,,,,,,," ",579900705,3,106.034248352051
5,55,299,2,8,2,,"01",30,2,,5,5,3,5,3,5,5,0,,0,,0,,2,2,2,2,2,2,2,2,0,,,,,,,,,,,,2,,1,,,,,,,,,," ",579900805,3,106.034248352051
5,55,299,2,9,2,,"01",60,1,,,,,,,,,0,,0,,0,,2,2,2,2,2,2,2,2,0,,,,,,,,,,,,2,,1,,,,,,,,,," ",579900905,3,106.034248352051
5,55,299,2,10,2,,"01",50,1,,,,,,,,,0,,0,,0,,2,2,2,4,2,2,5,5,0,,,,,,,,,,,,4,,,,,,,,,,,," ",579901005,3,106.034248352051
5,55,299,2,11,2,,"01",60,2,,,,,,,,,0,,0,,0,,2,888,888,888,888,888,888,888,0,,,,,,,,,,,,2,,1,,,,,,,,,," ",579901105,3,106.034248352051
5,55,299,2,12,2,,"01",90,1,,,,,,,,,0,,0,,0,,2,2,2,2,2,2,2,2,0,,,,,,,,,,,,2,,1,,,,,,,,,," ",579901205,3,106.034248352051
5,55,299,2,13,2,,"02",45,1,,,,,,,,,0,,0,,0,,2,2,2,5,2,3,4,4,0,,,,,,,,,,,,4,,,1,,,,,,,,," ",579901305,3,106.034248352051
5,55,299,2,14,2,,"01",60,2,,,,,,,,,0,,0,,0,,2,2,2,4,2,2,4,2,0,,,,,,,,,,,,4,,1,,,,,,,,,," ",579901405,3,106.034248352051
5,55,299,2,15,2,,"01",45,1,,,,,,,,,0,,0,,0,,2,2,2,2,4,2,2,2,0,,,,,,,,,,,,4,,,1,,,,,,,,," ",579901505,3,106.034248352051
5,55,299,2,16,2,,"02",60,1,,5,5,3,5,3,5,5,0,,0,,0,,2,2,2,4,2,2,5,4,1,0,4,2,,,,,1,5,0,0,4,,,,1,,,,,,,," ",579901605,3,106.034248352051
5,55,299,2,17,2,,"02",60,2,,,,,,,,,0,,0,,0,,4,2,2,2,2,2,2,2,1,0,4,4,,,,,4,3,0,0,2,,1,,,,,,,,,," ",579901705,3,106.034248352051
5,55,299,2,18,2,,"02",60,2,,,,,,,,,0,,0,,0,,2,2,2,2,2,2,2,2,0,,,,,,,,,,,,2,,1,,,,,,,,,," ",579901805,3,106.034248352051
5,55,300,2,1,2,,"02",60,1,,,,,,,,,0,,0,,0,,2,2,2,5,2,1,5,888,0,,,,,,,,,,,,4,,,,,,1,,,,,," ",580000105,3,106.034248352051
5,55,300,2,2,2,,"01",300,1,,,,,,,,,1,1,0,,0,,2,4,1,3,3,1,5,888,0,,,,,,,,,,,,4,,,,,,,1,,,,," ",580000205,3,106.034248352051
5,55,300,2,3,2,,"01",300,1,,,,,,,,,0,,0,,0,,2,5,1,3,3,1,5,1,0,,,,,,,,,,,,4,,,,,,,1,,,,," ",580000305,3,106.034248352051
5,55,300,2,4,2,,"01",30,2,,,,,,,,,1,1,0,,0,,2,5,1,3,5,1,5,888,0,,,,,,,,,,,,5,,,,,,1,,,,,," ",580000405,3,106.034248352051
5,55,300,2,6,2,,"01",90,2,,,,,,,,,1,1,1,0,1,0,3,2,1,2,2,2,4,2,0,,,,,,,,,,,,3,,1,,,,,,,,,," ",580000605,3,106.034248352051
5,55,300,2,7,2,,"01",180,2,,5,5,3,5,5,5,5,0,,0,,0,,1,2,1,1,4,888,5,888,1,0,1,,4,,,,1,3,1,0,4,,1,,,,,,,,,," ",580000705,3,106.034248352051
5,55,300,2,8,2,,"01",240,2,,,,,,,,,0,,0,,0,,4,2,1,888,4,2,5,888,0,,,,,,,,,,,,4,,1,,,,,,,,,," ",580000805,3,106.034248352051
5,55,300,2,9,2,,"01",600,2,,,,,,,,,0,,0,,0,,4,2,1,2,4,1,5,4,0,,,,,,,,,,,,4,,1,,1,,,,,,,," ",580000905,3,106.034248352051
5,55,300,2,10,2,,"02",240,2,,5,5,2,5,5,5,5,0,,0,,0,,1,1,1,4,4,1,4,4,1,0,1,,4,,,,1,3,1,1,4,,1,,,,,,,,,," ",580001005,3,106.034248352051
5,55,300,2,11,2,,"01",120,2,,,,,,,,,0,,0,,0,,2,2,888,2,888,888,4,888,0,,,,,,,,,,,,4,,1,,,,,,,,,," ",580001105,3,106.034248352051
5,55,300,2,12,2,,"01",120,2,,,,,,,,,0,,0,,0,,4,888,888,888,888,888,4,888,0,,,,,,,,,,,,4,,,,,,1,,,,,," ",580001205,3,106.034248352051
5,55,300,2,13,2,,"01",120,2,,,,,,,,,0,,0,,0,,4,2,888,2,888,888,888,888,0,,,,,,,,,,,,4,,1,,,,,,,,,," ",580001305,3,106.034248352051
5,55,300,2,14,2,,"01",120,1,,,,,,,,,0,,0,,0,,2,2,888,888,888,888,888,888,0,,,,,,,,,,,,4,,,,,,1,,,,,," ",580001405,3,106.034248352051
5,55,300,2,15,2,,"02",120,1,,,,,,,,,0,,0,,0,,2,888,888,888,888,888,888,888,0,,,,,,,,,,,,4,,,,,,1,,,,,," ",580001505,3,106.034248352051
5,55,300,2,16,2,,"02",30,1,,,,,,,,,0,,0,,0,,2,4,1,1,1,1,1,1,0,,,,,,,,,,,,3,,1,,,,,,,,,," ",580001605,3,106.034248352051
5,55,300,2,17,2,,"01",90,2,,,,,,,,,0,,0,,1,0,1,1,1,1,1,1,4,1,0,,,,,,,,,,,,3,,1,,,,,,,,,," ",580001705,3,106.034248352051
5,55,300,2,18,2,,"01",30,2,,,,,,,,,1,0,1,1,0,,2,1,2,1,1,2,1,2,0,,,,,,,,,,,,3,,1,,,,,,,,,," ",580001805,3,106.034248352051
5,55,300,2,20,2,,"01",60,1,,,,,,,,,0,,1,1,1,1,1,4,2,5,2,2,5,888,0,,,,,,,,,,,,4,,,,,,1,,,,,," ",580002005,3,106.034248352051
5,55,301,2,1,2,,"01",120,2,,,,,,,,,0,,0,,0,,2,2,2,2,1,1,5,888,0,,,,,,,,,,,,4,,,,,,1,,,,,," ",580100105,3,106.034248352051
5,55,301,2,2,2,,"01",60,2,,,,,,,,,0,,0,,0,,2,2,2,3,2,1,5,888,0,,,,,,,,,,,,4,,,,,,1,,,,,," ",580100205,3,106.034248352051
5,55,301,2,3,2,,"01",120,1,,,,,,,,,0,,0,,0,,1,2,2,2,1,2,5,888,0,,,,,,,,,,,,4,,,,,,1,,,,,," ",580100305,3,106.034248352051
5,55,301,2,4,2,,"01",40,1,,,,,,,,,0,,0,,0,,2,1,2,2,2,2,2,2,0,,,,,,,,,,,,4,,,,,,1,,,,,," ",580100405,3,106.034248352051
5,55,301,2,5,2,,"01",120,2,,,,,,,,,0,,0,,0,,1,2,4,2,3,1,5,888,0,,,,,,,,,,,,4,,,,,,1,,,,,," ",580100505,3,106.034248352051
5,55,301,2,6,2,,"02",120,2,,5,5,2,5,2,5,5,0,,0,,0,,2,2,888,2,888,888,4,888,1,0,1,,2,,,,1,3,2,1,4,,,1,,,,,,,,," ",580100605,3,106.034248352051
5,55,301,2,7,2,,"02",120,2,,,,,,,,,0,,0,,0,,2,2,888,888,888,888,888,888,0,,,,,,,,,,,,4,,,,,,1,,,,,," ",580100705,3,106.034248352051
5,55,301,2,8,2,,"02",120,2,,,,,,,,,0,,0,,0,,4,2,888,2,888,888,888,888,0,,,,,,,,,,,,4,,,,,,1,,,,,," ",580100805,3,106.034248352051
5,55,301,2,9,2,,"03",180,2,,5,5,5,5,5,5,5,0,,0,,0,,2,888,888,888,888,888,4,888,0,,,,,,,,,,,,4,,1,,,,,,,,,," ",580100905,3,106.034248352051
5,55,301,2,10,2,,"01",240,1,,,,,,,,,0,,0,,0,,2,2,888,888,888,2,4,888,0,,,,,,,,,,,,4,,1,,,,,,,,,," ",580101005,3,106.034248352051
5,55,301,2,11,2,,"01",300,2,,,,,,,,,0,,0,,0,,4,2,1,1,5,2,5,2,0,,,,,,,,,,,,3,,,,1,,,,,,,," ",580101105,3,106.034248352051
5,55,301,2,12,2,,"01",240,1,,,,,,,,,0,,0,,0,,4,2,1,2,4,2,5,2,0,,,,,,,,,,,,4,,,,1,,,,,,,," ",580101205,3,106.034248352051
5,55,301,2,13,2,,"01",60,2,,,,,,,,,0,,0,,0,,4,2,2,1,4,4,5,888,0,,,,,,,,,,,,4,,,,1,,,,,,,," ",580101305,3,106.034248352051
5,55,301,2,14,2,,"01",360,1,,,,,,,,,0,,0,,0,,2,2,1,4,5,1,2,4,0,,,,,,,,,,,,5,,1,,,,,,,,,," ",580101405,3,106.034248352051
5,55,301,2,15,2,,"02",240,2,,,,,,,,,1,0,0,,0,,2,2,1,2,2,2,888,2,0,,,,,,,,,,,,3,,1,,,,,,,,,," ",580101505,3,106.034248352051
5,55,301,2,16,2,,"02",240,2,,,,,,,,,1,0,0,,0,,888,1,1,1,1,1,4,4,0,,,,,,,,,,,,3,,1,,,,,,,,,," ",580101605,3,106.034248352051
5,55,301,2,17,2,,"01",30,2,,,,,,,,,1,3,1,0,0,,1,2,2,2,2,2,4,2,0,,,,,,,,,,,,3,,1,,,,,,,,,," ",580101705,3,106.034248352051
5,55,301,2,18,2,,"01",60,2,,,,,,,,,1,0,1,0,0,,2,2,1,2,2,1,2,2,0,,,,,,,,,,,,3,,1,,,,,,,,,," ",580101805,3,106.034248352051
5,55,302,2,1,2,,"02",40,1,,,,,,,,,0,,0,,0,,2,2,2,4,2,2,5,4,0,,,,,,,,,,,,4,,,,1,,,,,,,," ",580200105,3,106.034248352051
5,55,302,2,2,2,,"02",60,1,,5,5,3,3,3,5,5,0,,0,,0,,2,2,2,4,1,1,5,4,0,,,,,,,,,,,,4,,,,1,,1,,,,,," ",580200205,3,106.034248352051
5,55,302,2,3,2,,"04",120,1,,5,5,3,3,3,5,5,0,,0,,0,,2,2,2,2,2,2,2,2,1,0,1,,3,,,,1,2,0,0,2,,1,,,,,,,,,," ",580200305,3,106.034248352051
5,55,302,2,4,2,,"01",120,1,,5,5,3,3,3,5,5,0,,0,,0,,2,2,2,2,2,2,2,2,1,0,4,9,,,,,4,3,0,0,2,,1,1,,,,,,,,," ",580200405,3,106.034248352051
5,55,302,2,5,2,,"03",120,2,,,,,,,,,0,,0,,0,,888,888,888,888,888,888,888,888,0,,,,,,,,,,,,2,,1,,,,,,,,,," ",580200505,3,106.034248352051
5,55,302,2,6,2,,"01",60,1,,,,,,,,,0,,0,,0,,2,2,2,4,2,2,4,2,0,,,,,,,,,,,,4,,,,1,,,,,,,," ",580200605,3,106.034248352051
5,55,302,2,7,2,,"02",60,1,,,,,,,,,0,,0,,0,,2,2,2,5,2,2,5,2,0,,,,,,,,,,,,4,,,,1,,,,,,,," ",580200705,3,106.034248352051
5,55,302,2,8,2,,"01",90,2,,,,,,,,,0,,0,,0,,888,888,888,888,888,888,888,888,0,,,,,,,,,,,,2,,1,,,,,,,,,," ",580200805,3,106.034248352051
5,55,302,2,9,2,,"01",120,2,,,,,,,,,0,,0,,0,,2,2,2,2,2,2,2,2,0,,,,,,,,,,,,2,,1,,,,,,,,,," ",580200905,3,106.034248352051
5,55,302,2,10,2,,"01",30,2,,,,,,,,,0,,0,,0,,888,2,2,2,2,2,2,2,0,,,,,,,,,,,,2,,1,,,,,,,,,," ",580201005,3,106.034248352051
5,55,302,2,11,2,,"02",60,1,,5,5,5,2,2,5,5,0,,0,,0,,2,2,2,4,2,2,4,4,1,0,4,2,,,,,1,4,1,0,4,,,1,,,,,,,,," ",580201105,3,106.034248352051
5,55,302,2,12,2,,"02",60,1,,,,,,,,,0,,0,,0,,2,2,1,5,2,2,4,2,0,,,,,,,,,,,,4,,,,1,,,,,,,," ",580201205,3,106.034248352051
5,55,302,2,13,2,,"01",180,1,,,,,,,,,0,,0,,0,,4,2,2,2,2,2,2,2,0,,,,,,,,,,,,2,,1,,,,,,,,,," ",580201305,3,106.034248352051
5,55,302,2,14,2,,"01",60,2,,,,,,,,,0,,0,,0,,888,2,2,2,2,2,2,2,0,,,,,,,,,,,,2,,1,,,,,,,,,," ",580201405,3,106.034248352051
5,55,302,2,15,2,,"01",60,1,,,,,,,,,0,,0,,0,,2,2,4,2,2,2,4,2,0,,,,,,,,,,,,4,,,1,,,,,,,,," ",580201505,3,106.034248352051
5,55,302,2,16,2,,"01",240,2,,,,,,,,,1,888,0,,0,,1,1,1,4,4,1,4,2,0,,,,,,,,,,,,4,,1,,,,,,,,,," ",580201605,3,106.034248352051
5,55,302,2,17,2,,"03",240,2,,5,5,2,5,2,5,5,0,,0,,0,,2,2,888,2,2,888,888,888,1,0,1,,3,,,,1,4,2,1,4,,,1,,,,,,,,," ",580201705,3,106.034248352051
5,55,302,2,18,2,,"02",60,1,,5,3,5,5,3,3,5,0,,0,,0,,2,2,2,4,2,2,4,2,1,0,4,4,,,,,1,6,1,0,4,,,,1,,,,,,,," ",580201805,3,106.034248352051
5,55,303,2,1,2,,"01",120,2,,5,5,2,5,2,5,5,0,,0,,0,,2,2,888,888,888,888,888,888,0,,,,,,,,,,,,4,,,1,,,,,,,,," ",580300105,3,106.034248352051
5,55,303,2,2,2,,"02",120,1,,5,5,2,5,2,5,5,1,1,0,,0,,2,2,2,888,888,888,888,888,0,,,,,,,,,,,,4,,,1,,,,,,,,," ",580300205,3,106.034248352051
5,55,303,2,3,2,,"01",120,1,,5,5,2,5,2,5,5,1,1,0,,0,,4,2,888,2,888,888,888,888,0,,,,,,,,,,,,4,,,,1,,,,,,,," ",580300305,3,106.034248352051
5,55,303,2,4,2,,"02",120,2,,,,,,,,,0,,0,,0,,2,2,888,888,888,888,888,888,0,,,,,,,,,,,,4,,1,1,,,,,,,,," ",580300405,3,106.034248352051
5,55,303,2,5,2,,"01",120,2,,,,,,,,,0,,0,,0,,2,2,888,888,888,888,5,3,0,,,,,,,,,,,,4,,,,1,,,,,,,," ",580300505,3,106.034248352051
5,55,303,2,6,2,,"01",120,1,,,,,,,,,0,,0,,0,,2,2,888,888,888,888,888,888,0,,,,,,,,,,,,4,,,,1,,,,,,,," ",580300605,3,106.034248352051
5,55,303,2,7,2,,"01",180,2,,5,5,3,5,3,3,5,0,,0,,0,,4,2,888,888,888,888,888,888,1,1,1,,3,,,,1,3,2,1,1,,1,,,,,,,,,," ",580300705,3,106.034248352051
5,55,303,2,8,2,,"01",63,2,,5,5,1,5,5,5,5,0,,0,,0,,2,2,2,888,4,2,4,888,1,0,1,,3,,,,1,3,1,1,4,,1,,,,,,,,,," ",580300805,3,106.034248352051
5,55,303,2,9,2,,"02",53,1,,,,,,,,,1,4,0,,0,,1,2,2,1,4,1,5,1,0,,,,,,,,,,,,4,,1,,,,,,,,,," ",580300905,3,106.034248352051
5,55,303,2,10,2,,"01",60,1,,,,,,,,,1,1,0,,0,,2,4,5,4,3,1,5,888,0,,,,,,,,,,,,3,,,,,,1,,,,,," ",580301005,3,106.034248352051
5,55,303,2,11,2,,"01",30,2,,,,,,,,,1,1,0,,0,,1,3,1,2,3,1,5,888,0,,,,,,,,,,,,4,,,,,,1,,,,,," ",580301105,3,106.034248352051
5,55,303,2,12,2,,"02",300,2,,,,,,,,,1,1,0,,0,,1,2,1,1,2,1,5,888,0,,,,,,,,,,,,4,,,,,,1,,,,,," ",580301205,3,106.034248352051
5,55,303,2,13,2,,"02",120,1,,,,,,,,,0,,0,,0,,1,2,1,2,3,1,5,888,0,,,,,,,,,,,,4,,,,,,1,,,,,," ",580301305,3,106.034248352051
5,55,303,2,14,2,,"01",30,2,,,,,,,,,0,,0,,0,,2,2,1,3,3,1,5,888,0,,,,,,,,,,,,4,,,,,,1,,,,,," ",580301405,3,106.034248352051
5,55,303,2,15,2,,"02",120,2,,,,,,,,,0,,0,,0,,1,2,1,2,4,1,5,888,0,,,,,,,,,,,,5,,,,,,1,,,,,," ",580301505,3,106.034248352051
5,55,303,2,16,2,,"01",60,2,,5,5,3,5,3,5,5,0,,0,,0,,1,2,1,2,4,2,4,888,1,0,1,,2,,,,1,3,1,1,4,,1,,,,,,,,,," ",580301605,3,106.034248352051
5,55,303,2,17,2,,"02",240,2,,,,,,,,,0,,0,,0,,4,2,1,2,4,2,5,2,0,,,,,,,,,,,,4,,1,,1,,,,,,,," ",580301705,3,106.034248352051
5,55,303,2,18,2,,"02",60,2,,,,,,,,,1,888,0,,0,,2,2,1,888,4,2,4,888,0,,,,,,,,,,,,4,,1,,,,,,,,,," ",580301805,3,106.034248352051
5,55,304,2,1,2,,"01",60,1,,,,,,,,,0,,0,,0,,5,1,1,1,1,1,1,1,0,,,,,,,,,,,,2,,,,,,1,,,,,," ",580400105,3,106.034248352051
5,55,304,2,2,2,,"02",60,2,,,,,,,,,0,,0,,0,,888,2,2,2,2,2,2,2,0,,,,,,,,,,,,2,,1,,,,,,,,,," ",580400205,3,106.034248352051
5,55,304,2,3,2,,"02",120,1,,,,,,,,,0,,0,,0,,2,2,2,2,2,2,2,2,0,,,,,,,,,,,,2,,1,,,,,,,,,," ",580400305,3,106.034248352051
5,55,304,2,4,2,,"01",60,2,,,,,,,,,0,,0,,0,,4,2,2,2,2,2,2,2,0,,,,,,,,,,,,2,,1,,,,,,,,,," ",580400405,3,106.034248352051
5,55,304,2,5,2,,"02",60,1,,,,,,,,,0,,0,,0,,2,2,2,2,2,2,2,2,0,,,,,,,,,,,,2,,1,,,,,,,,,," ",580400505,3,106.034248352051
5,55,304,2,6,2,,"01",60,1,,,,,,,,,0,,0,,0,,5,1,1,1,1,2,2,5,0,,,,,,,,,,,,555,12,,,,,1,,,,,," ",580400605,3,106.034248352051
5,55,304,2,7,2,,"02",120,1,,5,5,3,3,3,5,5,0,,0,,0,,2,2,2,2,2,2,2,2,1,0,4,9,,,,,4,4,0,0,2,,,,1,,,,,,,," ",580400705,3,106.034248352051
5,55,304,2,8,2,,"01",60,2,,,,,,,,,0,,0,,0,,2,2,2,2,2,2,2,2,0,,,,,,,,,,,,3,,1,,,,,,,,,," ",580400805,3,106.034248352051
5,55,304,2,9,2,,"03",120,2,,,,,,,,,1,0,0,,0,,2,2,2,2,2,2,2,2,0,,,,,,,,,,,,3,,1,,,,,,,,,," ",580400905,3,106.034248352051
5,55,304,2,10,2,,"01",240,2,,,,,,,,,0,,0,,0,,2,1,2,2,4,2,4,2,0,,,,,,,,,,,,3,,1,,,,,,,,,," ",580401005,3,106.034248352051
5,55,304,2,11,2,,"02",60,2,,,,,,,,,1,0,0,,1,0,2,4,2,2,2,2,2,2,0,,,,,,,,,,,,3,,1,,,,,,,,,," ",580401105,3,106.034248352051
5,55,304,2,12,2,,"01",240,2,,,,,,,,,0,,1,0,0,,1,2,2,2,2,2,2,2,0,,,,,,,,,,,,3,,1,,,,,,,,,," ",580401205,3,106.034248352051
5,55,304,2,13,2,,"01",60,1,,,,,,,,,0,,0,,0,,2,2,2,4,2,2,5,2,0,,,,,,,,,,,,4,,,,1,,,,,,,," ",580401305,3,106.034248352051
5,55,304,2,14,2,,"01",60,1,,,,,,,,,0,,0,,0,,2,2,1,1,2,2,5,2,1,0,3,,,,,3,1,3,0,0,2,,,1,,,,,,,,," ",580401405,3,106.034248352051
5,55,304,2,15,2,,"02",60,1,,,,,,,,,0,,0,,0,,2,2,2,4,2,2,2,2,0,,,,,,,,,,,,4,,,,1,,,,,,,," ",580401505,3,106.034248352051
5,55,304,2,16,2,,"02",60,1,,,,,,,,,0,,0,,0,,2,4,2,1,1,2,5,4,0,,,,,,,,,,,,4,,,,1,,,,,,,," ",580401605,3,106.034248352051
5,55,304,2,17,2,,"01",70,1,,,,,,,,,0,,0,,0,,5,1,1,1,1,1,5,5,0,,,,,,,,,,,,555,8,,,,,1,,,,,," ",580401705,3,106.034248352051
5,55,304,2,18,2,,"02",60,1,,,,,,,,,0,,0,,0,,2,2,2,2,2,2,5,2,0,,,,,,,,,,,,4,,,1,,,,,,,,," ",580401805,3,106.034248352051
5,55,305,2,1,2,,"01",60,2,,,,,,,,,0,,0,,0,,4,4,1,2,4,1,5,2,0,,,,,,,,,,,,4,,1,,1,,,,,,,," ",580500105,3,106.034248352051
5,55,305,2,4,2,,"02",120,2,,,,,,,,,0,,0,,0,,2,2,888,888,888,888,888,888,0,,,,,,,,,,,,4,,,1,,,,,,,,," ",580500405,3,106.034248352051
5,55,305,2,6,2,,"01",240,1,,,,,,,,,0,,0,,0,,2,2,3,2,888,888,4,888,0,,,,,,,,,,,,4,,,1,,,,,,,,," ",580500605,3,106.034248352051
5,55,305,2,7,2,,"01",180,1,,,,,,,,,0,,0,,0,,2,2,888,3,888,888,888,888,0,,,,,,,,,,,,4,,1,,,,,,,,,," ",580500705,3,106.034248352051
5,55,305,2,8,2,,"01",180,2,,,,,,,,,0,,0,,0,,2,2,888,2,2,888,888,888,0,,,,,,,,,,,,4,,1,,,,,,,,,," ",580500805,3,106.034248352051
5,55,305,2,9,2,,"02",180,1,,5,5,3,5,3,3,5,1,1,0,,0,,2,2,888,888,888,888,888,888,1,1,2,,,3,2,,1,4,2,1,4,,,1,1,,,,,,,," ",580500905,3,106.034248352051
5,55,305,2,10,2,,"01",60,1,,,,,,,,,0,,0,,0,,3,2,2,4,2,2,5,2,0,,,,,,,,,,,,4,,,,,,1,,,,,," ",580501005,3,106.034248352051
5,55,305,2,11,2,,"02",50,2,,,,,,,,,0,,0,,0,,2,1,1,2,2,1,5,2,0,,,,,,,,,,,,4,,1,,,,,,,,,," ",580501105,3,106.034248352051
5,55,305,2,12,2,,"01",180,2,,,,,,,,,0,,0,,0,,2,2,1,2,4,1,5,2,0,,,,,,,,,,,,4,,1,,,,,,,,,," ",580501205,3,106.034248352051
5,55,305,2,16,2,,"05",60,1,,5,5,3,3,3,5,5,0,,0,,0,,2,2,1,2,1,1,4,2,1,0,2,,,4,3,,1,5,1,0,4,,,,,,1,,,,,," ",580501605,3,106.034248352051
5,55,305,2,17,2,,"01",60,1,,5,2,2,2,2,2,5,1,0,0,,0,,2,2,2,5,2,2,5,2,0,,,,,,,,,,,,4,,,1,,,,,,,,," ",580501705,3,106.034248352051
5,55,305,2,18,2,,"01",40,1,,,,,,,,,1,1,0,,0,,2,2,888,888,888,2,4,888,0,,,,,,,,,,,,4,,,1,1,,,,,,,," ",580501805,3,106.034248352051
5,55,306,2,1,2,,"02",120,2,,,,,,,,,1,1,0,,0,,1,2,1,2,2,1,5,5,0,,,,,,,,,,,,4,,,,,,1,,,,,," ",580600105,3,106.034248352051
5,55,306,2,2,2,,"01",30,1,,,,,,,,,1,1,0,,0,,1,1,1,2,3,1,5,888,0,,,,,,,,,,,,4,,,,,,1,,,,,," ",580600205,3,106.034248352051
5,55,306,2,3,2,,"01",30,2,,,,,,,,,0,,0,,0,,1,1,1,2,3,1,5,5,0,,,,,,,,,,,,4,,,,,,1,,,,,," ",580600305,3,106.034248352051
5,55,306,2,4,2,,"02",120,2,,,,,,,,,1,1,0,,0,,1,2,1,3,4,1,5,5,0,,,,,,,,,,,,5,,,,,,1,,,,,," ",580600405,3,106.034248352051
5,55,306,2,5,2,,"01",180,2,,,,,,,,,0,,0,,0,,1,3,1,2,1,1,5,5,0,,,,,,,,,,,,5,,,,,,1,,,,,," ",580600505,3,106.034248352051
5,55,306,2,6,2,,"01",60,2,,,,,,,,,1,2,0,,0,,1,1,1,2,2,1,5,5,0,,,,,,,,,,,,4,,,,,,1,,,,,," ",580600605,3,106.034248352051
5,55,306,2,7,2,,"01",60,1,,,,,,,,,0,,0,,0,,888,2,2,2,2,2,2,2,0,,,,,,,,,,,,2,,1,,,,,,,,,," ",580600705,3,106.034248352051
5,55,306,2,8,2,,"01",65,1,,,,,,,,,0,,0,,0,,5,1,1,2,2,2,5,5,0,,,,,,,,,,,,555,12,,,,,1,,,,,," ",580600805,3,106.034248352051
5,55,306,2,9,2,,"01",60,1,,,,,,,,,0,,0,,0,,2,2,2,2,2,2,2,2,0,,,,,,,,,,,,2,,1,,,,,,,,,," ",580600905,3,106.034248352051
5,55,306,2,10,2,,"01",40,1,,,,,,,,,0,,0,,0,,888,2,2,2,2,2,2,2,0,,,,,,,,,,,,2,,,,,,,,,,,888," ",580601005,3,106.034248352051
5,55,306,2,11,2,,"01",65,2,,,,,,,,,0,,0,,0,,5,1,1,1,4,1,4,1,0,,,,,,,,,,,,8,,,,,,1,,,,,," ",580601105,3,106.034248352051
5,55,306,2,12,2,,"01",60,2,,,,,,,,,0,,0,,0,,5,2,2,2,2,2,2,2,0,,,,,,,,,,,,2,,,1,,,,,,,,," ",580601205,3,106.034248352051
5,55,306,2,13,2,,"01",50,1,,,,,,,,,0,,0,,0,,2,2,2,2,2,2,2,2,0,,,,,,,,,,,,2,,,,,,,,,,,888," ",580601305,3,106.034248352051
5,55,306,2,14,2,,"01",60,1,,,,,,,,,0,,0,,0,,2,1,2,2,2,2,4,2,0,,,,,,,,,,,,4,,,,1,,,,,,,," ",580601405,3,106.034248352051
5,55,307,2,1,2,,"02",60,2,,,,,,,,,0,,0,,0,,2,2,2,2,2,2,2,2,0,,,,,,,,,,,,3,,1,,,,,,,,,," ",580700105,3,106.034248352051
5,55,307,2,2,2,,"01",30,2,,,,,,,,,1,0,1,0,1,3,2,2,2,2,2,2,2,2,0,,,,,,,,,,,,3,,1,,,,,,,,,," ",580700205,3,106.034248352051
5,55,307,2,3,2,,"01",35,2,,,,,,,,,0,,0,,0,,2,2,2,2,2,2,2,2,0,,,,,,,,,,,,3,,1,,,,,,,,,," ",580700305,3,106.034248352051
5,55,307,2,4,2,,"03",60,2,,,,,,,,,1,0,1,0,1,0,2,2,2,2,2,2,2,2,0,,,,,,,,,,,,3,,1,,,,,,,,,," ",580700405,3,106.034248352051
5,55,307,2,5,2,,"01",240,1,,5,5,3,5,3,5,5,0,,0,,0,,4,2,2,2,888,888,4,888,1,0,2,,,3,2,,1,3,2,1,4,,1,,,,,,,,,," ",580700505,3,106.034248352051
5,55,307,2,6,2,,"02",240,2,,,,,,,,,0,,0,,0,,2,2,2,888,2,2,888,888,0,,,,,,,,,,,,4,,,1,,,,,,,,," ",580700605,3,106.034248352051
5,55,307,2,7,2,,"01",180,2,,5,5,2,5,5,5,5,1,1,0,,0,,4,2,888,2,2,3,4,888,1,0,1,,3,,,,1,4,2,1,4,,,,1,,,,,,,," ",580700705,3,106.034248352051
5,55,307,2,8,2,,"01",60,2,,,,,,,,,1,0,1,0,1,0,2,2,2,2,2,2,2,2,0,,,,,,,,,,,,3,,1,,,,,,,,,," ",580700805,3,106.034248352051
5,55,307,2,9,2,,"03",100,2,,5,5,3,5,5,5,5,0,,0,,0,,4,2,1,2,4,2,4,2,1,0,1,,4,,,,1,3,1,1,5,,,,1,,,,,,,," ",580700905,3,106.034248352051
5,55,307,2,10,2,,"01",60,1,,,,,,,,,0,,0,,0,,2,2,1,5,2,2,4,2,0,,,,,,,,,,,,2,,,,1,,,,,,,," ",580701005,3,106.034248352051
5,55,307,2,11,2,,"01",60,1,,,,,,,,,0,,0,,0,,2,2,2,4,2,1,4,2,0,,,,,,,,,,,,4,,,1,1,,,,,,,," ",580701105,3,106.034248352051
5,55,307,2,12,2,,"02",60,1,,,,,,,,,0,,0,,0,,2,1,2,4,2,2,4,2,0,,,,,,,,,,,,6,,,1,,,,,,,,," ",580701205,3,106.034248352051
5,56,308,2,1,1,1039.469,"02",180,2,,,,,,,,,0,,1,3,0,,2,2,888,2,5,5,5,888,1,0,2,,,2,2,,1,5,0,1,5,,,,,,,,,,,," ",590800105,,
5,56,308,2,2,1,1039.469,"02",30,2,,,,,,,,,0,,0,,0,,2,5,888,888,2,2,1,3,0,,,,,,,,,,,,1,,,,,,,,,,,," ",590800205,,
5,56,308,2,3,1,1039.469,"03",120,2,,,,,,,,,0,,1,1,0,,888,4,888,3,4,888,3,888,1,0,2,,,6,3,,1,3,1,1,2,,,,,,,,,,,," ",590800305,,
5,56,308,2,4,1,1039.469,"06",240,2,,,,,,,,,0,,1,3,0,,2,2,888,2,888,888,5,888,1,0,1,,2,,,,1,2,1,1,5,,,,,,,,,,,," ",590800405,,
5,56,308,2,5,1,1039.469,"02",30,2,,,,,,,,,0,,0,,0,,2,888,2,3,888,888,888,888,1,0,2,,,3,2,,1,2,1,1,1,,,,,,,,,,,," ",590800505,,
5,56,308,2,7,1,1039.469,"02",180,2,,,,,,,,,0,,0,,0,,888,2,888,3,5,888,888,888,0,,,,,,,,,,,,2,,,,,,,,,,,," ",590800705,,
5,56,308,2,8,1,1039.469,"02",240,2,,,,,,,,,0,,1,4,0,,2,2,888,2,4,4,5,888,1,0,2,,,3,2,,1,5,1,1,1,,,,,,,,,,,," ",590800805,,
5,56,308,2,9,1,1039.469,"02",90,2,,,,,,,,,0,,1,2,0,,888,2,888,888,5,888,888,888,0,,,,,,,,,,,,2,,,,,,,,,,,," ",590800905,,
5,56,308,2,10,1,1039.469,"02",90,1,,,,,,,,,0,,0,,1,4,4,1,2,1,3,2,5,2,0,,,,,,,,,,,,2,,,,,,,,,,,," ",590801005,,
5,56,308,2,11,1,1039.469,"02",60,1,,,,,,,,,1,0,1,3,0,,2,4,5,888,3,2,4,2,0,,,,,,,,,,,,1,,,,,,,,,,,," ",590801105,,
5,56,308,2,12,1,1039.469,"01",90,2,,,,,,,,,1,0,0,,0,,2,888,2,888,888,3,5,888,0,,,,,,,,,,,,1,,,,,,,,,,,," ",590801205,,
5,56,308,2,13,1,1039.469,"02",120,2,,,,,,,,,0,,0,,0,,888,4,888,3,4,888,888,888,0,,,,,,,,,,,,2,,,,,,,,,,,," ",590801305,,
5,56,308,2,14,1,1039.469,"02",180,2,,,,,,,,,1,4,1,2,0,,888,4,888,4,4,888,888,888,0,,,,,,,,,,,,2,,,,,,,,,,,," ",590801405,,
5,56,308,2,15,1,1039.469,"02",360,2,,,,,,,,,0,,0,,0,,2,2,888,888,888,888,5,888,1,0,1,,3,,,,1,3,1,0,2,,,,,,,,,,,," ",590801505,,
5,56,308,2,16,1,1039.469,"02",90,1,,,,,,,,,0,,0,,0,,1,2,2,888,888,2,5,3,1,0,2,,,3,2,,2,2,2,1,1,,,,,,,,,,,," ",590801605,,
5,56,308,2,17,1,1039.469,"02",120,2,,,,,,,,,0,,1,2,0,,2,2,888,888,3,888,5,888,0,,,,,,,,,,,,2,,,,,,,,,,,," ",590801705,,
5,56,308,2,18,1,1039.469,"02",90,2,,,,,,,,,0,,1,2,0,,888,2,888,3,4,888,888,888,1,0,2,,,4,3,,2,2,1,1,2,,,,,,,,,,,," ",590801805,,
5,56,308,2,19,1,1039.469,"02",240,2,,,,,,,,,0,,0,,0,,888,4,888,3,5,888,3,888,0,,,,,,,,,,,,2,,,,,,,,,,,," ",590801905,,
5,56,309,1,1,1,25.3374697674419,"02",240,1,2,,,,,,,,0,,1,4,0,,888,888,888,2,2,888,2,888,1,0,1,,2,,,,1,5,2,1,2,,,,,,,,,,,," ",590900105,,
5,56,309,1,2,1,25.3374697674419,"01",120,1,1,,,,,,,,0,,0,,0,,2,2,2,1,1,4,4,2,0,,,,,,,,,,,,1,,,,,,,,,,,," ",590900205,,
5,56,309,1,3,1,25.3374697674419,"01",90,2,2,1,1,1,2,1,2,2,1,0,0,,1,2,2,1,3,2,1,3,1,1,1,0,2,,,3,2,,1,3,1,1,2,,,,,,,,,,,," ",590900305,,
5,56,309,1,4,1,25.3374697674419,"03",120,1,1,,,,,,,,1,0,1,3,1,4,1,2,2,1,2,4,2,1,0,,,,,,,,,,,,4,,,,,,,,,,,," ",590900405,,
5,56,309,1,5,1,25.3374697674419,"02",90,1,2,,,,,,,,0,,1,4,0,,4,2,1,2,2,888,4,2,1,0,1,,5,,,,1,4,1,1,5,,,,,,,,,,,," ",590900505,,
5,56,309,1,6,1,242.1136,"02",180,1,2,,,,,,,,0,,1,4,0,,1,2,4,1,1,4,4,2,0,,,,,,,,,,,,1,,,,,,,,,,,," ",590900605,,
5,56,309,1,7,1,25.3374697674419,"01",300,1,2,,,,,,,,0,,1,4,0,,2,888,888,888,2,4,2,888,0,,,,,,,,,,,,5,,,,,,,,,,,," ",590900705,,
5,56,309,1,8,1,25.3374697674419,"01",120,2,2,,,,,,,,0,,0,,0,,1,2,888,2,2,888,2,888,0,,,,,,,,,,,,1,,,,,,,,,,,," ",590900805,,
5,56,309,1,9,1,25.3374697674419,"02",120,1,2,,,,,,,,0,,1,4,0,,1,2,888,2,3,2,4,888,1,0,1,,4,,,,1,3,1,1,1,,,,,,,,,,,," ",590900905,,
5,56,309,1,10,1,242.1136,"01",90,1,2,,,,,,,,0,,1,4,0,,1,1,888,888,1,888,4,888,0,,,,,,,,,,,,5,,,,,,,,,,,," ",590901005,,
5,56,309,1,11,1,242.1136,"02",300,1,2,,,,,,,,1,0,1,3,1,0,1,1,3,2,1,3,4,1,1,0,2,,,4,3,,1,3,1,1,2,,,,,,,,,,,," ",590901105,,
5,56,309,1,12,1,242.1136,"01",120,1,2,,,,,,,,0,,0,,0,,1,2,2,4,2,5,4,2,0,,,,,,,,,,,,2,,,,,,,,,,,," ",590901205,,
5,56,309,1,13,1,242.1136,"01",360,1,1,2,2,2,5,2,2,5,1,0,1,1,1,3,1,1,1,1,2,4,4,1,0,,,,,,,,,,,,4,,,,,,,,,,,," ",590901305,,
5,56,309,1,14,1,242.1136,"04",60,1,2,,,,,,,,0,,1,4,0,,4,2,2,4,2,4,4,2,1,1,2,,,4,3,,1,5,2,1,5,,,,,,,,,,,," ",590901405,,
5,56,309,1,15,1,242.1136,"02",180,1,2,3,2,2,2,2,2,2,1,0,1,0,1,3,3,2,1,1,2,2,2,1,1,0,2,,,3,2,,1,3,0,0,2,,,,,,,,,,,," ",590901505,,
5,56,309,1,16,1,242.1136,"02",120,1,1,2,2,2,2,2,2,2,0,,0,,0,,4,2,1,1,2,2,5,1,1,1,2,,,3,2,,1,3,1,0,4,,,,,,,,,,,," ",590901605,,
5,56,309,1,17,1,242.1136,"01",60,1,2,,,,,,,,0,,0,,0,,4,4,1,2,2,1,888,1,0,,,,,,,,,,,,4,,,,,,,,,,,," ",590901705,,
5,56,309,1,18,1,242.1136,"02",120,1,1,,,,,,,,0,,1,4,0,,2,888,888,1,888,2,2,888,1,0,1,,3,,,,1,3,1,1,2,,,,,,,,,,,," ",590901805,,
5,56,310,2,1,1,1300.178,"02",150,2,,,,,,,,,0,,1,2,0,,888,4,888,3,4,888,3,888,1,0,2,,,4,3,,2,3,1,1,2,,,,,,,,,,,," ",591000105,,
5,56,310,2,2,1,1300.178,"02",120,2,,,,,,,,,0,,1,4,0,,2,2,888,2,888,888,2,888,1,0,1,,2,,,,1,5,1,1,2,,,,,,,,,,,," ",591000205,,
5,56,310,2,3,1,1300.178,"01",180,2,,,,,,,,,0,,1,2,0,,2,1,888,2,888,888,5,888,1,0,1,,3,,,,1,3,0,1,6,,,,,,,,,,,," ",591000305,,
5,56,310,2,4,1,1300.178,"02",120,1,,,,,,,,,0,,0,,0,,888,2,888,4,2,5,4,888,1,0,1,,3,,,,1,5,1,1,5,,,,,,,,,,,," ",591000405,,
5,56,310,2,5,1,1300.178,"02",120,2,,,,,,,,,0,,0,,0,,888,1,2,888,1,4,4,2,1,0,2,,,2,2,,1,4,1,1,1,,,,,,,,,,,," ",591000505,,
5,56,310,2,6,1,1300.178,"03",90,1,,,,,,,,,0,,1,0,0,,2,888,3,888,1,2,3,2,1,0,2,,,3,2,,1,2,1,1,1,,,,,,,,,,,," ",591000605,,
5,56,310,2,7,1,1300.178,"02",120,2,,,,,,,,,0,,1,2,1,0,2,2,2,1,2,2,4,1,1,0,2,,,4,2,,1,3,1,1,1,,,,,,,,,,,," ",591000705,,
5,56,310,2,8,1,1300.178,"02",180,2,,,,,,,,,0,,0,,0,,888,2,888,3,5,888,3,888,0,,,,,,,,,,,,2,,,,,,,,,,,," ",591000805,,
5,56,310,2,9,1,1300.178,"05",240,2,,,,,,,,,0,,0,,0,,4,1,2,888,1,4,2,2,1,0,2,,,3,2,,1,3,1,1,1,,,,,,,,,,,," ",591000905,,
5,56,310,2,10,1,1300.178,"02",180,2,,,,,,,,,1,2,0,,0,,888,2,888,3,4,888,888,888,0,,,,,,,,,,,,2,,,,,,,,,,,," ",591001005,,
5,56,310,2,11,1,1300.178,"01",90,2,,,,,,,,,0,,0,,0,,2,888,4,888,2,2,5,888,1,0,2,,,3,2,,1,3,0,1,1,,,,,,,,,,,," ",591001105,,
5,56,310,2,12,1,1300.178,"02",120,2,,,,,,,,,0,,1,3,0,,3,1,888,2,888,5,5,888,1,0,1,,3,,,,1,3,1,0,5,,,,,,,,,,,," ",591001205,,
5,56,310,2,13,1,1300.178,"01",120,2,,,,,,,,,1,0,1,4,0,,2,2,2,1,1,3,4,2,0,,,,,,,,,,,,1,,,,,,,,,,,," ",591001305,,
5,56,310,2,14,1,1300.178,"02",240,2,,,,,,,,,0,,1,4,0,,2,2,888,888,4,888,5,888,1,0,1,,2,,,,1,2,0,1,5,,,,,,,,,,,," ",591001405,,
5,56,310,2,15,1,1300.178,"01",120,2,,,,,,,,,0,,1,3,0,,888,2,888,888,2,888,1,888,1,0,1,,2,,,,1,6,1,1,1,,,,,,,,,,,," ",591001505,,
5,56,310,2,16,1,1300.178,"01",60,2,,,,,,,,,0,,0,,0,,1,2,888,2,4,888,4,888,1,0,3,,,,,2,2,5,0,1,1,,,,,,,,,,,," ",591001605,,
5,56,310,2,17,1,1300.178,"02",108,2,,,,,,,,,0,,1,4,1,4,3,1,3,2,2,3,4,2,0,,,,,,,,,,,,2,,,,,,,,,,,," ",591001705,,
5,56,310,2,18,1,1300.178,"02",60,1,,,,,,,,,0,,0,,0,,2,4,2,888,2,1,5,888,0,,,,,,,,,,,,1,,,,,,,,,,,," ",591001805,,
5,56,311,2,1,1,1505.08703561644,"01",360,2,,,,,,,,,0,,1,4,0,,2,2,888,2,4,888,5,888,1,0,1,,2,,,,1,2,0,1,6,,,,,,,,,,,," ",591100105,,
5,56,311,2,2,1,1505.08703561644,"03",180,2,,,,,,,,,0,,0,,0,,2,2,888,888,888,888,5,888,1,0,1,,4,,,,1,6,1,1,6,,,,,,,,,,,," ",591100205,,
5,56,311,2,3,1,1505.08703561644,"02",240,2,,,,,,,,,0,,0,,0,,888,1,888,3,4,888,3,888,1,0,2,,,4,3,,2,4,1,1,2,,,,,,,,,,,," ",591100305,,
5,56,311,2,4,1,1505.08703561644,"01",120,2,,,,,,,,,1,2,1,1,0,,888,2,888,3,2,888,888,888,1,0,2,,,3,2,,2,4,2,1,2,,,,,,,,,,,," ",591100405,,
5,56,311,2,5,1,1505.08703561644,"02",120,2,,,,,,,,,0,,1,3,0,,2,2,888,888,5,4,5,888,1,0,1,,2,,,,1,2,0,1,1,,,,,,,,,,,," ",591100505,,
5,56,311,2,6,1,1505.08703561644,"01",160,2,,,,,,,,,0,,1,4,0,,2,2,888,888,888,888,5,888,1,0,1,,3,,,,1,5,0,1,2,,,,,,,,,,,," ",591100605,,
5,56,311,2,7,1,1505.08703561644,"02",180,2,,,,,,,,,1,4,0,,0,,888,2,888,888,4,888,888,888,0,,,,,,,,,,,,2,,,,,,,,,,,," ",591100705,,
5,56,311,2,8,1,1505.08703561644,"01",150,2,,,,,,,,,0,,0,,0,,888,4,888,3,5,888,888,888,1,0,2,,,4,3,,2,3,1,1,2,,,,,,,,,,,," ",591100805,,
5,56,311,2,9,1,1505.08703561644,"01",120,2,,,,,,,,,0,,0,,0,,888,2,888,888,4,888,888,888,0,,,,,,,,,,,,2,,,,,,,,,,,," ",591100905,,
5,56,311,2,10,1,1009.847,"02",120,1,,,,,,,,,0,,0,,0,,2,2,1,888,5,2,4,2,1,0,2,,,3,2,,1,2,2,1,1,,,,,,,,,,,," ",591101005,,
5,56,311,2,11,1,1009.847,"02",360,1,,,,,,,,,0,,1,2,0,,2,2,888,2,4,2,5,3,1,1,1,,2,,,,1,2,1,1,4,,,,,,,,,,,," ",591101105,,
5,56,311,2,12,1,1505.08703561644,"01",240,2,,,,,,,,,0,,0,,0,,888,2,888,3,4,888,888,888,0,,,,,,,,,,,,2,,,,,,,,,,,," ",591101205,,
5,56,311,2,13,1,1009.847,"04",240,2,,,,,,,,,0,,1,3,0,,2,1,888,5,888,888,5,888,1,1,1,,2,,,,1,2,1,1,1,,,,,,,,,,,," ",591101305,,
5,56,311,2,14,1,1009.847,"02",90,1,,,,,,,,,0,,0,,0,,2,2,2,888,2,2,5,888,1,0,2,,,2,2,,1,2,1,1,1,,,,,,,,,,,," ",591101405,,
5,56,311,2,15,1,1009.847,"04",60,1,,,,,,,,,0,,0,,0,,4,5,2,888,2,5,5,2,0,,,,,,,,,,,,1,,,,,,,,,,,," ",591101505,,
5,56,311,2,16,1,1009.847,"01",90,1,,,,,,,,,0,,0,,0,,2,2,5,888,5,2,5,2,0,,,,,,,,,,,,1,,,,,,,,,,,," ",591101605,,
5,56,311,2,17,1,1009.847,"01",60,2,,,,,,,,,0,,0,,0,,2,3,2,888,3,1,2,2,1,0,2,,,3,2,,1,2,2,1,1,,,,,,,,,,,," ",591101705,,
5,56,311,2,18,1,1009.847,"02",90,1,,,,,,,,,0,,1,0,0,,2,4,2,888,2,1,4,888,1,1,2,,,3,2,,1,3,1,1,1,,,,,,,,,,,," ",591101805,,
5,56,312,2,1,1,1016.90338604651,"02",120,2,,,,,,,,,0,,0,,0,,2,2,2,888,2,888,2,888,1,0,2,,,2,2,,1,3,0,1,1,,,,,,,,,,,," ",591200105,,
5,56,312,2,2,1,1016.90338604651,"02",180,2,,,,,,,,,0,,1,4,0,,888,2,2,5,2,4,5,888,1,0,1,,2,,,,1,2,1,1,1,,,,,,,,,,,," ",591200205,,
5,56,312,2,3,1,1016.90338604651,"02",120,2,,,,,,,,,1,1,1,4,0,,1,2,888,3,888,888,2,888,1,0,1,,2,,,,1,4,1,1,1,,,,,,,,,,,," ",591200305,,
5,56,312,2,4,1,1016.90338604651,"01",240,1,,,,,,,,,0,,0,,0,,1,888,888,888,888,888,1,888,0,,,,,,,,,,,,1,,,,,,,,,,,," ",591200405,,
5,56,312,2,5,1,1016.90338604651,"02",120,2,,,,,,,,,0,,1,1,1,3,1,1,3,2,2,3,2,2,1,0,2,,,5,4,,1,3,1,1,2,,,,,,,,,,,," ",591200505,,
5,56,312,2,6,1,1016.90338604651,"01",60,2,,,,,,,,,0,,1,4,0,,1,2,888,3,4,888,1,3,1,0,1,,2,,,,1,3,1,1,1,,,,,,,,,,,," ",591200605,,
5,56,312,2,7,1,1016.90338604651,"02",240,2,,,,,,,,,0,,1,4,0,,1,888,888,888,888,888,1,888,1,0,2,,,4,2,,1,2,1,1,5,,,,,,,,,,,," ",591200705,,
5,56,312,2,8,1,1016.90338604651,"02",240,2,,,,,,,,,0,,1,3,0,,888,2,888,5,2,888,1,888,1,0,2,,,3,2,,1,3,1,1,1,,,,,,,,,,,," ",591200805,,
5,56,312,2,9,1,1016.90338604651,"01",60,2,,,,,,,,,1,0,1,2,0,,1,2,3,4,2,3,4,2,0,,,,,,,,,,,,4,,,,,,,,,,,," ",591200905,,
5,56,312,2,10,1,2024.391,"02",120,1,,3,3,3,3,3,3,3,1,0,1,3,1,4,1,1,1,1,4,4,5,2,1,1,2,,,3,2,,1,3,2,1,2,,,,,,,,,,,," ",591201005,,
5,56,312,2,11,1,2024.391,"02",120,2,,,,,,,,,0,,1,4,0,,2,2,2,2,2,5,5,2,1,1,2,,,3,2,,1,2,1,1,5,,,,,,,,,,,," ",591201105,,
5,56,312,2,12,1,2024.391,"02",150,2,,,,,,,,,0,,1,1,0,,1,888,888,2,4,888,4,2,0,,,,,,,,,,,,5,,,,,,,,,,,," ",591201205,,
5,56,312,2,13,1,1016.90338604651,"01",120,2,,,,,,,,,0,,1,3,0,,888,2,888,5,1,5,4,2,1,0,2,,,3,2,,1,3,1,1,5,,,,,,,,,,,," ",591201305,,
5,56,312,2,14,1,2024.391,"01",120,1,,,,,,,,,1,0,1,1,1,1,1,1,2,1,2,3,2,1,1,1,2,,,4,3,,1,3,2,1,2,,,,,,,,,,,," ",591201405,,
5,56,312,2,15,1,2024.391,"02",180,1,,,,,,,,,0,,1,3,0,,1,2,2,2,2,5,4,888,1,0,1,,3,,,,1,3,2,1,5,,,,,,,,,,,," ",591201505,,
5,56,312,2,16,1,2024.391,"02",90,2,,,,,,,,,0,,0,,0,,4,2,2,888,2,3,4,5,1,0,2,,,3,2,,1,3,1,1,2,,,,,,,,,,,," ",591201605,,
5,56,312,2,17,1,2024.391,"02",60,2,,,,,,,,,0,,1,4,0,,2,888,2,2,2,888,5,5,1,0,1,,4,,,,1,4,2,1,2,,,,,,,,,,,," ",591201705,,
5,56,312,2,18,1,2024.391,"03",120,1,,2,3,3,2,3,2,2,0,,1,1,0,,4,1,2,1,4,2,5,4,1,0,2,,,3,2,,1,3,0,1,4,,,,,,,,,,,," ",591201805,,
5,57,313,1,1,1,20.3719658823529,"01",60,2,2,,,,,,,,0,,0,,0,,3,1,888,888,2,888,5,3,1,0,2,,,3,2,,1,2,1,1,6,,,,,,,,,,,," ",601300105,,
5,57,313,1,2,1,20.3719658823529,"01",60,2,2,,,,,,,,0,,1,1,0,,3,1,3,3,1,3,4,3,1,0,2,,,3,2,,1,2,1,1,5,,,,,,,,,,,," ",601300205,,
5,57,313,1,3,1,20.3719658823529,"02",120,2,2,1,1,1,1,1,1,1,0,,0,,0,,888,1,888,4,5,888,5,3,1,0,1,,4,,,,1,2,1,1,6,,,,,,,,,,,," ",601300305,,
5,57,313,1,4,1,20.3719658823529,"01",60,2,2,,,,,,,,0,,1,2,0,,2,2,3,2,2,3,4,3,1,0,1,,2,,,,1,2,2,1,2,,,,,,,,,,,," ",601300405,,
5,57,313,1,5,1,192.4019,"02",60,1,2,,,,,,,,0,,0,,0,,2,2,3,4,2,1,5,4,0,,,,,,,,,,,,2,,,,,,,,,,,," ",601300505,,
5,57,313,1,6,1,20.3719658823529,"01",45,2,2,,,,,,,,1,0,1,1,0,,4,2,2,888,888,888,2,2,1,0,2,,,4,3,,1,5,1,1,555,6,,,,,,,,,,," ",601300605,,
5,57,313,1,7,1,192.4019,"02",240,1,2,,,,,,,,0,,1,3,0,,2,2,2,4,1,2,5,2,1,1,2,,,3,2,,1,3,2,1,1,,,,,,,,,,,," ",601300705,,
5,57,313,1,8,1,192.4019,"02",120,1,2,,,,,,,,1,0,0,,0,,4,1,1,2,2,4,2,1,1,0,2,,,4,3,,1,3,0,1,2,,,,,,,,,,,," ",601300805,,
5,57,313,1,9,1,192.4019,"01",180,2,2,,,,,,,,1,0,1,0,0,,4,1,3,3,2,4,4,3,0,,,,,,,,,,,,2,,,,,,,,,,,," ",601300905,,
5,57,313,1,10,1,192.4019,"02",240,1,2,,,,,,,,0,,1,4,0,,2,1,888,2,2,4,2,2,1,1,2,,,5,4,,1,3,2,1,1,,,,,,,,,,,," ",601301005,,
5,57,313,1,11,1,192.4019,"02",180,1,2,,,,,,,,1,0,0,,1,0,888,1,1,5,3,3,5,5,1,0,1,,4,,,,1,3,1,1,2,,,,,,,,,,,," ",601301105,,
5,57,313,1,12,1,192.4019,"04",180,1,2,,,,,,,,1,0,0,,1,0,1,1,2,2,2,2,3,3,1,0,1,,3,,,,1,4,2,1,2,,,,,,,,,,,," ",601301205,,
5,57,313,1,14,1,192.4019,"02",180,1,2,,,,,,,,0,,1,2,0,,3,1,3,4,2,3,5,3,0,,,,,,,,,,,,2,,,,,,,,,,,," ",601301405,,
5,57,313,1,15,1,192.4019,"02",120,1,2,,,,,,,,0,,1,4,1,4,2,1,2,1,4,2,5,4,0,,,,,,,,,,,,1,,,,,,,,,,,," ",601301505,,
5,57,313,1,16,1,192.4019,"01",240,1,1,,,,,,,,0,,1,2,0,,1,1,1,1,1,1,1,1,0,,,,,,,,,,,,4,,,,,,,,,,,," ",601301605,,
5,57,313,1,17,1,192.4019,"01",40,1,2,,,,,,,,0,,1,3,1,0,2,4,4,4,4,1,5,4,1,0,1,,4,,,,1,4,1,1,4,,,,,,,,,,,," ",601301705,,
5,57,313,1,18,1,192.4019,"02",60,1,2,,,,,,,,0,,0,,0,,4,3,3,3,3,2,5,1,0,,,,,,,,,,,,3,,,,,,,,,,,," ",601301805,,
5,57,314,2,1,1,1890.69909118541,"02",60,1,,,,,,,,,1,0,1,1,1,2,1,1,1,1,1,1,4,888,0,,,,,,,,,,,,2,,,,,,,,,,,," ",601400105,,
5,57,314,2,2,1,1037.598,"01",360,1,,,,,,,,,0,,1,2,0,,888,5,888,2,888,1,888,888,1,0,2,,,6,4,,1,6,2,1,2,,,,,,,,,,,," ",601400205,,
5,57,314,2,3,1,1890.69909118541,"02",180,1,,,,,,,,,1,2,1,1,0,,1,2,2,2,2,888,888,888,1,0,2,,,2,2,,1,4,0,1,2,,,,,,,,,,,," ",601400305,,
5,57,314,2,4,1,1890.69909118541,"01",120,2,,,,,,,,,0,,0,,0,,2,2,3,3,3,3,3,3,1,0,4,4,,,,,1,5,0,1,2,,,,,,,,,,,," ",601400405,,
5,57,314,2,5,1,1037.598,"01",60,2,,,,,,,,,0,,0,,0,,2,2,2,2,2,2,4,4,1,0,2,,,3,2,,1,4,2,1,4,,,,,,,,,,,," ",601400505,,
5,57,314,2,6,1,1890.69909118541,"02",300,2,,2,2,2,2,2,2,2,1,4,0,,0,,888,888,888,888,888,888,888,888,0,,,,,,,,,,,,555,10,,,,,,,,,,," ",601400605,,
5,57,314,2,7,1,1890.69909118541,"02",180,2,,,,,,,,,0,,0,,0,,888,888,888,888,888,1,4,888,1,0,1,,6,,,,4,2,0,1,2,,,,,,,,,,,," ",601400705,,
5,57,314,2,8,1,1890.69909118541,"02",120,1,,,,,,,,,0,,0,,0,,3,2,888,2,3,2,5,2,0,,,,,,,,,,,,2,,,,,,,,,,,," ",601400805,,
5,57,314,2,9,1,1890.69909118541,"02",60,2,,,,,,,,,0,,1,4,0,,2,2,888,888,2,2,4,888,0,,,,,,,,,,,,2,,,,,,,,,,,," ",601400905,,
5,57,314,2,10,1,1037.598,"02",120,1,,,,,,,,,1,2,0,,0,,2,2,888,2,2,888,4,888,0,,,,,,,,,,,,1,,,,,,,,,,,," ",601401005,,
5,57,314,2,11,1,1037.598,"02",360,1,,,,,,,,,0,,1,1,0,,1,2,2,1,2,2,4,1,1,0,1,,3,,,,1,4,2,1,555,6,,,,,,,,,,," ",601401105,,
5,57,314,2,12,1,1037.598,"02",60,1,,,,,,,,,0,,0,,0,,4,2,2,4,2,1,5,2,1,0,2,,,3,2,,1,6,2,1,2,,,,,,,,,,,," ",601401205,,
5,57,314,2,13,1,1037.598,"02",60,1,,,,,,,,,0,,0,,0,,888,2,2,4,2,2,888,2,1,0,2,,,4,2,,1,4,0,1,4,,,,,,,,,,,," ",601401305,,
5,57,314,2,14,1,1037.598,"02",180,1,,,,,,,,,0,,1,2,0,,1,3,2,2,888,888,5,888,1,0,1,,2,,,,1,3,1,1,4,,,,,,,,,,,," ",601401405,,
5,57,314,2,15,1,1037.598,"02",300,2,,,,,,,,,1,0,1,4,0,,2,2,2,2,2,888,5,4,0,,,,,,,,,,,,1,,,,,,,,,,,," ",601401505,,
5,57,314,2,16,1,1037.598,"02",120,2,,,,,,,,,0,,0,,0,,888,888,888,888,888,888,888,888,1,0,2,,,3,2,,1,6,0,1,2,,,,,,,,,,,," ",601401605,,
5,57,314,2,17,1,1037.598,"04",60,2,,,,,,,,,0,,0,,0,,1,1,1,3,1,1,4,888,1,0,1,,3,,,,1,3,1,1,4,,,,,,,,,,,," ",601401705,,
5,57,314,2,18,1,1037.598,"02",120,2,,,,,,,,,0,,0,,0,,888,2,888,888,888,888,5,888,1,0,2,,,4,4,,1,5,1,0,2,,,,,,,,,,,," ",601401805,,
5,57,315,2,1,1,995.355,"02",120,2,,,,,,,,,0,,0,,0,,1,1,1,1,1,1,4,888,1,0,1,,4,,,,1,3,1,1,4,,,,,,,,,,,," ",601500105,,
5,57,315,2,2,1,2205.92189189189,"01",60,2,,2,2,2,2,2,2,2,1,888,0,,1,2,2,2,888,2,2,2,2,2,0,,,,,,,,,,,,555,15,,,,,,,,,,," ",601500205,,
5,57,315,2,3,1,995.355,"01",90,2,,,,,,,,,0,,0,,0,,4,2,4,5,2,2,5,5,1,0,1,,2,,,,1,5,1,1,2,,,,,,,,,,,," ",601500305,,
5,57,315,2,4,1,2205.92189189189,"02",60,2,,,,,,,,,0,,0,,0,,888,888,888,888,888,888,888,888,1,0,2,,,2,2,,1,4,1,1,2,,,,,,,,,,,," ",601500405,,
5,57,315,2,5,1,2205.92189189189,"02",180,2,,2,2,2,2,2,2,2,0,,1,2,0,,888,888,888,888,888,888,2,888,0,,,,,,,,,,,,1,,,,,,,,,,,," ",601500505,,
5,57,315,2,6,1,995.355,"02",60,1,,,,,,,,,0,,1,4,0,,888,888,888,888,2,888,5,3,1,1,2,,,4,3,,1,4,3,1,2,,,,,,,,,,,," ",601500605,,
5,57,315,2,7,1,2205.92189189189,"02",60,2,,,,,,,,,0,,1,1,0,,1,1,2,1,1,1,4,888,1,0,1,,4,,,,1,3,2,1,4,,,,,,,,,,,," ",601500705,,
5,57,315,2,8,1,2205.92189189189,"02",60,2,,,,,,,,,0,,0,,0,,888,2,888,888,888,888,888,888,1,0,2,,,3,2,,1,4,0,1,2,,,,,,,,,,,," ",601500805,,
5,57,315,2,9,1,2205.92189189189,"02",120,2,,,,,,,,,0,,0,,0,,888,888,888,888,888,888,888,888,1,0,2,,,4,3,,1,5,2,1,2,,,,,,,,,,,," ",601500905,,
5,57,315,2,10,1,995.355,"02",120,2,,,,,,,,,0,,1,4,0,,1,2,2,2,2,2,4,2,1,0,3,,,,,4,1,3,1,1,2,,,,,,,,,,,," ",601501005,,
5,57,315,2,11,1,995.355,"02",240,2,,,,,,,,,1,0,0,,0,,888,888,888,888,888,1,1,888,1,1,1,,3,,,,1,3,2,1,555,6,,,,,,,,,,," ",601501105,,
5,57,315,2,12,1,995.355,"02",240,1,,,,,,,,,0,,1,888,0,,888,888,888,888,2,888,4,888,0,,,,,,,,,,,,2,,,,,,,,,,,," ",601501205,,
5,57,315,2,13,1,995.355,"02",360,1,,,,,,,,,0,,1,1,0,,1,3,1,888,2,888,3,888,0,,,,,,,,,,,,2,,,,,,,,,,,," ",601501305,,
5,57,315,2,14,1,995.355,"02",120,1,,2,2,2,2,2,2,2,0,,1,2,1,1,1,1,1,1,1,1,4,3,1,1,1,,4,,,,1,3,3,1,4,,,,,,,,,,,," ",601501405,,
5,57,315,2,15,1,995.355,"02",120,1,,,,,,,,,0,,0,,0,,888,2,2,888,2,2,5,5,1,0,1,,3,,,,1,3,1,1,2,,,,,,,,,,,," ",601501505,,
5,57,315,2,16,1,995.355,"01",120,2,,,,,,,,,0,,0,,0,,2,2,888,2,2,2,4,4,1,0,2,,,3,2,,1,6,1,1,6,,,,,,,,,,,," ",601501605,,
5,57,315,2,17,1,995.355,"01",240,1,,,,,,,,,0,,0,,1,2,2,2,2,888,888,888,888,888,0,,,,,,,,,,,,5,,,,,,,,,,,," ",601501705,,
5,57,315,2,18,1,995.355,"02",120,2,,,,,,,,,0,,1,4,0,,2,2,888,2,2,888,4,888,1,1,2,,,3,2,,1,3,2,1,2,,,,,,,,,,,," ",601501805,,
5,57,316,2,2,1,2188.705078125,"01",240,2,,,,,,,,,0,,0,,0,,888,2,888,888,888,888,888,888,1,0,2,,,3,2,,1,3,2,0,2,,,,,,,,,,,," ",601600205,,
5,57,316,2,3,1,1120.617,"02",120,1,,,,,,,,,0,,0,,0,,4,3,3,3,3,3,3,3,1,1,1,,3,,,,1,3,1,0,1,,,,,,,,,,,," ",601600305,,
5,57,316,2,4,1,1120.617,"02",150,1,,3,3,3,3,3,3,3,1,0,1,0,0,,1,1,1,5,1,5,5,1,1,0,2,,,2,2,,1,2,2,1,2,,,,,,,,,,,," ",601600405,,
5,57,316,2,5,1,2188.705078125,"02",70,1,,,,,,,,,0,,1,4,0,,888,1,888,2,2,888,2,888,1,0,1,,6,,,,1,2,0,1,2,,,,,,,,,,,," ",601600505,,
5,57,316,2,6,1,1120.617,"02",240,2,,,,,,,,,1,0,1,0,0,,888,1,1,888,1,888,5,888,1,1,1,,2,,,,1,2,2,1,2,,,,,,,,,,,," ",601600605,,
5,57,316,2,7,1,1120.617,"02",160,1,,,,,,,,,0,,1,4,0,,4,1,888,2,2,888,2,888,1,0,1,,3,,,,1,4,2,0,2,,,,,,,,,,,," ",601600705,,
5,57,316,2,8,1,2188.705078125,"02",120,2,,,,,,,,,0,,1,2,0,,4,2,2,2,4,4,4,2,1,0,1,,2,,,,1,2,1,0,4,,,,,,,,,,,," ",601600805,,
5,57,316,2,9,1,2188.705078125,"02",180,2,,,,,,,,,0,,0,,0,,5,2,2,2,5,4,5,2,1,0,1,,2,,,,1,3,0,1,1,,,,,,,,,,,," ",601600905,,
5,57,316,2,11,1,1120.617,"01",30,2,,,,,,,,,0,,0,,0,,888,4,1,2,1,1,2,1,1,0,1,,3,,,,1,5,2,0,2,,,,,,,,,,,," ",601601105,,
5,57,316,2,13,1,1120.617,"01",60,2,,,,,,,,,0,,0,,0,,3,4,2,3,888,3,4,4,1,0,2,,,3,2,,1,4,1,1,555,6,,,,,,,,,,," ",601601305,,
5,57,316,2,14,1,1120.617,"01",120,2,,,,,,,,,0,,1,3,0,,4,3,888,4,2,3,4,5,0,,,,,,,,,,,,555,6,,,,,,,,,,," ",601601405,,
5,57,316,2,15,1,2188.705078125,"01",120,2,,3,3,3,3,3,3,3,0,,0,,0,,2,3,2,3,2,2,4,3,1,0,1,,2,,,,1,3,0,1,6,,,,,,,,,,,," ",601601505,,
5,57,316,2,16,1,1120.617,"01",90,1,,,,,,,,,0,,0,,0,,2,2,1,1,4,2,2,1,1,1,1,,2,,,,1,2,0,0,4,,,,,,,,,,,," ",601601605,,
5,57,316,2,17,1,2188.705078125,"01",90,1,,,,,,,,,0,,0,,0,,1,1,1,1,3,1,1,4,1,0,1,,2,,,,2,4,1,1,4,,,,,,,,,,,," ",601601705,,
5,57,316,2,18,1,1120.617,"01",270,2,,,,,,,,,0,,0,,0,,3,3,3,3,4,3,3,4,1,0,2,,,3,2,,1,3,1,1,1,,,,,,,,,,,," ",601601805,,
5,57,316,2,19,1,2188.705078125,"01",60,2,,,,,,,,,1,3,1,4,0,,888,1,888,4,888,888,888,888,1,0,1,,6,,,,1,3,1,1,2,,,,,,,,,,,," ",601601905,,
5,57,316,2,20,1,1120.617,"02",200,2,,,,,,,,,0,,0,,0,,2,2,3,2,4,2,4,3,1,0,1,,3,,,,1,4,1,1,1,,,,,,,,,,,," ",601602005,,
5,57,316,2,22,1,2188.705078125,"02",120,1,,,,,,,,,0,,0,,0,,4,2,2,1,4,2,4,4,1,0,2,,,3,2,,1,2,1,1,1,,,,,,,,,,,," ",601602205,,
5,57,317,1,1,1,104.2921,"04",240,1,2,3,5,3,5,3,5,5,0,,0,,0,,4,4,1,2,4,4,4,5,0,,,,,,,,,,,,2,,,,,,,,,,,," ",601700105,,
5,57,317,1,2,1,104.2921,"01",180,2,2,,,,,,,,1,0,1,0,0,,4,2,1,2,4,4,5,1,0,,,,,,,,,,,,2,,,,,,,,,,,," ",601700205,,
5,57,317,1,3,1,104.2921,"02",180,1,2,,,,,,,,1,0,0,,0,,2,2,1,4,4,4,5,2,0,,,,,,,,,,,,2,,,,,,,,,,,," ",601700305,,
5,57,317,1,4,1,104.2921,"02",90,1,2,2,2,2,2,2,2,2,0,,1,0,0,,1,1,1,1,1,4,3,4,1,0,1,,4,,,,1,5,2,1,6,,,,,,,,,,,," ",601700405,,
5,57,317,1,5,1,104.2921,"05",120,1,1,,,,,,,,0,,1,1,0,,1,1,1,1,1,1,1,1,0,,,,,,,,,,,,6,,,,,,,,,,,," ",601700505,,
5,57,317,1,6,1,104.2921,"01",120,1,2,,,,,,,,1,1,1,2,1,2,1,2,1,2,2,1,3,4,0,,,,,,,,,,,,4,,,,,,,,,,,," ",601700605,,
5,57,317,1,7,1,104.2921,"02",60,1,2,,,,,,,,1,0,0,,0,,1,2,3,3,3,3,3,3,0,,,,,,,,,,,,3,,,,,,,,,,,," ",601700705,,
5,57,317,1,8,1,104.2921,"02",62,1,2,,,,,,,,0,,0,,1,0,1,1,1,2,2,2,2,2,1,1,2,,,4,2,,1,3,2,1,2,,,,,,,,,,,," ",601700805,,
5,57,317,1,9,1,104.2921,"01",60,1,2,,,,,,,,1,2,1,2,0,,1,1,1,4,1,1,4,4,0,,,,,,,,,,,,1,,,,,,,,,,,," ",601700905,,
5,57,317,1,10,1,104.2921,"01",50,1,1,,,,,,,,1,1,0,,1,0,5,5,1,3,1,1,5,1,0,,,,,,,,,,,,4,,,,,,,,,,,," ",601701005,,
5,57,317,1,11,1,104.2921,"01",60,1,2,,,,,,,,1,0,0,,1,0,1,2,3,3,4,3,3,2,1,1,2,,,5,3,,1,6,2,1,3,,,,,,,,,,,," ",601701105,,
5,57,317,1,12,1,104.2921,"01",60,1,1,2,2,2,2,2,2,5,0,,0,,0,,5,888,1,888,888,1,888,3,1,1,1,,2,,,,1,3,1,1,2,,,,,,,,,,,," ",601701205,,
5,57,317,1,13,1,104.2921,"01",90,1,2,2,2,2,5,2,5,5,0,,1,2,0,,1,1,1,1,1,1,1,1,1,0,1,,2,,,,1,2,1,1,4,,,,,,,,,,,," ",601701305,,
5,57,317,1,14,1,10.6805162650602,"01",30,2,2,,,,,,,,0,,1,0,1,0,3,3,4,3,3,2,2,2,0,,,,,,,,,,,,2,,,,,,,,,,,," ",601701405,,
5,57,317,1,15,1,104.2921,"01",240,1,2,5,5,5,5,5,5,5,1,3,1,2,0,,1,2,2,3,2,1,3,1,0,,,,,,,,,,,,3,,,,,,,,,,,," ",601701505,,
5,57,317,1,16,1,104.2921,"08",30,1,2,5,5,5,5,3,5,5,0,,1,2,0,,2,2,2,2,2,2,4,2,0,,,,,,,,,,,,1,,,,,,,,,,,," ",601701605,,
5,57,317,1,17,1,104.2921,"01",180,2,2,,,,,,,,0,,1,0,0,,3,1,3,3,1,3,5,3,1,0,1,,2,,,,1,2,1,1,4,,,,,,,,,,,," ",601701705,,
5,57,317,1,18,1,104.2921,"01",30,1,2,,,,,,,,0,,1,3,0,,888,1,888,2,2,888,4,4,1,1,1,,3,,,,1,3,1,1,1,,,,,,,,,,,," ",601701805,,
5,57,318,1,1,1,189.1859,"02",90,1,1,,,,,,,,0,,0,,0,,4,2,2,2,1,1,5,888,1,1,1,,2,,,,1,4,2,0,1,,,,,,,,,,,," ",601800105,,
5,57,318,1,2,1,14.9964432926829,"02",120,1,2,,,,,,,,0,,1,4,0,,2,2,2,4,2,2,888,2,0,,,,,,,,,,,,3,,,,,,,,,,,," ",601800205,,
5,57,318,1,3,1,14.9964432926829,"02",60,2,2,,,,,,,,0,,1,4,0,,4,2,2,888,2,2,2,888,0,,,,,,,,,,,,5,,,,,,,,,,,," ",601800305,,
5,57,318,1,4,1,14.9964432926829,"02",60,2,2,1,1,1,1,1,1,1,1,0,1,4,0,,888,888,2,888,2,888,2,888,1,0,1,,3,,,,1,4,2,1,4,,,,,,,,,,,," ",601800405,,
5,57,318,1,5,1,189.1859,"02",120,1,1,,,,,,,,1,0,1,0,1,2,1,1,1,1,1,1,1,1,0,,,,,,,,,,,,1,,,,,,,,,,,," ",601800505,,
5,57,318,1,6,1,14.9964432926829,"02",60,1,2,,,,,,,,1,4,0,,1,0,1,1,2,3,2,2,4,4,0,,,,,,,,,,,,8,,,,,,,,,,,," ",601800605,,
5,57,318,1,7,1,189.1859,"08",120,1,1,,,,,,,,0,,1,1,1,0,2,2,2,2,2,2,2,2,0,,,,,,,,,,,,8,,,,,,,,,,,," ",601800705,,
5,57,318,1,8,1,189.1859,"02",120,1,1,,,,,,,,0,,1,0,1,0,1,1,1,1,1,1,1,1,0,,,,,,,,,,,,1,,,,,,,,,,,," ",601800805,,
5,57,318,1,9,1,189.1859,"02",120,1,2,,,,,,,,1,3,0,,0,,2,2,4,1,2,1,2,4,0,,,,,,,,,,,,3,,,,,,,,,,,," ",601800905,,
5,57,318,1,10,1,189.1859,"01",240,1,1,,,,,,,,0,,1,2,1,0,2,2,2,2,2,2,2,2,0,,,,,,,,,,,,1,,,,,,,,,,,," ",601801005,,
5,57,318,1,11,1,14.9964432926829,"01",120,1,1,,,,,,,,1,0,1,0,1,0,1,1,1,1,1,1,1,1,1,0,1,,3,,,,1,5,0,1,1,,,,,,,,,,,," ",601801105,,
5,57,318,1,12,1,189.1859,"02",180,1,2,,,,,,,,1,1,1,4,1,0,1,2,3,4,2,3,5,888,1,1,2,,,4,2,,1,2,2,0,1,,,,,,,,,,,," ",601801205,,
5,57,318,1,13,1,189.1859,"02",150,1,2,,,,,,,,1,0,1,4,1,4,1,2,4,5,4,1,5,2,0,,,,,,,,,,,,1,,,,,,,,,,,," ",601801305,,
5,57,318,1,14,1,189.1859,"02",380,1,2,,,,,,,,1,0,1,4,0,,1,1,1,4,1,5,5,1,1,0,2,,,3,2,,2,5,1,1,4,,,,,,,,,,,," ",601801405,,
5,57,318,1,15,1,189.1859,"02",240,1,2,,,,,,,,0,,1,4,0,,2,2,4,4,2,3,5,3,1,1,1,,2,,,,1,2,2,1,2,,,,,,,,,,,," ",601801505,,
5,57,318,1,16,1,189.1859,"07",240,1,1,3,3,3,3,3,3,3,0,,1,0,1,0,2,2,2,2,2,2,2,2,1,1,1,,4,,,,1,6,2,1,4,,,,,,,,,,,," ",601801605,,
5,57,318,1,17,1,189.1859,"02",480,1,2,5,5,3,5,3,5,5,0,,1,3,1,0,1,1,1,1,1,1,5,1,1,1,2,,,5,3,,1,5,0,1,4,,,,,,,,,,,," ",601801705,,
5,57,318,1,18,1,189.1859,"02",240,2,2,,,,,,,,1,1,1,4,0,,1,1,888,888,1,1,5,1,1,0,2,,,3,2,,1,4,2,1,2,,,,,,,,,,,," ",601801805,,
5,57,319,2,1,1,2566.11,"02",120,2,,,,,,,,,0,,1,4,0,,2,2,3,4,3,888,4,4,1,1,1,,2,,,,1,3,2,1,555,8,,,,,,,,,,," ",601900105,,
5,57,319,2,2,1,2566.11,"01",60,2,,,,,,,,,1,888,0,,0,,3,2,888,888,5,888,2,888,1,1,1,,4,,,,4,2,2,1,3,,,,,,,,,,,," ",601900205,,
5,57,319,2,3,1,2566.11,"04",240,1,,,,,,,,,0,,0,,0,,4,4,2,2,4,2,4,4,1,0,1,,2,,,,1,3,1,1,2,,,,,,,,,,,," ",601900305,,
5,57,319,2,4,1,2566.11,"02",100,1,,,,,,,,,0,,1,4,0,,2,2,888,3,3,888,4,888,1,1,1,,2,,,,1,3,2,1,555,8,,,,,,,,,,," ",601900405,,
5,57,319,2,5,1,2566.11,"01",260,2,,,,,,,,,0,,0,,0,,2,3,3,3,2,2,4,4,1,0,2,,,3,2,,1,3,1,1,2,,,,,,,,,,,," ",601900505,,
5,57,319,2,6,1,2566.11,"01",60,2,,,,,,,,,0,,0,,0,,888,2,888,4,2,888,888,4,1,1,1,,3,,,,1,2,2,1,1,,,,,,,,,,,," ",601900605,,
5,57,319,2,7,1,2566.11,"02",120,2,,,,,,,,,0,,1,1,0,,1,4,1,2,5,2,5,888,1,1,2,,,2,2,,1,2,2,1,6,,,,,,,,,,,," ",601900705,,
5,57,319,2,8,1,2566.11,"02",60,2,,,,,,,,,0,,0,,0,,888,2,4,2,5,2,2,3,1,0,2,,,3,3,,1,2,2,1,2,,,,,,,,,,,," ",601900805,,
5,57,319,2,9,1,2566.11,"02",120,2,,,,,,,,,0,,1,0,0,,5,2,2,4,2,1,5,3,1,1,1,,4,,,,1,2,2,1,3,,,,,,,,,,,," ",601900905,,
5,57,319,2,10,1,2566.11,"03",70,1,,,,,,,,,0,,1,4,0,,888,1,888,5,1,888,4,4,1,1,1,,3,,,,1,3,2,0,1,,,,,,,,,,,," ",601901005,,
5,57,319,2,11,1,2566.11,"03",120,2,,,,,,,,,0,,1,3,0,,3,2,3,3,2,4,2,3,1,1,1,,2,,,,1,3,2,1,555,16,,,,,,,,,,," ",601901105,,
5,57,319,2,12,1,2566.11,"02",120,1,,,,,,,,,0,,1,888,0,,3,1,2,2,5,1,2,3,0,,,,,,,,,,,,1,,,,,,,,,,,," ",601901205,,
5,57,319,2,13,1,2566.11,"02",240,2,,,,,,,,,0,,0,,0,,888,2,2,2,3,5,2,3,1,1,2,,,3,2,,2,3,2,0,6,,,,,,,,,,,," ",601901305,,
5,57,319,2,14,1,2566.11,"01",180,2,,,,,,,,,0,,0,,0,,888,5,888,5,5,888,4,888,1,1,2,,,2,2,,1,2,2,1,2,,,,,,,,,,,," ",601901405,,
5,57,319,2,15,1,2566.11,"02",180,2,,2,2,2,2,2,2,2,0,,0,,1,4,888,1,888,4,2,888,5,888,1,1,1,,2,,,,1,2,2,1,2,,,,,,,,,,,," ",601901505,,
5,57,319,2,16,1,2566.11,"02",240,2,,,,,,,,,0,,0,,0,,1,2,3,3,4,2,4,4,1,0,1,,2,,,,1,3,1,1,2,,,,,,,,,,,," ",601901605,,
5,57,319,2,17,1,2566.11,"01",60,2,,,,,,,,,0,,0,,0,,3,3,4,2,888,5,1,3,1,0,3,,,,,4,3,4,2,1,2,,,,,,,,,,,," ",601901705,,
5,57,319,2,18,1,2566.11,"01",60,2,,,,,,,,,0,,1,4,0,,888,2,888,888,2,888,888,4,1,0,1,,3,,,,1,2,2,1,2,,,,,,,,,,,," ",601901805,,
