"PROVINCE","DISTRICT","Cluster","HI04","HI05","TYPEHH","HH_WT","B01","B02","B02_OTHER","B03","B04","B05","B05_OTHER","B06_1","B06_2","B06_3","B06_4","B06_5","B06_OTHER","B07_1","B07_2","B07_3","B07_4","B07_OTHER","B08_01","B08_02","B08_03","B08_04","B08_05","B08_06","B08_07","B08_08","B08_09","B08_10","B08_11","B08_12","B08_13","B08_14","B08_15","B08_OTHER","B09","B10","B11_01","B11_02","B11_03","B11_04","B11_05","B11_06","B11_07","B11_08","B11_09","B11_10","B11_11","B11_12","B11_13","B11_OTHER","B12","B13","B14","hhid","camp","ref_weight"
1,11,1,1,1,1,400.7663,"01",1,,,,5,,1,,,,,,1,,,,,,,,1,,,,,,,,,,,,,1,1,1,1,,,,,,,,,,,,,,2,2,110100101,,
1,11,1,1,3,1,400.7663,"02",1,,,,5,,1,,,,,,,1,,,,1,,,,,,,,,,,,,,,,1,1,1,1,,,1,,,,,,,,,,,2,2,110100301,,
1,11,1,1,4,1,400.7663,"02",1,,,,5,,1,,,,,,,,,555,4,,,,,,,,,,1,,,,,,,1,1,1,1,,,,,,,,,,,,,,2,1,110100401,,
1,11,1,1,7,1,400.7663,"02",1,,,,5,,1,,,,,,,,111,,,1,,,,,,,,,,,,,,,,1,1,1,1,,,1,1,,,,,,,,,,3,2,110100701,,
1,11,1,1,8,1,400.7663,"02",1,,,,5,,,,,111,,,,1,,,,,,,1,,,,,,,,,,,,,1,1,1,1,,,1,1,,,,,,,,,,2,1,110100801,,
1,11,1,1,9,1,400.7663,"02",1,,,,5,,1,1,,,,,1,1,,,,,1,,1,,,,,,,,,,,,,1,1,1,1,,,1,,,,,,,,,,,2,2,110100901,,
1,11,1,1,10,1,400.7663,"02",1,,,,5,,1,,,,,,,,,555,4,,,,,,,,,,1,,,,,,,1,1,1,1,,,1,,,,,,,,,,,3,2,110101001,,
1,11,1,1,11,1,400.7663,"02",1,,,,5,,1,,,,,,1,,,,,1,,,1,,,,,,,,,,,,,1,1,1,1,,,1,,,,,,,,,,,3,1,110101101,,
1,11,1,1,13,1,50.5471009009009,"01",7,,,,5,,,,,,555,9,1,,,,,,,,1,,,,,,,,,,,,,0,,,,,,,,,,,,,,,,,2,2,110101301,,
1,11,1,1,14,1,400.7663,"01",1,,,,4,,,,1,,,,1,,,,,,,,,,,,,1,,,,,,,,1,1,1,1,,,,,,,,,,,,,,3,1,110101401,,
1,11,1,1,15,1,400.7663,"01",1,,,,5,,1,,,,,,1,,,,,,1,,,,,,,,,,,,,,,1,1,1,1,,,1,,,,,,,,,,,2,2,110101501,,
1,11,1,1,16,1,400.7663,"01",1,,,,5,,1,,,,,,1,,,,,1,,,,,,,,,,,,,,,,1,1,1,1,,,1,,,,,,,,,,,3,2,110101601,,
1,11,1,1,17,1,400.7663,"01",1,,,,5,,,1,,,,,,,,,,,,,1,,,,,,,,,,,,,1,1,,1,,,1,1,,,,,1,,,,,2,1,110101701,,
1,11,1,1,19,1,400.7663,"01",1,,,,5,,1,,,,,,1,1,,,,,1,,,,,,,,,,,,,,,1,1,1,1,,,1,,,,,,,,,,,3,1,110101901,,
1,11,1,1,20,1,400.7663,"01",1,,,,5,,,1,,,,,1,,,,,,,,1,,,,,,,,,,,,,1,1,1,1,,,,,,,,,,,,,,1,2,110102001,,
1,11,2,2,1,1,221.941,"01",1,,0,0,1,,,,,111,,,,,,555,3,,,,,,,,,1,,,,,,,,1,1,1,1,,,,,,,,,,,,,1,2,1,110200101,,
1,11,2,2,2,1,221.941,"02",1,,2,1,5,,,,,111,,,1,,,,,,1,,,,,,,,,,,,,,,1,1,1,1,,,1,,,,,,,,,,1,2,1,110200201,,
1,11,2,2,3,1,105.421975,"01",11,,0,0,1,,1,,,,,,,1,,,,1,,,,,,,,,,,,,,,,1,1,1,1,,,,,,,,,,,,,2,2,1,110200301,,
1,11,2,2,4,1,105.421975,"01",7,,0,0,1,,,,,111,,,1,,,,,,,,,,,,,,,,,,1,,,1,1,,1,,,,,,,,,,,,,1,2,1,110200401,,
1,11,2,2,5,1,105.421975,"01",7,,0,0,1,,,,,111,,,1,,,,,,,,1,,,,,,,,,,,,,1,0,,,,,,,,,,,,,,,1,2,1,110200501,,
1,11,2,2,6,1,105.421975,"01",9,,0,0,5,,,,,111,,,,,111,,,,,,,,,,,,,,,,1,,,1,1,1,1,,,1,,,,,,,,,,2,3,1,110200601,,
1,11,2,2,7,1,105.421975,"01",7,,0,0,1,,,,,111,,,,,111,,,,,,,,,,,,,,1,,,,,1,1,1,1,,,,,,,,,,,,,2,3,1,110200701,,
1,11,2,2,8,1,221.941,"01",1,,0,0,1,,,,,111,,,1,,,,,,,,1,,,,,,,,1,,,,,1,1,1,1,,,,,,,,,,,,,2,2,2,110200801,,
1,11,2,2,9,1,105.421975,"02",11,,0,0,1,,,,,111,,,,,111,,,,,,,,,,,,,,,,1,,,0,,,,,,,,,,,,,,,,1,2,1,110200901,,
1,11,2,2,10,1,221.941,"01",1,,0,0,1,,,,,111,,,1,,,,,,,,1,,,,,,,,,,,,,1,1,1,1,,,,,,,,,,,,,1,2,1,110201001,,
1,11,2,2,11,1,221.941,"01",1,,1,0,1,,,,,111,,,1,,,,,,,,1,,,,,,,,1,,,,,1,1,1,1,,,1,,,,,,,,,,1,2,1,110201101,,
1,11,2,2,12,1,221.941,"01",1,,0,0,1,,,,1,,,,,1,,,,,,,1,,,,,,,,,,,,,1,1,1,,,,1,,,,,,,,,,1,1,1,110201201,,
1,11,2,2,13,1,221.941,"01",1,,0,0,5,,,,1,,,,1,,,,,,,,1,,,,,,,,,,,,,1,1,,,,,1,,,,,,,,,,1,2,1,110201301,,
1,11,2,2,14,1,221.941,"01",1,,0,0,5,,,,1,,,,1,,,,,,,,,,,,,1,,,,,,,,1,1,1,1,,,,,,,,,,,,,1,2,2,110201401,,
1,11,2,2,15,1,221.941,"01",1,,1,0,5,,,1,,,,,,1,,,,,1,,,,,,,,,,,,,,,1,1,1,1,,,1,,,,,,,,,,2,3,2,110201501,,
1,11,2,2,16,1,221.941,"01",1,,1,0,5,,,,,111,,,,1,,,,,,,1,,,,,,,,,,,,,1,1,1,1,,,1,,,,,,,,,,1,2,1,110201601,,
1,11,2,2,18,1,221.941,"01",1,,0,1,5,,,,1,,,,,1,,,,,,,1,,,,,,,,,,,,,1,1,1,1,,,1,1,,,,,,,,,2,3,2,110201801,,
1,11,2,2,22,1,221.941,"01",1,,0,0,5,,,,1,,,,,,111,,,,,,,,,,,,,,,,1,,,1,1,,,,,1,,,1,,,,,,,2,1,2,110202201,,
1,11,3,2,1,1,179.50659375,"01",11,,0,0,1,,,,,111,,,,,111,,,,,,,,,,,,,,,,1,,,0,,,,,,,,,,,,,,,,2,1,1,110300101,,
1,11,3,2,2,1,179.50659375,"01",5,,0,0,1,,,,,111,,,,,111,,,,,,,,,,,,,,,,1,,,0,,,,,,,,,,,,,,,,2,2,1,110300201,,
1,11,3,2,3,1,1566.603,"01",1,,0,0,1,,,,,111,,,,,111,,,,,,,,,,,,,,,,1,,,0,,,,,,,,,,,,,,,,2,2,1,110300301,,
1,11,3,2,4,1,179.50659375,"01",9,,0,0,1,,,,,111,,,,1,,,,,,,1,,,,,,,,,,,,,1,1,1,1,,,,,,,,,,,,,2,3,1,110300401,,
1,11,3,2,5,1,1566.603,"01",1,,0,1,5,,,,1,,,,,,111,,,,,,,,,,,,,,,,1,,,1,1,1,1,,,1,,,1,,,,,,,2,3,1,110300501,,
1,11,3,2,6,1,179.50659375,"01",11,,0,0,1,,,,,111,,,,,111,,,,,,,,,,,,,,,,1,,,0,,,,,,,,,,,,,,,,2,3,1,110300601,,
1,11,3,2,7,1,179.50659375,"01",8,,0,0,1,,,,,111,,,1,,,,,,,,1,,,,,,,,,,,,,1,0,,,,,,,,,,,,,,,2,3,1,110300701,,
1,11,3,2,8,1,179.50659375,"01",5,,0,1,5,,1,,,,,,,,111,,,,,,,,,,,,,,,,1,,,1,1,1,1,,,,,,1,,,,,,,2,3,1,110300801,,
1,11,3,2,9,1,1566.603,"01",1,,0,0,1,,,,,111,,,,1,,,,,,,,,,,,,,,,,1,,,0,,,,,,,,,,,,,,,,2,2,1,110300901,,
1,11,3,2,10,1,1566.603,"02",1,,1,0,1,,1,,,,,,,,111,,,,,,,,,,,,,,,,1,,,0,,,,,,,,,,,,,,,,2,1,1,110301001,,
1,11,3,2,11,1,1566.603,"02",1,,1,1,5,,,1,,,,,1,,,,,,1,,1,,,,,,,,1,,,,,1,1,1,1,,,1,,,,,,,,,,1,2,1,110301101,,
1,11,3,2,12,1,1566.603,"02",1,,1,0,5,,,,,111,,,1,,,,,,,,1,,,,,,,,1,,,,,1,1,1,1,,,1,,,,,,,,,,1,3,1,110301201,,
1,11,3,2,13,1,1566.603,"01",1,,0,1,1,,1,,,,,,1,,,,,,,,1,,,,,,,,1,,,,,1,1,1,1,,,,1,,,,,,,,,2,3,1,110301301,,
1,11,3,2,14,1,179.50659375,"01",11,,0,0,1,,,,,111,,,,,111,,,,,,,,,,,,,,,,1,,,0,,,,,,,,,,,,,,,,2,1,4,110301401,,
1,11,3,2,15,1,179.50659375,"02",7,,0,1,1,,,,,111,,,,,111,,,,,,,,,,,,,,,,1,,,1,1,1,,,,,,,,,,,,,,2,2,4,110301501,,
1,11,3,2,16,1,1566.603,"01",1,,2,0,5,,,1,,,,,,1,,,,,,,,,,,,1,,,,,,,,1,1,1,1,,,1,,,,,,,,,,1,2,1,110301601,,
1,11,3,2,17,1,1566.603,"02",1,,1,0,6,,,,,111,,,,,111,,,,,,,,,,,,,,,,1,,,1,1,1,1,,,,,,,,,,,,,1,2,1,110301701,,
1,11,3,2,18,1,1566.603,"01",1,,0,0,1,,,,1,,,,1,,,,,,,,1,,,,,,,,,,,,,1,1,1,,,,1,,,1,,,,,,,1,2,1,110301801,,
1,11,4,1,1,1,262.5804,"01",1,,,,5,,,,,111,,,1,,,,,,,,,,,,,,,,,,1,,,1,1,1,,,,,,,,,,,,,,,2,2,110400101,,
1,11,4,1,2,1,262.5804,"01",1,,,,5,,1,,,,,,1,,,,,1,,,,,,,,,,,,,,,,1,1,1,1,,,,,,,,,,,,,,3,2,110400201,,
1,11,4,1,3,1,262.5804,"01",1,,,,5,,,1,,,,,1,,,,,,1,,1,,,,,,,,,,,,,1,1,1,1,,,,,,,,,,,,,,2,2,110400301,,
1,11,4,1,4,1,262.5804,"03",1,,,,5,,,,,,555,4,,,,555,2,,,,,,,,,,1,,,,,,,1,1,1,1,,,,,,,,,,,,,,3,2,110400401,,
1,11,4,1,5,1,262.5804,"01",1,,,,5,,1,,,,,,,,,555,4,1,,,,,,,,,,,,,,,,1,1,1,1,,,1,,,,,,,,,,,3,1,110400501,,
1,11,4,1,6,1,262.5804,"01",1,,,,4,,,,1,,,,,,,555,4,,,1,,,,,,,,,,,,,,1,1,1,1,,,,,,,,,,,,,,3,2,110400601,,
1,11,4,1,7,1,262.5804,"02",1,,,,5,,,,,111,,,1,,,,,,,,,,,,,,,,,,1,,,1,1,1,,,,,,,,,,,,,,,3,2,110400701,,
1,11,4,1,8,1,262.5804,"01",1,,,,5,,,,,111,,,,,111,,,,,,,,,,,,,,,,1,,,1,0,,,,,,,,,,,,,,,,2,2,110400801,,
1,11,4,1,9,1,262.5804,"01",1,,,,5,,1,,,,,,,1,,,,,1,,,,,,,,,,,,,,,1,1,1,1,,,1,,1,,,,1,,,,,2,2,110400901,,
1,11,4,1,10,1,262.5804,"01",1,,,,5,,1,,,,,,1,,,,,1,,,,,,,,,,,,,,,,1,1,1,,,,,,,,,,,,,,,2,2,110401001,,
1,11,4,1,11,1,262.5804,"02",1,,,,4,,1,,,,,,1,,,,,1,,,1,,,,,,,,,,,,,1,1,1,1,,,1,,,,,,,,,,,3,1,110401101,,
1,11,4,1,12,1,262.5804,"01",1,,,,5,,1,,,,,,1,,,,,,,,1,,,,,,,,,,,,,1,1,1,1,,,1,,,,,,1,,,,,3,2,110401201,,
1,11,4,1,13,1,262.5804,"01",1,,,,5,,,1,,,,,1,,,,,,1,,,,,,,,,,,,,,,1,1,1,1,,,1,1,,,,,,,,,,2,1,110401301,,
1,11,4,1,15,1,262.5804,"01",1,,,,5,,,1,,,,,,1,,,,1,,,,,,,,,,,,,,,,1,1,1,1,,,1,1,,,,,1,,,,,2,2,110401501,,
1,11,4,1,17,1,262.5804,"01",1,,,,5,,,1,,,,,1,1,,,,,,,,,,,,,,,,,,555,2,1,1,1,1,,,,,,,,,,,,,,3,1,110401701,,
1,11,4,1,19,1,262.5804,"01",1,,,,5,,,,,,555,8,1,,,,,,,,1,,,,,,,,,,,,,1,1,1,1,,,,,,,,,,,,,,3,2,110401901,,
1,11,4,1,21,1,262.5804,"05",1,,,,5,,1,,,,,,1,,,,,1,,,1,,,,,,,,,,,,,1,1,1,1,,,1,,,,,,,,,,,3,2,110402101,,
1,11,4,1,22,1,262.5804,"01",1,,,,5,,1,,,,,,1,,,,,1,,,,,,,,,,,,,,,,1,1,1,1,,,1,,,,,,,,,,,3,1,110402201,,
1,11,5,1,1,1,35.6145062761506,"01",13,8,,,5,,,,,,555,8,,,,555,4,,,,,,,,,,,,1,,,,,1,1,1,1,,,,,,,,,1,,,,,3,1,110500101,,
1,11,5,1,2,1,35.6145062761506,"01",13,8,,,1,,,1,,,,,,1,,,,,,,1,,,,,,,,,,,,,1,1,1,1,,,,,,,,,1,,,,,2,1,110500201,,
1,11,5,1,3,1,35.6145062761506,"01",13,8,,,5,,1,,,,,,,1,,,,,1,,,,,,,,,,,,,,,1,1,1,1,,,,,,,,,,,,,,2,1,110500301,,
1,11,5,1,4,1,35.6145062761506,"02",7,,,,5,,,1,,,,,1,,,,,,,,1,,,,,,,,,,,,,1,1,1,1,,,,,,,,,,,,,,2,1,110500401,,
1,11,5,1,5,1,187.074,"01",1,,,,1,,,,,111,,,1,,,,,,,,,,,,,,,,,,1,,,1,1,1,,,,,,,,,,,,,,,2,1,110500501,,
1,11,5,1,6,1,187.074,"01",1,,,,5,,1,,,,,,1,,,,,,,,,,,,,1,,,,,,,,1,1,1,,,,,,,,,,,,,,,2,1,110500601,,
1,11,5,1,7,1,187.074,"01",1,,,,5,,,1,,,,,1,,,,,,1,,1,,,,,,,,,,,,,1,1,1,1,,,,,,,,,,,,,,2,2,110500701,,
1,11,5,1,8,1,187.074,"02",1,,,,5,,1,,,,,,1,,,,,1,,,,,,,,,,,,,,,,1,0,,,,,,,,,,,,,,,,3,1,110500801,,
1,11,5,1,9,1,187.074,"01",1,,,,5,,1,,,,,,,,111,,,1,,,,,,,,,,,,,,,,1,1,1,1,,,1,1,,,,,,,,,,2,2,110500901,,
1,11,5,1,10,1,187.074,"01",1,,,,5,,1,,,,,,,,111,,,,,,,,,,,,,,,,1,,,1,1,1,,,,,,,,,,,,,,,1,2,110501001,,
1,11,5,1,11,1,187.074,"01",1,,,,5,,,1,,,,,1,,,,,,,,,,,,,,,1,,,,,,1,1,,,,,1,,,,,,,,,,,3,1,110501101,,
1,11,5,1,12,1,187.074,"02",1,,,,4,,,,1,,,,1,,,,,,,,1,,,,,,,,,,,,,1,1,1,1,,,1,,,,,,,,,,,2,2,110501201,,
1,11,5,1,14,1,187.074,"01",1,,,,5,,1,,,,,,,,111,,,,,1,,,,,,,,,,,,,,1,1,1,1,,,1,1,,,,,,,,,,2,1,110501401,,
1,11,5,1,16,1,187.074,"01",1,,,,5,,,,,,555,8,1,,,,,,,,,,,,,,,,,1,,,,1,1,1,,,,,,,,,,,,,,,3,2,110501601,,
1,11,5,1,17,1,187.074,"01",1,,,,5,,,,,111,,,,,111,,,,,,,,,,,,,,1,,,,,1,1,1,1,,,1,1,,,,,,,,,,3,2,110501701,,
1,11,5,1,18,1,187.074,"01",1,,,,5,,1,,,,,,,,111,,,1,,,,,,,,,,,,,,,,1,1,1,1,,,1,1,,,,,,,,,,3,1,110501801,,
1,11,5,1,20,1,187.074,"01",1,,,,1,,,,,111,,,,,111,,,,,,,,,,,,,,1,,,,,1,1,1,1,,,1,,,,,,,,,,,2,1,110502001,,
1,11,6,1,1,1,504.2603,"02",1,,,,4,,1,,,,,,1,,,,,1,,,,,,,,,,,,,,,,1,1,1,,,,,,,,,,,,,,,3,1,110600101,,
1,11,6,1,2,1,504.2603,"01",1,,,,5,,1,,,,,,,,111,,,,,,,,,,,,,,,,1,,,1,1,1,1,,,1,1,,,,,,,,,,2,2,110600201,,
1,11,6,1,3,1,504.2603,"02",1,,,,5,,1,,,,,,,,111,,,1,,,,,,,,,,,,,,,,1,1,1,1,,,1,,,,1,,,,,,,3,2,110600301,,
1,11,6,1,4,1,504.2603,"01",1,,,,5,,1,,,,,,,,111,,,1,,,,,,,,,,,,,,,,1,1,1,1,,,,,,1,,,,,,,,3,2,110600401,,
1,11,6,1,5,1,504.2603,"02",1,,,,5,,1,,,,,,,1,,,,,,,1,,,,,,,,,,,,,1,1,1,1,,,,,,,,,1,,,,,3,2,110600501,,
1,11,6,1,6,1,504.2603,"01",1,,,,5,,,,,111,,,,,111,,,,,,,,,,,,,,,1,,,,1,1,1,1,,,1,,,,,,,,,,,2,2,110600601,,
1,11,6,1,7,1,504.2603,"02",1,,,,5,,1,,,,,,1,,,,,,,,1,,,,,,,,,,,,,1,1,1,,,,,,,,,,,,,,,2,4,110600701,,
1,11,6,1,8,1,504.2603,"01",1,,,,5,,1,,,,,,,,111,,,1,,,,,,,,,,,,,,,,1,1,1,1,,,,,,1,,,,,,,,3,2,110600801,,
1,11,6,1,9,1,504.2603,"01",1,,,,5,,1,,,,,,1,,,,,,,,1,,,,,,,,,,,,,1,1,1,1,,,1,,,,,,,,,,,2,1,110600901,,
1,11,6,1,10,1,504.2603,"01",1,,,,5,,1,,,,,,,,111,,,1,,,,,,,,,,,,,,,,1,1,1,1,,,1,,,1,,,,,,,,2,2,110601001,,
1,11,6,1,11,1,504.2603,"02",1,,,,5,,1,,,,,,,,111,,,1,,,,,,,,,,,,,,,,1,1,,1,,,1,,,,,,,,,,,2,2,110601101,,
1,11,6,1,12,1,504.2603,"01",1,,,,5,,,,,111,,,,,111,,,,,,,,,,,,,,,1,,,,1,1,1,,,,,,,1,,,,,,,,2,1,110601201,,
1,11,6,1,13,1,504.2603,"01",1,,,,5,,1,,,,,,,,111,,,1,,,,,,,,,,,,,,,,1,1,,1,,,1,,,,,,,,,,,3,2,110601301,,
1,11,6,1,14,1,504.2603,"02",1,,,,5,,1,,,,,,,,111,,,1,,,,,,,,,,,,,,,,1,1,1,1,,,,,,1,,,,,,,,3,2,110601401,,
1,11,6,1,15,1,504.2603,"01",1,,,,5,,,,,111,,,1,,,,,,,,,,,,,,,,1,,,,,1,1,,1,,,,,,,,,1,,,,,2,2,110601501,,
1,11,6,1,16,1,504.2603,"01",1,,,,5,,1,,,,,,1,,,,,,,,1,,,,,,,,,,,,,1,1,1,,,,,,,,,,,,,,,3,1,110601601,,
1,11,6,1,17,1,504.2603,"02",1,,,,5,,,,,111,,,,,111,,,,,,,,,,,,,1,,,,,,1,1,,1,,,,,,,,,,,,,,2,2,110601701,,
1,11,6,1,18,1,504.2603,"03",1,,,,5,,1,,,,,,,,111,,,1,,,,,,,,,,,,,,,,1,1,,1,,,1,1,,,,,1,,,,,888,2,110601801,,
1,11,7,1,1,1,191.7855,"01",1,,,,4,,1,,,,,,,,111,,,1,,,,,,,,,,,,,,,,1,1,1,1,,,1,1,,,,,,,,,,3,1,110700101,,
1,11,7,1,2,1,191.7855,"02",1,,,,4,,1,,,,,,,,111,,,1,,,,,,,,,,,,,,,,1,1,1,1,,,1,,,1,,,,,,,,3,1,110700201,,
1,11,7,1,3,1,191.7855,"02",1,,,,4,,1,,,,,,,,111,,,1,,,,,,,,,,,,,,,,1,1,1,1,,,,,,1,,,,,,,,3,1,110700301,,
1,11,7,1,4,1,191.7855,"02",1,,,,5,,1,,,,,,1,,,,,1,,,,,,,,,,,,,,,,1,1,1,1,,,1,1,1,,,,,,,,,3,2,110700401,,
1,11,7,1,5,1,191.7855,"01",1,,,,4,,1,,,,,,,,111,,,1,,,,,,,,,,,,,,,,1,1,1,1,,,1,1,,,,1,,,,,,3,2,110700501,,
1,11,7,1,6,1,191.7855,"01",1,,,,5,,1,,,,,,,,111,,,1,,,,,,,,,,,,,,,,1,1,1,,,,1,,,1,,,,,,,,1,4,110700601,,
1,11,7,1,7,1,191.7855,"02",1,,,,4,,1,,,,,,,,111,,,1,,,,,,,,,,,,,,,,1,1,1,1,,,,,,1,,,,,,,,3,2,110700701,,
1,11,7,1,8,1,191.7855,"01",1,,,,4,,1,,,,,,,,111,,,,,,,,,,,,,,1,,,,,1,1,,1,,,,,,,,,,,,,,3,1,110700801,,
1,11,7,1,9,1,191.7855,"01",1,,,,5,,1,,,,,,,,111,,,,,,,,,,,,,,,1,,,,1,1,1,1,,,,,,1,,,1,,,,,2,2,110700901,,
1,11,7,1,10,1,191.7855,"01",1,,,,5,,1,,,,,,,,111,,,1,,,,,,,,,,,,,,,,1,1,1,1,,,,1,,1,,,,,,,,3,1,110701001,,
1,11,7,1,11,1,191.7855,"05",1,,,,4,,1,,,,,,,,111,,,1,,,,,,,,,,,,,,,,1,1,1,1,,,1,1,,,,,,,,,,3,2,110701101,,
1,11,7,1,12,1,191.7855,"02",1,,,,5,,,,1,,,,,,111,,,,,,,,,,,,,1,1,,,,,1,1,1,1,,,1,,,1,,,1,,,,,1,1,110701201,,
1,11,7,1,13,1,191.7855,"01",1,,,,4,,1,,,,,,1,,,,,1,,,,,,,,,,,,,,,,1,1,1,,,,,,,,,,,,,,,3,1,110701301,,
1,11,7,1,14,1,191.7855,"01",1,,,,5,,,1,,,,,1,,,,,,,,1,,,,,,,,,,,,,1,1,1,,,,,,,,,,,,,,,3,1,110701401,,
1,11,7,1,15,1,191.7855,"02",1,,,,5,,1,,1,,,,1,1,,,,1,,,1,,,,,,,,,,,,,1,1,1,1,,,1,,,,,,1,,,,,2,2,110701501,,
1,11,7,1,16,1,191.7855,"01",1,,,,5,,1,,,,,,,1,,,,,,,1,,,,,,,,,,,,,1,1,1,,,,1,,,,,,,,,,,3,1,110701601,,
1,11,7,1,17,1,191.7855,"01",1,,,,4,,1,,,,,,,,111,,,1,,,,,,,,,,,,,,,,1,1,,1,,,1,,,,,,,,,,,2,2,110701701,,
1,11,7,1,18,1,191.7855,"01",1,,,,5,,,,,111,,,,,111,,,,,,,,,,,,,,,,1,,,1,1,,1,,,,,,1,,,,,,,,3,2,110701801,,
1,11,8,1,1,1,709.7715,"01",1,,,,5,,1,,,,,,1,,,,,1,,,,,,,,,,,,,,,,1,1,1,,,,,,,,,,,,,,,2,1,110800101,,
1,11,8,1,2,1,709.7715,"03",1,,,,5,,,,,111,,,,,111,,,,,,,,,,,,,,,,1,,,1,1,1,,,,,1,,,,,,,,,,3,1,110800201,,
1,11,8,1,3,1,709.7715,"01",1,,,,5,,,,1,,,,,,111,,,,,,,,,,,1,,,,,,,,1,1,1,,,,1,,,,,,,,,,,1,1,110800301,,
1,11,8,1,4,1,709.7715,"02",1,,,,5,,1,,,,,,,1,,,,,1,,,,,,,,,,,,,,,1,1,,,,,1,,,1,,,,,,,,3,2,110800401,,
1,11,8,1,5,1,709.7715,"01",1,,,,5,,1,,,,,,,,111,,,,,,,,,,,,,1,1,,,,,1,1,1,1,,,1,,,1,,,,,,,,2,1,110800501,,
1,11,8,1,6,1,709.7715,"02",1,,,,4,,1,,1,,,,,,111,,,,,,,,,,,,,1,1,,,,,1,1,1,1,,,1,,,1,,,,,,,,2,2,110800601,,
1,11,8,1,7,1,709.7715,"01",1,,,,4,,1,,,,,,,,111,,,1,,,,1,,,,,,,,,,,,1,1,,,,,1,,,1,,,,,,,,3,1,110800701,,
1,11,8,1,8,1,709.7715,"01",1,,,,5,,1,,,,,,1,,,,,1,,,,,,,,,,,,,,,,1,1,1,,,,,,,,,,,,,,,3,1,110800801,,
1,11,8,1,9,1,709.7715,"02",1,,,,5,,1,,,,,,,,111,,,1,,,,,,,,,,,,,,,,1,1,1,1,,,1,,,1,,,,,,,,3,1,110800901,,
1,11,8,1,10,1,709.7715,"01",1,,,,4,,1,,,,,,,,111,,,,,,,,,,,,,,,,,555,2,1,1,1,1,,,1,,,1,,,,,,,,3,1,110801001,,
1,11,8,1,11,1,709.7715,"03",1,,,,5,,1,,,,,,,,111,,,,,,,,,,,,,1,1,,,,,1,1,1,1,,,1,1,,1,,,1,,,,,3,2,110801101,,
1,11,8,1,12,1,709.7715,"02",1,,,,5,,1,,,,,,,,111,,,1,,,,,,,,,,,,,,,,1,1,1,1,,,1,1,,,,,1,,,,,2,2,110801201,,
1,11,8,1,13,1,709.7715,"01",1,,,,5,,1,,,,,,1,,111,,,,,,,,,,,,,,,,,555,2,1,1,1,1,,,1,,,1,,,,,,,,3,1,110801301,,
1,11,8,1,14,1,709.7715,"01",1,,,,1,,1,,,,,,,1,,,,,,,,,,,,1,,,,,,,,1,1,1,1,,,1,1,,,,,,,,,,2,1,110801401,,
1,11,8,1,15,1,709.7715,"01",1,,,,5,,,,,111,,,,,111,,,,,,,,,,,,,,,,1,,,1,1,1,,,,,,,,,,,,,,,3,1,110801501,,
1,11,8,1,16,1,709.7715,"01",1,,,,5,,,,,111,,,,,111,,,,,,,,,,,,,,,,1,,,1,1,1,1,,,1,,,,,,,,,,,2,1,110801601,,
1,11,8,1,17,1,709.7715,"01",1,,,,5,,1,,,,,,,,111,,,1,,,,,,,,,,,,,,,,1,1,1,1,,,1,,,1,,,,,,,,3,1,110801701,,
1,11,8,1,18,1,57.7326100478469,"02",7,,,,5,,,,,111,,,1,,,,,,,,1,,,,,,,,,,,,,1,1,1,1,,,,,,,,,,,,,,2,2,110801801,,
1,11,9,1,2,1,450.0009,"02",1,,,,1,,,,,111,,,,,111,,,,,,,,,,,,,,,,1,,,1,1,1,1,,,,,,,,,,,,,,2,1,110900201,,
1,11,9,1,4,1,450.0009,"01",1,,,,5,,1,,,,,,1,,,,,1,,,,,,,,,,,,,,,,1,1,,1,,,,,,,,,,,,,,3,2,110900401,,
1,11,9,1,5,1,450.0009,"01",1,,,,5,,1,,,,,,,,111,,,1,,,,,,,,,,,,,,,,1,1,,1,,,,,,,,,,,,,,2,2,110900501,,
1,11,9,1,6,1,450.0009,"01",1,,,,5,,,,,111,,,1,,,,,,1,,,,,,,,,,,,,,,1,1,1,1,,,,,,,,,1,,,,,3,1,110900601,,
1,11,9,1,7,1,450.0009,"01",1,,,,5,,,,,111,,,,,111,,,,,,,,,,,,,,,,,555,8,1,1,1,1,,,1,,,,,,,,,,,2,2,110900701,,
1,11,9,1,8,1,450.0009,"02",1,,,,5,,,,,111,,,1,,,,,,,,1,,,,,,,,,,,,,1,1,1,1,,,1,,,,,,,,,,,3,2,110900801,,
1,11,9,1,9,1,450.0009,"02",1,,,,1,,,,,111,,,,,111,,,,,,,,,,,,,,,,1,,,1,1,1,1,,,,,,,,,,,,,,3,2,110900901,,
1,11,9,1,10,1,450.0009,"02",1,,,,5,,1,1,,,,,,,111,,,,1,,,,,,,,,,,,,,,1,1,1,1,,,1,,,,,,,,,,,3,1,110901001,,
1,11,9,1,11,1,450.0009,"02",1,,,,5,,,,,111,,,,,111,,,,,,,,,,,,,,1,,,,,1,1,1,,,,1,,,,,,,,,,,2,2,110901101,,
1,11,9,1,12,1,450.0009,"02",1,,,,1,,,1,,,,,,,111,,,,,,,,,,,,,,,,1,,,1,1,1,1,,,1,,,,,,,,,,,1,2,110901201,,
1,11,9,1,13,1,450.0009,"01",1,,,,5,,1,,,,,,,,111,,,1,,,,,,,,,,,,,,,,1,1,1,,,,,,,,,,,,,,,3,1,110901301,,
1,11,9,1,14,1,450.0009,"02",1,,,,5,,,1,,,,,1,,,,,,,,1,,,,,,,,,,,,,0,,,,,,,,,,,,,,,,,3,1,110901401,,
1,11,9,1,15,1,450.0009,"01",1,,,,1,,,,1,,,,,,111,,,,,,,,,,,1,,,,,,,,0,,,,,,,,,,,,,,,,,1,1,110901501,,
1,11,9,1,16,1,450.0009,"01",1,,,,5,,1,,,,,,1,,,,,,,,,,,,,,,,,,1,,,1,1,1,,,,1,,,,,,,,,,,3,1,110901601,,
1,11,9,1,17,1,450.0009,"01",1,,,,5,,1,,,,,,,1,,,,1,,,,,,,,,,,,,,,,1,1,,,1,,,,,,,,,,,,,2,1,110901701,,
1,11,9,1,18,1,450.0009,"02",1,,,,1,,,,,111,,,,,111,,,,,,,,,,,,,,,,1,,,1,1,1,1,,,1,,,,,,,,,,,1,4,110901801,,
1,11,9,1,19,1,29.1105703504043,"02",5,,,,1,,,,,111,,,,,111,,,,,,,,,,,,,,,,1,,,1,1,1,1,,,,,,,,,,,,,,1,1,110901901,,
1,11,9,1,20,1,29.1105703504043,"02",11,,,,5,,,1,,,,,,,,,,,1,,,,,,,,,,,,,,,1,1,,,,,,,,,,,,,,,,1,1,110902001,,
1,11,10,1,2,1,581.4858,"02",1,,,,5,,,1,,,,,1,,,,,,,,1,,,,,,,,,,,,,1,1,1,1,,,,,,,,,,,,,,2,2,111000201,,
1,11,10,1,3,1,581.4858,"01",1,,,,5,,1,,,,,,,,111,,,,,,,,,,,,,,,,1,,,1,1,,,,,,,,1,,,,,,,,2,1,111000301,,
1,11,10,1,4,1,581.4858,"02",1,,,,5,,,,,111,,,,,111,,,,,,,,,,,,,,,,1,,,1,1,1,1,,,1,1,,,,,,,,,,3,2,111000401,,
1,11,10,1,5,1,45.3452229357798,"01",7,,,,1,,,,,111,,,,,111,,,,,,,,,,,,,,,,1,,,0,,,,,,,,,,,,,,,,,2,1,111000501,,
1,11,10,1,6,1,581.4858,"01",1,,,,4,,1,,,,,,,,111,,,1,,,,,,,,,,,,,,,,1,1,1,1,,,1,1,1,1,,,,,,,,3,1,111000601,,
1,11,10,1,7,1,581.4858,"01",1,,,,5,,,,,111,,,,,111,,,,,,,,,,,,,,,,1,,,1,1,,1,,,1,1,,,,,,,,,,2,1,111000701,,
1,11,10,1,8,1,581.4858,"01",1,,,,5,,,,,111,,,,,111,,,,,,,,,,,,,,,,1,,,1,1,1,,,,,,,,,,,,,,,2,1,111000801,,
1,11,10,1,9,1,581.4858,"02",1,,,,5,,1,,,,,,,,,,,1,,,,,,,,,,,,,,,,1,1,1,1,,,1,,,,,,,,,,,3,1,111000901,,
1,11,10,1,10,1,581.4858,"01",1,,,,5,,,,,111,,,,,111,,,,,,,,,,,,,,,,1,,,1,1,1,1,,,1,,,,,,,,,,,888,2,111001001,,
1,11,10,1,11,1,581.4858,"02",1,,,,5,,,,,111,,,,,111,,,,,,,,,,,,,,,,1,,,1,1,1,1,,,1,1,,,,,,,,,,3,1,111001101,,
1,11,10,1,12,1,581.4858,"01",1,,,,5,,1,,,,,,,1,,,,1,,,,,,,,,,,,,,,,1,1,,,,,1,1,,,,,,,,,,3,1,111001201,,
1,11,10,1,13,1,581.4858,"01",1,,,,5,,1,,,,,,,,111,,,1,,,,,,,,,,,,,,,,1,1,1,1,,,1,,,,,,,,,,,3,1,111001301,,
1,11,10,1,14,1,581.4858,"01",1,,,,4,,,,,111,,,1,,,,,,,,,,,,,,,,,,1,,,1,1,1,,,,1,1,,,,,,,,,,3,1,111001401,,
1,11,10,1,15,1,581.4858,"02",1,,,,5,,1,,,,,,1,,,,,1,,,1,,,,,,,,,,,,,1,1,1,1,,,1,,,,,,,,,,,2,2,111001501,,
1,11,10,1,16,1,581.4858,"01",1,,,,5,,1,,,,,,1,,,,,,,,1,,,,,,,,,,,,,1,1,1,1,,,1,1,,1,,,,,,,,3,1,111001601,,
1,11,10,1,17,1,581.4858,"01",1,,,,5,,,1,,,,,1,,,,,,,,1,,,,,,,,,,,,,1,1,1,,,,,,,,,,,,,,,2,4,111001701,,
1,11,10,1,18,1,581.4858,"02",1,,,,4,,,,,111,,,,,111,,,,,,,,,,,,,,,,1,,,1,1,1,1,,,1,,,,,,1,,,,,3,1,111001801,,
1,11,10,1,19,1,581.4858,"01",1,,,,5,,1,,,,,,,,111,,,,,,,,,,,,,,,,,555,1,1,1,1,,,,,,,,,,,,,,,3,1,111001901,,
1,11,11,1,1,1,486.8112,"02",1,,,,4,,1,,,,,,1,,,,,1,,,1,,,,,,,,,,,,,1,1,1,1,,,1,,,,,,,,,,,3,1,111100101,,
1,11,11,1,2,1,486.8112,"03",1,,,,5,,1,,,,,,,,111,,,1,,,,,,,,,,,,,,,,1,1,1,1,,,1,1,,1,,,,,,,,3,1,111100201,,
1,11,11,1,3,1,486.8112,"01",1,,,,5,,1,,,,,,,,111,,,1,,,,,,,,,,,,,,,,1,1,1,1,,,1,,,,,,,,,,,3,1,111100301,,
1,11,11,1,4,1,486.8112,"02",1,,,,5,,1,,,,,,,,111,,,1,,,,,,,,,,,,,,,,1,1,1,1,,,1,,,1,,,,,,,,3,1,111100401,,
1,11,11,1,5,1,486.8112,"01",1,,,,5,,,,,111,,,,,111,,,,,,,,,,,,,,,,1,,,1,1,1,1,,,1,1,,1,,,,,,,,2,1,111100501,,
1,11,11,1,6,1,486.8112,"01",1,,,,4,,1,,,,,,,,111,,,1,,,,,,,,,,,,,,,,1,1,1,,,,,,,1,,,,,,,,3,1,111100601,,
1,11,11,1,7,1,486.8112,"01",1,,,,5,,1,,,,,,,,111,,,1,,,,,,,,,,,,,,,,1,1,1,1,,,1,,,,,,,,,,,3,1,111100701,,
1,11,11,1,8,1,486.8112,"01",1,,,,4,,,,,111,,,1,,,,,,,,1,,,,,,,,,,,,,1,1,1,1,,,1,,,,,,,,,,,2,1,111100801,,
1,11,11,1,9,1,486.8112,"01",1,,,,5,,,,1,,,,,,111,,,,,1,,,,,,,,,,,,,,1,1,1,,,,,,,,,,,,,,,3,2,111100901,,
1,11,11,1,10,1,486.8112,"01",1,,,,5,,,,,111,,,,,111,,,,,,,,,,,1,,,,,,,,1,1,1,1,,,1,,,,,,,,,,,3,1,111101001,,
1,11,11,1,11,1,486.8112,"01",1,,,,5,,,1,,,,,,1,,,,,1,,,,,,,,,,,,,,,1,1,1,1,,,,1,,1,,,,,,,,3,1,111101101,,
1,11,11,1,12,1,486.8112,"02",1,,,,5,,,,1,,,,,,111,,,,,1,,,,,,,,,,,,,,1,1,1,1,,,1,1,,,,,1,,,,,3,1,111101201,,
1,11,11,1,13,1,486.8112,"01",1,,,,4,,1,,,,,,,,111,,,1,,,,,,,,,,,,,,,,1,1,1,,,,,,,,,,,,,,,2,1,111101301,,
1,11,11,1,14,1,486.8112,"01",1,,,,5,,1,,,,,,,,111,,,1,,,,,,,,,,,,,,,,1,1,1,1,,,1,,,,,,,,,,,2,1,111101401,,
1,11,11,1,15,1,486.8112,"01",1,,,,1,,1,,,,,,,,111,,,,,,,,,,,,,,,,1,,,1,1,1,1,,,,,,,,,,,,,,3,1,111101501,,
1,11,11,1,16,1,486.8112,"02",1,,,,4,,1,,,,,,,1,,,,1,,,,,,,,,,,,,,,,1,1,1,1,,,1,1,1,1,,,,,,,,3,1,111101601,,
1,11,11,1,17,1,486.8112,"01",1,,,,1,,,,,111,,,1,,,,,,,,,,,,,,,,,,1,,,1,1,1,,,,,,,,,,,,,,,1,1,111101701,,
1,11,11,1,18,1,486.8112,"01",1,,,,5,,,,,111,,,1,,,,,,,,1,,,,,,,,,,,,,1,1,1,,,,1,,,,,,,,,,,2,4,111101801,,
1,12,12,2,1,1,699.2959,"01",1,,0,0,5,,,,,111,,,1,,,,,,,,1,,,,,,,,,,,,,1,1,1,1,,,,,,,,,,,,,1,3,1,121200101,,
1,12,12,2,2,1,73.1642186123348,"01",11,,0,0,1,,,,,111,,,1,,,,,,,,,,,,,,,,,,1,,,1,1,1,1,,,,,,,,,1,,,,2,3,2,121200201,,
1,12,12,2,3,1,699.2959,"01",1,,0,0,1,,1,,,,,,1,,,,,,,,1,,,,,,,,,,,,,1,1,1,1,,,1,,,,,,1,,,,2,2,1,121200301,,
1,12,12,2,4,1,73.1642186123348,"01",7,,0,0,1,,,,,111,,,,,111,,,,,,,,,,,,,,,,1,,,1,1,1,1,,,,,,,,,,,,,1,2,1,121200401,,
1,12,12,2,5,1,73.1642186123348,"01",11,,0,0,1,,,,,111,,,,,111,,,,,,,,,,,,,,,,1,,,1,0,,,,,,,,,,,,,,,2,3,1,121200501,,
1,12,12,2,6,1,73.1642186123348,"02",11,,0,0,1,,,1,,,,,,1,,,,,,,1,,,,,,,,,,,,,0,,,,,,,,,,,,,,,,2,1,1,121200601,,
1,12,12,2,7,1,73.1642186123348,"02",9,,1,0,5,,,,,111,,,,,111,,,,,,,,,,,,,,,,1,,,1,1,1,,,,,,,,,,,,,,2,3,1,121200701,,
1,12,12,2,8,1,73.1642186123348,"01",7,,0,0,1,,,,1,,,,1,,,,,,,,1,,,,,,,,,,,,,1,1,1,1,,,,,,,,,,,,,2,2,1,121200801,,
1,12,12,2,9,1,73.1642186123348,"01",11,,0,0,1,,,,,111,,,1,,,,,,,,,,,,,,,,,,1,,,1,1,1,,,,,,,,,,,,,,2,2,2,121200901,,
1,12,12,2,10,1,699.2959,"01",1,,0,0,5,,,,1,,,,,,111,,,,,1,,,,,,,,,,,,,,1,1,1,1,,,1,1,,,,,1,,,,1,3,1,121201001,,
1,12,12,2,11,1,699.2959,"01",1,,0,0,1,,1,,,,,,,,111,,,1,,,,,,,,,,,,,,,,1,1,1,1,,,1,,,,,,1,,,,2,3,1,121201101,,
1,12,12,2,12,1,699.2959,"02",1,,0,0,5,,,,1,,,,,,111,,,,,,,,,1,,,,,,,,,,1,1,1,1,,,1,,,,,,,,,,2,3,1,121201201,,
1,12,12,2,13,1,699.2959,"02",1,,1,0,5,,1,,,,,,,,111,,,1,,,,,,,,,,,,,,,,1,1,1,1,,,,,,,,,,,,,2,2,1,121201301,,
1,12,12,2,14,1,73.1642186123348,"01",11,,0,0,1,,,,,111,,,,1,,,,,,,,,,,,,,,,,1,,,0,,,,,,,,,,,,,,,,2,1,1,121201401,,
1,12,12,2,15,1,699.2959,"02",1,,1,0,5,,,1,,,,,,1,,,,,,,1,,,,,,,,,,,,,1,1,1,,,,,,,,,,,,,,2,1,1,121201501,,
1,12,12,2,16,1,699.2959,"02",1,,1,0,5,,,,,111,,,,,111,,,,,,,,,,,,,,,,1,,,1,1,1,1,,,,,,,,,1,,,,2,2,2,121201601,,
1,12,12,2,17,1,699.2959,"01",1,,0,0,1,,1,,,,,,1,,,,,,,,1,,,,,,,,,,,,,1,1,1,1,,,1,,,,,,1,,,,2,3,1,121201701,,
1,12,12,2,18,1,699.2959,"01",1,,1,0,5,,1,,1,,,,,1,,,,,,1,,,,,,,,,,,,,,1,1,1,1,,,1,,,,,,,,,,1,2,1,121201801,,
1,12,13,2,1,1,736.1804,"01",1,,0,0,5,,1,,,,,,1,,,,,,1,,,,,,,,,,,,,,,1,1,1,,,,1,,,,,,1,,,,2,3,1,121300101,,
1,12,13,2,2,1,736.1804,"01",1,,1,0,5,,1,,,,,,,,111,,,,,,1,,,,,,,,,,,,,1,1,1,,,,1,,,,,,1,,,,2,3,1,121300201,,
1,12,13,2,3,1,736.1804,"01",1,,1,1,1,,,,1,,,,1,,,,,,,1,,,,,,,,,,,,,,1,1,1,1,,,,,,,,,,,,,2,2,1,121300301,,
1,12,13,2,4,1,736.1804,"01",1,,1,0,5,,,,,111,,,,,111,,,,,,,,,,,,,,1,,,,,1,1,1,,,,1,,,,,,1,,,,2,2,1,121300401,,
1,12,13,2,5,1,736.1804,"01",1,,1,0,5,,,1,1,,,,1,,,,,,1,,1,,,,,,,,,,,,,1,0,,,,,,,,,,,,,,,2,2,2,121300501,,
1,12,13,2,6,1,13.4902167539267,"01",7,,0,0,5,,,,,111,,,,,111,,,,,,,,,,,,,,,,1,,,1,0,,,,,,,,,,,,,,,2,2,2,121300601,,
1,12,13,2,7,1,13.4902167539267,"01",8,,1,0,1,,1,,,,,,1,,,,,1,,,,,,,,1,,,,,,,,1,1,1,1,,,,,,,,,1,1,,,2,2,2,121300701,,
1,12,13,2,8,1,736.1804,"02",1,,1,0,5,,,,,111,,,,,111,,,,,,,,,,,,,,1,,,,,1,1,1,1,,,1,,,,,,,,,,2,2,1,121300801,,
1,12,13,2,9,1,13.4902167539267,"01",11,,2,0,1,,1,,,,,,,,111,,,1,,,,,,,,,,,,,,,,1,1,1,1,,,,,,,,,,,,,2,2,2,121300901,,
1,12,13,2,10,1,736.1804,"02",1,,1,1,5,,1,,,,,,,,111,,,1,,,,,,,,,,,,,,,,1,1,1,1,,,1,,,,,,,,,,2,2,2,121301001,,
1,12,13,2,11,1,736.1804,"02",1,,0,0,5,,,,,111,,,,,111,,,,,,,,,,,,,,1,,,,,1,1,1,1,,,1,,,,,,,,,,2,3,2,121301101,,
1,12,13,2,12,1,736.1804,"03",1,,1,0,5,,1,,,,,,1,,,,,1,,,1,,,,,,,,,,,,,1,1,1,1,,,1,1,,1,,,1,,,,2,3,1,121301201,,
1,12,13,2,13,1,13.4902167539267,"02",11,,1,0,5,,1,,,,,,1,,,,,,,,1,,,,,,,,,,,,,1,1,1,1,,,,,,1,,,1,,,,2,3,2,121301301,,
1,12,13,2,14,1,736.1804,"01",1,,1,0,4,,1,,,,,,1,,,,,1,,,,,,,,1,,,,,,,,1,1,1,1,,,,1,,1,,,1,,,,2,3,1,121301401,,
1,12,13,2,15,1,736.1804,"01",1,,1,1,4,,1,,,,,,,,111,,,1,,,,,,,,,,,,,,,,1,1,1,,,,1,1,,,,,,,,,1,3,2,121301501,,
1,12,13,2,16,1,736.1804,"01",1,,1,0,5,,1,,,,,,,1,,,,1,,,1,,,,,,,,,,,,,1,1,1,1,,,1,,,,,,,,,,2,3,2,121301601,,
1,12,13,2,17,1,736.1804,"01",1,,1,0,5,,,,1,,,,,,111,,,,,1,,,,,,,,,,,,,,1,1,1,1,,,,,,,,,,,,,2,2,1,121301701,,
1,12,13,2,18,1,736.1804,"01",1,,1,0,5,,,,,111,,,1,,,,,,1,,,,,,,,,,,,,,,0,,,,,,,,,,,,,,,,2,3,2,121301801,,
1,12,14,1,1,1,219.6804,"02",1,,,,4,,1,1,,,,,1,,,,,1,1,,,,,,,,,1,,,,,,1,1,1,1,,,1,1,,,,,,,,,,3,1,121400101,,
1,12,14,1,2,1,219.6804,"01",1,,,,5,,,,1,,,,1,,,,,,,1,,,,,,,1,1,1,,,,,1,1,1,1,,,1,1,1,,,,,,,,,1,2,121400201,,
1,12,14,1,3,1,219.6804,"03",1,,,,5,,1,,1,,,,1,,,,,1,,1,,,,,,,,1,1,,,,,1,1,1,1,,,1,1,1,,,,,,,,,2,1,121400301,,
1,12,14,1,4,1,219.6804,"02",1,,,,5,,,,1,,,,,1,,,,,,,,,,,,1,,,,,,,,1,1,1,1,,,1,,,,,,,,,,,2,2,121400401,,
1,12,14,1,5,1,219.6804,"02",1,,,,4,,1,,,,,,1,,,,,1,,,,,,,,,,,,,,,,1,1,1,1,,,1,1,,,,,,,,,,3,1,121400501,,
1,12,14,1,6,1,219.6804,"01",1,,,,5,,1,,,,,,1,,,,,1,,,,,,,,,,1,1,,,,,1,1,1,1,,,1,1,1,,,,,,,,,3,1,121400601,,
1,12,14,1,7,1,219.6804,"03",1,,,,5,,,,1,,,,,1,,,,,,1,,,,,,1,,,,,,,,1,1,1,1,,,1,,,,,,,,,,,2,1,121400701,,
1,12,14,1,8,1,219.6804,"01",1,,,,4,,1,,,,,,1,,,,,1,,,,,,,,,,,,,,,,1,1,1,1,,,1,1,,,,,1,,,,,3,1,121400801,,
1,12,14,1,9,1,219.6804,"02",1,,,,1,,1,,,,,,1,,,,,,,,1,,,,,,,1,,,,,,1,1,1,,,,1,,,,,,,,,,,2,1,121400901,,
1,12,14,1,10,1,219.6804,"02",1,,,,5,,1,,,,,,,,111,,,1,,,,,,,,,,,,,,,,1,1,1,1,,,,,,,,,1,1,,,,3,2,121401001,,
1,12,14,1,11,1,219.6804,"01",1,,,,5,,1,,,,,,,,111,,,1,,,,,,,,,,,,,,,,1,1,1,1,,,,,,,,,,,,,,3,2,121401101,,
1,12,14,1,12,1,219.6804,"02",1,,,,5,,,,,111,,,,,111,,,,,,,,,,,,,,1,,,,,1,1,1,1,,,,,,,,,,,,,,3,2,121401201,,
1,12,14,1,13,1,221.307662222222,"01",11,,,,5,,,,,111,,,,1,,,,,,,,,,,,,,,1,,,,,1,1,1,1,,,,,,,,,,,,,,2,2,121401301,,
1,12,14,1,14,1,219.6804,"01",1,,,,5,,,,1,,,,1,,,,,,,1,,,,,,,,1,1,,,,,1,1,1,1,,,1,1,1,,,,,,,,,3,2,121401401,,
1,12,14,1,15,1,219.6804,"01",1,,,,5,,1,,1,,,,,,111,,,,,,,,,,,,,1,1,,,,,1,1,1,1,,,1,1,,,,,,,,,,3,2,121401501,,
1,12,14,1,16,1,219.6804,"01",1,,,,5,,,,1,,,,1,,,,,,1,,,,,,,1,,,,,,,,1,1,1,1,,,1,,,,,,,,,,,2,2,121401601,,
1,12,14,1,17,1,219.6804,"01",1,,,,5,,1,,,,,,,,111,,,1,,,,,,,,,,,,,,,,1,1,1,1,,,1,,,,,,,,,,,2,2,121401701,,
1,12,14,1,18,1,219.6804,"01",1,,,,5,,,,,111,,,1,,,,,,1,,,,,,,,,,,,,,,1,1,1,1,,,1,,,,,,,,,,,2,2,121401801,,
1,12,15,1,1,1,20.4148122137405,"01",11,,,,1,,,,1,,,,1,,,,,,,,,,,,,1,,,,,,,,1,1,1,1,,,,,,,,,,,,,,1,2,121500101,,
1,12,15,1,2,1,20.4148122137405,"01",7,,,,1,,,,,111,,,1,,,,,,1,,,,,,,,,,,,,,,1,1,1,1,,,,,,,,,,,,,,2,2,121500201,,
1,12,15,1,3,1,668.5851,"03",1,,,,5,,1,,,,,,1,,,,,1,,,,,,,,,,,,,,,,1,1,1,1,,,1,,,1,,,,,,,,2,1,121500301,,
1,12,15,1,4,1,668.5851,"01",1,,,,5,,1,,1,,,,,1,,,,1,,1,,,,,,,1,1,1,,,,,1,1,1,1,,,1,,1,,,,,,,,,2,1,121500401,,
1,12,15,1,5,1,668.5851,"01",1,,,,5,,,,,111,,,,,111,,,,,,,,,,,,,,,,1,,,1,1,1,,,,,,,,,,,,,,,2,1,121500501,,
1,12,15,1,6,1,668.5851,"03",1,,,,1,,1,,,,,,1,,,,,,,,1,,,,,,,1,,,,,,1,1,1,1,,,,1,,,,,,,,,,3,2,121500601,,
1,12,15,1,8,1,668.5851,"01",1,,,,5,,,,,,,,1,,,,,,,,1,,,,,,,,,,,,,1,1,1,,,,,,,,,,,,,,,3,2,121500801,,
1,12,15,1,9,1,668.5851,"01",1,,,,5,,1,,,,,,1,,,,,1,,,1,,,,,,,1,1,,,,,1,1,1,1,,,1,,,,,,,,,,,3,2,121500901,,
1,12,15,1,10,1,668.5851,"02",1,,,,1,,1,,,,,,,,111,,,1,,,,,,,,,,,,,,,,1,1,1,1,,,,,,,,,,,,,,3,1,121501001,,
1,12,15,1,11,1,668.5851,"02",1,,,,5,,,,,111,,,,,111,,,,,,,,,,,,,1,,,,,,1,1,1,1,,,1,,,,,,1,,,,,3,2,121501101,,
1,12,15,1,12,1,668.5851,"01",1,,,,5,,1,,,,,,,1,,,,1,,,1,,1,,,,,,1,,,,,1,1,1,1,,,1,1,1,,,,,,,,,2,1,121501201,,
1,12,15,1,13,1,668.5851,"02",1,,,,5,,,,,111,,,1,,,,,,,,1,,,,,,,1,,1,,,,1,1,1,1,,,1,,,,,,1,,,,,888,2,121501301,,
1,12,15,1,14,1,668.5851,"02",1,,,,5,,1,,,,,,1,,,,,1,,,,,,,,,,,,,,,,1,1,1,1,,,,,,,,,,,,,,3,1,121501401,,
1,12,15,1,15,1,668.5851,"02",1,,,,5,,1,,,,,,,,111,,,,,,,,,,,,,,1,,,,,1,1,1,1,,,,,,,,,,,,,,3,2,121501501,,
1,12,15,1,16,1,668.5851,"02",1,,,,5,,,,1,,,,1,,,,,1,,,,,,,,,,,,,,,,1,1,1,1,,,,,,,,,,,,,,3,1,121501601,,
1,12,15,1,17,1,668.5851,"02",1,,,,5,,,,,111,,,,,111,,,,,,,,,,,,,,1,,,,,1,1,1,1,,,,,,,,,,,,,,3,1,121501701,,
1,12,15,1,18,1,668.5851,"02",1,,,,5,,,,,111,,,1,,,,,,,,1,,,,,,,1,1,,,,,1,1,1,1,,,1,,1,,,,,,,,,2,1,121501801,,
1,12,15,1,19,1,668.5851,"02",1,,,,5,,1,,,,,,1,,,,,,,,1,,,,,1,,,,,,,,1,1,1,1,,,1,1,,,,1,1,,,,,3,1,121501901,,
1,12,16,1,1,1,22.51949375,"02",11,,,,1,,,,,111,,,1,,,,,,,,1,,,,,,,,,,,,,1,1,1,1,,,,,,,,,1,,,,,3,2,121600101,,
1,12,16,1,2,1,22.51949375,"02",11,,,,1,,1,,,,,,,,111,,,,,,,,,,1,,,1,1,,,,,1,1,1,1,,,,,1,,,,,,,,,2,1,121600201,,
1,12,16,1,3,1,22.51949375,"01",11,,,,5,,,,,111,,,1,,,,,,,,1,,,,,,,1,,1,,,,1,1,1,1,,,,,,,,1,1,,,,,2,1,121600301,,
1,12,16,1,4,1,22.51949375,"02",11,,,,5,,,,,111,,,1,,,,,,,,1,,,,,,,,,,,,,1,1,1,1,,,,,,,,,1,,,,,3,2,121600401,,
1,12,16,1,5,1,443.4608,"02",1,,,,5,,,,,111,,,,,111,,,,,,,,,,,,,,1,,,,,1,1,,1,,,,,,,,,,,,,,1,1,121600501,,
1,12,16,1,6,1,443.4608,"01",1,,,,5,,,,1,,,,1,,,,,,,1,,,,,,1,,,,,,,,1,1,1,1,,,1,,,,,,,,,,,3,1,121600601,,
1,12,16,1,7,1,443.4608,"01",1,,,,5,,,,1,,,,,,111,,,,,1,,,,,,,,,,,,,,1,1,1,1,,,1,1,1,1,,1,1,1,,,,3,4,121600701,,
1,12,16,1,8,1,443.4608,"02",1,,,,5,,1,,,,,,1,,,,,,,,1,,,,,,,1,,,,,,1,1,1,1,,,1,,,,,,1,,,,,2,1,121600801,,
1,12,16,1,9,1,443.4608,"01",1,,,,5,,,,1,,,,1,,,,,,,1,,,,,,,,1,1,,,,,1,1,1,1,,,1,,1,,,,,,,,,3,1,121600901,,
1,12,16,1,10,1,443.4608,"01",1,,,,5,,,,1,,,,,,111,,,,,,,,,,,1,,,,,,,,1,1,,1,,,,,,,,,,,,,,3,1,121601001,,
1,12,16,1,11,1,443.4608,"02",1,,,,5,,,,,111,,,1,1,,,,,,,,,,,,,,,1,,,,,1,1,1,1,,,,,,,,,,,,,,2,2,121601101,,
1,12,16,1,12,1,22.51949375,"02",11,,,,1,,,1,,,,,1,1,,,,,,,1,,,,,,,,,,,,,1,1,1,1,,,,,,,,,,,,,,1,2,121601201,,
1,12,16,1,13,1,443.4608,"01",1,,,,5,,1,,,,,,,,111,,,1,,,,,,,,,,,1,,,,,1,1,1,1,,,,,,1,,,,,,,,3,2,121601301,,
1,12,16,1,14,1,443.4608,"02",1,,,,5,,,1,,,,,1,,,,,,1,,,,,,,,,,,,,,,1,1,1,1,,,,,,,,,,,,,,3,2,121601401,,
1,12,16,1,15,1,443.4608,"01",1,,,,5,,,,1,,,,,,111,,,,,1,,,,,,,,1,,,,,,1,1,1,1,,,1,1,,,,,1,,,,,3,1,121601501,,
1,12,16,1,16,1,443.4608,"02",1,,,,5,,1,,,,,,,1,,,,,,1,,,,,,,,,,,,,,1,1,1,1,,,,,,,,,,,,,,3,1,121601601,,
1,12,16,1,17,1,443.4608,"02",1,,,,5,,1,,,,,,,,111,,,1,,,,,,,,,,1,1,,,,,1,1,1,,,,1,,,,,,1,,,,,3,2,121601701,,
1,12,16,1,18,1,443.4608,"01",1,,,,5,,1,,,,,,,,111,,,1,,,,,,,,,,,,,,,,1,1,1,1,,,1,,,,,,,,,,,3,1,121601801,,
1,12,17,1,1,1,7.15809113268609,"01",7,,,,5,,1,,,,,,,,111,,,,,,,,,,,,,,1,,,,,1,0,,,,,,,,,,,,,,,,1,4,121700101,,
1,12,17,1,2,1,85.07116,"01",1,,,,5,,,,,111,,,,,111,,,,,,,,,,,,,1,,,,,,1,1,1,,,,,,,,,,,,,,,2,4,121700201,,
1,12,17,1,3,1,7.15809113268609,"01",7,,,,1,,,,,111,,,,,111,,,,,,,,,,,,,1,,,,,,1,1,1,1,,,,,,,,,,,,,,3,1,121700301,,
1,12,17,1,4,1,7.15809113268609,"01",7,,,,5,,,,,111,,,,,111,,,,,,,,,,,,,,,,1,,,1,1,1,1,,,,,,,,,,,,,,1,1,121700401,,
1,12,17,1,5,1,7.15809113268609,"02",7,,,,5,,,,,111,,,,1,,,,,,,,,,,,,,,,,1,,,1,1,1,1,,,,,,,,,,,,,,1,2,121700501,,
1,12,17,1,6,1,85.07116,"01",1,,,,1,,,,,111,,,,1,,,,,,,,,,,,,,,,,1,,,1,1,1,1,,,1,,,,,,,,,,,2,1,121700601,,
1,12,17,1,7,1,85.07116,"01",1,,,,5,,,,,111,,,1,,,,,,,,,,,,,,,,,,1,,,1,1,1,1,,,,,,,,,,,,,,3,2,121700701,,
1,12,17,1,8,1,85.07116,"01",1,,,,1,,,,,111,,,1,,,,,,,,,,,,,,,,,,1,,,0,,,,,,,,,,,,,,,,,2,1,121700801,,
1,12,17,1,9,1,85.07116,"01",1,,,,4,,,,1,,,,,,111,,,,,,,,,,,,,,,,1,,,1,1,1,1,,,,,,,,,,,,,,3,1,121700901,,
1,12,17,1,10,1,7.15809113268609,"01",7,,,,1,,,,,111,,,1,,,,,,,,1,,,,,,,,,,,,,0,,,,,,,,,,,,,,,,,1,2,121701001,,
1,12,17,1,11,1,85.07116,"02",1,,,,5,,,,1,,,,1,,,,,,,,,,,,1,,,,,,,,,1,1,1,1,,,,,,,,,1,,,,,3,2,121701101,,
1,12,17,1,12,1,85.07116,"01",1,,,,5,,,,,111,,,,1,,,,,,,,,,,,,,,,,1,,,1,1,1,1,,,1,,,,,,,,,,,2,2,121701201,,
1,12,17,1,13,1,85.07116,"02",1,,,,5,,,,,111,,,,,111,,,,,,,,,,,,1,,1,,,,,1,1,1,1,,,,,,,,,1,,,,,2,1,121701301,,
1,12,17,1,14,1,85.07116,"02",1,,,,5,,,,,111,,,,,111,,,,,,,,,,,,,,,,1,,,1,1,1,1,,,,,,,,,,,,,,1,2,121701401,,
1,12,17,1,15,1,85.07116,"01",1,,,,1,,,,,111,,,,,111,,,,,,,,,,,,,,,,1,,,1,1,1,1,,,,,,1,,,,,,,,1,1,121701501,,
1,12,17,1,16,1,85.07116,"01",1,,,,5,,,,,111,,,,,111,,,,,,,,,,,,,,,,1,,,0,,,,,,,,,,,,,,,,,1,2,121701601,,
1,12,17,1,17,1,85.07116,"01",1,,,,5,,,,,111,,,1,,,,,,,,,,,,,,,,,,1,,,1,1,1,1,,,1,,,1,,,,,,,,2,2,121701701,,
1,12,17,1,18,1,85.07116,"01",1,,,,5,,1,,,,,,,,111,,,1,,,,,,,,,,,,,,,,1,1,,,,,1,,,1,,,1,,,,,2,2,121701801,,
1,12,18,2,1,1,947.7518,"01",1,,1,0,5,,,,1,,,,,,111,,,,,1,,,,,,,,,,,,,,1,1,1,1,,,,,,,,,,,,,2,3,2,121800101,,
1,12,18,2,2,1,947.7518,"01",1,,0,0,5,,,,,111,,,1,,,,,,,,1,,,,,,,,,,,,,1,1,1,1,,,1,,,,,,,,,,1,1,1,121800201,,
1,12,18,2,3,1,143.598757575758,"02",9,,1,0,4,,1,,,,,,1,,,,,1,,,,,,,,,,,,,,,,1,1,1,1,,,,,,1,,,,,,,2,2,1,121800301,,
1,12,18,2,4,1,143.598757575758,"01",5,,0,0,1,,1,,,,,,1,,,,,,,,1,,,,,,,,,,,,,1,1,1,1,,,,,,1,,,,,,,2,3,1,121800401,,
1,12,18,2,5,1,143.598757575758,"01",11,,0,1,1,,,,,111,,,1,,,,,,,,1,,,,,,,,,,,,,0,,,,,,,,,,,,,,,,2,2,1,121800501,,
1,12,18,2,6,1,947.7518,"01",1,,0,1,5,,,,,111,,,,,111,,,1,,,,,,,,,,,1,,,,,1,1,1,1,,,,,,,,,,,,,2,2,1,121800601,,
1,12,18,2,7,1,143.598757575758,"01",11,,0,0,5,,,,,111,,,,,111,,,,,,,,,,,,,,,,1,,,0,,,,,,,,,,,,,,,,2,1,1,121800701,,
1,12,18,2,8,1,947.7518,"01",1,,0,0,1,,1,,,,,,,,111,,,1,,,,,,,,,,,,,,,,1,1,1,,1,,,,,,,,,,,,2,3,1,121800801,,
1,12,18,2,9,1,143.598757575758,"01",8,,0,0,1,,,,,,555,6,,,111,,,,,,,,,,,,,,1,,,,,1,1,1,1,,,,,,,,,1,,,,1,2,1,121800901,,
1,12,18,2,10,1,947.7518,"01",1,,0,0,5,,1,,,,,,1,,,,,,,,,,,,,,,,,,,,,1,1,1,1,,,,,,,,,,,,,2,3,2,121801001,,
1,12,18,2,11,1,947.7518,"01",1,,0,0,5,,,,,111,,,,,111,,,,,1,,,,,,,,,,,,,,1,1,1,1,,,,,,,,,,,,,2,3,1,121801101,,
1,12,18,2,12,1,947.7518,"02",1,,0,0,5,,,,,111,,,1,,,,,,,,1,,,,,,,,,,,,,1,1,1,1,,,1,,,,,,,,,,2,3,1,121801201,,
1,12,18,2,13,1,143.598757575758,"01",9,,1,0,5,,,,,111,,,,,111,,,,,,,,,,,,,,1,,,,,1,1,1,1,,,,,,,,,,,,,2,3,1,121801301,,
1,12,18,2,14,1,947.7518,"01",1,,2,0,5,,,,1,,,,,,111,,,,,1,,,,,,,,,,,,,,0,,,,,,,,,,,,,,,,2,2,2,121801401,,
1,12,18,2,15,1,143.598757575758,"01",7,,1,1,1,,,,1,,,,1,,,,,,,,1,,,,,,,,,,,,,1,1,1,1,,,,,,,,,,,,,2,3,1,121801501,,
1,12,18,2,16,1,947.7518,"02",1,,0,0,5,,1,,,,,,,1,,,,,,,1,,,,,,,,,,,,,1,1,1,1,,,,,,,,,,,,,1,1,1,121801601,,
1,12,18,2,17,1,143.598757575758,"01",11,,0,0,1,,,,,111,,,,,111,,,,,,,,,,,,,,1,,,,,0,,,,,,,,,,,,,,,,2,2,1,121801701,,
1,12,18,2,18,1,947.7518,"01",1,,0,0,1,,,,,111,,,,1,,,,,,,,,,,,,,,,,1,,,1,1,1,1,,,,,,,,,,,,,2,2,2,121801801,,
1,12,19,1,1,1,683.8179,"01",1,,,,5,,1,,,,,,1,,,,,,,,1,,,,,,,,,,,,,1,1,1,1,,,,,,,,,,,,,,3,1,121900101,,
1,12,19,1,2,1,44.8755496875,"01",11,,,,1,,,,,111,,,,,111,,,,,,,,,,,,,,,,1,,,1,1,1,1,,,,,,,,,,,,,,1,1,121900201,,
1,12,19,1,3,1,44.8755496875,"02",11,,,,1,,,,,111,,,,1,,,,,,,1,,,,,,,,,,,,,1,1,1,,,,,,,,,,,,,,,1,1,121900301,,
1,12,19,1,4,1,44.8755496875,"02",9,,,,5,,1,,,,,,,,111,,,1,,,,,,,,1,,,,,,,,1,1,,,,,,,,,,,,,,,,3,1,121900401,,
1,12,19,1,5,1,683.8179,"02",1,,,,5,,1,,,,,,,,111,,,,,,,,,,,,,,,,1,,,1,1,1,1,,,1,,,,,,,,,,,3,2,121900501,,
1,12,19,1,6,1,683.8179,"02",1,,,,5,,,,,111,,,1,,,,,,,,1,,,,,,,,,,,,,1,0,,,,,,,,,,,,,,,,3,2,121900601,,
1,12,19,1,8,1,44.8755496875,"01",11,,,,1,,,,1,,,,1,,,,,,,,1,,,,,,,,,,,,,1,1,1,1,,,,,,,,,,,,,,1,1,121900801,,
1,12,19,1,9,1,683.8179,"01",1,,,,5,,1,,,,,,,,111,,,1,,,,,,,,,,,,,,,,1,1,1,1,,,1,,,,,,,,,,,3,1,121900901,,
1,12,19,1,10,1,683.8179,"01",1,,,,5,,,,,111,,,,,111,,,,,,,,,,,,,,,,1,,,1,0,,,,,,,,,,,,,,,,2,1,121901001,,
1,12,19,1,11,1,683.8179,"02",1,,,,5,,1,,,,,,,,111,,,1,,,,,,,,,,,,,,,,1,1,1,1,,,,,,,,,,,,,,3,2,121901101,,
1,12,19,1,12,1,683.8179,"01",1,,,,5,,1,,,,,,1,,,,,1,,,,,,,,,,,,,,,,1,1,1,1,,,,,,,,,,,,,,2,1,121901201,,
1,12,19,1,13,1,683.8179,"01",1,,,,5,,1,,,,,,1,,,,,1,,,,,,,,,,,,,,,,1,1,1,1,,,1,1,,1,,1,1,,,,,2,2,121901301,,
1,12,19,1,14,1,683.8179,"02",1,,,,5,,,,,111,,,,,111,,,,,,,,,,,,,,,,1,,,1,1,1,1,,,,,,,,,,,,,,1,1,121901401,,
1,12,19,1,15,1,683.8179,"01",1,,,,5,,,,,111,,,,,111,,,,,,,,,,1,,,,,,,,,1,1,,,1,,,,,1,,,1,,,,,2,2,121901501,,
1,12,19,1,16,1,683.8179,"02",1,,,,5,,1,,,,,,1,,,,,1,,,,,,,,,,,,,,,,1,1,1,1,,,,1,,1,,,,,,,,3,2,121901601,,
1,12,19,1,17,1,683.8179,"02",1,,,,5,,1,,,,,,1,,,,,1,,,,,,,,,,,,,,,,1,1,,1,,,1,1,,1,,,1,,,,,2,2,121901701,,
1,12,19,1,18,1,683.8179,"01",1,,,,1,,1,,,,,,1,,,,,,,,,,,,,1,,,,,,,,1,1,1,1,,,,,,1,1,,,,,,,1,2,121901801,,
1,12,19,1,19,1,683.8179,"01",1,,,,5,,,,1,,,,1,,,,,,,,1,,,,,,,,,,,,,1,1,1,1,,,,,,,,,,,,,,1,1,121901901,,
1,12,20,2,1,1,446.4181,"01",1,,1,0,1,,,1,,,,,,1,,,,,1,,,,,,,,,,,,,,,0,,,,,,,,,,,,,,,,2,2,1,122000101,,
1,12,20,2,2,1,604.193264109589,"02",9,,0,0,1,,,,1,,,,1,,,,,,,,1,,,,,,,,,,,,,1,1,1,1,,,1,,,,,,,,,,2,2,1,122000201,,
1,12,20,2,3,1,446.4181,"01",1,,1,0,5,,,,1,,,,,,111,,,,,1,,,,,,,,,,,,,,1,1,1,1,,1,,,,1,,,,,,,2,2,1,122000301,,
1,12,20,2,4,1,604.193264109589,"01",11,,2,0,1,,,,1,,,,,,111,,,,,1,,,,,,,,,,,,,,1,1,1,1,,,,,,,,,,,,,2,2,1,122000401,,
1,12,20,2,5,1,446.4181,"01",1,,1,0,5,,,,1,,,,,,111,,,,,1,,,,,,,,,,,,,,1,1,1,1,,,1,1,,1,,,,,,,2,3,1,122000501,,
1,12,20,2,6,1,604.193264109589,"01",11,,0,0,1,,,,1,,,,1,,,,,,,,,,,,,1,,,,,,,,1,1,1,1,,,,,,,,,1,,,,2,1,1,122000601,,
1,12,20,2,7,1,446.4181,"01",1,,0,0,1,,,,,111,,,1,,,,,,,,1,,,,,,,,,,,,,1,1,1,1,,,,,,,,,,,,,2,3,1,122000701,,
1,12,20,2,8,1,446.4181,"02",1,,0,0,1,,,,,111,,,1,,,,,,,,1,,,,,,,,,,,,,1,1,1,1,,,,,,,,,,,,,2,2,1,122000801,,
1,12,20,2,9,1,446.4181,"01",1,,1,0,1,,,,1,,,,,,111,,,,,1,,,,,,,,,,,,,,1,1,,,,,,,,,,,,,,,2,2,2,122000901,,
1,12,20,2,10,1,446.4181,"01",1,,0,1,5,,,,,111,,,,,111,,,,,,,,,,,,,,,,1,,,0,,,,,,,,,,,,,,,,2,3,2,122001001,,
1,12,20,2,11,1,446.4181,"02",1,,0,0,1,,,,,111,,,,,111,,,,,,,,,,,,,,,,1,,,0,,,,,,,,,,,,,,,,2,2,1,122001101,,
1,12,20,2,12,1,446.4181,"01",1,,0,0,5,,,,,111,,,,1,,,,,,,1,,,,,,,,,,,,,1,1,1,1,,,1,,,,,,,,,,2,3,1,122001201,,
1,12,20,2,13,1,446.4181,"02",1,,0,0,5,,,,,111,,,,1,,,,,,,1,,,,,,,,,,,,,1,1,1,1,,,1,,,,,,,,,,2,3,1,122001301,,
1,12,20,2,14,1,604.193264109589,"01",9,,0,0,1,,,,,111,,,,1,,,,,,,1,,,,,,,,,,,,,0,,,,,,,,,,,,,,,,1,1,1,122001401,,
1,12,20,2,15,1,446.4181,"01",1,,0,0,5,,,,1,,,,,,111,,,,,1,,,,,,,,,,,,,,1,1,1,1,,,,,,1,,,,,,,2,2,2,122001501,,
1,12,20,2,16,1,446.4181,"01",1,,0,0,5,,,,,111,,,,1,,,,,,,1,,,,,,,,,,,,,1,1,1,1,,,,,,,,,,,,,2,3,1,122001601,,
1,12,20,2,17,1,446.4181,"01",1,,0,0,1,,1,,,,,,,1,,,,,,,1,,,,,,,,,,,,,1,1,1,1,,,,,,,,,,,,,1,2,1,122001701,,
1,12,20,2,18,1,604.193264109589,"02",11,,0,0,1,,,,,111,,,1,,,,,,,,1,,,,,,,,,,,,,1,1,1,1,,,,,,,,,,,,,2,3,1,122001801,,
1,12,21,1,1,1,560.5378,"01",1,,,,4,,,,,111,,,,,111,,,,,,,,,,,,,,,,1,,,0,,,,,,,,,,,,,,,,,1,1,122100101,,
1,12,21,1,2,1,560.5378,"03",1,,,,4,,1,,,,,,,,111,,,1,,,,,,,,,,,,,,,,1,1,1,1,,,1,1,,,,,,,,,,3,2,122100201,,
1,12,21,1,4,1,560.5378,"01",1,,,,5,,,,,111,,,1,,,,,,,,,,,,,,,,,,1,,,1,1,1,1,,,,,,,,,,,,,,2,1,122100401,,
1,12,21,1,5,1,323.609451546392,"01",7,,,,5,,,,,111,,,,,111,,,,,,,,,,,,,,,,1,,,0,,,,,,,,,,,,,,,,,1,1,122100501,,
1,12,21,1,6,1,323.609451546392,"02",11,,,,5,,,,,111,,,,,111,,,,,,,,,,,,,,,,1,,,1,1,1,1,,,,,,1,,,,,,,,2,2,122100601,,
1,12,21,1,7,1,560.5378,"01",1,,,,4,,1,,,,,,,,111,,,1,,,,,,,,,,,,,,,,1,1,1,1,,,1,1,,,,1,1,,,,,3,1,122100701,,
1,12,21,1,8,1,560.5378,"01",1,,,,4,,1,,,,,,,,111,,,1,,,,,,,,,,,,,,,,1,1,1,1,,,,,,,,,,,,,,3,1,122100801,,
1,12,21,1,9,1,560.5378,"01",1,,,,5,,1,,,,,,,,111,,,1,,,,,,,,,,,,,,,,1,1,1,,,,,,,,,,,,,,,3,4,122100901,,
1,12,21,1,10,1,560.5378,"02",1,,,,5,,1,,,,,,,,111,,,1,,,,,,,,,,,,,,,,1,1,1,1,,,1,1,,,,,,,,,,3,2,122101001,,
1,12,21,1,11,1,560.5378,"02",1,,,,4,,1,,,,,,,,111,,,1,,,,,,,,,,,,,,,,1,1,1,1,,,1,1,,,,,,,,,,4,2,122101101,,
1,12,21,1,12,1,560.5378,"01",1,,,,5,,,,1,,,,,,111,,,,,,,,,,,,,,,,1,,,1,1,1,1,,,,,,,,,,,,,,2,4,122101201,,
1,12,21,1,13,1,560.5378,"01",1,,,,4,,1,,,,,,,,111,,,,,,1,,,,,,,,,,,,,1,1,,,,,1,1,,1,,,,,,,,2,1,122101301,,
1,12,21,1,14,1,560.5378,"01",1,,,,5,,1,,,,,,,,111,,,1,,,,,,,,,,,,,,,,1,1,1,1,,,1,,,,,,,,,,,3,2,122101401,,
1,12,21,1,15,1,560.5378,"02",1,,,,5,,1,,,,,,,,111,,,1,,,,,,,,,,,,,,,,1,1,1,1,,,,,,,,,,,,,,3,1,122101501,,
1,12,21,1,16,1,560.5378,"02",1,,,,4,,1,,,,,,,,111,,,1,,,,,,,,,,,,,,,,1,1,1,1,,,1,1,,,,,,,,,,3,1,122101601,,
1,12,21,1,17,1,560.5378,"01",1,,,,5,,1,,,,,,,,111,,,,,,,,,,,,,,,,1,,,1,1,1,1,,,,,,1,,,,,,,,3,2,122101701,,
1,12,21,1,18,1,560.5378,"01",1,,,,4,,1,,,,,,,,111,,,1,,,,,,,,,,,,,,,,1,1,1,1,,,1,1,1,,,,,,,,,2,2,122101801,,
1,12,21,1,20,1,560.5378,"01",1,,,,5,,,,,111,,,1,,,,,,,,,,,,,,,,1,,,,,1,1,1,1,,,,,,,,,,,,,,2,2,122102001,,
1,12,22,1,1,1,16.4555545454545,"01",7,,,,5,,,,,111,,,,,111,,,,,,,,,,,,,,,,1,,,1,1,,1,,,,,,,,,1,,,,,3,1,122200101,,
1,12,22,1,2,1,16.4555545454545,"01",7,,,,1,,,,,,555,5,,1,,,,,,,1,,,,,,,,,,,,,1,1,1,,,,,,,,,,1,,,,,1,4,122200201,,
1,12,22,1,3,1,16.4555545454545,"01",9,,,,5,,1,,,,,,,,111,,,1,,,,,,,,,,,,,,,,1,1,1,,,,,,,,,,,,,,,3,4,122200301,,
1,12,22,1,4,1,16.4555545454545,"02",13,8,,,1,,,,,111,,,,,111,,,,,,,,,,,,,,,,1,,,1,1,1,,,,,,,,,,,,,,,1,1,122200401,,
1,12,22,1,5,1,16.4555545454545,"01",11,,,,5,,,,,111,,,1,,,,,,,,,,,,,,,,,,1,,,1,1,1,,,,,,,,,,,,,,,2,1,122200501,,
1,12,22,1,6,1,362.0222,"01",1,,,,5,,1,,,,,,1,,,,,,,,1,,,,,,,,,,,,,1,1,,,,,1,1,,1,,,1,,,,,3,2,122200601,,
1,12,22,1,7,1,362.0222,"01",1,,,,4,,,,1,,,,,,111,,,,,1,,,,,,,,,,,,,,1,1,1,1,,,1,,,,,,1,,,,,2,1,122200701,,
1,12,22,1,8,1,362.0222,"02",1,,,,5,,1,,,,,,1,1,,,,1,,,,,,,,,,,,,,,,1,1,1,,,,,,,,,,,,,,,2,2,122200801,,
1,12,22,1,9,1,362.0222,"01",1,,,,4,,,,,111,,,,,111,,,,,,,,,,,,,,1,,,,,1,1,1,1,,1,,,,,,,,,,,,2,1,122200901,,
1,12,22,1,10,1,362.0222,"01",1,,,,5,,,,,111,,,,,111,,,,,,,,,,,,,,,,1,,,1,1,,,,,1,1,,1,,,1,,,,,3,1,122201001,,
1,12,22,1,11,1,362.0222,"01",1,,,,5,,1,,,,,,1,,,,,1,,,,,,,,,,,,,,,,1,1,1,1,,,,,,,,,,,,,,2,2,122201101,,
1,12,22,1,12,1,362.0222,"01",1,,,,4,,1,,,,,,,,111,,,1,,,,,,,,,,,,,,,,1,1,1,,,,,,,,,,,,,,,2,1,122201201,,
1,12,22,1,13,1,16.4555545454545,"02",9,,,,5,,,,1,,,,1,,,,,,,,,,,,,,,,1,,,,,1,1,1,1,,,,,,,,,,,,,,2,1,122201301,,
1,12,22,1,14,1,362.0222,"01",1,,,,5,,1,,,,,,,,111,,,1,,,,,,,,,,,,,,,,1,0,,,,,,,,,,,,,,,,2,1,122201401,,
1,12,22,1,15,1,362.0222,"02",1,,,,4,,1,,,,,,1,,,,,1,,,,,,,,,,,,,,,,1,1,1,1,,,1,,,,,,,,,,,2,1,122201501,,
1,12,22,1,16,1,362.0222,"01",1,,,,5,,1,,,,,,,,111,,,1,,,,,,,,,,,,,,,,1,1,1,1,,,1,,,,,,1,,,,,3,1,122201601,,
1,12,22,1,17,1,362.0222,"02",1,,,,4,,1,,,,,,1,,,,,,,,,,,,,1,,,,,,,,1,1,,,,,1,,,1,,,1,,,,,2,1,122201701,,
1,12,22,1,18,1,362.0222,"01",1,,,,4,,1,,,,,,,,111,,,1,,,,,,,,,,,,,,,,1,1,1,1,1,,1,,1,1,,,,,,,,888,2,122201801,,
1,12,23,1,1,1,451.1577,"02",1,,,,5,,1,1,,,,,1,,,,,,,,1,,,,,,,,,,,,,1,1,1,1,,,,,,,,,1,,,,,2,2,122300101,,
1,12,23,1,2,1,451.1577,"02",1,,,,4,,,,,111,,,,1,,,,,,,1,,,,,,,,,,,,,1,1,1,1,,,1,1,,1,,,,,,,,3,1,122300201,,
1,12,23,1,3,1,30.07718,"02",7,,,,1,,1,,,,,,1,,,,,,,,,,,,,,,,,,1,,,1,1,,1,,,,,,1,,,,,,,,3,1,122300301,,
1,12,23,1,4,1,30.07718,"01",7,,,,5,,1,,,,,,,,111,,,,,,,,,,,1,,,,,,,,1,1,1,,,,,,,,,,,,,,,2,4,122300401,,
1,12,23,1,5,1,30.07718,"01",7,,,,1,,,,1,,,,,1,,,,,,1,,,,,,,,,,,,,,1,1,1,1,,,,,,,,,,1,,,,3,2,122300501,,
1,12,23,1,6,1,451.1577,"01",1,,,,4,,1,,,,,,,,111,,,1,,,,,,,,,,,,,,,,1,1,1,1,,,1,,,,,,1,,,,,3,1,122300601,,
1,12,23,1,7,1,451.1577,"01",1,,,,5,,1,,,,,,,,111,,,,,,,,,,,,,,,,1,,,1,1,1,,,,,,,,,,,,,,,3,2,122300701,,
1,12,23,1,8,1,451.1577,"01",1,,,,4,,1,,,,,,,,111,,,1,,,,,,,,,,,,,,,,1,1,1,,,,,,,,,,,,,,,3,1,122300801,,
1,12,23,1,9,1,451.1577,"01",1,,,,5,,1,,,,,,,,111,,,1,,,,,,,,,,,,,,,,1,1,1,1,,,,1,,,,,,,,,,3,1,122300901,,
1,12,23,1,10,1,451.1577,"02",1,,,,5,,1,1,,,,,1,,,,,,,,1,,,,,,,,,,,,,1,1,1,1,,,1,,,,,,1,,,,,2,2,122301001,,
1,12,23,1,11,1,451.1577,"01",1,,,,5,,,,1,,,,1,,,,,,,1,,,,,,,,,,,,,,1,1,1,1,,1,,1,,,,1,1,,,,,2,1,122301101,,
1,12,23,1,12,1,30.07718,"01",7,,,,7,1,,,,,555,5,,1,,,,,,,1,,,,,,,,,,,,,1,1,1,1,,,,,,,,,,,,,,2,4,122301201,,
1,12,23,1,13,1,30.07718,"01",11,,,,5,,,,1,,,,,1,,,,,,1,,,,,,,,,,,,,,1,1,1,1,,,,,,,,,1,,,,,2,2,122301301,,
1,12,23,1,14,1,30.07718,"02",7,,,,1,,,,,111,,,,,111,,,,,,,,,,,,,,,,1,,,1,1,1,1,,,,,,1,,,,,,,,1,2,122301401,,
1,12,23,1,15,1,451.1577,"01",1,,,,5,,,,,111,,,,,111,,,,,,,,,,,,,,,,1,,,1,1,1,,,,,,,,,,,,,,,2,1,122301501,,
1,12,23,1,16,1,451.1577,"01",1,,,,5,,1,,,,,,,,111,,,,,,,,,,,,,,,,1,,,1,1,1,,,,,,,,,,,,,,,3,2,122301601,,
1,12,23,1,17,1,451.1577,"01",1,,,,5,,1,,,,,,,,111,,,,,,,,,,,,,,,,1,,,1,1,1,,,,,,,,,,,,,,,888,2,122301701,,
1,12,23,1,18,1,30.07718,"01",11,,,,5,,,,,111,,,,,111,,,,,,,,,,,,,,,,1,,,1,1,1,,,,,,,,,,,,,,,2,2,122301801,,
1,12,24,1,1,1,410.6768,"01",1,,,,4,,1,,,,,,,,111,,,1,,,,,,,,,,,,,,,,1,1,1,1,,,1,1,1,,,,,,,,,3,1,122400101,,
1,12,24,1,2,1,410.6768,"01",1,,,,4,,1,,,,,,,,111,,,1,,,,,,,,,,,,,,,,1,1,1,,,,,,,,,,,,,,,3,1,122400201,,
1,12,24,1,3,1,410.6768,"01",1,,,,5,,1,,,,,,1,,,,,,,1,,,,,,,,,,,,,,1,1,,,,,,,,1,,,,,,,,2,2,122400301,,
1,12,24,1,4,1,410.6768,"01",1,,,,4,,1,,,,,,,,111,,,1,,,,,,,,,,,,,,,,1,1,1,,,,,,,,,,,,,,,3,1,122400401,,
1,12,24,1,5,1,410.6768,"03",1,,,,4,,1,,,,,,,1,,,,1,,,,,,,,,,,,,,,,1,1,1,1,,,1,,,,,,1,,,,,3,1,122400501,,
1,12,24,1,6,1,410.6768,"01",1,,,,4,,1,,,,,,,,111,,,1,,,,,,,,,,,,,,,,1,1,1,,,,,,,1,,,,,,,,4,1,122400601,,
1,12,24,1,7,1,410.6768,"02",1,,,,4,,1,,,,,,,,111,,,1,,,,,,,,,,,,,,,,1,1,1,1,,,1,,1,1,,,,,,,,3,2,122400701,,
1,12,24,1,8,1,410.6768,"01",1,,,,4,,1,,,,,,,,111,,,1,,,,,,,,,,,,,,,,1,1,1,1,1,,1,1,1,1,,,,,,,,3,1,122400801,,
1,12,24,1,9,1,410.6768,"01",1,,,,4,,1,,,,,,,,111,,,1,,,,,,,,,,,,,,,,1,1,1,,,,,,,,,,,,,,,3,2,122400901,,
1,12,24,1,10,1,410.6768,"01",1,,,,4,,1,,,,,,,,111,,,1,,,,,,,,,,,,,,,,1,1,1,,,,,,,,,,,,,,,3,1,122401001,,
1,12,24,1,11,1,410.6768,"02",1,,,,5,,1,,,,,,1,,,,,1,,,,,,,,,,,,,,,,1,1,1,1,,,1,,,1,,,1,,,,,3,1,122401101,,
1,12,24,1,12,1,410.6768,"04",1,,,,4,,1,,,,,,,,111,,,1,,,,,,,,,,,,,,,,1,1,1,1,,1,,,1,1,,,1,,,,,888,2,122401201,,
1,12,24,1,13,1,410.6768,"01",1,,,,4,,1,,,,,,,1,,,,1,,,,,,,,,,,,,,,,1,1,1,1,,,1,1,,,,,1,,,,,3,1,122401301,,
1,12,24,1,14,1,410.6768,"02",1,,,,4,,1,,,,,,1,,,,,1,,,,,,,1,,,,,,,,,1,1,,1,,,1,1,,,,,,,,,,3,2,122401401,,
1,12,24,1,15,1,410.6768,"02",1,,,,4,,1,,,,,,,,111,,,1,,,,,,,,,,,,,,,,1,1,1,1,,,,,,1,,,,,,,,3,2,122401501,,
1,12,24,1,16,1,410.6768,"01",1,,,,4,,,,,111,,,,,111,,,,,,,,,,,,,,,,1,,,1,1,1,,,,,,,,,,,,,,,2,1,122401601,,
1,12,24,1,18,1,410.6768,"01",1,,,,4,,1,,1,,,,,,111,,,1,,,,,,,,,,,,,,,,1,1,1,1,,,1,1,1,,,,1,1,,,,3,1,122401801,,
1,12,24,1,19,1,410.6768,"01",1,,,,4,,1,,,,,,1,,,,,1,,,,,,,,,,,,,,,,1,1,1,,,,,,,,,,,,,,,3,2,122401901,,
1,12,25,1,1,1,325.5321,"01",1,,,,5,,1,,,,,,,,111,,,1,,,,,,,,,,,,,,,,1,1,1,,,,,,,,,,,,,,,3,2,122500101,,
1,12,25,1,2,1,325.5321,"01",1,,,,5,,1,,,,,,1,,,,,,,1,,,,,,,,,,,,,,1,1,1,,,,,,,,,,,,,,,3,2,122500201,,
1,12,25,1,3,1,325.5321,"01",1,,,,5,,1,,,,,,1,,,,,,,,,,,,,,,,,,,555,7,1,1,1,1,,,1,1,,,,,,,,,,3,2,122500301,,
1,12,25,1,4,1,325.5321,"02",1,,,,5,,,,,111,,,,,111,,,,,,,,,,,,,,,,1,,,1,1,1,1,,,1,,,,,,,,,,,3,2,122500401,,
1,12,25,1,5,1,325.5321,"02",1,,,,4,,1,,,,,,,1,,,,1,,,,,,,,,,,,,,,,1,1,1,1,,,,1,,,,,,,,,,2,1,122500501,,
1,12,25,1,6,1,325.5321,"01",1,,,,5,,1,,,,,,,1,,,,1,,,,,,,,,,,,,,,,1,1,,1,,,,1,,,,,1,,,,,2,2,122500601,,
1,12,25,1,7,1,325.5321,"02",1,,,,5,,1,1,,,,,1,,,,,,,,,,,,,,,,,,1,,,1,1,1,1,,,,,1,1,,,,,,,,3,2,122500701,,
1,12,25,1,8,1,325.5321,"02",1,,,,5,,1,,,,,,,,111,,,1,,,,,,,,,,,,,,,,1,1,1,1,,,1,1,,1,,,1,,,,,3,1,122500801,,
1,12,25,1,9,1,325.5321,"02",1,,,,5,,,,1,,,,,1,,,,,,1,,,,,,,,,,,,,,1,1,1,1,,,1,1,,,,,,,,,,3,2,122500901,,
1,12,25,1,10,1,325.5321,"01",1,,,,5,,,1,,,,,,,111,,,,,,,,,,,1,,,,,,,,0,,,,,,,,,,,,,,,,,1,1,122501001,,
1,12,25,1,11,1,325.5321,"02",1,,,,5,,1,,,,,,,,111,,,1,,,,,,,,,,,,,,,,1,1,1,1,,,1,,,,,,,,,,,2,1,122501101,,
1,12,25,1,12,1,325.5321,"01",1,,,,5,,1,,,,,,,1,,,,,,,1,,,,,,,,,,,,,1,1,1,1,,,1,,,,,,1,,,,,2,2,122501201,,
1,12,25,1,13,1,325.5321,"01",1,,,,5,,,1,,,,,1,,,,,,1,,,,,,,,,,,,,,,1,1,1,1,,,,1,,1,,,,,,,,2,1,122501301,,
1,12,25,1,14,1,325.5321,"02",1,,,,5,,,,1,,,,,,111,,,1,,,,,,,,1,,,,,,,,1,1,1,1,,,1,1,,1,,,,,,,,2,1,122501401,,
1,12,25,1,15,1,325.5321,"01",1,,,,5,,1,,,,,,,,,555,4,1,,,,,,,,,,,,,,,,1,1,1,1,,,1,1,,,,,,,,,,3,1,122501501,,
1,12,25,1,16,1,325.5321,"01",1,,,,5,,1,,,,,,1,,,,,,,1,,,,,,,,,,,,,,1,1,1,1,,,1,1,,,,,,,,,,888,2,122501601,,
1,12,25,1,17,1,325.5321,"01",1,,,,5,,,,,111,,,,,111,,,,,,,,,,,,,,1,,,,,1,1,1,1,,,1,1,,,,,,,,,,2,2,122501701,,
1,12,25,1,18,1,325.5321,"01",1,,,,5,,,,1,,,,,,111,,,,,,,,,,,1,,,,,,,,1,1,,,,,1,1,,,,,,,,,,2,1,122501801,,
1,12,26,1,1,1,21.1679242236025,"01",11,,,,5,,1,,,,,,,,111,,,1,,,,,,,,,,,,,,,,1,1,1,1,,,1,1,,,,,,,,,,2,1,122600101,,
1,12,26,1,2,1,1310.783,"02",1,,,,5,,1,,,,,,,,111,,,1,,,,,,,,,,,,,,,,1,1,1,1,,,,,,1,,,,,,,,3,2,122600201,,
1,12,26,1,3,1,21.1679242236025,"01",11,,,,5,,,,,111,,,,,111,,,,,,,,,,,,,,,,1,,,1,0,,,,,,,,,,,,,,,,3,1,122600301,,
1,12,26,1,4,1,21.1679242236025,"01",11,,,,1,,,,,111,,,,,111,,,,,,,,,,,,,,,,1,,,1,1,1,1,,,,1,,,,,,,,,,2,2,122600401,,
1,12,26,1,5,1,1310.783,"01",1,,,,5,,1,,,,,,,,111,,,1,,,,,,,,,,,,,,,,1,1,1,1,,,1,1,,,,,,,,,,2,1,122600501,,
1,12,26,1,6,1,21.1679242236025,"01",7,,,,1,,,,,111,,,,,111,,,,,,,,,,,,,,,,1,,,0,,,,,,,,,,,,,,,,,888,1,122600601,,
1,12,26,1,7,1,1310.783,"02",1,,,,4,,1,,,,,,1,,,,,1,,,,,,,,,,,,,,,,1,1,1,,,,,,,,,,,,,,,3,2,122600701,,
1,12,26,1,8,1,1310.783,"02",1,,,,1,,,,,111,,,,,111,,,,,,,,,,,,,,,,1,,,1,1,1,,,,,,,,,,,,,,,2,1,122600801,,
1,12,26,1,9,1,1310.783,"02",1,,,,5,,,1,,,,,,,111,,,,1,,,,,,,,,,,,,,,1,1,,,,,1,,,,,,,,,,,2,1,122600901,,
1,12,26,1,10,1,1310.783,"01",1,,,,5,,,,,111,,,,,111,,,,,,,,,,,,,,,,1,,,1,1,1,1,,,1,,,1,,,,,,,,2,1,122601001,,
1,12,26,1,11,1,1310.783,"02",1,,,,4,,1,,,,,,1,,,,,1,,,,,,,,1,,,,,,,,1,1,1,,,,,,,,,,,,,,,2,1,122601101,,
1,12,26,1,12,1,1310.783,"01",1,,,,5,,1,,,,,,1,,,,,,,,,,,,,,,,,,,555,2,1,1,1,,,,,,,,,,,,,,,1,2,122601201,,
1,12,26,1,13,1,1310.783,"01",1,,,,5,,1,,,,,,,,111,,,1,,,,,,,,,,,,,,,,1,1,1,1,,,,,,,,,,,,,,3,1,122601301,,
1,12,26,1,14,1,1310.783,"02",1,,,,5,,1,,,,,,,,111,,,,,,,,,,,1,,,,,,,,1,1,1,1,,,1,1,,,,,,,,,,3,1,122601401,,
1,12,26,1,15,1,1310.783,"01",1,,,,4,,1,,,,,,1,,,,,1,,,,,,,,,,,,,,,,1,1,1,1,,,1,1,,,,,,,,,,3,1,122601501,,
1,12,26,1,16,1,21.1679242236025,"01",7,,,,5,,1,,,,,,,,111,,,1,,,,,,,,,,,1,,,,,1,1,1,1,,,1,1,,,,,,,,,,3,1,122601601,,
1,12,26,1,17,1,1310.783,"01",1,,,,5,,1,,,,,,,,,555,3,,,,,,,,,,,,,,1,,,1,1,1,1,,,1,1,,,,,,,,,,2,2,122601701,,
1,12,26,1,18,1,1310.783,"02",1,,,,5,,1,,,,,,,,111,,,1,,,,,,,,,,,,,,,,1,1,1,1,,,1,,,,,,,,,,,3,2,122601801,,
1,12,27,1,1,1,44.69515,"02",1,,,,5,,,,1,,,,,,111,,,,,,,,,,,1,,,,,,,,1,1,1,,,,1,1,,,,,,,,,,2,1,122700101,,
1,12,27,1,2,1,44.69515,"02",1,,,,4,,,,1,,,,,,111,,,,,,,,,,,1,,,,,,,,1,1,,1,,,1,1,,,,,,,,,,3,1,122700201,,
1,12,27,1,3,1,4.94499531914893,"01",12,,,,7,2,,,,111,,,,,111,,,,,,,,,,,,,,,,1,,,1,0,,,,,,,,,,,,,,,,3,1,122700301,,
1,12,27,1,4,1,44.69515,"01",1,,,,1,,,,,111,,,1,,,,,,,,,,,,,,,,,,1,,,1,1,1,,,,,,,,,,,,,,,1,1,122700401,,
1,12,27,1,5,1,44.69515,"01",1,,,,5,,1,,,,,,1,,,,,1,,,,,,,,,,,,,,,,1,1,1,1,,,1,1,,,,,,,,,,2,1,122700501,,
1,12,27,1,6,1,4.94499531914893,"01",8,,,,4,,,,,,555,5,,,111,,,,,,,,,,,,,,,,,555,3,1,1,1,1,,,,,,,,,,,,,,3,1,122700601,,
1,12,27,1,7,1,44.69515,"01",1,,,,4,,,,1,,,,,,111,,,,,1,,,,,,,,,,,,,,1,1,1,1,,,,1,,,,,,,,,,3,1,122700701,,
1,12,27,1,8,1,4.94499531914893,"02",7,,,,1,,,,,111,,,,1,,,,,,,1,,,,,,,,,,,,,1,1,1,1,,,,,,,,,,,,,,3,2,122700801,,
1,12,27,1,9,1,44.69515,"01",1,,,,4,,,,1,,,,,,111,,,,,,,,,,,1,,,,,,,,1,1,1,,,,1,1,,1,,,,,,,,3,1,122700901,,
1,12,27,1,10,1,4.94499531914893,"01",11,,,,5,,,,,,555,2,,1,,,,,,,1,,,,,,,,,,,,,1,1,1,1,,,,,,,,,1,,,,,2,2,122701001,,
1,12,27,1,11,1,4.94499531914893,"01",11,,,,5,,,,,111,,,,,,555,4,,,,,,,,,,,,,1,,,,1,1,1,1,,,,,,,,,,,,,,3,2,122701101,,
1,12,27,1,12,1,44.69515,"02",1,,,,5,,,,1,,,,1,,,,,,,,,,,,,1,,,,,,,,1,1,1,,,,,,,,,,,,,,,2,1,122701201,,
1,12,27,1,13,1,44.69515,"01",1,,,,4,,1,,,,,,1,,,,,1,,,,,,,,,,,,,,,,1,1,1,,,,,,,,,,,,,,,2,1,122701301,,
1,12,27,1,14,1,44.69515,"01",1,,,,4,,1,,,,,,1,,,,,1,,,,,,,,,,,,,,,,1,1,1,1,,,1,1,,,,,,,,,,2,1,122701401,,
1,12,27,1,15,1,44.69515,"01",1,,,,5,,1,,,,,,,,111,,,1,,,,,,,,,,,,,,,,1,1,1,1,,,,,1,,,,,,,,,3,1,122701501,,
1,12,27,1,16,1,44.69515,"01",1,,,,5,,,,,111,,,,,111,,,,,,,,,,,,,,,,1,,,0,,,,,,,,,,,,,,,,,2,1,122701601,,
1,12,27,1,17,1,44.69515,"01",1,,,,4,,,,,,555,3,,,111,,,,,,,,,,,,,,,,,555,1,1,1,1,1,,,1,1,,,,,,,,,,3,1,122701701,,
1,12,27,1,18,1,44.69515,"02",1,,,,5,,1,,,,,,1,,,,,,,,,,,,,,,,,,1,,,1,1,1,1,,,,,,1,,,,,,,,2,1,122701801,,
1,12,28,1,1,1,724.7505,"02",1,,,,4,,1,,,,,,,,111,,,1,,,,,,,,,,,,,,,,1,1,1,1,,,1,,,1,,,1,,,,,3,1,122800101,,
1,12,28,1,2,1,98.471535326087,"02",7,,,,1,,,,,111,,,1,,,,,,,,1,,,,,,,,1,,,,,1,1,1,1,,,,,,1,,,,,,,,888,1,122800201,,
1,12,28,1,3,1,98.471535326087,"01",7,,,,1,,,,,111,,,,,111,,,,,,,,,,,,,,,,1,,,1,1,1,1,,,,,,,,,,,,,,3,1,122800301,,
1,12,28,1,4,1,98.471535326087,"01",7,,,,1,,,,,111,,,,,111,,,,,,,,,,,,,,1,,,,,1,1,1,1,,,,,,1,,,,,,,,1,1,122800401,,
1,12,28,1,5,1,98.471535326087,"02",11,,,,5,,1,,,,,,,,111,,,1,,,,,,,,,,,,,,,,1,1,1,1,,,,,,,,,,,,,,3,1,122800501,,
1,12,28,1,6,1,724.7505,"01",1,,,,5,,1,,,,,,,,111,,,,,,,,,,,,,,,,1,,,1,1,1,1,,,1,,,,,,1,,,,,3,2,122800601,,
1,12,28,1,7,1,724.7505,"01",1,,,,5,,,,,111,,,,,111,,,,,,,,,,,,,,,,1,,,1,1,1,1,,,,,,1,,,1,,,,,2,1,122800701,,
1,12,28,1,8,1,98.471535326087,"01",7,,,,4,,,,,111,,,1,,,,,,,,,,,,,,,,,1,,,,1,1,1,1,,,,,,,,,,,,,,2,1,122800801,,
1,12,28,1,9,1,98.471535326087,"02",11,,,,5,,,,1,,,,,1,,,,,,,,,,,,,,,,,1,,,1,0,,,,,,,,,,,,,,,,3,1,122800901,,
1,12,28,1,10,1,98.471535326087,"01",11,,,,6,,,,1,,,,,,111,,,,,,,,,,,,,,,,1,,,1,1,1,1,,,,,,,,,1,,,,,3,4,122801001,,
1,12,28,1,11,1,98.471535326087,"01",7,,,,5,,,,1,,,,1,1,,,,,,,1,,,,,,,1,1,,,,,1,1,1,1,,,,,,,,,,,,,,3,1,122801101,,
1,12,28,1,12,1,724.7505,"01",1,,,,4,,1,,,,,,,,111,,,,,,,,,,,,,,,,1,,,1,1,1,1,1,,,,,,,,,,,,,2,2,122801201,,
1,12,28,1,13,1,724.7505,"01",1,,,,5,,,,,111,,,,,111,,,,,,,,,,,,,1,,,,,,1,1,1,1,,,1,,,,,,,,,,,2,1,122801301,,
1,12,28,1,14,1,724.7505,"02",1,,,,5,,,,,111,,,,,111,,,,,,,,,,,,,,,,1,,,1,1,1,,,,1,,,1,,,,,,,,3,2,122801401,,
1,12,28,1,15,1,724.7505,"01",1,,,,4,,,,,111,,,,,111,,,,,,,,,,,,,,,,1,,,1,1,1,1,,,,,,,,,,,,,,3,2,122801501,,
1,12,28,1,16,1,724.7505,"01",1,,,,5,,,,,111,,,1,,,,,,,,,,,,,,,,1,,,,,1,1,,1,,,1,1,,,,,1,,,,,3,1,122801601,,
1,12,28,1,17,1,724.7505,"02",1,,,,4,,,,1,,,,,,111,,,,,,,,,,,1,,,,,,,,1,1,1,1,,,1,1,,1,,,,,,,,2,1,122801701,,
1,12,28,1,18,1,724.7505,"01",1,,,,1,,1,,,,,,,,111,,,1,,,,,,,,,,,,,,,,1,1,1,1,,,1,,,,,,,,,,,3,1,122801801,,
1,12,29,1,1,1,467.7392,"01",1,,,,4,,1,,,,,,1,,,,,1,,,,,,,,,,,,,,,,1,1,1,,,,,,,,,,,,,,,2,1,122900101,,
1,12,29,1,2,1,467.7392,"01",1,,,,5,,,,1,,,,,,111,,,,,,,,,,,1,,,,,,,,1,1,1,1,,,,,,,,,,,,,,2,1,122900201,,
1,12,29,1,3,1,467.7392,"02",1,,,,5,,,1,,,,,1,,,,,,,,,,,,,,,,,,1,,,1,1,1,1,,,,,,,,,1,,,,,2,1,122900301,,
1,12,29,1,4,1,467.7392,"01",1,,,,4,,,,,111,,,1,,,,,,,,1,,,,,,,,,,,,,0,,,,,,,,,,,,,,,,,3,1,122900401,,
1,12,29,1,5,1,467.7392,"01",1,,,,4,,1,,,,,,,,111,,,1,,,,,,,,,,,,,,,,1,1,1,1,,,1,,,1,,,,,,,,3,1,122900501,,
1,12,29,1,6,1,467.7392,"01",1,,,,5,,1,,,,,,,,111,,,1,,,,,,,,,,,,,,,,1,1,1,,,,,,,,,,1,,,,,2,555,122900601,,
1,12,29,1,7,1,467.7392,"01",1,,,,5,,1,,,,,,,,111,,,1,,,,,,,,,,,,,,,,1,1,1,1,,,,,,1,,,1,,,,,3,1,122900701,,
1,12,29,1,8,1,467.7392,"01",1,,,,5,,,,,111,,,1,,,,,,,,1,,,,,,,,,,,,,1,1,1,,,,1,,,,,,,,,,,2,1,122900801,,
1,12,29,1,9,1,467.7392,"01",1,,,,4,,1,1,,,,,,,111,,,,,,,,,,,,,,,,1,,,1,1,1,,,,1,1,,,,,,,,,,2,1,122900901,,
1,12,29,1,10,1,467.7392,"02",1,,,,5,,1,1,,,,,1,,,,,1,,,,,,,,1,,,,,,,,1,1,1,1,1,,,,,,,,1,,,,,2,1,122901001,,
1,12,29,1,11,1,467.7392,"01",1,,,,5,,,,,111,,,,,111,,,,,,,,,,,,,,,,1,,,1,1,1,1,,,,,,,,,,,,,,3,1,122901101,,
1,12,29,1,12,1,467.7392,"01",1,,,,5,,,,1,,,,1,,,,,,,,,,,,,1,,,,,,,,1,1,1,1,,,,,,,,,,,,,,2,1,122901201,,
1,12,29,1,13,1,467.7392,"01",1,,,,5,,,1,,,,,,,111,,,,,,,,,,,1,,,,,,,,1,1,1,,,,1,1,,,,,,,,,,3,1,122901301,,
1,12,29,1,14,1,467.7392,"01",1,,,,5,,,,,111,,,1,,,,,,,,1,,,,,,,,,,,,,1,1,1,1,,,,,,,,,,,,,,2,1,122901401,,
1,12,29,1,15,1,467.7392,"01",1,,,,5,,,,1,,,,,1,,,,,,,1,,,,,1,,,,,,,,1,1,1,,,,,1,,,,,,,,,,2,1,122901501,,
1,12,29,1,16,1,467.7392,"01",1,,,,5,,,,,111,,,,,111,,,,,,,,,,,,,,,,1,,,0,,,,,,,,,,,,,,,,,2,1,122901601,,
1,12,29,1,17,1,467.7392,"03",1,,,,5,,,,1,,,,,1,,555,3,,,1,1,,,,,,,,,,,,,1,0,,,,,,,,,,,,,,,,1,4,122901701,,
1,12,29,1,18,1,467.7392,"01",1,,,,5,,1,,,,,,,,111,,,,,,,,,,,,,,,,1,,,1,1,1,1,,,1,,,,,,,,,,,2,1,122901801,,
1,12,30,2,1,1,396.838,"01",1,,1,1,5,,1,,,,,,,1,,,,1,,,1,,,,,,,,,,,,,1,1,1,1,,,,,,,,,,,,,2,3,2,123000101,,
1,12,30,2,2,1,396.838,"01",1,,0,0,5,,1,,,,,,,,111,,,1,,,,,,,,,,,,,,,,1,1,1,1,,,,,,,,,,,,,2,3,1,123000201,,
1,12,30,2,3,1,673.532385321101,"01",7,,1,0,1,,,1,,,,,,1,,,,,,,1,,,,,,,,,,,,,0,,,,,,,,,,,,,,,,2,2,1,123000301,,
1,12,30,2,4,1,396.838,"01",1,,0,1,5,,,,,111,,,1,,,,,,,,1,,,,,,,,,,,,,1,1,1,1,,,,,,,,,,,,,2,2,2,123000401,,
1,12,30,2,5,1,396.838,"01",1,,1,0,5,,1,,,,,,1,,,,,1,,,,,,,,,,,,,,,,1,1,1,1,,,,,,,,,,,,,2,2,1,123000501,,
1,12,30,2,6,1,396.838,"02",1,,0,0,1,,,,,111,,,,,111,,,,,,,,,,,,,,,,1,,,1,1,1,1,,,,,,,,,,,,,2,3,1,123000601,,
1,12,30,2,7,1,396.838,"02",1,,0,0,5,,,,,,,,,1,,,,,,,1,,,,,,,,,,,,,1,1,1,1,,,1,,,1,,,,,,,2,3,2,123000701,,
1,12,30,2,8,1,673.532385321101,"02",11,,1,0,1,,,,1,,,,,1,,,,,,1,,,,,,,,,,,,,,1,1,1,1,,,,,,,,,,,,,2,1,1,123000801,,
1,12,30,2,9,1,396.838,"03",1,,1,0,5,,1,,,,,,1,,,,,1,,,,,,,,,,,,,,,,1,1,1,1,1,,1,,,,,,,,,,2,2,1,123000901,,
1,12,30,2,10,1,396.838,"02",1,,1,0,4,,1,,,,,,1,,,,,1,,,,,,,,,,,,,,,,1,1,1,1,,,1,,,,,,,,,,2,2,1,123001001,,
1,12,30,2,11,1,396.838,"02",1,,1,1,5,,,,,111,,,1,,,,,,,,1,,,,,,,,,,,,,1,1,1,1,,,1,,,,,,,,,,2,3,2,123001101,,
1,12,30,2,12,1,396.838,"01",1,,1,1,5,,,1,,,,,,,111,,,,1,,,,,,,,,,,,,,,1,1,1,1,,,1,1,,,,,,,,,1,2,1,123001201,,
1,12,30,2,13,1,673.532385321101,"01",11,,0,0,1,,,,,111,,,,,111,,,,,,,,,,,,,,1,,,,,0,,,,,,,,,,,,,,,,2,2,2,123001301,,
1,12,30,2,14,1,396.838,"03",1,,1,0,5,,,,,111,,,1,,,,,,,,1,,,,,,,,,,,,,1,1,1,1,,,,,,,,,,,,,2,3,1,123001401,,
1,12,30,2,15,1,396.838,"01",1,,1,0,5,,,,,111,,,,1,,,,,,,1,,,,,,,,,,,,,1,1,1,1,,,,,,1,,,,,,,2,2,1,123001501,,
1,12,30,2,16,1,396.838,"02",1,,0,0,5,,,,,111,,,1,,,,,,,,1,,,,,,,,,,,,,1,1,1,1,,,,,,,,,,,,,2,3,1,123001601,,
1,12,30,2,17,1,396.838,"01",1,,1,1,1,,1,,,,,,,,111,,,1,,,,,,,,,,,,,,,,1,1,1,1,,,,,,1,,,,,,,2,2,1,123001701,,
1,12,30,2,18,1,396.838,"01",1,,0,0,5,,,,,111,,,,,111,,,,,,,,,,,,,,,,1,,,1,1,1,1,,,,,,,,,,,,,2,2,2,123001801,,
1,12,31,1,1,1,15.96942875,"02",7,,,,1,,,,1,,,,1,,,,,,,,1,,,,,,,,,,,,,1,1,1,1,,,,,,,,,,,,,,2,1,123100101,,
1,12,31,1,2,1,46.45652,"01",1,,,,5,,,,,111,,,,1,,,,,,,1,,,,,,,,,,,,,1,1,1,1,,,1,,,,,,,,,,,888,2,123100201,,
1,12,31,1,3,1,15.96942875,"01",11,,,,1,,,1,,,,,,,111,,,,,,,,,,,,,,,,1,,,1,1,1,1,,,,,,,,,,,,,,2,4,123100301,,
1,12,31,1,4,1,15.96942875,"01",6,,,,1,,,,,111,,,,,111,,,,,,,,,,,,,,,,1,,,1,1,1,,,,,,,,,,,,,,,1,2,123100401,,
1,12,31,1,5,1,15.96942875,"01",11,,,,1,,1,,,,,,1,,,,,,,,1,,,,,,,,,,,,,1,1,1,1,,,,,,,,,1,,,,,2,1,123100501,,
1,12,31,1,6,1,15.96942875,"02",11,,,,1,,,,,111,,,,,,,,,,,,,,,,,,,,,1,,,1,1,1,1,,,,,,,,,1,,,,,2,1,123100601,,
1,12,31,1,7,1,15.96942875,"02",7,,,,1,,,,1,,,,1,,,,,,,,1,,,,,,,,,1,,,,1,1,1,1,,,,,,,,,1,,,,,2,1,123100701,,
1,12,31,1,8,1,15.96942875,"01",11,,,,1,,,,,111,,,,,111,,,,,,,,,,,,,,,,1,,,0,,,,,,,,,,,,,,,,,2,2,123100801,,
1,12,31,1,9,1,46.45652,"01",1,,,,5,,1,,,,,,,,111,,,1,,,,,,,,,,,,,,,,1,1,1,1,,,1,,,1,,,,,,,,3,1,123100901,,
1,12,31,1,10,1,46.45652,"01",1,,,,4,,1,,,,,,,,111,,,1,,,,,,,,,,,,,,,,1,1,1,1,,,,,,,,,1,,,,,3,1,123101001,,
1,12,31,1,11,1,46.45652,"02",1,,,,5,,1,,,,,,,,111,,,1,,,,,,,,,,,,,,,,1,1,1,,,,1,1,,,,,,,,,,2,1,123101101,,
1,12,31,1,12,1,46.45652,"02",1,,,,5,,,,,111,,,,,111,,,,,1,,,,,,,,,,,,,,1,1,1,1,,,1,,,1,,,,,,,,2,2,123101201,,
1,12,31,1,13,1,46.45652,"01",1,,,,5,,,,,111,,,,1,,,,,,,1,,,,,,,,,,,,,1,1,1,1,,,1,,,1,,,,,,,,2,1,123101301,,
1,12,31,1,14,1,46.45652,"02",1,,,,5,,1,,,,,,,1,,,,1,,,,,,,,,,,,,,,,1,1,1,1,,,1,,,,,,,,,,,3,1,123101401,,
1,12,31,1,15,1,46.45652,"01",1,,,,5,,,,,111,,,1,,,,,,,1,,,,,,,,,,,,,,1,1,1,1,,,,,,,,,,,,,,3,2,123101501,,
1,12,31,1,16,1,46.45652,"02",1,,,,5,,,,,111,,,,,111,,,,,,,,,,,,,,,,1,,,1,1,1,1,,,,,,,,,1,,,,,2,1,123101601,,
1,12,31,1,17,1,46.45652,"01",1,,,,5,,1,,,,,,,1,,,,1,,,1,,,,,,,,,,,,,1,1,1,1,,,,,,,,,1,,,,,2,1,123101701,,
1,12,31,1,18,1,46.45652,"01",1,,,,5,,1,,,,,,,,111,,,1,,,,,,,,,,,,,,,,1,1,1,,,,1,1,,1,,,1,,,,,2,1,123101801,,
1,12,32,1,1,1,48.65446,"01",1,,,,5,,1,,,,,,1,,,,,1,,,,,,,,,,,,,,,,1,1,1,1,,,,,,,,,1,,,,,3,2,123200101,,
1,12,32,1,2,1,48.65446,"01",1,,,,5,,1,,,,,,1,,,,,1,,,,,,,,1,,,,,,,,1,1,1,1,,,,,,,1,,1,,,,,3,2,123200201,,
1,12,32,1,3,1,48.65446,"01",1,,,,5,,,,,111,,,,,111,,,,,,,,,,,,,,1,,,,,1,1,1,1,,,,,,,,,,,,,,1,2,123200301,,
1,12,32,1,4,1,48.65446,"02",1,,,,4,,,,,111,,,,,111,,,,,,,,,,,,,,1,,,,,1,1,1,,,,1,1,,,,,,,,,,3,1,123200401,,
1,12,32,1,5,1,48.65446,"01",1,,,,4,,,,,111,,,1,,,,,,,,1,,,,,,,,,,,,,1,1,1,,,,,,,,,,,,,,,2,2,123200501,,
1,12,32,1,6,1,48.65446,"02",1,,,,4,,,,,111,,,,,111,,,,,,,,,,,,,1,,,,,,1,1,1,,,,1,,,,,,,,,,,2,2,123200601,,
1,12,32,1,7,1,48.65446,"01",1,,,,5,,,,,111,,,,,111,,,,,,,,,,,,,,,,1,,,0,,,,,,,,,,,,,,,,,2,2,123200701,,
1,12,32,1,8,1,48.65446,"02",1,,,,5,,,,,111,,,,,111,,,,,,,,,,,,,,,,1,,,1,1,,,,,1,,,,,,,,,,,2,2,123200801,,
1,12,32,1,9,1,48.65446,"02",1,,,,5,,1,,,,,,,,111,,,1,,,,,,,,,,,,,,,,1,1,1,,,,1,,,,,,,,,,,888,2,123200901,,
1,12,32,1,10,1,48.65446,"01",1,,,,5,,1,,,,,,1,,,,,,,,1,,,,,,,,,,,,,1,1,1,1,,,1,1,,,,,1,1,,,,3,1,123201001,,
1,12,32,1,11,1,48.65446,"02",1,,,,5,,1,,,,,,,,111,,,1,,,,,,,,,,,,,,,,1,1,1,1,,,,,,,,,,,,,,3,2,123201101,,
1,12,32,1,12,1,48.65446,"02",1,,,,5,,,,,111,,,,,111,,,,,,,,,,,,,1,1,,,,,1,1,1,1,,,,,,,,,,,,,,3,2,123201201,,
1,12,32,1,13,1,48.65446,"02",1,,,,5,,,,,111,,,,,111,,,,,,,,,,,,,,,,1,,,1,1,1,1,,,,,,,,,,,,,,888,2,123201301,,
1,12,32,1,14,1,48.65446,"01",1,,,,5,,,,1,,,,1,,,,,,,,1,,,,,,,,,,,,,1,1,1,1,,,,,,,,,1,,,,,2,2,123201401,,
1,12,32,1,15,1,48.65446,"02",1,,,,5,,,,1,,,,,,111,,,,,1,,,,,,,,,,,,,,1,1,1,1,,,,,,,,,1,,,,,3,2,123201501,,
1,12,32,1,16,1,48.65446,"02",1,,,,5,,1,,,,,,,,111,,,1,,,,,,,,,,,,,,,,1,1,1,1,,,,1,,,,,,,,,,2,2,123201601,,
1,12,32,1,17,1,48.65446,"02",1,,,,5,,1,,,,,,1,,,,,1,,,,,,,,,,,,,,,,1,1,1,1,,,,1,,,,,,,,,,3,1,123201701,,
1,12,32,1,18,1,48.65446,"01",1,,,,4,,1,,,,,,,,111,,,1,,,,,,,,,,,,,,,,1,1,1,1,,,1,,,,,,,,,,,2,2,123201801,,
1,12,33,1,1,1,587.6543,"01",1,,,,5,,,,,,,,1,,,,,1,,,,,,,,,,,,,,,,1,1,1,1,,,,,,,,,,,,,,3,1,123300101,,
1,12,33,1,2,1,587.6543,"01",1,,,,4,,1,,,,,,1,,,,,1,,,,,,,,,,,,,,,,1,1,1,1,,,,,,,,,,,,,,888,1,123300201,,
1,12,33,1,3,1,587.6543,"01",1,,,,5,,1,,,,,,1,,,,,1,,,,,,,,,,,,,,,,1,1,1,1,,,,,,,,,1,,,,,3,2,123300301,,
1,12,33,1,4,1,587.6543,"02",1,,,,5,,1,,,,,,,,111,,,1,,,,,,,,,,,,,,,,1,1,1,1,,,1,1,,,,,1,,,,,2,2,123300401,,
1,12,33,1,5,1,587.6543,"02",1,,,,5,,1,,,,,,,,111,,,1,,,,,,,,,,1,,,,,,1,1,1,,,,1,,,,,,,,,,,3,2,123300501,,
1,12,33,1,6,1,587.6543,"01",1,,,,5,,1,,,,,,,,111,,,1,,,,,,,,,,,,,,,,1,1,1,,,,1,1,,,,,,,,,,2,2,123300601,,
1,12,33,1,7,1,587.6543,"02",1,,,,4,,1,,,,,,,,111,,,1,,,,,,,,,,,,,,,,1,1,,,1,1,1,,,,,,,,,,,3,2,123300701,,
1,12,33,1,8,1,587.6543,"01",1,,,,5,,1,,,,,,1,,,,,1,,,,,,,,,,,,,,,,1,1,1,,,,1,1,,,,,,,,,,3,2,123300801,,
1,12,33,1,9,1,587.6543,"01",1,,,,5,,1,,,,,,,,111,,,,,,,,,,,,,,,,1,,,1,1,,,,,1,1,,,,,,,,,,3,2,123300901,,
1,12,33,1,10,1,587.6543,"01",1,,,,4,,1,,,,,,,,111,,,1,,,,,,,,,,,,,,,,1,1,1,1,,,1,1,,,,,,,,,,2,2,123301001,,
1,12,33,1,11,1,587.6543,"03",1,,,,4,,1,,,,,,,,111,,,1,,,,,,,,,,,,,,,,1,1,1,1,,,1,1,,,,,,,,,,3,2,123301101,,
1,12,33,1,12,1,587.6543,"02",1,,,,5,,1,,,,,,,,111,,,1,,,,,,,,,,,,,,,,1,1,1,1,,,1,1,,,,,1,,,,,3,2,123301201,,
1,12,33,1,13,1,587.6543,"01",1,,,,5,,,,,111,,,,,111,,,,,,,,,,,,,,,,1,,,1,1,1,1,,,1,,,,,,,,,,,888,2,123301301,,
1,12,33,1,14,1,587.6543,"02",1,,,,4,,1,,,,,,,,111,,,1,,,,,,,,,,,,,,,,1,1,1,1,,,1,1,,,,,,,,,,2,2,123301401,,
1,12,33,1,15,1,587.6543,"01",1,,,,5,,,,1,,,,,,111,,,,,1,,,,,,,,,,,,,,1,1,1,1,,,1,1,,,,,,,,,,3,1,123301501,,
1,12,33,1,16,1,587.6543,"01",1,,,,5,,,,1,,,,,1,,,,1,,,1,,,,,,,,,,,,,1,1,1,1,,,,,,,,,,,,,,2,1,123301601,,
1,12,33,1,17,1,587.6543,"02",1,,,,5,,1,,,,,,,,111,,,1,,,,,,,,,,,,,,,,1,1,1,1,,,1,,,,,,,,,,,2,1,123301701,,
1,12,33,1,18,1,587.6543,"03",1,,,,5,,1,1,,,,,,1,,,,1,,,,,,,,,,,,,,,,1,1,1,1,,,,,,,,,,,,,,2,2,123301801,,
1,12,34,2,1,1,597.105425,"01",9,,0,0,1,,,,1,,,,1,,,,,,,,1,,,,,,,,,,,,,1,0,,,,,,,,,,,,,,,2,1,1,123400101,,
1,12,34,2,2,1,597.105425,"02",11,,0,0,1,,,,,111,,,1,,,,,,1,,,,,,,,,,,,,,,1,1,1,1,,,,,,,,,,,,,2,2,1,123400201,,
1,12,34,2,3,1,597.105425,"01",11,,0,0,1,,,,,111,,,,,111,,,,,,,,,,,,,,1,,,,,0,,,,,,,,,,,,,,,,2,1,1,123400301,,
1,12,34,2,4,1,597.105425,"01",11,,0,0,5,,,,,111,,,1,,,,,,,,,,,,,,,,,,1,,,0,,,,,,,,,,,,,,,,2,1,1,123400401,,
1,12,34,2,5,1,597.105425,"02",11,,1,0,5,,,,1,,,,,,111,,,,,,,,,,,,,,,,1,,,1,1,1,1,,,,,,1,,,,,,,1,1,4,123400501,,
1,12,34,2,6,1,597.105425,"02",11,,0,0,1,,,,,111,,,,,111,,,,,,,,,,,,,,,,1,,,0,,,,,,,,,,,,,,,,2,888,1,123400601,,
1,12,34,2,7,1,243.7165,"01",1,,0,0,1,,,,,111,,,,,111,,,,,,,,,,,,,,,,1,,,0,,,,,,,,,,,,,,,,2,2,2,123400701,,
1,12,34,2,8,1,243.7165,"01",1,,0,0,5,,1,,,,,,,,111,,,,1,,,,,,,1,,,1,,,,,1,1,1,1,,,,,,,,,,,,,1,2,1,123400801,,
1,12,34,2,9,1,597.105425,"01",11,,1,0,5,,,,1,,,,,,111,,,,,,,,,,,1,,,,,,,,1,1,1,1,,,,,,1,,,,,,,1,2,4,123400901,,
1,12,34,2,10,1,243.7165,"01",1,,1,0,5,,,,,111,,,,,111,,,,,,,,,,,,,,1,,,,,1,1,1,1,,,1,,,,,,1,,,,2,2,4,123401001,,
1,12,34,2,11,1,243.7165,"01",1,,0,1,5,,,,,111,,,1,,,,,,,,1,,,,,,,,,,,,,1,1,1,1,,,1,,,,,,,,,,2,2,1,123401101,,
1,12,34,2,12,1,243.7165,"01",1,,0,0,5,,,,,111,,,,,111,,,,,,,,,,,,,1,1,,,,,1,1,1,1,,,1,,,,,,,,,,2,2,1,123401201,,
1,12,34,2,13,1,243.7165,"02",1,,0,0,1,,,,,111,,,1,1,,,,,,,1,,,,,,,,,,,,,1,1,1,1,,,1,,,,,,,,,,2,2,1,123401301,,
1,12,34,2,14,1,243.7165,"02",1,,0,0,1,,,,1,,,,,,111,,,,,,,,,,,1,,,,,,,,1,1,1,1,,,1,,,1,,,,,,,1,2,1,123401401,,
1,12,34,2,15,1,243.7165,"01",1,,0,0,5,,,,,111,,,,,111,,,1,1,,,,,,,1,,,,,,,,0,,,,,,,,,,,,,,,,1,2,1,123401501,,
1,12,34,2,16,1,243.7165,"01",1,,1,0,5,,1,,,,,,,,111,,,,,,,,,,,,,,,,1,,,1,0,,,,,,,,,,,,,,,1,3,1,123401601,,
1,12,34,2,17,1,597.105425,"01",11,,0,0,1,,,,,111,,,,,111,,,,,,,,,,,,,,,,1,,,0,,,,,,,,,,,,,,,,2,2,4,123401701,,
1,12,34,2,18,1,243.7165,"01",1,,0,0,5,,,,,111,,,,,111,,,,1,,,,,,,,,,,,,,,1,1,1,1,,,1,1,,,,,,,,,1,2,1,123401801,,
1,13,35,1,1,1,350.327,"02",1,,,,5,,,,,111,,,,,111,,,,,,,,,,,,,,1,,,,,1,1,1,1,,,1,,,,,,,,,,,1,1,133500101,,
1,13,35,1,2,1,350.327,"01",1,,,,1,,,,,111,,,,,111,,,,,,,,,,,,,,,,1,,,1,1,1,1,,,,,,,,,,,,,,2,2,133500201,,
1,13,35,1,3,1,195.906546052632,"01",11,,,,4,,1,,,,,,1,1,,,,,,,1,,,,,,,,,,,,,1,1,1,1,,,,,,,,,,,,,,2,4,133500301,,
1,13,35,1,4,1,350.327,"01",1,,,,5,,,,,111,,,,,111,,,,,,,,,,,,,,,,1,,,0,,,,,,,,,,,,,,,,,1,1,133500401,,
1,13,35,1,5,1,350.327,"01",1,,,,5,,,,1,,,,,,111,,,,,1,,,,,,,,,,,,,,1,1,1,,,,,,,,,,1,,,,,2,1,133500501,,
1,13,35,1,6,1,350.327,"01",1,,,,1,,1,,,,,,,1,,,,,,,1,,,,,,,,,,,,,1,1,1,1,,,1,,,,,,,,,,,3,1,133500601,,
1,13,35,1,7,1,350.327,"02",1,,,,5,,,,,,555,7,,,111,,,,,,,,,,,,,,,,,555,7,1,1,1,1,,,1,,,,,,1,,,,,3,1,133500701,,
1,13,35,1,8,1,350.327,"01",1,,,,5,,,,,111,,,,,111,,,,,,,,,,,,,,1,1,,,,1,0,,,,,,,,,,,,,,,,2,1,133500801,,
1,13,35,1,9,1,350.327,"02",1,,,,4,,1,,,,,,1,,,,,1,,,,,,,,,,,,,,,,1,1,1,1,,,1,1,,,,,,,,,,3,1,133500901,,
1,13,35,1,10,1,350.327,"01",1,,,,5,,,,1,,,,,1,,,,,,1,1,,,,,,,,,,,,,1,1,1,1,,,1,,,,,,,,,,,3,1,133501001,,
1,13,35,1,11,1,350.327,"02",1,,,,5,,,,,111,,,,,111,,,,,,,,,,,,,,1,,,,,1,1,1,1,,,,,,,,,,,,,,2,1,133501101,,
1,13,35,1,12,1,350.327,"01",1,,,,5,,,,,111,,,1,,,,,,,,1,,,,,,,,,,,,,1,1,1,1,,,,,,,,,,,,,,3,1,133501201,,
1,13,35,1,13,1,350.327,"01",1,,,,5,,1,,,,,,,,111,,,1,,,,,,,,,,,,,,,,1,1,1,1,,,,,,,,,,,,,,2,1,133501301,,
1,13,35,1,14,1,350.327,"02",1,,,,5,,1,,,,,,,1,,,,,,,1,,,,,,,,,,,,,1,1,1,1,,,1,,,,,,,,,,,2,1,133501401,,
1,13,35,1,15,1,350.327,"01",1,,,,5,,1,,,,,,,1,,,,1,,,,,,,,,,,,,,,,1,1,1,1,,,,,,1,,,,,,,,2,1,133501501,,
1,13,35,1,16,1,350.327,"01",1,,,,1,,,,1,,,,,,111,,,,,1,,,,,,,,,1,,,,,1,1,1,1,,,1,1,,,,,,,,,,3,1,133501601,,
1,13,35,1,17,1,350.327,"01",1,,,,5,,,,,111,,,,,111,,,,,,,,,,,,,1,1,1,,,,1,0,,,,,,,,,,,,,,,,3,2,133501701,,
1,13,35,1,18,1,350.327,"01",1,,,,5,,,,1,,,,1,,,,,,,,1,,,,,,,,,,,,,1,1,1,1,,,,,,,,,,,,,,2,1,133501801,,
1,13,36,2,1,1,388.099032258064,"01",11,,0,0,1,,,,,111,555,8,,,,555,4,,,,,,,,,,,,,,1,,,1,1,1,,,,,,,,,,1,,,,2,888,2,133600101,,
1,13,36,2,2,1,130.7725,"02",1,,0,0,5,,,,,111,,,,,111,,,,,,,,,,,,,,,,1,,,1,1,1,1,,,1,,,,,,,,,,2,3,1,133600201,,
1,13,36,2,3,1,130.7725,"01",1,,0,0,5,,,1,,,,,1,,,,,,,,1,,,,,,,,,,,,,1,1,1,,,,,,,1,,,,,,,2,3,2,133600301,,
1,13,36,2,4,1,130.7725,"01",1,,0,0,1,,,,,111,,,,,111,,,,,,,,,,,,,,,,1,,,0,,,,,,,,,,,,,,,,2,3,1,133600401,,
1,13,36,2,5,1,130.7725,"01",1,,1,0,5,,1,,,,,,1,,,,,1,,,1,,,,,,,,,,,,,1,1,1,1,,,1,1,,,,,1,,,,1,2,2,133600501,,
1,13,36,2,6,1,388.099032258064,"01",7,,0,0,1,,,,,111,,,,,111,,,,,,,,,,,,,,,,1,,,1,1,1,1,,,,,,,,,,,,,2,2,4,133600601,,
1,13,36,2,7,1,130.7725,"01",1,,0,0,1,,1,,,,,,,,111,,,1,,,,,,,,,,,,,,,,1,1,1,1,,,,1,,1,,,,,,,1,2,1,133600701,,
1,13,36,2,8,1,130.7725,"01",1,,1,0,5,,,,1,,,,,,111,,,,,1,,,,,,,,,,,,,,1,1,1,,,,1,,,,,,1,,,,2,3,1,133600801,,
1,13,36,2,9,1,130.7725,"02",1,,1,0,5,,,,,111,,,1,,,,,,,,1,,,,,,,,,,,,,1,1,1,1,,,1,,,1,,,,,,,1,2,1,133600901,,
1,13,36,2,10,1,130.7725,"02",1,,1,0,5,,,,1,,,,,1,,,,,,,1,,,,,,,1,,,,,,1,1,1,,,,1,,,,,,,,,,2,3,1,133601001,,
1,13,36,2,11,1,130.7725,"01",1,,0,0,5,,,,,111,,,1,,,,,,,,1,,,,,,,,,,,,,1,1,1,1,,,,,,,,,,,,,2,3,2,133601101,,
1,13,36,2,12,1,130.7725,"02",1,,1,0,5,,,,,111,,,,,111,,,,,,,,,,,,,,1,,,,,1,1,1,1,,,1,,,,,,,,,,2,3,2,133601201,,
1,13,36,2,15,1,130.7725,"01",1,,1,0,4,,1,,,,,,1,,,,,1,,,,,,,,,,,,,,,,1,1,1,1,,,,1,,1,,,,,,,2,3,2,133601501,,
1,13,36,2,16,1,130.7725,"01",1,,0,0,5,,,,,111,,,1,,,,,1,,,,,,,,1,,,,,,,,1,1,1,1,,,1,,,,,,,,,,1,2,1,133601601,,
1,13,36,2,17,1,130.7725,"04",1,,0,0,1,,1,,,,,,,,111,,,1,,,,,,,,,,,,,,,,1,1,1,1,,,1,,,1,,,,,,,2,2,2,133601701,,
1,13,36,2,18,1,130.7725,"02",1,,0,0,5,,,,,111,,,,,111,,,,,,,,,,,,,,,,1,,,1,1,1,1,,,1,,,1,,,,,,,2,2,2,133601801,,
1,13,36,2,20,1,130.7725,"01",1,,0,0,5,,1,,,,,,,,111,,,1,,,,,,,,,,,,,,,,1,1,1,1,,,1,,,1,,,,,,,2,2,1,133602001,,
1,13,36,2,22,1,130.7725,"02",1,,1,0,5,,1,,,,,,,,111,,,1,,,,,,,,,,,,,,,,1,1,1,1,,,1,,,,,,1,,,,2,3,1,133602201,,
1,13,37,1,1,1,18.5966570841889,"01",11,,,,1,,,,,111,,,,1,,,,,,,1,,,,,,,,,,,,,1,1,1,1,,,,,,,,,,,,,,2,1,133700101,,
1,13,37,1,2,1,452.8286,"01",1,,,,4,,1,,,,,,1,,,,,1,,,,,,,,,,,,,,,,1,1,1,1,,,1,,,,,,,,,,,2,1,133700201,,
1,13,37,1,3,1,18.5966570841889,"01",11,,,,5,,,,1,,,,,1,,,,,,,,,,,,1,,,,,,,,1,1,1,1,,,,,,,,,,,,,,2,1,133700301,,
1,13,37,1,4,1,452.8286,"01",1,,,,5,,1,,,,,,,,111,,,1,,,,,,,,,,,,,,,,1,1,1,1,,,1,,,,,,,,,,,3,2,133700401,,
1,13,37,1,5,1,452.8286,"02",1,,,,1,,,,,111,,,,,111,,,,,,,,,,,,,,,,1,,,1,1,1,,,,,,,,,,,,,,,1,1,133700501,,
1,13,37,1,6,1,452.8286,"01",1,,,,5,,1,,,,,,,,111,,,1,,,,,,,,,,,,,,,,1,1,1,1,,,,,,1,,,,,,,,1,2,133700601,,
1,13,37,1,7,1,18.5966570841889,"01",5,,,,1,,,,,111,,,,1,,,,,,,1,,,,,,,,,,,,,1,1,1,1,,,,,,,,,,,,,,2,2,133700701,,
1,13,37,1,8,1,452.8286,"02",1,,,,5,,1,,,,,,,1,,,,,,,1,,,,,,,,,,,,,1,1,1,1,,,1,,,,,,,,,,,3,2,133700801,,
1,13,37,1,9,1,452.8286,"01",1,,,,5,,1,,,,,,,,111,,,1,,,,,,,,,,,,,,,,1,1,1,1,,,,,,1,,,1,,,,,3,2,133700901,,
1,13,37,1,10,1,452.8286,"01",1,,,,1,,,,,111,,,,1,,,,,,,,,,,,,,,,,1,,,1,1,1,1,,,1,,,,,,,,,,,2,2,133701001,,
1,13,37,1,11,1,452.8286,"01",1,,,,5,,,1,,,,,1,,,,,,,,1,,,,,,,,,,,,,1,1,1,1,,,1,,,,,,,,,,,2,2,133701101,,
1,13,37,1,12,1,452.8286,"01",1,,,,5,,1,,,,,,,,111,,,1,,,,,,,,,,,,,,,,1,1,1,1,,,1,,,,,,,,,,,3,2,133701201,,
1,13,37,1,13,1,452.8286,"01",1,,,,5,,,,,111,,,,1,,,,,,,1,,,,,,,,,,,,,1,1,1,1,,,1,,,,,,,,,,,2,2,133701301,,
1,13,37,1,14,1,452.8286,"01",1,,,,5,,,,,111,,,,1,,,,,,,1,,,,,,,,,,,,,1,1,1,1,,,,,,,,,,,,,,2,2,133701401,,
1,13,37,1,15,1,452.8286,"01",1,,,,5,,,,,111,,,,1,,,,,,,1,,,,,,,,,,,,,0,,,,,,,,,,,,,,,,,2,4,133701501,,
1,13,37,1,16,1,452.8286,"02",1,,,,5,,1,,,,,,,,111,,,1,,,,,,,,,,,,,,,,1,1,1,1,,,,,,,,,,,,,,3,2,133701601,,
1,13,37,1,17,1,452.8286,"01",1,,,,5,,1,,,,,,,,111,,,1,,,,,,,,,,,,,,,,0,,,,,,,,,,,,,,,,,3,2,133701701,,
1,13,37,1,18,1,452.8286,"01",1,,,,5,,1,,,,,,,,111,,,1,,,,,,,,,,,,,,,,1,1,1,1,,,1,,,,,,,,,,,3,2,133701801,,
1,13,38,1,1,1,258.3678,"01",1,,,,5,,1,,,,,,,,111,,,1,,,,,,,,,,,,,,,,1,1,1,1,,,1,,,,,,,,,,,3,1,133800101,,
1,13,38,1,2,1,258.3678,"01",1,,,,5,,1,,,,,,1,,,,,,,,,,,,,1,,,,,,,,1,1,1,1,,,1,,,,,,,,,,,2,1,133800201,,
1,13,38,1,3,1,258.3678,"01",1,,,,4,,,,,111,,,,1,,,,,,,,,,,,,,,1,,,,,1,1,1,1,,,1,,,,,,,,,,,3,1,133800301,,
1,13,38,1,4,1,258.3678,"01",1,,,,5,,,,1,,,,,,111,,,,,1,,,,,,,,,,,,,,1,0,,,,,,,,,,,,,,,,3,1,133800401,,
1,13,38,1,5,1,258.3678,"02",1,,,,5,,1,,,,,,,,111,,,1,,,,,,,,,,,,,,,,1,1,1,1,,,1,,,,,,,,,,,888,2,133800501,,
1,13,38,1,6,1,258.3678,"02",1,,,,5,,,,1,,,,,,111,,,,,1,,,,,,,,,,,,,,1,1,1,1,,,1,1,,,,,,,,,,3,1,133800601,,
1,13,38,1,7,1,258.3678,"01",1,,,,5,,,,1,,,,,,111,,,,,,,,,,,,,,,,1,,,1,1,1,,,,1,,,,,,,,,,,2,1,133800701,,
1,13,38,1,8,1,258.3678,"01",1,,,,5,,,,1,,,,1,,,,,,,,1,,,,,,,,,,,,,1,1,1,1,,,1,1,,,,,,,,,,2,1,133800801,,
1,13,38,1,9,1,258.3678,"01",1,,,,5,,,,1,,,,,,111,,,,,,,,,,,,,,,,1,,,1,1,1,1,,,1,1,,,,,,,,,,3,1,133800901,,
1,13,38,1,10,1,258.3678,"01",1,,,,4,,1,,,,,,1,,,,,1,,,1,,,,,,,,,,,,,1,1,1,1,,,1,1,,1,,,,,,,,2,1,133801001,,
1,13,38,1,11,1,258.3678,"01",1,,,,4,,1,,,,,,,,111,,,1,,,,,,,,,,,,,,,,1,1,1,1,,,1,1,,1,,,,,,,,3,2,133801101,,
1,13,38,1,12,1,258.3678,"02",1,,,,4,,1,,,,,,1,,,,,1,,,1,,,,,,,,,,,,,1,1,1,1,,,1,1,,1,,,,,,,,3,1,133801201,,
1,13,38,1,13,1,258.3678,"01",1,,,,5,,1,,,,,,,,111,,,1,,,,,,,,,,,,,,,,1,1,1,1,,,1,,,,,,,,,,,888,2,133801301,,
1,13,38,1,14,1,258.3678,"01",1,,,,5,,1,,,,,,,,111,,,1,,,,,,,,,,,,,,,,1,1,1,1,1,,1,1,,1,,,,,,,,3,2,133801401,,
1,13,38,1,15,1,258.3678,"02",1,,,,5,,,,1,,,,1,,,,,,,,1,,,,,,,,,,,,,1,1,1,,,,1,,,,,,,,,,,2,2,133801501,,
1,13,38,1,16,1,258.3678,"01",1,,,,5,,,,,111,,,,,111,,,,,,,,,,,,,,,,1,,,1,1,1,1,,,1,1,,,,,,,,,,3,1,133801601,,
1,13,38,1,17,1,258.3678,"01",1,,,,5,,1,,,,,,1,,,,,,,,1,,,,,,,,,,,,,1,1,1,1,,,1,1,,1,,,,,,,,2,1,133801701,,
1,13,38,1,18,1,258.3678,"01",1,,,,5,,1,,,,,,,,111,,,1,,,,,,,,,,,,,,,,1,1,1,1,,,,,,,,,,,,,,2,2,133801801,,
1,13,39,1,1,1,274.0154,"01",1,,,,4,,1,,,,,,,,111,,,1,,,,,,,,,,,1,,,,,1,1,1,1,,,1,1,,1,,,,,,,,3,1,133900101,,
1,13,39,1,2,1,274.0154,"02",1,,,,5,,1,,,,,,,,111,,,1,,,,,,,,,,,,,,,,1,1,1,1,,,1,1,,,,,1,1,,,,3,2,133900201,,
1,13,39,1,3,1,274.0154,"01",1,,,,4,,1,,,,,,,,111,,,1,,,,,,,,,,,,,,,,1,1,1,1,,,1,1,,1,,,1,,,,,3,2,133900301,,
1,13,39,1,4,1,274.0154,"01",1,,,,5,,,,,111,,,,,111,,,,,,,,,,,,,,,,1,,,1,1,1,1,,,1,1,,,,,,,,,,3,2,133900401,,
1,13,39,1,5,1,274.0154,"01",1,,,,5,,,,1,,,,,,111,,,,,,,,,,,1,,,,,,,,1,1,1,1,1,,,,,,,,1,,,,,3,2,133900501,,
1,13,39,1,6,1,274.0154,"02",1,,,,4,,1,,,,,,,,111,,,1,,,,,,,,,,,,,,,,1,1,1,1,,,1,1,,,,,1,,,,,3,1,133900601,,
1,13,39,1,7,1,274.0154,"02",1,,,,4,,1,,1,,,,,,111,,,1,,1,,,,,,,,,,,,,,1,1,1,1,,,1,1,,1,,,,,,,,3,1,133900701,,
1,13,39,1,8,1,274.0154,"01",1,,,,5,,,,1,,,,,,111,,,,,,,,,,,1,,,,,,,,1,1,1,1,,,1,,,,,,,,,,,3,2,133900801,,
1,13,39,1,9,1,274.0154,"01",1,,,,5,,,,1,,,,,,111,,,,,,,,,,,1,,,,,,,,1,1,1,1,,,1,1,,,,,,,,,,2,1,133900901,,
1,13,39,1,10,1,274.0154,"01",1,,,,5,,1,,,,,,,,111,,,,,,,,,,,,,,,,1,,,1,1,1,1,,,1,,,1,,,,,,,,2,2,133901001,,
1,13,39,1,11,1,274.0154,"01",1,,,,5,,1,,,,,,1,,,,,1,1,,,,,,,,,,,,,,,1,1,1,1,,,1,,,1,,,,,,,,3,2,133901101,,
1,13,39,1,12,1,274.0154,"02",1,,,,1,,,,1,,,,,1,,,,,,,1,,,,,,,,,,,,,1,1,1,1,,,1,,,,,,1,,,,,2,4,133901201,,
1,13,39,1,13,1,274.0154,"02",1,,,,5,,1,,,,,,1,,,,,,,,1,,,,,1,,,,,,,,1,1,1,1,,,1,1,,,,,,,,,,2,1,133901301,,
1,13,39,1,14,1,274.0154,"01",1,,,,5,,1,,,,,,,,111,,,1,,,,,,,,,,,,,,,,1,1,1,1,1,,1,1,,1,,,,,,,,3,2,133901401,,
1,13,39,1,15,1,274.0154,"02",1,,,,5,,1,,,,,,,,111,,,1,,,,,,,,,,,,,,,,1,1,1,1,,,,,,1,,,,,,,,2,2,133901501,,
1,13,39,1,16,1,274.0154,"01",1,,,,5,,,,1,,,,,,111,,,,,1,,,,,,,,,,,,,,1,1,1,1,,,,,,1,,,,,,,,3,2,133901601,,
1,13,39,1,17,1,274.0154,"01",1,,,,5,,1,,,,,,,,111,,,1,,,,,,,,,,,,,,,,1,1,1,1,,,,,,,,,,,,,,3,1,133901701,,
1,13,39,1,18,1,274.0154,"01",1,,,,5,,,,1,,,,1,,,,,,,,1,,,,,,,1,,,,,,1,1,1,1,,,1,,,,,,1,,,,,2,4,133901801,,
1,13,40,1,1,1,93.9255136842105,"02",11,,,,5,,1,,,,,,,,,555,4,1,,,,,,,,,,,,,,,,1,1,1,1,,,,,,,,,,,,,,1,2,134000101,,
1,13,40,1,2,1,637.3517,"01",1,,,,5,,,,,111,,,,,111,,,,,,,,,,,,,,,,1,,,1,1,1,1,,,,,,,,,,,,,,2,1,134000201,,
1,13,40,1,3,1,637.3517,"01",1,,,,4,,1,,1,,,,,1,,,,1,,,1,,,,,,,,,,,,,1,1,1,1,,,,,,,,,,1,,,,2,1,134000301,,
1,13,40,1,4,1,637.3517,"02",1,,,,1,,,1,,,,,1,,,,,,1,,,,,,,,,,,,,,,1,1,1,,,,1,,,,,,,,,,,2,2,134000401,,
1,13,40,1,5,1,637.3517,"01",1,,,,5,,,,1,,,,,1,,,,,,,1,,,,,1,,,,,,,,1,1,1,1,,,,,,,,,,,,,,2,1,134000501,,
1,13,40,1,6,1,637.3517,"01",1,,,,5,,1,,,,,,,,111,,,,,,,,,,,1,,,,,,,,1,1,1,,,,,,,1,,,1,1,,,,3,1,134000601,,
1,13,40,1,7,1,637.3517,"02",1,,,,1,,,,,111,,,,,111,,,,,,,,,,,,,,1,,,,,1,1,,1,,,,,,,,,,,,,,1,2,134000701,,
1,13,40,1,8,1,637.3517,"01",1,,,,5,,,,,111,,,,1,,,,,,,1,,,,,,,,,,,,,1,1,1,1,,,,,,,,,,,,,,2,1,134000801,,
1,13,40,1,9,1,637.3517,"01",1,,,,4,,,,1,,,,,,111,,,,,1,,,,,,,,,,,,,,1,1,,,,,1,1,,,,,,,,,,2,1,134000901,,
1,13,40,1,10,1,637.3517,"01",1,,,,1,,,,,111,,,,1,,,,,,,,,,,,,,,1,,,,,1,1,1,1,,,,,,,,,1,,,,,888,2,134001001,,
1,13,40,1,11,1,637.3517,"01",1,,,,5,,1,,,,,,,1,,,,1,1,,,,,,,,,,,,,,,1,1,1,1,,,1,1,1,1,,,,1,,,,3,1,134001101,,
1,13,40,1,13,1,93.9255136842105,"01",7,,,,1,,,,1,,,,1,,,,,,,,1,,,,,,,,,,,,,1,1,1,1,,,,,,1,,,,,,,,1,4,134001301,,
1,13,40,1,14,1,93.9255136842105,"02",11,,,,1,,,,,111,,,,,111,,,,,,,,,,,,1,,1,,,,,1,1,1,1,,,,,,,,,,,,,,2,2,134001401,,
1,13,40,1,15,1,637.3517,"01",1,,,,5,,,,1,,,,,1,,,,,,,1,,,,,,,,,,,,,1,1,1,1,,,,,,1,,,,,,,,2,4,134001501,,
1,13,40,1,16,1,637.3517,"01",1,,,,4,,1,,,,,,1,,,,,,,,1,,,,,,,,,1,,,,1,1,1,,,,,,,,,,,,,,,3,1,134001601,,
1,13,40,1,17,1,637.3517,"02",1,,,,5,,1,,,,,,1,,,,,1,,,1,,,,,,,,,,,,,1,1,1,1,,,1,1,,,,,,,,,,2,1,134001701,,
1,13,40,1,18,1,637.3517,"02",1,,,,4,,1,,,,,,1,,,,,1,,,,,,,,,,,,,,,,1,1,1,,,,1,1,,,,,1,,,,,3,1,134001801,,
1,13,41,1,1,1,301.377972,"01",7,,,,1,,,1,,,,,,1,,,,,,,1,,,,,,,,,,,,,1,1,1,1,,,,,,,,,1,,,,,2,1,134100101,,
1,13,41,1,2,1,316.5735,"02",1,,,,5,,1,,,,,,,,111,,,,,,,,,,,,,,,,1,,,1,1,1,1,,,,,,1,,,1,,,,,2,2,134100201,,
1,13,41,1,3,1,316.5735,"01",1,,,,4,,1,,,,,,,,111,,,1,,,,,,,,,,,,,,,,1,1,1,1,,,1,1,,1,,,,1,,,,3,1,134100301,,
1,13,41,1,4,1,316.5735,"02",1,,,,5,,,,,111,,,,,111,,,,,,,,,,,,,,,,1,,,1,1,1,,,,1,1,1,,,,1,,,,,2,1,134100401,,
1,13,41,1,5,1,316.5735,"01",1,,,,5,,,,1,,,,,1,,,,,,,,,,,,1,,,,,,,,1,1,1,,,,,,,1,,,,,,,,3,1,134100501,,
1,13,41,1,6,1,316.5735,"01",1,,,,5,,1,,,,,,,,111,,,1,,,,,,,,,,,,,,,,1,1,,1,,,1,1,,,,,1,,,,,2,1,134100601,,
1,13,41,1,7,1,316.5735,"01",1,,,,5,,,1,,,,,1,,,,,,1,,1,,,,,,,,,,,,,1,1,1,1,,,1,1,,,,,1,,,,,2,2,134100701,,
1,13,41,1,8,1,316.5735,"02",1,,,,5,,1,,,,,,,,111,,,1,,,,,,,,,,,,,,,,1,1,1,1,,,,,,1,,,,,,,,2,2,134100801,,
1,13,41,1,9,1,316.5735,"01",1,,,,5,,,,,111,,,,,111,,,,,,,,,,,,,,,,1,,,1,1,1,1,,,1,1,,1,,,,,,,,2,2,134100901,,
1,13,41,1,10,1,316.5735,"02",1,,,,5,,1,,,,,,,,111,,,,,,,,,,,,,,1,,,,,1,1,1,1,,,1,1,,,,,,,,,,2,1,134101001,,
1,13,41,1,11,1,316.5735,"01",1,,,,4,,1,,,,,,,,111,,,1,,,,,,,,,,,,,,,,1,1,1,1,,,1,1,1,1,1,,,1,,,,888,1,134101101,,
1,13,41,1,13,1,316.5735,"01",1,,,,5,,1,,,,,,1,,,,,1,,,,,,,,,,,,,,,,1,1,1,1,,,1,1,,,,,,,,,,2,1,134101301,,
1,13,41,1,14,1,316.5735,"01",1,,,,5,,1,,,,,,1,,,,,1,1,,,,,,,,,,,1,,,,1,1,1,1,,,1,1,,,,,,1,,,,3,2,134101401,,
1,13,41,1,15,1,316.5735,"02",1,,,,5,,1,,,,,,,,111,,,1,,,,,,,,,,,,,,,,1,1,1,1,,,1,1,,,,,,,,,,2,1,134101501,,
1,13,41,1,16,1,316.5735,"03",1,,,,5,,1,,1,,,,,,111,,,,,1,,,,,,1,,,,,,,,1,1,1,1,,,1,1,,1,,,,,,,,3,2,134101601,,
1,13,41,1,17,1,316.5735,"02",1,,,,4,,1,,,,,,,,111,,,1,,,,,,,,,,1,,1,,,,1,1,1,1,,,1,1,1,1,1,1,1,1,,,,3,1,134101701,,
1,13,41,1,18,1,316.5735,"01",1,,,,5,,1,,,,,,,,111,,,1,,,,,,,,,,,,,,,,1,1,1,1,,,1,1,,,,,,,,,,2,1,134101801,,
1,13,41,1,20,1,316.5735,"02",1,,,,4,,1,,,,,,,1,,,,,,,,,,,,,,,,,1,,,1,1,1,,,,,1,,,,,1,,,,,2,2,134102001,,
1,13,42,1,1,1,101.3166,"01",1,,,,5,,,,,111,,,,,111,,,,,,,,,,,,,,,1,,,,1,1,1,,,,1,1,,,,,,,,,,3,1,134200101,,
1,13,42,1,2,1,101.3166,"01",1,,,,5,,,,1,,,,,,111,,,,,1,,,,,,,,,,,,,,1,1,1,1,,,,,,,,,,1,,,,2,1,134200201,,
1,13,42,1,3,1,101.3166,"01",1,,,,5,,,,,111,,,,1,,,,,,,,,,,,,,1,,,,,,1,1,,,,,1,,,,,,1,,,,,3,4,134200301,,
1,13,42,1,4,1,101.3166,"01",1,,,,4,,1,,,,,,,,111,,,1,,,,,,,,,,,,,,,,1,1,1,,,,1,1,,,,,1,,,,,3,1,134200401,,
1,13,42,1,5,1,101.3166,"01",1,,,,5,,1,,,,,,1,1,,,,,1,,,,,,,,,,,,,,,1,1,1,,,,1,,,,,,1,,,,,3,2,134200501,,
1,13,42,1,6,1,101.3166,"01",1,,,,5,,1,,,,,,,,111,,,1,,,,,,,,,,,,,,,,1,1,,1,,,,,,1,,,1,,,,,3,2,134200601,,
1,13,42,1,7,1,101.3166,"01",1,,,,4,,,,,111,,,,,111,,,,,,,,,,,,,,,,1,,,1,1,1,1,,,,1,,,,,1,,,,,3,1,134200701,,
1,13,42,1,8,1,101.3166,"02",1,,,,5,,,,,111,,,,,111,,,,,,,,,,,,,,,,,555,3,1,1,1,1,,,,,,,,,,1,,,,3,2,134200801,,
1,13,42,1,9,1,101.3166,"01",1,,,,5,,1,,,,,,,,111,,,1,,,,,,,,,,,,,,,,1,1,1,1,,,1,1,,1,,,,,,,,3,1,134200901,,
1,13,42,1,10,1,101.3166,"01",1,,,,5,,1,,,,,,,,111,,,1,,,,,,,,,,,,,,,,1,1,1,1,,,1,1,,1,,,,,,,,3,2,134201001,,
1,13,42,1,11,1,101.3166,"01",1,,,,5,,,,1,,,,,,111,,,,,1,,,,,,,,,,,,,,1,1,1,1,,,,,,,,,,,,,,2,1,134201101,,
1,13,42,1,12,1,101.3166,"01",1,,,,5,,,,,111,,,,,111,,,,,,,,,,,,,,,,1,,,1,1,,1,,,,,,,,,1,,,,,3,2,134201201,,
1,13,42,1,13,1,101.3166,"01",1,,,,5,,,,1,,,,,1,,,,,,,,,,,,1,,,,,,,,1,1,1,1,,,,,,1,,,,,,,,3,1,134201301,,
1,13,42,1,14,1,101.3166,"01",1,,,,5,,,1,,,,,,1,,,,,,,1,,,,,,,,,,,,,1,1,1,1,,,,,,,,,,,,,,2,1,134201401,,
1,13,42,1,15,1,101.3166,"01",1,,,,5,,,,1,,,,,,111,,,,,,,,,,,,,,,,1,,,1,1,1,,,,,,,,,,,,,,,2,2,134201501,,
1,13,42,1,16,1,101.3166,"03",1,,,,5,,,,1,,,,,1,,,,,,,1,,,,,,,,,,,,,1,1,1,1,,,1,,,,,,,,,,,1,2,134201601,,
1,13,42,1,17,1,101.3166,"01",1,,,,5,,,1,,,,,,1,,,,,1,,,,,,,,,,,,,,,1,1,1,1,,,,,,,,,1,,,,,2,2,134201701,,
1,13,42,1,18,1,101.3166,"01",1,,,,4,,,,1,,,,,,111,,,,,,,,,,,,,,1,,,,,1,1,1,1,,,1,1,,,,,,,,,,2,2,134201801,,
1,13,43,1,1,1,27.0597727969349,"01",7,,,,5,,,,,111,,,,,111,,,,,,,,,,,,,,,,1,,,1,0,,,,,,,,,,,,,,,,3,1,134300101,,
1,13,43,1,2,1,415.4471,"01",1,,,,5,,1,,,,,,1,,,,,,1,,,,,,,,,,1,,,,,1,1,1,1,,,,,,,,,,,,,,3,2,134300201,,
1,13,43,1,3,1,415.4471,"01",1,,,,5,,1,,1,,,,1,1,,,,,,,,,,,,1,,,,,,,,1,1,1,1,,,1,1,1,1,,,,,,,,2,2,134300301,,
1,13,43,1,4,1,415.4471,"01",1,,,,4,,,,1,,,,1,,,,,,,,,,,,,1,,,,,,,,1,1,1,1,,,,,,,,,,,,,,2,1,134300401,,
1,13,43,1,5,1,415.4471,"01",1,,,,4,,1,,,,,,,,111,,,,,,,,,,,,,,1,,,,,1,1,1,1,,,,,,1,,,1,,,,,888,2,134300501,,
1,13,43,1,7,1,415.4471,"01",1,,,,5,,1,,,,,,,,111,,,1,,,,,,,,,,,,,,,,1,1,1,1,,,1,,,,,1,,,,,,3,4,134300701,,
1,13,43,1,8,1,415.4471,"01",1,,,,1,,1,,,,,,,,111,,,,,,,,,,,1,,,,,,,,1,1,,1,1,1,,,,,,,,,,,,2,2,134300801,,
1,13,43,1,9,1,415.4471,"01",1,,,,4,,,,,111,,,1,,,,,,,,1,,,,,,,,,,,,,1,1,1,1,,,1,1,,,,,1,,,,,3,1,134300901,,
1,13,43,1,10,1,415.4471,"01",1,,,,5,,1,,,,,,1,,,,,,,,1,,,,,,,,,,,,,1,1,1,1,,,1,,,,,,1,,,,,3,2,134301001,,
1,13,43,1,11,1,415.4471,"01",1,,,,4,,1,,,,,,,,111,,,,,,,,,,,1,,,,,,,,1,1,,,1,1,1,1,,,,,,,,,,3,2,134301101,,
1,13,43,1,12,1,415.4471,"01",1,,,,4,,1,,,,,,,,111,,,1,,,,,,,,,,,,,,,,1,1,1,1,,,1,1,,1,,,,,,,,3,2,134301201,,
1,13,43,1,13,1,415.4471,"01",1,,,,5,,,,,111,,,,,111,,,,,,,,,,,,1,,,,,,,1,1,1,,,,1,1,,1,,,1,,,,,3,2,134301301,,
1,13,43,1,14,1,415.4471,"01",1,,,,5,,1,,,,,,,,111,,,1,,,,,,,,,,,,,,,,1,1,1,,,,1,,,1,,,1,,,,,3,2,134301401,,
1,13,43,1,15,1,415.4471,"02",1,,,,5,,1,,,,,,,,111,,,1,,,,,,,,,,,,,,,,1,1,1,1,,,1,1,,,1,,,,,,,3,1,134301501,,
1,13,43,1,16,1,415.4471,"01",1,,,,5,,1,,,,,,1,,,,,1,,,1,,,,,,,,,,,,,1,1,1,1,,,,,,,,,1,,,,,888,2,134301601,,
1,13,43,1,17,1,415.4471,"01",1,,,,5,,,,,111,,,,1,,,,,,,1,,,,,,,,,,,,,1,1,,,,,1,1,,1,,,,,,,,2,2,134301701,,
1,13,43,1,18,1,415.4471,"01",1,,,,5,,,,,111,,,,,111,,,,,,,,,,,,,,,,1,,,1,1,1,1,,,,,,,,,,,,,,3,1,134301801,,
1,13,43,1,20,1,415.4471,"01",1,,,,5,,,,,111,,,1,,,,,,,,1,,,,,,,,,,,,,1,1,1,1,,,,,,1,,,,,,,,3,2,134302001,,
1,13,44,1,1,1,1009.17,"01",1,,,,5,,,,,111,,,,,111,,,,,,,,,,,,,,1,,,,,1,1,1,1,,,,,,,,1,,,,,,2,2,134400101,,
1,13,44,1,2,1,288.16761849711,"01",11,,,,5,,,,,111,,,,,111,,,,,,,,,,,,,,,,1,,,1,1,1,1,,,,,,,,,1,,,,,3,1,134400201,,
1,13,44,1,3,1,288.16761849711,"01",7,,,,5,,,1,,,,,1,,,,,,1,,1,,,,,,,,,,,,,1,1,1,1,,,,,,,,,,,,,,2,1,134400301,,
1,13,44,1,5,1,288.16761849711,"01",11,,,,1,,1,,,,,,,,111,,,1,,,,,,,,,,,,,,,,1,0,,,,,,,,,,,,,,,,2,2,134400501,,
1,13,44,1,7,1,288.16761849711,"01",11,,,,1,,,,,111,,,,,,,,,,,,,,,,,,,,,1,,,1,0,,,,,,,,,,,,,,,,3,1,134400701,,
1,13,44,1,8,1,288.16761849711,"01",9,,,,5,,,,1,,,,1,,,,,,,,,,,,,,,,,,,,,1,1,1,,,,,,,,,,,,,,,2,1,134400801,,
1,13,44,1,9,1,1009.17,"01",1,,,,1,,,,1,,,,,,111,,,,,1,,,,,,,,,,,,,,1,1,1,1,,,1,,,,,,,,,,,1,1,134400901,,
1,13,44,1,10,1,1009.17,"01",1,,,,4,,1,,,,,,,,111,,,,,,,,,,,,,,,,1,,,1,1,1,1,,,,,,,,,1,,,,,888,2,134401001,,
1,13,44,1,11,1,1009.17,"01",1,,,,5,,1,,,,,,,1,,,,1,,,,,,,,,,,,,,,,1,1,1,1,1,1,1,1,,1,,,,,,,,3,1,134401101,,
1,13,44,1,12,1,1009.17,"01",1,,,,5,,1,,,,,,,,111,,,1,,,,,,,,,,,,,,,,1,1,1,1,,,,,,,,,,,,,,3,2,134401201,,
1,13,44,1,13,1,1009.17,"01",1,,,,5,,,,1,,,,1,,,,,,1,,,,,,,,,,,,,,,1,1,1,1,,,1,,,1,,,1,,,,,2,2,134401301,,
1,13,44,1,14,1,1009.17,"01",1,,,,5,,1,,,,,,,,111,,,1,,,,,,,,,1,,1,,,,,1,1,1,1,,,1,1,,,,,1,,,,,3,2,134401401,,
1,13,44,1,16,1,1009.17,"02",1,,,,4,,1,,,,,,1,,,,,1,,,,,,,,,,,,,,,,1,1,1,1,,,1,1,,1,,,,,,,,3,1,134401601,,
1,13,44,1,17,1,1009.17,"01",1,,,,5,,1,,,,,,,,111,,,1,,,,,,,,,,,,,,,,1,1,1,1,1,,,,,,,,,,,,,3,2,134401701,,
1,13,44,1,18,1,1009.17,"01",1,,,,4,,1,,,,,,1,1,,,,1,,,,,,,,,,,,,,,,1,1,1,1,,,1,1,,,,,,,,,,2,2,134401801,,
1,13,44,1,19,1,1009.17,"02",1,,,,5,,,,,111,,,,,111,,,,,,,,,,,,1,,,,,,,1,1,1,,,,1,,,1,,,,,,,,2,1,134401901,,
1,13,44,1,20,1,1009.17,"02",1,,,,1,,1,,,,,,,,111,,,1,,,,,,,,,,,,,,,,1,1,1,1,,,,,,,,,1,,,,,3,2,134402001,,
1,13,44,1,22,1,1009.17,"02",1,,,,1,,,,,111,,,,,111,,,,,,,,,,,,,,1,,,,,1,1,1,,,,,,,,,,,,,,,3,1,134402201,,
1,13,45,1,1,1,25.6564893103448,"01",9,,,,5,,,,1,,,,,1,,,,,,1,,,,,,,,,,,,,,1,1,1,1,,,,,,1,,,1,,,,,3,1,134500101,,
1,13,45,1,2,1,354.3039,"01",1,,,,1,,1,,,,,,,,111,,,1,,,,,,,,,,,,,,,,1,1,1,1,,,1,1,,,,,1,,,,,3,1,134500201,,
1,13,45,1,3,1,354.3039,"02",1,,,,5,,1,,,,,,,,111,,,1,,,,,,,,,,,,,,,,1,1,1,,,,,,,,,,1,,,,,3,1,134500301,,
1,13,45,1,4,1,25.6564893103448,"02",11,,,,1,,,,1,,,,1,,,,,,,,,,,,,,,,,,1,,,1,1,1,1,,,,,,,,,,,,,,3,4,134500401,,
1,13,45,1,5,1,354.3039,"02",1,,,,5,,1,,,,,,1,,,,,1,,,,,,,,,,,,,,,,1,1,1,1,,,1,1,,,,,,,,,,3,1,134500501,,
1,13,45,1,6,1,354.3039,"02",1,,,,5,,,,,111,,,,,111,,,,,,,,,,,,,,1,,,,,1,1,1,,,,,1,,,,,1,,,,,3,2,134500601,,
1,13,45,1,7,1,354.3039,"01",1,,,,5,,,,1,,,,,1,,,,,,,1,,,,,1,,,,,,,,1,1,1,1,1,1,1,,,,,,,,,,,2,2,134500701,,
1,13,45,1,8,1,25.6564893103448,"01",7,,,,1,,,,,111,,,,,,555,4,,,,,,,,,,,,,,1,,,1,0,,,,,,,,,,,,,,,,2,2,134500801,,
1,13,45,1,9,1,354.3039,"02",1,,,,1,,1,,,,,,,1,,,,1,,,,,,,,,,,,,,,,1,1,,,1,1,1,,,,,,,,,,,3,1,134500901,,
1,13,45,1,10,1,354.3039,"01",1,,,,5,,,,,111,,,1,,,,,,,,1,,,,,,,,,,,,,0,,,,,,,,,,,,,,,,,1,1,134501001,,
1,13,45,1,11,1,354.3039,"01",1,,,,5,,,,1,,,,,1,,,,,,,,,,,,1,,,,,,,,1,1,1,1,,,,,1,1,,,,,,,,3,1,134501101,,
1,13,45,1,12,1,354.3039,"02",1,,,,5,,1,,,,,,1,,,,,,,,1,,,,,,,,,,,,,1,1,1,1,,,1,1,,,,,1,,,,,3,1,134501201,,
1,13,45,1,13,1,354.3039,"02",1,,,,5,,1,,,,,,1,,,,,,,,1,,,,,,,,,,,,,1,1,1,,,,,1,,1,,,,,,,,3,2,134501301,,
1,13,45,1,14,1,25.6564893103448,"01",11,,,,1,,,,,111,,,,,111,,,,,,,,,,,,,,,,1,,,0,,,,,,,,,,,,,,,,,1,2,134501401,,
1,13,45,1,15,1,354.3039,"04",1,,,,5,,1,,1,,,,,,111,,,1,,,,,,,,,,,,,,,,1,1,1,1,,,1,1,,1,,,,,,,,2,1,134501501,,
1,13,45,1,19,1,354.3039,"02",1,,,,5,,,,1,,,,1,,,,,,,,1,,,,,,,,,,,,,1,1,1,1,,,,,,,,,,,,,,2,1,134501901,,
1,13,45,1,20,1,354.3039,"02",1,,,,5,,,,,111,,,1,,,,,,,,1,,,,,,,,,,,,,1,1,1,,,,1,,,,,,,,,,,2,2,134502001,,
1,13,45,1,21,1,354.3039,"02",1,,,,4,,1,,1,,,,,,111,,,1,,,,,,,,,,,,,,,,1,1,1,1,,,1,1,,,1,1,,,,,,3,1,134502101,,
1,13,46,2,2,1,916.8375,"01",1,,1,0,1,,,,1,,,,1,,,,,,,,1,,,,,,,,,,,,,1,0,,,,,,,,,,,,,,,1,2,1,134600201,,
1,13,46,2,3,1,239.671213692946,"01",7,,0,0,1,,,,1,,,,,1,,,,,,,1,,,,,,,,,,,,,0,,,,,,,,,,,,,,,,2,3,1,134600301,,
1,13,46,2,4,1,239.671213692946,"01",7,,0,0,1,,,,,111,,,,,111,,,,,,,,,,,1,,,,,,,,1,1,1,1,,,,,,,,,,,,,2,1,4,134600401,,
1,13,46,2,5,1,239.671213692946,"01",8,,0,0,1,,,,,111,,,,,111,,,,,,,,,,,1,,,,,,,,1,1,1,1,,,,,,,,,,,,,2,2,2,134600501,,
1,13,46,2,6,1,239.671213692946,"01",11,,0,0,1,,,1,,,,,1,,,,,1,1,,,,,,,,,,,1,,,,1,1,1,1,,,,,,1,,,,,,,2,3,2,134600601,,
1,13,46,2,7,1,916.8375,"01",1,,1,0,4,,1,,,,,,1,,,,,,,,,,,,,,,,1,,,,,1,1,1,1,,,,,,,,,,,,,2,3,2,134600701,,
1,13,46,2,8,1,239.671213692946,"01",11,,0,0,5,,,,,111,,,1,,,,,,,,,,,,,1,,,,,,,,1,1,1,1,,,,,,1,1,,,,,,2,3,2,134600801,,
1,13,46,2,9,1,916.8375,"01",1,,0,1,1,,,,,111,,,,,111,,,,,,,,,,,,,,,,1,,,1,1,1,1,,,,,,,,,,,,,1,2,1,134600901,,
1,13,46,2,10,1,916.8375,"01",1,,0,0,1,,,,,111,,,1,,,,,,,,1,,,,,,,,,,,,,1,1,1,1,,,,,,,,,,,,,2,2,2,134601001,,
1,13,46,2,11,1,239.671213692946,"01",7,,0,0,1,,,,1,,,,,,111,,,,,,,,,,,,,,,,1,,,1,1,1,1,,,,,,,,,,,,,2,2,2,134601101,,
1,13,46,2,13,1,916.8375,"02",1,,0,1,1,,,,,111,,,1,,,,,,,,1,,,,,,,,,,,,,1,1,1,1,,,1,,,,,,,,,,2,3,1,134601301,,
1,13,46,2,14,1,916.8375,"01",1,,0,0,5,,,,1,,,,,,111,,,,,1,,,,,,,,,,,,,,1,1,1,1,,,,,,1,,,,,,,2,2,2,134601401,,
1,13,46,2,15,1,916.8375,"02",1,,1,0,5,,,,,111,,,1,,,,,,,,1,,,,,,,,,,,,,1,1,1,1,,,1,,,,,,,,,,2,3,1,134601501,,
1,13,46,2,16,1,916.8375,"01",1,,1,0,5,,,,,111,,,,,111,,,,,,,,,,,,,,,,1,,,1,1,1,1,,,1,,,,,,,,,,2,3,1,134601601,,
1,13,46,2,18,1,239.671213692946,"01",7,,0,0,1,,,,,111,,,,,111,,,,,,,,,,,,,,,,1,,,0,,,,,,,,,,,,,,,,2,888,4,134601801,,
1,13,46,2,19,1,239.671213692946,"02",11,,0,0,1,,,,,111,,,,,111,,,,,,,,,,,,,1,,,,,,1,1,1,1,,,,,,,,,,,,,2,3,1,134601901,,
1,13,46,2,20,1,239.671213692946,"01",8,,0,0,1,,,,,111,,,,1,,,,,,,,,,,,,,,,,1,,,1,1,1,,,,,,,,,,,,,,2,2,1,134602001,,
1,13,46,2,21,1,916.8375,"02",1,,0,0,1,,,,1,,,,,,111,,,,,,,,,,1,,,1,,,,,,0,,,,,,,,,,,,,,,,2,3,4,134602101,,
1,13,47,1,1,1,335.788,"01",1,,,,4,,1,,,,,,,,111,,,1,,,,,,,,,,,,,,,,1,1,1,1,,,1,1,,1,,,,,,,,3,1,134700101,,
1,13,47,1,2,1,335.788,"01",1,,,,4,,1,,,,,,1,,,,,,,,1,,,,,,,,,,,,,1,1,1,1,,,1,1,,1,,,,,,,,3,2,134700201,,
1,13,47,1,3,1,335.788,"02",1,,,,5,,,1,,,,,1,,,,,,1,,,,,,,,,,,,,,,1,1,1,1,,,1,1,,1,,,,,,,,3,1,134700301,,
1,13,47,1,4,1,335.788,"02",1,,,,4,,1,,,,,,,,111,,,1,,,,,,,,,,,,,,,,1,1,1,1,,,1,1,,1,,,,,,,,3,2,134700401,,
1,13,47,1,5,1,335.788,"01",1,,,,5,,1,,,,,,1,,,,,,,,,,,,,,,,1,,,,,1,1,1,1,,,,,,1,,,,,,,,3,2,134700501,,
1,13,47,1,6,1,335.788,"01",1,,,,5,,1,,,,,,,1,,,,,,,1,,,,,,,,,,,,,1,1,1,1,,,1,,,1,,,,,,,,3,1,134700601,,
1,13,47,1,7,1,335.788,"01",1,,,,5,,,,,111,,,,,111,,,,,,,,,,,,,,1,,,,,1,1,1,,,,,,,1,,,,,,,,3,2,134700701,,
1,13,47,1,8,1,335.788,"01",1,,,,5,,1,,,,,,,,111,,,,,,,,,,,,,,1,,,,,1,1,1,,,,,,,1,,,,,,,,3,2,134700801,,
1,13,47,1,9,1,335.788,"01",1,,,,5,,1,,,,,,1,,,,,1,,,,,,,,,,,,,,,,1,1,1,1,,,,,,,,,,,,,,3,2,134700901,,
1,13,47,1,10,1,335.788,"01",1,,,,5,,1,,,,,,1,,,,,,,,1,,,,,,,,,,,,,1,1,1,1,,,,,,,,,,,,,,3,1,134701001,,
1,13,47,1,11,1,335.788,"01",1,,,,5,,1,,,,,,1,,,,,1,,,1,,,,,,,,,,,,,1,1,1,1,,,,,,,,,,,,,,3,1,134701101,,
1,13,47,1,12,1,335.788,"01",1,,,,4,,1,,,,,,1,,,,,,,,,,,1,,,,,,,,,,1,1,1,1,,,,,,,,,,,,,,3,1,134701201,,
1,13,47,1,13,1,335.788,"02",1,,,,4,,1,,1,,,,,,111,,,1,,,,,,,,1,,,,,,,,1,1,1,1,,,1,1,,1,,,,,,,,3,1,134701301,,
1,13,47,1,14,1,335.788,"01",1,,,,4,,1,,,,,,,,111,,,1,,,,,,,,,,,,,,,,1,1,1,1,,,1,1,,1,,,,,,,,3,2,134701401,,
1,13,47,1,15,1,335.788,"01",1,,,,5,,1,,,,,,1,,,,,,,,1,,,,,,,,,,,,,1,1,,,,,,,,1,,,,,,,,888,2,134701501,,
1,13,47,1,16,1,335.788,"02",1,,,,5,,1,,,,,,,1,,,,,,,,,,1,,,,,,,,,,1,1,,,,,,1,,1,,,1,,,,,3,1,134701601,,
1,13,47,1,17,1,335.788,"01",1,,,,5,,,,,,555,2,,,111,,,,,,,,,,,,,,,,1,,,1,1,,,,,,,,1,,,1,,,,,2,1,134701701,,
1,13,47,1,19,1,335.788,"02",1,,,,5,,,,1,,,,,1,,,,,,,,,,,,1,,,,,,,,1,1,,,,,,1,,1,,,1,,,,,3,1,134701901,,
1,13,48,1,1,1,1223.457,"02",1,,,,5,,,,,111,,,1,,,,,,,,1,,,,,,,,,,,,,1,1,1,1,,,,,,,,,,,,,,3,1,134800101,,
1,13,48,1,2,1,1223.457,"01",1,,,,4,,1,,,,,,1,,,,,,,,1,,,,,,,,,,,,,1,1,1,1,,,,,,,,,,,,,,3,2,134800201,,
1,13,48,1,3,1,1223.457,"01",1,,,,5,,1,,,,,,1,,,,,,,,1,,,,,,,,,,,,,1,1,1,1,,,,,,,,,,,,,,3,2,134800301,,
1,13,48,1,4,1,1223.457,"01",1,,,,4,,1,,,,,,1,,,,,1,,,,,,,,,,,,,,,,1,1,1,1,,,,,,,,,,,,,,3,1,134800401,,
1,13,48,1,5,1,1223.457,"01",1,,,,4,,1,,,,,,,,111,,,1,,,,,,,,,,,,,,,,1,1,1,1,,,1,1,,1,,,,,,,,3,1,134800501,,
1,13,48,1,6,1,1223.457,"01",1,,,,5,,,1,,,,,,,111,,,,1,,,,,,,,,,,,,,,1,1,1,1,,,1,1,,,,,,,,,,1,4,134800601,,
1,13,48,1,7,1,1223.457,"02",1,,,,5,,1,,,,,,1,,,,,1,,,,,,,,,,,,,,,,1,1,1,1,,,1,1,,1,,,,,,,,3,2,134800701,,
1,13,48,1,8,1,1223.457,"02",1,,,,5,,,1,,,,,,,111,,,,1,,,,,,,,,,,,,,,1,1,1,1,,,1,1,,1,,,,,,,,3,1,134800801,,
1,13,48,1,9,1,1223.457,"02",1,,,,5,,1,,,,,,,1,,,,1,,,,,,,,,,,,,,,,1,1,1,1,,,1,1,,,,,1,,,,,3,1,134800901,,
1,13,48,1,10,1,1223.457,"01",1,,,,4,,1,,,,,,,,111,,,,,,,,,,,,,,,,1,,,1,1,1,,,,1,1,,,,,,,,,,888,2,134801001,,
1,13,48,1,11,1,1223.457,"01",1,,,,5,,1,,,,,,1,,,,,,,,1,,,,,,,,,,,,,1,1,1,,,,1,1,,1,,,,,,,,3,2,134801101,,
1,13,48,1,12,1,1223.457,"01",1,,,,4,,,,,,555,2,,,,555,4,,,,,1,,,,,,,,,,,,1,1,,,,,1,1,,,,,,,,,,3,1,134801201,,
1,13,48,1,13,1,1223.457,"01",1,,,,5,,,,,111,,,,,111,,,,,,,,,,,,,,,,1,,,1,1,,,,,,1,,,,,,,,,,3,1,134801301,,
1,13,48,1,14,1,1223.457,"01",1,,,,5,,,,,,555,2,,1,,,,1,,,,,,,,,,,,,,,,1,1,,,,,,,,1,,,1,,,,,3,1,134801401,,
1,13,48,1,15,1,1223.457,"02",1,,,,4,,1,,,,,,,,111,,,1,,,,,,,,,,,1,,,,,1,1,1,1,,,1,1,,1,,,,,,,,3,1,134801501,,
1,13,48,1,16,1,1223.457,"03",1,,,,4,,1,,,,,,,,111,,,1,,,,,,,,,,,,,,,,1,1,1,1,,,1,1,,,,,,,,,,3,1,134801601,,
1,13,48,1,17,1,1223.457,"01",1,,,,5,,1,,,,,,,1,,,,1,1,,,,,,,,,,,,,,,1,1,1,1,,,1,1,,1,,,,,,,,3,1,134801701,,
1,13,49,1,1,1,170.3618,"02",1,,,,5,,1,,,,,,,,111,,,1,,,,,,,,,,,,,,,,1,1,1,1,,,1,1,,1,,,,,,,,3,1,134900101,,
1,13,49,1,2,1,170.3618,"01",1,,,,5,,1,,,,,,1,,,,,1,,,,,,,,,,,,,,,,1,1,1,1,,,1,1,,1,,,,,,,,3,1,134900201,,
1,13,49,1,3,1,170.3618,"01",1,,,,5,,,,1,,,,,,111,,,,,1,,,,,,,,,,,,,,1,1,1,1,,,1,1,,,,,,,,,,2,2,134900301,,
1,13,49,1,4,1,170.3618,"01",1,,,,5,,1,,,,,,,,111,,,1,,,,,,,,,,,,,,,,1,1,1,1,,,1,1,,1,,,,,,,,1,4,134900401,,
1,13,49,1,5,1,170.3618,"01",1,,,,5,,1,,,,,,,,111,,,,,,,,,,,,,,1,,,,,1,1,1,1,,,,,,,,,,,,,,3,1,134900501,,
1,13,49,1,6,1,170.3618,"02",1,,,,5,,1,,,,,,1,,,,,,,,1,,,,,,,,,,,,,1,1,1,1,,,,,,,,,,,,,,2,2,134900601,,
1,13,49,1,7,1,170.3618,"01",1,,,,5,,1,,,,,,1,,,,,1,,,1,,,,,,,,,,,,,1,1,1,1,,,,,,,,,,,,,,2,1,134900701,,
1,13,49,1,8,1,170.3618,"01",1,,,,4,,1,,,,,,,,111,,,1,,,,,,,,,,,,,,,,1,1,1,1,,,1,1,,1,,,,,,,,3,1,134900801,,
1,13,49,1,9,1,170.3618,"01",1,,,,5,,1,,,,,,,,111,,,1,,,,,,,,,,,,,,,,1,1,1,1,,,1,1,,1,,,,,,,,2,2,134900901,,
1,13,49,1,10,1,170.3618,"01",1,,,,4,,1,,1,,,,,1,,,,1,,,1,,,,,,,,,,,,,1,1,1,1,,,1,1,,1,1,,,,,,,3,1,134901001,,
1,13,49,1,11,1,170.3618,"02",1,,,,4,,1,,,,,,1,,,,,,,,,,,,,1,,,,,,,,1,1,,,,,,1,,1,,,1,,,,,3,2,134901101,,
1,13,49,1,12,1,170.3618,"01",1,,,,5,,,,,111,,,,,111,,,,,,,,,,,,,,,,1,,,1,1,,,,,,,,1,,,1,,,,,3,2,134901201,,
1,13,49,1,13,1,170.3618,"01",1,,,,5,,,,,111,,,1,,,,,,,,,,,,,,,,,,1,,,1,1,,,,,,,,,,,1,,,,,2,2,134901301,,
1,13,49,1,14,1,170.3618,"01",1,,,,5,,1,,,,,,,,111,,,,,,,,,,,,,,,,1,,,1,1,1,,,,1,,,1,,,,,,,,3,1,134901401,,
1,13,49,1,15,1,170.3618,"02",1,,,,4,,1,,,,,,1,,,,,1,,,1,,,,,,,,1,,,,,1,1,1,1,,,1,1,,1,,,,,,,,3,2,134901501,,
1,13,49,1,16,1,170.3618,"02",1,,,,5,,,,,111,,,,,111,,,,,,,,,,,,,,1,,,,,1,1,1,,,,1,1,,,,,,,,,,3,1,134901601,,
1,13,49,1,17,1,170.3618,"02",1,,,,5,,1,,,,,,1,,,,,,,,1,,,,,,,,,,,,,1,1,1,1,,,,,,,,,,,,,,2,2,134901701,,
1,13,49,1,18,1,170.3618,"02",1,,,,4,,1,,,,,,,,111,,,1,,,,,,,,,,,,,,,,1,1,1,,,,,,,,,,,,,,,3,2,134901801,,
2,21,50,1,1,1,312.3764,"02",1,,,,5,,,,,111,,,,1,,,,,,,1,,,,,,,,,,,,,1,1,1,,,,1,,,,,,,,,,,1,1,215000102,,
2,21,50,1,2,1,312.3764,"01",1,,,,5,,1,,,,,,,,111,,,,,,,,,,,1,,,,,,,,1,1,1,,,,,,,,,,,,,,,3,1,215000202,,
2,21,50,1,3,1,70.7120706467662,"01",13,8,,,5,,,,,111,,,,,111,,,,,,,,,,,,,,,,1,,,0,,,,,,,,,,,,,,,,,1,1,215000302,,
2,21,50,1,4,1,312.3764,"02",1,,,,1,,,,1,,,,,,111,,,,,,,,,,,1,,,,,,,,1,1,1,1,,,,,,,,,,,,,,3,1,215000402,,
2,21,50,1,5,1,312.3764,"04",1,,,,5,,,,1,,,,1,,,,,,,,1,,,,,,,,,,,,,1,1,1,1,,,1,,,,,,,,,,,3,1,215000502,,
2,21,50,1,7,1,70.7120706467662,"01",9,,,,1,,,1,,,,,1,,,,,,,,1,,,,,,,,,,,,,0,,,,,,,,,,,,,,,,,1,1,215000702,,
2,21,50,1,8,1,70.7120706467662,"01",11,,,,1,,,1,,,,,1,,,,,,,,1,,,,,,,,,,,,,1,1,1,,,,,,,,,,,,,,,1,1,215000802,,
2,21,50,1,9,1,70.7120706467662,"02",11,,,,1,,,1,,,,,1,,,,,,,,1,,,,,,,,,,,,,0,,,,,,,,,,,,,,,,,3,1,215000902,,
2,21,50,1,10,1,312.3764,"02",1,,,,5,,1,,,,,,1,,,,,1,,,,,,,,,,,,,,,,1,1,1,1,,,1,,,,,,,,,,,2,1,215001002,,
2,21,50,1,11,1,312.3764,"02",1,,,,5,,,,,111,,,,,111,,,,,,,,,,,,,,,,1,,,1,1,1,1,,,1,,,,,,,,,,,3,1,215001102,,
2,21,50,1,12,1,312.3764,"01",1,,,,5,,,,,111,,,,,111,,,,,,,,,,,,,,1,,,,,0,,,,,,,,,,,,,,,,,2,1,215001202,,
2,21,50,1,13,1,312.3764,"02",1,,,,1,,,,1,,,,1,,,,,,,,1,,,,,,,,,,,,,1,1,1,1,,,,,,,,,,,,,,2,1,215001302,,
2,21,50,1,14,1,312.3764,"01",1,,,,5,,,,1,,,,1,,,,,,,,1,,,,,,,,,,,,,1,1,1,1,,,,,,,,,,,,,,2,1,215001402,,
2,21,50,1,15,1,312.3764,"02",1,,,,5,,,,,111,,,,1,,,,,,,1,,,,,,,,,,,,,1,1,1,1,,,1,,,,,,,,,,,2,1,215001502,,
2,21,50,1,16,1,312.3764,"02",1,,,,5,,1,,,,,,,,111,,,1,,,,,,,,,,,,,,,,1,1,1,1,,,1,1,1,,,,,,,,,3,1,215001602,,
2,21,50,1,17,1,312.3764,"01",1,,,,5,,,,,111,,,1,,,,,,,,1,,,,,,,,,,,,,1,1,1,1,,,1,,,,,,,,,,,2,1,215001702,,
2,21,50,1,18,1,312.3764,"01",1,,,,1,,,,,111,,,1,,,,,,,,1,,,,,,,,,,,,,0,,,,,,,,,,,,,,,,,2,2,215001802,,
2,21,51,1,1,1,30.9889583687341,"01",11,,,,5,,1,,,,,,,,111,,,,,,,,,,,,,,,,1,,,0,,,,,,,,,,,,,,,,,2,4,215100102,,
2,21,51,1,2,1,30.9889583687341,"03",11,,,,5,,,,1,,,,,,111,,,,,1,,,,,,,,,,,,,,1,1,1,1,,,,,,,,,,,,,,2,1,215100202,,
2,21,51,1,3,1,260.5286,"02",1,,,,6,,,,,111,,,,,111,,,,,,1,,,,,,,,,,,,,1,1,1,,,,,,,,,,,,,,,2,2,215100302,,
2,21,51,1,4,1,30.9889583687341,"02",11,,,,5,,1,,,,,,,,111,,,,,,,,,,,,,,1,,,,,1,1,1,,,,,,,,,,,,,,,3,1,215100402,,
2,21,51,1,5,1,30.9889583687341,"02",7,,,,6,,,,,111,,,,,111,,,,,,,,,,,,,,,,1,,,1,1,1,,,,,,,,,,,,,,,3,2,215100502,,
2,21,51,1,6,1,30.9889583687341,"01",8,,,,1,,,,,111,,,,,111,,,,,,,,,,,,,,,,1,,,0,,,,,,,,,,,,,,,,,1,4,215100602,,
2,21,51,1,7,1,30.9889583687341,"01",8,,,,1,,,,,111,,,,1,,,,,,,1,,,,,,,,,,,,,1,0,,,,,,,,,,,,,,,,2,1,215100702,,
2,21,51,1,8,1,30.9889583687341,"01",7,,,,1,,,,,111,,,,,111,,,,,,,,,,,,,,1,,,,,0,,,,,,,,,,,,,,,,,888,2,215100802,,
2,21,51,1,9,1,30.9889583687341,"01",7,,,,1,,,,,111,,,,,111,,,,,,,,,,,,,,1,,,,,0,,,,,,,,,,,,,,,,,2,1,215100902,,
2,21,51,1,10,1,260.5286,"01",1,,,,1,,,,1,,,,,,111,,,,,,,,,,,1,,,,,,,,1,1,1,1,,,,,,1,,,,,,,,3,1,215101002,,
2,21,51,1,11,1,260.5286,"02",1,,,,5,,1,,,,,,,,111,,,1,,,,,,,,,,,,,,,,1,1,1,1,,,1,,,,,,,,,,,3,1,215101102,,
2,21,51,1,12,1,260.5286,"01",1,,,,4,,1,1,,,,,,1,,,,1,,,,,,,,,,,,,,,,1,1,1,1,,,,,,1,,,,,,,,3,1,215101202,,
2,21,51,1,13,1,30.9889583687341,"01",11,,,,5,,,,,111,,,,,,,,,,,,,,,,,,,1,,,,,1,0,,,,,,,,,,,,,,,,2,2,215101302,,
2,21,51,1,14,1,30.9889583687341,"01",7,,,,1,,,,,111,,,,,111,,,,,,,,,,,,,,,,1,,,1,1,1,1,,,,,,,,,,,,,,2,1,215101402,,
2,21,51,1,15,1,260.5286,"02",1,,,,1,,,,1,,,,,,111,,,,,,,,,,,1,,,,,,,,1,1,1,1,,,1,,,,,,,,,,,3,1,215101502,,
2,21,51,1,17,1,260.5286,"02",1,,,,5,,1,,,,,,,,111,,,1,,,,,,,,,,,,,,,,1,1,1,1,,,1,,,,,,,,,,,3,1,215101702,,
2,21,51,1,18,1,260.5286,"02",1,,,,5,,1,,,,,,,1,,,,1,,,,,,,,,,,,,,,,1,1,1,1,,,1,1,,,,,,1,,,,3,2,215101802,,
2,21,51,1,20,1,30.9889583687341,"01",11,,,,1,,,,,111,,,,,111,,,,,,,,,,,1,,,,,,,,1,0,,,,,,,,,,,,,,,,2,1,215102002,,
2,21,52,2,1,1,1357.81097435897,"01",11,,0,0,1,,,,,111,,,1,,,,,,,,1,,,,,,,,,,,,,1,1,1,1,,,,,,,,,,,,,2,2,1,215200102,,
2,21,52,2,2,1,1357.81097435897,"01",11,,1,0,1,,,,,111,,,1,,,,,,,,1,,,,,,,,,,,,,0,,,,,,,,,,,,,,,,1,2,1,215200202,,
2,21,52,2,3,1,1091.848,"01",1,,0,0,1,,,,,111,,,,,111,,,,,,,,,,,,,,,,1,,,0,,,,,,,,,,,,,,,,2,3,1,215200302,,
2,21,52,2,4,1,1357.81097435897,"02",9,,1,0,1,,,,1,,,,,1,,,,,,,,,,,,1,,,,,,,,1,1,1,1,,,,,,,,,,,,,2,3,1,215200402,,
2,21,52,2,5,1,1357.81097435897,"02",11,,0,0,1,,,,,111,,,1,,,,,,,,1,,,,,,,,,,,,,0,,,,,,,,,,,,,,,,1,3,1,215200502,,
2,21,52,2,6,1,1357.81097435897,"01",11,,0,0,1,,,,,111,,,,,111,,,,,,,,,,,,,,,,1,,,0,,,,,,,,,,,,,,,,2,3,1,215200602,,
2,21,52,2,7,1,1357.81097435897,"01",11,,0,0,1,,,,,111,,,1,,,,,,,,1,,,,,,,,,,,,,1,1,1,1,,,,,,,,,,,,,2,888,2,215200702,,
2,21,52,2,8,1,1357.81097435897,"01",11,,0,0,1,,,,,111,,,,,111,,,,,,,,,,,,,,,,1,,,0,,,,,,,,,,,,,,,,2,2,4,215200802,,
2,21,52,2,9,1,1357.81097435897,"01",11,,0,0,1,,,,,111,,,1,,,,,,,,1,,,,,1,,,,,,,,1,1,1,1,,,,,,,,,,,,,2,2,1,215200902,,
2,21,52,2,10,1,1091.848,"01",1,,1,0,5,,,,1,,,,,1,,,,,,,1,,,,,1,,,,,,,,0,,,,,,,,,,,,,,,,2,3,1,215201002,,
2,21,52,2,11,1,1091.848,"01",1,,1,1,5,,1,1,,,,,1,,,,,1,,,,,,,,,,,,,,,,1,1,1,1,,,,,,1,,,,,,,2,3,1,215201102,,
2,21,52,2,12,1,1357.81097435897,"02",8,,0,0,1,,,,1,,,,,1,,,,,,,1,,,,,,,,,,,,,1,1,1,,,,,,,1,,,1,,,,2,2,1,215201202,,
2,21,52,2,13,1,1357.81097435897,"01",11,,0,0,1,,,,,111,,,1,,,,,,,,,,,,,1,,,,,,,,0,,,,,,,,,,,,,,,,2,3,1,215201302,,
2,21,52,2,14,1,1091.848,"01",1,,0,0,5,,,,1,,,,,,111,,,,,,,,,,,1,,,,,,,,1,1,1,1,,,,,,1,,,,,,,2,3,1,215201402,,
2,21,52,2,15,1,1357.81097435897,"01",5,,0,1,1,,,,,111,,,,1,,,,,1,,,,,,,,,,,1,,,,1,1,1,,,,,,,,,,,1,,,2,3,1,215201502,,
2,21,52,2,16,1,1091.848,"01",1,,0,1,1,,,1,1,,,,,1,,,,,,,1,,,,,1,,,,,,,,1,1,1,1,,,,,,,,,,,,,2,3,1,215201602,,
2,21,52,2,17,1,1357.81097435897,"02",6,,0,0,1,,,,,111,,,,,111,,,,,,,,,,,1,,,,,,555,6,1,1,1,,,,,,,,,,,,,,2,3,1,215201702,,
2,21,52,2,18,1,1357.81097435897,"01",11,,2,0,1,,,,,111,,,,1,,,,,,,1,,,,,,,,,,,,,1,1,1,1,,,,,,,,,,,,,1,2,1,215201802,,
2,21,53,2,1,1,1158.7450875,"01",11,,1,0,1,,,,,111,,,,1,,,,,,,,,,,,,,,,,1,,,0,,,,,,,,,,,,,,,,2,2,1,215300102,,
2,21,53,2,2,1,1158.7450875,"01",11,,0,0,1,,,,,111,,,,,111,,,,,,,,,,,,,,,,1,,,0,,,,,,,,,,,,,,,,2,3,2,215300202,,
2,21,53,2,3,1,1158.7450875,"01",11,,0,0,1,,,,,111,,,,,111,,,,,,,,,,,,,,,,1,,,0,,,,,,,,,,,,,,,,2,3,1,215300302,,
2,21,53,2,4,1,1158.7450875,"01",11,,0,0,1,,,,,111,,,,,111,,,,,,,,,,,,,,,,1,,,0,,,,,,,,,,,,,,,,1,3,1,215300402,,
2,21,53,2,5,1,1158.7450875,"02",11,,0,0,1,,,,,111,,,1,,,,,,,,1,,,,,,,,,,,,,1,1,1,1,,,,,,,,,,,,,2,3,1,215300502,,
2,21,53,2,6,1,1158.7450875,"01",11,,0,0,1,,,,,111,,,1,,,,,,,,1,,,,,,,,,,,,,1,1,1,1,,,,,,,,,,,,,2,2,1,215300602,,
2,21,53,2,7,1,1158.7450875,"01",5,,0,0,1,,,1,,,,,1,,,,,,,,1,,,,,,,,,,,,,1,1,1,1,,,,,,1,,,,,,,1,3,1,215300702,,
2,21,53,2,8,1,1158.7450875,"02",9,,0,0,1,,,,,111,,,,,111,,,,,,,,,,,,,,,,1,,,0,,,,,,,,,,,,,,,,1,3,1,215300802,,
2,21,53,2,9,1,1158.7450875,"02",11,,1,0,1,,,,,111,,,,,111,,,,,,,,,,,,,,,,1,,,0,,,,,,,,,,,,,,,,1,3,1,215300902,,
2,21,53,2,10,1,1158.7450875,"01",11,,0,0,1,,,,1,,,,1,,,,,,,,1,,,,,1,,,,,,,,1,1,1,1,,,,,,,,,,,,,1,3,1,215301002,,
2,21,53,2,11,1,1018.677,"02",1,,0,0,1,,,1,,,,,,1,,,,,,,1,,,,,,,,,,,,,0,,,,,,,,,,,,,,,,2,3,1,215301102,,
2,21,53,2,12,1,1158.7450875,"02",11,,0,0,1,,,,,111,,,,,111,,,,,,,,,,,,,,,,1,,,1,1,1,1,,,,,,,,,,,,,1,1,1,215301202,,
2,21,53,2,13,1,1158.7450875,"01",11,,0,0,1,,,,,111,,,,,111,,,,,,,,,,,,,,1,,,,,1,1,1,1,,,,,,,,,,,,,2,3,4,215301302,,
2,21,53,2,14,1,1018.677,"02",1,,1,1,5,,,,1,,,,1,,,,,,,,,,,,,1,,,,,,,,1,1,1,1,,,1,,,,,,,,,,1,3,1,215301402,,
2,21,53,2,15,1,1018.677,"02",1,,0,1,5,,,,,111,,,,,111,,,,,,,,,,,,,,,,1,,,1,1,1,,,,,,,,,,1,,,,2,1,1,215301502,,
2,21,53,2,16,1,1018.677,"01",1,,0,1,5,,,,,111,,,,,111,,,,1,,,,,,,1,,,,,,,,1,1,1,,,,,,,,,,,1,,,1,3,1,215301602,,
2,21,53,2,17,1,1018.677,"02",1,,2,0,5,,1,,,,,,,,111,,,,1,,,1,,,,,,,,,,,,1,1,1,,,,1,,,,,,,,,,2,3,1,215301702,,
2,21,53,2,18,1,1018.677,"01",1,,0,0,1,,,,,111,,,,,111,,,,,,,,,,,,,,,,1,,,1,1,1,,,,1,,,,,,,,,,2,3,1,215301802,,
2,21,54,2,1,1,429.702488636364,"01",11,,0,0,1,,,,,111,,,,,111,,,,,,,,,,,,,,1,,,,,0,,,,,,,,,,,,,,,,2,2,1,215400102,,
2,21,54,2,2,1,429.702488636364,"01",11,,0,0,1,,,1,,,,,,1,,,,,,,1,,,,,,1,1,,,,,,0,,,,,,,,,,,,,,,,1,2,1,215400202,,
2,21,54,2,3,1,429.702488636364,"02",11,,0,0,1,,,,,111,,,,1,,,,,,,1,,,,,,,,,,,,,0,,,,,,,,,,,,,,,,2,2,2,215400302,,
2,21,54,2,4,1,429.702488636364,"02",11,,0,0,1,,,,1,,,,,1,,,,,,,1,,,,,,,,,,,,,1,1,1,1,,,,,,,,,,,,,2,3,1,215400402,,
2,21,54,2,5,1,429.702488636364,"01",11,,2,0,1,,1,,,,,,1,,,,,,,,1,,,,,,,,,,,,,0,,,,,,,,,,,,,,,,1,3,1,215400502,,
2,21,54,2,6,1,429.702488636364,"02",11,,0,0,1,,,,1,,,,,1,,,,,,,1,,,,,,,,,,,,,1,1,1,1,,,,,,,,,,,,,2,3,1,215400602,,
2,21,54,2,7,1,429.702488636364,"01",11,,1,0,1,,,,,111,,,,,111,,,,,,,,,,,,,,,,1,,,0,,,,,,,,,,,,,,,,1,2,1,215400702,,
2,21,54,2,8,1,429.702488636364,"01",11,,1,0,1,,,,,111,,,,,111,,,,,,,,,,,,,,,,1,,,0,,,,,,,,,,,,,,,,2,3,1,215400802,,
2,21,54,2,10,1,429.702488636364,"01",5,,1,0,5,,,1,,,,,,1,,,,,,,1,,,,,,1,,,,,,,0,,,,,,,,,,,,,,,,1,3,1,215401002,,
2,21,54,2,11,1,995.1005,"01",1,,1,0,5,,,,,111,,,1,,,,,,,,,,,,,,,,,,,555,5,1,1,1,,,,,,,,,,,,,,1,3,1,215401102,,
2,21,54,2,12,1,995.1005,"01",1,,0,1,5,,,,,111,,,1,,,,,,,,,,,,,,,,,,,555,5,1,0,,,,,,,,,,,,,,,2,3,1,215401202,,
2,21,54,2,13,1,995.1005,"01",1,,2,0,1,,,,,111,,,1,,,,,,,,1,,,,,,,,,,,,,1,1,1,1,,,,,,,,,,,,,2,3,1,215401302,,
2,21,54,2,14,1,995.1005,"01",1,,1,0,5,,,,,111,,,1,,,,,,,,1,,,,,,,,,,,,,1,0,,,,,,,,,,,,,,,1,3,1,215401402,,
2,21,54,2,15,1,995.1005,"02",1,,1,1,5,,,,,111,,,1,,,,,,,1,,,,,,,,,,,,,,1,1,1,1,,,1,,,,,,,,,,1,3,1,215401502,,
2,21,54,2,16,1,995.1005,"01",1,,2,0,1,,,,,111,,,1,,,,,,,,1,,,,,,,,,,,,,0,,,,,,,,,,,,,,,,2,2,1,215401602,,
2,21,54,2,17,1,995.1005,"02",1,,0,0,5,,,,,111,,,1,,,,,,,,,,,,,,,,,,,555,5,0,,,,,,,,,,,,,,,,2,2,1,215401702,,
2,21,54,2,18,1,429.702488636364,"01",11,,0,0,1,,,,,111,,,,,111,,,,,,,,,,,,,,,,1,,,0,,,,,,,,,,,,,,,,2,2,1,215401802,,
2,21,54,2,21,1,995.1005,"01",1,,0,0,1,,,,,111,,,1,,,,,,,,,,,,,,,,,,,555,5,1,1,1,,,,,,,,,,,,,,2,3,1,215402102,,
2,21,55,2,1,1,1326.08,"02",12,,0,1,1,,,,1,,,,,1,,,,,,,1,,,,,,,,,,,,,1,1,1,,,,,,,,,,,,,,1,2,1,215500102,,
2,21,55,2,2,1,1326.08,"02",11,,0,0,1,,1,,,,,,,1,,,,1,,,,,,,,,,,,,,,,1,1,1,1,,,,,,,,,1,,,,2,888,2,215500202,,
2,21,55,2,3,1,1326.08,"02",11,,0,0,1,,,,,111,,,1,,,,,,,,1,,,,,,,,,,,,,1,1,1,1,,,,,,,,,,,,,2,2,1,215500302,,
2,21,55,2,4,1,1326.08,"02",9,,2,0,1,,,,,111,,,,,111,,,,,,,,,,,,,,,,1,,,0,,,,,,,,,,,,,,,,1,2,1,215500402,,
2,21,55,2,5,1,1326.08,"01",11,,0,0,1,,,,,111,,,,,111,,,,,,,,,,,,,,,,1,,,0,,,,,,,,,,,,,,,,1,2,1,215500502,,
2,21,55,2,6,1,1326.08,"01",11,,0,1,1,,,,,111,,,1,,,,,,,,1,,,,,,,,,,,,,1,1,1,1,,,,,,,,,,,,,1,3,1,215500602,,
2,21,55,2,7,1,1326.08,"01",11,,0,0,1,,,,1,,,,,,111,,,,,,,,,,,1,,,,,,,,0,,,,,,,,,,,,,,,,1,3,1,215500702,,
2,21,55,2,8,1,1326.08,"01",11,,0,0,1,,,,,111,,,,,111,,,,,,,,,,,,,,,,1,,,0,,,,,,,,,,,,,,,,2,2,4,215500802,,
2,21,55,2,9,1,1326.08,"01",9,,0,0,1,,,1,1,,,,,1,,,,,,,1,,,,,,,,,,,,,0,,,,,,,,,,,,,,,,2,3,1,215500902,,
2,21,55,2,10,1,1326.08,"01",8,,0,0,1,,,,,111,,,1,,,,,,,,1,,,,,,,,,,,,,1,1,1,1,,,,,,,,,,,,,2,2,1,215501002,,
2,21,55,2,11,1,1326.08,"02",5,,0,1,2,,,,1,,,,,1,,,,,,,,,,,,1,,,,,,,,1,1,1,,,,,,,,,,,,,,1,3,555,215501102,,
2,21,55,2,12,1,1326.08,"01",6,,0,0,1,,,,,111,,,,,111,,,,,,,,,,,,,,,,1,,,0,,,,,,,,,,,,,,,,1,1,1,215501202,,
2,21,55,2,13,1,1326.08,"01",5,,0,0,5,,,1,1,,,,,1,,,,,,,1,,,,,1,,,,,,,,0,,,,,,,,,,,,,,,,1,4,4,215501302,,
2,21,55,2,14,1,1326.08,"01",9,,0,0,1,,,,,111,,,,,111,,,,,,,,,,,,,,,,1,,,0,,,,,,,,,,,,,,,,1,2,1,215501402,,
2,21,55,2,15,1,1326.08,"01",11,,0,0,1,,1,1,,,,,,1,,,,,1,,,,,,,,,,,,,,,0,,,,,,,,,,,,,,,,1,3,1,215501502,,
2,21,55,2,16,1,1326.08,"01",9,,2,1,1,,,,1,,,,,1,,,,,,,,,,,,1,,,,,,,,0,,,,,,,,,,,,,,,,2,2,1,215501602,,
2,21,55,2,17,1,1326.08,"02",11,,0,0,1,,,1,,,,,,1,,,,,,,1,,,,,,,,,,,,,1,1,1,,,,,,,,,,,,,,1,3,1,215501702,,
2,21,55,2,18,1,1326.08,"01",9,,0,0,1,,,,,111,,,,,111,,,,,,,,,,,,,,,,1,,,0,,,,,,,,,,,,,,,,1,2,1,215501802,,
2,22,56,2,1,3,169.8456,"01",1,,0,0,1,,,,,111,,,,,111,,,,,,,,,,,,1,,1,,,,,1,1,1,1,,,,,,1,,,1,,,,2,3,1,225600102,,
2,22,56,2,2,3,169.8456,"01",1,,0,0,5,,,,,111,,,,,111,,,,,,,,,,,,,,,,1,,,0,,,,,,,,,,,,,,,,2,2,1,225600202,,
2,22,56,2,3,3,20.9106391959799,"01",11,,0,1,1,,,,1,,,,,,111,,,,,1,,,,,,,,,,,,,,1,1,1,1,,,,,,1,,1,1,,,,2,3,1,225600302,,
2,22,56,2,4,3,169.8456,"01",1,,0,1,1,,,,,111,,,,1,,,,,,,1,,,,,,1,1,1,,,,,1,1,1,1,,1,,,,1,,,1,,,,2,1,1,225600402,,
2,22,56,2,5,3,169.8456,"01",1,,0,0,1,,,,,111,,,,,111,,,1,,,1,,,,,,,,1,,,,,1,1,1,1,,,,,,,,,,,,,2,1,1,225600502,,
2,22,56,2,6,3,169.8456,"01",1,,0,0,1,,,,,111,,,,,111,,,,,,,,,,,,,,1,,,,,0,,,,,,,,,,,,,,,,1,2,4,225600602,,
2,22,56,2,7,3,20.9106391959799,"01",11,,0,0,5,,1,,,,,,,1,,,,,,,,,,,,1,,,,,,,,1,1,1,1,,,,,,,,,,,,,2,2,1,225600702,,
2,22,56,2,8,3,169.8456,"01",1,,0,0,1,,,,,111,,,,,111,,,,,,,,,,,,,,1,,,,,1,1,1,1,,,,,,,,,,,,,2,2,1,225600802,,
2,22,56,2,9,3,20.9106391959799,"03",11,,0,0,1,,,,,111,,,,1,,,,,,,1,,,,,,,,,,,,,0,,,,,,,,,,,,,,,,1,2,1,225600902,,
2,22,56,2,10,3,169.8456,"01",1,,1,1,5,,1,,1,,,,1,,,,,1,,,1,,,,,1,,,,,,,,1,1,1,1,,,1,,,,1,,1,,,,1,3,1,225601002,,
2,22,56,2,11,3,169.8456,"01",1,,0,0,1,,,,,111,,,,1,,,,,,,1,,,,,,,,,,,,,1,1,1,1,,,1,,,,,,,,,,1,3,1,225601102,,
2,22,56,2,12,3,169.8456,"01",1,,0,0,1,,,,,111,,,,1,,,,,,,1,,,,,,,,,,,,,1,1,1,,,,1,,,,,,,,,,1,3,1,225601202,,
2,22,56,2,13,3,169.8456,"01",1,,0,0,1,,,,1,,,,,1,,,,,,1,1,,,,,,,,,,,,,1,1,1,1,,,1,,,,,,,,,,2,1,1,225601302,,
2,22,56,2,14,3,169.8456,"01",1,,0,0,1,,,,1,,,,1,1,,,,,,,1,,,,,,,,,,,,,1,0,,,,,,,,,,,,,,,2,1,1,225601402,,
2,22,56,2,15,3,169.8456,"01",1,,0,0,5,,,,,111,,,,1,,,,,,,1,,,,,,,,,,,,,1,1,1,1,,,,,,,,,,,,,2,2,1,225601502,,
2,22,56,2,16,3,169.8456,"01",1,,0,0,5,,,,,111,,,,,111,,,,,,,,,,,,,,1,,,,,1,1,1,1,,,,,,,,,1,,,,1,3,1,225601602,,
2,22,56,2,17,3,20.9106391959799,"01",11,,0,0,1,,,,,111,,,,1,,,,,,,1,,,,,,,,,,,,,0,,,,,,,,,,,,,,,,1,2,1,225601702,,
2,22,56,2,18,3,169.8456,"01",1,,0,0,5,,,,,111,,,,,111,,,,,,,,,,,,,,1,,,,,1,1,1,1,,,,,,,,,,,,,1,3,1,225601802,,
2,22,57,2,1,3,92.0452122916667,"02",11,,0,0,1,,,,1,,,,,1,,,,,,,1,,,,,,,,,,,,,1,1,1,1,,,,,,,,,,,,,1,3,1,225700102,,
2,22,57,2,2,3,92.0452122916667,"01",9,,0,0,1,,,,,111,,,1,,,,,,1,,,,,,,,,,,,,,,1,1,1,1,,,,,,,,,,,,,2,2,1,225700202,,
2,22,57,2,3,3,92.0452122916667,"01",9,,0,1,1,,,,,111,,,1,,,,,,,,,,,,,1,,,,,,,,1,1,1,1,,,,,,,,,,,,,2,2,1,225700302,,
2,22,57,2,4,3,92.0452122916667,"01",11,,1,0,1,,,,,111,,,,1,,,,,,,,,,,,,,,1,,,,,1,1,1,1,,,,,,,,,,,,,2,2,1,225700402,,
2,22,57,2,5,3,92.0452122916667,"02",11,,0,0,1,,,,,111,,,,1,,,,,,,1,,,,,,,,,,,,,1,1,1,1,,,,,,,,,,,,,2,2,1,225700502,,
2,22,57,2,6,3,92.0452122916667,"01",11,,0,0,1,,,,1,,,,,,111,,,,,,,,,,,1,,,,,,,,1,0,,,,,,,,,,,,,,,2,2,1,225700602,,
2,22,57,2,7,3,92.0452122916667,"01",9,,0,0,1,,,,,111,,,,,111,,,,,,,,,,,,,,,,1,,,0,,,,,,,,,,,,,,,,1,2,1,225700702,,
2,22,57,2,8,3,92.0452122916667,"01",9,,2,0,1,,,,,111,,,,1,,,,,,,1,,,,,,,,,,,,,1,1,1,1,,,,,,,,,,,,,1,2,1,225700802,,
2,22,57,2,9,3,92.0452122916667,"01",7,,2,0,1,,,,,111,,,,1,,,,,,,1,,,,,,,,,,,,,1,1,1,1,,,,,,,,,,,,,1,2,1,225700902,,
2,22,57,2,10,3,33.72649,"02",1,,0,0,5,,1,,,,,,,,,,,1,,,,,,,,,,,,,,,,1,1,1,,,,,,,,,,,,,,1,3,1,225701002,,
2,22,57,2,11,3,33.72649,"02",1,,1,0,5,,1,,,,,,1,,,,,1,,,1,,,,,,,,1,,,,,1,1,1,1,,,1,,,,,,,,,,1,3,1,225701102,,
2,22,57,2,12,3,33.72649,"01",1,,0,0,1,,,,1,,,,,,111,,,,,1,,,,,,,,,,,,,,1,1,1,1,,,,,,1,,,,,,,2,2,1,225701202,,
2,22,57,2,13,3,33.72649,"02",1,,0,1,1,,,,,111,,,,,111,,,,,,,,,,,1,,,,,,,,0,,,,,,,,,,,,,,,,1,2,1,225701302,,
2,22,57,2,14,3,33.72649,"01",1,,0,1,1,,,,,111,,,1,,,,,,,,1,,,,,,,,,,,,,1,1,1,1,,,,1,,,,,,,,,2,3,1,225701402,,
2,22,57,2,15,3,33.72649,"01",1,,0,0,1,,,,,,555,10,,1,,,,,,,1,,,,,,,,,,,,,1,1,1,1,,,,,,1,,,,,,,1,1,1,225701502,,
2,22,57,2,16,3,33.72649,"01",1,,0,0,1,,,,,111,,,1,,,,,,,,1,,,,,,,,,,,,,1,1,1,1,,,1,,,,,,1,,,,1,2,1,225701602,,
2,22,57,2,17,3,33.72649,"01",1,,0,1,1,,,,1,,,,,1,,,,,,1,,,,,,,1,,,,,,,1,1,1,1,,,,,,,,,1,,,,2,1,1,225701702,,
2,22,57,2,18,3,33.72649,"01",1,,0,0,1,,,,,111,,,1,,,,,,,,,,,,,,,,,,1,,,1,1,1,1,,,,,,,,,,,,,2,2,1,225701802,,
2,22,58,2,1,1,837.580654350997,"01",11,,2,0,1,,,,,111,,,,,111,,,,,,,,,,,,,,,,1,,,0,,,,,,,,,,,,,,,,2,2,1,225800102,,
2,22,58,2,2,1,837.580654350997,"01",9,,0,0,1,,,,1,,,,,,111,,,,,,,,,,,1,,,,,,,,0,,,,,,,,,,,,,,,,2,3,1,225800202,,
2,22,58,2,3,1,837.580654350997,"01",11,,1,0,1,,,,1,,,,,1,,,,,,1,1,,,,,,,,,,,,,1,1,1,1,,,,,,,,,,,,,1,1,1,225800302,,
2,22,58,2,4,1,837.580654350997,"01",11,,0,0,1,,1,,,,,,1,,,,,,,,,,,,,1,,,,,,,,0,,,,,,,,,,,,,,,,2,1,1,225800402,,
2,22,58,2,5,1,837.580654350997,"01",9,,0,0,1,,,,,111,,,,,111,,,,,,,,,,,,,,,,1,,,1,1,1,1,,,,,,,,,,,,,2,3,1,225800502,,
2,22,58,2,6,1,837.580654350997,"02",9,,0,1,1,,,,1,,,,,,111,,,,,,,,,,,1,,,,,,,,1,1,1,,,,,,,,,,,,,,1,3,1,225800602,,
2,22,58,2,7,1,2511.521,"01",1,,1,0,1,,,,,111,,,,,111,,,,,,,,,,,,,,1,,,,,0,,,,,,,,,,,,,,,,2,1,1,225800702,,
2,22,58,2,8,1,2511.521,"01",1,,0,0,1,,,,1,,,,,,111,,,,,,,,,,,1,,,,,,,,0,,,,,,,,,,,,,,,,2,1,1,225800802,,
2,22,58,2,9,1,837.580654350997,"01",11,,0,0,1,,,,,111,,,1,,,,,,,,1,,,,,,,,,,,,,0,,,,,,,,,,,,,,,,2,1,1,225800902,,
2,22,58,2,10,1,837.580654350997,"01",9,,0,0,1,,,,,111,,,1,,,,,,,,1,,,,,,,,1,,,,,1,1,1,1,,,,,,,,,,,,,1,3,1,225801002,,
2,22,58,2,11,1,837.580654350997,"01",9,,0,0,1,,,,1,,,,1,,,,,,,,1,,,,,,,,1,,,,,1,1,1,1,,,,,,,,,,,,,1,1,1,225801102,,
2,22,58,2,12,1,837.580654350997,"02",11,,0,1,1,,1,,,,,,1,,,,,1,,,,,,,,,,,,,,,,1,1,1,,,,1,,,,,,,,,,2,3,1,225801202,,
2,22,58,2,13,1,2511.521,"01",1,,0,0,5,,,,,111,,,1,,,,,,,,1,,,,,,,,,,,,,1,1,1,1,,,1,,,,,,,,,,2,3,1,225801302,,
2,22,58,2,14,1,2511.521,"01",1,,1,0,5,,,,1,,,,,1,,,,,,1,,,,,,,,,,,,,,1,1,1,1,,,1,,,,,,,,,,2,3,1,225801402,,
2,22,58,2,15,1,2511.521,"02",1,,0,0,5,,1,,,,,,1,,,,,,,,1,,,,,,,,,,,,,1,1,1,1,,,1,,,,,,,,,,2,3,1,225801502,,
2,22,58,2,16,1,2511.521,"01",1,,0,0,1,,,,1,,,,,1,,,,,,1,,,,,,,,,,,,,,1,1,1,1,,,,,,,,,,,,,2,3,1,225801602,,
2,22,58,2,17,1,2511.521,"01",1,,0,1,1,,1,,,,,,,,111,,,1,,,,,,,,,,,1,1,,,,0,,,,,,,,,,,,,,,,1,3,1,225801702,,
2,22,58,2,18,1,837.580654350997,"01",11,,0,0,1,,,,,111,,,,,111,,,,,,,,,,,,,,1,,,,,1,1,1,,,,,,,,,,,,,,2,2,1,225801802,,
2,22,59,2,1,3,90.6259082417582,"02",9,,0,1,1,,,,1,,,,,,111,,,,,,,,,,,,,,1,,,,,1,1,1,1,,,,,,,,,,,,,2,2,1,225900102,,
2,22,59,2,2,3,90.6259082417582,"01",9,,0,0,6,,,,,111,,,,,111,,,,,,,,,,,,,,,,1,,,0,,,,,,,,,,,,,,,,2,2,1,225900202,,
2,22,59,2,3,3,90.6259082417582,"01",11,,0,0,1,,,,,111,,,1,,,,,,,,1,,,,,,,,,,,,,1,1,1,,,,,,,,,,1,,,,1,3,1,225900302,,
2,22,59,2,4,3,90.6259082417582,"01",11,,0,0,1,,,,,111,,,1,,,,,,,,1,,,,,,,,,,,,,1,1,1,1,,,,,,,,,,,,,2,2,1,225900402,,
2,22,59,2,5,3,90.6259082417582,"02",11,,0,0,1,,,,,111,,,1,,,,,,,,1,,,,,,,,,,,,,1,0,,,,,,,,,,,,,,,1,3,1,225900502,,
2,22,59,2,6,3,90.6259082417582,"02",11,,0,0,1,,,,,111,,,,,111,,,,,,,,,,,,,,,,1,,,1,0,,,,,,,,,,,,,,,2,3,1,225900602,,
2,22,59,2,7,3,90.6259082417582,"01",11,,0,0,1,,,,,111,,,,,111,,,,,,,,,,,,1,1,1,,,,,1,1,1,1,,,,,,,,1,1,,,,2,1,1,225900702,,
2,22,59,2,8,3,90.6259082417582,"02",9,,0,0,1,,,,,111,,,,1,,,,,,,1,,,,,,,,,,,,,0,,,,,,,,,,,,,,,,2,1,1,225900802,,
2,22,59,2,9,3,90.6259082417582,"01",11,,0,1,5,,,,1,,,,,1,,,,,,1,1,,,,,,,,,,,,,1,1,1,,,,,,,,,,,,,,2,2,1,225900902,,
2,22,59,2,10,3,90.6259082417582,"01",9,,0,0,1,,,,,111,,,,1,,,,,,,1,,,,,,1,1,,,,,,1,1,1,1,,,,,,1,,,1,,,,2,888,1,225901002,,
2,22,59,2,11,3,90.6259082417582,"01",11,,0,0,1,,,,,111,,,,1,,,,,,,1,,,,,,,,,,,,,0,,,,,,,,,,,,,,,,1,1,1,225901102,,
2,22,59,2,12,3,16.01351,"01",1,,0,0,1,,1,,,,,,1,,,,,,,,1,,,,,,,,,,,,,1,1,1,1,,,,,,,,,,,,,1,2,1,225901202,,
2,22,59,2,13,3,16.01351,"01",1,,0,0,5,,1,,,,,,,1,,,,,,,1,,,,,,,,,,,,,1,1,1,1,,,,,,,,,,,,,1,3,1,225901302,,
2,22,59,2,14,3,16.01351,"02",1,,0,0,1,,1,,,,,,,1,,,,,,,1,,,,,,,,,,,,,1,1,1,1,,,,,,,,,,,,,1,2,1,225901402,,
2,22,59,2,15,3,16.01351,"02",1,,0,0,1,,1,,,,,,,,111,,,,,,,,,,,1,,,,,,,,1,1,1,1,,,,,,,,,,,,,2,2,1,225901502,,
2,22,59,2,16,3,90.6259082417582,"02",11,,0,0,1,,,,,111,,,,,111,,,,,,,,,,,1,,,,,,,,1,1,1,1,,,,,,,,,,,,,2,2,1,225901602,,
2,22,59,2,17,3,16.01351,"01",1,,0,0,1,,,,1,,,,1,,,,,,,,,,,,,1,,,,,,,,1,1,1,1,,,,,,,,,,,,,2,1,1,225901702,,
2,22,59,2,18,3,90.6259082417582,"01",11,,0,0,1,,,,,111,,,1,,,,,,,,1,,,,,,,,,,,,,0,,,,,,,,,,,,,,,,2,1,4,225901802,,
2,22,60,2,1,3,41.5805368421053,"01",13,8,0,0,1,,,,,111,,,,,111,,,,,,,,,,,,,,1,,,,,0,,,,,,,,,,,,,,,,2,1,1,226000102,,
2,22,60,2,2,3,41.5805368421053,"01",13,8,0,0,1,,,,,111,,,,,111,,,,,,,,,,,,,,,,1,,,0,,,,,,,,,,,,,,,,2,2,4,226000202,,
2,22,60,2,3,3,131.6717,"02",1,,0,0,5,,,,,111,,,1,,,,,,,,1,,,,,,1,,,,,,,0,,,,,,,,,,,,,,,,1,3,1,226000302,,
2,22,60,2,4,3,41.5805368421053,"01",11,,0,0,1,,,,,111,,,,1,,,,,,,1,,,,,,1,1,,,,,,0,,,,,,,,,,,,,,,,1,1,1,226000402,,
2,22,60,2,5,3,41.5805368421053,"02",11,,0,0,1,,,,,111,,,1,,,,,,,,1,,,,,,,,,,,,,1,1,1,1,,,,,,,,,,,,,2,1,1,226000502,,
2,22,60,2,6,3,41.5805368421053,"01",9,,0,0,1,,,,,111,,,,,111,,,,,,,,,,,,,,1,,,,,1,1,1,,,,,,,,,,,,,,1,2,1,226000602,,
2,22,60,2,7,3,131.6717,"01",1,,0,0,1,,,,,111,,,1,,,,,,,,1,,,,,,,,,,,,,1,1,1,1,,,1,,,,,,,,,,2,3,1,226000702,,
2,22,60,2,8,3,41.5805368421053,"01",9,,0,1,1,,,,1,,,,,1,,,,,,1,1,,,,,,,,,,,,,1,1,1,1,,,,,,,,,,,,,1,2,1,226000802,,
2,22,60,2,9,3,131.6717,"01",1,,0,1,1,,,,,111,,,,1,,,,,,,1,,,,,,,,,,,,,0,,,,,,,,,,,,,,,,1,3,1,226000902,,
2,22,60,2,10,3,131.6717,"01",1,,0,0,1,,,,,111,,,,1,,,,,,,1,,,,,,,,,,,,,1,0,,,,,,,,,,,,,,,2,3,1,226001002,,
2,22,60,2,11,3,131.6717,"01",1,,0,0,6,,,,,111,,,,1,,,,,,,1,,,,,,1,1,,,,,,1,1,1,1,,,,,,,,,1,,,,2,2,1,226001102,,
2,22,60,2,12,3,41.5805368421053,"01",11,,0,0,1,,,,,111,,,,1,,,,,,,1,,,,,,1,,1,,,,,1,1,1,1,,,,,,,,,1,,,,1,1,1,226001202,,
2,22,60,2,13,3,41.5805368421053,"01",11,,0,0,1,,,,,111,,,,1,,,,,,,,,,,,1,,,,,,,,1,1,1,,,,,,,,,,,,,,2,2,2,226001302,,
2,22,60,2,14,3,131.6717,"02",1,,0,0,5,,,,1,,,,1,,,,,,,,1,,,,,,,,,,,,,1,0,,,,,,,,,,,,,,,1,3,1,226001402,,
2,22,60,2,15,3,131.6717,"01",1,,0,0,1,,,1,1,,,,1,,,,,,1,,1,,,,,1,,,,,,,,1,1,1,1,,,,,,,,,,,,,2,3,1,226001502,,
2,22,60,2,16,3,131.6717,"01",1,,0,0,5,,,,1,,,,1,,,,,,,,1,,,,,,,,,,,,,1,1,1,,,,,,,,,,,,,,1,2,1,226001602,,
2,22,60,2,17,3,41.5805368421053,"02",9,,0,0,1,,,,,111,,,,1,,,,,,,1,,,,,,,,,,,,,0,,,,,,,,,,,,,,,,1,888,1,226001702,,
2,22,60,2,18,3,131.6717,"01",1,,0,0,1,,,,,111,,,,1,,,,,,,1,,,,,,,,,,,,,0,,,,,,,,,,,,,,,,2,1,1,226001802,,
2,22,61,2,1,3,32.6064994871795,"02",9,,0,0,1,,1,,,,,,1,,,,,,,,1,,,,,,,,,,,,,1,1,1,1,,,,,,,,,,,,,2,1,1,226100102,,
2,22,61,2,2,3,32.6064994871795,"01",11,,0,0,1,,,,,111,,,,1,,,,,,,1,,,,,,,,,,,,,0,,,,,,,,,,,,,,,,1,1,1,226100202,,
2,22,61,2,3,3,32.6064994871795,"01",11,,0,0,1,,,,,111,,,1,,,,,,,,1,,,,,,,,,,,,,1,1,1,1,,,,,,,,,,,,,2,3,1,226100302,,
2,22,61,2,4,3,32.6064994871795,"01",9,,0,1,1,,,,,111,,,1,,,,,,,,1,,,,,,,,,,,,,1,1,1,1,,,,,,,,,,,,,1,3,1,226100402,,
2,22,61,2,5,3,32.6064994871795,"02",11,,0,0,1,,,,,111,,,,,111,,,,,,,,,,,,1,,,,,,,0,,,,,,,,,,,,,,,,2,3,1,226100502,,
2,22,61,2,6,3,32.6064994871795,"01",11,,0,1,1,,,,,111,,,,1,,,,,,,1,,,,,,,,,,,,,1,1,1,1,,,,,,,,,,,,,1,2,1,226100602,,
2,22,61,2,7,3,32.6064994871795,"01",11,,0,1,1,,,,,111,,,,1,,,,,,,1,,,,,,,,,,,,,0,,,,,,,,,,,,,,,,1,3,1,226100702,,
2,22,61,2,8,3,32.6064994871795,"01",9,,0,0,1,,1,,,,,,,1,,,,,,,,,,,,1,,,,,,,,1,1,1,1,,,,,,,,,,,,,2,1,1,226100802,,
2,22,61,2,9,3,32.6064994871795,"03",11,,0,0,5,,,,1,,,,,1,,,,,,1,1,,,,,,,,,,,,,1,1,1,1,,,,,,,,,1,,,,1,1,1,226100902,,
2,22,61,2,10,3,102.5527,"01",1,,1,0,5,,,,1,,,,,,111,,,,,1,,,,,,1,,,,,,,,1,1,1,1,1,,1,,,,,,1,,,,2,3,1,226101002,,
2,22,61,2,11,3,102.5527,"01",1,,1,0,5,,,,1,,,,1,,,,,,,1,1,,,,,,,,,,,,,1,1,1,1,,,1,,,,,,1,,,,2,2,2,226101102,,
2,22,61,2,12,3,102.5527,"02",1,,0,0,1,,,,,111,,,1,,,,,,,,1,,,,,,,,,,,,,1,1,1,1,,,1,,,,,,,,,,2,2,1,226101202,,
2,22,61,2,13,3,102.5527,"01",1,,0,0,5,,,,,111,,,,,111,,,,,,,,,,,1,,,,,,,,1,1,1,1,,,1,,,,,,,,,,2,2,2,226101302,,
2,22,61,2,14,3,32.6064994871795,"01",9,,0,1,1,,,,,111,,,1,,,,,,,,1,,,,,,,,,,,,,1,1,1,1,,,,,,,,,,,,,2,3,1,226101402,,
2,22,61,2,15,3,102.5527,"02",1,,0,0,5,,,,1,,,,1,,,,,,,,,,,,,1,,,,,,,,1,1,1,1,,,1,,,,,,,,,,2,2,2,226101502,,
2,22,61,2,16,3,102.5527,"01",1,,0,0,1,,,,1,,,,,,111,,,,,1,,,,,,,,,1,,,,,1,1,1,1,,,,,,1,,,,,,,2,1,1,226101602,,
2,22,61,2,17,3,102.5527,"01",1,,0,0,5,,,,,111,,,,1,,,,,,,,,,,,,1,1,,,,,,0,,,,,,,,,,,,,,,,2,1,2,226101702,,
2,22,61,2,18,3,102.5527,"01",1,,0,0,1,,,,1,,,,,,111,,,,,1,,,,,,,,1,1,,,,,1,1,1,1,,,,,,,,,1,,,,2,2,1,226101802,,
2,22,62,2,1,3,107.9633,"02",1,,0,0,1,,,,1,,,,,,111,,,,,1,,,,,,,,,,,,,,0,,,,,,,,,,,,,,,,2,1,1,226200102,,
2,22,62,2,2,3,40.3062986666667,"01",11,,0,0,1,,,,,111,,,,1,,,,,,,1,,,,,,1,,1,,,,,1,1,1,1,,,,,,,,,1,,,,2,1,1,226200202,,
2,22,62,2,3,3,107.9633,"02",1,,0,0,1,,,,1,,,,,,111,,,,,,1,,,,,,,,1,,,,,1,1,1,1,,,,,,1,,,,,,,2,2,1,226200302,,
2,22,62,2,4,3,40.3062986666667,"01",9,,0,0,1,,,,,111,,,1,,,,,,,,1,,,,,,,,,,,,,0,,,,,,,,,,,,,,,,2,2,1,226200402,,
2,22,62,2,5,3,40.3062986666667,"02",9,,0,0,6,,,,1,,,,1,,,,,,,1,1,,,,,,,,,,,,,1,1,1,1,,,,,,,,,,,,,1,3,1,226200502,,
2,22,62,2,6,3,40.3062986666667,"01",11,,0,0,1,,,,,111,,,1,,,,,,,,1,,,,,,,,,,,,,1,1,1,1,,,,,,,,,,,,,2,1,1,226200602,,
2,22,62,2,7,3,40.3062986666667,"01",11,,0,0,1,,,,1,,,,,,111,,,,,,,,,,,,,,,,1,,,0,,,,,,,,,,,,,,,,2,1,1,226200702,,
2,22,62,2,8,3,40.3062986666667,"01",6,,0,0,1,,,,,111,,,,1,,,,,,,1,,,,,,,,,,,,,0,,,,,,,,,,,,,,,,2,1,2,226200802,,
2,22,62,2,9,3,40.3062986666667,"01",11,,0,0,1,,1,,,,,,,,111,,,,,,,,,,,1,,,,,,,,0,,,,,,,,,,,,,,,,2,1,1,226200902,,
2,22,62,2,10,3,107.9633,"01",1,,0,1,1,,1,,,,,,,1,,,,,,,1,,,,,,,,,,,,,1,1,,1,,,,,,,,,,,,,2,2,1,226201002,,
2,22,62,2,11,3,107.9633,"02",1,,0,1,1,,,,1,,,,1,,,,,,,,1,,,,,,,,,,,,,1,1,1,1,,,,,,,,,,,,,2,1,1,226201102,,
2,22,62,2,12,3,40.3062986666667,"01",13,6,0,0,5,,,,,111,,,,,111,,,,,,,,,,,1,,,,,,,,0,,,,,,,,,,,,,,,,2,1,4,226201202,,
2,22,62,2,13,3,107.9633,"02",1,,0,0,1,,,,,111,,,1,,,,,,,,,,,,,1,,,,,,,,1,1,1,1,,,1,,,,,,,,,,2,3,1,226201302,,
2,22,62,2,14,3,107.9633,"02",1,,0,0,5,,1,,,,,,1,,,,,1,,,,,,,,,,,,,,,,1,1,1,1,,,1,,,,,,,,,,1,3,1,226201402,,
2,22,62,2,15,3,40.3062986666667,"01",11,,0,0,1,,,,,111,,,1,,,,,,,,1,,,,,,,,,,,,,0,,,,,,,,,,,,,,,,2,1,1,226201502,,
2,22,62,2,16,3,40.3062986666667,"01",11,,0,0,1,,,,,111,,,,1,,,,,,,1,,,,,,,,,,,,,0,,,,,,,,,,,,,,,,2,1,1,226201602,,
2,22,62,2,17,3,107.9633,"01",1,,0,0,1,,,,,,,,,1,,,,,,,1,,,,,,,,,,,,,1,1,1,1,,,,,,,,,,,,,2,1,1,226201702,,
2,22,62,2,18,3,107.9633,"01",1,,0,0,1,,,,,111,,,,1,,,,,,,1,,,,,,,,,,,,,0,,,,,,,,,,,,,,,,1,3,1,226201802,,
2,22,63,2,1,3,71.2982583974359,"02",11,,0,0,1,,,,,111,,,,,111,,,,,,,,,,,1,,,,,,,,1,1,1,1,,,,,,,,,,,,,2,1,1,226300102,,
2,22,63,2,2,3,71.2982583974359,"01",11,,0,0,1,,,,,111,,,,,111,,,,,,,,,,,,,,,,1,,,0,,,,,,,,,,,,,,,,2,2,1,226300202,,
2,22,63,2,3,3,71.2982583974359,"02",11,,0,0,1,,,,1,,,,,,111,,,,,,,,,,,,,,,,1,,,1,0,,,,,,,,,,,,,,,1,2,1,226300302,,
2,22,63,2,4,3,71.2982583974359,"01",11,,0,0,1,,,,,111,,,,1,,,,,,,1,,,,,,,,,,,,,0,,,,,,,,,,,,,,,,2,2,1,226300402,,
2,22,63,2,5,3,71.2982583974359,"01",11,,0,0,1,,,,,111,,,,1,,,,,,,1,,,,,,,,,,,,,1,1,1,1,,,,,,,,,,,,,1,1,1,226300502,,
2,22,63,2,6,3,71.2982583974359,"01",11,,0,0,1,,,,,111,,,,1,,,,,,,1,,,,,,,,,,,,,0,,,,,,,,,,,,,,,,1,1,1,226300602,,
2,22,63,2,7,3,71.2982583974359,"01",9,,0,0,1,,,,,111,,,1,,,,,,,,1,,,,,,,,,,,,,1,1,1,1,,,,,,,,,,,,,2,1,1,226300702,,
2,22,63,2,8,3,71.2982583974359,"02",9,,0,0,5,,1,,,,,,,,111,,,,,,,,,,,1,,,,,,,,1,1,1,,,,,,,,,,,,,,2,2,1,226300802,,
2,22,63,2,9,3,71.2982583974359,"02",9,,0,1,1,,1,,,,,,,,111,,,1,,,,,,,,,,,,,,,,1,1,1,1,,,,,,,,,,,,,1,3,1,226300902,,
2,22,63,2,10,3,71.2982583974359,"01",11,,0,0,1,,,,,111,,,,,111,,,,,,,,,,,,,,1,,,,,0,,,,,,,,,,,,,,,,2,2,1,226301002,,
2,22,63,2,11,3,71.2982583974359,"01",6,,0,0,1,,,,,111,,,1,,,,,,,,1,,,,,,,,,,,,,0,,,,,,,,,,,,,,,,2,3,1,226301102,,
2,22,63,2,12,3,6.823637,"01",1,,0,1,5,,,,,111,,,,1,,,,,,,1,,,,,,,,1,,,,,1,1,1,1,,,,,,,,,1,,,,2,3,1,226301202,,
2,22,63,2,13,3,71.2982583974359,"02",9,,0,0,1,,,,1,,,,,1,,,,,,,1,,,,,,,,,,,,,1,0,,,,,,,,,,,,,,,1,2,1,226301302,,
2,22,63,2,14,3,6.823637,"01",1,,0,0,1,,,,1,,,,,1,,,,,,1,1,,,,,,,,1,,,,,1,1,1,1,,,,,,,,,1,,,,2,1,1,226301402,,
2,22,63,2,15,3,6.823637,"01",1,,0,0,5,,,,,111,,,1,,,,,,,,1,,,,,,,,,,,,,1,1,1,1,,,1,,,,,,,,,,2,1,2,226301502,,
2,22,63,2,16,3,71.2982583974359,"01",9,,0,0,1,,,,,111,,,1,,,,,,,,,,,,,1,,,,,,,,1,1,1,1,,,,,,,,,,,,,2,2,1,226301602,,
2,22,63,2,17,3,6.823637,"01",1,,1,0,5,,,,,111,,,,1,,,,,,,,,,,,,1,,1,,,,,0,,,,,,,,,,,,,,,,2,3,1,226301702,,
2,22,63,2,18,3,6.823637,"01",1,,0,0,5,,,,,111,,,,,111,,,,,,,,,,,,,,1,,,,,1,1,1,1,,,,,,1,,,,,,,2,2,2,226301802,,
2,22,64,2,1,3,72.7535783606557,"01",11,,0,0,5,,,,1,,,,,,111,,,,,,,,,,,,,,,,1,,,1,0,,,,,,,,,,,,,,,2,3,1,226400102,,
2,22,64,2,2,3,72.7535783606557,"01",13,8,0,0,1,,,,1,,,,1,,,,,,,,1,,,,,,,,,,,,,0,,,,,,,,,,,,,,,,2,1,1,226400202,,
2,22,64,2,3,3,72.7535783606557,"01",11,,0,0,1,,,,,111,,,,1,,,,,,,1,,,,,,,,,,,,,1,1,1,,,,,,,,,,,,,,2,2,1,226400302,,
2,22,64,2,4,3,72.7535783606557,"01",11,,0,1,5,,,,,111,,,,1,,,,,,,1,,,,,,1,1,,,,,,0,,,,,,,,,,,,,,,,2,2,5,226400402,,
2,22,64,2,5,3,54.92535,"01",1,,0,1,5,,,,,111,,,,1,,,,,,,1,,,,,,,,,,,,,1,0,,,,,,,,,,,,,,,2,3,1,226400502,,
2,22,64,2,6,3,72.7535783606557,"01",11,,0,0,1,,,,,111,,,,1,,,,,,,1,,,,,,,,,,,,,0,,,,,,,,,,,,,,,,1,2,2,226400602,,
2,22,64,2,7,3,72.7535783606557,"01",11,,0,0,1,,,,,111,,,,,111,,,,,,,,,,,,,,,,1,,,0,,,,,,,,,,,,,,,,2,1,1,226400702,,
2,22,64,2,8,3,72.7535783606557,"01",11,,0,0,1,,,,,111,,,,,111,,,,,,,,,,,,,,,,1,,,0,,,,,,,,,,,,,,,,2,2,2,226400802,,
2,22,64,2,9,3,72.7535783606557,"01",11,,0,0,1,,,,,111,,,,1,,,,,,,1,,,,,,,,,,,,,0,,,,,,,,,,,,,,,,2,2,1,226400902,,
2,22,64,2,10,3,72.7535783606557,"02",11,,0,0,1,,,,1,,,,1,,,,,,,,1,,,,,,,,,,,,,1,0,,,,,,,,,,,,,,,1,2,1,226401002,,
2,22,64,2,11,3,54.92535,"01",1,,0,1,1,,1,,,,,,,1,,,,,,,,,,,,1,,,,,,,,1,1,1,1,,,,,,,,,,,,,2,2,1,226401102,,
2,22,64,2,12,3,72.7535783606557,"01",11,,0,0,1,,,,,111,,,,1,,,,,,,1,,,,,,,1,1,,,,,1,1,1,1,,,,,,1,,,,,,,2,2,1,226401202,,
2,22,64,2,13,3,54.92535,"01",1,,0,1,5,,1,,,,,,,1,,,,,,,1,,,,,1,,,,,,,,1,1,1,1,,,,,,,,,,,,,2,1,1,226401302,,
2,22,64,2,14,3,54.92535,"01",1,,0,0,6,,,,1,,,,,,111,,,,,1,,,,,,,,,,,,,,1,1,1,1,,,,,,1,,,1,,,,2,2,1,226401402,,
2,22,64,2,15,3,54.92535,"02",1,,0,1,1,,,,1,,,,,,111,,,,,,,,,,,,,,1,,,,,0,,,,,,,,,,,,,,,,2,2,1,226401502,,
2,22,64,2,16,3,54.92535,"01",1,,0,0,5,,,,,111,,,,,111,,,,,,,,,,,,,,,,1,,,0,,,,,,,,,,,,,,,,2,1,1,226401602,,
2,22,64,2,17,3,54.92535,"01",1,,0,0,1,,,,,111,,,,,111,,,,,,,,,,,,,,,,1,,,0,,,,,,,,,,,,,,,,2,3,1,226401702,,
2,22,64,2,18,3,54.92535,"02",1,,0,0,5,,1,,,,,,,,111,,,1,,,,,,,,,1,,,,,,,1,0,,,,,,,,,,,,,,,2,2,1,226401802,,
2,22,65,2,1,3,86.0200738461538,"01",11,,0,0,1,,,,,111,,,1,,,,,,,,1,,,,,,,,,,,,,1,0,,,,,,,,,,,,,,,2,2,1,226500102,,
2,22,65,2,2,3,86.0200738461538,"01",11,,0,0,1,,,,,111,,,,,111,,,,,,,,,,,,,,,,1,,,1,1,1,1,,,,,,,,,,,,,1,2,1,226500202,,
2,22,65,2,3,3,86.0200738461538,"01",11,,0,0,1,,,,1,,,,,,111,,,,,,,,,,,1,,,,,,,,1,1,1,1,,,,,,,,,,,,,2,2,1,226500302,,
2,22,65,2,4,3,86.0200738461538,"01",5,,2,0,1,,,,,111,,,,1,,,,,,,1,,,,,,,,,,,,,0,,,,,,,,,,,,,,,,2,1,1,226500402,,
2,22,65,2,5,3,86.0200738461538,"02",11,,0,0,1,,,,1,,,,,,111,,,,,,,,,,,1,,,1,,,,,0,,,,,,,,,,,,,,,,2,1,1,226500502,,
2,22,65,2,6,3,86.0200738461538,"02",11,,2,0,1,,,,,111,,,,1,,,,,,,1,,,,,,,,,,,,,1,1,1,1,,,,,,,,,,,,,2,3,1,226500602,,
2,22,65,2,7,3,86.0200738461538,"01",13,8,0,0,1,,,,,111,,,,,111,,,,,,,,,,,,,,,,1,,,0,,,,,,,,,,,,,,,,2,1,1,226500702,,
2,22,65,2,8,3,86.0200738461538,"01",11,,0,0,1,,,,1,,,,,,111,,,,,,,,,,,1,,,,,,,,0,,,,,,,,,,,,,,,,1,1,1,226500802,,
2,22,65,2,9,3,86.0200738461538,"02",11,,0,0,1,,,,1,,,,1,,,,,,,,,,,,,,,,,,1,,,1,1,1,1,,,,,,,,,,,,,1,2,1,226500902,,
2,22,65,2,10,3,14.71396,"01",1,,2,0,1,,,,,111,,,,,111,,,,,,,,,,,,,,1,,,,,0,,,,,,,,,,,,,,,,2,1,1,226501002,,
2,22,65,2,11,3,14.71396,"02",1,,0,0,1,,,,1,,,,,1,,,,,,,1,,,,,1,,,,,,,,1,1,1,1,,,,,,,,,,,,,2,2,1,226501102,,
2,22,65,2,12,3,14.71396,"01",1,,1,1,5,,,,1,,,,,1,,,,,,1,1,,,,,,,,,,,,,1,1,1,1,,,,,,,,,,,,,1,2,1,226501202,,
2,22,65,2,13,3,14.71396,"01",1,,0,0,1,,,,1,,,,,1,,,,,,,,,,,,1,,,,,,,,1,0,,,,,,,,,,,,,,,1,1,1,226501302,,
2,22,65,2,14,3,14.71396,"01",1,,0,0,1,,,,,111,,,1,,,,,,,,1,,,,,,,,,,,,,0,,,,,,,,,,,,,,,,2,1,1,226501402,,
2,22,65,2,15,3,14.71396,"01",1,,0,0,1,,,,1,,,,1,,,,,,,,1,,,,,,,,,,,,,1,1,1,1,,,,,,,,,,,,,2,3,1,226501502,,
2,22,65,2,16,3,14.71396,"01",1,,2,0,1,,,,,111,,,,1,,,,,,,1,,,,,,,,,,,,,0,,,,,,,,,,,,,,,,2,2,1,226501602,,
2,22,65,2,17,3,14.71396,"02",1,,0,0,1,,,,1,,,,1,,,,,,,,1,,,,,1,,,1,,,,,1,1,1,1,,,1,,,,,,1,,,,2,3,1,226501702,,
2,22,65,2,18,3,14.71396,"01",1,,0,0,5,,,,,111,,,,,111,,,,,,,,,,,,,,,,1,,,1,1,1,1,,,1,,,,,,,,,,2,2,1,226501802,,
2,22,66,2,1,3,121.1314,"01",1,,0,0,1,,,,,111,,,,,111,,,,,,,,,,,,,,,,1,,,0,,,,,,,,,,,,,,,,2,3,1,226600102,,
2,22,66,2,2,3,36.8900172727273,"01",11,,0,0,1,,1,,,,,,,,111,,,,,,,,,,,1,,,,,,,,0,,,,,,,,,,,,,,,,2,1,1,226600202,,
2,22,66,2,3,3,36.8900172727273,"01",11,,0,0,1,,,,1,,,,1,,,,,,,,1,,,,,,,,,,,,,1,1,1,,,,,,,,,,,,,,2,1,1,226600302,,
2,22,66,2,4,3,36.8900172727273,"01",11,,0,0,1,,,,,111,,,,1,,,,,,,,,,,,,1,,1,,,,,1,1,1,1,,,,,,,,,,,,,2,2,1,226600402,,
2,22,66,2,5,3,36.8900172727273,"01",11,,0,0,1,,,,,111,,,,,111,,,,,,,,,,,,,,,,1,,,0,,,,,,,,,,,,,,,,1,2,1,226600502,,
2,22,66,2,6,3,36.8900172727273,"01",11,,0,0,1,,,,,111,,,1,,,,,,,,1,,,,,,,,,,,,,1,0,,,,,,,,,,,,,,,1,3,1,226600602,,
2,22,66,2,7,3,121.1314,"01",1,,0,0,1,,,,,111,,,,,111,,,,,,,,,,,1,,,,,,,,0,,,,,,,,,,,,,,,,2,1,1,226600702,,
2,22,66,2,8,3,36.8900172727273,"01",11,,0,0,1,,,,,111,,,,,111,,,,,,,,,,,,,,1,,,,,0,,,,,,,,,,,,,,,,2,2,4,226600802,,
2,22,66,2,9,3,36.8900172727273,"02",9,,0,0,1,,,,1,,,,,1,,,,,,1,,,,,,,1,,1,,,,,1,1,1,1,,,,,,,,,1,,,,2,1,1,226600902,,
2,22,66,2,10,3,121.1314,"02",1,,0,0,1,,1,,,,,,,1,,,,,,,,,,,,1,,,,,,,,1,1,1,1,,,1,,,,,,,,,,2,2,1,226601002,,
2,22,66,2,11,3,121.1314,"02",1,,0,1,5,,1,,,,,,,,111,,,1,,,,,,,,,,,,,,,,1,1,1,,,,,,,,,,,,,,1,2,1,226601102,,
2,22,66,2,12,3,121.1314,"01",1,,0,0,1,,,,,111,,,1,,,,,,,,1,,,,,,,,,,,,,1,1,1,1,,,1,,,,,,,,,,1,3,1,226601202,,
2,22,66,2,13,3,36.8900172727273,"01",9,,0,0,1,,,,1,,,,,,111,,,,,,,,,,,1,,,1,,,,,1,1,1,1,,,,,,,,,,,,,2,2,1,226601302,,
2,22,66,2,14,3,121.1314,"02",1,,0,0,1,,,,,111,,,,,111,,,,,,,,,,,1,,,,,,,,1,1,1,1,,,1,,,,,,,,,,2,2,1,226601402,,
2,22,66,2,15,3,121.1314,"02",1,,0,1,1,,,,1,,,,1,,,,,,,,1,,,,,,,,,,,,,0,,,,,,,,,,,,,,,,2,2,1,226601502,,
2,22,66,2,16,3,121.1314,"01",1,,1,0,5,,,,1,,,,1,,,,,,,,1,,,,,1,,,,,,,,1,0,,,,,,,,,,,,,,,1,3,1,226601602,,
2,22,66,2,17,3,121.1314,"02",1,,0,0,1,,1,,,,,,1,,,,,1,1,,1,,,,,,,,,,,,,1,0,,,,,,,,,,,,,,,2,1,1,226601702,,
2,22,66,2,18,3,121.1314,"02",1,,0,0,1,,,,,111,,,1,,,,,,,,1,,,,,,,,,,,,,0,,,,,,,,,,,,,,,,2,1,1,226601802,,
2,22,67,2,1,3,32.74964,"02",1,,0,1,1,,,,,111,,,1,,,,,,,,1,,,,,,,,,,,,,1,1,1,1,,,1,,,,,,,,,,1,1,1,226700102,,
2,22,67,2,2,3,105.216928510638,"01",11,,0,1,5,,,,,111,,,1,,,,,,,,,,,,,1,,,,,,,,1,1,1,1,,,,,,,,,,,,,1,2,1,226700202,,
2,22,67,2,3,3,105.216928510638,"01",11,,0,1,1,,,,1,,,,,,111,,,,,1,,,,,,,,,,,,,,1,1,1,1,,,,,,1,,,,,,,1,3,1,226700302,,
2,22,67,2,4,3,105.216928510638,"01",9,,0,0,1,,,,,111,,,,,111,,,,,,1,,,,,,,,,,,,,0,,,,,,,,,,,,,,,,2,2,1,226700402,,
2,22,67,2,5,3,105.216928510638,"01",9,,0,0,1,,,,,111,,,,1,,,,,,,1,,,,,,,,,,,,,1,1,1,1,,,,,,1,,,,,,,2,2,1,226700502,,
2,22,67,2,6,3,105.216928510638,"01",11,,0,0,1,,,,1,,,,,1,,,,,,,1,,,,,,,,,,,,,0,,,,,,,,,,,,,,,,2,2,1,226700602,,
2,22,67,2,7,3,32.74964,"02",1,,0,1,5,,,,,111,,,1,,,,,,,,1,,,,,,,,,,,,,1,1,1,1,,,,,,,,,,,,,1,2,1,226700702,,
2,22,67,2,8,3,105.216928510638,"02",9,,0,1,1,,1,,,,,,1,,,,,,,,,,,,,1,,,,,,,,1,1,1,1,,,,,,,,,,,,,2,1,1,226700802,,
2,22,67,2,9,3,105.216928510638,"01",11,,0,0,1,,,,,111,,,1,,,,,,1,,,,,,,,,,,,,,,0,,,,,,,,,,,,,,,,2,1,1,226700902,,
2,22,67,2,10,3,32.74964,"02",1,,0,0,1,,1,,,,,,1,,,,,,,,,,,,,1,,,,,,,,1,1,1,1,,,1,,,,,,,,,,1,2,1,226701002,,
2,22,67,2,11,3,32.74964,"01",1,,0,1,1,,,,,111,,,1,,,,,,,,1,,,,,,,,,,,,,1,1,1,1,,,1,,,,,,,,,,1,2,1,226701102,,
2,22,67,2,12,3,105.216928510638,"01",5,,0,0,1,,,,1,,,,,1,,,,,,,1,,,,,,1,,,,,,,1,1,1,1,,,,,,1,,,,,,,2,2,1,226701202,,
2,22,67,2,13,3,32.74964,"01",1,,0,0,1,,,,,111,,,1,,,,,,,,1,,,,,,,,,,,,,1,1,1,1,,,1,,,,,,,,,,2,2,1,226701302,,
2,22,67,2,14,3,105.216928510638,"01",9,,0,0,1,,,,1,,,,,1,,,,,,1,1,,,,,,,,,,,,,1,1,1,1,,,,,,1,,,1,,,,2,2,1,226701402,,
2,22,67,2,15,3,32.74964,"01",1,,0,1,1,,1,,,,,,1,,,,,,,,,,,,,1,,,,,,,,1,1,1,1,,,,,,,,,,,,,2,2,1,226701502,,
2,22,67,2,16,3,32.74964,"01",1,,0,0,5,,1,,,,,,1,,,,,,,,,,,,,1,,,,,,,,1,1,1,1,,,1,,,,,,,,,,1,2,1,226701602,,
2,22,67,2,17,3,32.74964,"01",1,,0,0,1,,,,,111,,,,,111,,,,,,,,,,,1,,,,,,,,0,,,,,,,,,,,,,,,,2,2,1,226701702,,
2,22,67,2,18,3,32.74964,"02",1,,0,0,5,,1,,,,,,1,,,,,,,,1,,,,,,,,,,,,,1,1,1,1,,,1,,,,,,,,,,1,2,1,226701802,,
2,22,68,2,1,1,311.598,"01",11,,0,0,1,,,,,111,,,1,,,,,,,,1,,,,,,1,,1,,,,,1,1,1,,,,,,,,,,1,1,,,2,2,1,226800102,,
2,22,68,2,2,1,311.598,"02",11,,0,0,1,,,,,111,,,1,,,,,,,,1,,,,,,,,,,,,,1,1,1,,,,,,,,,,,,,,2,2,1,226800202,,
2,22,68,2,3,1,1533.26,"01",1,,0,0,1,,,,,111,,,1,,,,,,,,1,,,,,,,,,,,,,1,1,1,,,,,,,,,,,,,,2,2,1,226800302,,
2,22,68,2,4,1,1533.26,"01",1,,0,0,5,,,,,111,,,,1,,,,,,,1,,,,,,,,,,,,,1,1,1,1,,,,,,1,,,,,,,2,1,4,226800402,,
2,22,68,2,5,1,1533.26,"01",1,,0,0,1,,,,,111,,,,,111,,,,,,,,,,,1,,,,,,,,1,1,1,1,,,1,,,,,,,,,,2,2,1,226800502,,
2,22,68,2,6,1,311.598,"01",11,,0,0,1,,,,,111,,,1,,,,,,,,1,,,,,,,,,,,,,0,,,,,,,,,,,,,,,,2,1,1,226800602,,
2,22,68,2,7,1,1533.26,"01",1,,0,0,1,,,,,111,,,1,,,,,,,,1,,,,,,,,,,,,,1,1,1,1,,,1,,,,,,,,,,1,2,1,226800702,,
2,22,68,2,8,1,311.598,"01",9,,0,0,1,,,,,111,,,,,111,,,,,,,,,,,,,,,,1,,,0,,,,,,,,,,,,,,,,2,2,1,226800802,,
2,22,68,2,9,1,1533.26,"01",1,,0,0,1,,,,,111,,,1,,,,,,,,1,,,,,,,,,,,,,0,,,,,,,,,,,,,,,,2,3,1,226800902,,
2,22,68,2,10,1,1533.26,"01",1,,0,0,1,,,,,111,,,1,,,,,,,,1,,,,,,,,,,,,,1,1,1,1,,,,,,,,,,,,,1,3,1,226801002,,
2,22,68,2,11,1,1533.26,"01",1,,2,0,1,,,,,111,,,,,111,,,,,,,,,,,,,,,,1,,,1,1,1,1,,,,,,,,,,,,,2,1,1,226801102,,
2,22,68,2,12,1,1533.26,"01",1,,2,0,1,,,,,111,,,,1,,,,,,,1,,,,,,,,1,,,,,1,1,1,1,,,1,,,,,,,,,,2,3,1,226801202,,
2,22,68,2,13,1,1533.26,"01",1,,0,0,1,,,,,111,,,1,,,,,,,,1,,,,,,,,,,,,,1,1,1,,,,,,,,,,,,,,1,2,1,226801302,,
2,22,68,2,14,1,1533.26,"01",1,,0,0,1,,,,,111,,,1,,,,,,,,1,,,,,,,,,,,,,1,1,1,1,,,,,,,,,,,,,1,2,1,226801402,,
2,22,68,2,15,1,1533.26,"01",1,,0,0,1,,,,,111,,,1,,,,,,,,1,,,,,,,,,,,,,1,1,1,1,,,,,,,,,1,,,,2,2,2,226801502,,
2,22,68,2,16,1,1533.26,"02",1,,0,0,1,,,,,111,,,1,,,,,,,,1,,,,,,,,,,,,,1,1,1,,,,,,,,,,,,,,2,2,1,226801602,,
2,22,68,2,17,1,1533.26,"01",1,,1,1,5,,,,,111,,,,1,,,,,,,1,,,,,,,,,,,,,1,1,1,1,,,,,,,,,,,,,2,2,1,226801702,,
2,22,68,2,18,1,1533.26,"01",1,,0,0,1,,,,,111,,,,1,,,,,,,1,,,,,,,,,,,,,1,1,1,1,,,,,,1,,,,,,,2,2,1,226801802,,
2,22,69,2,1,3,123.808337946429,"01",11,,0,0,1,,1,,,,,,1,,,,,,,,,,,,,1,,,,,,,,1,1,1,1,,,,,,,,,,,,,1,3,1,226900102,,
2,22,69,2,2,3,123.808337946429,"01",11,,0,0,1,,,,,111,,,,,111,,,,,,,,,,,,,,1,,,,,0,,,,,,,,,,,,,,,,2,1,1,226900202,,
2,22,69,2,3,3,123.808337946429,"01",11,,0,0,1,,,,1,,,,1,,,,,,,,1,,,,,,,,,,,,,1,1,1,1,,,,,,,,,,,,,2,2,1,226900302,,
2,22,69,2,4,3,123.808337946429,"01",9,,0,0,1,,,,,111,,,1,,,,,,,,1,,,,,,,,,,,,,1,1,1,1,,,,,,,,,,,,,2,3,1,226900402,,
2,22,69,2,5,3,123.808337946429,"01",9,,0,0,1,,,,,111,,,1,,,,,,,,1,,,,,,,,,,,,,0,,,,,,,,,,,,,,,,2,3,1,226900502,,
2,22,69,2,6,3,123.808337946429,"01",7,,1,0,1,,,,,111,,,,,111,,,,,,,,,,,,,,1,,,,,0,,,,,,,,,,,,,,,,2,1,1,226900602,,
2,22,69,2,7,3,36.73254,"01",1,,0,0,1,,,,,111,,,,,111,,,,,,,,,,,,,,1,,,,,0,,,,,,,,,,,,,,,,2,3,1,226900702,,
2,22,69,2,8,3,123.808337946429,"01",11,,0,0,1,,1,,,,,,1,,,,,,,,1,,,,,,,,,,,,,1,1,1,1,,,,,,,,,,,,,2,1,1,226900802,,
2,22,69,2,9,3,36.73254,"01",1,,0,1,5,,,,,111,,,1,,,,,,,,1,,,,,,,,,,,,,1,1,1,1,,,,,,,,,1,,,,2,2,1,226900902,,
2,22,69,2,10,3,36.73254,"03",1,,0,0,1,,,,,111,,,1,,,,,,,,1,,,,,,,,,,,,,1,1,1,1,,,1,,,,,,,,,,1,3,1,226901002,,
2,22,69,2,11,3,123.808337946429,"01",11,,1,0,6,,,,1,,,,,,111,,,,,1,,,,,,,,,,,,,,0,,,,,,,,,,,,,,,,1,3,1,226901102,,
2,22,69,2,12,3,36.73254,"01",1,,0,1,6,,1,,,,,,,1,,,,1,,,,,,,,,,,,,,,,1,1,1,1,,,1,,,1,,,1,,,,1,3,1,226901202,,
2,22,69,2,13,3,36.73254,"01",1,,0,0,1,,,,1,,,,,1,,,,,,,,,,,,1,,,,,,,,1,1,1,,,,,,,,,,,,,,2,1,1,226901302,,
2,22,69,2,14,3,36.73254,"01",1,,0,0,1,,,,1,,,,,1,,,,,,1,,,,,,,,,,,,,,0,,,,,,,,,,,,,,,,2,3,1,226901402,,
2,22,69,2,15,3,36.73254,"01",1,,0,1,1,,,,1,,,,,1,,,,,,,1,,,,,,,,,,,,,1,1,1,1,,,1,,,,,,,,,,2,2,1,226901502,,
2,22,69,2,16,3,36.73254,"03",1,,0,0,1,,,,1,,,,,1,,,,,,,1,,,,,,,,,,,,,1,1,1,1,,,,,,,,,,,,,1,2,1,226901602,,
2,22,69,2,17,3,36.73254,"01",1,,0,0,1,,,,,111,,,1,,,,,,,,1,,,,,,,,,,,,,1,1,1,1,,,1,,,,,,,,,,2,2,1,226901702,,
2,22,69,2,18,3,36.73254,"02",1,,0,0,1,,,,,111,,,,,111,,,,,,,,,,,1,,,,,,,,1,1,1,1,,,1,,,,,,,,,,2,2,2,226901802,,
2,22,70,2,1,3,80.0988717419355,"01",9,,0,0,1,,,,1,,,,,1,,,,,,,1,,,,,1,,,,,,,,1,1,1,1,,,,,,,,,,,,,2,2,1,227000102,,
2,22,70,2,2,3,80.0988717419355,"01",11,,0,0,1,,,,1,,,,1,,,,,,,,1,,,,,1,,,,,,,,1,1,1,1,,,,,,,,,1,,,,2,2,1,227000202,,
2,22,70,2,3,3,80.0988717419355,"01",11,,0,0,1,,,,,111,,,,,111,,,,,,,,,,,,,,1,,,,,1,1,1,1,,,,,,,,,,,,,2,1,1,227000302,,
2,22,70,2,4,3,80.0988717419355,"01",11,,0,0,1,,,,,111,,,,,111,,,,,,,,,,,,1,,,,,,,0,,,,,,,,,,,,,,,,2,1,1,227000402,,
2,22,70,2,5,3,80.0988717419355,"01",9,,0,1,1,,,,1,,,,1,,,,,,,,1,,,,,,,,,,,,,1,1,1,1,,,,,,,,,1,,,,1,3,1,227000502,,
2,22,70,2,6,3,80.0988717419355,"01",9,,0,0,1,,,,,111,,,,,111,,,,,,,,,,,,,,,,1,,,0,,,,,,,,,,,,,,,,2,1,1,227000602,,
2,22,70,2,7,3,80.0988717419355,"01",11,,0,0,1,,,,,111,,,,1,,,,,,,1,,,,,,,,,,,,,0,,,,,,,,,,,,,,,,1,3,4,227000702,,
2,22,70,2,8,3,80.0988717419355,"01",11,,0,0,1,,,,1,,,,1,,,,,,,,1,,,,,,,,,,,,,1,0,,,,,,,,,,,,,,,2,3,1,227000802,,
2,22,70,2,9,3,46.32584,"01",1,,0,1,1,,,,,111,,,,1,,,,,,,1,,,,,,,,,,,,,0,,,,,,,,,,,,,,,,2,2,2,227000902,,
2,22,70,2,10,3,46.32584,"01",1,,0,1,5,,,,,111,,,,1,,,,,,,1,,,,,,,1,1,,,,,1,1,1,1,,,1,,,1,,1,1,,,,1,3,1,227001002,,
2,22,70,2,11,3,80.0988717419355,"01",11,,0,0,1,,,,,111,,,,,111,,,,,,,,,,,,,,,,1,,,0,,,,,,,,,,,,,,,,1,1,1,227001102,,
2,22,70,2,12,3,46.32584,"01",1,,0,0,1,,,,,111,,,,,111,,,,,,,,,,,,1,1,1,,,,,0,,,,,,,,,,,,,,,,2,2,1,227001202,,
2,22,70,2,13,3,80.0988717419355,"02",11,,0,1,5,,,,,111,,,,1,,,,,,,1,,,,,,,,,,,,,1,0,,,,,,,,,,,,,,,2,2,1,227001302,,
2,22,70,2,14,3,46.32584,"01",1,,0,1,1,,,,,111,,,,1,,,,,,,1,,,,,,,,,,,,,0,,,,,,,,,,,,,,,,1,2,1,227001402,,
2,22,70,2,15,3,46.32584,"01",1,,0,0,5,,,,,111,,,,,111,,,,,,,,,,,,1,,1,,,,,1,1,1,1,,,1,,,,,,,,,,1,3,1,227001502,,
2,22,70,2,16,3,46.32584,"01",1,,0,1,1,,,,1,,,,,1,,,,,,1,1,,,,,,1,,1,,,,,1,1,1,1,,,1,,,,,,1,,,,2,3,1,227001602,,
2,22,70,2,17,3,46.32584,"02",1,,0,1,1,,,,1,,,,,,111,,,,,,,,,,,1,,,,,,,,1,1,1,1,,,1,,,,,,,,,,1,3,1,227001702,,
2,22,70,2,18,3,46.32584,"01",1,,0,1,5,,,,,111,,,,1,,,,,,,1,,,,,,1,,1,1,,,,1,1,1,1,,,,,,,,1,,,,,1,2,1,227001802,,
2,22,71,2,1,1,1344.70940821918,"01",11,,0,0,1,,,,,111,,,,1,,,,,,,1,,,,,,,,,,,,,0,,,,,,,,,,,,,,,,2,3,1,227100102,,
2,22,71,2,2,1,1344.70940821918,"02",11,,0,0,1,,,,,111,,,,1,,,,,,,1,,,,,,,,,,,,,0,,,,,,,,,,,,,,,,1,1,1,227100202,,
2,22,71,2,3,1,1344.70940821918,"01",11,,0,0,1,,,,,111,,,,,111,,,,,,,,,,,,,,1,,,,,0,,,,,,,,,,,,,,,,2,3,1,227100302,,
2,22,71,2,4,1,1344.70940821918,"01",11,,0,0,1,,,,,111,,,,,111,,,,,,,,,,,,,,1,,,,,1,0,,,,,,,,,,,,,,,2,3,1,227100402,,
2,22,71,2,5,1,1344.70940821918,"02",9,,0,0,1,,,,,111,,,,1,,,,,,,1,,,,,,,,,,,,,1,0,,,,,,,,,,,,,,,1,3,1,227100502,,
2,22,71,2,6,1,1344.70940821918,"01",8,,0,0,1,,,,,111,,,,,111,,,,,,,,,,,,1,,,,,,,0,,,,,,,,,,,,,,,,2,1,1,227100602,,
2,22,71,2,7,1,1344.70940821918,"01",11,,0,0,1,,,,,111,,,,,111,,,,,,,,,,,,1,,1,,,,,0,,,,,,,,,,,,,,,,2,2,1,227100702,,
2,22,71,2,8,1,900.5852,"01",1,,0,0,1,,,,1,,,,1,,,,,,,,1,,,,,,,,,,,,,0,,,,,,,,,,,,,,,,2,1,1,227100802,,
2,22,71,2,9,1,1344.70940821918,"02",9,,0,0,1,,,,1,,,,1,,,,,,,,1,,,,,,,,,,,,,1,1,1,1,,,,,,,,,,,,,1,2,1,227100902,,
2,22,71,2,10,1,900.5852,"01",1,,1,1,5,,,,1,,,,1,,,,,,,,1,,,,,1,,,,,,,,1,1,1,1,,,,,,,,,1,,,,2,3,1,227101002,,
2,22,71,2,11,1,900.5852,"01",1,,0,0,1,,,,,111,,,,1,,,,,,,1,,,,,,,1,1,,,,,0,,,,,,,,,,,,,,,,2,2,1,227101102,,
2,22,71,2,12,1,900.5852,"01",1,,0,0,1,,,,,111,,,,1,,,,,,,1,,,,,,1,,1,,,,,1,1,1,1,,,,,,1,,,,,,,2,3,1,227101202,,
2,22,71,2,13,1,900.5852,"01",1,,0,1,1,,,,,111,,,,1,,,,,,,1,,,,,,1,1,1,,,,,1,1,1,1,,,1,,,1,,1,1,,,,2,2,1,227101302,,
2,22,71,2,14,1,900.5852,"01",1,,1,0,5,,,,1,,,,1,,,,,,,,1,,,,,1,,,,,,,,1,1,1,1,,,1,,,,,,,,,,1,3,1,227101402,,
2,22,71,2,15,1,900.5852,"01",1,,1,1,5,,,,1,,,,,1,,,,,,,1,,,,,1,,,,,,,,1,1,1,1,,,1,,,,,,1,,,,2,3,1,227101502,,
2,22,71,2,16,1,900.5852,"01",1,,0,0,1,,,,1,,,,1,,,,,,,1,1,,,,,,,,1,,,,,0,,,,,,,,,,,,,,,,2,2,1,227101602,,
2,22,71,2,17,1,1344.70940821918,"02",11,,0,0,1,,,,,111,,,,1,,,,,,,1,,,,,,,,,,,,,0,,,,,,,,,,,,,,,,2,2,1,227101702,,
2,22,71,2,18,1,900.5852,"02",1,,0,0,1,,1,,,,,,,1,,,,,,,1,,,,,,,,,,,,,1,1,1,1,,,,,,,,,,,,,2,1,2,227101802,,
2,22,72,2,1,2,,"01",11,,0,0,5,,1,,,,,,,,111,,,,,,,,,,,,,,1,,,,,1,1,1,,,,,,,,,,,,,,2,1,6,227200102,4,18.0079364776611
2,22,72,2,2,2,,"01",5,,0,0,5,,1,,,,,,,,111,,,,,,,,,,,,,,1,,,,,1,1,1,,,,,,,,,,,,,,2,1,6,227200202,4,18.0079364776611
2,22,72,2,3,2,,"01",11,,0,0,1,,1,,,,,,,,111,,,,,,,,,,,,,,,,1,,,0,,,,,,,,,,,,,,,,2,1,4,227200302,4,18.0079364776611
2,22,72,2,4,2,,"02",8,,1,0,5,,1,,,,,,,,111,,,,,,,,,,,,,,1,,,,,1,1,1,1,,,,,,1,,,,,,,2,1,4,227200402,4,18.0079364776611
2,22,72,2,5,2,,"01",11,,0,0,1,,1,,,,,,,,111,,,,,,,,,,,,,,1,,,,,1,1,1,,,,,,,,,,,,,,2,1,6,227200502,4,18.0079364776611
2,22,72,2,6,2,,"02",5,,0,0,5,,1,,,,,,1,,,,,,,,1,,,,,,,,,,,,,1,1,1,1,,,,,,,,,,,,,2,1,6,227200602,4,18.0079364776611
2,22,72,2,7,2,,"01",5,,0,0,5,,1,,,,,,,,111,,,,,,,,1,,,,1,,,,,,,1,1,1,1,,,,,,1,,,,,,,2,1,6,227200702,4,18.0079364776611
2,22,72,2,8,2,,"01",11,,0,0,1,,1,,,,,,,,111,,,,,,,,,,,,,1,,,,,,0,,,,,,,,,,,,,,,,2,1,6,227200802,4,18.0079364776611
2,22,72,2,9,2,,"01",11,,0,0,5,,1,,,,,,,,111,,,,,,,,,,,,,,1,,,,,1,1,1,,,,,,,,,,,,,,2,1,6,227200902,4,18.0079364776611
2,22,72,2,10,2,,"01",11,,0,0,5,,,,,111,,,,,111,,,,,,,,,,,,,,,,1,,,1,1,,,,,,,,,,,1,,,,2,1,4,227201002,4,18.0079364776611
2,22,72,2,11,2,,"02",11,,0,0,5,,,,,111,,,,,111,,,,,,,,,,,,,,,,1,,,1,1,,,,,,,,,,,1,,,,2,1,4,227201102,4,18.0079364776611
2,22,72,2,12,2,,"01",6,,0,0,5,,,,,111,,,,,111,,,,,,,,,,,,,,,,1,,,1,1,,,,,,,,,,,1,,,,2,1,4,227201202,4,18.0079364776611
2,22,72,2,13,2,,"01",11,,0,0,1,,,,,111,,,,,111,,,,,,,,,,,,,,,,1,,,1,1,,,,,,,,,,,1,,,,2,1,4,227201302,4,18.0079364776611
2,22,72,2,14,2,,"01",11,,0,0,5,,,,,111,,,,,111,,,,,,,,,,,,,,,,1,,,1,0,,,,,,,,,,,,,,,2,1,4,227201402,4,18.0079364776611
2,22,72,2,15,2,,"05",11,,0,0,1,,,,,111,,,,,111,,,,,,,,,,,,,,,,1,,,1,1,,,,,,,,,,,1,,,,2,1,4,227201502,4,18.0079364776611
2,22,72,2,16,2,,"01",11,,0,0,1,,,,,111,,,,,111,,,,,,,,,,,,,,,,1,,,1,1,,,,,,,,,,,,,,,2,1,4,227201602,4,18.0079364776611
2,22,72,2,17,2,,"01",5,,0,0,5,,,,,111,,,,,111,,,,,,,,,,,,,,,,1,,,1,1,,,,,,,,,,,,1,,,2,1,4,227201702,4,18.0079364776611
2,22,72,2,18,2,,"01",8,,0,0,1,,,,,111,,,,,111,,,,,,,,,,,,,,,,1,,,0,,,,,,,,,,,,,,,,2,1,4,227201802,4,18.0079364776611
2,22,73,2,1,2,,"01",11,,1,0,5,,,,,111,,,1,,,,,,,,1,,,,,,,,,,,,,1,1,,1,,,,,,,,,,,,,2,1,4,227300102,4,18.0079364776611
2,22,73,2,2,2,,"01",9,,1,0,5,,,,,111,,,1,,,,,,,,1,,,,,,,,,,,,,1,1,1,1,,,,,,,,,,,,,2,1,4,227300202,4,18.0079364776611
2,22,73,2,3,2,,"01",11,,1,0,2,,,,,111,,,1,,,,,,,,1,,,,,,,,,,,,,1,1,1,1,,,,,,,,,,,,,2,1,4,227300302,4,18.0079364776611
2,22,73,2,4,2,,"01",6,,1,0,5,,,,,111,,,1,,,,,,,,1,,,,,,,,,,,,,1,1,1,1,,,,,,,,,,,,,2,1,4,227300402,4,18.0079364776611
2,22,73,2,5,2,,"01",11,,0,0,1,,,,,111,,,,,111,,,,,,,,,,,,,,1,,,,,1,1,1,1,,,,,,,,,,,,,2,1,4,227300502,4,18.0079364776611
2,22,73,2,6,2,,"01",12,,1,0,5,,,,,111,,,,,111,,,,,,,,,,,,,,1,,,,,0,,,,,,,,,,,,,,,,2,1,4,227300602,4,18.0079364776611
2,22,73,2,7,2,,"01",11,,1,0,5,,,,,111,,,,,111,,,,,,,,,,,,,,1,,,,,1,1,1,1,,,,,,,,,,,,,2,1,4,227300702,4,18.0079364776611
2,22,73,2,8,2,,"01",11,,1,0,1,,,,,111,,,1,,,,,,,,1,,,,,,,,,,,,,0,,,,,,,,,,,,,,,,2,1,4,227300802,4,18.0079364776611
2,22,73,2,9,2,,"01",11,,1,0,5,,,,,111,,,1,,,,,,,,1,,,,,,,,,,,,,1,1,1,1,,,,,,,,,,,,,2,1,4,227300902,4,18.0079364776611
2,22,73,2,10,2,,"01",9,,0,0,5,,,,,111,,,,1,,,,,,,1,,,,,,,,,,,,,1,1,1,1,,,,,,,,,,,,,2,3,6,227301002,4,18.0079364776611
2,22,73,2,11,2,,"01",9,,0,0,2,,,,,111,,,,1,,,,,,,1,,,,,,,,,,,,,1,0,,,,,,,,,,,,,,,2,1,6,227301102,4,18.0079364776611
2,22,73,2,12,2,,"01",11,,0,0,2,,,,,111,,,,,111,,,,,,,,,,,,,,,,1,,,1,1,1,1,,,,,,,,,,,,,2,1,6,227301202,4,18.0079364776611
2,22,73,2,13,2,,"01",11,,0,0,2,,,,,111,,,,,111,,,,,,,,,,,,,1,1,,,,,1,1,1,,,,,,,,,,,,,,2,1,4,227301302,4,18.0079364776611
2,22,73,2,14,2,,"01",11,,0,0,2,,,,,111,,,,,111,,,,,,,,,,,,,,1,,,,,1,0,,,,,,,,,,,,,,,2,2,6,227301402,4,18.0079364776611
2,22,73,2,15,2,,"02",11,,0,0,2,,,,,111,,,,1,,,,,,,1,,,,,,,,,,,,,1,0,,,,,,,,,,,,,,,2,1,6,227301502,4,18.0079364776611
2,22,73,2,16,2,,"01",11,,0,0,2,,,,,111,,,,,111,,,,,,,,,,,,,1,,,,,,1,0,,,,,,,,,,,,,,,2,1,6,227301602,4,18.0079364776611
2,22,73,2,17,2,,"01",11,,0,0,2,,,,,111,,,,,111,,,,,,,,,,1,,,,,,,,,1,1,1,1,,,,,,,,,,,,,2,3,4,227301702,4,18.0079364776611
2,22,73,2,18,2,,"01",11,,0,0,5,,,,,111,,,,,111,,,,,,,,,,,,,,1,,,,,1,0,,,,,,,,,,,,,,,2,1,6,227301802,4,18.0079364776611
2,22,74,2,1,2,,"02",5,,0,0,1,,1,,,,,,,,111,,,,,,,,,,,,,,,,1,,,0,,,,,,,,,,,,,,,,2,1,1,227400102,4,18.0079364776611
2,22,74,2,2,2,,"01",11,,0,0,1,,1,,,,,,,,111,,,,,,,,,,,,,,,,1,,,1,1,1,,,,,,,,,,,,,,2,1,1,227400202,4,18.0079364776611
2,22,74,2,3,2,,"02",5,,0,0,1,,1,,,,,,,,111,,,,,,,,,,,,,1,,,,,,1,0,,,,,,,,,,,,,,,2,1,1,227400302,4,18.0079364776611
2,22,74,2,4,2,,"01",11,,0,0,5,,1,,,,,,,,111,,,,,,,,,,,,,,,,1,,,1,1,1,,,,,,,,,,,,,,2,1,1,227400402,4,18.0079364776611
2,22,74,2,5,2,,"01",5,,1,0,5,,1,,,,,,,,111,,,,,,,,,,,,,,1,,,,,1,1,1,,,,,,,,,,,,,,2,1,1,227400502,4,18.0079364776611
2,22,74,2,6,2,,"02",8,,0,0,1,,1,,,,,,,,111,,,,,,,,,,,,,,,,1,,,1,0,,,,,,,,,,,,,,,2,1,1,227400602,4,18.0079364776611
2,22,74,2,7,2,,"01",5,,0,0,1,,1,,,,,,,,111,,,,,,,,,,,,,,,,1,,,1,1,1,,,,,,,,,,,,,,2,1,1,227400702,4,18.0079364776611
2,22,74,2,8,2,,"01",5,,0,0,5,,1,,,,,,,,111,,,,,,,,,,,,,,,,1,,,1,1,1,,,,,,,,,,,,,,2,1,1,227400802,4,18.0079364776611
2,22,74,2,9,2,,"01",6,,0,0,1,,1,,,,,,,,111,,,,,,,,,,,,,,,,1,,,1,0,,,,,,,,,,,,,,,2,1,1,227400902,4,18.0079364776611
2,22,74,2,10,2,,"02",9,,0,0,5,,1,,,,,,,,111,,,,,,,,,,,,,,1,,,,,1,0,,,,,,,,,,,,,,,2,1,6,227401002,4,18.0079364776611
2,22,74,2,11,2,,"01",8,,0,0,5,,1,,,,,,,,111,,,,,,,,,,,,,,1,,,,,1,1,1,,,,,,,,,,,1,,,2,1,1,227401102,4,18.0079364776611
2,22,74,2,12,2,,"01",8,,0,0,1,,1,,,,,,,,111,,,,1,,,,,,,,,,,,,,,1,1,1,,,,,,,,,,,,,,2,1,1,227401202,4,18.0079364776611
2,22,74,2,13,2,,"01",8,,0,0,1,,,,,111,,,,,111,,,,,,,,,,,,,,,,1,,,1,1,,,,,,,,,,,,1,,,2,1,4,227401302,4,18.0079364776611
2,22,74,2,14,2,,"01",8,,0,0,1,,1,,,,,,,1,,,,,,,1,,,,,,,,,,,,,1,0,,,,,,,,,,,,,,,2,1,6,227401402,4,18.0079364776611
2,22,74,2,15,2,,"01",5,,0,0,5,,,,,111,,,,,111,,,,,,,,,,,,,,,,1,,,1,1,,,,,,,,,,,,1,,,2,1,4,227401502,4,18.0079364776611
2,22,74,2,16,2,,"01",11,,0,0,5,,,,,111,,,,1,,,,,,,1,,,,,,,,,,,,,1,1,1,1,,,,,,,,,,,,,2,1,6,227401602,4,18.0079364776611
2,22,74,2,17,2,,"01",11,,1,0,5,,,,,111,,,1,,,,,,,,1,,,,,,,,,,,,,0,,,,,,,,,,,,,,,,2,1,4,227401702,4,18.0079364776611
2,22,74,2,18,2,,"01",11,,1,0,5,,,,,111,,,1,,,,,,,,1,,,,,,,,,,,,,1,1,1,1,,,,,,,,,,,,,2,1,6,227401802,4,18.0079364776611
2,22,75,2,1,2,,"01",6,,0,0,1,,1,,,,,,,,111,,,,,,,,,,,,,1,,,,,,1,1,1,,,,,,,,,,,,,,2,1,6,227500102,4,18.0079364776611
2,22,75,2,2,2,,"01",11,,0,0,1,,1,,,,,,,,111,,,,,,,,,,,,,,,,1,,,0,,,,,,,,,,,,,,,,2,1,4,227500202,4,18.0079364776611
2,22,75,2,3,2,,"01",7,,0,0,5,,1,,,,,,,,111,,,,,,,,,,,,,1,1,,,,,0,,,,,,,,,,,,,,,,2,1,6,227500302,4,18.0079364776611
2,22,75,2,4,2,,"01",11,,0,0,1,,1,,,,,,,,111,,,,,,,,,,,,,,1,,,,,1,0,,,,,,,,,,,,,,,2,1,4,227500402,4,18.0079364776611
2,22,75,2,5,2,,"01",6,,0,0,1,,1,,,,,,,,111,,,,,,,,,,,,,,1,,,,,1,0,,,,,,,,,,,,,,,2,1,4,227500502,4,18.0079364776611
2,22,75,2,6,2,,"01",11,,0,0,1,,1,,,,,,,,111,,,,,,,,,,,,,,,,1,,,0,,,,,,,,,,,,,,,,2,1,6,227500602,4,18.0079364776611
2,22,75,2,7,2,,"01",11,,0,0,5,,1,,,,,,,,111,,,,,,,,,,,,,1,1,,,,,1,1,1,,,,,,,,,,,,,,2,1,6,227500702,4,18.0079364776611
2,22,75,2,8,2,,"03",11,,0,0,1,,1,,,,,,,,111,,,,,,,,,,,,,1,,,,,,1,1,1,1,,,,,,1,,,,,,,2,1,6,227500802,4,18.0079364776611
2,22,75,2,9,2,,"01",8,,0,0,5,,1,,,,,,,,111,,,,,,,,,,,,,1,1,1,,,,1,1,1,1,,,1,,1,,,,1,1,,,2,1,4,227500902,4,18.0079364776611
2,22,75,2,10,2,,"01",11,,0,0,5,,,,,111,,,,,111,,,,,,,,,,,,,,,,1,,,1,1,,,,,,,,,,,1,,,,2,1,4,227501002,4,18.0079364776611
2,22,75,2,11,2,,"01",11,,0,0,1,,,,,111,,,,,111,,,,,,,,,,,,,,,,1,,,0,,,,,,,,,,,,,,,,2,1,4,227501102,4,18.0079364776611
2,22,75,2,12,2,,"01",11,,0,0,1,,,,,111,,,,,111,,,,,,,,,,,,,,,,1,,,1,1,,,,,,,,,,,1,,,,2,1,4,227501202,4,18.0079364776611
2,22,75,2,13,2,,"02",11,,0,0,1,,,,,111,,,,,111,,,,,,,,,,,,,,,,1,,,1,1,,,,,,,,,,,1,,,,2,1,4,227501302,4,18.0079364776611
2,22,75,2,14,2,,"01",5,,0,0,1,,,,,,,,,,111,,,,,,,,,,,,1,,,,,,,1,1,,,,,,,,,,,1,,,,2,3,4,227501402,4,18.0079364776611
2,22,75,2,15,2,,"01",5,,0,0,1,,,,,111,,,,,111,,,,,,,,,,,,,,,,1,,,1,1,,,,,,,,,,,1,,,,2,1,4,227501502,4,18.0079364776611
2,22,75,2,16,2,,"01",8,,0,0,1,,,,,111,,,,,111,,,,,,,,,,,,,,,,1,,,1,1,,,,,,,,,,,1,,,,2,1,4,227501602,4,18.0079364776611
2,22,75,2,17,2,,"01",11,,0,0,1,,,,,111,,,,,111,,,,,,,,,,,,,,,,1,,,1,1,,,,,,,,,,,1,,,,2,1,4,227501702,4,18.0079364776611
2,22,75,2,18,2,,"02",11,,0,0,5,,,,,111,,,,,111,,,,,,,,,,,,,,,,1,,,1,1,,,,,,,,,,,1,,,,2,1,4,227501802,4,18.0079364776611
2,22,76,2,1,2,,"01",11,,0,0,1,,,,,111,,,,,111,,,,,,,,,,,,,,1,,,,,1,0,,,,,,,,,,,,,,,2,1,6,227600102,4,18.0079364776611
2,22,76,2,2,2,,"01",11,,0,0,1,,,,,111,,,,,111,,,,,,,,,,,,,,,,1,,,0,,,,,,,,,,,,,,,,2,3,4,227600202,4,18.0079364776611
2,22,76,2,3,2,,"02",11,,0,0,2,,,,,111,,,,,111,,,,,,,,,,,,,1,,,,,,1,1,1,,,,,,,,,,,,,,2,1,6,227600302,4,18.0079364776611
2,22,76,2,4,2,,"01",9,,0,0,2,,,,,111,,,,1,,,,,,,1,,,,,,,,,,,,,1,1,1,1,,,,,,,,,,,,,2,1,6,227600402,4,18.0079364776611
2,22,76,2,5,2,,"01",9,,0,0,1,,,,,111,,,,,111,,,,,,,,,,,,,1,,,,,,1,1,1,1,,,,,,,,,,,,,2,1,6,227600502,4,18.0079364776611
2,22,76,2,6,2,,"01",9,,0,0,5,,,,,111,,,,,111,,,,,,,,,,,,,1,,,,,,1,1,,,,,,,1,,,,1,,,,2,3,6,227600602,4,18.0079364776611
2,22,76,2,7,2,,"01",11,,0,0,2,,,,,111,,,,,111,,,,,,,,,,,,,,1,,,,,1,0,,,,,,,,,,,,,,,2,3,6,227600702,4,18.0079364776611
2,22,76,2,8,2,,"01",11,,0,0,2,,,,,111,,,,,111,,,,,,,,,,,,,,1,,,,,1,1,1,1,,,,,,,,,1,,,,2,2,6,227600802,4,18.0079364776611
2,22,76,2,9,2,,"02",9,,0,0,5,,,,,111,,,,,111,,,,,,,,,,,,,,1,,,,,1,1,,,,,,,,,,,1,,,,2,3,6,227600902,4,18.0079364776611
2,22,76,2,10,2,,"01",11,,1,0,5,,,,,111,,,1,,,,,,,,1,,,,,,,,,,,,,1,1,1,1,,,,,,,,,,,,,2,1,6,227601002,4,18.0079364776611
2,22,76,2,11,2,,"01",11,,1,0,5,,,,,111,,,1,,,,,,,,1,,,,,,,,,,,,,0,,,,,,,,,,,,,,,,2,1,6,227601102,4,18.0079364776611
2,22,76,2,12,2,,"01",11,,1,0,5,,,,,111,,,1,,,,,,,,1,,,,,,,,,,,,,1,1,1,1,,,,,,,,,,,,,2,1,6,227601202,4,18.0079364776611
2,22,76,2,13,2,,"01",9,,1,0,5,,,,,111,,,1,,,,,,,,1,,,,,,,,,,,,,1,1,1,1,,,,,,,,,,,,,2,1,6,227601302,4,18.0079364776611
2,22,76,2,14,2,,"01",11,,1,0,5,,,,,111,,,1,,,,,,,,1,,,,,,,,,,,,,1,1,1,1,,,,,,,,,,,,,2,3,6,227601402,4,18.0079364776611
2,22,76,2,15,2,,"01",9,,1,0,5,,,,,111,,,1,,,,,,,,1,,,,,,,,,,,,,1,1,1,1,,,,,,,,,,,,,2,1,6,227601502,4,18.0079364776611
2,22,76,2,16,2,,"01",11,,0,0,5,,,,,111,,,,,111,,,,,,,,,,,,,,1,,,,,1,1,1,1,,,,,,,,,,,,,2,1,6,227601602,4,18.0079364776611
2,22,76,2,17,2,,"01",11,,0,0,1,,,,,111,,,1,,,,,,,,1,,,,,,,,,,,,,1,1,1,1,,,,,,,,,,,,,2,1,6,227601702,4,18.0079364776611
2,22,76,2,18,2,,"01",11,,1,0,5,,,,,111,,,1,,,,,,,,1,,,,,,,,,,,,,1,1,1,1,,,,,,,,,,,,,2,1,6,227601802,4,18.0079364776611
2,22,77,2,1,2,,"01",5,,0,0,5,,1,,,,,,,,111,,,,,,,,,,,,,,,,1,,,1,1,1,,,,,,,,,,,,,,2,1,1,227700102,4,18.0079364776611
2,22,77,2,2,2,,"01",8,,0,0,5,,1,,,,,,,,111,,,,,,,,,,,,,,,,1,,,1,1,1,,,,,,,,,,,,,,2,888,1,227700202,4,18.0079364776611
2,22,77,2,3,2,,"01",8,,0,0,5,,1,,,,,,,,111,,,,,,,,,,,,,,1,,,,,1,0,,,,,,,,,,,,,,,2,1,1,227700302,4,18.0079364776611
2,22,77,2,4,2,,"01",5,,0,0,5,,1,,,,,,,,111,,,,,,,,,,,,1,,,,,,,1,1,1,,,,,,,,,,,,,,2,1,1,227700402,4,18.0079364776611
2,22,77,2,5,2,,"01",11,,0,0,5,,,,,111,,,,,111,,,,,,,,,,,,,,,,1,,,1,1,,,,,,,,,,,1,,,,2,1,4,227700502,4,18.0079364776611
2,22,77,2,6,2,,"01",11,,0,0,5,,1,,,,,,,,111,,,,,,,,,,,,,,,,1,,,0,,,,,,,,,,,,,,,,2,1,1,227700602,4,18.0079364776611
2,22,77,2,7,2,,"01",8,,0,0,5,,1,,,,,,,,111,,,,,,,,,,,,,,,,1,,,1,1,1,,,,,,,,,,,,,,2,1,1,227700702,4,18.0079364776611
2,22,77,2,8,2,,"01",5,,0,0,1,,1,,,,,,,,111,,,,,,,,,,,,,,,,1,,,1,1,1,,,,,,,,,,,,,,2,1,1,227700802,4,18.0079364776611
2,22,77,2,9,2,,"01",11,,0,0,5,,1,,,,,,,,111,,,,,,,,,,,,,,,,1,,,1,1,1,,,,,,,,,,,,,,2,1,6,227700902,4,18.0079364776611
2,22,77,2,10,2,,"01",5,,0,0,5,,1,,,,,,,,111,,,,,,,,,,,,,,,,1,,,1,1,1,,,,,,,,,,,,,,2,1,1,227701002,4,18.0079364776611
2,22,77,2,11,2,,"01",11,,0,0,5,,1,,,,,,,,111,,,,,,,,,,,,,,,,1,,,0,,,,,,,,,,,,,,,,2,1,1,227701102,4,18.0079364776611
2,22,77,2,12,2,,"02",5,,0,0,5,,1,,,,,,,,111,,,,,,,,,,,,,,1,,,,,1,0,,,,,,,,,,,,,,,2,1,1,227701202,4,18.0079364776611
2,22,77,2,13,2,,"02",11,,0,0,1,,1,,,,,,,,111,,,,,,,,,,,,,,,,1,,,0,,,,,,,,,,,,,,,,2,1,4,227701302,4,18.0079364776611
2,22,77,2,14,2,,"01",11,,0,0,1,,,,,111,,,,1,,,,,,,1,,,,,,,,,,,,,1,0,,,,,,,,,,,,,,,2,1,6,227701402,4,18.0079364776611
2,22,77,2,15,2,,"01",11,,1,0,5,,,,,111,,,1,,,,,,,,1,,,,,,,,,,,,,1,1,1,1,,,,,,,,,,,,,2,1,6,227701502,4,18.0079364776611
2,22,77,2,16,2,,"01",9,,1,0,5,,,,,111,,,1,,,,,,,,1,,,,,,,,,,,,,1,1,1,1,,,,,,,,,,,,,2,1,6,227701602,4,18.0079364776611
2,22,77,2,17,2,,"02",5,,0,0,5,,1,,,,,,,,111,,,,,,1,,,,,,,,,,,,,1,1,1,,,,,,,,,,,,,,2,1,1,227701702,4,18.0079364776611
2,22,77,2,18,2,,"02",8,,0,0,5,,,,,111,,,,,111,,,,,,,,,,,,,,,,1,,,1,1,,,,,,,,,,,1,,,,2,1,4,227701802,4,18.0079364776611
2,22,78,2,1,2,,"01",11,,0,0,1,,,,,111,,,,,111,,,,,,,,,,,,,,,,1,,,1,1,,,,,,,,,,,1,,,,2,1,4,227800102,4,18.0079364776611
2,22,78,2,2,2,,"01",8,,0,0,5,,,,,111,,,,,111,,,,,,,,,,,,,,,,1,,,1,1,,,,,,,,,,,,1,,,2,1,4,227800202,4,18.0079364776611
2,22,78,2,3,2,,"01",11,,0,0,5,,,,,111,,,,,111,,,,,,,,,,,,,,,,1,,,1,1,,,,,,,,,,,1,,,,2,1,4,227800302,4,18.0079364776611
2,22,78,2,4,2,,"02",11,,0,0,5,,,,,111,,,,,111,,,,,,,,,,,,,,,,1,,,0,,,,,,,,,,,,,,,,2,1,4,227800402,4,18.0079364776611
2,22,78,2,5,2,,"01",11,,0,0,5,,1,,,,,,,,111,,,,,,,,,,,,,,,,1,,,1,1,1,,,,,,,,,,,,,,2,1,1,227800502,4,18.0079364776611
2,22,78,2,6,2,,"01",8,,0,0,5,,1,,,,,,,,111,,,,,,,,,,,,,1,,,,,,0,,,,,,,,,,,,,,,,2,1,1,227800602,4,18.0079364776611
2,22,78,2,7,2,,"01",6,,0,0,5,,1,,,,,,,,111,,,,,,,,,,,,,,1,,,,,1,1,1,,,,,,,,,,,,,,2,1,1,227800702,4,18.0079364776611
2,22,78,2,8,2,,"01",6,,0,0,1,,1,,,,,,,,111,,,,,,,,,,,,,,1,,,,,1,1,1,,,,,,,,,,,,,,2,1,1,227800802,4,18.0079364776611
2,22,78,2,9,2,,"02",11,,0,0,5,,1,,,,,,,,111,,,,,,,,,,,,,1,1,,,,,1,1,1,,,,,,,,,,,,,,2,1,4,227800902,4,18.0079364776611
2,22,78,2,10,2,,"01",11,,0,0,1,,1,,,,,,,,111,,,,,,,,,,,,,1,,,,,,1,1,1,,,,,,,,,,,,,,2,1,6,227801002,4,18.0079364776611
2,22,78,2,11,2,,"01",8,,0,0,1,,1,,,,,,,,111,,,,,,,,,,,,,1,1,,,,,1,1,1,,,,,,,1,,,,,,,2,1,4,227801102,4,18.0079364776611
2,22,78,2,12,2,,"01",11,,0,0,1,,1,,,,,,,,111,,,,,,,,,,,,,1,1,,,,,1,1,1,,,,,,,,,,,,,,2,1,6,227801202,4,18.0079364776611
2,22,78,2,13,2,,"01",11,,1,0,5,,,,,111,,,,,111,,,,,,,,,,,,,,1,,,,,1,1,1,1,,,,,,,,,,,,,2,1,6,227801302,4,18.0079364776611
2,22,78,2,14,2,,"01",9,,1,0,5,,,,1,,,,,,111,,,,,,,,,,,,,,1,,,,,1,1,1,1,,,,,,,,,,,,,2,2,6,227801402,4,18.0079364776611
2,22,78,2,15,2,,"01",9,,1,0,5,,,,1,,,,1,,,,,,,,1,,,,,,,,,,,,,1,1,1,1,,,,,,1,,,1,,,,2,1,6,227801502,4,18.0079364776611
2,22,78,2,16,2,,"01",11,,0,0,5,,,,,111,,,,1,,,,,,,,,,,,,,,,,1,,,1,0,,,,,,,,,,,,,,,2,1,6,227801602,4,18.0079364776611
2,22,78,2,17,2,,"01",11,,0,0,2,,,,,111,,,,,111,,,,,,,,,,,,,,,,1,,,1,1,,,,,,,,,,,1,,,,2,3,6,227801702,4,18.0079364776611
2,22,78,2,18,2,,"01",9,,0,0,2,,,,,111,,,,,111,,,,,,,,,,,,,1,1,,,,,1,1,1,1,,,,,,,,,1,,,,2,1,6,227801802,4,18.0079364776611
2,23,79,1,1,1,191.269876666667,"02",5,,,,1,,,1,,,,,1,,,,,,,,1,,,,,1,,,,,,,,1,1,1,,,,,,,1,,,,,,,,2,1,237900102,,
2,23,79,1,2,1,191.269876666667,"01",11,,,,1,,,,,111,,,,,111,,,,,,,,,,,,,,,,1,,,0,,,,,,,,,,,,,,,,,1,1,237900202,,
2,23,79,1,3,1,191.269876666667,"02",9,,,,1,,,,,111,,,1,,,,,,,,1,,,,,,,,,,,,,1,1,1,,,,,,,1,,,,1,,,,2,1,237900302,,
2,23,79,1,4,1,191.269876666667,"02",6,,,,1,,,,,111,,,,,111,,,,,,,,,,,,,,,,1,,,0,,,,,,,,,,,,,,,,,1,1,237900402,,
2,23,79,1,5,1,191.269876666667,"02",9,,,,1,,,,1,,,,,1,,,,,,,1,,,,,,,,,,,,,1,0,,,,,,,,,,,,,,,,2,2,237900502,,
2,23,79,1,6,1,133.4441,"01",1,,,,2,,,,1,,,,,1,,,,,,,1,,,,,,,,,,,,,1,0,,,,,,,,,,,,,,,,2,1,237900602,,
2,23,79,1,7,1,133.4441,"01",1,,,,1,,,,1,,,,,1,,,,,,,1,,,,,,,,,,,,,1,1,,,,,1,,,,,,,,,,,2,1,237900702,,
2,23,79,1,8,1,133.4441,"02",1,,,,1,,,,1,,,,,,111,,,,,,,,,,1,,,1,,,,,,1,1,1,,,,1,,,,,,,,,,,2,1,237900802,,
2,23,79,1,9,1,133.4441,"01",1,,,,5,,,,,,555,11,,,,555,1,,,,,,,,,1,,,,,,,,1,1,,,,,,,,,1,,1,,,,,3,1,237900902,,
2,23,79,1,10,1,191.269876666667,"01",11,,,,1,,,,,111,,,,,111,,,,,,,,,,,,,,,,1,,,0,,,,,,,,,,,,,,,,,1,1,237901002,,
2,23,79,1,11,1,133.4441,"01",1,,,,5,,,1,,,,,1,,,,,,,,,,,,,1,,,,,,,,1,1,,,,,,1,,,,,1,,,,,3,2,237901102,,
2,23,79,1,12,1,133.4441,"01",1,,,,1,,,,,111,,,,,111,,,,,,,,,,,,,,,,1,,,0,,,,,,,,,,,,,,,,,1,1,237901202,,
2,23,79,1,13,1,191.269876666667,"01",11,,,,1,,,,,111,,,1,,,,,,,,1,,,,,,,,,,,,,0,,,,,,,,,,,,,,,,,2,1,237901302,,
2,23,79,1,14,1,191.269876666667,"01",11,,,,1,,,,,111,,,1,,,,,,,,1,,,,,,,,,,,,,0,,,,,,,,,,,,,,,,,1,1,237901402,,
2,23,79,1,15,1,133.4441,"01",1,,,,5,,1,,,,,,1,,,,,,,,1,,,,,,,,,,,,,1,1,1,1,,,,,,,,,,,,,,3,1,237901502,,
2,23,79,1,16,1,133.4441,"01",1,,,,5,,,,1,,,,,,111,,,,,,,,,,,,,,1,,,,,0,,,,,,,,,,,,,,,,,3,1,237901602,,
2,23,79,1,17,1,191.269876666667,"01",11,,,,1,,,,,111,,,,1,,,,,,,1,,,,,,,,,,,,,1,1,1,1,,,,,,,,,,,,,,2,4,237901702,,
2,23,79,1,18,1,133.4441,"01",1,,,,1,,,,,111,,,,,111,,,,,,,,,,,,,,1,,,,,1,0,,,,,,,,,,,,,,,,2,1,237901802,,
2,23,80,2,1,1,943.521016042781,"01",11,,0,0,1,,,,1,,,,,,111,,,,,,,,,,,,,,,,1,,,1,0,,,,,,,,,,,,,,,2,1,1,238000102,,
2,23,80,2,2,1,943.521016042781,"01",11,,0,0,1,,,,1,,,,,,111,,,,,,,,,,,,,,,,1,,,1,1,,,,,,,,1,,,,,,,1,1,1,238000202,,
2,23,80,2,3,1,2800.61,"01",1,,0,0,5,,,,1,,,,,,111,,,,,,,,,,,,,,,,1,,,1,0,,,,,,,,,,,,,,,1,3,1,238000302,,
2,23,80,2,4,1,943.521016042781,"02",11,,0,0,1,,,,,111,,,,,111,,,,,,,,,,,,,,1,,,,,0,,,,,,,,,,,,,,,,2,1,1,238000402,,
2,23,80,2,5,1,943.521016042781,"01",11,,0,0,1,,,,,111,,,,1,,,,,,,1,,,,,,,,,,,,,0,,,,,,,,,,,,,,,,1,2,1,238000502,,
2,23,80,2,6,1,943.521016042781,"02",9,,0,0,1,,,,1,,,,,,111,,,,,1,,,,,,,,,,,,,,0,,,,,,,,,,,,,,,,1,1,1,238000602,,
2,23,80,2,7,1,2800.61,"01",1,,0,0,1,,,,,111,,,1,,,,,,,,1,,,,,,,,1,,,,,0,,,,,,,,,,,,,,,,2,1,1,238000702,,
2,23,80,2,8,1,943.521016042781,"01",11,,0,0,1,,,,,111,,,,,111,,,,,,,,,,,,,,1,,,,,0,,,,,,,,,,,,,,,,2,1,1,238000802,,
2,23,80,2,9,1,943.521016042781,"02",11,,0,0,1,,1,,,,,,,,111,,,,1,,,,,,,,,,,,,,,1,1,,,,,,,,1,,,,1,,,2,2,1,238000902,,
2,23,80,2,10,1,2800.61,"02",1,,0,0,1,,,1,,,,,,1,,,,,,,,,,,,1,,,,,,,,1,1,,,,,,,,1,,,1,,,,2,2,1,238001002,,
2,23,80,2,11,1,2800.61,"01",1,,0,0,1,,,,,111,,,,,111,,,,,,,,,,,,,,,,1,,,1,1,,,,,,,,1,,,,,,,2,2,1,238001102,,
2,23,80,2,12,1,943.521016042781,"01",11,,0,0,1,,,,,111,,,,,111,,,,,,,,,,,,,,,,1,,,0,,,,,,,,,,,,,,,,2,2,1,238001202,,
2,23,80,2,13,1,943.521016042781,"01",9,,0,0,1,,,,,,555,11,1,,,,,,,,,,,,,1,,,,,,,,1,0,,,,,,,,,,,,,,,1,2,1,238001302,,
2,23,80,2,14,1,943.521016042781,"01",9,,0,0,1,,,,,111,,,,,111,,,,,,,,,,,,,,,,1,,,1,1,,,,,,,,,,,1,,,,1,2,1,238001402,,
2,23,80,2,15,1,943.521016042781,"01",11,,0,0,1,,,,,111,,,,,111,,,,,,,,,,,,,,,,1,,,1,1,,,,,,,,,,,1,,,,2,2,1,238001502,,
2,23,80,2,16,1,2800.61,"01",1,,1,0,5,,1,,,,,,1,,,,,,,,1,,,,,,,,,,,,,1,1,1,1,,,,,,,,,,,,,1,1,1,238001602,,
2,23,80,2,17,1,2800.61,"01",1,,0,0,1,,,,,111,,,1,,,,,,,,1,,,,,,,,,,,,,0,,,,,,,,,,,,,,,,1,1,1,238001702,,
2,23,80,2,18,1,2800.61,"01",1,,1,1,5,,1,,,,,,,,111,,,,,,,,,,,,,,1,,,,,1,0,,,,,,,,,,,,,,,1,3,1,238001802,,
2,23,81,2,1,1,1569.95834545455,"01",9,,0,0,2,,,,1,,,,1,,,,,,,,1,,,,,,,,,,,,,1,0,,,,,,,,,,,,,,,1,2,1,238100102,,
2,23,81,2,2,1,1569.95834545455,"01",11,,0,0,1,,,,1,,,,1,,,,,,,,1,,,,,1,,,,,,,,0,,,,,,,,,,,,,,,,2,3,1,238100202,,
2,23,81,2,3,1,1569.95834545455,"01",9,,1,1,1,,,,1,,,,1,,,,,,,,1,,,,,,,,,,,,,1,1,1,1,,,,,,,,,,,,,2,2,1,238100302,,
2,23,81,2,4,1,1569.95834545455,"01",9,,0,0,1,,,,1,,,,1,,,,,,,,1,,,,,,,,,,,,,0,,,,,,,,,,,,,,,,2,1,1,238100402,,
2,23,81,2,5,1,1451.222,"01",1,,0,0,1,,,,,111,,,1,,,,,,,,,,,,,,,,,,1,,,1,1,,,,,,,,,,,1,,,,2,3,1,238100502,,
2,23,81,2,6,1,1451.222,"01",1,,0,0,1,,,,,,555,11,,1,,,,,,,,,,,,1,,,,,,,,1,1,,,,,,,,,,,1,,,,2,2,1,238100602,,
2,23,81,2,7,1,1451.222,"01",1,,0,0,1,,,,,111,,,,,,555,1,,,,,,,,,1,,,,,,,,1,1,,,,,,,,,,,1,,,,1,2,1,238100702,,
2,23,81,2,8,1,1451.222,"01",1,,0,0,5,,,,,,555,11,1,,,,,,,,,,,,,1,,,,,,,,1,1,,,,,,,,,,,1,,,,2,2,1,238100802,,
2,23,81,2,9,1,1569.95834545455,"01",11,,0,0,1,,,,1,,,,,,111,,,,,,,,,,,,,,,,1,,,1,0,,,,,,,,,,,,,,,1,2,1,238100902,,
2,23,81,2,10,1,1451.222,"03",1,,0,0,5,,,,1,,,,,,111,,,1,,,,,,,,1,,,,,,,,1,0,,,,,,,,,,,,,,,2,2,1,238101002,,
2,23,81,2,11,1,1451.222,"01",1,,0,0,5,,1,,1,,,,,,111,,,,,,,,,,,1,,,,,,,,1,1,1,1,,,,,,,,,1,,,,2,3,1,238101102,,
2,23,81,2,12,1,1451.222,"01",1,,1,1,5,,1,,,,,,1,,,,,1,1,,,,,,,1,,,,,,,,1,1,,,,,1,,,1,,,,,,,1,2,1,238101202,,
2,23,81,2,13,1,1569.95834545455,"01",6,,0,0,1,,,,,111,,,,,111,,,,,,,,,,,,,,,,1,,,0,,,,,,,,,,,,,,,,2,1,1,238101302,,
2,23,81,2,14,1,1569.95834545455,"01",6,,0,0,1,,,,,111,,,,,111,,,,,,,,,,,,,,,,1,,,0,,,,,,,,,,,,,,,,2,1,1,238101402,,
2,23,81,2,15,1,1569.95834545455,"02",7,,0,0,1,,,,,111,,,,,111,,,,,,,,,,,,,,,,1,,,0,,,,,,,,,,,,,,,,2,1,1,238101502,,
2,23,81,2,16,1,1569.95834545455,"01",6,,0,0,1,,,,,111,,,,,111,,,,,,,,,,,,,,,,1,,,0,,,,,,,,,,,,,,,,2,1,1,238101602,,
2,23,81,2,17,1,1569.95834545455,"01",11,,0,0,1,,,,,111,,,,,111,,,,,,,,,,,,,,,,1,,,0,,,,,,,,,,,,,,,,2,1,1,238101702,,
2,23,81,2,18,1,1569.95834545455,"01",5,,1,0,5,,,,,111,,,1,,,,,,,,1,,,,,,,,,,,,,1,1,1,1,,,,,,,,,,,,,1,3,1,238101802,,
2,23,82,2,1,1,2203.36932666667,"01",11,,0,0,1,,,,1,,,,,,111,,,,,,,,,,,1,,,,,,,,1,1,1,,,,,,,,,,,,,,2,2,555,238200102,,
2,23,82,2,2,1,2203.36932666667,"01",9,,0,0,5,,1,,,,,,1,,,,,1,,,1,,,,,,,,,,,,,1,1,1,1,,,,,,,,,,,,,1,3,1,238200202,,
2,23,82,2,3,1,2203.36932666667,"02",7,,0,0,1,,,,1,,,,,1,,,,,,,1,,,,,,,,,,,,,0,,,,,,,,,,,,,,,,2,3,1,238200302,,
2,23,82,2,4,1,2203.36932666667,"01",9,,0,0,1,,,,1,,,,,,111,,,,,,,,,,,,,,1,,,,,0,,,,,,,,,,,,,,,,1,1,1,238200402,,
2,23,82,2,5,1,2203.36932666667,"01",11,,0,0,1,,,,1,,,,,,111,,,,,,,,,,,,,,1,,,,,1,1,,,,,,,,1,,,,,,,1,3,1,238200502,,
2,23,82,2,6,1,2203.36932666667,"02",11,,0,0,1,,,,,111,,,,,111,,,,,,,,,,,,,,,,1,,,0,,,,,,,,,,,,,,,,1,1,1,238200602,,
2,23,82,2,7,1,2203.36932666667,"01",11,,0,0,1,,,,1,,,,,,111,,,,,,,,,,,,,,1,,,,,1,1,1,,,,,,,,,,,,,,1,1,1,238200702,,
2,23,82,2,8,1,2485.003,"02",1,,0,1,1,,,,,111,,,1,,,,,,,,1,,,,,,,,,,,,,1,1,1,,,,,,,1,,,,,,,2,3,1,238200802,,
2,23,82,2,9,1,2485.003,"01",1,,0,0,1,,,,1,,,,1,,,,,,,,1,,,,,,,,,,,,,1,1,,,,,,,,1,,,,,,,2,1,1,238200902,,
2,23,82,2,10,1,2485.003,"02",1,,0,0,1,,,,,111,,,,,111,,,,,,,,,,,1,,,,,,,,1,1,1,,,,,,,1,,,,1,,,1,3,1,238201002,,
2,23,82,2,11,1,2485.003,"01",1,,0,0,1,,,,,111,,,1,,,,,,,,,,,,,,,,,,1,,,1,1,1,,,,1,,,1,,,,,,,1,3,1,238201102,,
2,23,82,2,12,1,2485.003,"02",1,,0,0,5,,,,1,,,,,1,,,,,,,,,,,,1,,,,,,,,1,1,,,,,,,,1,,,1,,,,1,3,1,238201202,,
2,23,82,2,13,1,2485.003,"01",1,,0,0,1,,,,,111,,,,,111,,,,,,,,,,,,,,,,1,,,0,,,,,,,,,,,,,,,,2,2,1,238201302,,
2,23,82,2,14,1,2203.36932666667,"02",11,,0,0,1,,,,,111,,,,,111,,,,,,,,,,,,,,,,1,,,1,0,,,,,,,,,,,,,,,1,1,1,238201402,,
2,23,82,2,15,1,2203.36932666667,"01",7,,1,0,5,,,,1,,,,1,,,,,,,,1,,,,,,,,,,,,,0,,,,,,,,,,,,,,,,1,3,1,238201502,,
2,23,82,2,16,1,2203.36932666667,"01",11,,0,0,1,,,,1,,,,1,,,,,,,,1,,,,,,,,,,,,,1,1,1,1,,,,,,,,,,,,,1,3,1,238201602,,
2,23,82,2,17,1,2203.36932666667,"02",9,,1,0,2,,1,,,,,,1,,,,,,,,1,,,,,,,,,,,,,0,,,,,,,,,,,,,,,,1,3,1,238201702,,
2,23,82,2,18,1,2203.36932666667,"01",9,,1,0,1,,,,,111,,,1,,,,,,,,1,,,,,,,,,,,,,1,1,1,1,,,,,,,,,,,,,2,1,1,238201802,,
2,24,83,2,1,1,1305.621,"01",11,,1,0,5,,,,1,,,,1,,,,,,,,,,,,,1,,,,,,,,1,1,1,1,,,,,,,,,1,,,,1,2,1,248300102,,
2,24,83,2,2,1,1305.621,"01",13,8,0,0,1,,,,,111,,,,,111,,,,,,,,,,,,,,,,1,,,0,,,,,,,,,,,,,,,,2,1,1,248300202,,
2,24,83,2,3,1,1305.621,"01",8,,0,0,1,,,,,111,,,,1,,,,,,,,,,,,,,,,,1,,,0,,,,,,,,,,,,,,,,2,1,1,248300302,,
2,24,83,2,4,1,1305.621,"01",11,,0,0,1,,,,,111,,,,1,,,,,,,,,,,,,,,,,1,,,0,,,,,,,,,,,,,,,,1,2,1,248300402,,
2,24,83,2,5,1,1305.621,"01",9,,0,0,1,,,,,111,,,,,111,,,,,,,,,,,,,,,,1,,,0,,,,,,,,,,,,,,,,1,2,1,248300502,,
2,24,83,2,6,1,1305.621,"01",9,,0,0,1,,,,,111,,,,,111,,,,,,,,,,,,,,,,1,,,0,,,,,,,,,,,,,,,,1,2,1,248300602,,
2,24,83,2,7,1,1305.621,"01",5,,0,0,1,,,,,111,,,1,,,,,,,,1,,,,,,,,,,,,,0,,,,,,,,,,,,,,,,2,1,1,248300702,,
2,24,83,2,8,1,1305.621,"02",9,,2,0,1,,,,,111,,,,1,,,,,,,1,,,,,,,,,,,,,0,,,,,,,,,,,,,,,,2,2,1,248300802,,
2,24,83,2,9,1,1305.621,"01",11,,0,0,1,,,1,,,,,1,,,,,,,,1,,,,,,,,,,,,,1,0,,,,,,,,,,,,,,,1,1,1,248300902,,
2,24,83,2,10,1,1305.621,"01",8,,0,0,1,,,1,1,,,,1,,,,,,1,,,,,,,1,,,,,,,,1,1,1,1,,,,,,1,,,,,,,1,2,1,248301002,,
2,24,83,2,11,1,1305.621,"01",5,,0,0,5,,,,,111,,,,,111,,,,,,,,,,,,,,,,1,,,1,1,1,,,,,,,,,,,,,,2,2,1,248301102,,
2,24,83,2,12,1,1305.621,"01",13,1,0,0,1,,,,,111,,,,,111,,,,,,,,,,,,,,,,1,,,0,,,,,,,,,,,,,,,,2,2,1,248301202,,
2,24,83,2,13,1,1305.621,"01",11,,1,0,1,,,,,111,,,1,,,,,,,,1,,,,,,,,,,,,,0,,,,,,,,,,,,,,,,2,2,1,248301302,,
2,24,83,2,14,1,1305.621,"01",6,,0,0,1,,,1,1,,,,,1,,,,,,,1,,,,,,,,,,,,,0,,,,,,,,,,,,,,,,2,2,1,248301402,,
2,24,83,2,15,1,1305.621,"01",11,,1,0,1,,,,1,,,,,,111,,,,,,,,,,,1,,,,,,,,0,,,,,,,,,,,,,,,,2,888,4,248301502,,
2,24,83,2,16,1,1305.621,"01",11,,0,0,1,,,,,111,,,,,111,,,,,,,,,,,,,,,,1,,,0,,,,,,,,,,,,,,,,1,2,1,248301602,,
2,24,83,2,17,1,1305.621,"01",5,,0,1,1,,,,,111,,,1,,,,,,,,1,,,,,,,,,,,,,1,1,1,1,,,,,,,,,,,,,2,2,1,248301702,,
2,24,83,2,18,1,1305.621,"01",9,,0,0,1,,,,,111,,,,,111,,,,,,,,,,,,,,,,1,,,0,,,,,,,,,,,,,,,,1,2,1,248301802,,
2,24,84,2,1,1,72.2506289308176,"01",11,,0,0,1,,,1,1,,,,,1,,,,,,,1,,,,,1,,,,,,,,0,,,,,,,,,,,,,,,,2,3,1,248400102,,
2,24,84,2,2,1,72.2506289308176,"01",11,,0,0,1,,1,1,,,,,1,,,,,,,,1,,,,,1,,,,,,,,0,,,,,,,,,,,,,,,,2,3,1,248400202,,
2,24,84,2,3,1,1044.35,"01",1,,0,0,1,,,1,,,,,,1,,,,,,,1,,,,,,,,,,,,,1,0,,,,,,,,,,,,,,,2,3,1,248400302,,
2,24,84,2,4,1,72.2506289308176,"02",11,,1,0,1,,,,1,,,,,1,,,,,,,,,,,,1,,,,,,,,0,,,,,,,,,,,,,,,,2,2,4,248400402,,
2,24,84,2,5,1,72.2506289308176,"01",7,,0,0,1,,,,,111,,,1,,,,,,1,,1,,,,,,,,,,,,,1,1,1,1,,,,,,,,,,,,,2,2,2,248400502,,
2,24,84,2,6,1,1044.35,"01",1,,1,1,5,,1,,,,,,1,,,,,1,,,,,,,,,,,,,,,,1,1,1,1,,,1,1,,,,,,,,,2,3,1,248400602,,
2,24,84,2,7,1,72.2506289308176,"01",7,,0,0,1,,,,,111,,,,,111,,,,,,,,,,,,,,,,1,,,0,,,,,,,,,,,,,,,,2,2,4,248400702,,
2,24,84,2,8,1,1044.35,"02",1,,0,0,5,,,,1,,,,,,111,,,,,,,,,,,1,,,,,,,,1,1,1,1,,,1,,,1,,,1,,,,2,3,1,248400802,,
2,24,84,2,9,1,1044.35,"01",1,,0,1,5,,,,1,,,,1,,,,,,,,,,,,,1,,,,,,,,1,1,1,1,,,1,1,,,,,,1,,,1,3,1,248400902,,
2,24,84,2,10,1,1044.35,"02",1,,1,1,5,,,,1,,,,1,,,,,,,,,,,,,1,,,,,,,,1,1,1,1,,,1,1,,,,,,,,,1,3,1,248401002,,
2,24,84,2,11,1,72.2506289308176,"01",13,8,0,0,1,,,,,,,,,,111,,,,,,,,,,,,,,,,1,,,0,,,,,,,,,,,,,,,,2,2,4,248401102,,
2,24,84,2,14,1,72.2506289308176,"01",11,,0,1,1,,,,1,,,,1,,,,,,1,,,,,,,1,,,,,,,,1,1,1,1,,,,,,1,,,,,,,1,3,1,248401402,,
2,24,84,2,15,1,1044.35,"02",1,,1,0,5,,1,,,,,,1,,,,,1,,,1,,,,,,,,,,,,,1,1,1,1,,,1,,,,,,,,,,2,2,1,248401502,,
2,24,84,2,16,1,1044.35,"02",1,,0,0,6,,,,,111,,,,,111,,,,,,,,,,,,,,,,1,,,1,0,,,,,,,,,,,,,,,1,3,1,248401602,,
2,24,84,2,17,1,1044.35,"02",1,,1,0,5,,1,,,,,,,,111,,,1,,,,,,,,,,,,,,,,1,1,1,1,,,1,,,,,,,,,,2,2,2,248401702,,
2,24,84,2,18,1,1044.35,"01",1,,0,1,6,,1,,,,,,,,111,,,,,,,,,,,1,,,,,,,,1,1,1,,,,1,,,,,,1,,,,2,3,1,248401802,,
2,24,84,2,19,1,1044.35,"01",1,,0,0,5,,,,1,,,,,,111,,,,,,,,,,,1,,,,,,,,1,1,1,1,,,1,,,,,,,,,,1,3,1,248401902,,
2,24,84,2,20,1,1044.35,"02",1,,1,0,4,,1,,,,,,,,111,,,1,,,,,,,,,,,,,,,,1,1,1,1,,,1,,,1,,,,,,,2,3,1,248402002,,
2,24,85,1,1,1,176.1393,"06",1,,,,4,,1,,,,,,,,111,,,1,,,,,,,,,,,,,,,,1,1,1,1,,,1,,,,,,,,,,,3,1,248500102,,
2,24,85,1,2,1,176.1393,"01",1,,,,4,,1,,,,,,,,111,,,1,,,,,,,,,,,,,,,,1,1,1,1,,,1,,,1,,,,,,,,3,1,248500202,,
2,24,85,1,3,1,176.1393,"02",1,,,,4,,1,,,,,,,,111,,,1,,,,,,,,,,,,,,,,1,1,1,1,,,1,,,1,,,,,,,,3,1,248500302,,
2,24,85,1,4,1,176.1393,"02",1,,,,5,,1,,,,,,1,,,,,1,,,,,,,,,,,,,,,,1,1,1,1,,,1,1,,,,,,,,,,3,1,248500402,,
2,24,85,1,5,1,176.1393,"01",1,,,,5,,1,,,,,,,1,,,,1,,,1,,,,,,,,,,,,,1,1,1,1,,,,,,1,,,,,,,,3,1,248500502,,
2,24,85,1,6,1,176.1393,"01",1,,,,5,,1,,,,,,,,111,,,1,,,,,,,,,,,,,,,,1,1,1,1,,,,,,,,,,,,,,3,4,248500602,,
2,24,85,1,7,1,176.1393,"01",1,,,,4,,1,,,,,,,,111,,,1,,,,,,,,,,,,,,,,1,1,1,1,,,1,,,,,,,,,,,3,1,248500702,,
2,24,85,1,8,1,176.1393,"03",1,,,,4,,1,,,,,,,,111,,,1,,,,,,,,,,,,,,,,1,1,1,,,,1,1,,,,,,,,,,3,1,248500802,,
2,24,85,1,9,1,176.1393,"06",1,,,,4,,1,,,,,,1,,,,,1,,,,,,,,,,,,,,,,1,1,1,1,,,1,1,,,,,,,,,,3,2,248500902,,
2,24,85,1,10,1,176.1393,"01",1,,,,4,,1,,,,,,,,111,,,1,,,,,,,,,,,,,,,,1,1,1,1,,,1,1,,1,1,,,1,,,,3,1,248501002,,
2,24,85,1,11,1,176.1393,"02",1,,,,4,,,,1,,,,,,111,,,1,,,,,,,,,,,,,,,,1,1,1,,,,1,,,1,,,1,,,,,3,1,248501102,,
2,24,85,1,12,1,176.1393,"01",1,,,,4,,1,,,,,,,,111,,,1,,,,,,,,,,,,,,,,1,1,1,1,,,1,1,,,,,,,,,,3,1,248501202,,
2,24,85,1,13,1,176.1393,"02",1,,,,4,,1,,,,,,1,,,,,1,,,,,,,,,,,,,,,,1,1,1,1,,,1,1,,,,,,,,,,888,1,248501302,,
2,24,85,1,14,1,176.1393,"01",1,,,,4,,1,,,,,,,,111,,,1,,,,,,,,,,,,,,,,1,1,1,1,,,1,1,1,,,,,1,,,,3,1,248501402,,
2,24,85,1,15,1,176.1393,"02",1,,,,4,,1,,,,,,,,111,,,1,,,,,,,,,,,,,,,,1,1,1,1,,,1,1,1,1,1,,,1,,,,3,1,248501502,,
2,24,85,1,16,1,176.1393,"01",1,,,,4,,1,1,,,,,1,,,,,1,,,,,,,,,,,,,,,,1,1,1,1,,,1,1,,1,,,1,,,,,3,1,248501602,,
2,24,85,1,17,1,176.1393,"01",1,,,,4,,1,,,,,,,,111,,,1,,,,,,,,,,,,,,,,1,1,1,,,,1,1,,1,,,,,,,,3,1,248501702,,
2,24,85,1,18,1,176.1393,"01",1,,,,4,,1,,,,,,,,111,,,1,,,,,,,,,,,,,,,,1,1,1,1,,,1,1,,,,,,1,,,,3,1,248501802,,
2,24,86,1,1,1,27.0131744680851,"01",11,,,,1,,,,,111,,,,,111,,,,,,,,,,,,,,,,1,,,1,1,1,1,,,,,,,,,,,,,,2,2,248600102,,
2,24,86,1,2,1,27.0131744680851,"02",11,,,,1,,,,,111,,,,,111,,,,,,,,,,,,,,,,1,,,1,1,1,1,,,,,,,,,,,,,,3,2,248600202,,
2,24,86,1,3,1,105.8016,"01",1,,,,5,,,,,111,,,,,111,,,,,,,,,,,,,,,1,,,,1,1,1,,,,1,,,1,,,,,,,,1,1,248600302,,
2,24,86,1,4,1,105.8016,"02",1,,,,5,,,1,1,,,,1,,,,,,1,1,,,,,,,,,,,,,,1,1,1,1,,,1,,,,,,,,,,,2,1,248600402,,
2,24,86,1,5,1,105.8016,"02",1,,,,5,,,,,111,,,,,111,,,,,,,,,,,,,,,,1,,,1,1,1,1,,,1,,,,,,,1,,,,3,2,248600502,,
2,24,86,1,6,1,105.8016,"01",1,,,,5,,,,,111,,,,1,,,,,,,,,,,,,,,,1,,,,1,1,1,,,,,,,,,,,,,,,3,2,248600602,,
2,24,86,1,7,1,105.8016,"02",1,,,,5,,1,,,,,,,,111,,,1,,,,,,,,,,,,,,,,1,1,1,1,,,1,,,,,,,,,,,3,1,248600702,,
2,24,86,1,8,1,105.8016,"01",1,,,,5,,,,1,,,,,,111,,,,,,,,,,,1,,,,,,,,1,1,1,,,,1,1,,,,,,,,,,888,1,248600802,,
2,24,86,1,9,1,105.8016,"01",1,,,,5,,,1,,,,,,1,,,,,,,1,,,,,,,,,,,,,1,1,1,1,,,1,,,1,,,,,,,,888,2,248600902,,
2,24,86,1,10,1,105.8016,"02",1,,,,5,,1,1,,,,,,1,,,,1,1,,,,,,,,,,,,,,,1,1,1,1,,,1,,,1,,,,,,,,3,1,248601002,,
2,24,86,1,12,1,105.8016,"03",1,,,,5,,1,,,,,,,1,,,,1,,,,,,,,,,,,,,,,1,1,1,1,,,1,1,,,,,,,,,,2,2,248601202,,
2,24,86,1,13,1,105.8016,"01",1,,,,5,,,1,1,,,,,1,,,,,,,,,,,,1,,,,,,,,1,1,1,1,,,,,,1,,,,,,,,2,1,248601302,,
2,24,86,1,14,1,105.8016,"01",1,,,,7,1,,1,1,,,,,1,,,,,1,,,,,,,1,,,,,,,,1,1,1,1,,,,,,1,,,,,,,,1,4,248601402,,
2,24,86,1,15,1,105.8016,"01",1,,,,4,,,,,111,,,,,111,,,,,,,,,,,,,,,,1,,,1,1,1,1,,,1,1,,,,,,,,,,3,1,248601502,,
2,24,86,1,16,1,105.8016,"02",1,,,,5,,1,,,,,,,,111,,,1,,,,,,,,,,,,,,,,1,1,1,1,,,1,,,,,,,,,,,3,2,248601602,,
2,24,86,1,17,1,105.8016,"02",1,,,,5,,1,,,,,,1,,,,,1,,,1,,,,,,,,,,,,,1,1,1,1,,,1,,,,,,,,,,,3,1,248601702,,
2,24,86,1,18,1,105.8016,"01",1,,,,5,,,,1,,,,,,111,,,,,1,,,,,,,,,,,,,,1,1,1,1,,,1,,,,,,,,,,,2,2,248601802,,
2,24,86,1,19,1,105.8016,"02",1,,,,5,,1,,,,,,1,,,,,1,,,,,,,,,,,,1,,,,1,1,1,,,,1,,,1,,,1,,,,,3,2,248601902,,
2,24,87,2,1,1,1630.48,"01",11,,0,1,1,,,,,111,,,,,111,,,,,,,,,,,,,,,,1,,,1,1,1,1,,,,,,,,,,,,,1,2,1,248700102,,
2,24,87,2,2,1,1630.48,"01",11,,0,0,1,,,,,111,,,,,111,,,,,,,,,,,,,,,,1,,,0,,,,,,,,,,,,,,,,2,2,1,248700202,,
2,24,87,2,3,1,1630.48,"01",11,,0,1,1,,,,1,,,,,,111,,,,,,,,,,,,,,,,1,,,1,1,1,1,,,,,,,,,,,,,2,1,1,248700302,,
2,24,87,2,4,1,1630.48,"01",13,1,0,0,1,,,,,111,,,1,,,,,,1,,,,,,,,,,,,,,,0,,,,,,,,,,,,,,,,2,1,1,248700402,,
2,24,87,2,5,1,1630.48,"01",11,,0,1,1,,,,,111,,,,,111,,,,,,,,,,,,,,,,1,,,1,1,1,1,,,,,,1,,,,,,,1,3,1,248700502,,
2,24,87,2,6,1,1630.48,"01",11,,0,0,1,,,,,111,,,,,111,,,,,,,,,,,,,,,,1,,,0,,,,,,,,,,,,,,,,2,3,1,248700602,,
2,24,87,2,7,1,1630.48,"01",11,,0,0,1,,,,1,,,,1,1,,,,,,,,,,,,1,,,,,,,,1,1,1,1,,,,,,,,,,,,,2,3,1,248700702,,
2,24,87,2,8,1,1630.48,"01",11,,0,0,5,,,,,111,,,1,,,,,,,,1,,,,,,,,,,,,,1,1,1,1,,,,,,,,,,,,,2,1,1,248700802,,
2,24,87,2,9,1,1630.48,"01",11,,0,0,1,,,,,111,,,,,111,,,,,,,,,,,,,,,,1,,,1,1,1,,,,,,,,,,,,,,2,1,1,248700902,,
2,24,87,2,10,1,1630.48,"01",11,,0,0,2,,,,,111,,,,,111,,,,,,,,,,,,,,,,1,,,0,,,,,,,,,,,,,,,,2,1,1,248701002,,
2,24,87,2,11,1,1630.48,"01",11,,0,1,1,,,,,111,,,,,111,,,,,,,,,,,,,,,,1,,,1,1,1,,,,,,,,,,,,,,1,3,1,248701102,,
2,24,87,2,12,1,1630.48,"01",11,,0,0,2,,,,,111,,,,,111,,,,,,,,,,,,,,,,1,,,0,,,,,,,,,,,,,,,,2,3,1,248701202,,
2,24,87,2,13,1,1630.48,"02",9,,2,0,5,,,,,111,,,,,111,,,,,,,,,,,,,,1,,,,,0,,,,,,,,,,,,,,,,2,3,1,248701302,,
2,24,87,2,14,1,1630.48,"01",9,,2,0,1,,,,1,,,,1,,,,,,,,,,,,,1,,,,,,,,0,,,,,,,,,,,,,,,,2,3,1,248701402,,
2,24,87,2,15,1,1630.48,"02",11,,0,0,1,,,,,111,,,1,,,,,,,,1,,,,,,,,,,,,,0,,,,,,,,,,,,,,,,2,1,1,248701502,,
2,24,87,2,16,1,1630.48,"01",11,,0,1,1,,,,,111,,,,,111,,,,,,,,,,,,,,,,1,,,1,1,1,,,,,,,,,,,,,,1,3,1,248701602,,
2,24,87,2,17,1,1630.48,"01",11,,0,0,1,,,,,111,,,,,111,,,,,,,,,,,,,,1,,,,,1,1,1,,,,,,,,,,,,,,2,2,2,248701702,,
2,24,87,2,18,1,1630.48,"02",11,,0,0,2,,,,,111,,,,,111,,,,,,,,,,,,,,,1,,,,1,1,1,,,,,,,,,,,,,,2,3,1,248701802,,
2,24,88,1,1,1,254.1424,"01",1,,,,5,,,,1,,,,1,,,,,,,,,,,,,1,,,,,,,,1,1,1,1,,,1,,,,,,,1,,,,3,1,248800102,,
2,24,88,1,2,1,254.1424,"02",1,,,,1,,,,,111,,,,,111,,,,,,,,,,,,,,,,1,,,1,1,1,1,,,,,,,,,,,,,,3,1,248800202,,
2,24,88,1,3,1,254.1424,"02",1,,,,1,,,,,111,,,,,111,,,,,,,,,,,,,,,,1,,,1,1,1,1,,,1,,,,,,1,,,,,3,1,248800302,,
2,24,88,1,4,1,30.3453611940299,"01",7,,,,1,,,,,111,,,,,111,,,,,,,,,,,,,,1,,,,,0,,,,,,,,,,,,,,,,,3,1,248800402,,
2,24,88,1,5,1,254.1424,"01",1,,,,1,,,1,,,,,,1,,,,,,,1,,,,,,,,,,,,,1,1,1,1,,,,,,,,,,,,,,3,1,248800502,,
2,24,88,2,6,1,30.3453611940299,"01",7,,1,0,1,,1,1,,,,,1,,,,,,,,1,,,,,,,,,,,,,1,1,1,1,,,,,,1,,,,,,,2,3,1,248800602,,
2,24,88,1,7,1,254.1424,"01",1,,,,5,,,,1,,,,1,,,,,,,1,,,,,,,,,,,,,,1,1,1,1,,,,1,,,,,,1,,,,3,1,248800702,,
2,24,88,1,8,1,254.1424,"02",1,,,,4,,1,,1,,,,1,,,,,,,,,,1,,,,,,,,,,,1,1,1,,,,1,,,1,,1,1,,,,,3,1,248800802,,
2,24,88,1,9,1,254.1424,"01",1,,,,5,,,,1,,,,1,1,,,,,,,,,,,,1,,,,,,,,1,1,1,1,,,1,1,,,,,,1,,,,3,2,248800902,,
2,24,88,1,10,1,254.1424,"01",1,,,,1,,,,,111,,,,,111,,,,,,,,,,,,,,,,1,,,0,,,,,,,,,,,,,,,,,1,1,248801002,,
2,24,88,1,11,1,254.1424,"02",1,,,,5,,1,,,,,,1,,,,,1,,,1,,,,,,,,,,,,,1,1,1,1,,,1,,,,,,,,,,,3,2,248801102,,
2,24,88,1,12,1,254.1424,"02",1,,,,5,,,,,111,,,,,111,,,,,,1,,,,,,,,,,,,,1,1,1,,,,,,,,,,,,,,,3,2,248801202,,
2,24,88,1,13,1,254.1424,"01",1,,,,5,,,,1,,,,1,1,,,,,,,1,,,,,,,,,,,,,1,1,1,1,,,1,1,,,,,,1,,,,3,1,248801302,,
2,24,88,1,15,1,254.1424,"02",1,,,,5,,1,,,,,,1,,,,,1,,,,,,,,,,,,,,,,1,1,1,1,,,1,,,,,,,,,,,3,1,248801502,,
2,24,88,1,16,1,254.1424,"01",1,,,,1,,,,,111,,,1,,,,,,,,1,,,,,,,,,,,,,1,1,1,1,,,,,,,,,,,,,,3,1,248801602,,
2,24,88,1,17,1,254.1424,"02",1,,,,6,,,,,111,,,,,111,,,,,,,,,,,,,,,1,,,,1,1,,,,,,,,,,,,1,,,,3,1,248801702,,
2,24,88,1,18,1,254.1424,"03",1,,,,1,,,,1,,,,1,,,,,,1,,,,,,,1,,,,,,,,1,1,1,1,,,,,,,,,,,,,,2,1,248801802,,
2,24,88,1,19,1,254.1424,"01",1,,,,5,,,,,111,,,,,111,,,,,,,,,,,,,,,,1,,,1,1,1,1,,,,,,,,,,,,,,3,1,248801902,,
2,24,89,1,1,1,256.0451,"01",1,,,,1,,,,,111,,,,,111,,,,,,,,,,,,,,,,1,,,0,,,,,,,,,,,,,,,,,3,1,248900102,,
2,24,89,1,2,1,34.7647441810345,"01",13,8,,,1,,,,,111,,,,,111,,,,,,,,,,,,,,,,1,,,0,,,,,,,,,,,,,,,,,2,1,248900202,,
2,24,89,1,3,1,256.0451,"01",1,,,,5,,,,,111,,,,1,,,,,,,,,,,,,,,,,1,,,1,0,,,,,,,,,,,,,,,,2,1,248900302,,
2,24,89,1,4,1,256.0451,"02",1,,,,1,,,,1,,,,,,111,,,,,,,,,,,1,,,,,,,,1,1,1,1,,,,,,,,,,,,,,1,1,248900402,,
2,24,89,1,5,1,256.0451,"02",1,,,,1,,,,1,,,,,,111,,,,,,,,,,,1,,,,,,,,1,0,,,,,,,,,,,,,,,,3,4,248900502,,
2,24,89,1,6,1,256.0451,"04",1,,,,5,,,,,111,,,,,111,,,,,,,,,,,,,,,,1,,,1,1,1,,,,,,,,,,,,,,,3,1,248900602,,
2,24,89,1,7,1,34.7647441810345,"01",11,,,,1,,,,,111,,,,,111,,,,,,,,,,,,,,,,1,,,1,1,1,,,,,,,,,,,,,,,2,555,248900702,,
2,24,89,1,8,1,256.0451,"02",1,,,,1,,,,,111,,,,,111,,,,,,,,,,,,,,,1,,,,1,1,1,,,,,,,,,,,,,,,2,1,248900802,,
2,24,89,1,9,1,256.0451,"02",1,,,,5,,,,1,,,,,,111,,,,,,,,,,,,,,1,,,,,1,1,1,1,,,,,,,,,,,,,,3,2,248900902,,
2,24,89,1,10,1,256.0451,"01",1,,,,5,,1,,,,,,1,,,,,,,,,,,,,,,,1,,,,,1,1,1,1,,,1,1,,,,,,,,,,3,1,248901002,,
2,24,89,1,11,1,256.0451,"02",1,,,,5,,,,,111,,,1,,,,,,,,,,,,,,,,1,,,,,0,,,,,,,,,,,,,,,,,3,2,248901102,,
2,24,89,1,12,1,256.0451,"02",1,,,,5,,1,,,,,,,,111,,,1,,,,,,,,,,,,,,,,1,1,1,1,,,1,,,,,,,,,,,2,1,248901202,,
2,24,89,1,13,1,256.0451,"01",1,,,,5,,,,1,,,,1,,,,,,,,1,,,,,,,,,,,,,1,1,1,1,,,1,,,,,,,,,,,2,1,248901302,,
2,24,89,1,14,1,256.0451,"02",1,,,,5,,,,,111,,,1,,,,,,1,,1,,,,,,,,,,,,,1,1,1,1,,,1,,,,,,,,,,,3,1,248901402,,
2,24,89,1,15,1,34.7647441810345,"03",11,,,,1,,,,,111,,,1,,,,,,,,1,,,,,,,,,,,,,0,,,,,,,,,,,,,,,,,3,1,248901502,,
2,24,89,1,16,1,256.0451,"01",1,,,,1,,,,,111,,,,1,,,,,,,1,,,,,,,,,,,,,1,1,1,1,,,,,,,,,,,,,,2,2,248901602,,
2,24,89,1,17,1,34.7647441810345,"01",11,,,,1,,,,,111,,,,,111,,,,,,,,,,,,,,,,1,,,1,1,1,1,,,,,,,,,,,,,,3,2,248901702,,
2,24,89,1,18,1,256.0451,"01",1,,,,5,,,,,111,,,1,,,,,,,,1,,,,,,,,,,,,,0,,,,,,,,,,,,,,,,,2,1,248901802,,
2,25,90,2,1,1,2393.83153777778,"01",9,,1,0,1,,,,1,,,,,,111,,,,,,,,,,,1,,,,,,,,1,1,1,,,,,,,,,,1,,,,2,1,1,259000102,,
2,25,90,2,2,1,2393.83153777778,"01",11,,1,0,1,,,,,111,,,1,,,,,,,,1,,,,,,,,,,,,,1,1,1,,,,,,,,,,,,,,2,3,1,259000202,,
2,25,90,2,3,1,2393.83153777778,"01",11,,1,0,1,,,,1,,,,1,,,,,,,,,,,,,1,,,,,,,,1,1,1,1,,,,,,,,,,,,,1,1,1,259000302,,
2,25,90,2,4,1,2393.83153777778,"02",11,,0,0,1,,,,,111,,,,,111,,,,,,,,,,,,,,,,1,,,0,,,,,,,,,,,,,,,,2,1,1,259000402,,
2,25,90,2,5,1,2393.83153777778,"01",13,1,0,0,1,,,,,111,,,,1,,,,,,,,,,,,,,,,,1,,,1,1,1,,,,,,,,,,,,,,1,3,1,259000502,,
2,25,90,2,6,1,2393.83153777778,"01",6,,0,0,1,,,,,111,,,,,111,,,,,,,,,,,,,,,,1,,,0,,,,,,,,,,,,,,,,2,1,1,259000602,,
2,25,90,2,7,1,2393.83153777778,"02",13,1,0,0,1,,,,,111,,,,,111,,,,,,,,,,,,,,,,1,,,0,,,,,,,,,,,,,,,,2,1,1,259000702,,
2,25,90,2,8,1,420.7907,"01",1,,0,1,5,,,,1,,,,1,,,,,,,,1,,,,,1,,,,,,,,1,1,1,1,,,,,,,,,,,,,1,2,1,259000802,,
2,25,90,2,9,1,2393.83153777778,"01",6,,0,0,1,,,,,111,,,,,111,,,,,,1,,,,,,,,,,,,,1,0,,,,,,,,,,,,,,,2,2,1,259000902,,
2,25,90,2,10,1,420.7907,"01",1,,1,1,5,,,,1,,,,,1,,,,,,,1,,,,,1,,,,,,,,1,1,1,1,,,,1,,,,,,1,,,1,3,1,259001002,,
2,25,90,2,11,1,420.7907,"02",1,,0,1,1,,,,1,,,,,1,,,,,,,,,,,,,,,,,1,,,0,,,,,,,,,,,,,,,,1,1,1,259001102,,
2,25,90,2,12,1,420.7907,"01",1,,0,0,1,,,,1,,,,,,111,,,,,,,,,,,,,,,,1,,,0,,,,,,,,,,,,,,,,2,1,1,259001202,,
2,25,90,2,13,1,2393.83153777778,"01",11,,0,0,1,,,,,111,,,,,111,,,,,,,,,,,,,,,,1,,,0,,,,,,,,,,,,,,,,1,3,1,259001302,,
2,25,90,2,14,1,420.7907,"01",1,,0,0,1,,,,,111,,,1,,,,,,,,1,,,,,,,,,,,,,1,1,1,1,,,1,,,,,,,1,,,2,1,1,259001402,,
2,25,90,2,15,1,420.7907,"01",1,,0,0,1,,,,,111,,,1,,,,,,,,1,,,,,,,,,,,,,1,1,1,1,,,,,,,,,,,,,2,2,1,259001502,,
2,25,90,2,16,1,2393.83153777778,"01",11,,0,0,1,,,,,111,,,1,,,,,,,,1,,,,,,,,,,,,,1,1,1,1,,,,,,,,,,,,,1,1,1,259001602,,
2,25,90,2,17,1,420.7907,"01",1,,0,1,1,,,,1,,,,,1,,,,,,,,,,,,1,,,,,,,,1,1,1,1,,,1,,,,,,,1,,,2,2,1,259001702,,
2,25,90,2,18,1,420.7907,"02",1,,0,0,1,,,,,111,,,1,,,,,,,,1,,,,,,,,,,,,,1,1,1,1,,,,,,,,,,,,,2,2,1,259001802,,
2,25,91,2,1,3,85.1704951111111,"01",11,,0,0,1,,,,,111,,,,,111,,,,,,,,,,,,,,,,1,,,0,,,,,,,,,,,,,,,,2,1,4,259100102,,
2,25,91,2,2,3,85.1704951111111,"01",7,,0,0,5,,,,,111,,,,,111,,,,,,,,,,,,,,,,1,,,1,1,1,1,,,,,,,,,,,,,2,2,1,259100202,,
2,25,91,2,3,3,85.1704951111111,"02",11,,0,0,1,,,,,111,,,,,111,,,,,,,,,,,,,,,,1,,,1,1,1,,,,,,,,,,,,,,2,3,1,259100302,,
2,25,91,2,4,3,85.1704951111111,"01",11,,0,0,1,,,,,111,,,,,111,,,,,,,,,,,,,,,,1,,,1,1,1,1,,,,,,,,,,,,,1,2,1,259100402,,
2,25,91,2,5,3,85.1704951111111,"02",9,,0,0,1,,,,1,,,,,1,,,,,,,,,,,,1,,,,,,,,1,1,,1,,,,,,,,,,,,,2,2,1,259100502,,
2,25,91,2,6,3,85.1704951111111,"01",11,,1,0,1,,,,1,,,,,1,,,,,,,1,,,,,,,,,,,,,1,1,1,1,,,,,,,,,,,,,1,1,1,259100602,,
2,25,91,2,7,3,85.1704951111111,"01",7,,0,0,1,,,,,111,,,,,111,,,,,,,,,,,,,,,,1,,,0,,,,,,,,,,,,,,,,2,1,1,259100702,,
2,25,91,2,8,3,85.1704951111111,"01",13,1,0,0,5,,,,,111,,,,,111,,,,,,,,,,,,,,,,1,,,0,,,,,,,,,,,,,,,,2,1,1,259100802,,
2,25,91,2,9,3,85.1704951111111,"02",9,,1,0,1,,,1,,,,,1,,,,,,,,1,,,,,,,,,,,,,1,1,1,1,,,,,,,,,,,,,1,3,1,259100902,,
2,25,91,2,10,3,39.37677,"01",1,,0,0,5,,,1,1,,,,1,,,,,,,,1,,,,,,,,,,,,,0,,,,,,,,,,,,,,,,2,1,1,259101002,,
2,25,91,2,11,3,39.37677,"01",1,,0,0,5,,1,,,,,,,,111,,,,,,,,,,,1,,,,,,,,1,1,1,1,,,1,,,,,1,1,,,,2,2,4,259101102,,
2,25,91,2,12,3,85.1704951111111,"01",11,,1,0,1,,,,,111,,,,,111,,,,,,,,,,,,,,1,,,,,0,,,,,,,,,,,,,,,,2,2,1,259101202,,
2,25,91,2,13,3,39.37677,"01",1,,0,0,5,,1,1,,,,,,1,,,,,,,1,,,,,,,,,,,,,1,1,1,,,,,,,1,,,,,,,1,2,1,259101302,,
2,25,91,2,14,3,39.37677,"01",1,,1,1,5,,,,1,,,,1,,,,,,,,1,,,,,1,,,,,,,,1,1,1,1,,,,,,1,,,,,,,1,2,1,259101402,,
2,25,91,2,15,3,39.37677,"01",1,,0,0,1,,,,1,,,,1,,,,,,,,1,,,,,,,,,,,,,1,1,1,1,,,,,,,,,,,,,1,2,1,259101502,,
2,25,91,2,16,3,39.37677,"02",1,,0,0,1,,,,1,,,,,,111,,,,,,,,,,,,,,,,1,,,1,1,1,,,,,,,,,,,,,,2,3,1,259101602,,
2,25,91,2,17,3,39.37677,"02",1,,0,0,1,,,,1,,,,1,,,,,,,1,1,,,,,,,,,,,,,1,1,1,1,,,1,,,,,,,,,,2,3,1,259101702,,
2,25,91,2,18,3,39.37677,"02",1,,0,1,5,,,,,111,,,1,,,,,,,,1,,,,,,,,,,,,,1,1,1,1,,,1,,,,,,,,,,2,2,1,259101802,,
2,25,92,1,1,1,920.8033,"01",1,,,,5,,,,,111,,,,1,,,,,,,1,,,,,,,,,,,,,1,1,1,1,,,,,,,,,,,,,,2,2,259200102,,
2,25,92,1,2,1,31.0267890002785,"01",11,,,,1,,,,,111,,,,,111,,,,,,,,,,,,,,1,,,,,1,0,,,,,,,,,,,,,,,,2,1,259200202,,
2,25,92,1,3,1,31.0267890002785,"01",11,,,,1,,1,,,,,,1,,,,,,,,,,,,,1,,,,,,,,0,,,,,,,,,,,,,,,,,2,1,259200302,,
2,25,92,1,4,1,31.0267890002785,"01",11,,,,1,,1,,,,,,,,111,,,,,,,,,,,,,1,,,,,,1,1,1,,,,,,,,,,1,,,,,2,1,259200402,,
2,25,92,1,5,1,31.0267890002785,"02",7,,,,1,,1,,,,,,1,,,,,,,,,,,,,,,,,,,555,5,1,1,1,,,,,,,,,,1,,,,,2,1,259200502,,
2,25,92,1,6,1,31.0267890002785,"02",7,,,,1,,,,,111,,,1,,,,,,,,,,,,,,,,,,,555,5,1,1,1,,,,,,,,,,,,,,,2,1,259200602,,
2,25,92,1,7,1,31.0267890002785,"01",11,,,,1,,1,,,,,,,,111,,,,,,,,,,,1,,,,,,,,1,1,1,1,,,,,,,,,,,,,,1,1,259200702,,
2,25,92,1,8,1,920.8033,"02",1,,,,5,,,,1,,,,,1,,,,,,1,1,,,,,,,,,,,,,1,1,1,1,,,1,,,1,,,1,,,,,3,1,259200802,,
2,25,92,1,9,1,920.8033,"02",1,,,,5,,,,1,,,,,1,,,,,,,1,,,,,,,,,,,,,1,1,1,1,,,1,,,,,,1,,,,,2,4,259200902,,
2,25,92,1,10,1,920.8033,"01",1,,,,5,,,,,111,,,,,111,,,,,,,,,,,,,,1,,,,,1,0,,,,,,,,,,,,,,,,2,2,259201002,,
2,25,92,1,11,1,920.8033,"02",1,,,,1,,,,1,,,,,,111,,,,,,,,,,,1,,,,,,,,1,1,1,1,,,1,,,,,,,,,,,2,1,259201102,,
2,25,92,1,12,1,920.8033,"01",1,,,,5,,,1,1,,,,,1,,,,,,,1,,,,,,,,,,,,,1,1,1,1,,,1,,,,,,,,,,,2,1,259201202,,
2,25,92,1,13,1,920.8033,"01",1,,,,1,,,,1,,,,,1,,,,,,,1,,,,,,,,,,,,,1,1,1,1,,,1,,,,,,,,,,,2,1,259201302,,
2,25,92,1,14,1,920.8033,"01",1,,,,5,,,,1,,,,,,111,,,,,1,,,,,,,,,,,,,,1,1,1,1,,,1,,,,,,,,,,,3,1,259201402,,
2,25,92,1,15,1,920.8033,"01",1,,,,5,,,,1,,,,1,,,,,,,1,,,,,,,,,,,,,,1,1,1,1,,,1,,,,,,,,,,,3,1,259201502,,
2,25,92,1,16,1,920.8033,"01",1,,,,1,,1,,,,,,1,,,,,1,,,,,,,,,,,,,,,,1,1,1,,,,,,,,,,,,,,,2,1,259201602,,
2,25,92,1,17,1,31.0267890002785,"01",11,,,,1,,,,,111,,,,,111,,,,,,,,,,,,,,,,1,,,0,,,,,,,,,,,,,,,,,2,1,259201702,,
2,25,92,1,18,1,920.8033,"01",1,,,,5,,1,,,,,,1,,,,,1,,,,,,,,,,,,,,,,1,1,1,,,,1,1,,,1,,,,,,,3,1,259201802,,
2,25,93,2,1,3,81.83583,"01",1,,0,0,1,,,,,111,,,,,111,,,,,,,,,,,,,,1,,,,,0,,,,,,,,,,,,,,,,2,2,1,259300102,,
2,25,93,2,2,3,81.83583,"01",1,,0,0,1,,,,1,,,,,,111,,,,,,,,,,,,,1,1,,,,,1,1,1,1,,,1,,,1,,,,,,,2,2,4,259300202,,
2,25,93,2,3,3,60.3000852631579,"01",11,,0,0,1,,,,,111,,,,,111,,,,,,,,,,,,,,,,1,,,0,,,,,,,,,,,,,,,,1,1,1,259300302,,
2,25,93,2,4,3,81.83583,"01",1,,1,1,5,,1,,,,,,1,,,,,,,,,,,,,,,,,,,555,8,1,1,1,1,,,1,,,,,,,,,,2,3,1,259300402,,
2,25,93,2,5,3,81.83583,"01",1,,1,0,1,,,,,111,,,,,111,,,,,,,,,,,,,,,,1,,,0,,,,,,,,,,,,,,,,2,1,1,259300502,,
2,25,93,2,6,3,81.83583,"01",1,,1,0,5,,,,,111,,,1,,,,,,,,1,,,,,,,,1,,,,,1,0,,,,,,,,,,,,,,,1,1,1,259300602,,
2,25,93,2,7,3,60.3000852631579,"01",11,,0,0,1,,,1,1,,,,,1,,,,,,,1,,,,,1,,,,,,,,1,1,1,1,,,,,,,,,,,,,2,2,1,259300702,,
2,25,93,2,8,3,81.83583,"02",1,,0,1,1,,,1,,,,,,1,,,,,,,1,,,,,,,,,,,,,1,1,1,1,,,1,,,,,,,,,,1,3,1,259300802,,
2,25,93,2,9,3,81.83583,"02",1,,0,0,5,,,,,111,,,,1,,,,,,,1,,,,,,,,,,,,,1,1,1,1,,,,,,,,,,,,,1,1,1,259300902,,
2,25,93,2,10,3,60.3000852631579,"01",9,,0,0,1,,,,1,,,,,1,,,,,,,1,,,,,,,,,,,,,1,0,,,,,,,,,,,,,,,2,2,1,259301002,,
2,25,93,2,11,3,81.83583,"01",1,,0,0,1,,1,,,,,,1,,,,,,,,,,,,,,,,,,,555,5,1,1,1,,,,,,,,,,1,,,,1,2,1,259301102,,
2,25,93,2,12,3,81.83583,"01",1,,1,0,5,,1,,,,,,,,111,,,1,,,,,,,,,,,,,,,,1,1,1,,,,1,,,,,,,,,,1,3,1,259301202,,
2,25,93,2,13,3,81.83583,"01",1,,0,0,1,,,,,111,,,,,111,,,,,,,,,,,,,,,,1,,,0,,,,,,,,,,,,,,,,1,3,1,259301302,,
2,25,93,2,14,3,81.83583,"01",1,,0,0,1,,1,,,,,,1,,,,,,,,,,,,,,,,,,1,,,1,0,,,,,,,,,,,,,,,2,2,1,259301402,,
2,25,93,2,15,3,81.83583,"02",1,,1,0,5,,,,,111,,,,1,,,,,,,1,,,,,,,,,,,,,1,1,1,1,,,1,,,,,,,,,,1,3,1,259301502,,
2,25,93,2,16,3,60.3000852631579,"02",11,,0,0,1,,,1,,,,,,1,,,,,,,1,,,,,,,,,,,,,1,1,1,1,,,,,,,,,,,,,1,3,1,259301602,,
2,25,93,2,17,3,81.83583,"01",1,,1,0,5,,1,,,,,,1,,,,,,,,1,,,,,,,,,,,,,1,1,1,1,,,,,,,,,,,,,1,2,1,259301702,,
2,25,93,2,18,3,81.83583,"01",1,,1,0,1,,,,1,,,,,1,,,,,,1,,,,,,,,,,,,,,1,1,1,1,,,1,,,,,,,,,,2,2,1,259301802,,
2,25,94,2,1,3,84.76505,"01",6,,0,0,1,,,,,111,,,,,111,,,,,,,,,,,,,,,,1,,,0,,,,,,,,,,,,,,,,2,3,1,259400102,,
2,25,94,2,2,3,84.76505,"01",6,,0,0,1,,,,,111,,,,,111,,,,,,,,,,,,,,,,1,,,0,,,,,,,,,,,,,,,,1,3,1,259400202,,
2,25,94,2,3,3,84.76505,"01",11,,2,0,1,,,,,111,,,,,111,,,,,,,,,,,,,,1,,,,,1,0,,,,,,,,,,,,,,,2,2,1,259400302,,
2,25,94,2,4,3,84.76505,"02",11,,0,0,1,,,,,111,,,,,111,,,,,,,,,,,,,1,1,,,,,0,,,,,,,,,,,,,,,,2,3,1,259400402,,
2,25,94,2,6,3,84.76505,"01",11,,0,0,1,,,,,111,,,1,,,,,,,,1,,,,,,,,,,,,,0,,,,,,,,,,,,,,,,2,2,4,259400602,,
2,25,94,2,7,3,84.76505,"01",7,,1,0,1,,,,,111,,,,,111,,,,,,,,,,,,,,,,1,,,0,,,,,,,,,,,,,,,,1,2,1,259400702,,
2,25,94,2,8,3,84.76505,"01",11,,2,0,1,,1,,,,,,1,,,,,,,,,,,,,1,,,,,,,,0,,,,,,,,,,,,,,,,2,2,1,259400802,,
2,25,94,2,9,3,84.76505,"01",7,,0,0,1,,,,,111,,,,,111,,,,,,,,,,,,,,,,1,,,0,,,,,,,,,,,,,,,,2,3,1,259400902,,
2,25,94,2,10,3,84.76505,"01",9,,0,0,1,,,1,,,,,1,,,,,,,,1,,,,,,,,,,,,,1,1,1,1,,,,,,,,,,,,,2,3,1,259401002,,
2,25,94,2,11,3,84.76505,"02",9,,0,1,1,,,,1,,,,1,,,,,,,1,1,,,,,,,,,,,,,1,1,1,1,,,,,,,,,,,,,1,3,1,259401102,,
2,25,94,2,12,3,84.76505,"02",9,,0,0,1,,,1,,,,,,1,,,,,,,1,,,,,,,,,,,,,1,0,,,,,,,,,,,,,,,1,2,1,259401202,,
2,25,94,2,13,3,84.76505,"01",11,,0,0,5,,,,,111,,,,,111,,,,,,,,,,,,,,,,1,,,1,1,,,,,1,1,,1,,,,,,,1,3,1,259401302,,
2,25,94,2,14,3,84.76505,"01",11,,2,0,1,,1,,,,,,1,,,,,,,,,,,,,,,,1,,,,,0,,,,,,,,,,,,,,,,1,3,1,259401402,,
2,25,94,2,15,3,84.76505,"01",9,,1,1,1,,1,,,,,,1,,,,,,,,1,,,,,,,,,,,,,1,1,1,1,,,,,,1,1,,1,,,,2,2,1,259401502,,
2,25,94,2,16,3,84.76505,"01",11,,0,0,1,,,,,111,,,1,,,,,,,,,,,,,,,,,,,555,5,0,,,,,,,,,,,,,,,,2,2,1,259401602,,
2,25,94,2,17,3,84.76505,"02",11,,0,1,1,,1,,,,,,1,,,,,,,,,,,,,,,,,,,555,5,1,1,1,,,,,,,,,,,,,,1,2,4,259401702,,
2,25,94,2,18,3,84.76505,"02",9,,0,0,1,,,,,111,,,,,111,,,,,,,,,,,,,1,1,,,,,1,0,,,,,,,,,,,,,,,1,3,1,259401802,,
2,25,94,2,19,3,84.76505,"01",9,,0,0,5,,1,,,,,,1,,,,,,,,,,,,,,,1,,,,555,5,1,1,1,,,,,,,,,,,,,,1,3,1,259401902,,
2,25,95,2,1,3,64.8652657239057,"01",11,,0,0,1,,,,,111,,,,,111,,,,,,,,,,,,,,,,1,,,0,,,,,,,,,,,,,,,,2,2,1,259500102,,
2,25,95,2,3,3,64.8652657239057,"01",11,,0,0,1,,,,,111,,,,,111,,,,,,,,,,,,,,,,1,,,0,,,,,,,,,,,,,,,,2,2,1,259500302,,
2,25,95,2,4,3,64.8652657239057,"01",11,,0,0,1,,,,,111,,,,,111,,,,,,,,,,,,,,,,1,,,0,,,,,,,,,,,,,,,,2,2,1,259500402,,
2,25,95,2,5,3,64.8652657239057,"03",9,,1,0,1,,,,,111,,,,1,,,,,,,1,,,,,,,,,,,,,1,1,1,1,,,,,,,,,,,,,2,3,1,259500502,,
2,25,95,2,6,3,64.8652657239057,"01",9,,1,0,1,,,,1,,,,1,,,,,,,1,1,,,,,,,,,,,,,1,1,1,1,,,,,,,,,,,,,2,2,1,259500602,,
2,25,95,2,7,3,66.31664,"01",1,,1,0,5,,1,,,,,,1,,,,,1,,,,,,,,1,,,,,,,,1,1,1,1,,,,1,,,,,,,,,2,3,1,259500702,,
2,25,95,2,8,3,64.8652657239057,"02",11,,0,0,1,,,1,,,,,1,,,,,,,,1,,,,,,,,,,,,,0,,,,,,,,,,,,,,,,1,3,1,259500802,,
2,25,95,2,9,3,64.8652657239057,"02",11,,0,0,1,,,1,1,,,,,1,,,,,,,1,,,,,,,,,,,,,1,1,1,1,,,,,,,,,,,,,1,3,1,259500902,,
2,25,95,2,10,3,64.8652657239057,"01",9,,0,0,5,,,1,,,,,1,,,,,,,,1,,,,,,,,,,,,,1,1,1,1,,,,,,,,,,,,,1,2,1,259501002,,
2,25,95,2,11,3,66.31664,"01",1,,1,0,5,,1,,,,,,1,,,,,1,,,1,,,,,,,,,,,,,1,1,1,1,,,,,,,,,1,,,,2,3,2,259501102,,
2,25,95,2,12,3,64.8652657239057,"01",13,6,1,0,1,,,,,111,,,,,111,,,,,,,,,,,,,,1,,,,,0,,,,,,,,,,,,,,,,2,3,1,259501202,,
2,25,95,2,13,3,66.31664,"01",1,,0,0,5,,,,1,,,,1,,,,,,,,1,,,,,,,,,,,,,1,0,,,,,,,,,,,,,,,1,3,1,259501302,,
2,25,95,2,14,3,66.31664,"01",1,,0,0,1,,,,1,,,,,,111,,,,,,,,,,,,,,1,,,,,1,0,,,,,,,,,,,,,,,2,2,1,259501402,,
2,25,95,2,15,3,66.31664,"02",1,,1,1,5,,,,1,,,,,,111,,,,,1,,,,,,,,,,,,,,1,1,1,1,,,1,,,,,,,,,,2,3,1,259501502,,
2,25,95,2,16,3,66.31664,"01",1,,0,0,1,,,,1,,,,1,,,,,,,,1,,,,,,,,,,,,,1,0,,,,,,,,,,,,,,,1,1,1,259501602,,
2,25,95,2,17,3,66.31664,"01",1,,0,0,1,,1,,,,,,1,,,,,,,,,,,,,,,,,,,555,5,1,1,1,,,,1,,,,,,,,,,1,3,1,259501702,,
2,25,95,2,18,3,64.8652657239057,"01",7,,0,0,1,,,,,111,,,1,,,,,,,,,,,,,,,,,,,555,5,0,,,,,,,,,,,,,,,,2,3,1,259501802,,
2,25,95,2,21,3,64.8652657239057,"02",11,,0,0,5,,,,,111,,,,,111,,,,,,,,,,,,,1,,,,,,0,,,,,,,,,,,,,,,,2,3,1,259502102,,
2,25,96,2,1,3,160.396731614907,"01",9,,0,0,5,,,,,111,,,,,111,,,,,,,,,,,,,,,,1,,,1,1,1,,,,,,,1,,,,,,,1,3,1,259600102,,
2,25,96,2,2,3,11.79711,"01",1,,1,1,5,,,,1,,,,1,,,,,,,1,,,,,,,,,,,,,,1,1,1,1,,,1,,,,,,,,,,2,3,2,259600202,,
2,25,96,2,3,3,160.396731614907,"02",9,,1,1,5,,,,1,,,,1,,,,,,,,1,,,,,,,,,,,,,1,1,1,1,,,,,,,,,,,,,1,3,1,259600302,,
2,25,96,2,4,3,11.79711,"01",1,,1,1,6,,,1,1,,,,,1,,,,,,,1,,,,,1,,,,,,,,1,1,1,1,,,1,,,,,,,,,,1,3,1,259600402,,
2,25,96,2,5,3,160.396731614907,"01",11,,1,0,6,,1,,,,,,1,,,,,1,,,,,,,,,,,,,,,,1,1,1,1,,,,,,,,,,,,,1,3,1,259600502,,
2,25,96,2,6,3,160.396731614907,"01",11,,1,0,1,,,,,111,,,1,,,,,,,,1,,,,,,,,,,,,,1,1,1,1,,,,,,,,,1,,,,2,1,1,259600602,,
2,25,96,2,7,3,160.396731614907,"01",11,,0,0,1,,,,,111,,,,,111,,,,,,,,,,,,,,,,1,,,0,,,,,,,,,,,,,,,,2,3,1,259600702,,
2,25,96,2,8,3,160.396731614907,"01",11,,0,0,1,,,,,111,,,1,,,,,,,,,,,,,,,,,,1,,,1,1,,,,,,,,1,,,,,,,1,3,1,259600802,,
2,25,96,2,9,3,160.396731614907,"01",11,,2,0,1,,1,,,,,,1,,,,,,,,1,,,,,1,,,,,,,,1,1,1,1,,,,,,,,,,,,,1,3,1,259600902,,
2,25,96,2,10,3,11.79711,"01",1,,0,0,1,,,,1,,,,,,111,,,,,,,,,,,,,1,,,,,,1,1,1,,,,1,,,,,,,,,,1,1,1,259601002,,
2,25,96,2,11,3,11.79711,"01",1,,1,1,5,,1,1,,,,,,1,,,,,,,1,,,,,,,,,,,,,1,1,1,1,,,1,,,,,,,1,,,1,3,1,259601102,,
2,25,96,2,12,3,11.79711,"02",1,,0,0,5,,1,,,,,,1,,,,,,,,,,,,,1,,,,,,,,0,,,,,,,,,,,,,,,,2,3,1,259601202,,
2,25,96,2,13,3,11.79711,"02",1,,1,0,5,,,,1,,,,,,111,,,,,1,,,,,,,,,,,,,,1,1,1,1,,,1,,,1,,,1,,,,2,3,1,259601302,,
2,25,96,2,14,3,11.79711,"01",1,,0,0,5,,1,,,,,,1,,,,,,,,,,,,,1,,,,,,,,1,1,1,,,,1,,,,,,1,,,,2,3,1,259601402,,
2,25,96,2,15,3,11.79711,"01",1,,0,0,1,,1,,,,,,1,,,,,,,,,,,,,1,,,,,,,,1,1,1,,,,,,,,,,,,,,1,3,1,259601502,,
2,25,96,2,16,3,11.79711,"01",1,,0,0,5,,1,,,,,,,1,,,,,,,1,,,,,,,,,,,,,1,1,1,1,,,1,,,,,,1,,,,2,3,1,259601602,,
2,25,96,2,17,3,11.79711,"01",1,,1,0,1,,,,1,,,,1,,,,,,,,1,,,,,,,,,,,,,1,1,1,1,,,1,,,,,,,,,,1,3,1,259601702,,
2,25,96,2,18,3,11.79711,"01",1,,1,0,5,,1,,,,,,,1,,,,1,,,,,,,,,,,,,,,,1,1,1,1,,,1,,,,,,1,,,,1,3,1,259601802,,
2,25,97,2,1,3,66.53046,"01",7,,0,0,1,,,,,111,,,,,111,,,,,,,,,,,,,,,,1,,,0,,,,,,,,,,,,,,,,2,3,1,259700102,,
2,25,97,2,2,3,66.53046,"01",11,,0,0,1,,,1,,,,,,1,,,,,1,,,,,,,,,,,,,,,1,0,,,,,,,,,,,,,,,1,3,1,259700202,,
2,25,97,2,3,3,66.53046,"01",11,,0,0,1,,,,,111,,,1,,,,,,,,,,,,,,,,1,,,,,0,,,,,,,,,,,,,,,,2,3,1,259700302,,
2,25,97,2,4,3,66.53046,"01",9,,0,0,5,,1,,,,,,1,,,,,1,,,,,,,,,,,,,,,,1,1,,1,,,,,,1,,,,,,,2,3,1,259700402,,
2,25,97,2,5,3,66.53046,"01",11,,1,0,1,,,,,111,,,1,,,,,,,,1,,,,,,,,,,,,,1,1,1,1,,,,,,,,,,,,,1,3,1,259700502,,
2,25,97,2,6,3,66.53046,"01",11,,0,0,1,,,,,111,,,,,111,,,,,,,,,,,,,,,,1,,,0,,,,,,,,,,,,,,,,1,3,1,259700602,,
2,25,97,2,7,3,66.53046,"01",5,,0,0,1,,1,,,,,,1,,,,,1,,,1,,,,,,,,,,,,,1,1,1,1,,,,,,,,,1,,,,2,1,1,259700702,,
2,25,97,2,8,3,66.53046,"01",8,,0,0,5,,1,,,,,,1,,,,,,,,,,,,,,,,,,,555,5,1,1,1,,,,,,,,,,,,,,2,3,1,259700802,,
2,25,97,2,9,3,66.53046,"02",11,,1,0,1,,,,,111,,,,,111,,,,,,,,,,,,,,,,1,,,0,,,,,,,,,,,,,,,,1,3,1,259700902,,
2,25,97,2,10,3,66.53046,"01",9,,1,0,5,,1,,,,,,1,,,,,,,,,,,,,1,,,,,,,,1,1,1,,,,,,,,,,1,,,,1,3,1,259701002,,
2,25,97,2,11,3,66.53046,"01",6,,1,0,5,,1,,,,,,1,,,,,,,,1,,,,,,,,,,,,,1,1,1,1,,,,,,,,,,,,,2,3,1,259701102,,
2,25,97,2,12,3,66.53046,"02",7,,0,0,6,,,1,,,,,,1,,,,,,,1,,,,,,,,,,,,,1,0,,,,,,,,,,,,,,,2,3,1,259701202,,
2,25,97,2,13,3,66.53046,"02",9,,0,0,5,,,,1,,,,,1,,,,,,1,1,,,,,,,,,,,,,1,1,1,1,,,,,,1,,,1,,,,1,3,1,259701302,,
2,25,97,2,14,3,66.53046,"02",9,,1,0,1,,,,,111,,,1,,,,,,,,1,,,,,,,,,,,,,1,1,1,1,,,,,,,,,,,,,2,3,1,259701402,,
2,25,97,2,15,3,66.53046,"01",9,,1,1,5,,,,1,,,,,,111,,,,,1,,,,,,,,,,,,,,0,,,,,,,,,,,,,,,,1,3,1,259701502,,
2,25,97,2,16,3,66.53046,"01",9,,1,1,1,,,,1,,,,1,,,,,,,1,,,,,,,,,,,,,,1,1,1,1,,,,,,,,,,,,,1,3,4,259701602,,
2,25,97,2,17,3,66.53046,"02",11,,0,1,5,,,1,1,,,,,1,,,,,,,,,,,,1,,,,,,,,1,1,1,1,,,,,,,,,,,,,1,3,1,259701702,,
2,25,97,2,18,3,66.53046,"01",9,,0,1,5,,,,1,,,,,1,,,,,,1,,,,,,,,,,,,,,1,1,1,1,,,1,,,1,,,,,,,2,3,1,259701802,,
2,25,98,2,1,3,35.5647948387097,"01",11,,2,0,1,,,,,111,,,,,111,,,,,,,,,,,,,,1,,,,,0,,,,,,,,,,,,,,,,2,2,1,259800102,,
2,25,98,2,2,3,35.5647948387097,"01",11,,0,0,1,,,,,111,,,,1,,,,,,,1,,,,,,,,,,,,,1,0,,,,,,,,,,,,,,,2,2,1,259800202,,
2,25,98,2,3,3,35.5647948387097,"01",11,,0,0,5,,,,,111,,,1,,,,,,1,,,,,,,,,,,,,,,0,,,,,,,,,,,,,,,,1,3,1,259800302,,
2,25,98,2,4,3,35.5647948387097,"01",11,,0,0,1,,,,,111,,,1,,,,,,,,,,,,,,,,1,,,,,0,,,,,,,,,,,,,,,,1,1,1,259800402,,
2,25,98,2,5,3,35.5647948387097,"02",11,,0,0,1,,,,,111,,,1,,,,,,,,,,,,,,,1,,,,,,0,,,,,,,,,,,,,,,,2,2,1,259800502,,
2,25,98,2,6,3,35.5647948387097,"02",11,,0,0,1,,,,,111,,,1,,,,,,,,,,,,,,,,1,,,,,0,,,,,,,,,,,,,,,,2,2,1,259800602,,
2,25,98,2,7,3,35.5647948387097,"01",11,,1,0,1,,,,,111,,,,1,,,,,,,1,,,,,,,,,,,,,1,1,1,1,,,,,,,,,,,,,1,3,1,259800702,,
2,25,98,2,8,3,35.5647948387097,"01",11,,0,0,1,,,,,111,,,,,111,,,,,,,,,,,,,,,,1,,,0,,,,,,,,,,,,,,,,2,1,1,259800802,,
2,25,98,2,9,3,35.5647948387097,"01",11,,0,0,5,,,,,111,,,1,,,,,,1,,,,,,,,,,,,,,,0,,,,,,,,,,,,,,,,1,2,1,259800902,,
2,25,98,2,10,3,91.87572,"02",1,,1,0,5,,,,1,,,,,1,,,,,,,,,,,,,,,,,1,,,1,1,1,1,,,,,,,,,,,,,1,3,1,259801002,,
2,25,98,2,11,3,91.87572,"01",1,,2,0,1,,,,,111,,,1,,,,,,,,1,,,,,,,,,,,,,0,,,,,,,,,,,,,,,,1,2,1,259801102,,
2,25,98,2,12,3,91.87572,"01",1,,1,0,5,,1,,,,,,1,,,,,,,,1,,,,,,,,,,,,,0,,,,,,,,,,,,,,,,1,3,1,259801202,,
2,25,98,2,13,3,91.87572,"01",1,,0,0,5,,,,1,,,,,1,,,,,,1,1,,,,,,,,,,,,,1,1,1,1,,,1,,,1,,,1,,,,1,3,1,259801302,,
2,25,98,2,14,3,35.5647948387097,"01",11,,0,1,1,,,,1,,,,,1,,,,,,,1,,,,,,,,,,,,,1,1,1,1,,,,,,1,,,1,,,,2,2,1,259801402,,
2,25,98,2,15,3,91.87572,"01",1,,0,0,1,,,1,,,,,,1,,,,,,,1,,,,,,,,,,,,,0,,,,,,,,,,,,,,,,1,2,1,259801502,,
2,25,98,2,16,3,91.87572,"01",1,,1,0,1,,,,1,,,,,1,,,,,,,,,,,,,,,,,1,,,0,,,,,,,,,,,,,,,,1,2,1,259801602,,
2,25,98,2,17,3,91.87572,"01",1,,0,0,1,,,,1,,,,,,111,,,,,,,,,,,,1,,,,,,,1,1,1,1,,,1,,,,,,,,,,2,2,1,259801702,,
2,25,98,2,18,3,91.87572,"01",1,,1,0,5,,,1,1,,,,,1,,,,,,,,,,,,1,,,,,,,,1,1,1,1,,,1,,,,,,,,,,1,3,1,259801802,,
2,25,99,2,1,1,950.1539,"01",11,,2,0,1,,,,,111,,,,,111,,,,,,,,,,,,,,1,,,,,0,,,,,,,,,,,,,,,,1,3,1,259900102,,
2,25,99,2,2,1,950.1539,"01",11,,0,0,1,,,,,111,,,1,,111,,,,1,,,,,,,,,,,,,,,0,,,,,,,,,,,,,,,,2,2,1,259900202,,
2,25,99,2,3,1,950.1539,"01",11,,0,0,1,,,1,,,,,,1,,,,,,,1,,,,,,1,,,,,,,1,1,1,1,,,,,,,,,,,,,1,2,1,259900302,,
2,25,99,2,4,1,950.1539,"02",11,,0,0,1,,,,,111,,,1,,,,,,,,,,,,,,,,,,1,,,0,,,,,,,,,,,,,,,,2,2,1,259900402,,
2,25,99,2,5,1,950.1539,"01",11,,0,0,1,,,,,111,,,,,111,,,,,,,,,,,,,,1,,,,,1,1,1,,,,,,,,,,,,,,2,2,1,259900502,,
2,25,99,2,6,1,950.1539,"01",11,,2,0,1,,,,,111,,,,,111,,,,,,,,,,,,,,1,,,,,0,,,,,,,,,,,,,,,,1,3,1,259900602,,
2,25,99,2,7,1,950.1539,"01",11,,0,0,1,,,,,111,,,1,,,,,,,,,,,,,,,,1,,,,,0,,,,,,,,,,,,,,,,2,2,1,259900702,,
2,25,99,2,8,1,950.1539,"01",11,,0,1,1,,,,1,,,,,,111,,,,,,,,,,,1,,,,,,,,1,0,,,,,,,,,,,,,,,2,2,1,259900802,,
2,25,99,2,9,1,950.1539,"01",11,,0,0,1,,,1,,,,,,1,,,,,,,1,,,,1,,1,,,,,,,1,0,,,,,,,,,,,,,,,1,2,1,259900902,,
2,25,99,2,10,1,950.1539,"01",5,,0,0,1,,,,,111,,,,,111,,,,,,,,,,,,,,1,,,,,0,,,,,,,,,,,,,,,,2,1,4,259901002,,
2,25,99,2,11,1,950.1539,"01",9,,1,0,1,,,,,111,,,1,,,,,,,,1,,,,,,,,,,,,,0,,,,,,,,,,,,,,,,2,2,1,259901102,,
2,25,99,2,12,1,950.1539,"01",9,,0,0,1,,,,,111,,,,1,,,,,,,1,,,,,,,,,,,,,0,,,,,,,,,,,,,,,,1,3,4,259901202,,
2,25,99,2,13,1,950.1539,"01",9,,0,0,1,,,,1,,,,,1,,,,,,1,1,,,,,,,,,,,,,1,1,1,1,,,,,,,,,1,,,,1,3,1,259901302,,
2,25,99,2,14,1,950.1539,"01",8,,0,0,5,,,,,111,,,,,111,,,,,,,,,,,,,,,,1,,,0,,,,,,,,,,,,,,,,2,2,1,259901402,,
2,25,99,2,15,1,950.1539,"01",5,,0,0,1,,,,,111,,,,,111,,,,,,,,,,,,,,,,1,,,0,,,,,,,,,,,,,,,,2,2,1,259901502,,
2,25,99,2,16,1,950.1539,"01",9,,1,0,1,,,,,111,,,1,,,,,,,,1,,,,,,,,,,,,,1,1,1,1,,,,,,,,,,,,,2,3,1,259901602,,
2,25,99,2,17,1,950.1539,"02",9,,0,0,1,,,,1,,,,,,111,,,,,,,,,,,,,1,1,,,,,0,,,,,,,,,,,,,,,,2,2,4,259901702,,
2,25,99,2,18,1,950.1539,"01",9,,0,0,1,,,,,111,,,1,,,,,,1,,,,,,,,,,,,,,,0,,,,,,,,,,,,,,,,2,3,1,259901802,,
2,25,100,2,1,1,1790.81928947368,"01",9,,0,0,6,,1,,,,,,1,,,,,,,,,,,,,1,,,,,,,,1,1,1,,,,,,,,,,1,,,,1,3,1,260000102,,
2,25,100,2,4,1,1790.81928947368,"01",5,,1,0,1,,,,,111,,,1,,,,,,,,1,,,,,,,,,,,,,1,1,1,1,,,,,,,,,,,,,2,3,1,260000402,,
2,25,100,2,5,1,1790.81928947368,"01",11,,2,0,1,,1,,,,,,1,,,,,,,,1,,,,,,,,,,,,,1,1,1,1,,,,,,,,,,,,,1,2,1,260000502,,
2,25,100,2,6,1,1790.81928947368,"01",5,,2,0,1,,,,,111,,,1,,,,,,,,1,,,,,,,,,,,,,0,,,,,,,,,,,,,,,,2,1,1,260000602,,
2,25,100,2,7,1,1790.81928947368,"01",9,,0,0,1,,,,,111,,,,,111,,,,,,,,,,,,,,1,,,,,0,,,,,,,,,,,,,,,,1,3,1,260000702,,
2,25,100,2,8,1,1790.81928947368,"01",11,,0,0,1,,,,,111,,,,,111,,,,,,,,,,,,,1,,,,,,0,,,,,,,,,,,,,,,,2,2,1,260000802,,
2,25,100,2,9,1,1790.81928947368,"01",9,,0,0,1,,,,1,,,,1,,,,,,,,1,,,,,,,,,,,,,1,1,1,,,,,,,,,,,,,,1,3,1,260000902,,
2,25,100,2,10,1,756.1237,"01",1,,0,0,1,,,,,,,,1,,,,,,1,,,,,,,,,,,,,,,1,1,1,,,,1,,,1,,,,,,,1,2,1,260001002,,
2,25,100,2,11,1,756.1237,"01",1,,0,0,5,,,,1,,,,,,111,,,,,,,,,,,1,,,,,,,,0,,,,,,,,,,,,,,,,1,2,1,260001102,,
2,25,100,2,12,1,756.1237,"02",1,,0,0,1,,1,,,,,,1,,,,,,1,,,,,,,,,,,,,,,1,1,1,,,,1,,,1,,,,,,,1,2,1,260001202,,
2,25,100,2,13,1,756.1237,"01",1,,1,0,1,,1,,,,,,1,,,,,,,,,,,,,1,,,,,,,,1,1,1,,,,1,,,,,,1,,,,1,3,1,260001302,,
2,25,100,2,14,1,756.1237,"01",1,,1,0,5,,1,,,,,,,1,,,,1,,,1,,,,,,,,,,,,,1,1,1,1,,,1,,,1,,,1,,,,1,3,1,260001402,,
2,25,100,2,15,1,756.1237,"02",1,,0,0,1,,,,,111,,,,1,,,,,,,1,,,,,,,,,,,,,1,1,1,1,,,,,,,,,1,,,,2,3,1,260001502,,
2,25,100,2,16,1,756.1237,"01",1,,2,0,1,,1,,,,,,,,111,,,,,,,,,,,,,,1,,,,,1,1,1,1,,,,,,,,,,,,,1,3,1,260001602,,
2,25,100,2,17,1,756.1237,"01",1,,0,0,1,,1,,,,,,1,,,,,,1,,,,,,,,,,,,,,,1,1,1,,,,1,,,1,,,1,,,,1,3,1,260001702,,
2,25,100,2,18,1,756.1237,"01",1,,0,0,1,,1,,,,,,1,,,,,,1,,,,,,,,,,,,,,,1,1,1,,,,1,,,1,,,,,,,1,1,1,260001802,,
2,25,100,2,19,1,1790.81928947368,"01",11,,0,0,1,,,,,111,,,1,,,,,,,,,,,,,,,,,,,555,5,1,1,1,,,,,,,,,,,,,,1,2,1,260001902,,
2,25,100,2,22,1,1790.81928947368,"01",9,,0,0,1,,,,,111,,,,,111,,,,,,,,,,,,,,1,,,,,1,1,1,1,,,,,,,,,,,,,2,3,1,260002202,,
2,25,101,2,1,3,75.79504,"01",9,,0,0,1,,1,,,,,,1,,,,,,,,,,,,,,,1,,,,,,1,1,1,,,,,,,,,,1,,,,2,2,1,260100102,,
2,25,101,2,2,3,75.79504,"01",11,,0,0,1,,,1,,,,,,1,,,,,,,,,,,,,1,,,,,,,1,1,1,1,,,,,,,,,,,,,1,3,1,260100202,,
2,25,101,2,3,3,75.79504,"01",7,,1,0,1,,,,,111,,,1,,,,,,,,1,,,,,,,,,,,,,0,,,,,,,,,,,,,,,,2,2,1,260100302,,
2,25,101,2,4,3,75.79504,"01",8,,1,0,1,,1,,,,,,1,,,,,,,,1,,,,,,,,,,,,,1,1,1,1,,,,,,,,,,,,,2,1,1,260100402,,
2,25,101,2,5,3,75.79504,"01",6,,2,0,1,,,,,111,,,1,,,,,,,,1,,,,,,,,,,,,,0,,,,,,,,,,,,,,,,1,2,1,260100502,,
2,25,101,2,6,3,75.79504,"01",9,,0,0,1,,,1,,,,,,1,,,,,,,1,,,,,,,,,,,,,1,1,1,1,,,,,,,,,,,,,1,3,1,260100602,,
2,25,101,2,8,3,75.79504,"02",9,,1,0,1,,,,,111,,,,1,,,,,,,,,,,,,,,,,1,,,1,1,1,1,,,,,,,,,,,,,1,2,1,260100802,,
2,25,101,2,9,3,75.79504,"01",11,,1,0,1,,,,,111,,,,1,,,,,,,1,,,,,,,,,,,,,0,,,,,,,,,,,,,,,,2,2,1,260100902,,
2,25,101,2,10,3,75.79504,"01",11,,1,0,1,,,,1,,,,,1,,,,,,,1,,,,,,,,,,,,,0,,,,,,,,,,,,,,,,2,1,4,260101002,,
2,25,101,2,11,3,75.79504,"01",11,,0,0,1,,,,,111,,,,,111,,,,,,1,,,,,,,,,,,,,0,,,,,,,,,,,,,,,,1,2,1,260101102,,
2,25,101,2,12,3,75.79504,"01",11,,0,0,1,,,,,111,,,1,,,,,,,,,,,,,,,1,,,,,,0,,,,,,,,,,,,,,,,2,1,4,260101202,,
2,25,101,2,13,3,75.79504,"01",11,,0,0,1,,,,,111,,,,,111,,,,,,,,,,,,,,,,1,,,0,,,,,,,,,,,,,,,,1,1,1,260101302,,
2,25,101,2,14,3,75.79504,"01",11,,0,0,5,,,,,111,,,,,111,,,,,,,,,,,,,,,,1,,,0,,,,,,,,,,,,,,,,1,3,1,260101402,,
2,25,101,2,15,3,75.79504,"02",11,,0,0,1,,,,,111,,,1,,,,,,,,1,,,,,,,,,,,,,0,,,,,,,,,,,,,,,,2,3,1,260101502,,
2,25,101,2,16,3,75.79504,"01",11,,0,0,1,,,,,111,,,,1,,,,,,,1,,,,,,,,,,,,,0,,,,,,,,,,,,,,,,1,3,1,260101602,,
2,25,101,2,17,3,75.79504,"01",11,,0,0,1,,,,,111,,,1,,,,,,,,1,,,,,,,,,,,,,0,,,,,,,,,,,,,,,,1,1,1,260101702,,
2,25,101,2,18,3,75.79504,"01",11,,0,0,1,,,,,111,,,1,,,,,,,,,,,,,,,,,,,555,5,0,,,,,,,,,,,,,,,,2,3,1,260101802,,
2,25,101,2,20,3,75.79504,"01",11,,0,0,1,,,,,111,,,,,111,,,,,,,,,,,,1,,,,,,,0,,,,,,,,,,,,,,,,2,2,1,260102002,,
2,25,102,1,1,3,58.1195744863014,"01",11,,,,1,,,,,111,,,,,111,,,,,,,,,,,,,,,,1,,,0,,,,,,,,,,,,,,,,,1,1,260200102,,
2,25,102,1,3,3,58.1195744863014,"01",11,,,,1,,,,,111,,,,,111,,,,,,,,,,,,,,,,1,,,0,,,,,,,,,,,,,,,,,1,1,260200302,,
2,25,102,1,4,3,101.3189,"01",1,,,,5,,,,,111,,,1,,,,,,,,1,,,,,,,,,,,,,1,1,1,1,,,,,,,,,,,,,,2,4,260200402,,
2,25,102,1,5,3,101.3189,"01",1,,,,5,,1,,,,,,1,,,,,,,,,,,,,,,,1,,,,,0,,,,,,,,,,,,,,,,,3,1,260200502,,
2,25,102,1,6,3,58.1195744863014,"01",11,,,,1,,,,,111,,,,,111,,,,,,,,,,,,,,,,1,,,0,,,,,,,,,,,,,,,,,1,1,260200602,,
2,25,102,1,7,3,58.1195744863014,"01",11,,,,1,,1,,,,,,1,,,,,,,,1,,,,,,,,,,,,,0,,,,,,,,,,,,,,,,,3,1,260200702,,
2,25,102,1,8,3,58.1195744863014,"02",11,,,,5,,1,,,,,,1,,,,,,,,,,,,,,,,1,,,,,1,1,1,,,,,,,,,,1,,,,,2,1,260200802,,
2,25,102,1,9,3,58.1195744863014,"02",9,,,,5,,1,,,,,,1,,,,,,,,,,,,,,,,1,,,,,1,1,1,,,,,,,,,,,,,,,3,1,260200902,,
2,25,102,1,10,3,101.3189,"01",1,,,,1,,,1,1,,,,,1,,,,,,,,,,,,1,,,,,,,,1,1,1,1,,,,,,,,,,,,,,2,1,260201002,,
2,25,102,1,11,3,101.3189,"01",1,,,,5,,,,1,,,,1,,,,,,,1,,,,,,,,,,,,,,1,1,1,1,,,1,,,,,,,,,,,2,1,260201102,,
2,25,102,1,13,3,101.3189,"01",1,,,,5,,,1,1,,,,,1,,,,,,,1,,,,,,,,,,,,,1,1,1,1,,,1,,,,,,,,,,,2,1,260201302,,
2,25,102,1,14,3,101.3189,"02",1,,,,1,,,,,111,,,1,,,,,,,,1,,,,,,,,,,,,,0,,,,,,,,,,,,,,,,,3,1,260201402,,
2,25,102,1,15,3,101.3189,"02",1,,,,5,,1,,1,,,,,1,,,,1,,,,,,,,,,,,,,,,1,1,1,1,,,1,,,,,,,,,,,3,1,260201502,,
2,25,102,1,16,3,101.3189,"02",1,,,,5,,,,1,,,,,,111,,,,,1,,,,,,,,,,,,,,1,1,1,1,,,1,,,,,,,,,,,3,1,260201602,,
2,25,102,1,17,3,101.3189,"02",1,,,,1,,,,1,,,,1,,,,,,,,1,,,,,,,,,,,,,1,1,1,1,,,,,,,,,,,,,,3,1,260201702,,
2,25,102,1,18,3,58.1195744863014,"01",11,,,,1,,,,1,,,,1,,,,,,,1,,,,,,,,,,,,,,1,1,1,1,,,,,,,,,,,,,,3,1,260201802,,
2,25,102,1,19,3,58.1195744863014,"01",11,,,,1,,,,,111,,,1,,,,,,,,,,,,,,,1,,,,,,1,1,1,,,,,,,,,,,,,,,3,1,260201902,,
2,25,102,1,21,3,101.3189,"02",1,,,,1,,,,,111,,,,1,,,,,,,1,,,,,,,,,,,,,1,1,1,1,,,1,,,,,,,,,,,3,1,260202102,,
2,25,103,2,1,3,17.2765870588235,"01",11,,0,0,1,,1,,,,,,1,,,,,,,,1,,,,,,,,,,,,,1,0,,,,,,,,,,,,,,,1,2,1,260300102,,
2,25,103,2,2,3,17.2765870588235,"01",11,,0,0,1,,,,,111,,,,,111,,,,,,,,,,,,,,,,1,,,0,,,,,,,,,,,,,,,,2,2,1,260300202,,
2,25,103,2,3,3,17.2765870588235,"02",11,,0,0,1,,,,,111,,,,,111,,,,,,,,,,,,,,,,1,,,1,1,,1,,,,,,,,,,,,,2,1,1,260300302,,
2,25,103,2,4,3,17.2765870588235,"01",11,,1,0,1,,,,1,,,,1,,,,,,,,1,,,,,,,,,,,,,0,,,,,,,,,,,,,,,,2,1,1,260300402,,
2,25,103,2,5,3,17.2765870588235,"01",11,,0,0,1,,,,,111,,,1,,,,,,,,,,,,,,,,1,,,,,0,,,,,,,,,,,,,,,,1,1,1,260300502,,
2,25,103,2,6,3,17.2765870588235,"01",11,,1,0,1,,,,,111,,,1,,,,,,,,1,,,,,,,,,,,,,1,0,,,,,,,,,,,,,,,2,2,1,260300602,,
2,25,103,2,7,3,17.2765870588235,"01",13,1,0,0,1,,,,,111,,,,,111,,,,,,,,,,,,,,1,,,,,0,,,,,,,,,,,,,,,,1,1,1,260300702,,
2,25,103,2,8,3,17.2765870588235,"01",7,,0,0,1,,,,,111,,,,,111,,,,,,,,,,,,,1,1,,,,,0,,,,,,,,,,,,,,,,1,2,1,260300802,,
2,25,103,2,9,3,17.2765870588235,"02",11,,0,0,1,,,,,111,,,1,,,,,,,,,,,,,,,,,,,555,5,1,1,1,,,,,,,,,,,,,,1,3,1,260300902,,
2,25,103,2,10,3,133.5009,"01",1,,1,1,5,,1,,,,,,1,,,,,,,,1,,,,,,,,,,,,,1,1,1,1,,,1,,,,,,,,,,1,3,1,260301002,,
2,25,103,2,12,3,133.5009,"02",1,,0,0,1,,,,1,,,,1,,,,,,,,1,,,,,,,,,,,,,1,1,1,1,,,,,,,,,,,,,1,2,1,260301202,,
2,25,103,2,13,3,133.5009,"02",1,,0,0,1,,,,,111,,,,1,,,,,,,1,,,,,,,,,,,,,0,,,,,,,,,,,,,,,,2,3,1,260301302,,
2,25,103,2,14,3,133.5009,"01",1,,1,0,1,,,,1,,,,,1,,,,,,,1,,,,,,,,,,,,,0,,,,,,,,,,,,,,,,2,2,1,260301402,,
2,25,103,2,15,3,133.5009,"02",1,,0,0,6,,,1,,,,,,1,,,,,,,1,,,,,,,,,,,,,0,,,,,,,,,,,,,,,,1,3,1,260301502,,
2,25,103,2,16,3,133.5009,"01",1,,0,1,6,,,,,111,,,1,,,,,,,,1,,,,,,,,,,,,,1,1,1,1,,,1,,,,,,1,,,,2,3,1,260301602,,
2,25,103,2,17,3,133.5009,"02",1,,1,0,5,,1,,,,,,1,,,,,1,,,,,,,,,,,,,,,,1,1,1,,,,1,,,,,,,,,,2,3,1,260301702,,
2,25,103,2,18,3,133.5009,"02",1,,1,0,1,,,,,111,,,,1,,,,,,,1,,,,,,,,,,,,,1,1,1,1,,,,,,,,,,,,,2,3,4,260301802,,
2,25,103,2,21,3,133.5009,"02",1,,1,1,5,,1,,,,,,,1,,,,1,,,,,,,,,,,,,,,,1,1,1,1,,,1,,,,,,,,,,1,3,1,260302102,,
2,25,104,2,2,3,119.484141333333,"01",6,,0,0,1,,,,,111,,,,,111,,,,,,,,,,,,,,1,,,,,0,,,,,,,,,,,,,,,,2,2,1,260400202,,
2,25,104,2,3,3,119.484141333333,"02",11,,0,0,1,,,,,111,,,,,111,,,,,,,,,,,,,1,,,,,,0,,,,,,,,,,,,,,,,2,2,1,260400302,,
2,25,104,2,4,3,119.484141333333,"01",13,1,0,0,1,,,,,111,,,,,111,,,,,,,,,,,,,,,,1,,,0,,,,,,,,,,,,,,,,2,2,1,260400402,,
2,25,104,2,5,3,119.484141333333,"01",11,,0,0,1,,,,,111,,,,,111,,,,,,,,,,,,,,,,1,,,0,,,,,,,,,,,,,,,,2,1,1,260400502,,
2,25,104,2,6,3,119.484141333333,"02",11,,1,0,1,,,,1,,,,,1,,,,,,,1,,,,,,,,,,,,,1,1,1,1,,,,,,,,,,,,,1,3,1,260400602,,
2,25,104,2,7,3,119.484141333333,"01",11,,0,0,5,,,,,111,,,,,111,,,,,,,,,,,,,1,,,,,,1,1,1,1,,,,,,,,,,,,,2,888,2,260400702,,
2,25,104,2,8,3,119.484141333333,"01",11,,0,0,1,,,1,,,,,1,,,,,,,,1,,,,,,,,,,,,,1,1,1,1,,,,,,,,,,,,,2,2,1,260400802,,
2,25,104,2,9,3,119.484141333333,"01",11,,1,0,1,,,,1,,,,1,,,,,,,,1,,,,,,,,,,,,,1,1,1,1,,,,,,,,,,,,,2,2,2,260400902,,
2,25,104,2,10,3,38.96222,"02",1,,0,0,1,,,,,111,,,1,,,,,,,,,,,,,,,,,,,555,5,1,1,1,,,,,,,,,,1,,,,1,3,1,260401002,,
2,25,104,2,11,3,38.96222,"02",1,,0,0,1,,,,,111,,,,,111,,,,,,,,,,,,,,,,1,,,1,1,1,,,,,,,1,,,,,,,1,2,1,260401102,,
2,25,104,2,12,3,38.96222,"02",1,,0,1,1,,1,,,,,,1,,,,,,,,,,,,,,,,,,,555,5,1,1,1,,,,1,,,,,,1,,,,1,3,1,260401202,,
2,25,104,2,13,3,38.96222,"01",1,,0,0,1,,,,,111,,,,,111,,,,,,,,,,,,,,,,1,,,0,,,,,,,,,,,,,,,,2,3,1,260401302,,
2,25,104,2,14,3,38.96222,"02",1,,1,1,5,,,,,111,,,,1,,,,,,,1,,,,,,,,,,,,,1,1,1,1,,,1,,,1,,,1,,,,2,3,1,260401402,,
2,25,104,2,15,3,38.96222,"01",1,,2,1,1,,,,,111,,,1,,,,,,,,1,,,,,,,,,,,,,1,0,,,,,,,,,,,,,,,2,3,1,260401502,,
2,25,104,2,16,3,38.96222,"01",1,,1,0,5,,1,,,,,,1,,,,,,,,1,,,,,,,,,,,,,1,1,1,1,,,,,,,,,,,,,2,3,1,260401602,,
2,25,104,2,17,3,38.96222,"01",1,,2,1,6,,1,,,,,,1,,,,,,,,1,,,,,,,,,,,,,1,1,1,1,,,,,,,,,,,,,2,2,1,260401702,,
2,25,104,2,18,3,38.96222,"01",1,,0,0,1,,,,,111,,,,,111,,,,,,,,,,,,,,,,1,,,0,,,,,,,,,,,,,,,,1,2,1,260401802,,
2,25,104,2,20,3,119.484141333333,"02",11,,0,1,1,,,,,111,,,1,,,,,,,,,,,,,,,,,,,555,5,1,1,1,,,,,,,,,,,,,,2,3,1,260402002,,
2,25,105,2,1,3,68.69241,"01",11,,0,0,1,,,1,,,,,,1,,,,,,,1,,,,,,,,,,,,,1,0,,,,,,,,,,,,,,,1,2,1,260500102,,
2,25,105,2,2,3,68.69241,"01",7,,1,0,1,,,,,111,,,1,,,,,,,,1,,,,,,,,,,,,,1,1,1,1,,,,,,,,,,,,,1,2,1,260500202,,
2,25,105,2,3,3,68.69241,"02",11,,0,0,1,,,,,111,,,1,,,,,,1,,,,,,,,,,,,,,,0,,,,,,,,,,,,,,,,2,2,1,260500302,,
2,25,105,2,4,3,68.69241,"01",6,,0,0,1,,,,,111,,,,,111,,,,,,,,,,,,,,,,1,,,0,,,,,,,,,,,,,,,,2,1,1,260500402,,
2,25,105,2,5,3,68.69241,"02",11,,0,0,1,,,,,111,,,,,111,,,,1,,,,,,,,,,,,,,,0,,,,,,,,,,,,,,,,1,2,1,260500502,,
2,25,105,2,6,3,68.69241,"01",6,,0,0,1,,,,,111,,,,,111,,,,,,,,,,,,,,1,,,,,0,,,,,,,,,,,,,,,,1,3,1,260500602,,
2,25,105,2,7,3,68.69241,"01",7,,2,0,1,,1,,,,,,1,,,,,,,,1,,,,,,,,,,,,,1,1,1,1,,,,,,,,,,,,,2,2,1,260500702,,
2,25,105,2,8,3,68.69241,"01",11,,0,0,1,,,,,111,,,,,111,,,,1,,,,,,,,,,,,,,,0,,,,,,,,,,,,,,,,2,1,1,260500802,,
2,25,105,2,9,3,68.69241,"01",11,,2,0,1,,,,,111,,,,,111,,,,,,,,,,,,,,,,1,,,0,,,,,,,,,,,,,,,,2,1,1,260500902,,
2,25,105,2,10,3,68.69241,"01",11,,0,0,1,,,,,111,,,1,,,,,,,,1,,,,,,,,,,,,,1,1,1,1,,,,,,,,,1,,,,2,2,1,260501002,,
2,25,105,2,11,3,68.69241,"02",6,,0,0,1,,,1,,,,,,1,,,,,,,1,,,,,,,,,,,,,0,,,,,,,,,,,,,,,,2,1,1,260501102,,
2,25,105,2,12,3,68.69241,"01",11,,0,0,1,,,1,,,,,,1,,,,,,,1,,,,,,,,,,,,,1,0,,,,,,,,,,,,,,,1,2,1,260501202,,
2,25,105,2,13,3,68.69241,"02",11,,0,1,1,,,,,111,,,1,,,,,,,,,,,,,,,,,,,555,5,1,1,1,,,,,,,,,,,,,,2,888,4,260501302,,
2,25,105,2,14,3,68.69241,"01",13,1,2,0,1,,,,,111,,,1,,,,,,,,1,,,,,,,,,,,,,1,1,1,1,,,,,,,,,,,,,2,2,1,260501402,,
2,25,105,2,15,3,68.69241,"01",9,,1,0,5,,,,1,,,,,1,,,,,,,1,,,,,,,,,,,,,1,1,1,1,,,,,,,,,,,,,1,3,1,260501502,,
2,25,105,2,16,3,68.69241,"02",9,,1,0,5,,,,1,,,,1,,,,,,,,1,,,,,,,,,,,,,1,1,1,1,,,,,,1,,,1,,,,2,3,1,260501602,,
2,25,105,2,17,3,68.69241,"02",6,,0,0,5,,,,,111,,,1,,,,,,,,,,,,,,,,,,1,,,1,1,1,,,,,,,,,,,,,,1,3,1,260501702,,
2,25,105,2,18,3,68.69241,"02",9,,1,0,5,,,,1,,,,,1,,,,,,1,,,,,,,,,,,,,,1,1,1,1,,,,,,,,,,,,,1,3,1,260501802,,
2,25,106,2,1,2,,"01",9,,0,0,2,,,,,111,,,,1,,,,,,,,,,,,,,1,1,,,,,1,1,1,,,,,,,,,,,,,,2,1,6,260600102,1,21.6071434020996
2,25,106,2,2,2,,"02",8,,0,0,2,,,,,111,,,,1,,,,,,,,,,,,,1,1,1,,,,,1,1,1,1,,,,,,1,,,,,,,2,1,6,260600202,1,21.6071434020996
2,25,106,2,3,2,,"01",5,,0,0,5,,,,,111,,,,1,,,,,,,,,,,,,,1,1,,,,,1,1,1,1,,,,,,1,,,,,,,2,1,6,260600302,1,21.6071434020996
2,25,106,2,4,2,,"01",8,,0,0,5,,,,,111,,,,1,,,,,,,,,,,,,,1,1,,,,,1,1,1,1,,,,,,1,,,,,,,2,3,6,260600402,1,21.6071434020996
2,25,106,2,5,2,,"04",8,,0,0,2,,,,,111,,,,1,,,,,,,,,,,,,,,1,,,,,1,1,1,,,,,,,,,,,,,,2,1,6,260600502,1,21.6071434020996
2,25,106,2,6,2,,"01",11,,0,0,2,,,,,111,,,,,111,,,,,,,,,,,,,1,,,,,,1,1,1,1,,,,,,,,,,,,,2,1,6,260600602,1,21.6071434020996
2,25,106,2,7,2,,"01",6,,0,0,2,,,,,111,,,,1,,,,,,,1,,,,,,,,,,,,,1,1,1,1,,,,,,1,,,,,,,2,1,6,260600702,1,21.6071434020996
2,25,106,2,8,2,,"01",8,,0,0,2,,,,,111,,,,,111,,,,,,,,,,,,,,,,1,,,1,0,,,,,,,,,,,,,,,2,3,6,260600802,1,21.6071434020996
2,25,106,2,9,2,,"01",8,,0,0,2,,,,,111,,,,,111,,,,,,,,,,,,,1,1,,,,,1,0,,,,,,,,,,,,,,,2,1,6,260600902,1,21.6071434020996
2,25,106,2,10,2,,"02",5,,0,0,1,,,,,111,,,,,111,,,,,,,,,,,,,,,,1,,,1,1,1,,,,,,,1,,,,,,,2,888,1,260601002,1,21.6071434020996
2,25,106,2,11,2,,"01",5,,0,0,4,,,,,111,,,,,111,,,,,,,,,,,,,,,1,,,,1,1,1,,,,,,,1,,,1,,,,2,1,1,260601102,1,21.6071434020996
2,25,106,2,12,2,,"02",5,,0,0,1,,,,,111,,,,,111,,,,,,,,,,,,,,,,1,,,1,1,1,,,,,,,1,,,,,,,2,1,1,260601202,1,21.6071434020996
2,25,106,2,13,2,,"02",5,,0,0,1,,,,,111,,,,,111,,,,,,,,,,,,,,,,1,,,1,1,1,,,,,,,,,,,,,,2,1,1,260601302,1,21.6071434020996
2,25,106,2,14,2,,"02",8,,0,0,1,,1,,,,,,,,111,,,1,,,,,,,,,,,,,,,,1,1,1,,,,,,,1,,,,,,,2,1,1,260601402,1,21.6071434020996
2,25,106,2,15,2,,"01",8,,0,0,1,,,,,111,,,,,111,,,,,,,,,,,,,,,,1,,,1,1,1,,,,,,,1,,,,,,,2,1,1,260601502,1,21.6071434020996
2,25,106,2,16,2,,"01",6,,0,0,1,,,,,111,,,,,111,,,,,,,,,,,,,,,,1,,,1,1,1,,,,,,,,,,,,,,2,1,1,260601602,1,21.6071434020996
2,25,106,2,17,2,,"01",8,,0,0,1,,,,,111,,,,,111,,,,,,,,,,,,,,,,1,,,1,1,1,,,,,,,,,,,,,,2,1,1,260601702,1,21.6071434020996
2,25,106,2,18,2,,"01",5,,0,0,1,,,,,111,,,,,111,,,,,,,,,,,,,,,,1,,,1,1,1,,,,,,,,,,,,,,2,1,1,260601802,1,21.6071434020996
2,25,107,2,1,2,,"01",8,,0,0,1,,1,,,,,,,,111,,,,,,,,,,,,,,1,,,,,1,0,,,,,,,,,,,,,,,2,1,4,260700102,1,21.6071434020996
2,25,107,2,2,2,,"01",11,,0,0,1,,,,1,,,,,,111,,,,,,,,,,,,,,1,,,,,1,1,1,,,,,,,,,,,,,,2,3,4,260700202,1,21.6071434020996
2,25,107,2,3,2,,"01",9,,0,0,1,,1,,,,,,,,111,,,,,,,,,,,,,,1,,,,,1,0,,,,,,,,,,,,,,,2,1,4,260700302,1,21.6071434020996
2,25,107,2,4,2,,"01",9,,0,1,1,,1,,,,,,,,111,,,,,,,,,,,,,,1,,,,,1,0,,,,,,,,,,,,,,,2,1,4,260700402,1,21.6071434020996
2,25,107,2,5,2,,"01",5,,0,0,1,,1,,,,,,,,111,,,,,,,,,,,,,,1,,,,,0,,,,,,,,,,,,,,,,2,1,4,260700502,1,21.6071434020996
2,25,107,2,6,2,,"01",8,,0,0,1,,,,,111,,,,,111,,,,,,,,,,,,,,,,1,,,1,1,,,,,,,,,,,1,,,,2,1,4,260700602,1,21.6071434020996
2,25,107,2,7,2,,"01",6,,0,0,1,,1,,,,,,,,111,,,,,,,,,,,,,,,,1,,,1,1,1,,,,,,,,,,,,,,2,1,4,260700702,1,21.6071434020996
2,25,107,2,8,2,,"01",6,,0,0,1,,1,,,,,,,,111,,,,,,,,,,,,,,1,,,,,1,0,,,,,,,,,,,,,,,2,1,4,260700802,1,21.6071434020996
2,25,107,2,9,2,,"01",5,,1,0,5,,1,,,,,,,,111,,,,,,,,,,,,,,1,,,,,1,1,1,,,,,,,,,,,,,,1,1,4,260700902,1,21.6071434020996
2,25,107,2,10,2,,"01",8,,0,0,1,,,,,111,,,,,111,,,,,,,,,,,,,,,,1,,,1,0,,,,,,,,,,,,,,,2,1,4,260701002,1,21.6071434020996
2,25,107,2,11,2,,"02",11,,0,0,1,,,,,111,,,,,111,,,,,,,,,,,,,,,,1,,,0,,,,,,,,,,,,,,,,2,1,6,260701102,1,21.6071434020996
2,25,107,2,12,2,,"01",11,,0,0,1,,,,,,,,,,111,,,,,,,,,,,,,,,,1,,,1,0,,,,,,,,,,,,,,,2,1,4,260701202,1,21.6071434020996
2,25,107,2,13,2,,"01",11,,0,2,1,,,,,111,,,,,111,,,,,,,,,,,,,,,,1,,,0,,,,,,,,,,,,,,,,2,1,4,260701302,1,21.6071434020996
2,25,107,2,14,2,,"01",11,,0,0,1,,,,,111,,,,,111,,,,,,,,,,,,,,,,1,,,1,0,,,,,,,,,,,,,,,2,1,4,260701402,1,21.6071434020996
2,25,107,2,15,2,,"01",8,,0,0,1,,,,,111,,,,,111,,,,,,,,,,,,,,,,1,,,1,0,,,,,,,,,,,,,,,2,1,4,260701502,1,21.6071434020996
2,25,107,2,16,2,,"01",8,,0,0,1,,,,,,,,,,111,,,,,,,,,,,,,,,,1,,,1,0,,,,,,,,,,,,,,,2,2,4,260701602,1,21.6071434020996
2,25,107,2,17,2,,"02",5,,0,0,1,,,,,111,,,,,111,,,,,,,,,,,,,,,,1,,,1,0,,,,,,,,,,,,,,,2,1,4,260701702,1,21.6071434020996
2,25,107,2,18,2,,"01",8,,0,0,1,,,,,111,,,,,111,,,,,,,,,,,,,,,,1,,,1,0,,,,,,,,,,,,,,,2,1,4,260701802,1,21.6071434020996
2,25,108,2,1,2,,"02",11,,0,0,1,,,,,111,,,,,111,,,,,,,,,,,,,,,,1,,,1,0,,,,,,,,,,,,,,,2,1,4,260800102,1,21.6071434020996
2,25,108,2,2,2,,"01",11,,0,0,1,,,,,111,,,,,,,,,,,,,,,,,,,,,1,,,1,0,,,,,,,,,,,,,,,2,1,4,260800202,1,21.6071434020996
2,25,108,2,3,2,,"01",8,,0,0,1,,,,,111,,,,,111,,,,,,,,,,,,,,,,1,,,1,0,,,,,,,,,,,,,,,2,1,4,260800302,1,21.6071434020996
2,25,108,2,4,2,,"01",6,,0,0,1,,,,,111,,,,,111,,,,,,,,,,,,,,,,1,,,0,,,,,,,,,,,,,,,,2,1,4,260800402,1,21.6071434020996
2,25,108,2,5,2,,"01",5,,0,0,1,,,,,111,,,,,111,,,,,,,,,,,,,,,,1,,,1,1,,,,,,,,,,,1,,,,2,1,4,260800502,1,21.6071434020996
2,25,108,2,6,2,,"02",11,,0,0,1,,,,,111,,,,,,,,,,,,,,,,,,,,,1,,,1,1,,,,,,,,,,,1,,,,2,1,4,260800602,1,21.6071434020996
2,25,108,2,8,2,,"01",6,,0,0,1,,,,,111,,,,,111,,,,,,,,,,,,,,,,1,,,1,1,,,,,,,,,,,1,,,,2,2,4,260800802,1,21.6071434020996
2,25,108,2,9,2,,"01",11,,0,0,1,,,,,111,,,,,111,,,,,,,,,,,,,,,,1,,,1,1,,,,,,,,,,,1,,,,2,1,4,260800902,1,21.6071434020996
2,25,108,2,11,2,,"01",9,,0,0,2,,,,,111,,,,,111,,,,,,,,,,,,,,1,,,,,1,0,,,,,,,,,,,,,,,2,1,6,260801102,1,21.6071434020996
2,25,108,2,12,2,,"01",11,,0,0,2,,,,,111,,,,,111,,,,,,,,,,,,,,1,,,,,1,0,,,,,,,,,,,,,,,2,3,4,260801202,1,21.6071434020996
2,25,108,2,13,2,,"01",11,,0,0,2,,,,,111,,,,,111,,,,,,,,,,,,,1,1,,,,,1,1,1,,,,,,,,,,,,,,2,1,6,260801302,1,21.6071434020996
2,25,108,2,14,2,,"01",5,,0,0,2,,,,1,,,,,,111,,,,,,,,,,,,,1,,,,,,1,1,1,1,,,,,,,,,,,,,2,1,6,260801402,1,21.6071434020996
2,25,108,2,15,2,,"01",9,,0,0,2,,,,,111,,,,,111,,,,,,,,,,,,,1,1,,,,,1,1,1,,,,,,,,,,,,,,2,1,6,260801502,1,21.6071434020996
2,25,108,2,16,2,,"01",9,,0,0,2,,,,,111,,,,,111,,,,,,,,,,,,,1,,,,,,1,1,1,,,,,,,,,,,,,,2,1,6,260801602,1,21.6071434020996
2,25,108,2,18,2,,"01",9,,0,0,3,,,,,111,,,,,111,,,,,,,,,,,,,,1,,,,,1,0,,,,,,,,,,,,,,,2,1,6,260801802,1,21.6071434020996
2,25,109,2,1,2,,"02",8,,0,0,1,,1,,,,,,,,111,,,,,,,,,,,,,,,,1,,,1,1,1,,,,,,,,,,,,,,2,1,4,260900102,1,21.6071434020996
2,25,109,2,2,2,,"01",6,,0,0,1,,1,,,,,,,,111,,,,,,,,,,,,,1,,,,,,1,1,1,,,,,,,,,,,,,,2,1,4,260900202,1,21.6071434020996
2,25,109,2,3,2,,"01",5,,0,0,1,,1,,,,,,,,111,,,,,,,,,,,,,,1,,,,,1,0,,,,,,,,,,,,,,,2,1,4,260900302,1,21.6071434020996
2,25,109,2,4,2,,"01",8,,0,0,1,,1,,,,,,,,111,,,,,,,,,,,,,,,,1,,,1,1,1,,,,,,,,,,,,,,2,1,4,260900402,1,21.6071434020996
2,25,109,2,5,2,,"01",11,,0,0,1,,1,,,,,,,,111,,,,,,,,,,,,,,,,1,,,1,1,1,,,,,,,,,,,,,,2,1,4,260900502,1,21.6071434020996
2,25,109,2,6,2,,"02",11,,0,0,1,,1,,,,,,,,111,,,,,,,,,,,,,,,,1,,,1,0,,,,,,,,,,,,,,,2,1,4,260900602,1,21.6071434020996
2,25,109,2,7,2,,"02",5,,0,0,1,,1,,,,,,,,111,,,,,,,,,,,,,,,,1,,,1,1,1,,,,,,,,,,,,,,2,1,4,260900702,1,21.6071434020996
2,25,109,2,8,2,,"02",8,,0,0,1,,1,,,,,,,,111,,,,,,,,,,,,,,,,1,,,1,1,1,,,,,,,,,,,,,,2,1,4,260900802,1,21.6071434020996
2,25,109,2,9,2,,"01",5,,0,0,1,,1,,,,,,,,111,,,,,,,,,,,,,,1,,,,,1,1,1,,,,,,,,,,,,,,2,1,4,260900902,1,21.6071434020996
2,25,109,2,10,2,,"01",12,,1,0,1,,,,,111,,,,,111,,,,,,,,,,,,,,1,,,,,0,,,,,,,,,,,,,,,,2,1,1,260901002,1,21.6071434020996
2,25,109,2,11,2,,"01",9,,1,0,1,,1,,,,,,,,111,,,,,,,,,,,,,,1,,,,,1,1,1,1,,,,,,,,,,,,,2,1,1,260901102,1,21.6071434020996
2,25,109,2,12,2,,"02",11,,2,0,1,,,,,111,,,,,111,,,,,,,,,,,,,,1,,,,,1,1,1,1,,,,,,,,,,,,,2,1,1,260901202,1,21.6071434020996
2,25,109,2,13,2,,"01",9,,2,0,2,,,,,111,,,,,111,,,,,,,,,,,,,,1,,,,,1,1,1,1,,,,,,,,,,,,,2,1,1,260901302,1,21.6071434020996
2,25,109,2,14,2,,"01",9,,1,0,1,,,,,111,,,,,111,,,,,,,,,,,,,,,,1,,,1,1,1,1,,,,,,,,,,,,,2,1,1,260901402,1,21.6071434020996
2,25,109,2,15,2,,"01",9,,1,0,1,,,,,111,,,,,111,,,,,,,,,,,,,,1,,,,,1,1,1,1,,,,,,,,,,,,,2,1,1,260901502,1,21.6071434020996
2,25,109,2,16,2,,"02",11,,2,0,1,,,,,111,,,,,111,,,,,,,,,,,,,,1,,,,,0,,,,,,,,,,,,,,,,2,1,1,260901602,1,21.6071434020996
2,25,109,2,17,2,,"02",9,,2,0,1,,,,,111,,,,,111,,,,,,,,,,,,,,,,1,,,1,1,1,1,,,,,,,,,,,,,2,1,1,260901702,1,21.6071434020996
2,25,109,2,18,2,,"01",9,,1,0,1,,1,,,,,,1,,,,,,,,1,,,,,,,,,,,,,1,1,1,1,,,,,,,,,,,,,2,1,1,260901802,1,21.6071434020996
2,25,110,2,1,2,,"01",5,,0,0,1,,1,,,,,,,,111,,,,,,1,,,,,,,,,,,,,1,1,1,,,,,,,1,,,,,,,2,1,1,261000102,1,21.6071434020996
2,25,110,2,2,2,,"01",8,,0,0,1,,1,,,,,,,,111,,,,,,,,,,,,,,,,1,,,1,1,1,,,,,,,1,,,,,,,2,1,1,261000202,1,21.6071434020996
2,25,110,2,3,2,,"02",9,,0,0,2,,,,,111,,,,,111,,,,,,,,,,,,,1,,,,,,1,1,1,,,,,,,,,,,,,,2,1,6,261000302,1,21.6071434020996
2,25,110,2,4,2,,"01",8,,0,0,1,,1,,,,,,,,111,,,,,,,,,,,,,,,,1,,,1,1,1,,,,,,,,,,,,,,2,2,1,261000402,1,21.6071434020996
2,25,110,2,5,2,,"06",11,,0,0,1,,1,,,,,,,,111,,,,,,,,,,,,,,1,1,,,,1,1,1,,,,,,,,,,,,,,2,1,1,261000502,1,21.6071434020996
2,25,110,2,6,2,,"02",8,,0,0,1,,1,,,,,,,,111,,,,,,,,,,,,,,,,1,,,1,1,1,,,,,,,,,,,,,,2,1,1,261000602,1,21.6071434020996
2,25,110,2,7,2,,"01",6,,0,0,1,,1,,,,,,,,111,,,,,,,,,,,,,,,,1,,,1,1,1,,,,,,,,,,,,,,2,1,1,261000702,1,21.6071434020996
2,25,110,2,8,2,,"01",11,,0,0,1,,,,,111,,,,,111,,,,,,,,,,,,,,,,1,,,0,,,,,,,,,,,,,,,,2,1,1,261000802,1,21.6071434020996
2,25,110,2,9,2,,"02",5,,0,0,1,,1,,,,,,,,111,,,,,,,,,,,,,,,,1,,,1,1,1,,,,,,,,,,1,,,,2,1,1,261000902,1,21.6071434020996
2,25,110,2,10,2,,"01",6,,0,0,1,,,,,111,,,,,111,,,,,,,,,,,,,,,,1,,,1,1,,,,,,,,,,,1,,,,2,1,4,261001002,1,21.6071434020996
2,25,110,2,11,2,,"02",5,,0,0,1,,1,,,,,,,,111,,,,,,,,,,,,,,,,1,,,1,1,1,,,,,,,,,,,,,,2,1,1,261001102,1,21.6071434020996
2,25,110,2,12,2,,"01",11,,0,0,2,,,,,111,,,,,111,,,,,,,,,,,,,1,,,,,,1,1,1,,,,,,,,,,,,,,2,1,6,261001202,1,21.6071434020996
2,25,110,2,13,2,,"01",5,,0,0,1,,1,,,,,,,,111,,,,,,,,,,,,,1,1,,,,,1,1,1,,,,,,,1,,,,1,,,2,1,1,261001302,1,21.6071434020996
2,25,110,2,14,2,,"03",5,,0,0,1,,1,,,,,,,,111,,,,,,,,,,,,,,,,1,,,1,1,1,,,,,,,1,,,,1,,,2,1,1,261001402,1,21.6071434020996
2,25,110,2,15,2,,"01",5,,0,0,1,,1,,,,,,,,111,,,,,,,,,,,,,,,,1,,,0,,,,,,,,,,,,,,,,2,1,1,261001502,1,21.6071434020996
2,25,110,2,16,2,,"02",5,,0,0,1,,,,,111,,,,,111,,,,,,,,,,,,,,,,1,,,1,0,,,,,,,,,,,,,,,2,1,4,261001602,1,21.6071434020996
2,25,110,2,17,2,,"01",11,,0,0,1,,,,,111,,,,,111,,,,,,,,,,,,,,,,1,,,1,0,,,,,,,,,,,,,,,2,1,4,261001702,1,21.6071434020996
2,25,110,2,18,2,,"02",5,,0,0,5,,1,,,,,,,,111,,,,,,,,,,,,,1,1,,,,,1,1,1,,,,,,,,,,,,,,2,1,1,261001802,1,21.6071434020996
2,25,111,2,1,2,,"01",5,,0,0,1,,1,,,,,,,,111,,,,,,,,,,,,,,1,,,,,1,1,1,,,,,,,,,,,,,,2,1,1,261100102,1,21.6071434020996
2,25,111,2,2,2,,"01",11,,0,0,1,,1,,,,,,,,111,,,,,,,,1,,,,,,,,,,,1,1,,,,,,,,1,,,,,,,2,1,1,261100202,1,21.6071434020996
2,25,111,2,3,2,,"01",6,,0,0,1,,1,,,,,,,,111,,,,,,,,1,,,,,,,,,,,1,1,1,,,,,,,,,,,,,,2,1,1,261100302,1,21.6071434020996
2,25,111,2,4,2,,"02",8,,0,0,1,,1,,,,,,,,111,,,,,,,,,,,,,,1,,,,,1,0,,,,,,,,,,,,,,,2,1,4,261100402,1,21.6071434020996
2,25,111,2,5,2,,"01",11,,0,0,1,,1,,,,,,,,111,,,,,,,,,,,,,,,,1,,,1,0,,,,,,,,,,,,,,,2,1,4,261100502,1,21.6071434020996
2,25,111,2,6,2,,"01",5,,0,0,1,,1,,,,,,,,111,,,,,,,,,,,,,,1,,,,,1,1,1,,,,,,,1,,,,,,,2,1,4,261100602,1,21.6071434020996
2,25,111,2,7,2,,"01",6,,0,0,1,,1,,,,,,,,111,,,,,,,,,,,,1,,,,,,,1,1,1,,,,,,,,,,,,,,2,1,4,261100702,1,21.6071434020996
2,25,111,2,8,2,,"01",5,,0,0,1,,1,,,,,,,,111,,,,,,,,,,,,,,1,,,,,0,,,,,,,,,,,,,,,,2,1,4,261100802,1,21.6071434020996
2,25,111,2,9,2,,"01",5,,0,0,1,,1,,,,,,,,111,,,,,,,,,,,,,,1,,,,,1,0,,,,,,,,,,,,,,,2,1,4,261100902,1,21.6071434020996
2,25,111,2,10,2,,"01",11,,0,0,1,,,,,111,,,,,111,,,,,,,,,,,,,,1,,,,,0,,,,,,,,,,,,,,,,2,1,6,261101002,1,21.6071434020996
2,25,111,2,11,2,,"01",9,,1,0,1,,,,,111,,,,,111,,,,,,,,,,,,,,1,,,,,1,1,1,1,,,,,,,,,,,,,2,3,6,261101102,1,21.6071434020996
2,25,111,2,12,2,,"01",9,,0,0,1,,,,,111,,,1,,,,,,,,1,,,,,,,,,,,,,0,,,,,,,,,,,,,,,,2,1,6,261101202,1,21.6071434020996
2,25,111,2,13,2,,"01",9,,1,0,1,,,,,111,,,1,,,,,,,,1,,,,,,,,,,,,,1,1,,1,,,,,,,,,,,,,2,1,6,261101302,1,21.6071434020996
2,25,111,2,14,2,,"02",9,,1,0,5,,,,1,,,,,,111,,,,,,,,,,,,,,,,1,,,1,1,1,,,,,,,,,,,,,,2,1,6,261101402,1,21.6071434020996
2,25,111,2,15,2,,"01",9,,1,0,1,,,,1,,,,1,,,,,,,,1,,,,,,,,,,,,,1,1,1,,,,,,,,,,,,,,2,1,1,261101502,1,21.6071434020996
2,25,111,2,16,2,,"01",9,,1,0,2,,,,1,,,,1,,,,,,,,1,,,,,,,,,,,,,1,1,1,,,,,,,,,,,,,,2,1,1,261101602,1,21.6071434020996
2,25,111,2,17,2,,"01",9,,1,0,5,,,,,111,,,,,111,,,,,,,,,,,,,,1,,,,,1,1,1,,,,,,,,,,,,,,2,1,6,261101702,1,21.6071434020996
2,25,111,2,18,2,,"01",11,,1,0,1,,,,,111,,,,,111,,,,,,,,,,,,,,1,,,,,1,1,1,1,,,,,,,,,,,,,2,1,6,261101802,1,21.6071434020996
2,25,112,2,1,2,,"02",6,,0,0,5,,1,,,,,,,,111,,,,,,,,,,,,1,,,,,,,1,1,1,,,,,,,,,,1,1,,,2,2,1,261200102,1,21.6071434020996
2,25,112,2,2,2,,"02",5,,0,0,1,,1,,,,,,,,111,,,,,,,,,,,,,,,,1,,,1,1,1,,,,,,,,,,,,,,2,1,1,261200202,1,21.6071434020996
2,25,112,2,3,2,,"02",5,,0,0,5,,1,,,,,,,,111,,,,,,,,,,,,,,,1,,,,1,1,1,,,,,,,,,,,,,,2,1,1,261200302,1,21.6071434020996
2,25,112,2,4,2,,"01",8,,0,0,1,,1,,,,,,,,111,,,,,,,,,,,,,,,,1,,,1,1,1,,,,,,,1,,,,,,,2,1,1,261200402,1,21.6071434020996
2,25,112,2,5,2,,"02",5,,0,0,1,,1,,,,,,,,111,,,,,,,,,,,,,,1,,,,,1,1,1,,,,,,,,,,,,,,2,1,1,261200502,1,21.6071434020996
2,25,112,2,6,2,,"01",5,,0,0,1,,1,,,,,,,,111,,,,,,,,,,,,,,,,1,,,1,1,1,,,,,,,,,,,,,,2,1,1,261200602,1,21.6071434020996
2,25,112,2,7,2,,"02",5,,0,0,1,,1,,,,,,,,111,,,,,,,,,,,,,,,,1,,,1,1,1,,,,,,,,,,,,,,2,1,1,261200702,1,21.6071434020996
2,25,112,2,8,2,,"01",8,,0,0,5,,1,,,,,,,,111,,,,,,,,,,1,,,,,,,,,1,1,1,,,,,,,,,,,,,,2,2,1,261200802,1,21.6071434020996
2,25,112,2,9,2,,"01",5,,0,0,1,,1,,,,,,,,111,,,,,,,,,,,,,,1,,,,,1,1,1,,,,,,,,,,,,,,2,1,1,261200902,1,21.6071434020996
2,25,112,2,11,2,,"01",11,,0,0,2,,,,,111,,,,,111,,,,,,,,,,,,,,,,1,,,0,,,,,,,,,,,,,,,,2,3,4,261201102,1,21.6071434020996
2,25,112,2,12,2,,"01",9,,0,0,2,,,,,111,,,,,111,,,,,,,,,,,,,1,1,,,,,1,0,,,,,,,,,,,,,,,2,1,6,261201202,1,21.6071434020996
2,25,112,2,13,2,,"01",11,,0,0,2,,,,,111,,,,,111,,,,,,,,,,,,,1,1,,,,,0,,,,,,,,,,,,,,,,2,1,6,261201302,1,21.6071434020996
2,25,112,2,14,2,,"01",9,,0,0,2,,,,,111,,,,,111,,,,,,,,,,,,,,,,1,,,0,,,,,,,,,,,,,,,,2,1,6,261201402,1,21.6071434020996
2,25,112,2,15,2,,"01",11,,0,0,2,,,,,111,,,,,111,,,,,,,,,,,,,1,,,,,,1,0,,,,,,,,,,,,,,,2,2,6,261201502,1,21.6071434020996
2,25,112,2,16,2,,"01",9,,0,0,2,,,,,111,,,,,111,,,,,,,,,,,,,1,,,,,,1,0,,,,,,,,,,,,,,,2,1,6,261201602,1,21.6071434020996
2,25,112,2,17,2,,"01",11,,0,0,2,,,,,111,,,,,111,,,,,,,,,,,,,,,,1,,,0,,,,,,,,,,,,,,,,2,3,4,261201702,1,21.6071434020996
2,25,112,2,18,2,,"01",9,,0,0,2,,,,,111,,,,,111,,,,,,,,,,,,,,1,,,,,0,,,,,,,,,,,,,,,,2,1,6,261201802,1,21.6071434020996
2,25,113,2,1,2,,"01",8,,0,0,1,,1,,,,,,,,111,,,,,,,,,,,,,1,,,,,,1,1,1,,,,,,,,,,,,,,2,2,4,261300102,1,21.6071434020996
2,25,113,2,2,2,,"01",5,,0,0,1,,1,,,,,,,,111,,,,,,,,,,,,,,1,,,,,1,1,1,,,,,,,,,,,,,,2,1,4,261300202,1,21.6071434020996
2,25,113,2,3,2,,"02",11,,0,0,1,,,,,111,,,,,111,,,,,,,,,,,,,,1,,,,,1,1,1,,,,,,,,,,,,,,2,1,4,261300302,1,21.6071434020996
2,25,113,2,4,2,,"01",6,,0,0,1,,1,,,,,,,,111,,,,,,,,,,,,,1,,,,,,1,1,1,,,,,,,,,,,,,,2,1,4,261300402,1,21.6071434020996
2,25,113,2,5,2,,"01",11,,1,0,1,,,,,111,,,,,111,,,,,,,,,,,,,,,1,,,,1,1,1,,,,,,,,,,,,,,2,1,6,261300502,1,21.6071434020996
2,25,113,2,6,2,,"01",9,,1,0,1,,1,,,,,,1,,,,,,,,1,,,,,,,,,,,,,1,1,,1,,,,,,,,,,,,,2,1,6,261300602,1,21.6071434020996
2,25,113,2,7,2,,"01",11,,1,0,1,,,,,111,,,,,111,,,,,,,,,,,,,,1,,,,,1,1,1,1,,,,,,,,,,,,,2,1,6,261300702,1,21.6071434020996
2,25,113,2,8,2,,"01",9,,1,0,1,,,,,111,,,,,111,,,,,,,,,,,,,,1,,,,,1,1,1,1,,,,,,,,,,,,,2,1,6,261300802,1,21.6071434020996
2,25,113,2,9,2,,"01",9,,0,0,2,,,,,111,,,,,111,,,,,,,,,,,,,1,,,,,,1,1,1,,,,,,,,,,1,,,,2,1,6,261300902,1,21.6071434020996
2,25,113,2,10,2,,"02",9,,0,0,2,,,,,111,,,,,111,,,,,,,,1,,,,,,,,,,,1,1,,1,,,,,,,,,1,,,,2,1,6,261301002,1,21.6071434020996
2,25,113,2,11,2,,"02",9,,0,0,2,,,,,111,,,,,111,,,,,,,,,,,,,,,,1,,,1,1,1,1,,,,,,,,,,,,,2,2,6,261301102,1,21.6071434020996
2,25,113,2,12,2,,"01",9,,0,0,2,,,,,111,,,,,111,,,,,,,,,,,,,1,,,,,,1,0,,,,,,,,,,,,,,,2,1,6,261301202,1,21.6071434020996
2,25,113,2,13,2,,"03",5,,0,0,5,,1,,,,,,,,111,,,,,,,,,,,,1,,1,,,,,1,1,1,,,,,,,,,,,,,,2,1,1,261301302,1,21.6071434020996
2,25,113,2,14,2,,"02",8,,0,0,1,,1,,,,,,,,111,,,,,,,,,,,,,,,,1,,,1,1,1,,,,,,,,,,,,,,2,1,1,261301402,1,21.6071434020996
2,25,113,2,15,2,,"02",8,,0,0,1,,1,,,,,,,,111,,,,,,,,,,,,1,,,,,,,1,1,1,,,,,,,1,,,,,,,2,1,1,261301502,1,21.6071434020996
2,25,113,2,16,2,,"01",6,,0,0,1,,,,,111,,,,,111,,,,,,,,,,,,,,,,1,,,1,1,,,,,,,,,,,1,,,,2,1,4,261301602,1,21.6071434020996
2,25,113,2,17,2,,"01",8,,0,0,5,,,,,111,,,,,111,,,,,,,,,,,,,,,,1,,,1,1,,,,,,,,,,,1,,,,2,1,4,261301702,1,21.6071434020996
2,25,113,2,18,2,,"01",8,,0,0,1,,,,,111,,,,,,,,,,,,,,,,,,,,,1,,,1,1,,,,,,,,,,,1,,,,2,1,4,261301802,1,21.6071434020996
2,26,114,2,1,1,277.370968,"01",11,,0,0,1,,,,,111,,,,,111,,,,,,,,,,,,,,,,1,,,1,1,1,1,,,,,,,,,,,,,1,2,1,271400102,,
2,26,114,2,2,1,277.370968,"01",11,,0,0,1,,,,,111,,,,,111,,,,,,,,,,,,,,,,1,,,0,,,,,,,,,,,,,,,,1,2,1,271400202,,
2,26,114,2,3,1,277.370968,"03",11,,0,0,1,,,,,111,,,,,111,,,,,,,,,,,,,,,,1,,,0,,,,,,,,,,,,,,,,2,2,1,271400302,,
2,26,114,2,4,1,277.370968,"01",11,,0,0,1,,,,1,,,,,1,,,,,,,1,,,,,1,,,,,,,,1,1,1,,,1,,,,,,,,,,,2,1,1,271400402,,
2,26,114,2,5,1,277.370968,"01",9,,1,1,5,,,,,111,,,,,111,,,,,,,,,,,,,,,,1,,,0,,,,,,,,,,,,,,,,1,3,1,271400502,,
2,26,114,2,6,1,277.370968,"02",11,,0,0,1,,,,,111,,,1,,,,,,,,1,,,,,,,,,,,,,1,1,1,1,,,,,,,,,,,,,2,2,1,271400602,,
2,26,114,2,7,1,277.370968,"01",11,,0,0,1,,,,,111,,,,,111,,,,,,,,,,,,,,,,1,,,0,,,,,,,,,,,,,,,,2,1,1,271400702,,
2,26,114,2,8,1,277.370968,"01",11,,0,0,1,,,,1,,,,,,111,,,,,1,,,,,,,,,,,,,,1,1,1,1,,,,,,,,,,,,,1,2,1,271400802,,
2,26,114,2,9,1,277.370968,"02",11,,1,0,1,,,,1,,,,,1,,,,,,,1,,,,,1,,,,,,,,0,,,,,,,,,,,,,,,,1,2,1,271400902,,
2,26,114,2,10,1,277.370968,"02",11,,0,0,1,,,,1,,,,1,,,,,,,,1,,,,,,,,,,,,,1,1,1,,,,,,,,,,,,,,1,2,1,271401002,,
2,26,114,2,11,1,5474.427,"01",1,,0,0,1,,,,,111,,,,,111,,,,,,,,,,,,,,,,1,,,1,1,1,,,,,,,,,,,,,,1,2,1,271401102,,
2,26,114,2,12,1,5474.427,"01",1,,0,0,1,,,,,111,,,1,,,,,,,,1,,,,,,,,,,,,,1,1,1,,,,1,,,,,,,,,,1,2,4,271401202,,
2,26,114,2,13,1,277.370968,"01",11,,0,0,6,,,,1,,,,1,,,,,,,,1,,,,,,,,,,,,,1,1,,1,,,,,,,,,,,,,1,2,1,271401302,,
2,26,114,2,14,1,277.370968,"01",11,,1,0,1,,,,,111,,,,,111,,,,,,,,,,,,,,,,1,,,0,,,,,,,,,,,,,,,,1,1,1,271401402,,
2,26,114,2,15,1,277.370968,"01",11,,0,0,5,,1,,,,,,1,,,,,,,,1,,,,,,,,,,,,,1,1,1,,,,,,,,,,,,,,2,2,1,271401502,,
2,26,114,2,16,1,5474.427,"01",2,,0,0,1,,,,,111,,,1,,,,,,,,1,,,,,,,,,,,,,1,1,1,1,,,,,,,,,,,,,2,2,1,271401602,,
2,26,114,2,17,1,277.370968,"01",11,,0,0,1,,,,,111,,,,,111,,,,,,,,,,,,,,,,1,,,0,,,,,,,,,,,,,,,,2,3,1,271401702,,
2,26,114,2,22,1,5474.427,"01",1,,0,0,1,,,,1,,,,,,111,,,,,1,,,,,,,,,,,,,,1,1,1,1,,,1,,,,,,,,,,1,2,1,271402202,,
2,26,115,1,1,1,47.3494545964912,"01",11,,,,1,,,,,111,,,,1,,,,,,,1,,,,,,,,,,,,,1,1,1,1,,,,,,,,,,,,,,1,4,271500102,,
2,26,115,1,2,1,47.3494545964912,"01",11,,,,1,,,,,111,,,,1,,,,,,,1,,,,,,,,,,,,,1,1,1,,,,,,,,,,,,,,,3,1,271500202,,
2,26,115,1,3,1,47.3494545964912,"02",11,,,,1,,1,,,,,,,,111,,,,,,,,,,,1,,,,,,,,1,1,1,,,,,,,,,,,,,,,1,1,271500302,,
2,26,115,1,4,1,47.3494545964912,"01",11,,,,1,,1,,,,,,1,,,,,,,,1,,,,,,,,,,,,,1,1,,,,,,,,,,,,,555,3,,2,1,271500402,,
2,26,115,1,5,1,47.3494545964912,"01",11,,,,1,,,,1,,,,1,,,,,,,,,,,,,,,,,,1,,,1,1,1,1,,,,,,,,,,,,,,2,1,271500502,,
2,26,115,1,6,1,47.3494545964912,"01",11,,,,1,,,,1,,,,,,111,,,,,,,,,,,1,,,,,,,,0,,,,,,,,,,,,,,,,,1,1,271500602,,
2,26,115,1,7,1,47.3494545964912,"01",9,,,,1,,,,,111,,,1,,,,,,,,1,1,,,,,,,,,,,,1,1,1,1,,,,,,,,,,,,,,2,1,271500702,,
2,26,115,1,8,1,47.3494545964912,"01",11,,,,5,,,,1,,,,1,,,,,,,1,,,,,,,,,,,,,,1,1,1,1,,,,,,,,,,,,,,3,1,271500802,,
2,26,115,1,9,1,248.0624,"01",1,,,,5,,1,,,,,,,1,,,,1,,,,,,,,,,,,,,,,1,1,1,,,,,,,,,,,,,,,3,1,271500902,,
2,26,115,1,10,1,248.0624,"01",1,,,,5,,1,,,,,,,,111,,,1,,,,,,,,,,,,,,,,1,1,1,1,,,1,,,,,,,,,,,2,2,271501002,,
2,26,115,1,11,1,248.0624,"01",1,,,,5,,,,1,,,,1,,,,,,,1,1,,,,,,,,,,,,,1,1,1,1,,,1,,,,,,,,,,,2,1,271501102,,
2,26,115,1,12,1,47.3494545964912,"02",11,,,,1,,,,1,,,,1,,,,,,,,1,,,,,,,,,,,,,1,1,1,,,,,,,,,,,,,,,1,1,271501202,,
2,26,115,1,13,1,248.0624,"03",1,,,,5,,,,1,,,,1,,,,,,,1,,,,,,,,,,,,,,1,1,1,1,,,,,,,,,,,,,,3,1,271501302,,
2,26,115,1,14,1,248.0624,"02",1,,,,5,,,,1,,,,,,111,,,,,1,,,,,,,,,,,,,,1,1,1,1,,,1,,,,,,,,,,,2,2,271501402,,
2,26,115,1,15,1,248.0624,"01",1,,,,5,,,,1,,,,1,,,,,,,1,,,,,,,,,,,,,,1,1,1,1,,,1,,,,,,,,,,,2,1,271501502,,
2,26,115,1,16,1,248.0624,"01",1,,,,1,,,,1,,,,,,111,,,,,,,,,,,1,,,,,,,,1,1,1,1,,,,,,,,,,,,,,1,1,271501602,,
2,26,115,1,17,1,47.3494545964912,"01",8,,,,5,,,,,111,,,1,,,,,,,,1,,,,,,,,,,,,,1,1,,1,,,,,,,,,,,,,,3,1,271501702,,
2,26,115,1,18,1,248.0624,"02",1,,,,5,,1,,,,,,,,111,,,,,,,,,,,1,,,,,,,,0,,,,,,,,,,,,,,,,,2,1,271501802,,
2,26,116,2,1,1,1186.434,"01",1,,0,0,1,,,,,111,,,,,111,,,,,,,,,,,,,,,,1,,,1,1,1,1,,,,,,,,,,,,,2,3,1,271600102,,
2,26,116,2,2,1,875.427029126214,"01",11,,0,0,1,,,,,111,,,1,,,,,,,,1,,,,,,,,,,,,,0,,,,,,,,,,,,,,,,2,3,1,271600202,,
2,26,116,2,3,1,875.427029126214,"01",11,,0,0,1,,,,,111,,,1,,,,,,,,1,,,,,,,,,,,,,0,,,,,,,,,,,,,,,,2,2,4,271600302,,
2,26,116,2,4,1,1186.434,"01",1,,0,0,1,,,,,111,,,,,111,,,,,,,,,,,,,,,,1,,,0,,,,,,,,,,,,,,,,2,2,1,271600402,,
2,26,116,2,5,1,1186.434,"01",1,,0,0,5,,1,,,,,,,,111,,,,,,,,,,,1,,,,,,,,0,,,,,,,,,,,,,,,,2,2,1,271600502,,
2,26,116,2,6,1,1186.434,"01",1,,0,0,1,,,,,111,,,,,111,,,,,,,,,,,,,,,,1,,,1,1,1,1,,,,,,,,,,,,,2,2,1,271600602,,
2,26,116,2,7,1,875.427029126214,"01",5,,0,0,1,,,,,111,,,,,111,,,,,,,,,,,,,,,,1,,,0,,,,,,,,,,,,,,,,2,2,4,271600702,,
2,26,116,2,8,1,875.427029126214,"01",11,,0,0,1,,,,,111,,,1,,,,,,,,1,,,,,,,,,,,,,1,1,1,1,,,,,,,,,,,,,2,3,1,271600802,,
2,26,116,2,9,1,1186.434,"02",1,,0,0,1,,,,,111,,,,,111,,,,,,,,,,,,,,,,1,,,1,1,1,,,,1,,,,,,,,,,2,2,1,271600902,,
2,26,116,2,10,1,1186.434,"01",1,,1,1,5,,,,,111,,,,,111,,,,,,,,,,,,,,,,1,,,1,1,1,1,,,,,,,,,,,,,2,3,1,271601002,,
2,26,116,2,11,1,1186.434,"01",1,,0,0,5,,,,1,,,,1,,,,,,,,1,,,,,,,,,,,,,1,1,1,1,,,,,,,,,,,,,1,2,1,271601102,,
2,26,116,2,12,1,1186.434,"01",1,,0,0,5,,,,1,,,,1,,,,,,,,1,,,,,,,,,,,,,1,1,1,1,,,1,,,,,,,,,,2,3,4,271601202,,
2,26,116,2,13,1,1186.434,"02",1,,1,0,1,,,,,111,,,,,111,,,,,,,,,,,,,,,,1,,,0,,,,,,,,,,,,,,,,2,2,1,271601302,,
2,26,116,2,14,1,1186.434,"01",1,,1,0,5,,,,1,,,,,1,,,,,,,1,,,,,1,,,,,,,,1,0,,,,,,,,,,,,,,,2,3,1,271601402,,
2,26,116,2,15,1,1186.434,"01",1,,0,0,1,,,,,111,,,,,111,,,,,,,,,,,,,,,,1,,,1,1,1,1,,,1,,,,,,,,,,2,2,1,271601502,,
2,26,116,2,17,1,875.427029126214,"01",11,,0,0,1,,1,,,,,,,,111,,,,,,,,,,,1,,,,,,,,0,,,,,,,,,,,,,,,,1,2,1,271601702,,
2,26,116,2,18,1,1186.434,"02",1,,0,0,1,,,,,111,,,1,,,,,,,,1,,,,,,,,,,,,,0,,,,,,,,,,,,,,,,2,3,1,271601802,,
2,26,116,2,22,1,875.427029126214,"01",11,,1,0,5,,,,,111,,,1,,,,,,,,1,,,,,,,,,,,,,1,1,1,1,,,,,,,,,,,,,1,2,1,271602202,,
2,26,117,2,1,1,957.618855944056,"01",11,,0,0,1,,,,,111,,,1,,,,,,,,1,,,,,,,,,,,,,1,1,1,1,,,,,,,,,,,,,2,3,1,271700102,,
2,26,117,2,2,1,957.618855944056,"01",11,,0,0,1,,,,,111,,,1,,,,,,,,1,,,,,,,,,,,,,0,,,,,,,,,,,,,,,,2,2,1,271700202,,
2,26,117,2,3,1,957.618855944056,"02",11,,0,0,1,,,1,,,,,1,,,,,,,,1,,,,,,,,,,,,,0,,,,,,,,,,,,,,,,2,3,1,271700302,,
2,26,117,2,4,1,957.618855944056,"02",11,,1,0,1,,,,,111,,,,,111,,,,,,,,,,,,,,,,1,,,0,,,,,,,,,,,,,,,,2,2,1,271700402,,
2,26,117,2,5,1,957.618855944056,"01",8,,1,0,5,,,,1,,,,1,,,,,,,1,,,,,,,,,,,,,,1,1,1,1,,,,,,,,,,,,,2,3,1,271700502,,
2,26,117,2,6,1,957.618855944056,"01",11,,0,0,1,,,,,111,,,,,111,,,,,,,,,,,,,,,,1,,,0,,,,,,,,,,,,,,,,2,1,1,271700602,,
2,26,117,2,7,1,957.618855944056,"01",11,,0,0,1,,,,1,,,,1,,,,,,,,1,,,,,,,,,,,,,1,1,,,,,,,,,,,,,555,5,2,3,1,271700702,,
2,26,117,2,8,1,957.618855944056,"01",11,,0,0,1,,1,,,,,,,,111,,,,,,,,,,,1,,,,,,,,1,1,1,,,,,,,,,,,,,,2,2,2,271700802,,
2,26,117,2,9,1,2248.596,"02",1,,0,0,1,,,,1,,,,,1,,,,,,,1,,,,,,,,,,,,,1,1,1,1,,,1,,,,,,,,,,2,2,4,271700902,,
2,26,117,2,10,1,2248.596,"02",1,,0,0,1,,,,1,,,,,,111,,,,,1,,,,,,,,,,,,,,1,1,1,1,,,1,,,,,,,,,,1,2,1,271701002,,
2,26,117,2,11,1,2248.596,"01",1,,0,0,5,,,,,111,,,,,111,,,,,,,,,,,,,,,,1,,,1,1,1,,,,,,,,,,,,,,2,3,1,271701102,,
2,26,117,2,12,1,2248.596,"01",1,,0,0,5,,,,1,,,,,,111,,,,,1,,,,,,,,,,,,,,1,1,1,1,,,,,,,,,,,,,2,3,1,271701202,,
2,26,117,2,13,1,957.618855944056,"02",11,,0,0,1,,,,,111,,,1,,,,,,,,1,,,,,,,,,,,,,0,,,,,,,,,,,,,,,,2,2,1,271701302,,
2,26,117,2,14,1,957.618855944056,"01",11,,0,0,1,,1,,,,,,1,,,,,,,,,,,,,1,,,,,,,,0,,,,,,,,,,,,,,,,2,2,1,271701402,,
2,26,117,2,15,1,957.618855944056,"02",11,,0,0,1,,,,,111,,,1,,,,,,,,1,,,,,,,,,,,,,0,,,,,,,,,,,,,,,,2,2,1,271701502,,
2,26,117,2,16,1,2248.596,"01",1,,0,0,1,,,,,111,,,,,111,,,,,,,,,,,,,,,,1,,,0,,,,,,,,,,,,,,,,2,3,1,271701602,,
2,26,117,2,17,1,2248.596,"01",1,,0,0,1,,,,,111,,,,,111,,,,,,,,,,,,,,,,1,,,0,,,,,,,,,,,,,,,,1,3,1,271701702,,
2,26,117,2,18,1,2248.596,"01",1,,0,0,1,,,,,111,,,,1,,,,,,,1,,,,,,,,,,,,,0,,,,,,,,,,,,,,,,2,2,1,271701802,,
2,26,118,2,1,1,1072.90390045249,"01",11,,0,0,1,,,1,,,,,1,,,,,,,,1,,,,,,,,,,,,,0,,,,,,,,,,,,,,,,2,2,1,271800102,,
2,26,118,2,2,1,1072.90390045249,"01",11,,0,0,1,,,,,111,,,,,111,,,,,,,,,,,,,,,,1,,,0,,,,,,,,,,,,,,,,1,2,1,271800202,,
2,26,118,2,3,1,1072.90390045249,"01",6,,0,0,1,,,,,111,,,,,111,,,,,,,,,,,,,,,,1,,,0,,,,,,,,,,,,,,,,2,888,1,271800302,,
2,26,118,2,4,1,1072.90390045249,"01",11,,0,0,1,,,,,111,,,,,111,,,,,,,,,,,,,,,,1,,,0,,,,,,,,,,,,,,,,1,2,1,271800402,,
2,26,118,2,5,1,1072.90390045249,"01",11,,0,1,1,,,,,111,,,,1,,,,,,,1,,,,,,,,,,,,,1,1,1,,,,,,,,,,,,,,1,2,1,271800502,,
2,26,118,2,6,1,1072.90390045249,"01",11,,0,0,1,,,,,111,,,1,,111,,,,,,1,,,,,,,,,,,,,0,,,,,,,,,,,,,,,,1,2,1,271800602,,
2,26,118,2,7,1,1072.90390045249,"01",11,,0,0,1,,,,,111,,,,,111,,,,,,,,,,,,,,,,1,,,0,,,,,,,,,,,,,,,,2,2,2,271800702,,
2,26,118,2,8,1,1072.90390045249,"02",11,,0,0,1,,1,,,,,,1,,,,,,,,1,,,,,,,,,,,,,1,1,1,,,,,,,,,,,,,,1,2,1,271800802,,
2,26,118,2,9,1,1072.90390045249,"01",11,,0,0,1,,,1,,,,,1,,,,,,,,1,,,,,,,,,,,,,1,1,1,1,,,,,,,,,,,,,1,3,1,271800902,,
2,26,118,2,10,1,1072.90390045249,"01",11,,0,0,1,,,,1,,,,,,111,,,,,,,,,,,,,,,,1,,,0,,,,,,,,,,,,,,,,1,1,5,271801002,,
2,26,118,2,11,1,1072.90390045249,"01",11,,0,0,1,,,,,111,,,,,111,,,,,,,,,,,,,,,,1,,,0,,,,,,,,,,,,,,,,2,1,1,271801102,,
2,26,118,2,12,1,1072.90390045249,"01",9,,0,0,1,,,,,111,,,1,,,,,,,,1,,,,,,,,,,,,,1,1,1,1,,,,,,,,,,,,,1,3,1,271801202,,
2,26,118,2,13,1,1072.90390045249,"01",11,,1,0,1,,,,,111,,,,,111,,,,,,,,,,,,,,,,1,,,0,,,,,,,,,,,,,,,,2,1,1,271801302,,
2,26,118,2,14,1,1072.90390045249,"02",5,,0,1,5,,,,1,,,,1,,,,,,,,1,,,,,,,,,,,,,1,1,1,1,,,,,,,,,,,,,1,3,1,271801402,,
2,26,118,2,15,1,1072.90390045249,"02",11,,0,0,1,,,,,111,,,,,111,,,,,,,,,,,,,,,,1,,,0,,,,,,,,,,,,,,,,1,2,1,271801502,,
2,26,118,2,16,1,1072.90390045249,"01",11,,0,0,1,,,,,111,,,,,111,,,,,,,,,,,,,,,,1,,,0,,,,,,,,,,,,,,,,2,2,1,271801602,,
2,26,118,2,17,1,1072.90390045249,"01",8,,0,0,1,,,,,111,,,,,111,,,,,,,,,,,,,,,,1,,,0,,,,,,,,,,,,,,,,1,2,1,271801702,,
2,26,118,2,18,1,4272.284,"03",1,,0,0,1,,,,,111,,,,,111,,,,,,,,,,,,,,,,1,,,0,,,,,,,,,,,,,,,,1,2,1,271801802,,
2,26,119,1,1,1,190.063019083969,"01",7,,,,1,,,,,111,,,,,111,,,,,,,,,,,,,,,,1,,,0,,,,,,,,,,,,,,,,,1,1,271900102,,
2,26,119,1,2,1,349.4492,"01",1,,,,5,,1,,,,,,1,,,,,,,,1,,,,,,,,,,,,,1,1,1,1,,,,,,,,,,,,,,2,1,271900202,,
2,26,119,1,3,1,190.063019083969,"02",11,,,,1,,,,1,,,,,,111,,,,,1,,,,,,,,,,,,,,1,1,1,1,,,,,,,,,,,,,,2,1,271900302,,
2,26,119,1,4,1,190.063019083969,"01",11,,,,1,,,,1,,,,,,111,,,,,1,,,,,,,,,,,,,,1,1,1,1,,,,,,,,,,,,,,2,1,271900402,,
2,26,119,1,5,1,190.063019083969,"01",11,,,,5,,,,1,,,,,,111,,,,,1,,,,,,,,,,,,,,1,1,1,1,,,,,,,,,,,,,,2,2,271900502,,
2,26,119,1,6,1,190.063019083969,"01",11,,,,1,,,,,111,,,1,,,,,,,,1,,,,,,,,,,,,,1,1,1,1,,,,,,,,,,,,,,2,1,271900602,,
2,26,119,1,7,1,190.063019083969,"01",11,,,,1,,,,,111,,,1,,,,,,,,1,,,,,,,,,,,,,1,1,1,,,,,,,,,,,,,,,2,1,271900702,,
2,26,119,1,8,1,190.063019083969,"01",11,,,,1,,,,,111,,,,,111,,,,,,,,,,,,,,,,1,,,0,,,,,,,,,,,,,,,,,1,1,271900802,,
2,26,119,1,9,1,190.063019083969,"02",11,,,,1,,,,1,,,,,,111,,,,,,,,,,,,,,,,1,,,1,1,1,1,,1,,,,,,,,,,,,1,1,271900902,,
2,26,119,1,10,1,349.4492,"04",1,,,,1,,,,,111,,,1,,,,,,,,1,,,,,,,,,,,,,1,1,1,1,,,1,,,,,,,,,,,3,1,271901002,,
2,26,119,1,11,1,349.4492,"02",1,,,,5,,,,1,,,,1,,,,,,,1,,,,,,,,,,,,,,1,1,1,1,,1,1,1,,,,,,,,,,3,1,271901102,,
2,26,119,1,13,1,349.4492,"03",1,,,,5,,1,,,,,,1,,,,,1,,,,,,,,,,,,,,,,1,1,1,1,,,1,,,,,,,,,,,3,1,271901302,,
2,26,119,1,14,1,349.4492,"02",1,,,,5,,,,,111,,,,,111,,,,,,,,,,,,,,,,1,,,1,1,1,,,,1,,,,,,,,,,,2,1,271901402,,
2,26,119,1,15,1,349.4492,"01",1,,,,5,,,,1,,,,,1,,,,,,,1,,,,,1,,,,,,,,1,1,1,1,,,1,,,1,,,,,,,,3,1,271901502,,
2,26,119,1,16,1,349.4492,"01",1,,,,5,,1,,,,,,,1,,,,,,,1,,,,,1,,,,,,,,1,1,1,,,,,,,,,,,,,,,3,1,271901602,,
2,26,119,1,17,1,349.4492,"02",1,,,,4,,1,,,,,,1,,,,,1,,,,,,,,,,,,,,,,1,1,1,,,,,,,,,,,,,,,3,1,271901702,,
2,26,119,1,18,1,349.4492,"02",1,,,,5,,1,,,,,,1,,,,,1,,,1,,,,,,,,,,,,,0,,,,,,,,,,,,,,,,,3,2,271901802,,
2,26,119,1,22,1,349.4492,"01",1,,,,1,,,,,111,,,,,111,,,,,,,,,,,,,,,,1,,,1,1,1,,,,,,,,,,,,,,,2,1,271902202,,
2,27,120,1,1,1,236.6287,"01",1,,,,4,,1,,,,,,1,,,,,1,,,,,,,,,,,,,,,,1,1,1,1,,,1,1,,,,,,,,,,3,1,282000102,,
2,27,120,1,2,1,236.6287,"02",1,,,,5,,,,1,,,,,1,,555,3,,,1,1,,,,,,,,,,,,,0,,,,,,,,,,,,,,,,,2,1,282000202,,
2,27,120,1,3,1,236.6287,"02",1,,,,5,,,,,111,,,1,,,,,,,,1,,,,,,,,,,,,,1,1,,1,,,1,,,,,,,,,,,3,1,282000302,,
2,27,120,1,4,1,236.6287,"02",1,,,,5,,1,,1,,,,1,,,,,,,1,1,,,,,1,,,,,,,,1,1,1,1,,,1,1,1,1,,,,,,,,3,1,282000402,,
2,27,120,1,5,1,236.6287,"02",1,,,,5,,1,,,,,,1,,,,,,,,1,,,,,,,,,,,,,1,1,1,,,,,,,,,,,,,,,2,1,282000502,,
2,27,120,1,6,1,236.6287,"01",1,,,,4,,1,,,,,,,,111,,,1,,,,,,,,,,,,,,,,1,1,1,,,,,,,,,,,,,,,3,1,282000602,,
2,27,120,1,7,1,466.49658,"02",11,,,,1,,,,,111,,,1,,,,,,,,1,,,,,,,,,,,,,0,,,,,,,,,,,,,,,,,2,1,282000702,,
2,27,120,1,8,1,236.6287,"02",1,,,,4,,1,,,,,,,,111,,,1,,,,,,,,,,,,,,,,1,1,1,1,,,1,1,,,,,,,,,,3,1,282000802,,
2,27,120,1,9,1,236.6287,"01",1,,,,5,,1,,,,,,1,,,,,1,,,,,,,,,,,,,,,,1,1,,1,,,1,1,,,,,,,,,,3,1,282000902,,
2,27,120,1,10,1,236.6287,"01",1,,,,5,,1,,,,,,1,,,,,1,,,,,,,,,,,,,,,,1,1,,1,,,1,1,,,,,,,,,,3,1,282001002,,
2,27,120,1,11,1,236.6287,"05",1,,,,5,,1,1,,,,,1,,,,,1,,,1,,,,,,,,,,,,,1,1,1,1,,,1,,,,,,,,,,,3,1,282001102,,
2,27,120,1,12,1,236.6287,"01",1,,,,4,,1,,,,,,,,111,,,1,,,,,,,,,,,,,,,,1,1,1,,,,,,,,,,,,,,,3,1,282001202,,
2,27,120,1,13,1,236.6287,"01",1,,,,1,,,,1,,,,1,,,,,,,,1,,,,,,,,,,,,,1,1,1,1,,,1,,,,,,,,,,,3,1,282001302,,
2,27,120,1,14,1,236.6287,"01",1,,,,5,,,,1,,,,1,,,,,,,,1,,,,,1,,,,,,,,1,1,1,1,,,1,,,1,,,,,,,,2,1,282001402,,
2,27,120,1,15,1,466.49658,"01",9,,,,6,,,,,111,,,,,111,,,,,,,,,,,,,,,,1,,,1,1,1,,,,,,,,,,,,,,,2,4,282001502,,
2,27,120,1,16,1,236.6287,"02",1,,,,5,,,,1,,,,,,111,,,,,1,,,,,,,,,,,,,,1,1,1,1,,,1,,,,,,,,,,,3,1,282001602,,
2,27,120,1,17,1,236.6287,"01",1,,,,5,,,1,,,,,1,,,,,,,,1,,,,,,,,,,,,,1,1,1,1,,,1,,,,,,,,,,,2,1,282001702,,
2,27,120,1,18,1,466.49658,"01",11,,,,1,,,,,111,,,1,,,,,,,,1,,,,,,,,,,,,,1,1,1,,,,,,,,,,,,,,,3,1,282001802,,
2,27,121,2,1,1,1083.059,"01",11,,0,0,5,,,,,111,,,,,111,,,,,,,,,,,,,,,,1,,,1,1,1,,,,,,,,,,,,,,1,2,1,282100102,,
2,27,121,2,2,1,1083.059,"02",11,,0,0,1,,,,,111,,,1,,,,,,,,1,,,,,,,,,,,,,1,1,1,1,,,,,,,,,,,,,1,3,1,282100202,,
2,27,121,2,3,1,1083.059,"01",11,,0,0,1,,,,,111,,,1,,,,,,,,1,,,,,,,,,,,,,0,,,,,,,,,,,,,,,,2,3,1,282100302,,
2,27,121,2,4,1,1083.059,"01",8,,1,0,1,,,,1,,,,,1,,,,,,1,,,,,,,,,,,,,,1,1,1,,,,,,,,,,,,,,1,3,1,282100402,,
2,27,121,2,6,1,1083.059,"02",11,,1,0,1,,1,,,,,,,,111,,,,,,,,,,,1,,,,,,,,1,1,1,,,,,,,,,,,,,,1,2,1,282100602,,
2,27,121,2,7,1,1083.059,"01",8,,0,0,1,,,,,111,,,1,,,,,,,,1,,,,,,,,,,,,,1,1,1,,,,,,,,,,,,,,1,3,1,282100702,,
2,27,121,2,8,1,1083.059,"01",7,,1,0,5,,,,,111,,,,,111,,,,,,,,,,,,,,,,1,,,0,,,,,,,,,,,,,,,,2,3,1,282100802,,
2,27,121,2,9,1,1083.059,"01",9,,1,0,5,,,1,,,,,1,,,,,,,,1,,,,,,,,,,,,,1,1,1,,,,,,,,,,,,,,1,2,1,282100902,,
2,27,121,2,10,1,1083.059,"01",7,,0,0,1,,,,,111,,,,,111,,,,,,,,,,,,,,,,1,,,0,,,,,,,,,,,,,,,,2,3,1,282101002,,
2,27,121,2,11,1,1083.059,"02",9,,0,0,1,,,,,111,,,,,111,,,,,,,,,,,,,,,,1,,,0,,,,,,,,,,,,,,,,2,3,1,282101102,,
2,27,121,2,12,1,1083.059,"01",9,,0,1,5,,1,,,,,,,,111,,,,,,,,,,,1,,,,,,,,1,1,1,,,,,,,,,,,,,,1,2,1,282101202,,
2,27,121,2,13,1,1083.059,"01",11,,0,0,1,,,,,111,,,1,,,,,,,,1,,,,,,,,,,,,,0,,,,,,,,,,,,,,,,2,3,1,282101302,,
2,27,121,2,14,1,1083.059,"02",11,,0,0,1,,,,,111,,,1,,,,,,,,1,,,,,,,,,,,,,0,,,,,,,,,,,,,,,,1,3,1,282101402,,
2,27,121,2,15,1,1083.059,"02",11,,0,0,5,,,,,111,,,1,,,,,,,,1,,,,,,,,,,,,,1,1,1,,,,,,,,,,,,,,2,3,1,282101502,,
2,27,121,2,16,1,1083.059,"02",11,,0,0,1,,,,1,,,,1,,,,,,,,1,,,,,1,,,,,,,,1,1,1,1,,,,,,,,,,,,,2,2,1,282101602,,
2,27,121,2,17,1,1083.059,"01",8,,1,0,5,,1,,,,,,,,111,,,,,,,,,,,1,,,,,,,,1,1,1,,,,,,,,,,,,,,2,3,1,282101702,,
2,27,121,2,18,1,1083.059,"02",11,,0,0,1,,,,,111,,,1,,,,,,,,1,,,,,,,,,,,,,0,,,,,,,,,,,,,,,,2,2,1,282101802,,
2,27,121,2,20,1,1083.059,"02",11,,0,0,1,,,,,111,,,1,,,,,,,,1,,,,,,,,,,,,,1,1,1,1,,,,,,,,,,,,,1,2,1,282102002,,
2,27,122,2,2,1,1119.49942857143,"01",11,,0,0,1,,,,1,,,,1,,,,,,,,1,,,,,,,,,,,,,1,1,1,1,,,,,,,,,,,,,1,3,1,282200202,,
2,27,122,2,3,1,1119.49942857143,"02",9,,0,0,1,,,,,111,,,1,,,,,,,,1,,,,,,,,,,,,,1,1,1,1,,,,,,,,,,,,,2,1,1,282200302,,
2,27,122,2,4,1,1119.49942857143,"01",7,,0,0,1,,,,,111,,,1,,,,,,,,1,,,,,,,,,,,,,0,,,,,,,,,,,,,,,,2,3,1,282200402,,
2,27,122,2,6,1,1119.49942857143,"01",11,,1,0,5,,1,,,,,,,,111,,,,,,,,,,,1,,,,,,,,1,1,1,,,,,,,,,,,,,,2,3,1,282200602,,
2,27,122,2,7,1,1959.124,"02",1,,1,1,5,,1,,,,,,,,111,,,,,,,,,,,1,,,,,,,,1,1,1,,,,,,,,,,,,,,2,3,1,282200702,,
2,27,122,2,8,1,1959.124,"01",1,,1,0,5,,,,1,,,,,,111,,,,,1,,,,,,,,,,,,,,1,1,1,1,,,1,,,,,,,,,,2,3,1,282200802,,
2,27,122,2,9,1,1959.124,"01",1,,1,1,5,,,,,111,,,,1,,,,,,,,,,,,1,,,,,,,,1,1,1,1,,,1,,,,,,,,,,1,3,1,282200902,,
2,27,122,2,10,1,1959.124,"02",1,,1,1,5,,,,,111,,,1,,,,,,,,1,,,,,,,,,,,,,1,1,,1,,,1,,,,,,,,,,1,2,1,282201002,,
2,27,122,2,11,1,1959.124,"02",1,,0,0,6,,,,1,,,,1,,,,,,,,,,,,,1,,,,,,,,1,1,1,1,,,1,,,,,,,,,,1,3,1,282201102,,
2,27,122,2,12,1,1959.124,"01",1,,1,1,1,,,,,111,,,,,111,,,,,,,,,,,,,,,,1,,,1,1,,1,,,,,,,,,,,,,1,3,1,282201202,,
2,27,122,2,13,1,1959.124,"01",1,,0,0,5,,,,1,,,,1,,,,,,,1,,,,,,,,,,,,,,1,1,1,,,,1,,,,,,,,,,1,3,1,282201302,,
2,27,122,2,14,1,1119.49942857143,"02",8,,0,0,5,,,,,111,,,1,,,,,,,,1,,,,,,,,,,,,,1,1,1,,,,,,,,,,,,,,1,2,4,282201402,,
2,27,122,2,15,1,1959.124,"01",1,,1,0,5,,,,1,,,,,1,,,,,,1,1,,,,,1,,,,,,,,1,1,1,1,,,1,1,1,,,,,,,,2,3,1,282201502,,
2,27,122,2,16,1,1959.124,"01",1,,1,0,1,,,,,111,,,,1,,,,,,,1,,,,,,,,,,,,,1,1,1,1,,,,,,,,,,,,,1,3,1,282201602,,
2,27,122,2,17,1,1119.49942857143,"01",11,,0,0,1,,,1,,,,,1,,,,,,,,1,,,,,,,,,,,,,0,,,,,,,,,,,,,,,,2,2,2,282201702,,
2,27,122,2,18,1,1119.49942857143,"01",9,,0,0,1,,1,,,,,,,,111,,,,,,,,,,,1,,,,,,,,1,1,1,,,,,,,,,,,,,,2,3,1,282201802,,
2,27,122,2,19,1,1959.124,"02",2,,1,0,5,,,,,111,,,1,,,,,,,,1,,,,,,,,,,,,,1,1,1,1,,,,,,,,,,,,,1,3,1,282201902,,
2,27,122,2,20,1,1119.49942857143,"01",6,,0,0,1,,,,,111,,,1,,,,,,,,1,,,,,,,,,,,,,1,0,,,,,,,,,,,,,,,1,3,1,282202002,,
2,27,123,1,2,1,129.2385,"02",1,,,,5,,1,,,,,,1,,,,,1,,,,,,,,,,,,,,,,1,1,1,1,,,1,1,,,,,,,,,,3,2,282300202,,
2,27,123,1,3,1,129.2385,"02",1,,,,5,,1,,,,,,,,111,,,1,,,,,,,,,,,,,,,,1,1,1,1,,,,,,,,,,,,,,2,2,282300302,,
2,27,123,1,4,1,129.2385,"01",1,,,,5,,1,,1,,,,,1,,,,1,,,,,,,,,,,,,,,,1,0,,,,,,,,,,,,,,,,2,1,282300402,,
2,27,123,1,5,1,129.2385,"02",1,,,,5,,1,,,,,,,,111,,,1,,,,,,,,,,,,,,,,1,1,,,,,1,1,,,,,,,,,,3,1,282300502,,
2,27,123,1,6,1,129.2385,"01",1,,,,5,,,,1,,,,,1,,,,,,,,,,,,,,,,,1,,,1,1,1,1,,1,,,,,,,,,,,,1,1,282300602,,
2,27,123,1,7,1,129.2385,"01",1,,,,5,,1,,,,,,1,,,,,1,,,,,,,,,,,,,,,,1,1,,1,,,1,1,,1,1,,,,,,,3,1,282300702,,
2,27,123,1,8,1,129.2385,"01",1,,,,5,,1,,,,,,1,,,,,1,,,,,,,,,,,,,,,,1,1,1,1,,,1,1,1,1,,,,,,,,2,3,282300802,,
2,27,123,1,9,1,129.2385,"01",1,,,,5,,,,,111,,,1,,,,,,,,1,,,,,,,,,,,,,1,1,,1,,,,,,,,,,,,,,3,2,282300902,,
2,27,123,1,11,1,129.2385,"01",1,,,,5,,1,,,,,,,,111,,,1,,,,,,,,,,,,,,,,1,1,1,1,,,1,1,1,1,,,1,,,,,3,1,282301102,,
2,27,123,1,12,1,129.2385,"01",1,,,,4,,1,,,,,,,,111,,,1,,,,,,,,,,,,,,,,1,1,1,1,,,1,1,,1,1,,,,,,,3,1,282301202,,
2,27,123,1,13,1,129.2385,"01",1,,,,5,,1,,,,,,,,111,,,1,,,,,,,,,,,,,,,,1,1,1,,,,,,,,,,,,,,,3,1,282301302,,
2,27,123,1,14,1,129.2385,"02",1,,,,5,,1,,,,,,1,,,,,1,,,,,,,,,,,,,,,,1,1,1,,,,1,,,,,,,,,,,3,1,282301402,,
2,27,123,1,16,1,129.2385,"01",1,,,,5,,1,,,,,,1,,,,,1,,,1,,,,,,,,,,,,,1,1,1,1,,,1,1,1,1,,,,,,,,3,2,282301602,,
2,27,123,1,17,1,129.2385,"02",1,,,,4,,1,,,,,,,,111,,,1,,,,,,,,,,,,,,,,1,1,1,1,,,1,1,1,1,,,,,,,,3,1,282301702,,
2,27,123,1,18,1,129.2385,"02",1,,,,4,,1,,,,,,,,111,,,1,,,,,,,,,,,,,,,,1,1,1,1,,,1,1,1,1,,,,,,,,3,1,282301802,,
2,27,123,1,19,1,129.2385,"02",1,,,,5,,,,1,,,,,,111,,,,,1,,,,,,,,,,,,,,1,1,1,1,,,,,1,1,,,,,,,,3,2,282301902,,
2,27,123,1,21,1,129.2385,"01",1,,,,5,,1,,,,,,1,,,,,,,,1,,,,,,,,,,,,,1,1,1,1,,,,,,,,,,,,,,2,2,282302102,,
2,27,123,1,22,1,129.2385,"01",1,,,,4,,1,,,,,,,,111,,,,,,,,,,,,,,,,,,,1,1,1,1,,,1,1,1,1,,,1,,,,,3,2,282302202,,
2,27,124,1,1,1,249.0551,"01",1,,,,5,,,,1,,,,1,,,,,,,1,1,,,,,,,,,,,,,1,1,1,1,,,1,,,,,,,,,,,3,1,282400102,,
2,27,124,1,2,1,249.0551,"01",1,,,,5,,1,,,,,,,,111,,,,,,,,,,,,,,,,1,,,1,1,1,1,,,,,,,,,,,,,,3,1,282400202,,
2,27,124,1,3,1,52.301571,"01",11,,,,1,,,,,111,,,,,111,,,,,,,,,,,,,,,,1,,,1,1,1,1,,,,,,,,,,,,,,2,2,282400302,,
2,27,124,1,4,1,249.0551,"01",1,,,,1,,,,,111,,,1,,,,,,,,1,,,,,,,,,,,,,0,,,,,,,,,,,,,,,,,1,1,282400402,,
2,27,124,1,5,1,52.301571,"01",9,,,,5,,,1,,,,,1,,,,,,,,1,,,,,,,,,,,,,0,,,,,,,,,,,,,,,,,2,1,282400502,,
2,27,124,1,7,1,249.0551,"01",1,,,,5,,1,,,,,,,,111,,,,,,,,,,,1,,,,,,,,0,,,,,,,,,,,,,,,,,3,1,282400702,,
2,27,124,1,8,1,249.0551,"02",1,,,,5,,,,1,,,,,,111,,,,,1,,,,,,,,,,,,,,1,1,1,1,,,1,,,,,,,,,,,3,2,282400802,,
2,27,124,1,9,1,249.0551,"01",1,,,,5,,1,,,,,,,,111,,,,,,,,,,,1,,,,,,,,1,0,,,,,,,,,,,,,,,,3,1,282400902,,
2,27,124,1,10,1,249.0551,"01",1,,,,5,,1,,,,,,1,,,,,1,,,,,,,,,,,,,,,,1,1,1,1,,,1,,,,,,,,,,,3,1,282401002,,
2,27,124,1,11,1,52.301571,"05",11,,,,1,,,,,111,,,1,,,,,,,,1,,,,,,,,,,,,,1,1,1,1,,,,,,,,,,,,,,2,1,282401102,,
2,27,124,1,12,1,249.0551,"02",1,,,,5,,1,1,,,,,1,,,,,1,,,1,,,,,,,,,,,,,1,1,1,,,,,,,,,,,,,,,2,1,282401202,,
2,27,124,1,13,1,249.0551,"02",1,,,,5,,1,,,,,,1,,,,,1,,,,,,,,,,,,,,,,1,1,1,1,,,1,,,,,,,,,,,3,1,282401302,,
2,27,124,1,14,1,249.0551,"01",1,,,,5,,1,,,,,,,,111,,,,,,,,,,,,,,,,,555,7,0,,,,,,,,,,,,,,,,,2,1,282401402,,
2,27,124,1,15,1,249.0551,"01",1,,,,1,,,,1,,,,1,,,,,,,,1,,,,,,,,,,,,,1,1,1,1,,,1,,,,,,,,,,,3,2,282401502,,
2,27,124,1,16,1,249.0551,"01",1,,,,4,,1,,,,,,1,,,,,1,,,,,,,,,,,,,,,,1,1,1,1,,,1,1,,,,,,,,,,3,1,282401602,,
2,27,124,1,17,1,249.0551,"01",1,,,,5,,,,1,,,,1,,,,,,,1,,,,,,,,,,,,,,1,1,1,1,,,1,,,,,,,,,,,3,1,282401702,,
2,27,124,1,18,1,249.0551,"04",1,,,,5,,,,1,,,,1,,,,,,,,1,,,,,,,,,,,,,1,1,1,1,,,,,,,,,,,,,,2,1,282401802,,
2,27,124,1,20,1,249.0551,"01",1,,,,5,,1,,,,,,1,,,,,1,,,,,,,,,,,,,,,,1,1,1,1,,,1,,,,,,,,,,,3,1,282402002,,
2,27,125,2,1,1,1360.23511077158,"01",11,,0,0,5,,,,1,,,,,,111,,,,,,,,,,,1,,,,,,,,1,1,1,,,,,,,,,,,,,,1,3,1,282500102,,
2,27,125,2,2,1,1360.23511077158,"01",11,,0,0,1,,1,1,,,,,1,,,,,,,,,,,,,1,,,,,,,,1,1,1,,,,,,,,,,,,,,1,3,1,282500202,,
2,27,125,2,3,1,1360.23511077158,"01",11,,0,0,1,,,,,111,,,,,111,,,,,,,,,,,,,,,,1,,,0,,,,,,,,,,,,,,,,1,2,1,282500302,,
2,27,125,2,4,1,1360.23511077158,"01",5,,0,0,5,,1,1,,,,,1,,,,,,,,,,,,,1,,,,,,,,0,,,,,,,,,,,,,,,,1,3,1,282500402,,
2,27,125,2,5,1,1360.23511077158,"01",11,,1,0,1,,,,,111,,,1,,,,,,,,1,,,,,,,,,,,,,1,1,1,1,,,,,,,,,,,,,1,3,1,282500502,,
2,27,125,2,6,1,1360.23511077158,"02",11,,0,0,1,,,,,111,,,,,111,,,,,,,,,,,,,,,,1,,,1,1,1,1,,,,,,,,,,,,,2,3,1,282500602,,
2,27,125,2,7,1,1360.23511077158,"01",11,,0,0,1,,,,,111,,,1,,,,,,,,1,,,,,,,,,,,,,1,0,,,,,,,,,,,,,,,2,3,1,282500702,,
2,27,125,2,8,1,1360.23511077158,"01",11,,0,0,1,,,,,111,,,,,111,,,,,,,,,,,,,,,,1,,,0,,,,,,,,,,,,,,,,1,2,1,282500802,,
2,27,125,2,9,1,1360.23511077158,"01",11,,0,0,1,,,1,,,,,1,,,,,,,,,,,,,,,,,,1,,,0,,,,,,,,,,,,,,,,1,3,1,282500902,,
2,27,125,2,10,1,1360.23511077158,"01",9,,0,0,1,,,,1,,,,1,,,,,,,,,,,,,,,,,,1,,,1,1,1,,,,,,,,,,,,,,2,1,1,282501002,,
2,27,125,2,11,1,100.539116883117,"01",2,,1,0,5,,,,,111,,,,,111,,,,,,,,,,,,,,1,,,,,1,1,1,1,,,,,,,,,,,,,1,3,1,282501102,,
2,27,125,2,12,1,1360.23511077158,"01",9,,0,0,1,,,,,111,,,1,,,,,,,,,,,,,,,,,,,,,1,1,1,1,,,,,,,,,,,,,2,1,1,282501202,,
2,27,125,2,13,1,1360.23511077158,"02",9,,1,0,5,,1,,,,,,1,,,,,1,,,,,,,,,,,,,,,,1,1,1,1,,,,,,1,,,,,,,1,3,1,282501302,,
2,27,125,2,14,1,1360.23511077158,"01",8,,0,0,5,,,,,111,,,1,,,,,,,,,,,,,,,,,,,,,1,1,1,,,,,,,,,,,,,,1,3,1,282501402,,
2,27,125,2,15,1,1360.23511077158,"01",9,,0,1,5,,1,,,,,,,,111,,,,,,,,,,,1,,,,,,,,1,1,1,,,,,,,,,,,,,,1,3,1,282501502,,
2,27,125,2,16,1,1360.23511077158,"02",9,,0,0,5,,,,1,,,,,,111,,,,,1,,,,,,,,,,,,,,1,1,1,1,,,,,,,,,,,,,1,3,1,282501602,,
2,27,125,2,17,1,1360.23511077158,"01",11,,0,0,1,,,,1,,,,1,,,,,,,,1,,,,,,,,,,,,,1,0,,,,,,,,,,,,,,,2,3,1,282501702,,
2,27,125,2,18,1,1360.23511077158,"01",7,,0,0,1,,,,,111,,,,,111,,,,,,,,,,,,,,,,1,,,0,,,,,,,,,,,,,,,,2,2,1,282501802,,
2,27,126,1,1,1,288.1454,"01",1,,,,5,,,,,111,,,,,111,,,,,,1,,,,,,,,,,,,,1,1,1,1,,,,,,,,,,,,,,3,1,282600102,,
2,27,126,1,2,1,288.1454,"01",1,,,,1,,,,,111,,,,,111,,,,,,,,,,,,,,,,1,,,1,1,1,1,,,1,,,,,,,,,,,1,1,282600202,,
2,27,126,1,3,1,288.1454,"02",1,,,,5,,1,,,,,,,,111,,,1,,,,,,,,,,,,,,,,1,1,1,1,,,1,,,,,,,,,,,3,1,282600302,,
2,27,126,1,4,1,288.1454,"02",1,,,,5,,,,1,,,,,,111,,,,,1,,,,,,,,,,,,,,1,1,1,1,,,1,,,,,,,,,,,3,1,282600402,,
2,27,126,1,5,1,288.1454,"02",1,,,,5,,1,,,,,,1,,,,,1,,,,,,,,,,,,,,,,1,1,1,1,,,1,,,1,,,,,,,,3,1,282600502,,
2,27,126,1,6,1,288.1454,"01",1,,,,5,,,,,111,,,1,,,,,,,,1,,,,,,,,,,,,,1,1,1,1,,,1,1,,,,,,,,,,3,1,282600602,,
2,27,126,1,7,1,288.1454,"01",1,,,,5,,1,,,,,,,,111,,,1,,,,,,,,,,,,,,,,1,1,1,1,,,1,,,,,,,,,,,3,2,282600702,,
2,27,126,1,8,1,48.0242333333333,"02",11,,,,5,,,,,111,,,,,111,,,,,,,,,,,,,,,,1,,,1,1,1,1,,,,,,,,,,,,,,1,4,282600802,,
2,27,126,1,9,1,288.1454,"01",1,,,,5,,1,,,,,,1,,,,,,1,,,,,,,,,,,,,,,1,1,1,1,,,1,,,1,,,,,,,,3,1,282600902,,
2,27,126,1,10,1,48.0242333333333,"01",8,,,,1,,,,,111,,,,,111,,,,,,,,,,,,,,,,1,,,0,,,,,,,,,,,,,,,,,1,1,282601002,,
2,27,126,1,11,1,288.1454,"02",1,,,,5,,,,,111,,,,,111,,,,,,,,,,,,,,,1,,,,1,1,1,,,,1,1,,,,,,,,,,3,1,282601102,,
2,27,126,1,12,1,288.1454,"01",1,,,,4,,1,,,,,,,,111,,,1,,,,,,,,,,,,,,,,1,1,1,1,,,1,1,,,,,,,,,,3,1,282601202,,
2,27,126,1,13,1,288.1454,"01",1,,,,5,,1,,,,,,1,,,,,1,,,1,,,,,,,,,,,,,1,1,1,1,,,1,,,,,,,,,,,2,1,282601302,,
2,27,126,1,14,1,288.1454,"01",1,,,,4,,1,,,,,,,,111,,,1,,,,,,,,,,,,,,,,1,1,1,,,,1,1,,,,,,,,,,3,1,282601402,,
2,27,126,1,15,1,288.1454,"02",1,,,,5,,1,,,,,,,,111,,,1,,,,,,,,,,,,,,,,1,1,1,1,,,1,1,1,1,,,,,,,,3,2,282601502,,
2,27,126,1,16,1,288.1454,"01",1,,,,4,,,,1,,,,1,,,,,,,1,,,,,,,,,,,,,,1,1,,1,,,1,1,,,,,,,,,,3,1,282601602,,
2,27,126,1,17,1,288.1454,"01",1,,,,5,,1,,,,,,1,,,,,1,,,,,,,,,,,,,,,,1,1,1,,,,1,1,,,,,,,,,,3,2,282601702,,
2,27,126,1,18,1,288.1454,"02",1,,,,5,,,,,111,,,1,,,,,,,,1,,,,,,,,,,,,,1,1,1,1,,,1,,,,,,,,,,,2,1,282601802,,
2,28,127,2,1,1,1240.29181333333,"01",11,,0,0,1,,,,,111,,,,1,,,,,,,1,,,,,,,,,,,,,0,,,,,,,,,,,,,,,,1,2,1,292700102,,
2,28,127,2,2,1,1240.29181333333,"02",5,,0,0,1,,,,,111,,,,,111,,,,,,,,,,,,,,,,1,,,1,0,,,,,,,,,,,,,,,2,1,1,292700202,,
2,28,127,2,3,1,1240.29181333333,"02",11,,0,0,5,,1,,,,,,1,,,,,,,,,,,,,1,,,,,,,,1,1,1,,,,,,,,,,,,,,2,3,1,292700302,,
2,28,127,2,4,1,1240.29181333333,"01",9,,0,0,1,,,1,,,,,1,,,,,,1,,,,,,,,,,,,,,,1,1,1,,,,,,,,,,,,,,2,2,4,292700402,,
2,28,127,2,5,1,1240.29181333333,"01",11,,0,0,1,,,,1,,,,,1,,,,,,,,,,,,1,,,,,,,,1,1,1,1,,,,,,,,,,,,,2,3,1,292700502,,
2,28,127,2,6,1,1240.29181333333,"01",11,,0,0,1,,,,,,555,9,,,,555,4,,,,,,,,,,,,,,1,,,0,,,,,,,,,,,,,,,,2,3,1,292700602,,
2,28,127,2,7,1,1500.353,"01",1,,0,0,5,,,,1,,,,,,,555,4,,,,,,,,,1,,,,,,,,1,1,1,1,,,,,,,,,,,,,2,1,1,292700702,,
2,28,127,2,8,1,1240.29181333333,"02",11,,0,0,1,,,,,,555,9,,1,,,,,,,,,,,,,,,1,,,,,1,1,1,,,,,,,,,,,,,,1,2,1,292700802,,
2,28,127,2,9,1,1240.29181333333,"02",7,,0,0,5,,,1,,,,,1,,,,,,1,,1,,,,,,,,,,,,,1,1,1,1,,,,,,,,,,,,,2,2,2,292700902,,
2,28,127,2,10,1,1240.29181333333,"02",11,,0,0,1,,,1,,,,,1,,,,,,1,,1,,,,,,,,,,,,,1,1,1,1,,,,,,,,,,,,,1,2,1,292701002,,
2,28,127,2,11,1,1500.353,"01",1,,1,0,5,,,1,,,,,1,,,,,,,,1,,,,,,,,,,,,,1,1,1,,,,,,,,,,,,,,2,3,1,292701102,,
2,28,127,2,12,1,1500.353,"01",1,,0,0,5,,,,1,,,,,,111,,,,,,,,,,,1,,,,,,,,1,1,1,1,,,1,,,,,,,,,,2,3,1,292701202,,
2,28,127,2,13,1,1500.353,"01",1,,0,0,5,,,1,,,,,1,,,,,,1,,,,,,,,,,,,,,,1,1,,1,,,,,,,,,,,,,1,3,1,292701302,,
2,28,127,2,14,1,1500.353,"01",1,,1,0,5,,1,,,,,,,,,,,1,,,,,,,,,,,,,,,,1,1,1,1,,,,1,1,,,,,,,,1,3,1,292701402,,
2,28,127,2,15,1,1240.29181333333,"02",9,,0,0,1,,,1,1,,,,1,,,,,,,,1,,,,,1,,,,,,,,1,1,1,,,,,,,,,,,,,,2,3,1,292701502,,
2,28,127,2,16,1,1240.29181333333,"02",11,,0,0,5,,,,1,,,,1,,,,,,,,1,,,,,,,,,,,,,1,1,1,,,,,,,,,,,,,,2,1,4,292701602,,
2,28,127,2,17,1,1500.353,"02",1,,1,0,5,,,,1,,,,,1,,,,,,,,,,,,1,,,,,,,,1,1,1,1,,,1,,,,,,,,,,2,3,1,292701702,,
2,28,127,2,18,1,1240.29181333333,"01",9,,0,0,1,,1,,,,,,1,,,,,,,,,,,,,1,,,,,,,,1,1,1,,,,,,,,,,,,,,1,2,1,292701802,,
2,28,128,1,1,1,343.71137921458,"02",11,,,,5,,1,1,,,,,1,,,,,,1,,1,,,,,,,,,,,,,1,1,1,1,,,,,,,,,,,,,,2,1,292800102,,
2,28,128,1,2,1,289.3982,"01",1,,,,5,,1,,,,,,1,,,,,1,,,,,,,,,,,,,,,,1,1,1,1,,,,,,,,,,,,,,3,1,292800202,,
2,28,128,1,3,1,289.3982,"01",1,,,,1,,,,1,,,,,,111,,,,,,,,,,,1,,,,,,,,0,,,,,,,,,,,,,,,,,2,1,292800302,,
2,28,128,1,4,1,343.71137921458,"01",7,,,,5,,,,,111,,,1,,111,,,,,,1,,,,,,,,,,,,,1,1,,1,,,,,,,,,,,,,,2,1,292800402,,
2,28,128,1,5,1,343.71137921458,"02",9,,,,1,,,,,111,,,1,,,,,,,,1,,,,,,,,,,,,,0,,,,,,,,,,,,,,,,,2,1,292800502,,
2,28,128,1,6,1,343.71137921458,"01",11,,,,1,,,,,111,,,,,111,,,,,,1,,,,,,,,,,,,,1,1,1,,,,,,,,,,,,,,,2,1,292800602,,
2,28,128,1,7,1,343.71137921458,"01",11,,,,1,,,,,111,,,1,,,,,,,,1,,,,,,,,,,,,,1,1,1,,,,,,,,,,,,,,,1,1,292800702,,
2,28,128,1,8,1,289.3982,"02",1,,,,5,,,,,111,,,,,111,,,,,,,,,,,,,,,,1,,,1,1,1,1,,,1,,,,,,,,,,,2,1,292800802,,
2,28,128,1,9,1,343.71137921458,"01",7,,,,1,,,,,111,,,1,,,,,,,,1,,,,,,,,1,,,,,0,,,,,,,,,,,,,,,,,1,1,292800902,,
2,28,128,1,10,1,289.3982,"01",1,,,,5,,1,,,,,,,,111,,,1,,,,,,,,,,,,,,,,1,1,1,1,,,,,,,,,,,,,,3,1,292801002,,
2,28,128,1,11,1,343.71137921458,"01",9,,,,5,,1,,,,,,1,,,,,1,,,,,,,,,,,,,,,,1,1,,1,,,,,,,,,,,,,,2,1,292801102,,
2,28,128,1,12,1,343.71137921458,"01",11,,,,1,,,,,111,,,,,111,,,,,,,,,,,,,,,,1,,,0,,,,,,,,,,,,,,,,,1,1,292801202,,
2,28,128,1,13,1,343.71137921458,"02",9,,,,5,,,,,111,,,1,,,,,,,,1,,,,,,,,1,,,,,1,1,1,,,,,,,,,,,,,,,3,1,292801302,,
2,28,128,1,14,1,289.3982,"02",1,,,,5,,1,,,,,,,,111,,,1,,,,,,,,,,,,,,,,1,1,1,1,,,1,,,,,,,,,,,2,1,292801402,,
2,28,128,1,15,1,343.71137921458,"01",11,,,,5,,,,,111,,,,,111,,,,,,,,,,,,,,,,1,,,1,1,1,1,,,,,,,,,,,,,,3,1,292801502,,
2,28,128,1,16,1,289.3982,"01",1,,,,5,,,,1,,,,1,1,,,,,,,,,,,,1,,,,,,,,1,1,1,1,,,,1,,,,,,,,,,2,1,292801602,,
2,28,128,1,17,1,289.3982,"02",1,,,,5,,1,,,,,,1,,,,,1,,,1,,,,,,,,,,,,,1,1,,1,,,1,1,,,,,,1,,,,3,1,292801702,,
2,28,128,1,18,1,343.71137921458,"01",11,,,,5,,1,,1,,,,1,,,,,,,1,,,,,,,,,,,,,,1,1,1,1,,,,,,,,,,,,,,3,1,292801802,,
2,28,129,2,1,1,892.101,"01",11,,0,0,1,,,1,,,,,1,,,,,,1,,,,,,,,,,,,,,,0,,,,,,,,,,,,,,,,2,2,1,292900102,,
2,28,129,2,2,1,892.101,"01",11,,0,0,1,,,1,,,,,1,,,,,,1,,,,,,,,,,,,,,,0,,,,,,,,,,,,,,,,2,2,1,292900202,,
2,28,129,2,3,1,892.101,"01",9,,0,0,1,,,,,,555,5,1,,,,,,,,1,,,,,,,,,,,,,1,0,,,,,,,,,,,,,,,1,2,555,292900302,,
2,28,129,2,4,1,892.101,"01",9,,0,0,1,,,1,,,,,1,,,,,,,,1,,,,,,,,,,,,,1,1,1,1,,,,,,,,,,,,,2,2,1,292900402,,
2,28,129,2,5,1,892.101,"01",5,,0,0,1,,,1,,,,,1,,,,,,,,1,,,,,,,,,,,,,1,1,1,1,,,,,,,,,,,,,2,2,1,292900502,,
2,28,129,2,6,1,892.101,"01",11,,0,0,1,,,,,111,,,,1,,,,,,,1,,,,,,,,,,,,,1,1,1,1,,,,,,,,,,,,,1,2,1,292900602,,
2,28,129,2,7,1,892.101,"01",11,,0,0,1,,,,,111,,,,,111,,,,,,,,,,,,,,,,1,,,1,1,1,1,,,,,,,,,,,,,2,2,1,292900702,,
2,28,129,2,8,1,892.101,"02",13,5,0,0,1,,,1,,,,,1,,,,,,,,1,,,,,,,,,,,,,0,,,,,,,,,,,,,,,,2,3,1,292900802,,
2,28,129,2,9,1,892.101,"01",9,,0,0,1,,,,,,555,5,,1,,,,,,,1,,,,,,,,,,,,,0,,,,,,,,,,,,,,,,2,2,1,292900902,,
2,28,129,2,10,1,892.101,"01",9,,0,1,1,,,,1,,,,1,,,,,,,1,1,,,,,,,,,,,,,1,1,1,1,,,,,,,,,,,,,2,2,1,292901002,,
2,28,129,2,11,1,892.101,"01",5,,1,0,5,,1,,,,,,1,,,,,,,,,,,,,1,,,,,,,,1,1,1,,,,,,,,,,,,,,1,3,1,292901102,,
2,28,129,2,12,1,892.101,"01",9,,0,1,5,,,,1,,,,,1,,,,,,,1,,,,,1,,,,,,,,1,1,1,1,,,,,,,,,,,,,2,2,1,292901202,,
2,28,129,2,13,1,892.101,"01",10,,0,0,1,,,,1,,,,1,,,,,,,1,,,,,,,,,,,,,,0,,,,,,,,,,,,,,,,2,3,1,292901302,,
2,28,129,2,14,1,892.101,"01",9,,0,0,5,,,,1,,,,1,1,,,,,,,1,,,,,,,,,,,,,1,1,1,1,,,,,,,,,,,,,2,3,1,292901402,,
2,28,129,2,15,1,892.101,"01",10,,0,0,1,,,,,,555,9,1,,,,,,,,,,,,,,,,,,1,,,1,1,1,1,,,,,,,,,,,,,2,3,4,292901502,,
2,28,129,2,16,1,892.101,"02",8,,1,0,5,,,,,111,,,,,111,,,,,,,,,,,,,,,,1,,,1,1,1,,,,,,,,,,,,,,2,2,1,292901602,,
2,28,129,2,17,1,892.101,"01",10,,0,1,5,,,,1,,,,1,,,,,,,,,,,,,1,,,,,,,,1,0,,,,,,,,,,,,,,,2,2,1,292901702,,
2,28,129,2,18,1,892.101,"01",13,11,0,0,1,,,,,111,,,1,,,,,,,,1,,,,,,,,,,,,,1,1,1,,,,,,,,,,,,,,2,3,1,292901802,,
2,28,130,1,1,1,229.0288,"01",9,,,,1,,,,,111,,,1,,,,,,,,1,,,,,,,,,,,,,1,1,1,,,,,,,,,,,,,,,2,1,293000102,,
2,28,130,1,3,1,229.0288,"01",9,,,,1,,,,,111,,,1,,,,,,,,1,,,,,,,,,,,,,0,,,,,,,,,,,,,,,,,3,1,293000302,,
2,28,130,1,4,1,229.0288,"01",11,,,,1,,,,,111,,,1,,,,,,,,1,,,,,,,,,,,,,0,,,,,,,,,,,,,,,,,2,1,293000402,,
2,28,130,1,5,1,229.0288,"01",9,,,,5,,1,,,,,,1,,,,,,,,1,,,,,,,,,,,,,1,0,,,,,,,,,,,,,,,,1,555,293000502,,
2,28,130,1,6,1,229.0288,"01",11,,,,1,,,,,111,,,1,,,,,,,,1,,,,,,,,,,,,,0,,,,,,,,,,,,,,,,,3,1,293000602,,
2,28,130,1,8,1,229.0288,"01",9,,,,1,,,,,111,,,,,111,,,,,1,,,,,,,,,,,,,,0,,,,,,,,,,,,,,,,,1,1,293000802,,
2,28,130,1,9,1,229.0288,"01",11,,,,5,,,,,111,,,,1,,,,,,,1,,,,,,,,,,,,,1,1,1,1,,,,,,,,,,,,,,3,1,293000902,,
2,28,130,1,10,1,229.0288,"01",9,,,,1,,1,,,,,,1,,,,,,,,1,,,,,,,,,,,,,1,1,,1,,,,,,,,,1,,,,,3,1,293001002,,
2,28,130,1,11,1,229.0288,"02",9,,,,1,,,1,,,,,1,,,,,,1,,,,,,,,,,,,,,,1,1,1,1,,,,,,,,,,,,,,3,1,293001102,,
2,28,130,1,12,1,229.0288,"02",9,,,,5,,,,1,,,,,1,,,,,,,,,,,,1,,,,,,,,1,0,,,,,,,,,,,,,,,,2,1,293001202,,
2,28,130,1,13,1,229.0288,"02",5,,,,5,,1,,,,,,1,,,,,1,,,,,,,,,,,,,,,,1,1,1,,,,1,,,,,,,,,,,3,1,293001302,,
2,28,130,1,14,1,229.0288,"02",9,,,,5,,,,1,,,,,1,,,,,,,1,,,,,1,,,,,,,,1,1,1,1,,,,,,,,,,,,,,2,1,293001402,,
2,28,130,1,15,1,229.0288,"01",9,,,,5,,,,,111,,,,1,,,,,,,,,,,,1,,,,,,,,1,1,1,1,,,,,,,,,1,,,,,1,1,293001502,,
2,28,130,1,17,1,229.0288,"02",5,,,,1,,,,,111,,,1,,,,,,,,1,,,,,,,,,,,,,1,0,,,,,,,,,,,,,,,,3,1,293001702,,
2,28,130,1,18,1,229.0288,"02",9,,,,5,,,,1,,,,1,,,,,,,,,,,,,1,,,,,,,,1,1,1,,,,,,,,,,,,,,,2,1,293001802,,
2,28,130,1,19,1,229.0288,"02",11,,,,1,,,,,111,,,1,,,,,,,,1,,,,,,,,,,,,,1,1,1,,,,,,,,,,,,,,,3,1,293001902,,
2,28,130,1,20,1,229.0288,"02",9,,,,1,,1,,,,,,1,,,,,1,,,,,,,,,,,,,,,,1,1,1,,,,,,,,,,,,,,,3,1,293002002,,
2,28,130,1,21,1,229.0288,"02",9,,,,1,,,,,111,,,1,,,,,,,,1,,,,,,,,,,,,,1,1,1,,,,,,,,,,,,,,,1,2,293002102,,
2,28,131,2,1,1,82.8797946428571,"01",2,,0,0,5,,,,1,,,,,1,,,,,,,,,,,,1,,,,,,,,1,1,,,,,,,,,,,1,,,,2,2,1,293100102,,
2,28,131,2,2,1,1149.95715066964,"01",11,,2,1,1,,,1,,,,,,1,,,,,,,1,,,,,,,,,,,,,1,0,,,,,,,,,,,,,,,1,2,1,293100202,,
2,28,131,2,3,1,1149.95715066964,"01",11,,0,0,1,,,1,,,,,,1,,,,,,,1,,,,,,,,,,,,,0,,,,,,,,,,,,,,,,2,1,1,293100302,,
2,28,131,2,4,1,1149.95715066964,"01",7,,2,0,1,,,1,,,,,,1,,,,,,,1,,,,,,,,,,,,,1,1,1,1,,,,,,,,,,,,,1,2,1,293100402,,
2,28,131,2,5,1,1149.95715066964,"01",13,14,0,0,1,,,,,111,,,,,111,,,,,,,,,,,,,,,,1,,,0,,,,,,,,,,,,,,,,2,2,1,293100502,,
2,28,131,2,6,1,1149.95715066964,"01",13,13,0,0,1,,,,,111,,,,,111,,,,,,,,,,,,,,,,1,,,0,,,,,,,,,,,,,,,,2,1,1,293100602,,
2,28,131,2,7,1,1149.95715066964,"01",11,,1,0,1,,,,,111,,,,,111,,,,,,,,,,,,,,,,1,,,0,,,,,,,,,,,,,,,,2,1,1,293100702,,
2,28,131,2,8,1,1149.95715066964,"02",13,8,0,0,1,,1,,,,,,1,,,,,1,,,,,,,,,,,,,,,,1,1,1,,,,,,,,,,,,,,1,2,1,293100802,,
2,28,131,2,9,1,1149.95715066964,"01",11,,0,0,1,,,1,,,,,1,,,,,,,,1,,,,,,,,,,,,,0,,,,,,,,,,,,,,,,2,2,1,293100902,,
2,28,131,2,10,1,1149.95715066964,"01",9,,1,0,5,,,,1,,,,,1,,,,,,1,1,,,,,,,,,,,,,1,1,1,1,,,,,,,,,,,,,1,2,1,293101002,,
2,28,131,2,11,1,1149.95715066964,"02",11,,0,0,1,,,,1,,,,,,111,,,,,,,,,,,1,,,,,,,,1,1,1,,,,,,,,,,,,,,1,2,1,293101102,,
2,28,131,2,12,1,1149.95715066964,"01",9,,0,0,5,,,,1,,,,1,,,,,,,1,,,,,,,,,,,,,,1,1,1,1,,,,,,,,,,,,,1,3,1,293101202,,
2,28,131,2,13,1,1149.95715066964,"01",9,,0,0,1,,,,1,,,,,1,,,,,,,1,,,,,,,,,,,,,1,1,1,,,,,,,,,,,,,,1,3,1,293101302,,
2,28,131,2,14,1,82.8797946428571,"04",2,,0,0,1,,,,1,,,,,,111,,,,,,,,,,,,,,,1,,,,1,1,,,,,,,,1,,,1,,,,2,3,1,293101402,,
2,28,131,2,15,1,1149.95715066964,"01",9,,1,0,1,,1,,,,,,,,111,,,,,,,,,,,,,,1,,,,,0,,,,,,,,,,,,,,,,1,3,1,293101502,,
2,28,131,2,16,1,1149.95715066964,"01",12,,1,0,5,,,,1,,,,,1,,,,,,1,1,,,,,1,,,,,,,,1,1,,1,,,,,,,,,1,,,,1,3,1,293101602,,
2,28,131,2,17,1,1149.95715066964,"02",11,,0,0,1,,,,,111,,,,,111,,,,,,1,,,,,,,,,,,,,0,,,,,,,,,,,,,,,,1,3,1,293101702,,
2,28,131,2,18,1,1149.95715066964,"02",11,,0,0,1,,,,,111,,,,1,,,,,,,1,,,,,,,,,,,,,1,1,1,,,,,,,,,,,,,,1,3,1,293101802,,
2,28,132,2,1,1,1520.222,"02",11,,0,0,1,,,,,111,,,,1,,,,,,,,,,,,,,,1,,,,,1,1,1,1,,,,,,,,,,,,,2,2,1,293200102,,
2,28,132,2,2,1,1520.222,"02",11,,0,0,1,,,,,111,,,,,111,,,,,,,,,,,,,,,,1,,,1,0,,,,,,,,,,,,,,,2,3,4,293200202,,
2,28,132,2,3,1,1520.222,"01",11,,0,0,5,,,1,,,,,1,,,,,,,,1,,,,,,,,,,,,,1,1,1,1,,,,,,,1,,,,,,1,3,1,293200302,,
2,28,132,2,4,1,1520.222,"01",11,,0,0,1,,,,,111,,,,,111,,,,,,,,,,,,,,1,,,,,1,1,1,,,,,,,,,,,,,,1,3,1,293200402,,
2,28,132,2,5,1,1520.222,"01",11,,0,0,1,,,,,111,,,,,111,,,,,,,,,,,,,,,,1,,,1,0,,,,,,,,,,,,,,,2,2,1,293200502,,
2,28,132,2,6,1,1520.222,"01",13,13,0,0,1,,,,1,,,,,1,,,,,,1,,,,,,,,,,,,,,1,1,1,1,,,,,,,,,,,,,2,2,1,293200602,,
2,28,132,2,7,1,1520.222,"02",11,,1,0,1,,,,,111,,,,1,,,,,,,1,,,,,,,,,,,,,1,1,1,1,,,,,,,,,,,,,2,2,1,293200702,,
2,28,132,2,8,1,1520.222,"01",11,,0,0,1,,,,,111,,,,,111,,,,,,,,,,,,,,,,1,,,0,,,,,,,,,,,,,,,,2,1,4,293200802,,
2,28,132,2,9,1,1520.222,"01",11,,2,0,1,,,,,111,,,,1,,,,,,,,,,,,,,,1,,,,,1,1,1,1,1,,,,,,,,,,,,2,2,2,293200902,,
2,28,132,2,10,1,1520.222,"01",9,,0,1,5,,,,1,,,,1,,,,,,,1,,,,,,,,,,,,,,1,1,1,1,,,,,,,,,1,,,,2,2,1,293201002,,
2,28,132,2,11,1,1520.222,"01",8,,1,1,5,,,,1,,,,,,111,,,,,,,,,,,1,,,,,,,,1,1,1,1,,,,,,1,,,,,,,2,3,1,293201102,,
2,28,132,2,12,1,1520.222,"01",9,,0,0,5,,,,1,,,,1,,,,,,,1,1,,,,,,,,,,,,,1,1,1,1,,,,,,,,,,,,,1,3,1,293201202,,
2,28,132,2,13,1,1520.222,"01",11,,2,0,1,,,,,111,,,,,111,,,,,,,,,,,,1,,,,,,,1,1,1,,,,,,,,,,,,,,2,2,1,293201302,,
2,28,132,2,14,1,1520.222,"01",11,,1,0,5,,,1,,,,,1,,,,,,,,1,,,,,,,,,,,,,1,1,1,1,,,,,,,,,,,,,2,2,1,293201402,,
2,28,132,2,15,1,1520.222,"01",11,,2,0,5,,,1,,,,,1,,,,,,,,1,,,,,,,,,,,,,1,0,,,,,,,,,,,,,,,2,3,1,293201502,,
2,28,132,2,16,1,1520.222,"01",9,,0,0,5,,,,,111,,,,,111,,,,,,,,,,,,,,,,1,,,1,1,1,1,,,,,,,,,,,,,2,2,1,293201602,,
2,28,132,2,17,1,1520.222,"01",13,13,1,0,5,,,,,111,,,1,,,,,,,,1,,,,,,,,,,,,,1,1,1,1,,,,,,,,,,,,,1,2,1,293201702,,
2,28,132,2,18,1,1520.222,"01",10,,1,0,1,,,,,111,,,,,,555,3,,,,,,,,,,,,,,1,,,1,1,,,,,,,,1,,,1,,,,2,1,1,293201802,,
2,28,133,1,1,1,239.098475138122,"02",9,,,,1,,,1,,,,,,1,,,,,,,1,,,,,,,,,,,,,1,1,1,,,,,,,,,,,,,,,2,1,293300102,,
2,28,133,1,3,1,239.098475138122,"01",7,,,,1,,,,,111,,,1,,,,,,,,1,,,,,,,,,,,,,1,1,1,1,,,,,,,,,,,,,,1,4,293300302,,
2,28,133,1,4,1,239.098475138122,"02",11,,,,1,,,,1,,,,,,,555,4,,,,,,,,,,,,,,1,,,1,1,1,,,,,,,,,,,,,,,2,1,293300402,,
2,28,133,1,5,1,239.098475138122,"02",11,,,,1,,,,,111,,,,1,,,,,,,1,,,,,,,,,,,,,1,1,1,,,,,,,,,,,,,,,2,1,293300502,,
2,28,133,1,6,1,239.098475138122,"02",11,,,,1,,,,,111,,,,,,555,3,,,,1,,,,,,,,,,,,,1,1,1,,,,,,,,,,,,,,,2,1,293300602,,
2,28,133,1,7,1,239.098475138122,"01",11,,,,1,,,1,,,,,1,,,,,,,,1,,,,,,,,,,,,,0,,,,,,,,,,,,,,,,,2,1,293300702,,
2,28,133,1,8,1,239.098475138122,"01",7,,,,1,,,,,111,,,1,,,,,,,,1,,,,,,,,,,,,,1,1,1,1,,,,,,,,,,,,,,2,1,293300802,,
2,28,133,1,9,1,180.3201,"01",1,,,,6,,1,,,,,,,,,555,4,,,,,,,,,1,,,,,,,,1,1,1,1,,,1,,,,1,,,,,,,3,1,293300902,,
2,28,133,1,10,1,180.3201,"01",1,,,,5,,1,,1,,,,,,111,,,1,,1,,,,,,,,,,,,,,1,1,1,1,,,1,,,,,,,,,,,3,1,293301002,,
2,28,133,1,11,1,180.3201,"02",1,,,,5,,,,1,,,,,1,,,,,,1,,,,,,,,,,,,,,1,1,1,,,,,,,,,,,,,,,2,1,293301102,,
2,28,133,1,12,1,180.3201,"01",1,,,,5,,,,,111,,,,1,,,,,,,1,,,,,,,,,,,,,0,,,,,,,,,,,,,,,,,2,1,293301202,,
2,28,133,1,13,1,180.3201,"01",1,,,,5,,,,1,,,,1,,,,,,1,,,,,,,,,,,,,,,0,,,,,,,,,,,,,,,,,2,1,293301302,,
2,28,133,1,14,1,180.3201,"02",1,,,,5,,1,,,,,,,,111,,,1,,,,,,,,,,,,,,,,1,1,,1,,,,,,,,,,,,,,3,1,293301402,,
2,28,133,1,15,1,180.3201,"02",1,,,,5,,,,,111,,,,,111,,,,,,,,,,,,,,,,1,,,0,,,,,,,,,,,,,,,,,2,1,293301502,,
2,28,133,1,16,1,180.3201,"02",1,,,,5,,,1,,,,,,,111,,,,1,,,,,,,,,,,,,,,1,1,1,1,,,1,,,,,,,1,,,,2,1,293301602,,
2,28,133,1,17,1,180.3201,"01",1,,,,1,,,,,111,,,1,,,,,,,,1,,,,,,,,,,,,,0,,,,,,,,,,,,,,,,,2,1,293301702,,
2,28,133,1,18,1,180.3201,"02",1,,,,5,,1,,,,,,1,,,,,1,,,1,,,,,,,,,,,,,1,1,1,1,,,,,,1,,,,,,,,3,1,293301802,,
2,28,133,1,20,1,239.098475138122,"01",9,,,,5,,,,1,,,,,,,555,3,,,,,1,,,,,,,,,,,,1,1,1,,,,,,,,,,,,,,,2,1,293302002,,
2,28,134,1,1,1,13.9770985339988,"01",11,,,,6,,,,,111,,,,,111,,,,,,,,,,,,,,,,1,,,1,1,1,,,,,,,,,,,,,,,2,4,293400102,,
2,28,134,1,2,1,13.9770985339988,"01",9,,,,1,,1,,,,,,,1,,,,1,,,,,,,,,,,,,,,,1,1,1,,,,,,,,,,,,,,,3,1,293400202,,
2,28,134,1,3,1,13.9770985339988,"01",11,,,,1,,,,,111,,,,1,,,,,,,1,,,,,,,,,,,,,1,1,1,1,,,,,,,,,,,,,,2,1,293400302,,
2,28,134,1,4,1,452.6321,"01",1,,,,1,,,,,111,,,,,111,,,,,,,,,,,,,,,,1,,,0,,,,,,,,,,,,,,,,,2,1,293400402,,
2,28,134,1,5,1,13.9770985339988,"02",11,,,,5,,,,,111,,,1,,,,,,1,,,,,,,,,,,,,,,1,1,1,,,,,,,,,,,,,,,2,1,293400502,,
2,28,134,1,6,1,13.9770985339988,"01",11,,,,1,,,,,111,,,,,111,,,,,,,,,,,,,,,,1,,,0,,,,,,,,,,,,,,,,,1,1,293400602,,
2,28,134,1,7,1,452.6321,"01",1,,,,1,,,,,111,,,,,111,,,,,,,,,,,,,,,,1,,,1,1,1,,,,,,,,,,,,,,,1,1,293400702,,
2,28,134,1,8,1,13.9770985339988,"01",5,,,,1,,1,,,,,,,,111,,,1,,,,,,,,,,,,,,,,1,1,1,1,,,,,,,,,,,,,,3,1,293400802,,
2,28,134,1,9,1,13.9770985339988,"02",11,,,,1,,,,,111,,,,,111,,,,,,,,,,,,,,,,1,,,1,1,1,1,,,,,,,,,,,,,,2,1,293400902,,
2,28,134,1,11,1,452.6321,"03",1,,,,5,,,,,111,,,1,,,,,,,,1,,,,,,,,,,,,,1,1,1,1,,,1,,,,,,,,,,,3,1,293401102,,
2,28,134,1,12,1,452.6321,"01",1,,,,5,,1,,1,,,,,,111,,,1,,1,,,,,,,,,,,,,,1,1,1,1,,,1,,,,,,,,,,,3,1,293401202,,
2,28,134,1,13,1,452.6321,"01",1,,,,5,,1,,1,,,,,,111,,,1,,1,,,,,,,,,,,,,,1,1,1,1,,,,,,,,,,,,,,3,2,293401302,,
2,28,134,1,14,1,452.6321,"02",1,,,,4,,1,,,,,,,,111,,,1,,,,,,,,,,,,,,,,1,1,1,1,,,1,1,1,1,,,,,,,,3,1,293401402,,
2,28,134,1,15,1,452.6321,"02",1,,,,5,,,,,111,,,,,111,,,,,,,,,,,,,,,1,,,,1,1,1,,,1,1,,,,,1,,,,,,3,2,293401502,,
2,28,134,1,17,1,452.6321,"01",1,,,,5,,,,1,,,,,,111,,,,,1,,,,,,,,,,,,,,1,1,1,1,,,1,,,,,,,,,,,3,1,293401702,,
2,28,134,1,18,1,452.6321,"01",1,,,,4,,1,,,,,,,,111,,,1,,,,,,,,,,,,,,,,1,1,1,,,,,,,,,,,,,,,3,1,293401802,,
2,28,134,1,21,1,452.6321,"01",1,,,,4,,1,,,,,,,,111,,,1,,,,,,,,,,,,,,,,1,1,1,1,,,1,1,,,,,,,,,,3,2,293402102,,
2,28,134,1,22,1,452.6321,"01",1,,,,5,,,,1,,,,1,,,,,,,,,,,,,1,,,,,,,,0,,,,,,,,,,,,,,,,,3,1,293402202,,
3,31,135,2,1,3,69.0437322727273,"02",9,,0,0,1,,1,,,,,,,1,,,,,,,1,,,,,,,,,,,,,0,,,,,,,,,,,,,,,,1,3,1,323500103,,
3,31,135,2,2,3,69.0437322727273,"02",9,,0,0,1,,,,,111,,,1,,,,,,,,1,,,,,,,,,,,,,1,1,,1,,,,,,,,,,,,,2,3,1,323500203,,
3,31,135,2,3,3,69.0437322727273,"01",9,,0,0,5,,,,1,,,,,,111,,,,,,,,,,,,,,1,,,,,1,1,1,1,,,,,,,,,,,,,1,3,1,323500303,,
3,31,135,2,4,3,69.0437322727273,"02",11,,0,0,1,,,,,111,,,,,111,,,,,,,,,,,,,,1,,,,,0,,,,,,,,,,,,,,,,2,1,1,323500403,,
3,31,135,2,5,3,69.0437322727273,"01",5,,0,0,1,,,,1,,,,,,111,,,,,,,,,,,,,,,,,555,2,1,1,1,1,,,,,,,,,1,,,,2,3,1,323500503,,
3,31,135,2,7,3,69.0437322727273,"01",6,,0,0,1,,,,1,,,,,,111,,,,,,,,,,,,,,,,1,,,0,,,,,,,,,,,,,,,,2,1,1,323500703,,
3,31,135,2,8,3,34.13398,"02",1,,0,0,1,,,,1,,,,,1,,,,,,,,,,,,1,,,,,,,,1,1,1,1,,,1,,,,,,1,,,,1,2,1,323500803,,
3,31,135,2,9,3,69.0437322727273,"01",8,,0,0,1,,,1,,,,,1,,,,,,,,1,,,,,,,,,,,,,1,1,1,1,,,,,,,,,1,,,,2,2,1,323500903,,
3,31,135,2,10,3,34.13398,"01",1,,0,0,1,,,,1,,,,,1,,,,,,1,,,,,,,,,,,,,,1,1,1,1,,,,,,1,,1,1,,,,2,3,1,323501003,,
3,31,135,2,11,3,69.0437322727273,"02",11,,0,1,1,,,,,111,,,,,111,,,,,,,,,,,,,,,,1,,,1,1,1,1,,,,,,,,,1,,,,1,1,1,323501103,,
3,31,135,2,12,3,34.13398,"01",1,,0,0,1,,1,,,,,,1,,,,,1,,,,,,,,,,,,,,,,1,1,1,,,,,,,,,,,,,,2,3,1,323501203,,
3,31,135,2,13,3,69.0437322727273,"02",11,,0,0,1,,,,,111,,,1,,,,,,,,1,,,,,,,,,,,,,1,1,1,1,,,,,,,,,1,,,,2,3,1,323501303,,
3,31,135,2,14,3,34.13398,"02",1,,0,0,1,,,,1,,,,,,111,,,,,,,,,,,,,,,,1,,,1,1,1,1,,,,,,,,,,,,,2,1,1,323501403,,
3,31,135,2,15,3,69.0437322727273,"02",9,,0,1,1,,,,1,,,,1,,,,,,,,,,,,,,,,1,,,,,1,1,1,1,,,,,,,,,,,,,1,2,1,323501503,,
3,31,135,2,16,3,69.0437322727273,"01",9,,0,0,1,,,,,111,,,,,111,,,,,,,,,,,,,,1,,,,,0,,,,,,,,,,,,,,,,2,1,1,323501603,,
3,31,135,2,17,3,34.13398,"01",1,,0,0,5,,1,,,,,,1,,,,,1,,,,,,,,,,,,,,,,1,1,1,,,,,,,,,,,,,,2,2,1,323501703,,
3,31,135,2,18,3,34.13398,"01",1,,0,0,1,,,,,111,,,,,111,,,,,,,,,,,,,,,,1,,,1,1,1,,,,,,,,,,,,,,1,2,1,323501803,,
3,31,135,2,19,3,69.0437322727273,"01",11,,0,0,5,,1,,,,,,,,111,,,1,,,,,,,,,,,,,,,,1,1,1,,,,,,,,,,,,,,2,3,1,323501903,,
3,31,136,2,1,3,55.98943,"01",9,,0,1,1,,,,,111,,,,1,,,,,,,,,,,,,,,,,1,,,1,1,1,1,,,,,,,,,1,,,,2,2,1,323600103,,
3,31,136,2,2,3,55.98943,"02",11,,0,0,1,,1,,,,,,,,111,,,,,,,,,,,,,,,,1,,,1,0,,,,,,,,,,,,,,,2,2,1,323600203,,
3,31,136,2,3,3,55.98943,"02",9,,0,0,1,,,,,111,,,1,,,,,,,,1,,,,,,,,,,,,,1,1,1,1,,,,,,,,,,,,,1,2,1,323600303,,
3,31,136,2,4,3,55.98943,"01",11,,0,0,1,,,,,111,,,1,,,,,,,,,,,,,,,,,,1,,,0,,,,,,,,,,,,,,,,2,2,1,323600403,,
3,31,136,2,5,3,55.98943,"01",11,,0,0,1,,,,,111,,,,,111,,,,,,,,,,,,,,,,1,,,0,,,,,,,,,,,,,,,,2,1,1,323600503,,
3,31,136,2,6,3,55.98943,"02",11,,0,0,1,,1,,,,,,,,111,,,,,,,,,,,1,,,,,,,,1,1,1,,,,,,,,,,,,,,2,2,1,323600603,,
3,31,136,2,7,3,55.98943,"01",5,,0,0,1,,,,,111,,,,1,,,,,,,1,,,,,,,,,,,,,1,1,1,1,,,,,,,,,,,,,2,2,1,323600703,,
3,31,136,2,8,3,55.98943,"02",9,,0,0,1,,1,,,,,,,,111,,,1,,,,,,,,,,,,,,,,1,1,1,1,,,,,,,,,,,,,1,2,1,323600803,,
3,31,136,2,9,3,55.98943,"02",8,,1,0,1,,,,,111,,,,1,,,,,,,1,,,,,,,,,,,,,1,1,1,1,,,,,,,,,1,,,,1,2,1,323600903,,
3,31,136,2,10,3,55.98943,"01",11,,0,0,1,,,,,111,,,,,111,,,,,,,,,,,,,,,,1,,,0,,,,,,,,,,,,,,,,1,2,1,323601003,,
3,31,136,2,11,3,55.98943,"01",11,,0,0,1,,,,,111,,,,,111,,,,,,,,,,,,,,,,1,,,0,,,,,,,,,,,,,,,,2,2,1,323601103,,
3,31,136,2,12,3,55.98943,"01",11,,0,0,1,,,,,111,,,,,111,,,,,,,,,,,,,,,,1,,,1,1,1,1,,,,,,,,,,,,,2,2,1,323601203,,
3,31,136,2,13,3,55.98943,"01",11,,0,0,5,,,,,111,,,,,111,,,,,,,,,,,,,,,,1,,,1,1,1,,,,,,,,,,,,,,2,2,1,323601303,,
3,31,136,2,14,3,55.98943,"01",9,,0,0,1,,,,,111,,,1,,,,,,,,,,,,,,,,1,,,,,1,1,1,1,,,,,,,,,,,,,1,2,1,323601403,,
3,31,136,2,15,3,55.98943,"01",11,,1,0,5,,,,,111,,,,1,,,,,,,1,,,,,,,,,,,,,1,1,1,1,,,,,,,,,1,,,,1,2,1,323601503,,
3,31,136,2,17,3,55.98943,"01",11,,0,0,1,,,,,111,,,1,,,,,,,,1,,,,,,,,,,,,,1,1,1,,,,,,,,,,,,,,1,2,1,323601703,,
3,31,136,2,18,3,55.98943,"01",5,,0,0,1,,,,,111,,,,1,,,,,,,1,,,,,,,,,,,,,1,1,1,1,,,,,,,,,1,,,,1,2,1,323601803,,
3,31,136,2,19,3,55.98943,"02",11,,0,0,1,,,,,111,,,,,111,,,,,,,,,,,,,,1,,,,,1,1,1,1,,,,,,,,,,,,,2,2,1,323601903,,
3,31,137,1,1,1,185.2749,"02",1,,,,5,,1,,,,,,1,,,,,1,,,,,,,,,,,,,,,,1,1,1,1,,,,,,,,,,,,,,2,1,323700103,,
3,31,137,1,2,1,185.2749,"01",1,,,,5,,,,,111,,,,,111,,,,,,,,,,,,,,,,1,,,1,1,1,1,,,1,,,1,,,,,,,,2,1,323700203,,
3,31,137,1,3,1,185.2749,"02",1,,,,4,,1,,,,,,,,111,,,1,,,,,,,,,,,,,,,,1,1,1,1,,,1,,,1,,,,,,,,3,1,323700303,,
3,31,137,1,4,1,185.2749,"01",1,,,,5,,,,,111,,,,,111,,,,,,,,,,,,,1,1,,,,,1,1,1,1,,,,,,,,,,,,,,3,2,323700403,,
3,31,137,1,5,1,185.2749,"01",1,,,,5,,,,,111,,,1,,,,,,,,1,,,,,,,,,,,,,1,1,,1,,,,,,,,,,,,,,2,1,323700503,,
3,31,137,1,6,1,185.2749,"03",1,,,,5,,1,,,,,,1,,,,,1,,,,,,,,,,,,,,,,1,1,1,1,,,,,,,,,,,,,,2,1,323700603,,
3,31,137,1,7,1,185.2749,"02",1,,,,5,,,,,111,,,1,,,,,,,,,,,,,,,,1,,,,,1,1,1,1,,,,,,,,,,,,,,2,1,323700703,,
3,31,137,1,8,1,185.2749,"02",1,,,,5,,1,,,,,,1,1,,,,1,,,1,,,,,,,,,,,,,1,1,1,1,,,1,1,1,1,,1,,,,,,3,2,323700803,,
3,31,137,1,9,1,185.2749,"02",1,,,,5,,1,,,,,,1,,,,,1,,,,,,,,,,,,,,,,1,1,1,1,,,,1,,,1,,,,,,,888,2,323700903,,
3,31,137,1,10,1,185.2749,"02",1,,,,5,,1,,,,,,1,,,,,,,,1,,,,,,,,,,,,,1,1,1,1,,,1,1,1,1,1,,,,,,,3,2,323701003,,
3,31,137,1,11,1,185.2749,"01",1,,,,5,,,,,111,,,,1,,,,,,,1,,,,,,,,,,,,,1,1,1,1,,,1,,,,,,,,,,,3,2,323701103,,
3,31,137,1,12,1,185.2749,"01",1,,,,5,,1,,,,,,,,111,,,1,,,,,,,,,,,,,,,,1,1,1,1,,,1,1,,,,,,,,,,3,1,323701203,,
3,31,137,1,13,1,185.2749,"01",1,,,,5,,1,,,,,,1,,,,,1,,,,,,,,,,,,,,,,1,1,1,1,,,,,,,,,,,,,,3,2,323701303,,
3,31,137,1,14,1,185.2749,"01",1,,,,5,,,,,111,,,,,111,,,,,,,,,,,,,,,,,,,0,,,,,,,,,,,,,,,,,2,2,323701403,,
3,31,137,1,15,1,185.2749,"02",1,,,,5,,,,,111,,,,,111,,,,,,,,,,,,,,,,1,,,1,1,1,1,,,,,,,,,,,,,,3,1,323701503,,
3,31,137,1,16,1,185.2749,"02",1,,,,4,,1,,1,,,,1,,,,,,,1,,,,,,,,,,,,,,1,1,1,1,,,,,,,,,1,1,,,,3,1,323701603,,
3,31,137,1,17,1,185.2749,"01",1,,,,5,,1,,,,,,,,111,,,1,,,,,,,,,,,,,,,,1,1,1,1,,,,,,1,,1,,,,,,3,2,323701703,,
3,31,137,1,18,1,185.2749,"02",1,,,,5,,,,1,,,,1,,,,,,,,1,,,,,,,,,,,,,1,1,1,1,,,,,,1,,,,,,,,3,2,323701803,,
3,31,138,2,1,3,67.64816,"01",11,,0,0,5,,,,1,,,,,1,,,,,,,1,,,,,,,,,,,,,1,1,1,1,,,,,,,,,,,,,2,3,1,323800103,,
3,31,138,2,2,3,67.64816,"01",11,,0,0,1,,,,,111,,,,,111,,,,,,,,,,,,,,,,1,,,1,1,1,,,,,,,,,,,,,,1,2,1,323800203,,
3,31,138,2,3,3,67.64816,"01",11,,0,0,1,,,,1,,,,,,111,,,,,,,,,,,,,,,,1,,,0,,,,,,,,,,,,,,,,2,1,1,323800303,,
3,31,138,2,4,3,67.64816,"02",11,,0,0,1,,,,,111,,,1,,,,,,,,1,,,,,,,,,,,,,0,,,,,,,,,,,,,,,,2,2,4,323800403,,
3,31,138,2,5,3,67.64816,"01",11,,0,0,1,,,,,111,,,,1,,,,,,,1,,,,,,,,,,,,,1,0,,,,,,,,,,,,,,,2,3,1,323800503,,
3,31,138,2,6,3,67.64816,"02",11,,0,0,1,,,,,111,,,,,111,,,,,,,,,,,,,,,,1,,,0,,,,,,,,,,,,,,,,1,3,1,323800603,,
3,31,138,2,7,3,67.64816,"01",11,,0,0,1,,,,,111,,,1,,,,,,,,1,,,,,,,,,,,,,0,,,,,,,,,,,,,,,,2,1,1,323800703,,
3,31,138,2,9,3,67.64816,"02",9,,0,0,1,,,,,111,,,1,,,,,,,,1,,,,,,,,,,,,,1,0,,,,,,,,,,,,,,,2,3,1,323800903,,
3,31,138,2,10,3,67.64816,"01",11,,0,0,1,,,,,111,,,,,111,,,,,,,,,,,,,,,,1,,,0,,,,,,,,,,,,,,,,1,2,1,323801003,,
3,31,138,2,11,3,67.64816,"02",11,,0,0,1,,,,,111,,,,,111,,,,,,,,,,,,,,,,1,,,0,,,,,,,,,,,,,,,,1,3,1,323801103,,
3,31,138,2,12,3,67.64816,"01",11,,0,0,1,,,,,111,,,1,,,,,,,,,,,,,,,,,,1,,,0,,,,,,,,,,,,,,,,1,3,1,323801203,,
3,31,138,2,13,3,67.64816,"01",11,,0,0,1,,,,1,,,,,1,,,,,,,1,,,,,,,,,,,,,0,,,,,,,,,,,,,,,,2,3,1,323801303,,
3,31,138,2,14,3,67.64816,"01",11,,0,0,1,,,,,111,,,,,111,,,,,,,,,,,,,,,,1,,,1,0,,,,,,,,,,,,,,,2,3,1,323801403,,
3,31,138,2,15,3,67.64816,"01",11,,0,0,1,,,,,111,,,1,,,,,,,,,,,,,,,,,,1,,,1,1,1,,,,,,,,,,,,,,1,3,1,323801503,,
3,31,138,2,16,3,67.64816,"01",9,,0,0,1,,,,1,,,,1,,,,,,,,1,,,,,,,,,,,,,0,,,,,,,,,,,,,,,,1,1,1,323801603,,
3,31,138,2,17,3,67.64816,"01",9,,0,0,1,,,,,111,,,,1,,,,,,,1,,,,,,,,,,,,,1,1,1,1,,,,,,,,,,,,,1,1,1,323801703,,
3,31,138,2,18,3,67.64816,"02",9,,0,0,1,,,,,111,,,,,111,,,,,,,,,,,,,,,,1,,,1,1,1,,,,,,,,,,,,,,1,3,1,323801803,,
3,31,138,2,19,3,67.64816,"02",9,,0,0,1,,,,1,,,,1,,,,,,,,1,,,,,,,,,,,,,1,0,,,,,,,,,,,,,,,2,3,1,323801903,,
3,31,139,2,1,3,24.5736306818182,"01",11,,0,0,1,,,,,111,,,,,111,,,,,,,,,,,,,,1,,,,,0,,,,,,,,,,,,,,,,2,1,1,323900103,,
3,31,139,2,2,3,24.5736306818182,"01",11,,0,0,1,,,,,111,,,,,111,,,,,,,,,,,,,,1,,,,,1,0,,,,,,,,,,,,,,,2,3,1,323900203,,
3,31,139,2,3,3,24.5736306818182,"01",11,,0,0,1,,,,,111,,,,,111,,,,,,,,,,,,,1,1,,,,,1,0,,,,,,,,,,,,,,,2,2,1,323900303,,
3,31,139,2,4,3,24.5736306818182,"01",11,,0,0,1,,,,,111,,,,,111,,,,,,,,,,,,,1,,,,,,0,,,,,,,,,,,,,,,,1,3,1,323900403,,
3,31,139,2,5,3,24.5736306818182,"01",9,,0,0,1,,,,1,,,,,,111,,,,,,,,,,,,,1,,,,,,0,,,,,,,,,,,,,,,,1,3,1,323900503,,
3,31,139,2,6,3,24.5736306818182,"01",11,,0,0,1,,,,,111,,,,,111,,,,,,,,,,,,,,,,1,,,1,0,,,,,,,,,,,,,,,1,3,1,323900603,,
3,31,139,2,7,3,24.5736306818182,"01",9,,0,0,1,,,1,,,,,,,111,,,,1,,,,,,,,,,,,,,,1,0,,,,,,,,,,,,,,,2,1,1,323900703,,
3,31,139,2,8,3,24.5736306818182,"01",11,,0,0,1,,,,,111,,,1,,,,,,,,,,,,,,,,,,1,,,0,,,,,,,,,,,,,,,,1,2,1,323900803,,
3,31,139,2,9,3,24.5736306818182,"01",9,,0,0,1,,,,,111,,,,,111,,,,,,,,,,,,,,,,1,,,0,,,,,,,,,,,,,,,,1,3,1,323900903,,
3,31,139,2,10,3,24.5736306818182,"01",11,,0,0,1,,,,,111,,,,,111,,,,,,,,,,,,,,,,1,,,0,,,,,,,,,,,,,,,,1,2,1,323901003,,
3,31,139,2,11,3,24.5736306818182,"01",9,,0,0,1,,,,,111,,,,,111,,,,,,,,,,,,,,,,1,,,0,,,,,,,,,,,,,,,,1,2,1,323901103,,
3,31,139,2,12,3,24.5736306818182,"01",11,,0,0,1,,,1,,,,,,,111,,,,,,,,,,,,,,,,1,,,1,1,,1,,,,,,,,,,,,,1,2,1,323901203,,
3,31,139,2,13,3,24.5736306818182,"02",11,,0,0,1,,,,,111,,,,,111,,,,,,,,,,,,,,,,1,,,1,1,1,1,,,,,,,,,,,,,1,2,1,323901303,,
3,31,139,2,14,3,288.3306,"01",1,,0,0,5,,,,,111,,,,,111,,,,,,,,,,,,,,,,1,,,0,,,,,,,,,,,,,,,,1,3,1,323901403,,
3,31,139,2,15,3,288.3306,"01",1,,0,0,1,,,,,111,,,1,,,,,,,,,,,,,,,,,,1,,,1,1,1,1,,,,,,1,1,,,,,,2,3,1,323901503,,
3,31,139,2,16,3,24.5736306818182,"02",13,12,0,0,1,,1,,,,,,1,,,,,,,,,,,,,1,,,,,,,,1,1,1,1,,,,,,,,,1,,,,2,3,1,323901603,,
3,31,139,2,17,3,24.5736306818182,"01",11,,0,0,1,,,,,111,,,,,111,,,,,,,,,,,,,,,,1,,,1,1,1,1,,,,,,,,,,,,,2,2,1,323901703,,
3,31,139,2,18,3,24.5736306818182,"01",11,,0,0,1,,,,,111,,,,,111,,,,,,,,,,,,,,,,1,,,0,,,,,,,,,,,,,,,,2,1,1,323901803,,
3,31,140,2,1,3,84.8561658385093,"02",9,,0,0,1,,,,,111,,,,,111,,,,,,,,,,,,,,1,,,,,0,,,,,,,,,,,,,,,,2,2,1,324000103,,
3,31,140,2,2,3,84.8561658385093,"01",11,,0,0,1,,,,,111,,,,,111,,,,,,,,,,,,,,,,1,,,1,1,1,1,,,,,,,,,,,,,2,888,2,324000203,,
3,31,140,2,3,3,74.1484,"01",1,,0,0,1,,,,,111,,,,,111,,,,,,,,,,,,,,,,1,,,0,,,,,,,,,,,,,,,,2,2,1,324000303,,
3,31,140,2,4,3,84.8561658385093,"01",11,,0,0,1,,,,,111,,,,,111,,,,,,,,,,,,,,,,1,,,0,,,,,,,,,,,,,,,,2,3,1,324000403,,
3,31,140,2,5,3,74.1484,"01",1,,0,0,1,,,,,111,,,1,,,,,,,,,,,,,,,,,,1,,,1,1,1,1,,,,,,,,,,,,,1,1,1,324000503,,
3,31,140,2,6,3,74.1484,"01",1,,0,0,1,,,,,111,,,1,,,,,,,,,,,,,,,,,,1,,,0,,,,,,,,,,,,,,,,1,2,1,324000603,,
3,31,140,2,7,3,84.8561658385093,"01",11,,0,0,1,,,,1,,,,,1,,,,,,,,,,,,,,,,,1,,,1,1,1,1,,,,,,,,,,,,,1,1,1,324000703,,
3,31,140,2,8,3,74.1484,"01",1,,0,0,1,,,,,111,,,,,111,,,,,,,,,,,,,,,,1,,,0,,,,,,,,,,,,,,,,2,2,1,324000803,,
3,31,140,2,9,3,74.1484,"02",1,,0,0,1,,,,,111,,,,,111,,,,,,,,,,,,,,,,1,,,1,0,,,,,,,,,,,,,,,2,2,1,324000903,,
3,31,140,2,10,3,74.1484,"01",1,,0,0,1,,,,,111,,,,,111,,,,,,,,,,,,,,,,1,,,0,,,,,,,,,,,,,,,,1,1,1,324001003,,
3,31,140,2,11,3,74.1484,"02",1,,0,0,1,,,,1,,,,1,,,,,,,,1,,,,,,,,,,,,,1,0,,,,,,,,,,,,,,,2,1,1,324001103,,
3,31,140,2,12,3,74.1484,"01",1,,0,2,1,,,,,111,,,,,111,,,,,,,,,,,,,,,,1,,,1,0,,,,,,,,,,,,,,,1,2,1,324001203,,
3,31,140,2,13,3,84.8561658385093,"02",11,,0,0,1,,,,,111,,,,1,,,,,,,1,,,,,,,,,,,,,0,,,,,,,,,,,,,,,,1,3,1,324001303,,
3,31,140,2,14,3,84.8561658385093,"02",11,,0,0,1,,,,1,,,,1,,,,,,,,1,,,,,,,,,,,,,0,,,,,,,,,,,,,,,,1,1,1,324001403,,
3,31,140,2,15,3,84.8561658385093,"01",11,,0,0,1,,,,,111,,,1,,,,,,,,,,,,,,,,,,1,,,0,,,,,,,,,,,,,,,,1,3,1,324001503,,
3,31,140,2,16,3,74.1484,"01",1,,0,0,1,,,,1,,,,1,,,,,,,,1,,,,,,,,,,,,,1,1,1,1,,,,,,,,,,,,,1,1,1,324001603,,
3,31,140,2,17,3,74.1484,"01",1,,0,0,5,,,,,111,,,1,,,,,,,,,,,,,,,,,,1,,,0,,,,,,,,,,,,,,,,1,3,1,324001703,,
3,31,140,2,18,3,74.1484,"01",1,,0,0,1,,,,,111,,,,1,,,,,,,1,,,,,,,,,,,,,0,,,,,,,,,,,,,,,,1,2,1,324001803,,
3,31,141,2,1,3,65.05402,"01",11,,0,0,1,,,,,111,,,,,111,,,,,,,,,,,,,,,,1,,,0,,,,,,,,,,,,,,,,2,2,1,324100103,,
3,31,141,2,2,3,65.05402,"01",11,,0,0,1,,,,,111,,,1,,,,,,,,,,,,,,,,,,1,,,1,1,1,,,,,,,,,,,,,,2,2,1,324100203,,
3,31,141,2,3,3,65.05402,"01",11,,0,0,1,,,,,111,,,,,111,,,,,,,,,,,,,,,,1,,,0,,,,,,,,,,,,,,,,2,2,1,324100303,,
3,31,141,2,4,3,65.05402,"01",11,,0,0,1,,,,,111,,,,,111,,,,,,,,,,,,,,,,1,,,0,,,,,,,,,,,,,,,,2,2,1,324100403,,
3,31,141,2,5,3,65.05402,"01",11,,0,0,1,,,,,,,,1,,,,,,,,,,,,,,,,,,1,,,1,1,1,,,,,,,,,,,,,,1,3,1,324100503,,
3,31,141,2,6,3,65.05402,"01",11,,0,0,1,,,,,111,,,,,111,,,,,,,,,,,,,,,,1,,,0,,,,,,,,,,,,,,,,1,3,1,324100603,,
3,31,141,2,8,3,65.05402,"01",11,,0,0,1,,,,,111,,,1,1,,,,,,,,,,,,,,,,,1,,,1,1,1,,,,,,,,,,,,,,1,3,1,324100803,,
3,31,141,2,9,3,65.05402,"01",11,,0,0,1,,,,,111,,,,,111,,,,,,,,,,,,,,,,1,,,1,1,1,1,,,,,,,,,,,,,1,3,1,324100903,,
3,31,141,2,10,3,65.05402,"01",11,,0,0,1,,,,,111,,,,,111,,,,,,,,,,,,,,,,1,,,0,,,,,,,,,,,,,,,,2,3,1,324101003,,
3,31,141,2,11,3,65.05402,"01",11,,0,0,1,,,,,111,,,,,111,,,,,,,,,,,,,,,,1,,,0,,,,,,,,,,,,,,,,2,2,1,324101103,,
3,31,141,2,12,3,65.05402,"01",11,,0,0,1,,,,,111,,,,1,,,,,,,1,,,,,,,,,,,,,0,,,,,,,,,,,,,,,,2,1,1,324101203,,
3,31,141,2,13,3,65.05402,"01",11,,0,0,1,,,,,,,,1,,,,,,,,1,,,,,,,,,,,,,1,1,1,1,,,,,,,,,,,,,1,1,1,324101303,,
3,31,141,2,14,3,65.05402,"02",9,,0,0,1,,,,1,,,,1,,,,,,,,1,,,,,,,,,,,,,0,,,,,,,,,,,,,,,,1,3,1,324101403,,
3,31,141,2,15,3,65.05402,"01",9,,0,0,5,,1,,1,,,,1,,,,,,,1,,,,,,,,,,,,,,1,1,1,1,,,,,,,,1,1,,,,1,3,1,324101503,,
3,31,141,2,16,3,65.05402,"01",9,,0,0,1,,,,1,,,,1,,,,,,,,1,,,,,,,,,,,,,1,1,1,1,,,,,,,,,,,,,1,1,1,324101603,,
3,31,141,2,17,3,65.05402,"01",9,,1,0,1,,,,,111,,,1,,,,,,,,1,,,,,,,,,,,,,1,0,,,,,,,,,,,,,,,1,1,1,324101703,,
3,31,141,2,18,3,65.05402,"02",9,,1,0,1,,,,1,,,,1,,,,,,,,1,,,,,,,,,,,,,1,1,1,1,,,,,,,,,,,,,1,3,1,324101803,,
3,31,141,2,19,3,65.05402,"01",11,,0,0,1,,,,,111,,,,1,,,,,,,1,,,,,,,,,,,,,0,,,,,,,,,,,,,,,,1,2,1,324101903,,
3,31,142,2,1,3,75.33537,"01",1,,0,0,1,,,,,111,,,,,111,,,,,,,,,,,,,,,,1,,,1,1,1,,,,,,,,,,,,,,2,2,1,324200103,,
3,31,142,2,2,3,75.33537,"02",1,,0,0,1,,1,,,,,,,,111,,,,,,,,,,,1,,,,,,,,1,1,1,1,,,,,,1,,,,,,,2,3,1,324200203,,
3,31,142,2,3,3,56.9154581043956,"01",9,,0,0,1,,,,,111,,,,,111,,,,,,,,,,,,,,,,1,,,0,,,,,,,,,,,,,,,,2,1,1,324200303,,
3,31,142,2,4,3,56.9154581043956,"01",11,,0,0,1,,,,,111,,,,,111,,,,,,,,,,,,,,,,1,,,1,1,1,1,,,,,,1,,,,,,,1,3,1,324200403,,
3,31,142,2,5,3,56.9154581043956,"01",5,,0,0,1,,,,,111,,,,,111,,,,,,,,,,,,,,,,1,,,0,,,,,,,,,,,,,,,,2,2,1,324200503,,
3,31,142,2,6,3,56.9154581043956,"02",13,8,0,0,1,,,,,111,,,,,111,,,,,,,,,,,,,,,,1,,,0,,,,,,,,,,,,,,,,2,888,5,324200603,,
3,31,142,2,7,3,56.9154581043956,"01",9,,0,0,1,,,,,111,,,,,111,,,,,,,,,,,,,,,,1,,,0,,,,,,,,,,,,,,,,2,2,2,324200703,,
3,31,142,2,8,3,75.33537,"02",1,,0,0,1,,,,,111,,,,,111,,,,,,,,,,,,,,,,1,,,1,1,1,1,,,,,,1,,,,,,,2,1,2,324200803,,
3,31,142,2,9,3,75.33537,"01",1,,1,0,5,,,,,111,,,,,111,,,,,,,,,,,1,,,,,,,,1,1,1,1,,,,,,1,1,1,,,,,1,3,1,324200903,,
3,31,142,2,10,3,75.33537,"01",1,,0,0,1,,,,,111,,,,,111,,,,,,,,,,,,,1,1,,,,,0,,,,,,,,,,,,,,,,2,1,1,324201003,,
3,31,142,2,11,3,75.33537,"02",1,,0,1,1,,1,,,,,,1,,,,,,,,,,,,,1,,,,,,,,1,1,1,1,,,,1,,,,,,,,,1,1,1,324201103,,
3,31,142,2,12,3,75.33537,"01",1,,0,0,1,,,,1,,,,1,,,,,,,,,,,,,1,,,,,,,,1,1,,1,,,,,,,,,,,,,2,3,1,324201203,,
3,31,142,2,13,3,75.33537,"01",1,,1,1,5,,1,,,,,,,,111,,,1,,,,,,,,,,,,,,,,1,1,1,1,,,,1,,1,,,,,,,1,3,1,324201303,,
3,31,142,2,14,3,56.9154581043956,"02",11,,0,0,1,,,,,111,,,,,111,,,,,,,,,,,,,,1,,,,,1,0,,,,,,,,,,,,,,,2,2,2,324201403,,
3,31,142,2,15,3,75.33537,"01",1,,0,0,1,,1,,,,,,1,,,,,1,,,,,,,,,,,,,,,,1,0,,,,,,,,,,,,,,,1,3,1,324201503,,
3,31,142,2,16,3,56.9154581043956,"01",9,,0,0,1,,,,,111,,,,,111,,,,,,,,,,,,,,,,1,,,1,1,1,1,,,,,,1,,,,,,,2,3,1,324201603,,
3,31,142,2,17,3,75.33537,"01",1,,0,1,5,,,1,,,,,1,,,,,,,,,,,,,1,,,,,,,,1,1,1,1,,,,,,1,,,,,,,1,2,1,324201703,,
3,31,142,2,18,3,75.33537,"02",1,,1,1,5,,1,,,,,,,,111,,,,,,,,,,,1,,,,,,,,1,1,1,1,,,1,,,1,,,,,,,1,2,1,324201803,,
3,31,143,2,1,1,544.3873,"01",1,,0,0,1,,,,1,,,,1,,,,,,,,1,,,,,,,,,,,,,1,0,,,,,,,,,,,,,,,1,2,1,324300103,,
3,31,143,2,2,1,544.3873,"01",1,,0,0,1,,,,,111,,,,,111,,,,,,,,,,,,,,,,1,,,1,1,1,1,,,,,,,,,,,,,1,2,1,324300203,,
3,31,143,2,3,1,2033.97452747253,"01",11,,0,0,1,,,,,111,,,,,111,,,,,,,,,,,,,,,,1,,,0,,,,,,,,,,,,,,,,1,3,1,324300303,,
3,31,143,2,4,1,2033.97452747253,"02",9,,0,0,4,,,,,111,,,,,111,,,,,,,,,,,,,,,,1,,,1,0,,,,,,,,,,,,,,,1,2,1,324300403,,
3,31,143,2,5,1,544.3873,"02",1,,0,0,1,,,,,111,,,1,,,,,,,,1,,,,,,,,,,,,,1,1,1,1,,,,,,,,,,,,,2,3,4,324300503,,
3,31,143,2,6,1,544.3873,"02",1,,0,0,4,,,,1,,,,1,,,,,,,,1,,,,,,,,,,,,,1,1,1,1,,,,,,,,,,,,,1,3,1,324300603,,
3,31,143,2,7,1,2033.97452747253,"01",13,1,0,0,1,,,,,111,,,,,111,,,,,,,,,,,,,,,,1,,,0,,,,,,,,,,,,,,,,2,1,1,324300703,,
3,31,143,2,8,1,2033.97452747253,"01",11,,0,0,1,,,,,111,,,,,111,,,,,,,,,,,,,,,,1,,,0,,,,,,,,,,,,,,,,1,3,1,324300803,,
3,31,143,2,9,1,2033.97452747253,"01",11,,0,0,1,,,,,111,,,,,111,,,,,,,,,,,,,,,,1,,,0,,,,,,,,,,,,,,,,2,3,1,324300903,,
3,31,143,2,10,1,2033.97452747253,"01",11,,0,0,1,,,,,111,,,,,111,,,,,,,,,,,,,,,,1,,,1,1,1,,,,,,,,,,,,,,1,2,1,324301003,,
3,31,143,2,11,1,2033.97452747253,"02",11,,0,0,1,,,,,111,,,,,111,,,,,,,,,,,,,,,,1,,,1,0,,,,,,,,,,,,,,,1,3,1,324301103,,
3,31,143,2,12,1,2033.97452747253,"02",11,,0,0,1,,,,1,,,,,1,,,,,,,1,,,,,,,,,,,,,1,1,1,,,,,,,1,1,,,,,,2,2,1,324301203,,
3,31,143,2,13,1,544.3873,"01",1,,0,0,5,,,,,111,,,1,,,,,,,,,,,,,,,,,,1,,,1,1,1,1,,,,,,,,,,,,,1,3,1,324301303,,
3,31,143,2,14,1,2033.97452747253,"01",11,,0,0,1,,,,,111,,,1,,,,,,,,,,,,,,,,,,1,,,1,1,1,,,,,,,,,,,,,,2,3,1,324301403,,
3,31,143,2,15,1,2033.97452747253,"02",11,,0,0,1,,,,,111,,,,,111,,,,,,,,,,,,,,,,1,,,0,,,,,,,,,,,,,,,,2,1,1,324301503,,
3,31,143,2,16,1,2033.97452747253,"01",11,,0,0,1,,,,,111,,,1,,,,,,,,,,,,,,,,,,1,,,1,1,1,,,,,,,,,,,,,,2,2,4,324301603,,
3,31,143,2,17,1,2033.97452747253,"01",11,,0,0,1,,,,,111,,,1,,,,,,,,,,,,,,,,,,1,,,0,,,,,,,,,,,,,,,,2,2,2,324301703,,
3,31,143,2,18,1,2033.97452747253,"01",11,,0,0,1,,,,,111,,,1,,,,,,,,,,,,,,,,,,1,,,0,,,,,,,,,,,,,,,,1,2,1,324301803,,
3,31,144,2,1,3,68.90636,"02",1,,0,0,1,,,1,,,,,,,111,,,,,,,,,,,1,,,,,,,,1,1,1,1,,,1,,,1,,,,,,,2,3,1,324400103,,
3,31,144,2,2,3,85.5889524210526,"01",13,7,0,0,1,,,,,111,,,,,111,,,,,,,,,,,,,,,,1,,,0,,,,,,,,,,,,,,,,2,3,1,324400203,,
3,31,144,2,3,3,68.90636,"01",1,,1,0,5,,1,,,,,,,1,,,,1,,,,,,,,,,,1,,,,,1,1,1,1,,,,,,,,,,,,,1,3,1,324400303,,
3,31,144,2,4,3,85.5889524210526,"01",11,,0,0,1,,,,,111,,,,,111,,,,,,,,,,,,,,,,1,,,0,,,,,,,,,,,,,,,,2,1,1,324400403,,
3,31,144,2,5,3,68.90636,"01",1,,1,0,5,,,,,111,,,,,111,,,,,,,,,,,,,,,,1,,,1,1,1,1,,,1,,,1,,,,,,,1,3,1,324400503,,
3,31,144,2,6,3,68.90636,"01",1,,0,0,5,,,1,,,,,,,111,,,,,,,,,,,1,,,,,,,,1,1,1,1,,,1,,,1,,,,,,,1,3,1,324400603,,
3,31,144,2,7,3,85.5889524210526,"02",13,10,0,0,1,,1,,,,,,,1,,,,,,,,,,,,1,,,,,,,,1,1,1,1,,,,,,1,,,,,,,2,2,1,324400703,,
3,31,144,2,8,3,85.5889524210526,"01",9,,0,0,1,,,,,111,,,1,,111,,,,,,1,,,,,,,,1,,,,,1,0,,,,,,,,,,,,,,,2,3,1,324400803,,
3,31,144,2,9,3,85.5889524210526,"01",11,,0,0,1,,,,,111,,,,,111,,,,,,,,,,,,,1,1,,,,,1,1,1,,,,,,,,,,,,,,1,2,1,324400903,,
3,31,144,2,10,3,68.90636,"03",1,,1,1,5,,1,,,,,,,,111,,,1,,,,,,,,,,,,,,,,1,1,1,1,,,1,1,,1,,,,,,,1,3,1,324401003,,
3,31,144,2,11,3,68.90636,"02",1,,0,0,1,,1,,,,,,1,,,,,1,,,,,,,,,,,,,,,,1,1,1,1,,,,,,1,,,,,,,1,2,1,324401103,,
3,31,144,2,12,3,68.90636,"01",1,,0,0,1,,1,,,,,,1,,,,,,,,,,,,,1,,,,,,,,1,1,1,1,,,,,,,,,,,,,2,2,1,324401203,,
3,31,144,2,13,3,85.5889524210526,"01",11,,0,0,1,,,,,111,,,,,111,,,,,,,,,,,,,,,,1,,,0,,,,,,,,,,,,,,,,2,2,1,324401303,,
3,31,144,2,14,3,68.90636,"01",1,,0,0,5,,1,,,,,,1,,,,,1,,,,,,,,,,,,,,,,0,,,,,,,,,,,,,,,,1,3,1,324401403,,
3,31,144,2,15,3,68.90636,"01",1,,0,0,1,,,,,111,,,,1,,,,,,,,,,,,,,,1,,,,,1,1,1,1,,,,,,,,,,,,,1,3,1,324401503,,
3,31,144,2,16,3,85.5889524210526,"04",9,,0,0,1,,,,,111,,,,,111,,,,,,,,,,,,,,1,,,,,1,1,1,1,,,,,,1,,,,,,,1,1,1,324401603,,
3,31,144,2,17,3,85.5889524210526,"01",11,,0,0,5,,,,,111,,,1,,,,,,,,1,,,,,,,,1,,,,,1,0,,,,,,,,,,,,,,,2,1,1,324401703,,
3,31,144,2,18,3,85.5889524210526,"01",11,,0,0,1,,,,,111,,,,,111,,,,,,,,,,,,,,,,1,,,0,,,,,,,,,,,,,,,,2,3,1,324401803,,
3,31,145,2,1,1,1774.622,"01",1,,0,0,1,,,,,111,,,1,,,,,,,,,,,,,,,,,,1,,,1,1,1,,,,,,,,,,,,,,1,2,1,324500103,,
3,31,145,2,2,1,1774.622,"01",1,,0,0,1,,,,,111,,,,,111,,,,,,,,,,,,,,,,1,,,0,,,,,,,,,,,,,,,,1,3,1,324500203,,
3,31,145,2,3,1,1774.622,"02",1,,0,0,1,,,,,111,,,1,,,,,,,,,,,,,,,,,,1,,,1,1,1,1,,,,,,,,,,,,,1,3,1,324500303,,
3,31,145,2,4,1,697.684052419355,"01",11,,0,0,1,,,,,111,,,,,111,,,,,,,,,,,,,,,,1,,,0,,,,,,,,,,,,,,,,1,2,1,324500403,,
3,31,145,2,5,1,1774.622,"01",1,,0,0,1,,,,,111,,,,1,,,,,,,1,,,,,,,,,,,,,1,0,,,,,,,,,,,,,,,1,2,1,324500503,,
3,31,145,2,6,1,697.684052419355,"01",11,,0,0,1,,,,,111,,,,,111,,,,,,,,,,,,,,,,1,,,1,1,1,1,,,,,,,,,,,,,1,2,1,324500603,,
3,31,145,2,7,1,1774.622,"01",1,,0,0,1,,,,,111,,,,,111,,,,,,,,,,,,,,,,1,,,0,,,,,,,,,,,,,,,,1,2,1,324500703,,
3,31,145,2,8,1,697.684052419355,"02",11,,0,0,1,,,,,111,,,,,111,,,,,,,,,,,,,,,,1,,,1,0,,,,,,,,,,,,,,,1,2,1,324500803,,
3,31,145,2,9,1,1774.622,"01",1,,0,0,1,,,,,111,,,1,,,,,,,,1,,,,,,,,,,,,,1,1,1,1,,,,,,,,,,,,,1,2,1,324500903,,
3,31,145,2,10,1,1774.622,"02",1,,0,0,1,,,,,111,,,1,,,,,,,,1,,,,,,,,,,,,,0,,,,,,,,,,,,,,,,1,2,1,324501003,,
3,31,145,2,11,1,697.684052419355,"01",11,,0,0,1,,,,,111,,,1,,,,,,,,1,,,,,,,,,,,,,1,1,1,1,,,,,,,1,1,,,,,1,2,555,324501103,,
3,31,145,2,12,1,1774.622,"02",1,,0,0,1,,,,,111,,,1,,,,,,,,,,,,,,,,1,,,,,1,1,1,1,,,,,,,,,,,,,1,3,1,324501203,,
3,31,145,2,13,1,697.684052419355,"02",11,,0,0,1,,,,,111,,,1,,,,,,,,1,,,,,,,,,,,,,0,,,,,,,,,,,,,,,,1,3,1,324501303,,
3,31,145,2,14,1,1774.622,"01",1,,0,1,1,,1,,,,,,1,,,,,,,,1,,,,,,,1,1,,,,,1,1,,1,,,,,,,,,,,,,1,3,1,324501403,,
3,31,145,2,15,1,697.684052419355,"01",11,,0,0,1,,,,,111,,,,,111,,,,,,,,,,,,,,1,,,,,0,,,,,,,,,,,,,,,,2,3,1,324501503,,
3,31,145,2,16,1,697.684052419355,"02",11,,0,0,1,,,,,111,,,,,111,,,,,,,,,,,,,1,1,,,,,0,,,,,,,,,,,,,,,,1,2,1,324501603,,
3,31,145,2,17,1,1774.622,"01",1,,0,0,1,,,,,111,,,,1,,,,,,,1,,,,,,,,,,,,,0,,,,,,,,,,,,,,,,1,2,1,324501703,,
3,31,145,2,18,1,697.684052419355,"02",11,,0,0,1,,,,,111,,,1,,,,,,1,,,,,,,,,,,,,,,0,,,,,,,,,,,,,,,,1,3,1,324501803,,
3,31,146,1,1,1,19.6108301886792,"01",11,,,,1,,,,,111,,,,,111,,,,,,,,,,,,,,,,,,,0,,,,,,,,,,,,,,,,,1,1,324600103,,
3,31,146,1,2,1,19.6108301886792,"01",11,,,,1,,,,,111,,,1,,,,,,,,,,,,,,,,,,1,,,1,1,1,1,,,,,,,,,,,,,,1,1,324600203,,
3,31,146,1,3,1,19.6108301886792,"01",11,,,,1,,,,,111,,,1,,,,,,,,,,,,,,,,,,1,,,0,,,,,,,,,,,,,,,,,1,1,324600303,,
3,31,146,1,4,1,19.6108301886792,"01",10,,,,1,,,,,111,,,1,,,,,,,,1,,,,,,,,,,,,,1,0,,,,,,,,,,,,,,,,1,2,324600403,,
3,31,146,1,5,1,259.8435,"01",1,,,,1,,,,1,,,,1,,,,,,,,1,,,,,,,,,,,,,1,1,1,,,,,,,,,,,,,,,2,1,324600503,,
3,31,146,1,6,1,259.8435,"01",1,,,,5,,,,1,,,,,,111,,,,,1,,,,,,,,,,,,,,1,1,1,1,,,,,,,,,1,,,,,3,1,324600603,,
3,31,146,1,7,1,259.8435,"02",1,,,,1,,1,,,,,,1,,,,,,,,,,,,,,,,,,1,,,1,1,1,1,,,,,,,,,,,,,,2,1,324600703,,
3,31,146,1,8,1,259.8435,"01",1,,,,4,,,,1,,,,,1,,,,,,1,,,,,,,,,,,,,,1,1,1,1,,,1,1,,,,,,,,,,3,1,324600803,,
3,31,146,1,9,1,19.6108301886792,"02",11,,,,1,,,,,111,,,,,111,,,,,,,,,,,,,,,,1,,,0,,,,,,,,,,,,,,,,,2,2,324600903,,
3,31,146,1,10,1,259.8435,"02",1,,,,5,,1,,,,,,,1,,,,1,,,1,,,,,,,,,,,,,1,1,1,1,,,1,1,,,,,,,,,,3,1,324601003,,
3,31,146,1,11,1,259.8435,"01",1,,,,6,,,,,111,,,,,111,,,,,,,1,,,,,,,,,,,,1,1,1,1,,,1,,,,,,,,,,,3,1,324601103,,
3,31,146,1,12,1,259.8435,"01",1,,,,1,,,,1,,,,1,,,,,,,1,,,,,,,,,,,,,,1,1,1,,,,,,,,,,,,,,,3,1,324601203,,
3,31,146,1,13,1,259.8435,"01",1,,,,5,,1,,,,,,,,111,,,1,,,,,,,,,,,,,,,,1,1,1,1,,,1,,,1,,,,,,,,3,1,324601303,,
3,31,146,1,14,1,259.8435,"01",1,,,,5,,,,,111,,,,,111,,,,,,,,,,,,,,,,1,,,1,1,1,1,,,,,,,,,1,,,,,3,1,324601403,,
3,31,146,1,15,1,259.8435,"01",1,,,,5,,,,,111,,,1,,,,,,,,1,,,,,,,,,,,,,1,1,1,1,,,1,,,,,,,,,,,3,1,324601503,,
3,31,146,1,16,1,259.8435,"01",1,,,,5,,1,,,,,,,,111,,,1,,,,,,,,,,,,,,,,1,1,1,1,,,1,1,,1,,,,,,,,3,2,324601603,,
3,31,146,1,17,1,19.6108301886792,"01",11,,,,1,,,,,111,,,,,111,,,,,,,,,,,,,,1,,,,,1,1,1,,,,,,,,,,,,,,,2,1,324601703,,
3,31,146,1,18,1,259.8435,"01",1,,,,5,,,,,111,,,1,,,,,,,,1,,,,,,,,,,,,,1,1,1,1,,,,,,,,,,,,,,3,1,324601803,,
3,31,147,2,1,3,58.42857,"01",6,,0,0,1,,,,,111,,,,,111,,,,,,,,,,,,,,,,1,,,0,,,,,,,,,,,,,,,,2,1,1,324700103,,
3,31,147,2,2,3,58.42857,"01",9,,0,0,1,,,,,111,,,,,111,,,,,,,,,,,,,,,,1,,,0,,,,,,,,,,,,,,,,1,2,1,324700203,,
3,31,147,2,3,3,58.42857,"01",11,,0,0,1,,,,,111,,,,,111,,,,,,,,,,,,,,,,1,,,0,,,,,,,,,,,,,,,,2,1,1,324700303,,
3,31,147,2,4,3,58.42857,"01",11,,0,0,1,,,,,111,,,,,111,,,,,,,,,,,,,,,,1,,,1,1,1,1,,,,,,1,,,,,,,1,3,1,324700403,,
3,31,147,2,5,3,58.42857,"01",11,,0,0,1,,,,,111,,,,,111,,,,,,,,,,,,,,,,1,,,1,1,1,1,,,,,,1,,,,,,,1,3,1,324700503,,
3,31,147,2,6,3,58.42857,"01",11,,0,0,1,,,,,111,,,1,,,,,,,,,,,,,,,,,,1,,,0,,,,,,,,,,,,,,,,1,3,1,324700603,,
3,31,147,2,7,3,58.42857,"01",9,,0,0,5,,,,,111,,,,,111,,,,,,,,,,,,,,1,,,,,1,0,,,,,,,,,,,,,,,1,3,1,324700703,,
3,31,147,2,8,3,58.42857,"01",9,,0,0,1,,,,,111,,,1,,,,,,,,,,,,,,,,,,1,,,0,,,,,,,,,,,,,,,,1,3,1,324700803,,
3,31,147,2,9,3,58.42857,"01",9,,0,0,1,,,,,111,,,1,,,,,,,,,,,,,,,1,1,,,,,0,,,,,,,,,,,,,,,,1,1,1,324700903,,
3,31,147,2,10,3,58.42857,"01",11,,0,0,1,,,,,111,,,1,,,,,,,,,,,,,,,,,,1,,,1,0,,,,,,,,,,,,,,,1,1,1,324701003,,
3,31,147,2,11,3,58.42857,"01",11,,0,0,1,,,,,111,,,,,111,,,,,,,,,,,,,,,,1,,,0,,,,,,,,,,,,,,,,2,1,1,324701103,,
3,31,147,2,12,3,58.42857,"01",11,,0,0,1,,,,,111,,,,,111,,,,,,,,,,,,,,,,1,,,0,,,,,,,,,,,,,,,,1,3,1,324701203,,
3,31,147,2,13,3,58.42857,"01",11,,0,0,1,,,,,111,,,,,111,,,,,,,,,,,,,,,,1,,,0,,,,,,,,,,,,,,,,2,2,1,324701303,,
3,31,147,2,14,3,58.42857,"01",11,,0,0,1,,,,,111,,,1,,,,,,,,,,,,,,,,,,1,,,0,,,,,,,,,,,,,,,,2,2,1,324701403,,
3,31,147,2,15,3,58.42857,"01",9,,0,0,5,,,,,111,,,1,,,,,,,,,,,,,1,,,,,,,,1,1,1,1,,,,,,,,,,,,,1,3,1,324701503,,
3,31,147,2,16,3,58.42857,"02",9,,0,0,1,,1,,,,,,1,,,,,1,,,,,,,,,,,,,,,,1,1,1,1,,,,,,,,,,,,,1,3,1,324701603,,
3,31,147,2,17,3,58.42857,"01",11,,0,0,1,,,,,111,,,,,111,,,,,,,,,,,,,,1,,,,,0,,,,,,,,,,,,,,,,1,3,1,324701703,,
3,31,147,2,18,3,58.42857,"02",9,,0,0,1,,,,,111,,,1,,,,,,,,,,,,,,,,,,1,,,1,1,1,1,,,,,,,,,,,,,2,3,1,324701803,,
3,31,148,2,1,3,32.4585914835165,"01",11,,0,0,1,,,,,111,,,1,,,,,,,,1,,,,,,,,,,,,,1,1,1,1,,,,,,,,,,,,,2,2,1,324800103,,
3,31,148,2,2,3,29.17266,"01",1,,0,0,1,,,,1,,,,,,111,,,,,,,,,,,1,,,,,,,,1,1,1,1,,,,,,,,,,,,,1,2,1,324800203,,
3,31,148,2,4,3,32.4585914835165,"01",11,,0,0,1,,1,,,,,,1,,,,,,,,,,,,,1,,,,,,,,1,1,1,1,,,,1,,,,,,,,,2,1,2,324800403,,
3,31,148,2,5,3,32.4585914835165,"01",11,,0,0,1,,,,,111,,,,1,,,,,,,1,,,,,,,,,,,,,1,0,,,,,,,,,,,,,,,1,2,1,324800503,,
3,31,148,2,6,3,29.17266,"01",1,,0,0,1,,,,,111,,,1,,,,,,,,1,,,,,,,,1,,,,,1,1,1,1,,,,,,,,,,,,,1,2,1,324800603,,
3,31,148,2,7,3,32.4585914835165,"03",11,,0,0,1,,,,1,,,,1,,,,,,,,,,,,,1,,,,,,,,0,,,,,,,,,,,,,,,,1,3,1,324800703,,
3,31,148,2,8,3,32.4585914835165,"01",6,,0,0,1,,,,,111,,,,,111,,,,,,,,,,,,,,,,1,,,0,,,,,,,,,,,,,,,,2,1,1,324800803,,
3,31,148,2,9,3,29.17266,"01",1,,0,0,1,,,,,111,,,,1,,,,,,,,,,,,,,,,,1,,,1,1,1,1,,,1,,,,,,,,,,1,1,1,324800903,,
3,31,148,2,10,3,32.4585914835165,"02",11,,0,0,1,,,,,111,,,1,,,,,,,,1,,,,,,,,,,,,,0,,,,,,,,,,,,,,,,2,3,1,324801003,,
3,31,148,2,11,3,32.4585914835165,"02",5,,0,1,1,,,,,111,,,1,,,,,,,,1,,,,,,,,,,,,,1,1,1,,,,,,,,,,,,,,2,3,1,324801103,,
3,31,148,2,13,3,32.4585914835165,"02",11,,0,0,1,,,,,111,,,1,,,,,,,,1,,,,,,,,,,,,,0,,,,,,,,,,,,,,,,2,2,1,324801303,,
3,31,148,2,14,3,32.4585914835165,"01",11,,0,0,1,,,,,111,,,,,111,,,,,,,,,,,,,,,,1,,,0,,,,,,,,,,,,,,,,2,888,4,324801403,,
3,31,148,2,15,3,29.17266,"01",1,,0,0,5,,1,,1,,,,1,,,,,,,,,,,,,1,,,,,,,,1,1,1,1,,,1,1,,,,,,,,,2,2,1,324801503,,
3,31,148,2,17,3,32.4585914835165,"02",11,,0,0,5,,,,1,,,,,,111,,,,,,,,,,1,,,1,1,,,,,0,,,,,,,,,,,,,,,,2,3,1,324801703,,
3,31,148,2,18,3,32.4585914835165,"02",11,,0,0,5,,,,,111,,,,,111,,,,,,,,,,,,,,1,,,,,0,,,,,,,,,,,,,,,,2,1,1,324801803,,
3,31,148,2,19,3,32.4585914835165,"01",11,,0,0,1,,,,,111,,,,,111,,,,,,,,,,,,,,,,1,,,0,,,,,,,,,,,,,,,,2,2,1,324801903,,
3,31,148,2,20,3,29.17266,"01",1,,0,0,5,,,,,111,,,1,,,,,,,,1,,,,,,,,,,,,,0,,,,,,,,,,,,,,,,1,3,1,324802003,,
3,31,148,2,21,3,32.4585914835165,"02",11,,0,0,1,,,,,111,,,1,,,,,,,,,,,,,,,,,,1,,,0,,,,,,,,,,,,,,,,2,3,1,324802103,,
3,31,149,2,1,3,19.84271,"01",11,,0,0,1,,,,,111,,,1,,,,,,,,1,,,,,,,,1,,,,,0,,,,,,,,,,,,,,,,1,2,1,324900103,,
3,31,149,2,2,3,19.84271,"01",9,,0,0,1,,,,1,,,,,1,,,,,,,1,,,,,,,,,,,,,1,1,1,1,,,,,,,,,,,,,1,3,1,324900203,,
3,31,149,2,3,3,19.84271,"02",11,,0,0,1,,,,,111,,,,,111,,,,,,,,,,,,,,,,1,,,0,,,,,,,,,,,,,,,,2,3,1,324900303,,
3,31,149,2,4,3,19.84271,"01",11,,0,0,1,,,,,111,,,1,,111,,,,,,1,,,,,,,,,,,,,0,,,,,,,,,,,,,,,,2,3,1,324900403,,
3,31,149,2,5,3,19.84271,"01",9,,0,0,1,,,,,111,,,,1,,,,,,,1,,,,,,,,,,,,,1,1,1,1,,,,,,,,,,,,,1,3,1,324900503,,
3,31,149,2,7,3,19.84271,"02",9,,0,0,1,,,,,111,,,,1,,,,,,,,,,,,,,,,,1,,,0,,,,,,,,,,,,,,,,2,3,1,324900703,,
3,31,149,2,8,3,19.84271,"01",11,,0,0,1,,,,1,,,,1,,,,,,,,1,,,,,1,,,,,,,,0,,,,,,,,,,,,,,,,1,3,1,324900803,,
3,31,149,2,9,3,19.84271,"01",11,,0,0,1,,,,,111,,,,1,,,,,,,1,,,,,,,,,,,,,1,1,1,1,,,,,,,,,1,,,,1,2,1,324900903,,
3,31,149,2,10,3,19.84271,"01",11,,0,0,1,,,,,111,,,,,111,,,,,,,,,,,,,,,,1,,,0,,,,,,,,,,,,,,,,2,3,1,324901003,,
3,31,149,2,11,3,19.84271,"02",11,,0,0,1,,,,,111,,,1,,,,,,,,1,,,,,,,,,,,,,0,,,,,,,,,,,,,,,,1,3,1,324901103,,
3,31,149,2,12,3,19.84271,"01",11,,0,0,1,,,,,111,,,,,111,,,,,,,,,,,,,,1,,,,,1,0,,,,,,,,,,,,,,,2,3,1,324901203,,
3,31,149,2,13,3,19.84271,"01",11,,0,0,1,,,,,111,,,,1,,,,,,,,,,,1,,,,1,,,,,0,,,,,,,,,,,,,,,,2,3,1,324901303,,
3,31,149,2,14,3,19.84271,"01",9,,0,0,1,,,,,111,,,1,,,,,,,,,,,,,1,,,,,,,,1,1,1,1,,,,,,,,,,,,,1,2,1,324901403,,
3,31,149,2,15,3,19.84271,"01",11,,0,0,1,,,,,111,,,1,,,,,,,,1,,,,,,1,,,,,,,0,,,,,,,,,,,,,,,,2,2,1,324901503,,
3,31,149,2,16,3,19.84271,"01",11,,0,0,1,,,,,111,,,1,,,,,,,,,,,,,,,,,,1,,,0,,,,,,,,,,,,,,,,2,2,1,324901603,,
3,31,149,2,17,3,19.84271,"01",11,,0,0,1,,,,,111,,,,,111,,,,,,,,,,,,,,,,1,,,0,,,,,,,,,,,,,,,,2,3,1,324901703,,
3,31,149,2,18,3,19.84271,"01",11,,0,0,1,,,,,111,,,1,,,,,,,,1,,,,,,,,,,,,,1,1,1,1,,,,,,,,,,,,,1,2,1,324901803,,
3,31,149,2,20,3,19.84271,"01",11,,0,0,1,,,,,111,,,1,,,,,,,,1,,,,,,,,,,,,,0,,,,,,,,,,,,,,,,2,3,1,324902003,,
3,31,150,2,1,1,1244.887,"02",11,,0,1,5,,1,,,,,,,1,,,,1,,,,,,,,,,,,,,,,1,1,1,1,,,,,,,,,,,,,1,2,1,325000103,,
3,31,150,2,3,1,1244.887,"02",11,,0,1,1,,,,,111,,,1,1,,,,,,,1,,,,,,,,,,,,,0,,,,,,,,,,,,,,,,1,888,1,325000303,,
3,31,150,2,4,1,1244.887,"01",8,,0,0,1,,,,,111,,,,,111,,,,,,,,,,,,,,,,1,,,1,1,1,1,,,,,,,,,,,,,1,3,1,325000403,,
3,31,150,2,5,1,1244.887,"01",11,,0,0,1,,,,,111,,,1,,,,,,1,,,,,,,,,,,,,,,0,,,,,,,,,,,,,,,,1,2,1,325000503,,
3,31,150,2,6,1,1244.887,"02",11,,0,0,1,,,,,111,,,,,111,,,,,,,,,,,,,,,,1,,,1,1,1,1,,,,,,,,,,,,,2,3,1,325000603,,
3,31,150,2,7,1,1244.887,"01",11,,0,0,1,,,,,111,,,1,,,,,,,,1,,,,,,,,,,,,,1,0,,,,,,,,,,,,,,,1,3,1,325000703,,
3,31,150,2,9,1,1244.887,"01",9,,0,0,1,,,,,111,,,1,,,,,,,,1,,,,,,,,,,,,,0,,,,,,,,,,,,,,,,1,2,1,325000903,,
3,31,150,2,10,1,1244.887,"01",11,,0,0,1,,,,1,,,,1,1,,,,,,,1,,,,,,,,,,,,,1,1,1,1,,,,,,,,,,,,,1,2,1,325001003,,
3,31,150,2,11,1,1244.887,"01",9,,0,0,1,,,,,111,,,,,111,,,,,,,,,,,,,,,,1,,,1,1,1,1,,,,,,,,,,,,,1,2,1,325001103,,
3,31,150,2,12,1,1244.887,"01",11,,0,0,1,,,,,111,,,1,,,,,,,,1,,,,,,,,,,,,,1,1,1,,,,,,,,,,,,,,2,2,3,325001203,,
3,31,150,2,13,1,1244.887,"01",9,,0,0,1,,,,1,,,,,,111,,,,,,,,,,,,,,,,1,,,1,1,1,1,,,,,,,,,,,,,1,3,1,325001303,,
3,31,150,2,14,1,1244.887,"02",9,,0,0,1,,,,,111,,,1,,,,,,,,,,,,,,,,,,1,,,1,1,1,1,,,,,,,,,,,,,2,2,1,325001403,,
3,31,150,2,15,1,1244.887,"01",9,,0,0,1,,,,,111,,,,1,,,,,,,1,,,,,,,,,,,,,1,1,1,1,,,,,,,,,,,,,1,3,1,325001503,,
3,31,150,2,17,1,1244.887,"01",11,,0,0,1,,,,,111,,,1,,,,,,,,,,,,,,,,,,1,,,0,,,,,,,,,,,,,,,,2,1,1,325001703,,
3,31,150,2,18,1,1244.887,"01",11,,0,1,1,,,,,111,,,1,,,,,,,,1,,,,,,,,,,,,,1,1,1,1,,,,,,1,,,,,,,1,2,4,325001803,,
3,31,150,2,19,1,1244.887,"01",11,,0,0,1,,,,1,,,,,,111,,,,,,,,,,,,,,,,1,,,0,,,,,,,,,,,,,,,,2,1,1,325001903,,
3,31,150,2,20,1,1244.887,"01",9,,0,0,1,,,,1,,,,,1,,,,,,,1,,,,,,,,,,,,,1,1,1,1,,,,,,,,,1,,,,1,2,1,325002003,,
3,31,150,2,22,1,1244.887,"01",11,,0,0,1,,,,,111,,,1,,,,,,,,1,,,,,,,,,,,,,1,1,1,1,,,,,,,,,,,,,1,2,1,325002203,,
3,31,151,2,1,2,,"02",9,,0,0,5,,,,,111,,,,,111,,,,,,,,,,,,,1,1,,,,,1,0,,,,,,,,,,,,,,,2,888,6,325100103,2,22.3819446563721
3,31,151,2,2,2,,"01",11,,0,0,1,,,,,111,,,1,,,,,,,,,,,,,,,1,,,,,,1,1,1,,,,,,,,,,,,,,2,888,6,325100203,2,22.3819446563721
3,31,151,2,3,2,,"01",9,,0,0,1,,,,,111,,,1,,,,,,,,1,,,,,,,1,,,,,,1,1,,1,,,,,,,,,,,,,2,888,6,325100303,2,22.3819446563721
3,31,151,2,4,2,,"01",11,,0,0,1,,,,,111,,,,,111,,,,,,,,,,,,,1,1,,,,,1,0,,,,,,,,,,,,,,,2,888,6,325100403,2,22.3819446563721
3,31,151,2,5,2,,"01",11,,0,0,1,,,,,111,,,,,111,,,,,,,,,,,,1,1,,,,,,1,0,,,,,,,,,,,,,,,2,888,6,325100503,2,22.3819446563721
3,31,151,2,6,2,,"01",7,,0,0,1,,,,,111,,,,,111,,,,,,,,,,,,,1,1,,,,,1,1,1,,,,,,,,,,,,,,2,888,6,325100603,2,22.3819446563721
3,31,151,2,7,2,,"02",7,,0,0,5,,1,,,,,,1,,,,,,,,,,,,,,1,,,,,,,1,1,1,1,,,,,,1,,,,,,,2,888,6,325100703,2,22.3819446563721
3,31,151,2,8,2,,"01",13,11,0,0,1,,,,,111,,,,,111,,,,,,,,,,,,,,,,1,,,0,,,,,,,,,,,,,,,,2,888,6,325100803,2,22.3819446563721
3,31,151,2,9,2,,"03",9,,0,0,1,,,,,111,,,,,111,,,,,,,,,,,,,,1,,,,,1,1,1,1,,,,,,1,,,1,,,,2,888,6,325100903,2,22.3819446563721
3,31,151,2,10,2,,"01",9,,0,0,1,,,,,111,,,,,111,,,,,,,,,,,,,,1,,,,,1,1,1,1,,,,,,,,,,,,,2,888,6,325101003,2,22.3819446563721
3,31,151,2,11,2,,"01",9,,0,0,1,,1,,,,,,1,,,,,1,,,,,,,,,,,,,,,,1,1,1,1,,,,,,,,,,,,,2,888,6,325101103,2,22.3819446563721
3,31,151,2,12,2,,"01",7,,0,0,1,,,,,111,,,,,111,,,,,,,,,,,,,,1,,,,,1,1,1,1,,,,,,1,,,,,,,2,888,6,325101203,2,22.3819446563721
3,31,151,2,13,2,,"01",11,,0,0,1,,,,,111,,,,,111,,,,,,,,,,,,,,,,1,,,1,1,1,1,,,,,,1,,,,,,,2,888,6,325101303,2,22.3819446563721
3,31,151,2,14,2,,"01",9,,0,0,1,,,,,111,,,,,111,,,,,,,,,,,,,,,,,555,8,1,1,1,1,,,,,,1,,,,,,,2,888,6,325101403,2,22.3819446563721
3,31,151,2,15,2,,"01",9,,0,0,1,,,,,111,,,,,111,,,,,,,,,,,,,,,,1,,,1,1,1,1,,,,,,1,,,,,,,2,888,6,325101503,2,22.3819446563721
3,31,151,2,16,2,,"04",11,,0,0,1,,,,,111,,,,,111,,,,,,,,,,,,,,,,1,,,1,1,1,1,,,,,,1,,,,,,,2,888,6,325101603,2,22.3819446563721
3,31,151,2,17,2,,"03",11,,0,0,1,,,,,111,,,,,111,,,,,,,,,,,,,,,,1,,,1,1,,1,,,,,,1,,,,,,,2,888,6,325101703,2,22.3819446563721
3,31,151,2,18,2,,"01",11,,0,0,1,,,,,111,,,,,111,,,,,,,,,,,,,,,,1,,,1,1,1,1,,,,,,,,,,,,,2,888,6,325101803,2,22.3819446563721
3,31,152,2,1,2,,"01",11,,0,0,1,,,,1,,,,,,111,,,,,,,,,,,,,,,,1,,,1,1,1,,,,,,,,,,,,,,2,888,6,325200103,2,22.3819446563721
3,31,152,2,2,2,,"01",11,,0,0,1,,,,,111,,,,,111,,,,,,,,,,,,,,,,1,,,0,,,,,,,,,,,,,,,,2,888,6,325200203,2,22.3819446563721
3,31,152,2,3,2,,"01",11,,0,0,1,,,,,111,,,,,111,,,,,,,,,,,,,,,,1,,,1,1,1,,,,,,,,,,,,,,2,888,6,325200303,2,22.3819446563721
3,31,152,2,4,2,,"01",11,,0,0,1,,,,,111,,,,,111,,,,,,,,,,,,,,,,1,,,0,,,,,,,,,,,,,,,,2,888,6,325200403,2,22.3819446563721
3,31,152,2,5,2,,"01",5,,0,0,1,,,,,111,,,,,111,,,,,,,,,,,,,,,,1,,,0,,,,,,,,,,,,,,,,2,888,6,325200503,2,22.3819446563721
3,31,152,2,6,2,,"01",11,,0,0,1,,,,,111,,,,,111,,,,,,,,,,,,,,,,1,,,1,1,1,,,,,,,,,,,,,,2,888,6,325200603,2,22.3819446563721
3,31,152,2,7,2,,"01",11,,0,0,1,,,,,111,,,,,111,,,,,,,,,,,,,,,,1,,,1,1,1,1,,,,,,,,,,,,,2,888,6,325200703,2,22.3819446563721
3,31,152,2,8,2,,"02",9,,0,0,1,,,,,111,,,,,111,,,,,,,,,,,,,,,,1,,,1,1,1,,,,,,,,,,,,,,2,888,6,325200803,2,22.3819446563721
3,31,152,2,9,2,,"01",9,,0,0,1,,,,,111,,,,,111,,,,,,,,,,,,,,,,1,,,1,1,,,,,,,,1,,,,,,,2,888,6,325200903,2,22.3819446563721
3,31,152,2,10,2,,"01",7,,0,0,1,,,,,111,,,,,111,,,,,,,,,,,,,,,,1,,,0,,,,,,,,,,,,,,,,2,888,6,325201003,2,22.3819446563721
3,31,152,2,11,2,,"01",11,,0,0,1,,,,,111,,,,1,,,,,,,1,,,,,,,,,,,,,1,1,1,,,,,,,,,,,,,,2,888,6,325201103,2,22.3819446563721
3,31,152,2,12,2,,"01",9,,0,0,1,,,,,111,,,,,111,,,,,,,,,,,,,,,,1,,,1,1,1,,,,,,,,,,,,,,2,888,6,325201203,2,22.3819446563721
3,31,152,2,13,2,,"01",7,,0,0,1,,,,,111,,,1,,,,,,,,1,,,,,,,,,,,,,1,1,,1,,,,,,,,,1,,,,2,888,6,325201303,2,22.3819446563721
3,31,152,2,14,2,,"01",11,,0,0,1,,,,,111,,,1,,,,,,,,1,,,,,,,,,,,,,1,1,1,1,,,,,,,,,,,,,2,888,6,325201403,2,22.3819446563721
3,31,152,2,15,2,,"01",9,,0,0,1,,,,,111,,,,,111,,,,,,,,,,,,,,,,1,,,1,1,1,1,,,,,,,,,,,,,2,888,6,325201503,2,22.3819446563721
3,31,152,2,16,2,,"02",9,,0,0,1,,,,,111,,,,,111,,,,,,,,,,,,,,,,1,,,1,1,1,1,,,,,,,,,,,,,2,888,6,325201603,2,22.3819446563721
3,31,152,2,17,2,,"01",9,,0,0,1,,,,1,,,,,,111,,,,,1,,,,,,,,,,,,,,1,1,1,1,,,,,,1,,,,,,,2,888,6,325201703,2,22.3819446563721
3,31,152,2,18,2,,"01",11,,0,0,1,,,,,111,,,,,111,,,,,,,,,,,,,,,,1,,,0,,,,,,,,,,,,,,,,2,888,6,325201803,2,22.3819446563721
3,31,153,2,1,2,,"04",9,,0,0,1,,,,,111,,,,,111,,,,,,,,,,,,,,,,1,,,1,1,1,1,,,,,,1,,,,,,,2,888,6,325300103,2,22.3819446563721
3,31,153,2,2,2,,"02",9,,0,0,1,,,,,111,,,,,,,,,,,,,,,,,,,,,1,,,1,1,1,1,,,,,,1,,,,,,,2,888,6,325300203,2,22.3819446563721
3,31,153,2,3,2,,"01",11,,0,0,1,,,,,111,,,,,111,,,,,,,,,,,,,,,,1,,,1,1,1,1,,,,,,1,,,,,,,2,888,6,325300303,2,22.3819446563721
3,31,153,2,4,2,,"03",9,,0,0,1,,,,,111,,,,,111,,,,,,,,,,,,,,,,1,,,1,1,1,1,,,,,,1,,,,,,,2,888,6,325300403,2,22.3819446563721
3,31,153,2,5,2,,"01",11,,0,0,1,,,,,111,,,,,111,,,,,,,,,,,,,,,,1,,,1,1,1,1,,,,,,1,,,,,,,2,888,6,325300503,2,22.3819446563721
3,31,153,2,6,2,,"03",11,,0,0,1,,,,,111,,,,,111,,,,,,,,,,,,,,,,1,,,1,1,1,1,,,,,,1,,,,,,,2,888,6,325300603,2,22.3819446563721
3,31,153,2,7,2,,"01",9,,0,0,2,,,,,111,,,1,,,,,,,,,,,,,,,1,1,,,,,1,1,,1,,,,,,,,,,,,,2,888,6,325300703,2,22.3819446563721
3,31,153,2,8,2,,"01",9,,0,0,1,,,,,111,,,1,,,,,,,,,,,,,,,,,,1,,,1,0,,,,,,,,,,,,,,,2,888,6,325300803,2,22.3819446563721
3,31,153,2,9,2,,"01",9,,0,0,1,,,,,111,,,1,,,,,,,,,,,,,,,1,1,,,,,1,1,1,1,,,,,,,,,,,,,2,888,6,325300903,2,22.3819446563721
3,31,153,2,10,2,,"01",9,,0,0,1,,,,,111,,,,,111,,,,,,,,,,,,,,1,,,,,1,0,,,,,,,,,,,,,,,2,888,6,325301003,2,22.3819446563721
3,31,153,2,11,2,,"01",9,,0,0,2,,,,,111,,,1,,,,,,,,1,,,,,,,,,,,,,1,1,1,1,,,,,,,,,,,,,2,888,6,325301103,2,22.3819446563721
3,31,153,2,12,2,,"01",9,,0,0,1,,,,,111,,,,,111,,,,,,,,,,,,,,,,1,,,0,,,,,,,,,,,,,,,,2,888,6,325301203,2,22.3819446563721
3,31,153,2,13,2,,"01",11,,0,0,1,,,,,111,,,,,111,,,,,,,,,,,,,,,,1,,,0,,,,,,,,,,,,,,,,2,888,6,325301303,2,22.3819446563721
3,31,153,2,14,2,,"01",11,,0,0,1,,,,,111,,,,,111,,,,,,,,,,,,,,,,1,,,1,1,1,1,,,,,,,,,,,,,2,888,6,325301403,2,22.3819446563721
3,31,153,2,15,2,,"01",9,,0,0,1,,,,,111,,,,,111,,,,,,,,,,,,,,,,1,,,1,1,1,1,,,,,,,,1,,,,,2,888,6,325301503,2,22.3819446563721
3,31,153,2,16,2,,"01",7,,0,0,1,,,,,111,,,,,111,,,,,,,,,,,,,,,,1,,,1,1,1,1,,,,,,1,,,,,,,2,888,6,325301603,2,22.3819446563721
3,31,153,2,17,2,,"01",13,9,0,0,1,,,,,111,,,,,111,,,,,,,,,,,,,,1,,,,,1,1,1,1,,,,,,,,,1,,,,2,888,6,325301703,2,22.3819446563721
3,31,153,2,18,2,,"01",11,,0,0,1,,,,,111,,,,,111,,,,,,,,,,,,,,,,1,,,1,1,1,1,,,,,,,,,,,,,2,888,6,325301803,2,22.3819446563721
3,31,154,2,1,2,,"02",9,,0,0,1,,,,,111,,,,,111,,,,,,,,,,,,,,,,1,,,1,1,1,,,,,,,,,,,,,,2,888,6,325400103,2,22.3819446563721
3,31,154,2,2,2,,"01",11,,0,0,1,,,,,111,,,,,111,,,,,,,,,,,,,,,,1,,,0,,,,,,,,,,,,,,,,2,888,6,325400203,2,22.3819446563721
3,31,154,2,3,2,,"01",11,,0,0,1,,,,,111,,,,,111,,,,,,,,,,,,,,,,1,,,0,,,,,,,,,,,,,,,,2,888,6,325400303,2,22.3819446563721
3,31,154,2,4,2,,"01",11,,0,0,1,,,,,111,,,,,111,,,,,,,,,,,,,,,,1,,,1,1,1,,,,,,1,,,,,,,,2,888,6,325400403,2,22.3819446563721
3,31,154,2,5,2,,"02",11,,0,0,1,,,,,111,,,,,111,,,,,,,,,,,,,,,,1,,,0,,,,,,,,,,,,,,,,2,888,6,325400503,2,22.3819446563721
3,31,154,2,6,2,,"01",13,8,0,0,1,,,,,111,,,,,111,,,,,,,,,,,,,,,,1,,,0,,,,,,,,,,,,,,,,2,888,6,325400603,2,22.3819446563721
3,31,154,2,7,2,,"01",11,,0,0,1,,,,,111,,,,,111,,,,,,,,,,,,,,,,1,,,1,1,1,,,,,,,,,,,,,,2,888,6,325400703,2,22.3819446563721
3,31,154,2,8,2,,"01",11,,0,0,1,,,,,111,,,,,111,,,,,,,,,,,,,,,,1,,,1,1,1,,,,,,,,,,,,,,2,888,6,325400803,2,22.3819446563721
3,31,154,2,9,2,,"01",11,,0,0,1,,,,,111,,,,,111,,,,,,,,,,,,,,,,1,,,1,1,1,,,,,,,,,,,,,,2,888,6,325400903,2,22.3819446563721
3,31,154,2,10,2,,"01",11,,0,0,1,,,,,111,,,,,111,,,,,,,,,,,,,,,,1,,,0,,,,,,,,,,,,,,,,2,888,6,325401003,2,22.3819446563721
3,31,154,2,11,2,,"01",11,,0,0,1,,,,,111,,,,,111,,,,,,,,,,,,,,,,1,,,0,,,,,,,,,,,,,,,,2,888,6,325401103,2,22.3819446563721
3,31,154,2,12,2,,"01",11,,0,0,1,,,,,111,,,,,111,,,,,,,,,,,,,,,,1,,,1,1,,1,,,,,,,,,,,,,2,888,6,325401203,2,22.3819446563721
3,31,154,2,13,2,,"01",11,,0,0,1,,,,,111,,,1,,,,,,,,1,,,,,,,,,,,,,1,1,1,1,,,,,,1,,,,,,,2,888,6,325401303,2,22.3819446563721
3,31,154,2,14,2,,"01",10,,0,0,1,,,,,111,,,,,111,,,,,,,,,,,,,,,,1,,,1,1,1,1,,,,,,,,,,,,,2,888,6,325401403,2,22.3819446563721
3,31,154,2,15,2,,"03",11,,0,0,1,,,,,111,,,1,,,,,,,,,,,,,,,,,,1,,,1,1,,,,,,,,,,,,1,,,2,888,6,325401503,2,22.3819446563721
3,31,154,2,16,2,,"02",11,,0,0,1,,,,,111,,,,,111,,,,,,,,,,,,,,,,1,,,1,1,1,1,,,,,,,,,,,,,2,888,6,325401603,2,22.3819446563721
3,31,154,2,17,2,,"01",11,,0,0,1,,,,,111,,,1,,,,,,,,1,,,,,,,,,,,,,0,,,,,,,,,,,,,,,,2,888,6,325401703,2,22.3819446563721
3,31,154,2,18,2,,"03",11,,0,0,1,,,,,111,,,,,111,,,,,,,,,,,,,,,,1,,,1,1,1,1,,,,,,1,,,,,,,2,888,6,325401803,2,22.3819446563721
3,31,155,2,1,2,,"01",9,,0,0,1,,,,,111,,,,,111,,,,,,,,,,,,,,,,1,,,1,0,,,,,,,,,,,,,,,2,888,6,325500103,2,22.3819446563721
3,31,155,2,2,2,,"01",9,,0,0,1,,,,,111,,,,,111,,,,,,,,,,,,,,,,1,,,1,0,,,,,,,,,,,,,,,2,888,6,325500203,2,22.3819446563721
3,31,155,2,3,2,,"01",11,,0,0,1,,,,,111,,,,,111,,,,,,,,,,,,,,,,1,,,1,0,,,,,,,,,,,,,,,2,888,6,325500303,2,22.3819446563721
3,31,155,2,4,2,,"01",9,,0,0,1,,,,,111,,,,,111,,,,,,,,,,,,,,,,1,,,1,1,1,1,,,,,,,,,,,,,2,888,6,325500403,2,22.3819446563721
3,31,155,2,5,2,,"01",9,,0,0,1,,,,,111,,,1,,,,,,,,,,,,,,,,,,1,,,1,1,1,1,,,,,,,,,,,,,2,888,6,325500503,2,22.3819446563721
3,31,155,2,6,2,,"01",9,,0,0,1,,,,,111,,,,,111,,,,,,,,,,,,,,,,1,,,1,1,1,1,,,,,,,,,,,,,2,888,6,325500603,2,22.3819446563721
3,31,155,2,7,2,,"01",11,,0,0,1,,,,,111,,,,,111,,,,,,,,,,,,,,,,1,,,1,1,1,,,,,,,,,,,,,,2,888,6,325500703,2,22.3819446563721
3,31,155,2,8,2,,"01",11,,0,0,1,,,,,111,,,,,111,,,,,,,,,,,,,,,,1,,,1,1,1,,,,,,,,,,,,,,2,888,6,325500803,2,22.3819446563721
3,31,155,2,9,2,,"01",9,,0,0,1,,,,,111,,,,,111,,,,,,,,,,,,,,,,1,,,1,1,1,1,,,,,,,,,,,,,2,888,6,325500903,2,22.3819446563721
3,31,155,2,10,2,,"01",11,,0,0,1,,,,,111,,,,,111,,,,,,,,,,,,,,,,1,,,0,,,,,,,,,,,,,,,,2,888,6,325501003,2,22.3819446563721
3,31,155,2,11,2,,"01",11,,0,0,1,,,,,111,,,,,111,,,,,,,,,,,,,,,,1,,,0,,,,,,,,,,,,,,,,2,888,6,325501103,2,22.3819446563721
3,31,155,2,12,2,,"01",9,,0,0,1,,,,,111,,,,,111,,,,,,,,,,,,,,,,1,,,1,1,1,1,,,,,,,,,,,,,2,888,6,325501203,2,22.3819446563721
3,31,155,2,13,2,,"01",11,,0,0,1,,,,,111,,,,,111,,,,,,,,,,,,,,,,1,,,1,0,,,,,,,,,,,,,,,2,888,6,325501303,2,22.3819446563721
3,31,155,2,14,2,,"01",11,,0,0,1,,,,,111,,,,,111,,,,,,,,,,,,,,,,1,,,0,,,,,,,,,,,,,,,,2,888,6,325501403,2,22.3819446563721
3,31,155,2,15,2,,"01",11,,0,0,2,,,,,111,,,,,111,,,,,,,,,,,,,,,,1,,,1,0,,,,,,,,,,,,,,,2,888,6,325501503,2,22.3819446563721
3,31,155,2,16,2,,"02",9,,0,0,1,,,1,,,,,,1,,,,,,,1,,,,,,,,,,,,,1,1,1,,,,,,,,,,,,,,2,888,6,325501603,2,22.3819446563721
3,31,155,2,17,2,,"01",11,,0,0,1,,,,,111,,,,,111,,,,,,,,,,,,,,,,1,,,0,,,,,,,,,,,,,,,,2,888,6,325501703,2,22.3819446563721
3,31,155,2,18,2,,"01",11,,0,0,1,,,,,111,,,,,111,,,,,,,,,,,,,,,,1,,,0,,,,,,,,,,,,,,,,2,888,6,325501803,2,22.3819446563721
3,31,156,2,1,2,,"01",11,,0,0,1,,,,,111,,,,,111,,,,,,,,,,,,,,,,1,,,1,0,,,,,,,,,,,,,,,2,888,6,325600103,2,22.3819446563721
3,31,156,2,2,2,,"01",11,,0,0,1,,,,,111,,,,1,,,,,,,1,,,,,,,,,,,,,1,1,1,,,,,,,,,,,,,,2,888,6,325600203,2,22.3819446563721
3,31,156,2,3,2,,"02",11,,0,0,2,,,,,111,,,,,111,,,,,,,,,,,,,,,,1,,,1,0,,,,,,,,,,,,,,,2,888,6,325600303,2,22.3819446563721
3,31,156,2,4,2,,"01",11,,0,0,1,,,,,111,,,,,111,,,,,,,,,,,,,,,,1,,,1,0,,,,,,,,,,,,,,,2,888,6,325600403,2,22.3819446563721
3,31,156,2,5,2,,"01",7,,0,0,1,,,,,111,,,,,111,,,,,,,,,,,,,1,1,,,,,0,,,,,,,,,,,,,,,,2,888,6,325600503,2,22.3819446563721
3,31,156,2,6,2,,"01",11,,0,0,1,,,,,111,,,,,111,,,,,,,,,,,,,,,,1,,,0,,,,,,,,,,,,,,,,2,888,6,325600603,2,22.3819446563721
3,31,156,2,7,2,,"01",9,,0,0,5,,1,,,,,,1,,,,,1,,,,,,,,,,,,,,,,1,1,1,1,,,,,,,,1,1,,,,2,888,6,325600703,2,22.3819446563721
3,31,156,2,8,2,,"02",9,,0,0,1,,,,,111,,,,,111,,,,,,,,,,,,,,1,,,,,1,1,1,1,,,,,,,,,,,,,2,888,6,325600803,2,22.3819446563721
3,31,156,2,9,2,,"01",9,,0,0,1,,,,,111,,,,,111,,,,,,,,,,,,,,,,1,,,1,1,1,1,,,,,,,,,,,,,2,888,6,325600903,2,22.3819446563721
3,31,156,2,10,2,,"01",11,,0,0,1,,,,,111,,,,,111,,,,,,,,,,,,,,,,1,,,0,,,,,,,,,,,,,,,,2,888,6,325601003,2,22.3819446563721
3,31,156,2,11,2,,"01",9,,0,0,1,,,,,111,,,,,111,,,,,,,,,,,,,,,,1,,,0,,,,,,,,,,,,,,,,2,888,6,325601103,2,22.3819446563721
3,31,156,2,12,2,,"01",9,,0,0,1,,,,,111,,,,,111,,,,,,,,,,,,,,,,,,,0,,,,,,,,,,,,,,,,2,888,6,325601203,2,22.3819446563721
3,31,156,2,13,2,,"01",11,,0,0,1,,,,,111,,,,,111,,,,,,,,,,,,,,,,1,,,1,1,1,1,,,,,,1,,,,,,,2,888,6,325601303,2,22.3819446563721
3,31,156,2,14,2,,"01",11,,0,0,1,,,,,111,,,,,111,,,,,,,,,,,,,,,,1,,,1,1,1,1,,,,,,1,,,,,,,2,888,6,325601403,2,22.3819446563721
3,31,156,2,15,2,,"01",11,,0,0,1,,,,,111,,,,,111,,,,,,,,,,,,,,,,1,,,1,1,1,1,,,,,,1,,,,,,,2,888,6,325601503,2,22.3819446563721
3,31,156,2,16,2,,"02",11,,0,0,1,,,,,,,,1,,,,,,,,1,,,,,,,,,,,,,1,1,1,1,,,,,,1,,,,,,,2,888,6,325601603,2,22.3819446563721
3,31,156,2,17,2,,"01",9,,0,0,1,,1,,,,,,1,,,,,,,,1,,,,,,,,,,,,,1,1,1,1,,,,,,1,,,,,,,2,888,6,325601703,2,22.3819446563721
3,31,156,2,18,2,,"01",9,,0,0,1,,,,,111,,,,,111,,,,,,,,,,,,,,,,1,,,1,1,1,1,,,,,,1,,,,,,,2,888,6,325601803,2,22.3819446563721
3,31,157,2,1,2,,"01",9,,0,0,1,,,,,111,,,,,111,,,,,,,,,,,,,,,,1,,,1,1,1,1,,,,,,1,,,,,,,2,888,6,325700103,2,22.3819446563721
3,31,157,2,2,2,,"02",9,,0,0,5,,,,,111,,,,,,555,4,,,,,,,,,,,,,,1,,,1,1,1,,,,,,,1,,,,,,,2,888,6,325700203,2,22.3819446563721
3,31,157,2,3,2,,"02",9,,0,0,1,,,,,111,,,,,111,,,,,,,,,,,,,,,,1,,,1,1,1,1,,,,,,1,,,,,,,2,888,6,325700303,2,22.3819446563721
3,31,157,2,4,2,,"01",9,,0,0,5,,,,,111,,,,,111,,,,,,,,,,,,,,,,1,,,1,1,1,1,,,,,,1,,,,,,,2,888,6,325700403,2,22.3819446563721
3,31,157,2,5,2,,"02",11,,0,0,1,,,,,111,,,,,111,,,,,,,,,,,,,,,,1,,,0,,,,,,,,,,,,,,,,2,888,6,325700503,2,22.3819446563721
3,31,157,2,6,2,,"01",9,,0,0,5,,,,,111,,,,,111,,,,,,,,,,,,,,,,1,,,1,1,1,1,,,,,,1,,,,,,,2,888,6,325700603,2,22.3819446563721
3,31,157,2,7,2,,"01",11,,0,0,2,,,,,111,,,,,111,,,,,,,,,,,,,,,,1,,,1,0,,,,,,,,,,,,,,,2,888,6,325700703,2,22.3819446563721
3,31,157,2,8,2,,"01",9,,0,0,2,,,,,111,,,,,111,,,,,,,,,,,,,,1,,,,,1,0,,,,,,,,,,,,,,,2,888,6,325700803,2,22.3819446563721
3,31,157,2,9,2,,"01",9,,0,0,2,,,,,111,,,,,111,,,,,,,,,,,,,,1,,,,,1,0,,,,,,,,,,,,,,,2,888,6,325700903,2,22.3819446563721
3,31,157,2,10,2,,"01",11,,0,0,1,,1,,,,,,,,111,,,,,,,,,,,,,,1,,,,,1,1,1,1,,,,,,,,,,,,,2,888,6,325701003,2,22.3819446563721
3,31,157,2,11,2,,"01",9,,0,0,1,,,,,111,,,,1,,,,,,,,,,,,,,,,,1,,,1,0,,,,,,,,,,,,,,,2,888,6,325701103,2,22.3819446563721
3,31,157,2,12,2,,"01",9,,0,0,1,,,,,111,,,,,111,,,,,,,,,,,,,,1,,,,,1,1,1,,,,,,,,,,,,,,2,888,6,325701203,2,22.3819446563721
3,31,157,2,13,2,,"02",5,,0,0,1,,,,,111,,,,,111,,,,,,,,,,,,,,1,,,,,1,1,1,1,,,,,,1,,,1,,,,2,888,6,325701303,2,22.3819446563721
3,31,157,2,14,2,,"01",9,,0,0,1,,,,,111,,,,,111,,,,,,,,,,,,,,,,1,,,1,1,1,1,,,,,,1,,,,,,,2,888,6,325701403,2,22.3819446563721
3,31,157,2,15,2,,"01",9,,0,0,5,,,,,111,,,,,111,,,,,,,,,,,,,,,,1,,,0,,,,,,,,,,,,,,,,2,888,6,325701503,2,22.3819446563721
3,31,157,2,16,2,,"01",9,,0,0,1,,,,,111,,,,,111,,,,,,,,,,,,,,,,1,,,1,1,1,1,,,,,,1,,,,,,,2,888,6,325701603,2,22.3819446563721
3,31,157,2,17,2,,"02",7,,0,0,1,,,,,111,,,,,111,,,,,,,,,,,,,,,,1,,,1,1,1,1,,,,,,1,,,1,,,,2,888,6,325701703,2,22.3819446563721
3,31,157,2,19,2,,"01",13,12,0,0,1,,,,,111,,,,,111,,,,,,,,,,,,,,,,1,,,1,1,1,1,,,,,,,,,,,,,2,888,6,325701903,2,22.3819446563721
3,31,158,2,1,2,,"01",9,,0,0,1,,,,,111,,,,,111,,,,,,,,,,,,,,,,1,,,1,1,1,,,,,,,,,,,,,,2,888,6,325800103,2,22.3819446563721
3,31,158,2,2,2,,"01",11,,0,0,1,,,,,111,,,,,111,,,,,,,,,,,,,,,,1,,,1,1,1,,,,,,,,,,,,,,2,888,6,325800203,2,22.3819446563721
3,31,158,2,3,2,,"01",11,,0,0,1,,,,,111,,,,,111,,,,,,,,,,,,,,,,1,,,1,1,1,,,,,,,,,,,,,,2,888,6,325800303,2,22.3819446563721
3,31,158,2,4,2,,"01",11,,0,0,1,,,,,111,,,,,111,,,,,,,,,,,,,,,,1,,,1,1,1,,,,,,,,,,,,,,2,888,6,325800403,2,22.3819446563721
3,31,158,2,5,2,,"01",11,,0,0,1,,,,,111,,,,,111,,,,,,,,,,,,,,,,1,,,1,1,1,1,,,,,,,,,,,,,2,888,6,325800503,2,22.3819446563721
3,31,158,2,6,2,,"01",11,,0,0,1,,,,,111,,,1,,,,,,,,,,,,,,,,,,1,,,1,1,1,1,,,,,,,,,,,,,2,888,6,325800603,2,22.3819446563721
3,31,158,2,7,2,,"01",9,,1,0,1,,,,,111,,,,,111,,,,,,,,,,,,,,,,1,,,1,0,,,,,,,,,,,,,,,2,888,6,325800703,2,22.3819446563721
3,31,158,2,8,2,,"01",9,,0,0,1,,,,,111,,,,,111,,,,,,,,,,,,,,,,1,,,0,,,,,,,,,,,,,,,,2,888,6,325800803,2,22.3819446563721
3,31,158,2,9,2,,"01",11,,0,0,1,,,,,111,,,1,,,,,,,,1,,,,,,,,,,,,,0,,,,,,,,,,,,,,,,2,888,6,325800903,2,22.3819446563721
3,31,158,2,10,2,,"02",9,,0,0,1,,,,,111,,,,,111,,,,,,,,,,,,,,,,1,,,1,1,1,1,,,,,,,,,,,,,2,888,6,325801003,2,22.3819446563721
3,31,158,2,11,2,,"01",11,,0,0,1,,,,,111,,,,,111,,,,,,,,,,,,,,,,1,,,1,0,,,,,,,,,,,,,,,2,888,6,325801103,2,22.3819446563721
3,31,158,2,12,2,,"03",9,,0,0,1,,,,,111,,,,,111,,,,,,,,,,,,,,,,1,,,1,1,1,1,,,,,,,,,,,,,2,888,6,325801203,2,22.3819446563721
3,31,158,2,13,2,,"01",11,,0,0,1,,,,,111,,,,,111,,,,,,,,,,,,,,,,1,,,0,,,,,,,,,,,,,,,,2,888,6,325801303,2,22.3819446563721
3,31,158,2,14,2,,"01",11,,0,0,1,,,,,111,,,,,111,,,,,,,,,,,,,,,,1,,,1,1,1,,,,,,,,,,,,,,2,888,6,325801403,2,22.3819446563721
3,31,158,2,15,2,,"01",11,,0,0,1,,,,,111,,,,,111,,,,,,,,,,,,,,,,1,,,0,,,,,,,,,,,,,,,,2,888,6,325801503,2,22.3819446563721
3,31,158,2,16,2,,"01",11,,0,0,1,,,,,111,,,,,111,,,,,,,,,,,,,,,,1,,,1,0,,,,,,,,,,,,,,,2,888,6,325801603,2,22.3819446563721
3,31,158,2,17,2,,"01",9,,0,0,1,,,,,111,,,,,111,,,,,,,,,,,,,,,,1,,,1,1,1,,,,,,,,,,,,,,2,888,6,325801703,2,22.3819446563721
3,31,158,2,18,2,,"01",11,,0,0,1,,,,,111,,,,,111,,,,,,,,,,,,,,,,1,,,1,1,1,,,,,,,,,,,,,,2,888,6,325801803,2,22.3819446563721
3,32,159,2,1,1,842.403157894737,"01",6,,0,0,1,,,,,111,,,,,111,,,,,,,,,,,,,,,,1,,,0,,,,,,,,,,,,,,,,2,1,1,335900103,,
3,32,159,2,3,1,426.8176,"01",1,,0,0,5,,,,1,,,,,,111,,,,,,,,,,,1,,,,,,,,1,1,1,1,,,1,,,,,,,,,,2,2,1,335900303,,
3,32,159,2,5,1,842.403157894737,"01",11,,0,0,1,,,,,111,,,,1,,,,,,,1,,,,,,,,,,,,,1,1,1,1,,1,,,,,,,,,,,2,1,1,335900503,,
3,32,159,2,6,1,842.403157894737,"01",11,,0,0,1,,,,1,,,,,,111,,,,,,,,,,1,,,,1,,,,,0,,,,,,,,,,,,,,,,2,1,1,335900603,,
3,32,159,2,7,1,842.403157894737,"01",11,,0,0,1,,,,,111,,,1,,,,,,,,1,,,,,,,,,,,,,0,,,,,,,,,,,,,,,,2,1,1,335900703,,
3,32,159,2,8,1,842.403157894737,"01",11,,0,0,1,,,,1,,,,,,111,,,,,,,,,,,1,,,,,,,,1,1,1,1,,,,,,1,,,1,,,,1,1,1,335900803,,
3,32,159,2,9,1,426.8176,"01",1,,1,0,5,,,,1,,,,,,111,,,,,,,,,,,1,,,,,,,,1,1,1,1,,,,,,,,,1,,,,2,1,2,335900903,,
3,32,159,2,10,1,426.8176,"01",1,,1,0,5,,1,,,,,,,,111,,,,,,,,,,,1,,,,,,,,1,1,1,1,,,,1,,1,,,1,,,,2,2,1,335901003,,
3,32,159,2,11,1,426.8176,"01",1,,0,0,1,,,,1,,,,,1,,,,,,,,,,,,,,,,,1,,,1,1,1,1,,,1,,,,,,,,,,2,2,1,335901103,,
3,32,159,2,12,1,426.8176,"01",1,,0,0,5,,,,,111,,,,,111,,,,,,,,,,,,,,,,1,,,1,1,1,,,,,,,,,,,,,,2,2,1,335901203,,
3,32,159,2,13,1,426.8176,"01",1,,0,0,1,,,,,111,,,1,,,,,,,,1,,,,,,,,,,,,,1,1,1,1,,,1,,,,,,,,,,2,2,1,335901303,,
3,32,159,2,14,1,842.403157894737,"02",11,,0,0,1,,,,,111,,,,,111,,,,,,,,,,,,,,1,,,,,1,1,1,1,,,,,,,,,1,,,,2,1,1,335901403,,
3,32,159,2,15,1,426.8176,"01",1,,0,0,5,,1,,1,,,,1,1,,,,,,1,1,,,,,,,,,,,,,1,1,1,1,,,1,,,,,,1,,,,1,2,1,335901503,,
3,32,159,2,16,1,842.403157894737,"01",11,,0,0,5,,,,1,,,,,,111,,,,,,,,,,,1,,,,,,,,1,1,1,,,,,,,,,,,,,,1,1,1,335901603,,
3,32,159,2,17,1,426.8176,"01",1,,0,0,1,,,,,111,,,,,111,,,,,,,,,,,,,,,,1,,,0,,,,,,,,,,,,,,,,2,2,1,335901703,,
3,32,159,2,20,1,842.403157894737,"01",11,,0,0,1,,,,1,,,,,1,,,,,,,1,,,,,,,,,,,,,0,,,,,,,,,,,,,,,,2,1,2,335902003,,
3,32,159,2,21,1,426.8176,"02",1,,0,0,5,,,,,111,,,,,111,,,,,,,,,,,1,,,,,,,,1,1,1,1,,,1,,,,,,1,,,,2,2,2,335902103,,
3,32,159,2,22,1,426.8176,"01",1,,0,0,1,,,,,111,,,1,,,,,,,,1,,,,,,,,,,,,,1,1,1,,,,,,,,,,,,,,2,2,1,335902203,,
3,32,160,2,1,1,874.894,"02",1,,0,0,5,,1,,,,,,1,,,,,,,,1,,,,,,,,,,,,,1,1,1,,,,,,,,,,,,,,2,3,2,336000103,,
3,32,160,2,2,1,874.894,"01",1,,0,0,5,,,,,111,,,,1,,,,,,,,,,,,,,,1,,,,,0,,,,,,,,,,,,,,,,1,1,1,336000203,,
3,32,160,2,3,1,1217.47297590361,"01",11,,0,0,1,,,,,111,,,,1,,,,,,,,,,,,,,,1,,,,,0,,,,,,,,,,,,,,,,2,2,1,336000303,,
3,32,160,2,4,1,874.894,"01",1,,0,0,5,,,,1,,,,1,,,,,,,,,,,,,1,,,,,,,,1,1,1,,,,,,,,,,,,,,1,2,1,336000403,,
3,32,160,2,5,1,874.894,"01",1,,0,0,1,,,,1,,,,,,111,,,,,1,,,,,,,,,,,,,,1,1,1,1,,,1,,,,,,1,,,,2,3,1,336000503,,
3,32,160,2,7,1,874.894,"01",1,,0,0,1,,,,,111,,,,1,,,,,,,1,,,,,,,,,,,,,0,,,,,,,,,,,,,,,,1,1,1,336000703,,
3,32,160,2,8,1,874.894,"01",1,,0,0,1,,,,,111,,,,1,,,,,,,1,,,,,,,,,,,,,1,1,1,1,,,1,,,,,,,,,,1,2,4,336000803,,
3,32,160,2,10,1,874.894,"01",1,,0,0,5,,1,,1,,,,1,,,,,,,,,,,,,1,,,,,,,,1,1,1,,,,,,,,,,,,,,2,2,1,336001003,,
3,32,160,2,11,1,1217.47297590361,"01",11,,0,0,1,,,,,111,,,,1,,,,,,,1,,,,,,,,,,,,,0,,,,,,,,,,,,,,,,2,2,1,336001103,,
3,32,160,2,13,1,874.894,"02",1,,0,0,5,,,,1,,,,1,1,,,,,,,1,,,,,,,,,,,,,1,1,1,1,,,1,,,,,,,,,,1,3,1,336001303,,
3,32,160,2,14,1,874.894,"01",1,,0,0,5,,1,,,,,,1,,,,,1,,,1,,,,,,,,,,,,,1,1,1,1,,,1,,,,,,,,,,1,3,1,336001403,,
3,32,160,2,15,1,874.894,"01",1,,0,0,5,,,,1,,,,,1,,,,,,,1,,,,,,,,,,,,,1,1,1,1,,,1,,,,,,,,,,1,3,1,336001503,,
3,32,160,2,16,1,874.894,"01",1,,0,0,5,,,1,,,,,1,,,,,,1,,1,,,,,,,,,,,,,1,1,1,1,,,1,,,,,,,,,,1,3,1,336001603,,
3,32,160,2,17,1,1217.47297590361,"01",11,,0,0,1,,,,,111,,,1,,,,,,,,1,,,,,,,,,,,,,1,1,1,1,,,,,,,,,,,,,2,1,1,336001703,,
3,32,160,2,18,1,874.894,"02",1,,0,1,5,,1,,,,,,,1,,,,,1,,1,,,,,,,,,,,,,1,1,1,1,,,1,,,,,,,,,,2,2,1,336001803,,
3,32,160,2,19,1,874.894,"01",1,,0,0,5,,,,,111,,,1,,,,,,,,1,,,,,,,,,,,,,1,1,1,1,,,,,,,,,1,,,,1,2,1,336001903,,
3,32,160,2,20,1,1217.47297590361,"01",11,,0,0,1,,,,,111,,,,,111,,,,,,,,,,,,,,,,1,,,0,,,,,,,,,,,,,,,,2,888,1,336002003,,
3,32,160,2,21,1,874.894,"01",1,,0,0,5,,,,,111,,,,,111,,,,,,,,,,,,,,,,1,,,0,,,,,,,,,,,,,,,,1,1,1,336002103,,
3,32,161,2,1,1,1397.90642222222,"02",9,,0,0,1,,,,1,,,,,1,,,,,,,1,,,,,,,,,,,,,1,1,1,1,,,,,,,,,,,,,2,2,1,336100103,,
3,32,161,2,2,1,1397.90642222222,"01",11,,0,0,1,,,,,111,,,,,111,,,,,,,,,,,,,,1,,,,,0,,,,,,,,,,,,,,,,2,1,1,336100203,,
3,32,161,2,3,1,331.0831,"01",1,,0,0,1,,,,1,,,,1,1,,,,,,,1,,,,,,,,,,,,,1,0,,,,,,,,,,,,,,,1,1,1,336100303,,
3,32,161,2,4,1,1397.90642222222,"01",11,,0,0,1,,,,1,,,,,1,,,,,,,1,,,,,,,,,,,,,0,,,,,,,,,,,,,,,,2,3,1,336100403,,
3,32,161,2,5,1,331.0831,"01",1,,0,0,1,,1,,,,,,1,,,,,,,,,,,,,,,,,,1,,,1,1,1,1,,,1,,,,,,,,,,1,2,1,336100503,,
3,32,161,2,6,1,1397.90642222222,"01",11,,0,0,1,,,,,111,,,1,,,,,,,,1,,,,,,,,,,,,,1,0,,,,,,,,,,,,,,,2,1,1,336100603,,
3,32,161,2,7,1,331.0831,"01",1,,0,0,1,,,,1,,,,,,111,,,,,,,,,,,1,,,,,,,,0,,,,,,,,,,,,,,,,1,2,1,336100703,,
3,32,161,2,8,1,331.0831,"01",1,,0,0,1,,,,,111,,,,,111,,,,,,,,,,,,,,,,1,,,0,,,,,,,,,,,,,,,,2,2,1,336100803,,
3,32,161,2,9,1,331.0831,"01",1,,0,0,1,,,,1,,,,1,,,,,,,,,,,,,1,,,,,,,,1,1,1,1,,,1,,,,,,,,,,1,3,1,336100903,,
3,32,161,2,10,1,331.0831,"01",1,,0,0,1,,,,,111,,,1,,,,,,,,1,,,,,,,,,,,,,0,,,,,,,,,,,,,,,,1,2,1,336101003,,
3,32,161,2,11,1,1397.90642222222,"01",11,,0,0,1,,,,,111,,,1,,,,,,,,1,,,,,,,,,,,,,0,,,,,,,,,,,,,,,,2,888,4,336101103,,
3,32,161,2,12,1,1397.90642222222,"01",9,,0,0,1,,,,1,,,,,1,,,,,,,1,,,,,,,,,,,,,0,,,,,,,,,,,,,,,,2,1,1,336101203,,
3,32,161,2,13,1,331.0831,"01",1,,0,0,5,,,,1,,,,1,1,,,,,,1,1,,,,,,,,,,,,,1,1,1,1,,,1,,,,,,,,,,1,3,1,336101303,,
3,32,161,2,14,1,1397.90642222222,"02",11,,0,0,1,,,,,111,,,,,111,,,,,,,,,,,,,,1,,,,,0,,,,,,,,,,,,,,,,2,888,1,336101403,,
3,32,161,2,15,1,331.0831,"02",1,,0,0,1,,1,,,,,,,1,,,,,,,,,,,,1,,,,,,,,1,1,1,1,,,1,,,,,,,,,,2,2,1,336101503,,
3,32,161,2,16,1,1397.90642222222,"01",11,,0,0,1,,,,,111,,,1,1,,,,,,,1,,,,,,,,,,,,,0,,,,,,,,,,,,,,,,1,1,1,336101603,,
3,32,161,2,17,1,1397.90642222222,"02",9,,0,0,1,,1,,,,,,,1,,,,,,,,,,,,1,,,,,,,,1,1,1,1,,,,,,,,,,,,,2,2,1,336101703,,
3,32,161,2,18,1,331.0831,"01",1,,0,0,1,,,,1,,,,1,,,,,,,,,,,,,1,,,,,,,,0,,,,,,,,,,,,,,,,2,2,1,336101803,,
3,33,162,2,1,1,1184.27806451613,"01",11,,0,0,1,,,,1,,,,1,,,,,,,,1,,,,,1,,,,,,,,1,1,1,1,,,,,,,,,,,,,1,3,1,346200103,,
3,33,162,2,2,1,1184.27806451613,"01",11,,0,0,1,,,,1,,,,1,,,,,,,,1,,,,,1,,,,,,,,0,,,,,,,,,,,,,,,,2,2,1,346200203,,
3,33,162,2,3,1,1184.27806451613,"01",11,,0,0,1,,,,,111,,,,,111,,,,,,,,,,,,,,,,1,,,0,,,,,,,,,,,,,,,,2,3,1,346200303,,
3,33,162,2,4,1,1184.27806451613,"01",11,,0,0,1,,,,,111,,,1,,,,,,,,1,,,,,,,,,,,,,0,,,,,,,,,,,,,,,,2,2,1,346200403,,
3,33,162,2,5,1,1184.27806451613,"01",13,1,0,0,1,,,,,111,,,,,111,,,,,,,,,,,,,,,,1,,,0,,,,,,,,,,,,,,,,2,1,1,346200503,,
3,33,162,2,6,1,1184.27806451613,"01",11,,0,0,1,,,,,111,,,1,,,,,,,,1,,,,,,,,,,,,,0,,,,,,,,,,,,,,,,2,3,4,346200603,,
3,33,162,2,7,1,1184.27806451613,"01",11,,0,0,1,,,,1,,,,,,111,,,,,1,,,,,,,,,,,,,,1,1,1,1,,,,,,,,,,,,,1,3,1,346200703,,
3,33,162,2,8,1,1184.27806451613,"01",6,,0,0,1,,,,,111,,,,1,,,,,,,1,,,,,,,,,,,,,0,,,,,,,,,,,,,,,,2,2,1,346200803,,
3,33,162,2,9,1,1184.27806451613,"01",7,,0,0,1,,,,1,,,,1,1,,,,,,,1,,,,,,,,,,,,,1,1,1,1,,,,,,,,,,,,,2,1,1,346200903,,
3,33,162,2,10,1,1427.713,"01",1,,0,0,1,,,,1,,,,,,111,,,,,,,,,,,,,1,,,,,,0,,,,,,,,,,,,,,,,2,3,1,346201003,,
3,33,162,2,11,1,1184.27806451613,"01",11,,0,0,1,,,,,111,,,,1,,,,,,,1,,,,,,,,,,,,,1,1,1,1,,,,,,,,,,,,,2,2,1,346201103,,
3,33,162,2,14,1,1184.27806451613,"02",9,,0,0,1,,1,,1,,,,,1,,,,1,,,,,,,,,,,,,,,,0,,,,,,,,,,,,,,,,1,3,1,346201403,,
3,33,162,2,15,1,1184.27806451613,"01",9,,0,0,1,,1,,,,,,,1,,,,1,,,,,,,,,,,,,,,,1,1,1,1,,,,,,,,,,,,,1,3,1,346201503,,
3,33,162,2,17,1,1427.713,"02",1,,0,0,1,,,,1,,,,,1,,,,,,,1,,,,,,,,1,,,,,1,1,1,1,,,1,,,,,,1,,,,1,2,1,346201703,,
3,33,162,2,18,1,1427.713,"01",1,,0,0,1,,,,1,,,,1,,,,,,,1,1,,,,,,,,,,,,,1,1,1,1,,,1,,,,,,,,,,2,3,1,346201803,,
3,33,162,2,19,1,1184.27806451613,"01",6,,0,0,1,,,,,111,,,,1,,,,,,,1,,,,,,,,,,,,,0,,,,,,,,,,,,,,,,2,2,1,346201903,,
3,33,162,2,20,1,1184.27806451613,"01",11,,0,0,1,,,,,111,,,,1,,,,,,,1,,,,,,,,,,,,,0,,,,,,,,,,,,,,,,2,2,1,346202003,,
3,33,162,2,22,1,1427.713,"02",1,,0,0,5,,1,,1,,,,1,1,,,,1,,1,1,,,,,,,,,,,,,1,1,1,1,,,1,,,,,,1,,,,1,2,1,346202203,,
3,33,163,1,1,1,39.26535,"02",1,,,,5,,1,,,,,,,,111,,,1,,,,,,,,,,,,,,,,1,1,1,1,,,1,,,1,,,,,,,,3,2,346300103,,
3,33,163,1,2,1,39.26535,"01",1,,,,5,,1,,,,,,,,111,,,1,,,,,,,,,,,,,,,,1,1,1,1,,,1,1,,1,,,,,,,,3,1,346300203,,
3,33,163,1,3,1,39.26535,"03",1,,,,4,,1,,,,,,,,111,,,1,,,,,,,,,,,,,,,,1,1,1,1,,,1,,,,,,,,,,,3,1,346300303,,
3,33,163,1,4,1,39.26535,"01",1,,,,5,,1,,1,,,,1,,,,,1,,,1,,,,,,,,,,,,,1,1,1,1,,,1,1,,,,,,,,,,3,1,346300403,,
3,33,163,1,5,1,39.26535,"01",1,,,,5,,1,,,,,,,,111,,,1,,,,,,,,,,,,,,,,1,1,1,1,,,1,,,,,,,,,,,3,1,346300503,,
3,33,163,1,7,1,39.26535,"01",1,,,,5,,1,,,,,,,,111,,,1,,,,,,,,,,,,,,,,1,1,1,1,,,1,1,,,,,,,,,,3,1,346300703,,
3,33,163,1,8,1,39.26535,"01",1,,,,4,,1,,,,,,,,111,,,1,,,,,,,,,,,,,,,,1,1,1,1,,,1,1,,,,,,,,,,3,1,346300803,,
3,33,163,1,9,1,39.26535,"01",1,,,,4,,1,,,,,,,,111,,,1,,,,,,,,,,,,,,,,1,1,1,1,,,,,,,,,,,,,,3,1,346300903,,
3,33,163,1,10,1,39.26535,"01",1,,,,4,,1,,,,,,,,111,,,,,,,1,,,,,,,,,,,,1,1,1,1,,,,,,,,,,,,,,3,1,346301003,,
3,33,163,1,11,1,39.26535,"02",1,,,,4,,,,,,,,,,111,,,1,,,,,,,,,,,,,,,,1,1,1,1,,,1,,,1,,,,,,,,3,1,346301103,,
3,33,163,1,12,1,39.26535,"01",1,,,,4,,1,,,,,,1,,,,,,,,,,,,,,,,,,1,,,1,1,1,1,,,1,1,,,,,,,,,,3,1,346301203,,
3,33,163,1,13,1,39.26535,"02",1,,,,4,,1,,,,,,,,111,,,1,,,,,,,,,,,,,,,,1,1,1,1,,,1,,,,,,,,,,,3,1,346301303,,
3,33,163,1,15,1,39.26535,"01",1,,,,4,,1,,,,,,,,111,,,1,,,,,,,,,,,,,,,,1,1,1,,,,,,,,,,,,,,,3,1,346301503,,
3,33,163,1,16,1,39.26535,"01",1,,,,4,,1,,,,,,1,,,,,1,,,,,,,,,,,,,,,,1,1,1,,,,,,,,,,,,,,,3,1,346301603,,
3,33,163,1,17,1,39.26535,"01",1,,,,5,,1,,,,,,,,111,,,1,,,,,,,,,,,,,,,,1,1,1,,,,,,,,,,,,,,,3,1,346301703,,
3,33,163,1,18,1,39.26535,"01",1,,,,5,,1,,,,,,,,111,,,1,,,,,,,,,,,,,,,,1,1,1,1,,,1,1,,,,,1,,,,,3,1,346301803,,
3,33,163,1,19,1,39.26535,"02",1,,,,4,,1,,1,,,,,,111,,,1,,1,,,,,,,,,,,,,,1,1,1,1,,,1,1,,,,,1,,,,,3,1,346301903,,
3,33,163,1,20,1,39.26535,"02",1,,,,4,,1,,,,,,1,,,,,,,,,,,,,,,,,,,,,1,1,1,1,,,1,,,1,,,,,,,,3,1,346302003,,
3,33,164,1,1,1,40.7132292682927,"02",11,,,,1,,,,1,,,,1,,,,,,,,1,,,,,,,,,,,,,1,1,1,1,,,,,,,,,1,,,,,1,2,346400103,,
3,33,164,1,2,1,40.7132292682927,"01",5,,,,1,,,,1,,,,,,111,,,,,,,,,,,,,1,1,,,,,1,1,1,1,,,,,,,,,1,,,,,1,2,346400203,,
3,33,164,1,4,1,208.6553,"01",1,,,,4,,1,1,,,,,1,,,,,1,,,,,,,,,,,,,,,,1,1,,1,,,1,1,,,,,1,,,,,3,2,346400403,,
3,33,164,1,5,1,208.6553,"01",1,,,,4,,1,,,,,,1,,,,,1,,,1,,,,,,,,,,,,,1,1,1,1,,,1,,,1,1,,1,1,,,,3,2,346400503,,
3,33,164,1,6,1,208.6553,"01",1,,,,4,,,,,111,,,,,111,,,,,,,,,,,,,,,,1,,,1,1,1,,,,,,,,,,,,,,,3,1,346400603,,
3,33,164,1,8,1,208.6553,"01",1,,,,5,,1,,,,,,,,111,,,1,,,,,,,,,,,,,,,,1,1,1,,,,,,,1,,,,,,,,2,2,346400803,,
3,33,164,1,9,1,208.6553,"01",1,,,,5,,1,,,,,,,1,,,,,,,1,,,,,,,,,,,,,1,1,1,1,,,1,,,,,,,,,,,2,2,346400903,,
3,33,164,1,10,1,208.6553,"01",1,,,,4,,1,,,,,,,,111,,,,,,,,,,,,,1,1,1,,,,1,1,1,1,,,1,,,1,,,1,1,,,,2,2,346401003,,
3,33,164,1,11,1,208.6553,"01",1,,,,4,,1,,,,,,,,111,,,1,,,,,,,,,,1,1,1,,,,1,1,1,1,,,1,,,1,,,1,,,,,2,2,346401103,,
3,33,164,1,12,1,208.6553,"01",1,,,,5,,1,,,,,,,1,,,,1,,,1,,,,,,,,1,1,,,,1,1,1,1,,,,,1,1,,1,1,1,,,,3,2,346401203,,
3,33,164,1,13,1,208.6553,"01",1,,,,5,,,,,111,,,,,111,,,,,,,,,,,1,,1,1,,,,,1,1,1,1,,,1,1,,1,,,1,,,,,3,1,346401303,,
3,33,164,1,14,1,208.6553,"01",1,,,,5,,1,,,,,,,,111,,,1,,,,,,,1,,,,1,,,,,1,1,1,1,,1,,1,1,1,,,,,,,,3,2,346401403,,
3,33,164,1,15,1,208.6553,"01",1,,,,4,,1,,,,,,,,111,,,1,,,,,,,,,,,1,,,,,1,1,1,1,,,1,1,1,1,,,,,,,,3,2,346401503,,
3,33,164,1,16,1,208.6553,"01",1,,,,5,,1,,,,,,,,111,,,,,,,,,,,,,,1,,,,,1,1,1,1,,,,,,,,,,,,,,3,1,346401603,,
3,33,164,1,17,1,208.6553,"02",1,,,,4,,1,,,,,,,,111,,,1,,,,,,,,,,,,,,,,1,1,1,1,,,1,,,,,,,,,,,3,1,346401703,,
3,33,164,1,18,1,208.6553,"01",1,,,,4,,1,,,,,,1,1,,,,1,,,,,,,,,,,,,,,,1,1,1,1,,,,,,,,,,,,,,3,1,346401803,,
3,33,164,1,19,1,208.6553,"03",1,,,,5,,,,1,,,,,1,,,,,,,,,,,,1,,,,,,,,1,1,1,1,,,1,,,,,,,,,,,3,2,346401903,,
3,33,164,1,20,1,208.6553,"02",1,,,,4,,1,,,,,,,,111,,,,,,,,,,,,,,,,,555,4,1,1,1,1,,,1,,,,,,,,,,,3,1,346402003,,
3,33,165,1,1,1,61.1185308176101,"01",7,,,,1,,,1,,,,,,1,111,,,,,,1,,,,,,,,,,,,,1,0,,,,,,,,,,,,,,,,2,2,346500103,,
3,33,165,1,2,1,61.1185308176101,"02",8,,,,5,,,,,111,,,,,111,,,,,,,,,,,,,,,,1,,,0,,,,,,,,,,,,,,,,,2,1,346500203,,
3,33,165,1,3,1,303.6827,"01",1,,,,5,,,1,,,,,,,111,,,,,,,,,,,,,1,1,,,,,1,1,1,,,,,,,,,,,,,,,2,2,346500303,,
3,33,165,1,4,1,303.6827,"02",1,,,,5,,1,,,,,,,,111,,,1,,,,,,,,,,1,1,1,,,,1,1,1,1,1,,1,1,,1,,1,1,1,,,,3,1,346500403,,
3,33,165,1,5,1,303.6827,"02",1,,,,5,,1,,,,,,,,111,,,1,,,,,,,,,,,,,,,,1,1,1,1,,,1,1,,,,,1,,,,,3,1,346500503,,
3,33,165,1,6,1,303.6827,"01",1,,,,5,,1,,,,,,,,111,,,,,,,,,,,,,,,,1,,,1,1,1,1,,,,,,1,,,1,,,,,2,2,346500603,,
3,33,165,1,7,1,303.6827,"01",1,,,,5,,1,1,,,,,,1,,,,1,,,1,,,,,,,1,,,,,,1,1,1,1,,,1,1,,,,,1,,,,,3,1,346500703,,
3,33,165,1,8,1,303.6827,"02",1,,,,5,,1,,,,,,,,111,,,1,,,1,,,,,,,,,,,,,1,1,1,1,,,1,,,,,,1,,,,,3,2,346500803,,
3,33,165,1,9,1,303.6827,"02",1,,,,5,,,,1,,,,,,111,,,,,,,,,,,1,,,,,,,,1,1,1,1,,,,,,,,,,,,,,2,4,346500903,,
3,33,165,1,10,1,303.6827,"02",1,,,,5,,,,1,,,,,,111,,,,,,,,,,,1,,,,,,,,1,1,1,1,,,1,1,,,,,1,,,,,3,1,346501003,,
3,33,165,1,11,1,303.6827,"02",1,,,,5,,1,,,,,,,,111,,,,,,,,,,,,,,1,,,,,1,1,1,1,,,,,,,,,,,,,,3,2,346501103,,
3,33,165,1,12,1,303.6827,"01",1,,,,5,,,,1,,,,1,1,,,,,,,,,,,,1,,,,,,,,1,1,1,1,,,,,,,,,,,,,,3,1,346501203,,
3,33,165,1,13,1,303.6827,"05",1,,,,5,,1,,,,,,,1,,,,,,,,,,,,,1,,,,,,,1,1,1,1,,,,,,,,,,,,,,3,1,346501303,,
3,33,165,1,14,1,303.6827,"05",1,,,,4,,,,1,,,,1,,,,,,,,,,,,,,,,,,1,,,1,1,1,1,,,1,1,,,,,,,,,,888,1,346501403,,
3,33,165,1,15,1,303.6827,"02",1,,,,5,,1,,,,,,,,111,,,,,,,,,,,,,,,,1,,,1,1,1,1,,,,,,,,,,,,,,2,1,346501503,,
3,33,165,1,16,1,303.6827,"01",1,,,,5,,,,,111,,,,1,,,,,,,,,,,,,,,,,1,,,1,1,1,1,,,,,,,,,,,,,,3,1,346501603,,
3,33,165,1,17,1,303.6827,"01",1,,,,4,,1,,,,,,,1,,,,1,,,1,,,,,,,1,1,,,,,1,1,1,1,,,1,,,1,,,1,,,,,888,2,346501703,,
3,33,165,1,18,1,303.6827,"02",1,,,,5,,,,1,,,,,,111,,,,,,,,,,,,,,,,1,,,1,1,1,1,,,,,,1,,,,,,,,3,2,346501803,,
3,33,166,1,1,1,356.2306,"02",1,,,,5,,1,,,,,,,,111,,,,,,,,,,,,,,1,,,,,1,1,1,1,,,1,,,,,,,,,,,1,4,346600103,,
3,33,166,1,2,1,356.2306,"02",1,,,,1,,1,,,,,,,1,,,,1,,,1,,,,,,,1,1,1,,,,1,1,1,1,,,,,1,,,,1,,,,,2,1,346600203,,
3,33,166,1,3,1,356.2306,"02",1,,,,4,,1,,,,,,1,,,,,1,,,,,,,,,,,,,,,,1,1,1,1,,,,,,,,,1,,,,,3,1,346600303,,
3,33,166,1,4,1,356.2306,"01",1,,,,4,,1,,,,,,,,111,,,1,,,,,,,,,,,,,,,,1,1,1,1,,,1,,,,,,1,,,,,3,1,346600403,,
3,33,166,1,5,1,55.8271835820896,"01",11,,,,5,,,,,111,,,,,111,,,,,,,,,,,,,,1,,,,,1,1,1,1,,,,,,,,,,,,,,1,4,346600503,,
3,33,166,1,6,1,356.2306,"02",1,,,,4,,1,,,,,,1,1,,,,,,,1,,,,,,,,,,,,,1,1,,,1,,1,1,,,,,,,,,,3,2,346600603,,
3,33,166,1,7,1,356.2306,"02",1,,,,4,,1,,,,,,1,,,,,1,,,1,,,,,,,,,,,,,1,1,1,1,,,1,,,,,,1,,,,,3,1,346600703,,
3,33,166,1,8,1,55.8271835820896,"01",8,,,,5,,,,,111,,,,,111,,,,,,,,,,,,,,1,,,,,1,1,1,1,,,,,,,,,,,,,,1,4,346600803,,
3,33,166,1,9,1,356.2306,"01",1,,,,5,,1,,,,,,,,111,,,1,,,,,,,,,,1,1,,,,,1,1,1,1,,,1,,,,,,1,,,,,3,2,346600903,,
3,33,166,1,10,1,55.8271835820896,"02",11,,,,1,,,,1,,,,,1,,,,,,,,,,,,1,,,,,,,,1,1,1,1,,,,,,,,,,,,,,1,4,346601003,,
3,33,166,1,11,1,55.8271835820896,"01",11,,,,1,,,,,111,,,,,111,,,,,,,,,,,,,,,,1,,,1,1,1,1,,,,,,,,,,,,,,2,2,346601103,,
3,33,166,1,13,1,356.2306,"02",1,,,,4,,1,,,,,,,,111,,,1,,,,,,,,,,,,,,,,1,1,1,1,,,1,1,,1,,,1,,,,,3,1,346601303,,
3,33,166,1,14,1,356.2306,"02",1,,,,4,,1,,,,,,,,111,,,1,,,,,,,,,,1,1,1,,,,1,1,1,1,1,,1,1,1,,,1,1,,,,,3,1,346601403,,
3,33,166,1,15,1,356.2306,"01",1,,,,4,,1,,,,,,1,,,,,1,,,,,,,,,,,,,,,,1,1,1,,,,1,,,,,,,,,,,3,1,346601503,,
3,33,166,1,16,1,356.2306,"01",1,,,,5,,1,,,,,,1,1,,,,1,,,1,,,,,,,1,1,,,,,1,1,1,1,,,1,,1,1,,,1,,,,,3,2,346601603,,
3,33,166,1,17,1,356.2306,"02",1,,,,5,,1,1,,,,,,1,,,,,,,1,,,,,1,,1,1,1,,,,1,1,1,1,,,1,,1,,,,1,,,,,3,1,346601703,,
3,33,166,1,18,1,356.2306,"02",1,,,,5,,1,,,,,,1,,,,,1,,,,,,,,,,,,,,,,1,1,1,1,,,1,,,,,,1,,,,,3,1,346601803,,
3,33,166,1,21,1,356.2306,"02",1,,,,5,,,,,111,,,,,111,,,,,,,,,,,,,1,1,,,,,1,1,1,1,,,1,,,,,,1,,,,,3,2,346602103,,
3,33,167,2,1,1,1067.15995098039,"01",9,,0,0,1,,,,,111,,,,,111,,,,,,,,,,,,,,,,1,,,0,,,,,,,,,,,,,,,,1,1,1,346700103,,
3,33,167,2,2,1,1067.15995098039,"01",11,,0,0,1,,,,,111,,,,1,,,,,,,,,,,,,,1,1,,,,,0,,,,,,,,,,,,,,,,2,2,1,346700203,,
3,33,167,2,3,1,1067.15995098039,"01",11,,0,0,1,,,1,,,,,,1,,,,,,,1,,,,,,,,1,,,,,0,,,,,,,,,,,,,,,,2,1,1,346700303,,
3,33,167,2,4,1,1067.15995098039,"01",11,,0,0,1,,,,,111,,,,,111,,,,,,,,,,,,,,1,,,,,0,,,,,,,,,,,,,,,,2,2,1,346700403,,
3,33,167,2,5,1,1067.15995098039,"01",9,,0,0,1,,,,1,,,,1,,,,,,,,1,,,,,,,,,,,,,1,1,1,1,,,,,,,,,1,,,,2,2,1,346700503,,
3,33,167,2,6,1,1067.15995098039,"02",11,,0,0,1,,,,,111,,,,,111,,,,,,,,,,,,,,,,1,,,1,0,,,,,,,,,,,,,,,2,1,4,346700603,,
3,33,167,2,7,1,1067.15995098039,"02",11,,0,0,1,,,,1,,,,1,,,,,,,,1,,,,,,,,,,,,,0,,,,,,,,,,,,,,,,2,2,1,346700703,,
3,33,167,2,8,1,1067.15995098039,"02",11,,0,0,1,,,1,,,,,,,111,,,,,,,,,,,,,,,,1,,,0,,,,,,,,,,,,,,,,1,1,1,346700803,,
3,33,167,2,9,1,1067.15995098039,"02",9,,0,0,1,,,1,,,,,,,111,,,,,,,,,,,,,,1,,,,,0,,,,,,,,,,,,,,,,2,1,1,346700903,,
3,33,167,2,10,1,3110.009,"01",1,,1,0,1,,,,1,,,,,1,,,,,,,,,,,,1,,1,1,,,,,1,1,1,1,,,1,,,1,,,,,,,2,2,1,346701003,,
3,33,167,2,11,1,1067.15995098039,"02",9,,0,0,5,,,1,,,,,1,1,,,,,,,1,,,,,,,1,1,,,,,1,1,1,1,,,1,,1,1,,,1,,,,2,2,1,346701103,,
3,33,167,2,13,1,1067.15995098039,"01",11,,0,0,1,,,,,111,,,,1,,,,,,,1,,,,,,,,1,,,,,1,1,1,1,,,,,,,,,,,,,2,3,1,346701303,,
3,33,167,2,14,1,1067.15995098039,"02",9,,0,0,1,,,,1,,,,1,,,,,,,,1,,,,,,,,,,,,,1,1,1,1,,,,,,,,,1,,,,2,2,1,346701403,,
3,33,167,2,15,1,1067.15995098039,"02",9,,0,0,1,,,1,,,,,,1,,,,,,,1,,,,,,,,1,,,,,0,,,,,,,,,,,,,,,,2,1,1,346701503,,
3,33,167,2,16,1,1067.15995098039,"02",9,,0,0,1,,,,1,,,,1,,,,,,,,1,,,,,,,,,,,,,1,1,1,1,,,,,,,,,1,,,,2,2,1,346701603,,
3,33,167,2,17,1,1067.15995098039,"02",9,,0,0,1,,,,1,,,,1,,,,,,,,1,,,,,,,,,,,,,1,1,1,1,,,,,,,,,1,,,,2,2,1,346701703,,
3,33,167,2,18,1,3110.009,"01",1,,1,0,1,,,,1,,,,,1,,,,,,1,,,,,,,,1,1,,,,,1,1,1,1,,,1,,,1,,,,,,,2,2,1,346701803,,
3,33,167,2,20,1,1067.15995098039,"01",11,,0,0,1,,,,,111,,,,1,,,,,,,1,,,,,,,,1,,,,,0,,,,,,,,,,,,,,,,1,2,1,346702003,,
3,33,168,1,1,1,384.5632,"02",1,,,,5,,1,,,,,,1,,,,,1,,,,,,,,,,,,,,,,1,1,1,1,,,1,1,,,,,1,,,,,3,1,346800103,,
3,33,168,1,3,1,384.5632,"02",1,,,,1,,,,1,,,,1,,,,,1,,,,,,,,1,,,,,,,,1,1,1,1,,,1,,,,,,1,,,,,2,1,346800303,,
3,33,168,1,4,1,384.5632,"02",1,,,,5,,,,1,,,,1,1,,,,,,1,,,,,,,,,,,,,,1,1,1,1,,,,,,,,,,,,,,2,1,346800403,,
3,33,168,1,5,1,384.5632,"01",1,,,,5,,,,1,,,,,1,,,,,,,,,,,,1,,,,,,,,1,1,,,,,1,1,,1,,,,,,,,3,1,346800503,,
3,33,168,1,6,1,384.5632,"01",1,,,,5,,1,,,,,,,,111,,,1,,,,,,,,,,,,,,,,1,1,1,1,,,1,,,1,,,1,,,,,3,1,346800603,,
3,33,168,1,7,1,728.80244415011,"01",11,,,,1,,,,,111,,,,,111,,,,,,,,,,,,,,,,1,,,1,0,,,,,,,,,,,,,,,,1,2,346800703,,
3,33,168,1,8,1,384.5632,"01",1,,,,5,,,,1,,,,,1,,,,,,,1,,,,,,,,,,,,,1,1,1,1,,,1,,,,,,1,,,,,2,1,346800803,,
3,33,168,1,9,1,384.5632,"01",1,,,,5,,1,,,,,,,,111,,,,,,,,,,,,,,1,,,,,1,0,,,,,,,,,,,,,,,,2,1,346800903,,
3,33,168,1,10,1,384.5632,"01",1,,,,5,,1,,,,,,,,111,,,1,,,,,,,,,,,,,,,,1,1,1,1,,,1,,,,,,,,,,,3,2,346801003,,
3,33,168,1,11,1,384.5632,"01",1,,,,1,,,,,111,,,,,111,,,,,,,,,,,,,,,,1,,,1,1,1,1,,,,,,,,,,,,,,2,1,346801103,,
3,33,168,1,12,1,384.5632,"01",1,,,,5,,1,,,,,,1,,,,,1,,,,,,,,,,,,,,,,1,1,1,1,,,1,,,,,,1,,,,,3,2,346801203,,
3,33,168,1,13,1,384.5632,"02",1,,,,5,,1,,,,,,1,1,,,,1,,,,,,,,,,,,,,,,1,1,1,1,,,1,,,,,,,,,,,3,1,346801303,,
3,33,168,1,14,1,384.5632,"02",1,,,,5,,1,,1,,,,,1,,,,1,,,,,,,,1,,,,,,,,1,1,1,1,,,1,,,,,,1,1,,,,3,2,346801403,,
3,33,168,1,15,1,384.5632,"02",1,,,,5,,,,1,,,,,1,,,,,,,,,,,,1,,,,,,,,1,1,,1,,,1,,,1,,,,,,,,3,1,346801503,,
3,33,168,1,16,1,384.5632,"02",1,,,,4,,1,,,,,,,,111,,,1,,,,,,,,,,,,,,,,1,1,1,1,,,1,,,,,,1,,,,,3,1,346801603,,
3,33,168,1,17,1,384.5632,"02",1,,,,5,,,,1,,,,1,1,,,,,,,,,,,,1,,,1,,,,,1,1,,,,,1,,,1,,,1,,,,,3,1,346801703,,
3,33,168,1,20,1,384.5632,"02",1,,,,5,,1,,,,,,1,1,,,,1,,,,,,,,,1,,1,,,,,1,1,1,1,,,1,,,,,,,,,,,3,1,346802003,,
3,33,168,1,21,1,384.5632,"01",1,,,,5,,1,,,,,,,1,,,,1,,,1,,,,,,,,,1,,,,1,1,1,1,,,1,,,,,,1,,,,,3,1,346802103,,
3,33,169,1,1,1,251.307332571429,"01",13,1,,,1,,,,,111,,,,,111,,,,,,,,,,,,,,,,1,,,0,,,,,,,,,,,,,,,,,2,1,346900103,,
3,33,169,1,2,1,251.307332571429,"01",8,,,,1,,,,,111,,,1,,,,,,,,,,,,,,,,,,1,,,0,,,,,,,,,,,,,,,,,1,1,346900203,,
3,33,169,1,3,1,251.307332571429,"01",8,,,,5,,,,,111,,,,1,,,,,,,,,,,,,,1,1,,,,,0,,,,,,,,,,,,,,,,,1,4,346900303,,
3,33,169,1,4,1,251.307332571429,"02",11,,,,1,,,,1,,,,,1,,,,,,,,,,,,,,,,,1,,,0,,,,,,,,,,,,,,,,,1,1,346900403,,
3,33,169,1,5,1,251.307332571429,"01",6,,,,1,,,,,111,,,,,111,,,,,,,,,,,,,,1,,,,,0,,,,,,,,,,,,,,,,,1,1,346900503,,
3,33,169,1,6,1,192.8894,"03",1,,,,5,,1,,,,,,,1,,,,,,1,1,,,,,,,1,1,,,,,1,1,1,1,,,,,,1,,,,,,,,2,1,346900603,,
3,33,169,1,7,1,251.307332571429,"02",11,,,,1,,,,1,,,,,,111,,,,,,,,,,,,,1,1,,,,,0,,,,,,,,,,,,,,,,,2,1,346900703,,
3,33,169,1,8,1,192.8894,"01",1,,,,5,,,,1,,,,1,,,,,,,,,,,,,,,,,,1,,,1,0,,,,,,,,,,,,,,,,2,1,346900803,,
3,33,169,1,9,1,192.8894,"01",1,,,,1,,,,1,,,,,,111,,,,,,,,,,,1,,,,,,,,0,,,,,,,,,,,,,,,,,1,1,346900903,,
3,33,169,1,10,1,192.8894,"01",1,,,,5,,,,,111,,,,,111,,,,,,,,,,,1,,1,1,,,,,1,1,1,1,,,1,,,1,,,,,,,,2,1,346901003,,
3,33,169,1,12,1,192.8894,"02",1,,,,1,,,,,111,,,1,,,,,,,,1,,,,,,,,,,,,,1,1,1,1,,,1,,,,,,1,,,,,2,1,346901203,,
3,33,169,1,13,1,251.307332571429,"01",11,,,,1,,,,,111,,,,,111,,,,,,,,,,,,,,,,1,,,1,1,1,1,,,,,,,,,,,,,,1,1,346901303,,
3,33,169,1,14,1,251.307332571429,"02",7,,,,1,,,,1,,,,,,111,,,,,1,,,,,,,,1,1,,,,,1,1,1,1,,,,,,1,,,,,,,,2,1,346901403,,
3,33,169,1,15,1,192.8894,"01",1,,,,1,,,,,111,,,,1,,,,,,,,,,,,,,,,,1,,,1,1,1,1,,,,,,,,,,,,,,1,1,346901503,,
3,33,169,1,17,1,251.307332571429,"01",11,,,,1,,,,,111,,,,1,,,,,,,,,,,,,,,,,1,,,0,,,,,,,,,,,,,,,,,1,1,346901703,,
3,33,169,1,18,1,192.8894,"02",1,,,,1,,,,,111,,,,,111,,,,,,,,,,,,,,,,1,,,1,1,1,1,,,,,,,,,1,,,,,2,1,346901803,,
3,33,169,1,19,1,251.307332571429,"02",11,,,,1,,,,1,,,,1,,,,,,,,1,,,,,,,,,,,,,1,1,1,1,,,,,,,,,1,,,,,2,1,346901903,,
3,33,169,1,22,1,192.8894,"02",1,,,,1,,,,1,,,,1,,,,,,,,,,,,,,,,1,,,,,1,1,1,1,,,1,,,,,,,,,,,2,1,346902203,,
3,33,170,2,1,1,1375.08,"02",1,,0,0,1,,1,1,,,,,,,111,,,,,,,,,,,1,,1,1,,,,,1,1,1,1,,,1,,1,,,,1,,,,2,2,1,347000103,,
3,33,170,2,3,1,1065.687,"01",9,,0,0,1,,,,1,,,,,1,,,,,,,,,,,,1,,1,1,,,,,1,1,1,1,,,,,,1,,,,,,,1,3,1,347000303,,
3,33,170,2,4,1,1375.08,"01",1,,0,0,1,,,,1,,,,,,111,,,,,1,,,,,,,,,,,,,,1,0,,,,,,,,,,,,,,,2,2,1,347000403,,
3,33,170,2,5,1,1065.687,"02",6,,0,0,1,,,,,111,,,,,111,,,,,,,,,,,,,1,1,,,,,0,,,,,,,,,,,,,,,,1,2,1,347000503,,
3,33,170,2,6,1,1065.687,"01",11,,0,0,1,,,,1,,,,,,111,,,,,,,,,,,,,,,,1,,,1,1,1,1,,,,,,,,,1,,,,2,1,1,347000603,,
3,33,170,2,7,1,1065.687,"01",11,,1,0,5,,,,1,,,,1,,,,,,,1,,,,,,,,,,,,,,0,,,,,,,,,,,,,,,,2,1,1,347000703,,
3,33,170,2,8,1,1065.687,"06",8,,1,0,1,,,,1,,,,,,111,,,,,,,,,,,,,,,,1,,,1,1,1,1,,,,,,,,,,,,,2,2,1,347000803,,
3,33,170,2,9,1,1065.687,"01",11,,1,0,1,,,,1,,,,,1,,,,,,,,,,,,,,,1,,,,,1,1,1,1,,,,,,,,,,,,,2,2,1,347000903,,
3,33,170,2,10,1,1375.08,"02",1,,0,0,1,,,1,,,,,,1,,,,,,,1,,,,,1,,1,1,,,,,1,1,1,1,,,1,,,,,,1,,,,1,2,1,347001003,,
3,33,170,2,11,1,1375.08,"02",1,,0,0,1,,,,,111,,,,,111,,,,,,,,,,,,,1,1,,,,,1,1,1,1,,,,,,,,,1,,,,2,3,1,347001103,,
3,33,170,2,12,1,1375.08,"01",1,,1,0,5,,,,,111,,,,,111,,,,,,,,,,,,,,1,,,,,1,1,1,1,,,1,,,,,,,,,,2,3,1,347001203,,
3,33,170,2,13,1,1375.08,"02",1,,1,0,5,,1,,1,,,,1,1,,,,,,1,,,,,,,,,,,,,,1,1,1,1,,,1,,,,,,1,,,,1,3,1,347001303,,
3,33,170,2,15,1,1065.687,"02",11,,0,0,5,,,,1,,,,,,111,,,,,,,,,,,,,,,,1,,,0,,,,,,,,,,,,,,,,2,888,4,347001503,,
3,33,170,2,16,1,1375.08,"01",1,,2,0,1,,,,,111,,,,,111,,,,,,,,,,,,,,,,1,,,0,,,,,,,,,,,,,,,,2,1,1,347001603,,
3,33,170,2,17,1,1375.08,"01",1,,1,0,1,,,1,,111,,,1,,,,,,1,,,,,,,,,,,,,,,1,0,,,,,,,,,,,,,,,1,3,1,347001703,,
3,33,170,2,18,1,1375.08,"02",1,,0,0,1,,,,1,,,,1,,,,,,1,,,,,,,,,1,1,,,,,1,1,1,1,,,,,,,,,1,,,,2,2,1,347001803,,
3,33,170,2,19,1,1065.687,"02",11,,0,0,1,,,1,,,,,,,111,,,,,,,,,,,,,,,,1,,,1,0,,,,,,,,,,,,,,,2,1,1,347001903,,
3,33,170,2,22,1,1375.08,"01",1,,0,0,1,,,,1,,,,,,111,,,,,,,,,,,1,,1,1,,,,,1,1,1,1,,,1,,,1,,,,,,,2,3,4,347002203,,
3,33,171,1,1,1,92.5471440443213,"01",11,,,,1,,,,1,,,,,1,,,,,,1,,,,,,,,,,,,,,0,,,,,,,,,,,,,,,,,1,1,347100103,,
3,33,171,1,2,1,607.4458,"01",2,,,,5,,,,1,,,,,1,,,,,,,1,,,,,,,,,,,,,0,,,,,,,,,,,,,,,,,1,1,347100203,,
3,33,171,1,3,1,607.4458,"01",1,,,,1,,,,,111,,,,,111,,,,,,,,,,1,,,1,1,,,,,1,1,1,1,,,1,,,,,,,,,,,2,1,347100303,,
3,33,171,1,4,1,607.4458,"01",1,,,,5,,,,1,,,,,1,,,,,,,,,,,,1,,,,,,,,1,1,1,1,,,1,,,,,,,,,,,3,1,347100403,,
3,33,171,1,5,1,92.5471440443213,"01",11,,,,5,,,,,111,,,1,,,,,,,,1,,,,,,,,,,,,,0,,,,,,,,,,,,,,,,,1,1,347100503,,
3,33,171,1,6,1,92.5471440443213,"02",11,,,,1,,,,,111,,,,,111,,,,,,,,,,,,,,,,1,,,1,1,1,1,,,,,,,,,1,,,,,2,1,347100603,,
3,33,171,1,7,1,92.5471440443213,"02",11,,,,5,,1,,,,,,,,111,,,,,,,,,,,,,1,1,,,,,1,1,1,1,,,,,,,,,1,,,,,3,2,347100703,,
3,33,171,1,8,1,92.5471440443213,"01",11,,,,1,,,1,,,,,,,111,,,,,,,,,,,,,,,,1,,,0,,,,,,,,,,,,,,,,,2,1,347100803,,
3,33,171,1,9,1,92.5471440443213,"02",11,,,,1,,,1,,,,,1,,,,,,,,1,,,,,,,,,,,,,1,0,,,,,,,,,,,,,,,,1,2,347100903,,
3,33,171,1,10,1,92.5471440443213,"02",7,,,,1,,,,,111,,,,,111,,,,,,,,,,,,,,,,1,,,0,,,,,,,,,,,,,,,,,2,1,347101003,,
3,33,171,1,11,1,607.4458,"02",1,,,,5,,,,1,,,,,,,,,,,,1,,,,,,,,,,,,,1,1,1,1,,,1,,,,,,1,,,,,2,1,347101103,,
3,33,171,1,12,1,607.4458,"02",1,,,,5,,,,,111,,,,,111,,,,,,,,,,1,,,1,1,,,,,1,1,1,1,,,1,,,1,,,,,,,,3,1,347101203,,
3,33,171,1,13,1,607.4458,"01",1,,,,1,,,,,111,,,,1,,,,,,,1,,,,,,,1,1,,,,,0,,,,,,,,,,,,,,,,,2,1,347101303,,
3,33,171,1,15,1,607.4458,"02",1,,,,5,,1,,,,,,,1,,,,1,,,1,,,,,,,1,1,,,,,1,1,1,1,,,,1,1,1,,,1,,,,,3,1,347101503,,
3,33,171,1,16,1,607.4458,"01",1,,,,5,,1,,,,,,,1,,,,1,,,,,,,,,,,,,,,,1,1,,1,1,,1,,,,,,,,,,,3,1,347101603,,
3,33,171,1,20,1,607.4458,"01",1,,,,5,,,,1,,,,,1,,,,,,,,,,,,1,,,,,,,,1,1,,1,,,1,1,,,,,,,,,,2,1,347102003,,
3,33,171,1,21,1,607.4458,"02",1,,,,5,,,,1,,,,1,1,,,,,,1,,,,,,,,,,,,,,1,1,1,1,,,1,,,,,,,,,,,3,1,347102103,,
3,33,171,1,22,1,607.4458,"01",1,,,,5,,,,1,,,,1,,,,,,,,1,,,,,1,,,,,,,,1,1,1,1,,,1,,,,,,1,,,,,3,1,347102203,,
3,33,172,1,1,1,451.5992,"01",1,,,,5,,,1,,,,,1,,,,,,1,,,,,,,,,,,,,,,1,1,,,,,,,,,,,1,,,,,3,1,347200103,,
3,33,172,1,2,1,94.4521202614379,"02",8,,,,1,,,,,111,,,,,111,,,,,,,,,,,,,1,,,,,,1,1,1,1,,,,,,,,,1,,,,,2,1,347200203,,
3,33,172,1,3,1,94.4521202614379,"02",7,,,,1,,,,1,,,,,,111,,,,,,,,,,,,,1,,,,,,0,,,,,,,,,,,,,,,,,2,2,347200303,,
3,33,172,1,4,1,451.5992,"01",1,,,,5,,1,,,,,,,,111,,,1,,,,,,,,,,,,,,,,1,1,1,1,,,1,1,,,,,1,,,,,3,1,347200403,,
3,33,172,1,5,1,451.5992,"01",1,,,,5,,,,,111,,,,,111,,,,,,,,,,,,,1,1,,,,,1,1,1,1,,,1,,,,,,,,,,,3,1,347200503,,
3,33,172,1,6,1,451.5992,"01",1,,,,5,,1,,1,,,,,1,,,,1,,,,,,,,1,,1,1,,,,,1,1,1,1,,,1,,1,1,,,,,,,,2,1,347200603,,
3,33,172,1,7,1,451.5992,"03",1,,,,4,,1,,,,,,1,,,,,1,,,,,,,,,,,,,,,,1,1,1,1,,,1,,,,,,1,,,,,3,1,347200703,,
3,33,172,1,8,1,451.5992,"02",1,,,,5,,1,,,,,,,,111,,,,,,,,,,,,,1,1,,,,,1,1,1,1,,,,,,1,,,,,,,,3,2,347200803,,
3,33,172,1,9,1,451.5992,"01",1,,,,5,,,,1,,,,,,111,,,,,,,,,,1,,,1,1,,,,,1,1,1,1,,,1,,,,,,,,,,,2,2,347200903,,
3,33,172,1,10,1,451.5992,"01",1,,,,5,,,,,111,,,,,111,,,,,,,,,,,,,,1,,,,,1,0,,,,,,,,,,,,,,,,2,1,347201003,,
3,33,172,1,12,1,451.5992,"01",1,,,,5,,1,,,,,,,,111,,,,,,,,,,,,,1,,,,,,1,1,1,1,,,1,,,,,,1,,,,,2,2,347201203,,
3,33,172,1,13,1,451.5992,"02",1,,,,5,,1,,,,,,,1,,,,1,,,1,,,,,,,,,,,,,1,1,1,1,,,1,,,,,,1,,,,,3,1,347201303,,
3,33,172,1,14,1,451.5992,"01",1,,,,5,,,,,111,,,,,111,,,,,,,,,,,,,,,,1,,,1,1,,,,,,,,,,,1,,,,,3,1,347201403,,
3,33,172,1,15,1,451.5992,"03",1,,,,5,,1,,,,,,1,,,,,,,,1,,,,,,,,,,,,,1,1,1,1,,1,1,,,,,,1,,,,,2,1,347201503,,
3,33,172,1,16,1,451.5992,"01",1,,,,5,,1,,1,,,,1,1,,,,1,,,,,,,,1,,,1,,,,,1,1,1,1,,,1,1,,1,,,,,,,,2,1,347201603,,
3,33,172,1,17,1,94.4521202614379,"01",8,,,,1,,,,,111,,,,,111,,,,,,,,,,,,1,,,,,,,1,0,,,,,,,,,,,,,,,,2,4,347201703,,
3,33,172,1,18,1,451.5992,"02",1,,,,5,,,,1,,,,,,111,,,,,,,1,,,,,,1,1,,,,,1,1,1,1,,,1,1,1,1,,1,1,1,,,,3,1,347201803,,
3,33,172,1,20,1,451.5992,"02",1,,,,5,,1,,,,,,1,,,,,,,,,,,,,1,,,,,,,,1,1,1,1,,,1,,,,,,1,,,,,3,1,347202003,,
3,33,173,1,1,1,681.81784,"01",7,,,,5,,,1,,,,,1,,,,,,1,,,,,,,,,,,,,,,1,1,1,1,,,,,,1,,,1,,,,,1,1,347300103,,
3,33,173,1,2,1,681.81784,"02",11,,,,5,,,,,111,,,,,111,,,,,,,,,,,,,,1,,,,,0,,,,,,,,,,,,,,,,,888,1,347300203,,
3,33,173,1,3,1,681.81784,"01",8,,,,1,,,,,111,,,,,111,,,,,,,,,,,,,,,,1,,,1,0,,,,,,,,,,,,,,,,2,1,347300303,,
3,33,173,1,4,1,697.3137,"01",1,,,,1,,,,1,,,,,,111,,,,,,,,,,,,,,1,,,,,1,1,1,1,,,,,,1,,,,,,,,1,2,347300403,,
3,33,173,1,5,1,681.81784,"01",7,,,,1,,,,,111,,,,,111,,,,,,,,,,,,,,,,1,,,0,,,,,,,,,,,,,,,,,2,1,347300503,,
3,33,173,1,6,1,681.81784,"04",13,1,,,1,,,,,111,,,,,111,,,,,,,,,,,,,,,,1,,,0,,,,,,,,,,,,,,,,,2,1,347300603,,
3,33,173,1,7,1,681.81784,"01",13,8,,,1,,,,1,,,,,,111,,,,,,,,,,,,,,,,1,,,0,,,,,,,,,,,,,,,,,1,1,347300703,,
3,33,173,1,8,1,681.81784,"02",8,,,,1,,,,,111,,,,,111,,,,,,,,,,,,,,,,1,,,0,,,,,,,,,,,,,,,,,1,1,347300803,,
3,33,173,1,10,1,697.3137,"02",1,,,,1,,,,,111,,,,,111,,,,,,,,,,,,,1,1,,,,,1,1,1,1,,,1,,,,,,,,,,,2,1,347301003,,
3,33,173,1,11,1,697.3137,"01",1,,,,5,,1,,,,,,1,1,,,,1,,,,,,,,,,,,,,,,1,1,1,1,,,,,,,,,,,,,,3,1,347301103,,
3,33,173,1,12,1,697.3137,"01",1,,,,5,,,,1,,,,,,111,,,,,1,,,,,,,,,,,,,,1,1,1,1,,,1,,,,,,1,,,,,2,1,347301203,,
3,33,173,1,13,1,681.81784,"01",7,,,,1,,,,,111,,,,1,,,,,,,1,,,,,,,,,,,,,1,1,1,1,,,,,,,,,1,,,,,2,2,347301303,,
3,33,173,1,14,1,697.3137,"02",1,,,,1,,,1,,,,,,,111,,,,,,,,,,,,,1,,,,,,1,1,,,,,1,,,,,,,,,,,1,1,347301403,,
3,33,173,1,15,1,681.81784,"02",9,,,,1,,,,1,,,,,1,,,,,,,,,,,,1,,,,,,,,1,1,1,1,,,,,,,,,1,,,,,2,2,347301503,,
3,33,173,1,16,1,697.3137,"02",1,,,,5,,,,,111,,,,,111,,,,,,,,,,,,,,,,1,,,1,1,,1,,,1,,,,,,1,,,,,3,1,347301603,,
3,33,173,1,18,1,697.3137,"02",1,,,,5,,,,1,,,,1,,,,,,,,1,,,,,,,,,,,,,1,1,1,1,,,1,,,,,,1,,,,,3,1,347301803,,
3,33,173,1,19,1,681.81784,"01",8,,,,1,,,,,111,,,,,111,,,,,,,,,,,,,1,1,,,,,1,1,1,,,1,,,,,,,,,,,,1,1,347301903,,
3,33,173,1,20,1,697.3137,"01",1,,,,1,,,,1,,,,,,111,,,,,,,,,,,,,1,1,,,,,0,,,,,,,,,,,,,,,,,1,1,347302003,,
3,33,174,1,1,1,33.4869953051643,"01",11,,,,1,,,,,111,,,,,111,,,,,,,,,,,,,,,,1,,,1,0,,,,,,,,,,,,,,,,2,1,347400103,,
3,33,174,1,2,1,226.9505,"01",1,,,,1,,,,,111,,,,,111,,,,,,,,,,,,,,,,1,,,1,1,1,1,,,,,,1,,,,,,,,3,2,347400203,,
3,33,174,1,3,1,226.9505,"01",1,,,,1,,,,,111,,,,,111,,,,,,,,,,,,,,1,,,,,0,,,,,,,,,,,,,,,,,2,1,347400303,,
3,33,174,1,4,1,33.4869953051643,"01",11,,,,1,,,,1,,,,,,111,,,,,,,,,,,1,,,,,,,,1,1,1,1,,,,,,1,,,,,,,,2,1,347400403,,
3,33,174,1,5,1,33.4869953051643,"01",11,,,,5,,,,1,,,,,,111,,,,,,,1,,,,,,,,,,,,1,1,1,1,,,,,,1,,,,,,,,2,1,347400503,,
3,33,174,1,6,1,33.4869953051643,"01",11,,,,1,,,,,111,,,,,111,,,,,,,,,,,,,,,,1,,,0,,,,,,,,,,,,,,,,,2,4,347400603,,
3,33,174,1,7,1,226.9505,"01",1,,,,5,,,,,111,,,,,111,,,,,,,,,,,,,,,,1,,,1,1,1,1,,,,,,,,,,,,,,2,1,347400703,,
3,33,174,1,8,1,226.9505,"01",1,,,,5,,,,,111,,,,,111,,,,,,,,,,,,,,,,1,,,0,,,,,,,,,,,,,,,,,3,1,347400803,,
3,33,174,1,9,1,226.9505,"01",1,,,,1,,,,,111,,,,,111,,,,,,,,,,,,,,,,1,,,0,,,,,,,,,,,,,,,,,3,1,347400903,,
3,33,174,1,10,1,226.9505,"02",1,,,,5,,,,,111,,,,,111,,,,,,,,,,,,,,,,1,,,1,1,1,1,,,1,,,,,,,,,,,3,1,347401003,,
3,33,174,1,12,1,33.4869953051643,"01",11,,,,1,,,,,111,,,,,111,,,,,,,,,,,,,,,,1,,,1,1,1,,,,,,,,,,,,,,,2,4,347401203,,
3,33,174,1,13,1,226.9505,"01",1,,,,5,,,,,111,,,1,,,,,,,,1,,,,,,,,,,,,,1,1,1,,,,,,,,,,,,,,,3,1,347401303,,
3,33,174,1,15,1,226.9505,"02",1,,,,1,,,,,111,,,,,111,,,,,,,,,,,,,,1,,,,,0,,,,,,,,,,,,,,,,,3,1,347401503,,
3,33,174,1,16,1,226.9505,"02",1,,,,1,,,,,111,,,,1,,,,,1,,,,,,,,,,,,,,,1,1,1,1,,,,,,,,,1,,,,,2,1,347401603,,
3,33,174,1,18,1,226.9505,"02",1,,,,5,,,,,111,,,1,,,,,,1,,,,,,,,,,,,,,,0,,,,,,,,,,,,,,,,,3,1,347401803,,
3,33,174,1,19,1,33.4869953051643,"02",7,,,,1,,,,,111,,,,,111,,,,,,,,,,,,,,1,,,,,0,,,,,,,,,,,,,,,,,2,1,347401903,,
3,33,174,1,20,1,33.4869953051643,"02",11,,,,5,,,1,,,,,,1,,,,,,,,,,,,,,,1,,,,,1,1,1,1,,,,,,,,,,,,,,2,4,347402003,,
3,33,174,1,21,1,226.9505,"01",1,,,,4,,1,,,,,,1,,,,,1,,,,,,,,,,,,,,,,1,1,1,,,,,,,,,,,,,,,3,1,347402103,,
3,33,175,1,1,1,148.1571,"02",1,,,,5,,1,,,,,,,,111,,,,,,,,,,,,,,1,,,,,1,1,1,1,,,,,,,,,1,,,,,3,1,347500103,,
3,33,175,1,2,1,148.1571,"01",1,,,,5,,,,,111,,,,,111,,,,,,,,,,,,,,,,1,,,0,,,,,,,,,,,,,,,,,2,1,347500203,,
3,33,175,1,3,1,1096.20900932643,"01",11,,,,1,,,,1,,,,1,,,,,,,,1,,,,,,,,,,,,,1,1,1,1,,,,,,,,,1,,,,,2,1,347500303,,
3,33,175,1,4,1,148.1571,"01",1,,,,1,,,,1,,,,1,,,,,,,,,,,,,1,,,,,,,,1,1,1,,,,,,,,,,,,,,,1,1,347500403,,
3,33,175,1,5,1,148.1571,"02",1,,,,1,,1,,,,,,,,111,,,,,,,,,,,,,,1,,,,,0,,,,,,,,,,,,,,,,,2,1,347500503,,
3,33,175,1,6,1,148.1571,"01",1,,,,1,,,,1,,,,1,1,,,,,,,1,,,,,,,,,,,,,1,1,1,1,,,1,,,,,,1,,,,,2,1,347500603,,
3,33,175,1,7,1,148.1571,"01",1,,,,1,,,,,111,,,,,111,,,,,,,,,,,,,,1,,,,,0,,,,,,,,,,,,,,,,,3,1,347500703,,
3,33,175,1,8,1,148.1571,"01",1,,,,1,,,,,111,,,1,,,,,,,,1,,,,,,,,,,,,,1,1,1,1,,,,,,,,,,,,,,2,2,347500803,,
3,33,175,1,9,1,148.1571,"01",1,,,,1,,,,,111,,,1,,,,,,,,1,,,,,,,,,,,,,1,1,1,1,,,,,,,,,,,,,,3,2,347500903,,
3,33,175,1,10,1,148.1571,"01",1,,,,5,,,,,111,,,1,,,,,,,,1,,,,,,,,,,,,,1,1,1,1,,,1,,,,,,,,,,,3,2,347501003,,
3,33,175,1,11,1,148.1571,"02",1,,,,5,,,,,111,,,1,,,,,,,,1,,,,,,,,,,,,,1,1,1,,,,,,,,,,,,,,,2,1,347501103,,
3,33,175,1,12,1,148.1571,"02",1,,,,5,,,,,111,,,1,,,,,1,,,,,,,,,,,,,,,,1,1,1,1,,,1,,,,,,1,,,,,2,2,347501203,,
3,33,175,1,13,1,148.1571,"02",1,,,,5,,,,,111,,,,,111,,,,,,,,,,,,,,,,1,,,1,1,1,1,,,,,,,,,1,,,,,3,1,347501303,,
3,33,175,1,14,1,148.1571,"02",1,,,,5,,,,1,,,,,1,,,,,,,1,,,,,,,,,,,,,1,1,1,1,,,1,,,1,,,,,,,,2,1,347501403,,
3,33,175,1,15,1,148.1571,"01",1,,,,5,,1,,,,,,1,,,,,1,,,,,,,,,,,,,,,,1,1,1,1,,,1,,,,,,,,,,,2,1,347501503,,
3,33,175,1,16,1,148.1571,"01",1,,,,1,,,,,111,,,1,,,,,,,,,,,,,,,,,,1,,,1,1,1,1,,,1,,,,,,,,,,,2,1,347501603,,
3,33,175,1,17,1,148.1571,"01",1,,,,1,,,,,111,,,1,,,,,,,,1,,,,,,,,,,,,,1,1,1,1,,,1,,,,,,1,,,,,2,2,347501703,,
3,33,175,1,18,1,148.1571,"01",1,,,,4,,1,,,,,,1,,,,,,,1,,,,,,,,,,,,,,1,1,1,,,,,,,,,,,,,,,3,1,347501803,,
3,34,176,1,1,1,244.9496,"02",1,,,,1,,,,,111,,,,,111,,,,,,,,,,,,,1,1,,,,,1,1,,,,,1,,,,,,,,,,,1,4,357600103,,
3,34,176,1,2,1,25.1660547945205,"01",11,,,,1,,,,,111,,,,,111,,,,,,,,,,,,,,,,1,,,0,,,,,,,,,,,,,,,,,888,1,357600203,,
3,34,176,1,3,1,244.9496,"01",1,,,,5,,1,,,,,,,,111,,,1,,,,,,,,,,,,,,,,1,1,1,1,,,,,,,,,,,,,,2,1,357600303,,
3,34,176,1,4,1,25.1660547945205,"01",11,,,,1,,,,1,,,,,1,,,,,,,1,,,,,,,,,,,,,1,1,,1,,,,,,,,,1,,,,,1,1,357600403,,
3,34,176,1,5,1,244.9496,"02",1,,,,1,,,,,111,,,,,111,,,,,,,,,,,,,,1,,,,,0,,,,,,,,,,,,,,,,,2,1,357600503,,
3,34,176,1,6,1,25.1660547945205,"01",11,,,,5,,,,,111,,,,,111,,,,,,,,,,,,,,,,1,,,1,1,1,1,1,,,,,,,,1,,,,,2,1,357600603,,
3,34,176,1,8,1,244.9496,"02",1,,,,5,,,,1,,,,1,,,,,,,,1,,,,,1,,,,,,,,1,1,1,1,,,1,,,,,,,,,,,3,1,357600803,,
3,34,176,1,9,1,244.9496,"01",1,,,,5,,1,,,,,,,,111,,,1,,,,,,,,,,,,,,,,1,1,1,1,,,,,,,,,,,,,,3,2,357600903,,
3,34,176,1,10,1,244.9496,"02",1,,,,5,,1,,,,,,,1,,,,1,,,1,,,,,,,,,,,,,1,1,1,1,,,1,,,,,,,,,,,3,1,357601003,,
3,34,176,1,11,1,244.9496,"01",1,,,,5,,,,1,,,,,,111,,,,,1,,,,,,1,,,,,,,,1,1,1,1,,,1,,,,,,1,,,,,3,1,357601103,,
3,34,176,1,12,1,244.9496,"01",1,,,,1,,,,1,,,,,,111,,,,,,,,,,,,1,,,,,,,1,0,,,,,,,,,,,,,,,,1,1,357601203,,
3,34,176,1,13,1,244.9496,"02",1,,,,5,,,,1,,,,,1,,,,,,,,,,,,1,1,,1,,,,,1,1,1,1,,,1,,,1,,,,,,,,3,1,357601303,,
3,34,176,1,14,1,244.9496,"01",1,,,,4,,1,,,,,,1,,,,,1,,,,,,,,1,,,,,,,,1,1,1,1,,,1,,,,,,1,,,,,3,1,357601403,,
3,34,176,1,15,1,244.9496,"02",1,,,,5,,,,1,,,,,,111,,,,,,,,,,,1,,1,1,,,,,1,1,1,1,,,1,,1,1,,,,,,,,1,1,357601503,,
3,34,176,1,16,1,244.9496,"01",1,,,,5,,,1,,,,,,1,,,,,,,1,,,,,1,,1,1,,,,,1,1,1,,,,1,,,,,,,,,,,2,1,357601603,,
3,34,176,1,17,1,244.9496,"01",1,,,,5,,,1,,,,,1,,,,,,1,,,,,,,,,,,,,,,1,0,,,,,,,,,,,,,,,,3,1,357601703,,
3,34,176,1,18,1,244.9496,"01",1,,,,5,,1,,,,,,,1,,,,1,,,1,,,,,,,,,,,,,1,1,1,1,,,,,,,,,1,,,,,3,1,357601803,,
3,34,176,1,19,1,244.9496,"03",1,,,,5,,,,1,,,,,1,,,,,,,,,,,,1,,1,1,,,,,1,1,1,1,,,1,,1,1,,,,,,,,3,1,357601903,,
3,34,177,2,1,1,1238.97888375,"01",7,,0,0,1,,,,,111,,,,1,,,,,,,1,,,,,,,,,,,,,1,1,1,1,,,,,,,,,,,,,2,3,1,357700103,,
3,34,177,2,2,1,1238.97888375,"01",11,,0,0,1,,,,,111,,,,1,,,,,,,1,,,,,,,,1,,,,,1,1,1,1,,,,,,,,,,,,,2,3,1,357700203,,
3,34,177,2,3,1,1238.97888375,"01",7,,0,0,1,,,,1,,,,,,111,,,,,,,,,,,,,,,,1,,,1,1,1,,,,,,,,,,,,,,1,1,1,357700303,,
3,34,177,2,4,1,1238.97888375,"01",11,,1,0,1,,,,,111,,,,,111,,,,,,,,,,,,,,1,,,,,1,1,1,1,,,,,,,,,,,,,2,1,1,357700403,,
3,34,177,2,5,1,1238.97888375,"01",11,,1,0,1,,,,,111,,,1,1,,,,,1,,,,,,,,,,,,,,,1,1,1,1,,,,,,,,,,,,,2,3,1,357700503,,
3,34,177,2,6,1,909.3423,"01",1,,2,0,1,,,,,111,,,1,1,,,,,1,,,,,,,,,,,,,,,1,1,,1,,,,,,,,,,,,,2,3,1,357700603,,
3,34,177,2,7,1,1238.97888375,"01",11,,2,0,1,,,1,,,,,,1,,,,,,,1,,,,,,,,,,,,,1,1,,1,,,,,,,,,1,,,,1,2,1,357700703,,
3,34,177,2,8,1,1238.97888375,"02",11,,0,0,1,,,1,,,,,,1,,,,,,,1,,,,,,,,,,,,,1,1,1,1,,,,,,,,,1,,,,2,2,1,357700803,,
3,34,177,2,9,1,1238.97888375,"02",11,,0,0,1,,,,,111,,,,,111,,,,,,,,,,,,,,,,1,,,0,,,,,,,,,,,,,,,,1,2,1,357700903,,
3,34,177,2,10,1,1238.97888375,"01",11,,0,0,1,,,,,111,,,,,,555,4,,,,,,,,,,,,,,1,,,0,,,,,,,,,,,,,,,,1,1,1,357701003,,
3,34,177,2,11,1,909.3423,"01",1,,0,0,1,,,,,111,,,1,,,,,,,,1,,,,,,,,,,,,,0,,,,,,,,,,,,,,,,2,3,1,357701103,,
3,34,177,2,12,1,909.3423,"02",1,,0,0,1,,,,,111,,,1,,,,,,,,1,,,,,,,,,,,,,1,1,1,1,,,,,,,,,1,,,,2,2,1,357701203,,
3,34,177,2,13,1,909.3423,"02",1,,0,0,1,,,,1,,,,,1,,,,,,,,,,,,1,,1,1,,,,,1,1,1,1,,,1,,,,,,,,,,2,3,1,357701303,,
3,34,177,2,14,1,1238.97888375,"01",11,,2,0,1,,,,,111,,,,,,555,4,,,,,,,,,,,,,,,555,2,0,,,,,,,,,,,,,,,,2,1,1,357701403,,
3,34,177,2,15,1,909.3423,"01",1,,0,0,1,,,,,111,,,1,,,,,,,,1,,,,,,,,,,,,,1,1,1,1,,,1,,,,,,,,,,2,3,1,357701503,,
3,34,177,2,16,1,909.3423,"02",1,,0,0,1,,1,,,,,,1,,,,,,,,1,,,,,,,,,,,,,1,1,1,1,,,1,,,,,,1,,,,2,3,1,357701603,,
3,34,177,2,17,1,909.3423,"01",1,,0,0,1,,1,,,,,,,1,,,,,,,1,,,,,,,,,,,,,1,1,1,1,,,,,,,,,,,,,2,2,2,357701703,,
3,34,177,2,18,1,909.3423,"01",1,,1,0,5,,1,,1,,,,,1,,,,1,,1,,,,,,,,1,1,,,,,1,1,1,1,,,1,,1,1,,,,,,,2,3,1,357701803,,
3,34,178,1,1,1,155.0491,"01",1,,,,5,,,,1,,,,,1,,,,,,,,,,,,1,,,,,,,,1,1,1,1,,,,,,,,,,,,,,2,1,357800103,,
3,34,178,1,2,1,308.448741489362,"01",11,,,,1,,,1,,,,,,,111,,,,,,,,,,,,,1,1,,,,,0,,,,,,,,,,,,,,,,,1,1,357800203,,
3,34,178,1,3,1,308.448741489362,"01",11,,,,1,,,,,111,,,,1,,,,,,,1,,,,,,,1,1,,,,,1,1,1,1,,,,,,1,,,,,,,,2,4,357800303,,
3,34,178,1,4,1,308.448741489362,"01",13,1,,,1,,1,,,,,,,1,,,,,,,1,,,,,,,,,,,,,1,1,,,,,,,,,,,1,,,,,2,1,357800403,,
3,34,178,1,5,1,308.448741489362,"01",9,,,,1,,1,,,,,,,1,,,,,,,1,,,,,,,1,1,,,,,1,1,,1,,,,,,,,,,,,,,3,1,357800503,,
3,34,178,1,6,1,308.448741489362,"02",11,,,,1,,,,,111,,,1,,,,,,,,1,,,,,,,,,,,,,1,1,1,1,,,,,,,,,1,,,,,2,4,357800603,,
3,34,178,1,7,1,308.448741489362,"01",9,,,,1,,,,1,,,,,,111,,,,,,1,,,,,,,,,,,,,1,1,1,1,,,,,,,,,,,,,,2,1,357800703,,
3,34,178,1,9,1,308.448741489362,"01",11,,,,1,,,,,111,,,,1,,,,,,,,,,,1,,,1,1,,,,,1,1,1,1,,,,,,1,,,,,,,,2,1,357800903,,
3,34,178,1,10,1,155.0491,"01",1,,,,1,,,,,111,,,,,111,,,,,,,,,,,,,,,,1,,,0,,,,,,,,,,,,,,,,,2,1,357801003,,
3,34,178,1,11,1,308.448741489362,"01",8,,,,1,,,,,111,,,1,,,,,,,,1,,,,,,,,,,,,,1,1,1,1,,,,,,,,,1,,,,,2,1,357801103,,
3,34,178,1,12,1,155.0491,"01",1,,,,1,,,1,,,,,,1,,,,,,,1,,,,,,,,,,,,,1,1,1,1,,,,,,,,,1,,,,,2,1,357801203,,
3,34,178,1,13,1,155.0491,"01",1,,,,1,,,,1,,,,1,1,,,,,,,,,,,,1,,,,,,,,1,1,1,1,,,,,,,,,,,,,,3,1,357801303,,
3,34,178,1,14,1,155.0491,"01",1,,,,1,,,,,111,,,,,111,,,,,,,,,,,,,,1,,,,,1,1,1,1,,,,,,,,,,,,,,2,1,357801403,,
3,34,178,1,15,1,308.448741489362,"01",9,,,,1,,,1,,,,,,1,,,,,,,1,,,,,,,,,,,,,1,1,,1,,,,,,,,,1,,,,,2,1,357801503,,
3,34,178,1,16,1,308.448741489362,"01",9,,,,1,,,,1,,,,1,,,,,,,,1,,,,,1,,1,1,,,,,1,1,1,1,,,,,,,,,,,,,,1,1,357801603,,
3,34,178,1,17,1,155.0491,"02",1,,,,5,,1,,,,,,,,111,,,1,,,,,,,,,,,,,,,,1,1,1,1,,,1,,,,,,1,,,,,3,1,357801703,,
3,34,178,1,18,1,308.448741489362,"02",11,,,,1,,,,1,,,,1,,,,,,,,,,,,,1,,,,,,,,1,1,1,1,,,,,,,,,1,,,,,2,1,357801803,,
3,34,178,1,22,1,308.448741489362,"01",9,,,,5,,,,1,,,,,,111,,,,,,,,,,,1,,,,,,,,1,1,1,1,,,,,,,,,,,,,,2,1,357802203,,
3,34,179,2,1,1,1415.74600588235,"02",11,,0,0,1,,,,1,,,,1,,,,,,,,,,,,,1,,,,,,,,1,1,1,1,,,,,,,,,1,,,,2,3,1,357900103,,
3,34,179,2,2,1,1415.74600588235,"01",9,,0,0,1,,,,,111,,,,,111,,,,,,,,,,,,,,1,,,,,1,1,1,1,,,,,,,,,,,,,2,3,1,357900203,,
3,34,179,2,3,1,1415.74600588235,"03",11,,2,0,1,,,,1,,,,,,111,,,,,,,,,,,1,,,,,,,,1,1,1,,,,,,,,,,,,,,2,2,1,357900303,,
3,34,179,2,4,1,1415.74600588235,"01",11,,1,0,1,,,,1,,,,,1,,,,,,1,1,,,,,,,,,,,,,1,1,,1,,,,,,,,,1,,,,1,3,1,357900403,,
3,34,179,2,6,1,1415.74600588235,"01",9,,0,0,1,,1,,,,,,,,111,,,1,,,,,,,,,1,1,1,,,,,1,1,,,,,1,,,,,,,,,,2,2,1,357900603,,
3,34,179,2,7,1,1415.74600588235,"01",9,,0,0,5,,,1,,,,,,1,,,,,,,,,,,,1,,,1,,,,,1,1,1,,,,1,,,,,,,,,,1,2,1,357900703,,
3,34,179,2,8,1,1415.74600588235,"01",11,,0,0,1,,,,,111,,,,,111,,,,,,,,,,,,,,1,,,,,1,1,1,1,,,,,,,,,,,,,1,2,1,357900803,,
3,34,179,2,9,1,1415.74600588235,"02",11,,0,0,1,,,,,111,,,,,111,,,,,,,,,,,,,,1,,,,,1,1,,1,,,,,,,,,,,,,2,2,4,357900903,,
3,34,179,2,10,1,729.3237,"01",1,,1,0,1,,,,1,,,,,1,,,,,,,1,,,,,,,,,,,,,1,1,1,1,,,,,,,,,1,,,,2,3,1,357901003,,
3,34,179,2,11,1,1415.74600588235,"02",11,,0,0,1,,,,1,,,,,1,,,,,,1,,,,,,,,,,,,,,1,1,1,1,,,,,,,,,1,,,,1,1,1,357901103,,
3,34,179,2,12,1,729.3237,"01",9,,1,0,1,,,1,1,,,,1,1,,,,,,,,,,,,1,,,,,,,,1,1,1,1,,,,,,,,,,,,,1,3,1,357901203,,
3,34,179,2,13,1,1415.74600588235,"03",9,,0,0,1,,,,,111,,,,,111,,,,,,,,,,,,,,1,,,,,1,1,1,1,,,,,,,,,,,,,2,3,1,357901303,,
3,34,179,2,14,1,1415.74600588235,"01",8,,0,0,1,,,,1,,,,,,111,,,,,1,,,,,,,,,1,,,,,1,1,1,1,,,,,1,1,,,,,,,2,2,1,357901403,,
3,34,179,2,15,1,1415.74600588235,"02",9,,0,0,1,,,,1,,,,1,,,,,,,,,,,,,1,,,,,,,,1,1,1,1,,,,,,,,,1,,,,1,2,1,357901503,,
3,34,179,2,16,1,1415.74600588235,"02",9,,0,0,5,,1,,,,,,1,,,,,,,,,,,,,1,,,,,,,,1,1,1,1,,,,,,,,,1,,,,1,3,1,357901603,,
3,34,179,2,17,1,1415.74600588235,"02",9,,0,0,1,,,,1,,,,,1,,,,,,,,,,,,,,,,,1,,,1,1,1,1,,,,,,,,,,,,,2,3,1,357901703,,
3,34,179,2,18,1,1415.74600588235,"01",9,,0,0,1,,,,1,,,,,1,,,,,,1,,,,,,,,1,1,,,,,1,1,1,1,,,,,1,1,,,,,,,1,2,1,357901803,,
3,34,179,2,21,1,1415.74600588235,"02",9,,0,0,1,,,,,111,,,,,111,,,,,,,,,,,,,,,,1,,,1,1,1,1,,,,,,,,,,,,,2,2,1,357902103,,
3,34,180,1,1,1,178.477,"02",1,,,,1,,,1,,,,,,1,,,,,1,,,,,,,,,,,,,,,1,1,,1,,,,,,,,,1,,,,,2,2,358000103,,
3,34,180,1,2,1,76.2036629213483,"01",11,,,,1,,,1,,,,,,1,,,,,,,1,,,,,,,,,,,,,1,1,,1,,,,,,,,,1,,,,,2,1,358000203,,
3,34,180,1,3,1,178.477,"02",1,,,,1,,,,1,,,,1,,,,,,,,1,,,,,1,,,,,,,,1,1,1,1,,,,,,,,,1,,,,,3,1,358000303,,
3,34,180,1,4,1,76.2036629213483,"01",11,,,,1,,,,1,,,,,,111,,,,,,,,,,,1,,1,1,,,,,1,1,1,1,,,,,,1,,,,,,,,2,1,358000403,,
3,34,180,1,5,1,76.2036629213483,"02",9,,,,1,,,,1,,,,,,111,,,,,1,,,,,,,,,,,,,,1,1,1,1,,,,,,,,,,,,,,3,2,358000503,,
3,34,180,1,6,1,76.2036629213483,"02",11,,,,1,,,,1,,,,1,,,,,,,,1,,,,,,,1,,,,,,1,1,1,1,,,,,,,,,1,,,,,2,1,358000603,,
3,34,180,1,7,1,76.2036629213483,"01",9,,,,5,,1,,1,,,,1,,,,,,1,,,,,,,,,1,1,,,,,1,1,1,1,,,,,,1,,,,,,,,2,1,358000703,,
3,34,180,1,8,1,178.477,"01",1,,,,5,,1,,,,,,1,,,,,1,,,,,,,,,,,,,,,,1,1,1,1,,,1,,,,,,1,,,,,3,1,358000803,,
3,34,180,1,11,1,178.477,"01",1,,,,5,,1,,,,,,1,,,,,,,,1,,,,,,,,,,,,,1,1,1,1,,,1,,,,,,,,,,,2,1,358001103,,
3,34,180,1,12,1,178.477,"01",1,,,,1,,,,,111,,,,,111,,,,,,,,,,,,,,,,1,,,1,1,1,1,,,,,,,,,,,,,,3,4,358001203,,
3,34,180,1,13,1,178.477,"02",1,,,,5,,1,,,,,,1,,,,,1,,,1,,,,,,,,,,,,,1,1,1,1,,,1,,,,,,,,,,,3,2,358001303,,
3,34,180,1,14,1,178.477,"01",1,,,,5,,,,,111,,,,,111,,,,,,,,,,,,,,,,1,,,1,1,1,1,,,1,,,,,,,,,,,2,1,358001403,,
3,34,180,1,15,1,178.477,"02",1,,,,5,,1,,,,,,,,111,,,1,,,,,,,,,,,,,,,,1,1,1,1,,,1,,,,,,,,,,,3,2,358001503,,
3,34,180,1,16,1,178.477,"01",1,,,,5,,,,,111,,,,,111,,,,,,,,,,,,,,,,1,,,0,,,,,,,,,,,,,,,,,2,1,358001603,,
3,34,180,1,17,1,178.477,"01",1,,,,5,,,1,,,,,1,1,,,,,,,,,,,,,,,1,,,,,1,1,1,1,,,,,,,,,,,,,,2,4,358001703,,
3,34,180,1,18,1,178.477,"01",1,,,,5,,,,,111,,,,,111,,,,,,,,,,,,,,1,,,,,1,1,1,1,,,,,,,,,,,,,,3,1,358001803,,
3,34,180,1,20,1,76.2036629213483,"02",9,,,,5,,1,,,,,,1,,,,,1,1,,,,,,,,,1,1,,,,,1,1,1,1,,,,,1,1,,,,,,,,3,1,358002003,,
3,34,180,1,21,1,178.477,"02",1,,,,5,,1,,,,,,,,111,,,1,,,,,,,,,,,,,,,,1,1,1,,,,,,,,,,,,,,,3,1,358002103,,
3,34,181,2,1,1,1090.555,"01",11,,0,0,1,,,,1,,,,,,111,,,,,,,,,,,,,,1,,,,,0,,,,,,,,,,,,,,,,2,2,4,358100103,,
3,34,181,2,3,1,1090.555,"01",6,,0,0,1,,,,,111,,,,,111,,,,,,,,,,,,,,1,,,,,0,,,,,,,,,,,,,,,,2,3,1,358100303,,
3,34,181,2,4,1,1090.555,"02",11,,0,0,1,,,,1,,,,1,,,,,,,,,,,,,1,,,,,,,,1,1,1,1,,,,,,,,1,1,,,,2,3,1,358100403,,
3,34,181,2,5,1,1090.555,"01",11,,0,0,1,,,,,111,,,,,111,,,,,,1,,,,,,,,,,,,,1,1,1,,,,,,,,,,,,,,1,3,1,358100503,,
3,34,181,2,6,1,1090.555,"02",6,,0,0,1,,,,1,,,,,,111,,,,,,,,,,,,,,1,,,,,1,0,,,,,,,,,,,,,,,1,3,1,358100603,,
3,34,181,2,7,1,1090.555,"01",9,,0,0,5,,,1,,,,,,,111,,,,,,,,,,,,,1,,,,,,1,0,,,,,,,,,,,,,,,2,1,1,358100703,,
3,34,181,2,8,1,1090.555,"01",11,,0,0,1,,,1,,,,,,1,,,,,,,1,,,,,,,,,,,,,0,,,,,,,,,,,,,,,,2,1,1,358100803,,
3,34,181,2,9,1,1090.555,"01",11,,0,0,1,,,,,111,,,,,,555,4,,,,,,,,,,,,,,1,,,0,,,,,,,,,,,,,,,,2,1,1,358100903,,
3,34,181,2,10,1,1090.555,"01",9,,0,0,1,,,,,111,,,1,,,,,,,,1,,,,,,,,,,,,,1,1,1,1,,,,,,,,,1,,,,2,2,1,358101003,,
3,34,181,2,13,1,1090.555,"01",11,,0,0,1,,,,1,,,,,1,,,,,,,1,,,,,,,,,,,,,1,1,,1,,,,,,,,,1,,,,1,2,1,358101303,,
3,34,181,2,14,1,1090.555,"01",9,,0,0,1,,,,1,,,,,1,,,,,,,1,,,,,,,,,,,,,1,1,1,1,,,,,,,,,,,,,1,2,1,358101403,,
3,34,181,2,15,1,1090.555,"01",11,,0,0,1,,,,,111,,,,,111,,,,,,,,,,,,,,,,1,,,0,,,,,,,,,,,,,,,,2,1,1,358101503,,
3,34,181,2,16,1,1090.555,"01",8,,0,0,1,,,1,,,,,,1,,,,,1,,,,,,,,,,,,,,,1,1,,1,,,,,,,,,,,,,1,2,1,358101603,,
3,34,181,2,17,1,1090.555,"02",9,,1,0,1,,,,1,,,,,,111,,,,,,,,,,,1,,,,,,,,1,1,,1,,,,,,,,,,,,,1,1,1,358101703,,
3,34,181,2,18,1,1090.555,"02",9,,0,0,1,,,,1,,,,,1,,,,,,,,,,,,1,,,1,,,,,1,1,1,1,,,,,,,,,,,,,2,2,1,358101803,,
3,34,181,2,20,1,1090.555,"01",11,,0,0,1,,,,,111,,,,,111,,,,,,,,,,,,,,,,1,,,0,,,,,,,,,,,,,,,,2,2,1,358102003,,
3,34,181,2,21,1,1090.555,"02",11,,0,0,1,,,,,111,,,,,111,,,,,,,,,,,,,,1,,,,,0,,,,,,,,,,,,,,,,1,2,1,358102103,,
3,34,181,2,22,1,1090.555,"01",9,,1,0,5,,1,,,,,,,1,,,,,,,,,,,,1,,,,,,,,1,1,1,1,,,,,,,,,,,,,2,2,1,358102203,,
3,35,182,2,1,1,1370.70923611111,"01",11,,0,0,1,,,,1,,,,,1,,,,,,,1,,,,,,,,,,,,,1,1,1,1,,,,,,,,,,,,,1,2,1,368200103,,
3,35,182,2,2,1,1370.70923611111,"01",11,,0,0,5,,,,,111,,,,1,,,,,,,1,,,,,,,,,,,,,1,1,1,1,,,,,,,,,,,,,1,3,1,368200203,,
3,35,182,2,3,1,1370.70923611111,"01",9,,0,0,1,,,,,111,,,1,,,,,,,,1,,,,,,,,,,,,,0,,,,,,,,,,,,,,,,1,3,1,368200303,,
3,35,182,2,4,1,1370.70923611111,"01",11,,0,0,1,,,,,111,,,,,111,,,,,,,,,,,,,,,,1,,,0,,,,,,,,,,,,,,,,2,2,1,368200403,,
3,35,182,2,5,1,897.1915,"02",1,,0,0,5,,,,1,,,,,1,,,,,,,1,,,,,,,,,,,,,1,0,,,,,,,,,,,,,,,1,3,1,368200503,,
3,35,182,2,6,1,1370.70923611111,"01",9,,0,0,1,,,,,111,,,1,,,,,,,,1,,,,,,,,,,,,,0,,,,,,,,,,,,,,,,1,3,1,368200603,,
3,35,182,2,7,1,1370.70923611111,"01",11,,0,0,1,,,,,111,,,,1,,,,,,,1,,,,,,,,,,,,,0,,,,,,,,,,,,,,,,1,2,1,368200703,,
3,35,182,2,8,1,1370.70923611111,"01",11,,0,0,1,,,,1,,,,,1,,,,,,,,,,,,1,,,,,,,,1,1,1,1,,,,,,,,,,,,,1,2,1,368200803,,
3,35,182,2,9,1,1370.70923611111,"01",11,,0,0,1,,,,,111,,,,,111,,,,,,,,,,,1,,,,,,,,0,,,,,,,,,,,,,,,,1,2,1,368200903,,
3,35,182,2,10,1,897.1915,"01",1,,0,0,1,,,,,111,,,,,111,,,,,,,,,,,,,,,,1,,,0,,,,,,,,,,,,,,,,1,3,1,368201003,,
3,35,182,2,11,1,897.1915,"01",1,,0,0,5,,,,,111,,,,,111,,,,,,,,,,,1,,,,,,,,1,1,1,1,,,,,,,,,1,,,,1,2,1,368201103,,
3,35,182,2,12,1,897.1915,"01",1,,0,0,1,,,,,111,,,1,,,,,,,,1,,,,,,,,,,,,,0,,,,,,,,,,,,,,,,1,2,1,368201203,,
3,35,182,2,13,1,897.1915,"02",1,,0,0,5,,,,1,,,,,,111,,,,,,,,,,,,,1,1,,,,,1,0,,,,,,,,,,,,,,,1,3,1,368201303,,
3,35,182,2,14,1,897.1915,"01",1,,0,0,1,,,,,111,,,1,,,,,,,,1,,,,,,,,,,,,,1,1,1,1,,,,,,,,,,,,,1,2,1,368201403,,
3,35,182,2,15,1,897.1915,"01",1,,0,0,1,,,,,111,,,1,,,,,,,,1,,,,,,,,,,,,,0,,,,,,,,,,,,,,,,1,2,1,368201503,,
3,35,182,2,16,1,897.1915,"01",1,,0,0,1,,,,1,,,,,1,,,,,,,1,,,,,,,,,,,,,1,1,1,,,,,,,,,,,,,,1,1,1,368201603,,
3,35,182,2,17,1,897.1915,"01",1,,0,0,1,,,,1,,,,,,111,,,,,,,,,,,,,,,,1,,,0,,,,,,,,,,,,,,,,2,1,1,368201703,,
3,35,182,2,18,1,897.1915,"01",1,,0,0,1,,,,,111,,,1,,,,,,,,1,,,,,,,,,,,,,0,,,,,,,,,,,,,,,,1,1,1,368201803,,
3,35,183,2,1,1,162.5009,"01",1,,0,0,1,,,,1,,,,1,,,,,,,,,,,,,1,,,,,,,,0,,,,,,,,,,,,,,,,1,3,1,368300103,,
3,35,183,2,2,1,1357.25183522727,"02",11,,0,0,1,,,,1,,,,,1,,,,,,,1,,,,,,,,,,,,,0,,,,,,,,,,,,,,,,1,1,1,368300203,,
3,35,183,2,3,1,1357.25183522727,"01",11,,0,0,1,,,,1,,,,1,,,,,,,,1,,,,,1,,,,,,,,0,,,,,,,,,,,,,,,,2,3,1,368300303,,
3,35,183,2,4,1,1357.25183522727,"01",11,,0,1,1,,,,1,,,,,1,,,,,,,1,,,,,,,,,,,,,1,1,1,1,,,,,,,,,,,,,1,2,1,368300403,,
3,35,183,2,5,1,1357.25183522727,"01",11,,0,0,5,,,,1,,,,,,111,,,,,,,,,,,1,,,,,,,,1,1,1,1,,,,,,,,,,,,,1,1,1,368300503,,
3,35,183,2,6,1,1357.25183522727,"01",11,,0,0,1,,,,1,,,,1,,,,,,,1,,,,,,,,,,,,,,1,1,1,1,,,,,,,,,,,,,2,1,1,368300603,,
3,35,183,2,7,1,1357.25183522727,"01",11,,0,0,1,,,,,111,,,1,,,,,,,,1,,,,,,,,,,,,,0,,,,,,,,,,,,,,,,2,2,1,368300703,,
3,35,183,2,9,1,1357.25183522727,"01",11,,0,0,1,,,,,111,,,,,111,,,,,,,,,,,,,,,,1,,,0,,,,,,,,,,,,,,,,2,3,1,368300903,,
3,35,183,2,10,1,1357.25183522727,"01",11,,0,0,1,,,,,111,,,,,111,,,,,,,,,,,,,,,,1,,,0,,,,,,,,,,,,,,,,2,3,1,368301003,,
3,35,183,2,11,1,162.5009,"01",1,,0,0,1,,,,,111,,,,,111,,,,,,,,,,,,,,,,1,,,1,1,1,,,,,,,,,,,,,,2,2,1,368301103,,
3,35,183,2,12,1,162.5009,"01",1,,0,0,1,,1,,,,,,,,111,,,,,,,,,,,1,,,,,,,,1,1,1,1,,,1,,,,,,,,,,2,3,1,368301203,,
3,35,183,2,13,1,162.5009,"01",1,,0,0,1,,,,1,,,,,1,,,,,,,1,,,,,,,,1,,,,,1,1,1,1,,,,,,,,,1,,,,1,3,1,368301303,,
3,35,183,2,15,1,1357.25183522727,"01",11,,0,0,1,,,,1,,,,,1,,,,,,,,,,,,,,,1,,,,,1,1,1,,,,,,,,,,,,,,1,1,1,368301503,,
3,35,183,2,16,1,1357.25183522727,"01",11,,0,0,1,,,,,111,,,,,111,,,,,,,,,,,,,,,,1,,,0,,,,,,,,,,,,,,,,2,3,1,368301603,,
3,35,183,2,17,1,162.5009,"01",1,,0,0,1,,,,1,,,,,,111,,,,,,,,,,,,,,,,1,,,0,,,,,,,,,,,,,,,,2,2,4,368301703,,
3,35,183,2,18,1,162.5009,"01",1,,0,0,1,,1,,,,,,,,111,,,,,,,,,,,1,,,,,,,,1,1,1,1,,,1,,,,,,,,,,1,1,1,368301803,,
3,35,183,2,19,1,1357.25183522727,"01",11,,0,0,1,,,,,111,,,,,111,,,,,,,,,,,,,,1,,,,,0,,,,,,,,,,,,,,,,2,3,1,368301903,,
3,35,183,2,20,1,162.5009,"01",1,,0,0,1,,,,,111,,,,,111,,,,,,,,,,,,,,,,,,,0,,,,,,,,,,,,,,,,1,1,1,368302003,,
3,35,184,2,1,1,1540.114,"01",11,,0,0,1,,,,1,,,,1,,,,,,,,,,,,,1,,,,,,,,1,0,,,,,,,,,,,,,,,1,3,1,368400103,,
3,35,184,2,2,1,1540.114,"01",11,,0,0,5,,,,1,,,,1,,,,,,,,1,,,,,1,,,,,,,,1,0,,,,,,,,,,,,,,,1,3,1,368400203,,
3,35,184,2,3,1,1540.114,"01",13,13,0,0,1,,,,,111,,,,,111,,,,,,,,,,,,,,,,1,,,0,,,,,,,,,,,,,,,,1,3,1,368400303,,
3,35,184,2,4,1,1540.114,"02",11,,0,0,5,,,,1,,,,1,1,,,,,,1,1,,,,,,,,,,,,,1,1,1,1,,,,,,,,,,,,,1,3,1,368400403,,
3,35,184,2,5,1,1540.114,"01",13,13,0,0,1,,,,,111,,,1,,,,,,,,,,,,,,,,,,1,,,1,1,1,1,,,,,,,,,,,,,1,3,1,368400503,,
3,35,184,2,6,1,1540.114,"01",11,,0,0,1,,,,,111,,,1,,,,,,,,,,,,,,,,,,1,,,1,1,1,,,,,,,,,,,,,,1,2,1,368400603,,
3,35,184,2,7,1,1540.114,"01",9,,0,0,1,,,,,111,,,1,,,,,,,,,,,,,,,,,,1,,,1,1,1,1,,,,,,,,,,,,,1,3,1,368400703,,
3,35,184,2,8,1,1540.114,"01",11,,0,0,1,,,,,111,,,1,,,,,,,,1,,,,,,,,,,,,,0,,,,,,,,,,,,,,,,2,1,1,368400803,,
3,35,184,2,9,1,1540.114,"02",11,,0,0,1,,,,,111,,,,,111,,,,,,,,,,1,,,,,,,,,1,0,,,,,,,,,,,,,,,1,3,1,368400903,,
3,35,184,2,10,1,1540.114,"01",11,,0,0,1,,,,1,,,,,1,,,,,,1,,,,,,,,,,,,,,1,1,1,1,,,,,,,,,,,,,1,2,1,368401003,,
3,35,184,2,11,1,1540.114,"01",7,,0,0,1,,,,,111,,,,,111,,,,,,,,,,,,1,,,,,,,1,1,1,1,,,,,,1,,,,,,,2,2,1,368401103,,
3,35,184,2,12,1,1540.114,"01",11,,1,0,5,,,,1,,,,,1,,,,,,,1,,,,,,,,,,,,,1,1,1,1,,,,,,,,,,,,,1,1,1,368401203,,
3,35,184,2,13,1,1540.114,"01",10,,0,0,1,,1,,,,,,,,111,,,,,,,,,,,1,,,,,,,,1,1,1,1,,,,,,,,,,,,,1,2,1,368401303,,
3,35,184,2,14,1,1540.114,"02",9,,0,0,5,,,,1,,,,,1,,,,,,,1,,,,,,,,,,,,,1,0,,,,,,,,,,,,,,,1,2,1,368401403,,
3,35,184,2,15,1,1540.114,"01",11,,0,0,5,,,,,111,,,1,,,,,,1,,,,,,,,,,,,,,,0,,,,,,,,,,,,,,,,1,3,1,368401503,,
3,35,184,2,16,1,1540.114,"01",11,,0,0,5,,,,1,,,,1,,,,,,,,1,,,,,1,,,,,,,,1,1,1,1,,,,,,,,,,,,,2,1,1,368401603,,
3,35,184,2,17,1,1540.114,"02",9,,0,0,5,,,,,111,,,,1,,,,,,,1,,,,,,,,,,,,,1,0,,,,,,,,,,,,,,,2,2,1,368401703,,
3,35,184,2,18,1,1540.114,"01",11,,0,0,1,,,,,111,,,,1,,,,,,,1,,,,,,,,,,,,,1,1,1,1,,,,,,,,,,,,,1,2,1,368401803,,
3,35,185,1,1,1,50.1458777777778,"01",11,,,,1,,,,,111,,,,,111,,,,,,,,,,,,,,,,1,,,1,1,1,1,,,,,,,,,,,,,,2,1,368500103,,
3,35,185,1,2,1,50.1458777777778,"01",5,,,,1,,1,,,,,,,,111,,,,,,,,,,,1,,,,,,,,1,1,1,1,,,,,,,,,,,,,,1,1,368500203,,
3,35,185,1,3,1,50.1458777777778,"01",11,,,,1,,1,,,,,,1,,,,,,,,,,,,,1,,,,,,,,1,1,1,1,,,,,,,,,,,,,,3,1,368500303,,
3,35,185,1,4,1,50.1458777777778,"01",11,,,,1,,,,1,,,,1,,,,,,,,,,,,,1,,,,,,,,1,1,1,,,,,,,,,,,,,,,1,555,368500403,,
3,35,185,1,6,1,50.1458777777778,"01",11,,,,1,,,,1,,,,,,111,,,,,,,,,,,1,,,,,,,,0,,,,,,,,,,,,,,,,,1,1,368500603,,
3,35,185,1,7,1,90.26258,"01",1,,,,5,,1,,1,,,,1,,,,,,,1,,,,,,,,,,,,,,1,1,1,1,,,1,,,,,,,,,,,3,1,368500703,,
3,35,185,1,8,1,50.1458777777778,"01",11,,,,1,,,,,111,,,1,,,,,,,,1,,,,,,,,,,,,,1,1,1,1,,,,,,,,,,,,,,2,4,368500803,,
3,35,185,1,9,1,50.1458777777778,"01",11,,,,1,,,,,111,,,,,111,,,,,,,,,,,,,,1,,,,,1,1,1,1,,,,,,,,,,,,,,2,1,368500903,,
3,35,185,1,10,1,90.26258,"02",1,,,,5,,,,,111,,,,1,,,,,,,,,,,,,,1,,,,,,1,1,1,1,,,1,,,,,,,,,,,3,1,368501003,,
3,35,185,1,11,1,90.26258,"01",1,,,,5,,1,,1,,,,1,,,,,1,,,1,,,,,,,,,,,,,1,1,1,1,,,1,,,1,,,1,1,,,,3,1,368501103,,
3,35,185,1,12,1,90.26258,"01",1,,,,1,,,,1,,,,,,,,,,,,,,,,,,,,,,1,,,1,1,1,1,,,1,,,,,,,,,,,3,1,368501203,,
3,35,185,1,13,1,90.26258,"02",1,,,,1,,,,1,,,,,1,,,,,,,1,,,,,,,,,,,,,1,1,1,1,,,1,,,,,,,,,,,2,1,368501303,,
3,35,185,1,14,1,90.26258,"01",1,,,,5,,1,,,,,,,,111,,,1,,,,,,,,,,,,,,,,1,1,1,1,,,1,,,,,,,,,,,3,1,368501403,,
3,35,185,1,15,1,50.1458777777778,"01",11,,,,1,,,,1,,,,1,,,,,,,,,,,,,1,,,,,,,,1,0,,,,,,,,,,,,,,,,1,1,368501503,,
3,35,185,1,16,1,90.26258,"01",1,,,,1,,,1,,,,,,1,,,,,,,,,,,,,,,,,1,,,0,,,,,,,,,,,,,,,,,2,1,368501603,,
3,35,185,1,17,1,90.26258,"01",1,,,,5,,,,1,,,,,1,,,,,,,,,,,,1,,,,,,,,1,0,,,,,,,,,,,,,,,,1,1,368501703,,
3,35,185,1,18,1,50.1458777777778,"02",11,,,,1,,,,1,,,,1,,,,,,,,,,,,,1,,,,,,,,1,1,1,,,,,,,,,,,,,,,2,1,368501803,,
3,35,185,1,19,1,90.26258,"01",1,,,,1,,,,,111,,,,,111,,,,,,,,,,,,,,,,1,,,0,,,,,,,,,,,,,,,,,1,1,368501903,,
3,35,186,2,2,1,743.521949216301,"01",11,,0,0,1,,,,,111,,,,,111,,,,,,,,,,,,,,1,,,,,1,0,,,,,,,,,,,,,,,1,3,1,368600203,,
3,35,186,2,3,1,743.521949216301,"01",11,,0,1,5,,,,1,,,,1,,,,,,,,1,,,,1,,,,,,,,,1,1,1,1,,,,,,1,,,,,,,1,3,1,368600303,,
3,35,186,2,4,1,743.521949216301,"02",9,,0,1,1,,,,,111,,,1,,,,,,,,,,,,,,,,,,1,,,0,,,,,,,,,,,,,,,,1,2,1,368600403,,
3,35,186,2,5,1,743.521949216301,"01",9,,0,0,5,,,,,111,,,1,,,,,,,,1,,,,,,,,1,,,,,1,0,,,,,,,,,,,,,,,1,2,1,368600503,,
3,35,186,2,6,1,743.521949216301,"01",11,,0,0,1,,,,,111,,,1,,,,,,,,,,,,,1,,,,,,,,1,1,1,1,,,,,,,,,,,,,2,1,2,368600603,,
3,35,186,2,7,1,743.521949216301,"01",11,,0,1,1,,,,,111,,,,,111,,,,,,,,,,,,,,,,1,,,1,1,1,1,,,,,,,,,,,,,1,3,1,368600703,,
3,35,186,2,8,1,743.521949216301,"01",11,,0,0,1,,,,,,,,,,111,,,,,,,,,,,,,,,,1,,,0,,,,,,,,,,,,,,,,2,1,4,368600803,,
3,35,186,2,9,1,743.521949216301,"01",13,12,0,0,1,,,,,111,,,,1,,,,,,,,,,,,,,,,,1,,,0,,,,,,,,,,,,,,,,1,3,1,368600903,,
3,35,186,2,10,1,891.6673,"01",1,,0,0,1,,,,1,,,,,1,,,,,,,1,,,,,,,,,,,,,1,1,1,1,,,1,,,,,,,,,,1,3,1,368601003,,
3,35,186,2,11,1,891.6673,"01",1,,1,0,5,,,,,111,,,,1,,,,,,,1,,,,,,,,,,,,,1,1,1,1,,,,,,,,,1,,,,1,3,1,368601103,,
3,35,186,2,12,1,891.6673,"01",1,,1,0,1,,,,1,,,,,1,,,,,,,,,,,,1,,,,,,,,1,1,1,1,,,,,,,,,,,,,1,3,1,368601203,,
3,35,186,2,13,1,743.521949216301,"02",11,,0,0,1,,,,1,,,,,1,,,,,,,,,,,1,,,1,1,,,,,1,0,,,,,,,,,,,,,,,2,3,1,368601303,,
3,35,186,2,14,1,743.521949216301,"02",11,,0,0,1,,,,,111,,,,1,,,,,,,,,,,,,,1,,,,,,1,1,1,1,,,,,,,,,1,,,,2,2,2,368601403,,
3,35,186,2,15,1,891.6673,"02",1,,1,1,5,,1,,1,,,,1,1,,,,,,,1,,,,,1,,,,,,,,1,1,1,1,,,1,,,,,,,,,,1,2,1,368601503,,
3,35,186,2,16,1,891.6673,"01",1,,0,0,1,,,,,111,,,,1,,,,,,,1,,,,,,,,,,,,,1,1,1,1,,,1,,,,,,,,,,1,2,1,368601603,,
3,35,186,2,17,1,891.6673,"01",1,,0,0,6,,,1,,,,,1,,,,,,,,1,,,,,,,,,,,,,1,1,1,,,,,,,,,,,,,,1,3,1,368601703,,
3,35,186,2,18,1,891.6673,"01",1,,0,0,6,,1,,,,,,,,111,,,1,,,,,,,,,,,,,,,,1,1,1,,,,,,,,,,,,,,2,3,1,368601803,,
3,35,186,2,19,1,743.521949216301,"01",11,,0,0,1,,,,1,,,,,,111,,,,,,,,,,,,,1,,,,,,0,,,,,,,,,,,,,,,,2,2,1,368601903,,
3,36,187,1,1,1,186.785646215596,"01",11,,,,1,,,,,111,,,,,111,,,,,,,,,,,,,,,,1,,,0,,,,,,,,,,,,,,,,,888,1,378700103,,
3,36,187,1,3,1,186.785646215596,"01",13,5,,,1,,,,,111,,,1,,,,,,,,1,,,,,,,,,,,,,1,1,1,,,,,,,,,,,,,,,2,1,378700303,,
3,36,187,1,4,1,392.4749,"02",1,,,,1,,,,,111,,,1,,,,,,,,,,,,,,,,1,,,,,1,1,1,1,,1,,,,,,,,,,,,3,2,378700403,,
3,36,187,1,5,1,186.785646215596,"01",11,,,,1,,,,,111,,,,,111,,,,,,,,,,,,,,,,1,,,0,,,,,,,,,,,,,,,,,1,1,378700503,,
3,36,187,1,6,1,186.785646215596,"02",11,,,,1,,,,1,,,,,,111,,,,,,,,,,,,,,,,1,,,1,1,1,1,,,,,,,,,1,,,,,3,1,378700603,,
3,36,187,1,7,1,392.4749,"02",2,,,,5,,,,1,,,,,1,,,,,,,1,,,,,,,,,,,,,1,1,1,1,,,1,,,1,,,,,,,,2,1,378700703,,
3,36,187,1,8,1,186.785646215596,"02",11,,,,1,,,,1,,,,,1,,,,,,,1,,,,,,,,,,,,,1,1,1,1,,,,,,,,,1,,,,,3,1,378700803,,
3,36,187,1,9,1,186.785646215596,"01",11,,,,1,,,,,,555,5,,1,,,,,,,1,,,,,,,,,,,,,1,1,1,1,,,,,,,,,1,,,,,2,2,378700903,,
3,36,187,1,10,1,392.4749,"01",1,,,,1,,1,,,,,,1,,,,,1,,,,,,,,,,,,,,,,1,1,1,,,,,,,,,,,,,,,2,1,378701003,,
3,36,187,1,11,1,392.4749,"01",1,,,,1,,1,,,,,,,1,,,,,,,1,,,,,,,,,,,,,1,0,,,,,,,,,,,,,,,,2,1,378701103,,
3,36,187,1,12,1,392.4749,"02",1,,,,5,,1,,,,,,,,111,,,,,,,,,,,,,,,,1,,,1,0,,,,,,,,,,,,,,,,3,1,378701203,,
3,36,187,1,13,1,392.4749,"02",1,,,,5,,,,,111,,,1,,,,,,1,,,,,,,,,,,,,,,1,1,1,,,,1,1,,,,,,,,,,2,1,378701303,,
3,36,187,1,14,1,392.4749,"02",1,,,,1,,,,,111,,,,,111,,,,,,,,,,,,,,,,1,,,1,1,1,1,,,,,,,,,,,,,,3,1,378701403,,
3,36,187,1,15,1,392.4749,"01",1,,,,1,,,,,111,,,,1,,,,,,,1,,,,,,,,,,,,,1,1,1,1,,,1,,,,,,1,,,,,888,2,378701503,,
3,36,187,1,16,1,392.4749,"02",1,,,,5,,1,,,,,,,,111,,,1,,,,,,,,,,,,,,,,1,1,1,,,,,,,,,,,,,,,3,1,378701603,,
3,36,187,1,17,1,392.4749,"02",1,,,,1,,1,,,,,,,1,,,,,,,1,,,,,,,,,,,,,1,1,1,1,,,1,,,,,,,,,,,3,1,378701703,,
3,36,187,1,18,1,392.4749,"01",1,,,,1,,,,,111,,,1,,,,,,,,,,,,,,,,,,1,,,1,1,1,,,,,,,,,,,,,,,3,1,378701803,,
3,36,187,1,20,1,186.785646215596,"02",13,14,,,1,,1,,,,,,,,111,,,,,,,,,,,1,,,,,,,,0,,,,,,,,,,,,,,,,,1,1,378702003,,
3,36,188,2,1,1,1563.48593814433,"02",7,,0,0,1,,,,,111,,,,1,,,,,,,,,,,,,,,,,1,,,1,1,1,,,,,,,,,,,,,,1,3,1,378800103,,
3,36,188,2,3,1,1563.48593814433,"01",9,,1,0,1,,,,,111,,,,,111,,,,,,,,,,,,,,,,1,,,1,1,1,,,,,,,,,,,,,,1,2,1,378800303,,
3,36,188,2,4,1,130.290494845361,"02",2,,0,0,1,,,,,111,,,,,111,,,,,,,,,,,,1,,,,,,,1,1,1,1,,,,,,,,,,,,,2,1,1,378800403,,
3,36,188,2,5,1,1563.48593814433,"01",11,,0,0,1,,,,,111,,,1,,,,,,,,1,,,,,,,,,,,,,1,1,1,,,,,,,,,,,,,,2,2,1,378800503,,
3,36,188,2,6,1,1563.48593814433,"01",9,,1,0,5,,,1,,,,,,1,,,,,,,1,,,,,,,,,,,,,1,1,1,1,,,,,,,,,1,,,,1,3,1,378800603,,
3,36,188,2,7,1,1563.48593814433,"01",9,,1,1,5,,1,,,,,,,,111,,,1,,,,,,,,,,,,,,,,1,1,1,,,,,,,,,,,,,,1,3,1,378800703,,
3,36,188,2,8,1,1563.48593814433,"01",11,,0,0,1,,,,,111,,,,,111,,,,,,,,,,,,,,1,,,,,1,1,1,1,,,,,,,,,,,,,2,2,1,378800803,,
3,36,188,2,9,1,1563.48593814433,"01",11,,0,0,1,,,,,111,,,1,,,,,,,,,,,,,,,,1,,,,,1,1,1,1,,1,,,,,,,,,,,2,3,2,378800903,,
3,36,188,2,10,1,1563.48593814433,"01",9,,0,0,1,,,,,111,,,,,111,,,,,,,,,,,,,,1,,,,,1,1,1,1,,,,,,,,,,,,,1,2,1,378801003,,
3,36,188,2,11,1,1563.48593814433,"01",11,,0,0,1,,,,1,,,,,,111,,,,,,,,,,,,,,,,1,,,0,,,,,,,,,,,,,,,,2,3,2,378801103,,
3,36,188,2,12,1,1563.48593814433,"02",7,,0,0,5,,,,,111,,,,,111,,,,,,,,,,,,,,,,1,,,0,,,,,,,,,,,,,,,,2,3,2,378801203,,
3,36,188,2,13,1,1563.48593814433,"01",11,,0,1,1,,,,,111,,,,1,,,,,,,1,,,,,,,,,,,,,1,1,1,1,,,,,,,,,1,,,,1,3,1,378801303,,
3,36,188,2,14,1,1563.48593814433,"02",11,,0,0,1,,,,,111,,,,1,,,,,,,1,,,,,,,,,,,,,1,1,1,1,,,,,,,,,,,,,2,2,1,378801403,,
3,36,188,2,15,1,1563.48593814433,"01",11,,0,0,1,,,,,111,,,1,,,,,,,,1,,,,,,,,,,,,,0,,,,,,,,,,,,,,,,2,2,1,378801503,,
3,36,188,2,16,1,130.290494845361,"01",2,,1,0,1,,,,1,,,,1,,,,,,,,,,,,,1,,,,,,,,1,1,1,1,1,,1,,,1,,1,1,1,,,2,2,1,378801603,,
3,36,188,2,17,1,1563.48593814433,"01",13,14,0,0,1,,,,,111,,,1,,,,,,,,,,,,,,,,,,1,,,0,,,,,,,,,,,,,,,,2,2,1,378801703,,
3,36,188,2,18,1,1563.48593814433,"01",9,,0,0,1,,1,,1,,,,,1,,,,,,,1,,,,,1,,,,,,,,1,1,1,1,,,,,,,,,1,,,,2,3,1,378801803,,
3,36,188,2,19,1,1563.48593814433,"01",11,,0,0,1,,,,,111,,,,,111,,,,,,,,,,,,,,,,1,,,0,,,,,,,,,,,,,,,,2,3,1,378801903,,
3,36,189,1,1,1,255.983,"03",1,,,,1,,,,,111,,,,,111,,,,,,,,,,,,,,,,1,,,0,,,,,,,,,,,,,,,,,2,1,378900103,,
3,36,189,1,2,1,255.983,"01",1,,,,1,,,,,111,,,,,111,,,,,,,,,,,,,,,,1,,,1,1,1,,,,,,,,,,,,,,,3,1,378900203,,
3,36,189,1,3,1,255.983,"02",1,,,,1,,,,,111,,,,,111,,,,,,,,,,,,,,,,1,,,0,,,,,,,,,,,,,,,,,1,1,378900303,,
3,36,189,1,4,1,255.983,"02",1,,,,4,,1,,,,,,1,,,,,,,,1,,,,,,,,,,,,,1,1,1,1,,,1,1,,,,,,,,,,3,1,378900403,,
3,36,189,1,5,1,255.983,"01",1,,,,5,,,,,111,,,1,,,,,,,,1,,,,,,,,,,,,,1,1,1,1,,,1,,,,,,,,,,,3,1,378900503,,
3,36,189,1,6,1,255.983,"01",1,,,,5,,,1,,,,,,,111,,,,1,,,,,,,,,,,,,,,1,1,1,1,,,1,,,,,,,,,,,3,1,378900603,,
3,36,189,1,7,1,255.983,"01",1,,,,5,,,1,,,,,,1,,,,,1,,,,,,,1,,,,,,,,1,1,1,1,,,1,,,,,,,,,,,3,1,378900703,,
3,36,189,1,8,1,255.983,"02",1,,,,4,,1,,,,,,,,111,,,1,,,,,,,,,,,,,,,,1,1,1,1,,,,,,1,,,1,,,,,3,1,378900803,,
3,36,189,1,9,1,255.983,"02",1,,,,5,,1,1,,,,,,1,,,,1,,,,,,,,,,,,,,,,1,1,1,1,,,1,,,,,,,,,,,3,1,378900903,,
3,36,189,1,10,1,255.983,"01",1,,,,4,,1,,,,,,,,111,,,1,,,,,,,,,,,,,,,,1,1,1,1,,,1,1,,1,,,1,,,,,3,1,378901003,,
3,36,189,1,11,1,255.983,"01",1,,,,5,,1,,,,,,,,,,,1,,,,,,,,,,,,,,,,1,1,1,,,,,,,,,,,,,,,3,1,378901103,,
3,36,189,1,12,1,255.983,"01",1,,,,4,,1,,,,,,,,111,,,1,,,,,,,,,,,,,,,,1,1,1,1,,,,,,1,,,,,,,,3,1,378901203,,
3,36,189,1,14,1,255.983,"02",1,,,,4,,1,,,,,,,,111,,,1,,,,,,,,,,,,,,,,1,1,1,1,,,,,,,,,,,,,,3,1,378901403,,
3,36,189,1,15,1,255.983,"02",1,,,,5,,1,,,,,,1,,,,,1,,,,,,,,,,,,,,,,1,1,1,1,,,,,,,,,,,,,,3,1,378901503,,
3,36,189,1,16,1,255.983,"01",1,,,,5,,1,,,,,,,,111,,,1,,,,,,,,,,,,,,,,1,1,1,1,,,,,,1,,,1,,,,,2,1,378901603,,
3,36,189,1,17,1,255.983,"01",1,,,,5,,1,,,,,,,,111,,,1,,,,,,,,,,,,,,,,1,1,1,,,,,,,,,,,,,,,3,1,378901703,,
3,36,189,1,18,1,255.983,"02",1,,,,5,,1,,,,,,,,111,,,,,,,,,,,,,1,,,,,,1,1,1,1,1,,1,,,,,,,,,,,3,2,378901803,,
3,36,189,1,19,1,255.983,"02",1,,,,4,,1,,,,,,,,111,,,1,,,,,,,,,,,,,,,,1,1,1,1,,,1,,,,,,,,,,,2,1,378901903,,
3,36,190,2,1,1,609.319791666667,"01",8,,0,0,1,,,,1,,,,,1,,,,,,,,,,,,,,,,,1,,,1,1,1,1,,,,,,,,,,,,,2,2,1,379000103,,
3,36,190,2,2,1,609.319791666667,"01",11,,0,0,1,,,1,,111,,,,,111,,,,1,,,,,,,,,,,,,,,1,1,1,1,,,,,,,,,,,,,2,3,1,379000203,,
3,36,190,2,3,1,609.319791666667,"01",11,,0,0,1,,,,,111,,,,,111,,,,,,,,,,,,,,,,1,,,0,,,,,,,,,,,,,,,,2,1,1,379000303,,
3,36,190,2,4,1,1569.37,"01",1,,0,0,1,,,,,111,,,,1,,,,,,,,,,,,,,,,,1,,,1,1,1,,,,,,,,,,,,,,2,2,1,379000403,,
3,36,190,2,5,1,609.319791666667,"01",7,,0,0,1,,,,,111,,,,,111,,,,,,,,,,,,,,1,,,,,1,1,1,1,,,,,,,,,,,,,2,2,1,379000503,,
3,36,190,2,6,1,609.319791666667,"01",13,2,0,0,1,,,,,111,,,,,111,,,,,,,,,,,,,,,,1,,,0,,,,,,,,,,,,,,,,2,3,1,379000603,,
3,36,190,2,7,1,609.319791666667,"01",8,,0,0,1,,,,1,,,,,,111,,,,,,,,,,,,,,,,1,,,0,,,,,,,,,,,,,,,,2,1,1,379000703,,
3,36,190,2,8,1,609.319791666667,"01",11,,0,0,1,,,,1,,,,,,,555,3,,,,1,,,,,,,,,,,,,1,1,1,1,,,,,,,,,,,,,2,3,1,379000803,,
3,36,190,2,9,1,609.319791666667,"01",11,,0,0,1,,,,,111,,,1,,,,,,,,1,,,,,,,,,,,,,1,1,1,1,,,,,,,,,,,,,2,2,1,379000903,,
3,36,190,2,10,1,1569.37,"02",1,,0,0,1,,,,,111,,,,,111,,,,,,,,,,,,,,1,,,,,1,1,1,1,,,,,,,,,,,,,2,3,4,379001003,,
3,36,190,2,11,1,1569.37,"01",1,,1,0,5,,,,,111,,,,,111,,,,,,,,,,,,,,,,1,,,0,,,,,,,,,,,,,,,,2,888,2,379001103,,
3,36,190,2,12,1,1569.37,"01",1,,0,0,1,,1,,,,,,1,,,,,,,,,,,,,1,,,,,,,,0,,,,,,,,,,,,,,,,2,2,1,379001203,,
3,36,190,2,13,1,1569.37,"02",1,,0,0,5,,,,,111,,,,,111,,,,,,,,,,,,,,1,,,,,1,1,1,1,,,,,,,,,,,,,2,2,1,379001303,,
3,36,190,2,14,1,1569.37,"01",1,,0,0,1,,,,,111,,,1,,,,,,,,1,,,,,,,,,,,,,1,1,1,,,,,,,,,,,,,,2,2,2,379001403,,
3,36,190,2,15,1,1569.37,"01",1,,0,0,1,,,,,111,,,1,,,,,,,,1,,,,,,,,,,,,,1,1,1,,,,,,,,,,,,,,2,3,1,379001503,,
3,36,190,2,16,1,1569.37,"01",1,,0,0,5,,,,,111,,,1,,,,,,,,1,,,,,,,,,,,,,1,1,1,,,,,,,,,,,,,,2,3,1,379001603,,
3,36,190,2,17,1,1569.37,"02",1,,0,0,1,,,,1,,,,,1,,,,,,,1,,,,,,,,,,,,,1,1,1,1,,,1,,,,,,,,,,2,3,1,379001703,,
3,36,190,2,18,1,1569.37,"02",1,,0,0,5,,,,,111,,,,,111,,,,,,,,,,,,,,1,,,,,1,1,1,1,,,,,,,,,,,,,2,3,1,379001803,,
3,36,191,1,1,1,18.9653113207547,"01",5,,,,1,,,,,111,,,,1,,,,,,,1,,,,,,,,,,,,,1,1,1,1,,,,,,,,,1,,,,,2,1,379100103,,
3,36,191,1,2,1,18.9653113207547,"01",5,,,,1,,,,,111,,,1,,,,,,,,1,,,,,,,,,,,,,1,1,1,,,,,,,,,,,,,,,2,1,379100203,,
3,36,191,1,3,1,18.9653113207547,"01",8,,,,1,,,,1,,,,,1,,,,,,,1,,,,,,,,,,,,,1,1,1,1,,,,,,,,,1,,,,,2,1,379100303,,
3,36,191,1,4,1,201.0323,"01",1,,,,1,,,,,111,,,,,111,,,,,,,,,,,,,,,,1,,,1,1,1,1,,,,,,,,,,,,,,2,1,379100403,,
3,36,191,1,5,1,201.0323,"01",1,,,,5,,1,,,,,,,,111,,,,,,,,,,,,,,,,1,,,1,1,1,1,,,1,,,,,,1,,,,,2,1,379100503,,
3,36,191,1,6,1,201.0323,"02",1,,,,5,,1,,,,,,,1,,,,,,,1,,,,,,,,,,,,,1,1,1,1,,,,,1,,,,1,,,,,3,2,379100603,,
3,36,191,1,7,1,201.0323,"03",1,,,,5,,,,,111,,,1,,,,,,,,1,,,,,,,,,,,,,1,1,1,1,,,,,,,,,,,,,,2,2,379100703,,
3,36,191,1,8,1,201.0323,"01",1,,,,5,,1,,,,,,,1,,,,1,,,,,,,,,,,,,,,,1,1,1,1,,,1,,,,,,1,,,,,3,1,379100803,,
3,36,191,1,9,1,201.0323,"01",1,,,,5,,,,1,,,,,,111,,,,,1,,,,,,,,,,,,,,1,1,1,1,,,,1,1,,,,1,,,,,3,2,379100903,,
3,36,191,1,10,1,201.0323,"01",1,,,,5,,1,,,,,,,1,,,,,,,,,,,,1,,,,,,,,1,1,1,1,,,,,,,,,,,,,,3,1,379101003,,
3,36,191,1,11,1,201.0323,"02",1,,,,5,,1,,,,,,,,111,,,1,,,,,,,,,,,,,,,,1,1,1,1,,,,,,,,,,,,,,3,2,379101103,,
3,36,191,1,12,1,201.0323,"02",1,,,,5,,,,,111,,,,,111,,,,,,,,,,,,,,1,,,,,1,1,1,1,,,,,,1,,,,,,,,3,1,379101203,,
3,36,191,1,13,1,201.0323,"01",1,,,,5,,,,,111,,,1,,,,,,,,1,,,,,,,,,,,,,1,1,1,,,,,,,,,,,,,,,1,2,379101303,,
3,36,191,1,15,1,201.0323,"01",1,,,,1,,1,,,,,,,,111,,,1,,,,,,,,,,,,,,,,1,1,1,1,,,,,,,,,,,,,,2,4,379101503,,
3,36,191,1,16,1,201.0323,"02",1,,,,5,,1,,,,,,,,111,,,1,,,,,,,,,,,,,,,,1,1,1,1,,,,,,1,,,,,,,,3,1,379101603,,
3,36,191,1,17,1,201.0323,"02",1,,,,5,,1,,,,,,,,111,,,1,,,,,,,,,,,,,,,,1,1,1,1,,,,,,,,,,,,,,3,1,379101703,,
3,36,191,1,18,1,201.0323,"02",1,,,,5,,,,,111,,,,1,,,,,,,1,,,,,,,,,,,,,1,1,1,1,,,1,,,,,,,,,,,2,1,379101803,,
3,36,191,1,19,1,201.0323,"01",1,,,,5,,1,,,,,,,,111,,,1,,,,,,,,,,,,,,,,1,1,1,,,,,,,,,,,,,,,3,1,379101903,,
3,36,192,1,1,1,107.948450657895,"01",13,14,,,1,,,,1,,,,,,111,,,,,,,,,,,1,,,,,,,,0,,,,,,,,,,,,,,,,,3,1,379200103,,
3,36,192,1,2,1,107.948450657895,"03",9,,,,1,,,1,,,,,1,,,,,,1,,,,,,,,,,,,,,,1,1,1,1,,,,,,,,,1,,,,,1,1,379200203,,
3,36,192,1,3,1,107.948450657895,"01",11,,,,1,,,,,111,,,,,111,,,,,,1,,,,,,,,,,,,,1,0,,,,,,,,,,,,,,,,2,1,379200303,,
3,36,192,1,4,1,107.948450657895,"01",5,,,,1,,,,,111,,,,,111,,,,,,,,,,,,,,,,1,,,1,1,,1,,,,,,,,,,,,,,2,1,379200403,,
3,36,192,1,5,1,107.948450657895,"01",7,,,,1,,,,,111,,,1,,,,,,,,,,,,,,,,,,1,,,1,1,1,,,,,,,,,,,,,,,1,1,379200503,,
3,36,192,1,6,1,107.948450657895,"02",11,,,,1,,,,,111,,,,,111,,,,,,,,,,,,1,,,,,,,1,1,1,1,,,,,,,,,,,,,,1,1,379200603,,
3,36,192,1,7,1,107.948450657895,"01",7,,,,1,,,,,111,,,,,111,,,,,,,,,,,,,,,,1,,,0,,,,,,,,,,,,,,,,,888,1,379200703,,
3,36,192,1,8,1,107.948450657895,"01",11,,,,1,,,,,111,,,,,111,,,,,,,,,,,,,,1,,,,,1,1,1,1,,,,,,,,,,,,,,2,2,379200803,,
3,36,192,1,9,1,107.948450657895,"01",11,,,,1,,,,,111,,,,,111,,,,,,,,,,,,,,1,,,,,1,1,1,1,,,,,,,,,,,,,,1,1,379200903,,
3,36,192,1,10,1,468.8047,"01",1,,,,5,,,,1,,,,,,111,,,,,,,,,,,1,,,,,,,,1,1,1,1,,,,,,1,1,,1,,,,,2,1,379201003,,
3,36,192,1,11,1,468.8047,"02",1,,,,1,,,,,111,,,1,,,,,,,,1,,,,,,,,,,,,,1,1,1,1,,,1,,,,,,,,,,,2,2,379201103,,
3,36,192,1,12,1,468.8047,"02",1,,,,5,,,,,111,,,,1,,,,,,,1,,,,,,,,,,,,,1,1,1,1,,,1,,,,,,,,,,,2,1,379201203,,
3,36,192,1,14,1,468.8047,"01",1,,,,5,,1,,,,,,,,111,,,1,,,,,,,,,,,,,,,,1,1,1,,,,,,,,,,,,,,,2,1,379201403,,
3,36,192,1,15,1,468.8047,"02",1,,,,1,,1,,,,,,,,111,,,,,,,,,,,,,,1,,,,,1,1,1,1,,,,,,,,,,,,,,3,1,379201503,,
3,36,192,1,16,1,468.8047,"01",1,,,,1,,,,,111,,,,,111,,,,,,,,,,,,,,,,1,,,1,1,1,,,,,,,,,,,,,,,2,2,379201603,,
3,36,192,1,17,1,468.8047,"02",1,,,,1,,,,,111,,,,,111,,,,,,,,,,,,,,,,1,,,1,1,1,1,,,,,,,,,,,,,,2,1,379201703,,
3,36,192,1,19,1,468.8047,"01",1,,,,1,,,,,111,,,,1,,,,,,,,,,,,,,,,,1,,,1,1,1,1,,,,,,,,,,,,,,1,4,379201903,,
3,36,192,1,20,1,468.8047,"01",1,,,,5,,1,,,,,,1,,,,,1,,,,,,,,,,,,,,,,1,1,1,1,,,,,,,,,,,,,,2,1,379202003,,
3,36,193,2,1,1,2612.02521568627,"02",11,,0,0,1,,,,,111,,,1,,,,,,,,1,,,,,,,,,,,,,1,1,1,,,,,,,,,,,,,,2,2,1,379300103,,
3,36,193,2,3,1,1988.258,"01",1,,0,0,1,,,,,111,,,,,111,,,,,,,,,,,,,,,,1,,,1,1,1,,,,,,,,,,,,,,2,888,1,379300303,,
3,36,193,2,4,1,2612.02521568627,"02",11,,0,0,1,,,1,,,,,,1,,,,,,,1,,,,,,,,,,,,,1,1,1,1,,,,,,1,,,1,,,,2,2,1,379300403,,
3,36,193,2,5,1,2612.02521568627,"01",9,,0,0,1,,,,,111,,,,,111,,,,,,,,,,,,,,,,1,,,1,1,1,1,,,,,,,,,,,,,1,3,1,379300503,,
3,36,193,2,6,1,1988.258,"02",1,,0,0,1,,,,,111,,,,,111,,,,,,,,,,,,,,1,,,,,0,,,,,,,,,,,,,,,,2,2,1,379300603,,
3,36,193,2,7,1,1988.258,"02",1,,0,0,1,,,,,111,,,,,111,,,,,,,,,,,,,,1,,,,,0,,,,,,,,,,,,,,,,1,3,1,379300703,,
3,36,193,2,8,1,2612.02521568627,"01",11,,1,0,5,,,,,111,,,,,111,,,,,,,,,,,,,,,,1,,,1,1,1,1,,,,,,,,,,,,,2,3,1,379300803,,
3,36,193,2,9,1,2612.02521568627,"02",13,12,0,0,1,,,,,111,,,,,111,,,,,,,,,,,,,,,,1,,,0,,,,,,,,,,,,,,,,2,2,1,379300903,,
3,36,193,2,10,1,1988.258,"01",1,,0,0,1,,,,,111,,,,,111,,,,,,,,,,,,,,,,1,,,0,,,,,,,,,,,,,,,,2,2,2,379301003,,
3,36,193,2,11,1,1988.258,"01",1,,0,0,1,,,,,111,,,1,,,,,,,,1,,,,,,,,,,,,,1,1,1,,,,,,,,,,,,,,2,2,1,379301103,,
3,36,193,2,12,1,1988.258,"02",1,,0,0,1,,,,,111,,,,,111,,,,,,,,,,,,,,,,1,,,0,,,,,,,,,,,,,,,,1,888,1,379301203,,
3,36,193,2,13,1,1988.258,"02",1,,0,0,1,,,,,111,,,,,111,,,,,,,,,,,,,,1,,,,,1,1,1,1,,,,,,,,,,,,,2,1,1,379301303,,
3,36,193,2,14,1,1988.258,"01",1,,0,0,1,,,1,,,,,,1,,,,,,,1,,,,,,,,,,,,,1,1,1,1,,,1,,,1,,,,,,,2,2,1,379301403,,
3,36,193,2,16,1,1988.258,"01",1,,0,0,1,,,,,111,,,,,111,,,,,,,,,,,,,,,,1,,,1,1,1,,,,,,,,,,,,,,2,3,1,379301603,,
3,36,193,2,17,1,1988.258,"01",1,,0,0,5,,1,1,1,,,,1,1,,,,,1,1,,,,,,,,,,,,,,1,1,1,1,,,1,,,,,,,,,,1,3,1,379301703,,
3,36,193,2,18,1,1988.258,"01",1,,0,0,1,,,,,111,,,1,,,,,,,,1,,,,,,,,,,,,,1,1,1,,,,,,,,,,,,,,2,3,1,379301803,,
3,36,193,2,19,1,1988.258,"01",1,,0,0,1,,,1,,,,,,,111,,,,1,,,,,,,,,,,,,,,1,1,1,1,,,,,,,,,,,,,1,3,1,379301903,,
3,36,193,2,20,1,2612.02521568627,"01",6,,0,0,1,,,,,111,,,,,111,,,,,,,,,,,,,,,,1,,,0,,,,,,,,,,,,,,,,2,2,1,379302003,,
3,36,194,2,1,1,1837.83892,"01",11,,0,0,1,,,1,,111,,,,1,,,,,,,1,,,,,,,,,,,,,1,1,1,1,,,,,,,,,,,,,1,2,1,379400103,,
3,36,194,2,2,1,1837.83892,"06",9,,0,0,5,,1,,,,,,,,111,,,,,1,,,,,,,,,,,,,,1,1,1,1,,,,,,,,,,,,,1,3,1,379400203,,
3,36,194,2,3,1,1837.83892,"02",11,,0,0,1,,,1,,,,,,1,,,,,,,1,,,,,,,,,,,,,1,1,1,1,,,,,,,,,,,,,2,2,1,379400303,,
3,36,194,2,4,1,998.8255,"01",1,,0,0,1,,,,1,,,,,,111,,,,,,,,,,,1,,,,,,,,0,,,,,,,,,,,,,,,,2,1,1,379400403,,
3,36,194,2,5,1,1837.83892,"01",11,,0,0,1,,,,,111,,,,,111,,,,,,,,,,,,,,1,,,,,1,1,1,1,,,,,,,,,,,,,2,2,1,379400503,,
3,36,194,2,6,1,1837.83892,"01",11,,0,0,1,,,,,111,,,,,111,,,,,,,,,,,,,,,,1,,,0,,,,,,,,,,,,,,,,2,2,1,379400603,,
3,36,194,2,7,1,1837.83892,"02",11,,0,0,1,,,,,111,,,,,111,,,,,,,,,,,,,,1,,,,,0,,,,,,,,,,,,,,,,2,2,1,379400703,,
3,36,194,2,8,1,998.8255,"01",1,,0,0,1,,1,,,,,,,,111,,,1,,,,,,,,,,,,,,,,1,1,1,,,,,,,,,,,,,,2,2,1,379400803,,
3,36,194,2,9,1,998.8255,"01",1,,0,0,1,,1,,,,,,,,111,,,1,,,,,,,,,,,,,,,,1,1,1,,,,,,,,,,,,,,2,2,1,379400903,,
3,36,194,2,10,1,998.8255,"01",1,,1,1,1,,,,1,,,,1,1,,,,,,,1,,,,,,,,,,,,,1,1,1,1,,,1,,,,,,,,,,1,3,1,379401003,,
3,36,194,2,11,1,998.8255,"03",1,,0,0,1,,,,,111,,,1,,,,,,,,1,,,,,,,,,,,,,1,1,1,1,,,1,,,,,,,,,,2,2,1,379401103,,
3,36,194,2,12,1,998.8255,"02",1,,0,0,1,,,,,111,,,,,111,,,,,,,,,,,,,,1,,,,,1,1,1,1,,,,,,,,,,,,,2,2,1,379401203,,
3,36,194,2,13,1,998.8255,"02",1,,0,0,1,,,,1,,,,,1,,,,,,,1,,,,,,,,,,,,,1,1,1,1,,,1,,,1,,,1,,,,1,2,1,379401303,,
3,36,194,2,14,1,998.8255,"01",1,,0,2,1,,1,,,,,,1,,,,,1,,,,,,,,,,,,,,,,1,1,1,,,,,,,,,,,,,,2,2,1,379401403,,
3,36,194,2,16,1,998.8255,"01",1,,0,0,1,,,,,111,,,1,,,,,,,,1,,,,,,,,,,,,,1,1,1,,,,,,,,,,,,,,1,2,1,379401603,,
3,36,194,2,17,1,998.8255,"01",1,,1,0,5,,,,,111,,,1,,,,,,,,,,,,,,,,,,1,,,1,1,1,1,,,,,,,,,,,,,2,3,1,379401703,,
3,36,194,2,18,1,998.8255,"01",1,,1,0,1,,,1,,,,,1,1,,,,,1,,,,,,,,,,,,,,,1,1,1,1,,,,,,,,,,,,,1,2,1,379401803,,
3,36,194,2,21,1,998.8255,"01",1,,0,1,5,,1,,,,,,,,111,,,,,,,,,,,1,,,,,,,,1,1,1,,,,,,,,,,,,,,2,2,2,379402103,,
3,37,195,2,1,1,2176.33029470199,"02",11,,0,0,1,,,,,111,,,,,111,,,,,,,,,,,,,,1,,,,,1,1,1,1,,,,,,,,,,,,,2,2,1,389500103,,
3,37,195,2,2,1,853.5737,"01",1,,0,0,1,,,,1,,,,,1,,,,,,,,,,,,1,,,,,,,,1,1,1,1,,,,,,1,,,,,,,1,1,1,389500203,,
3,37,195,2,3,1,2176.33029470199,"01",11,,0,0,1,,,,,111,,,,,111,,,,,,,,,,,,,,,,1,,,0,,,,,,,,,,,,,,,,2,2,1,389500303,,
3,37,195,2,4,1,853.5737,"01",1,,0,0,1,,,,,111,,,,,111,,,,,,,,,,,,1,,,,,,,1,1,1,1,,,,,,,,,,,,,1,2,1,389500403,,
3,37,195,2,5,1,2176.33029470199,"01",11,,0,0,1,,,,,111,,,,,111,,,,,,,,,,,,1,,,,,,,0,,,,,,,,,,,,,,,,2,1,1,389500503,,
3,37,195,2,6,1,853.5737,"03",1,,0,0,1,,,,1,,,,,1,,,,,,,1,,,,,,,,,,,,,0,,,,,,,,,,,,,,,,2,2,1,389500603,,
3,37,195,2,7,1,853.5737,"01",1,,0,0,5,,,,1,,,,,1,,,,,,,,,,,,1,,,,,,,,1,1,1,1,,,,,1,1,,,1,,,,1,2,1,389500703,,
3,37,195,2,8,1,853.5737,"01",1,,0,0,1,,1,,,,,,1,1,,,,,,,1,,,,,,,,,,,,,1,1,1,1,,,,,,,,,,,,,1,3,1,389500803,,
3,37,195,2,9,1,853.5737,"01",1,,0,0,5,,,,,111,,,,1,,,,,,,1,,,,,,,,,,,,,1,0,,,,,,,,,,,,,,,2,2,1,389500903,,
3,37,195,2,10,1,853.5737,"01",1,,0,0,1,,,,,111,,,,1,,,,,,,1,,,,,,,,,,,,,1,1,1,1,,,,,,,,,,,,,1,2,1,389501003,,
3,37,195,2,11,1,853.5737,"01",1,,0,0,5,,,,1,,,,1,,,,,,,,,,,,,,,,,,1,,,1,1,1,1,,,1,,,,,,,,,,2,1,1,389501103,,
3,37,195,2,12,1,853.5737,"01",1,,1,0,5,,,,1,,,,1,,,,,,,,1,,,,,,,,,,,,,1,1,1,1,,,1,,,,,,,,,,2,1,1,389501203,,
3,37,195,2,13,1,853.5737,"01",1,,0,0,1,,,,1,,,,,1,,,,,,,1,,,,,,,,,,,,,1,1,1,1,,,,,,,,,1,,,,2,2,1,389501303,,
3,37,195,2,14,1,853.5737,"01",1,,0,0,1,,,,,111,,,1,,,,,,,,1,,,,,,,,,,,,,1,1,1,,,,,,,,,,,,,,1,2,1,389501403,,
3,37,195,2,15,1,853.5737,"06",1,,0,1,5,,1,,,,,,,,111,,,1,,,,,,,,,1,,,,,,,1,1,1,1,,,,,,1,,,,,,,1,3,1,389501503,,
3,37,195,2,16,1,853.5737,"01",1,,0,0,5,,1,,,,,,,,111,,,1,,,,,,,,,,,,,,,,1,1,1,,,,,,,,,,,,,,1,3,1,389501603,,
3,37,195,2,17,1,2176.33029470199,"01",5,,0,0,1,,1,,,,,,,,111,,,,,,,,,,,1,,,,,,,,1,1,1,,,,,,,,,,,,,,1,1,1,389501703,,
3,37,195,2,18,1,853.5737,"01",1,,0,0,5,,1,,,,,,,,111,,,,,,,,,,,1,,,,,,,,1,1,1,,,,,,,,,,,,,,2,2,1,389501803,,
3,37,196,2,1,1,1899.352575,"01",11,,0,0,1,,1,,,,,,1,,,,,1,,,,,,,,,,,,,,,,1,1,1,,,,,,,,,,,,,,1,2,1,389600103,,
3,37,196,2,2,1,1899.352575,"01",8,,0,0,1,,,,,111,,,1,,,,,,1,,,,,,,,,,,,,,,1,1,1,1,,,,,,,,,,,,,2,2,1,389600203,,
3,37,196,2,3,1,1899.352575,"02",11,,0,0,1,,,,,111,,,,,111,,,,,,,,,,,,,,,,1,,,0,,,,,,,,,,,,,,,,2,1,1,389600303,,
3,37,196,2,4,1,1899.352575,"01",11,,0,0,1,,,,1,,,,1,,,,,,,,,,,,,1,,,,,,,,1,1,1,,,,,,,,,,,,,,1,2,1,389600403,,
3,37,196,2,5,1,1899.352575,"01",11,,0,1,1,,,,1,,,,1,1,,,,,,,1,,,,,,,,,,,,,1,1,1,1,,,,,,,,1,,,,,1,2,1,389600503,,
3,37,196,2,6,1,1899.352575,"01",11,,0,0,1,,,1,,,,,,1,,,,,,,,,,,,,1,,1,,,,,1,1,1,1,,,,,,,,,,,,,2,2,1,389600603,,
3,37,196,2,8,1,1899.352575,"02",11,,0,0,1,,,,1,,,,1,,,,,,,,1,,,,,,,,,,,,,1,1,1,1,,,,,,,,,1,,,,1,1,1,389600803,,
3,37,196,2,9,1,1899.352575,"01",9,,0,0,5,,1,,,,,,,1,,,,,,,,,,,,,,,,,1,,,1,0,,,,,,,,,,,,,,,2,1,1,389600903,,
3,37,196,2,10,1,2665.758,"01",1,,1,0,5,,1,,,,,,,1,,,,1,,,,,,,,,,,,,,,,0,,,,,,,,,,,,,,,,1,3,1,389601003,,
3,37,196,2,11,1,2665.758,"02",1,,1,1,5,,,,,111,,,1,,,,,,,,,,,,,,,,,,1,,,1,1,1,1,,,1,,,,,,,,,,2,3,1,389601103,,
3,37,196,2,12,1,2665.758,"01",1,,0,0,1,,1,,,,,,,1,,,,,,,,,,,,1,,,,,,,,1,0,,,,,,,,,,,,,,,2,2,4,389601203,,
3,37,196,2,13,1,2665.758,"01",1,,0,0,5,,,,1,,,,1,,,,,,,,,,,,,1,,,,,,,,1,1,1,,,,,,,,,,,,,,2,2,2,389601303,,
3,37,196,2,14,1,2665.758,"01",1,,0,0,5,,1,,,,,,,,111,,,1,,,,,,,,,,,,,,,,1,1,1,1,,,,,,,,,,,,,2,3,2,389601403,,
3,37,196,2,15,1,2665.758,"02",1,,0,0,1,,1,,,,,,1,,,,,,,,,,,,,,,,1,,,,,1,1,1,1,,,,,,,,,,,,,2,3,1,389601503,,
3,37,196,2,16,1,2665.758,"01",1,,0,0,5,,,,1,,,,,1,,,,,,,1,,,,,1,,,,,,,,1,1,1,1,,,,,,1,,,1,,,,1,3,1,389601603,,
3,37,196,2,17,1,2665.758,"01",1,,0,0,1,,1,,,,,,1,,,,,1,,,,,,,,,,,,,,,,1,1,1,,,,,,,,,,,,,,1,3,1,389601703,,
3,37,196,2,18,1,2665.758,"01",1,,0,0,1,,,,1,,,,,,111,,,,,,,,,,1,,,,,,,,,1,1,1,1,,,,1,,1,,,1,,,,2,3,1,389601803,,
3,37,196,2,21,1,2665.758,"01",1,,1,0,5,,,,,111,,,1,,,,,,,,1,,,,,,,,,,,,,1,0,,,,,,,,,,,,,,,2,2,1,389602103,,
3,37,197,2,1,1,1118.39064615385,"02",11,,0,0,1,,,,,111,,,,,111,,,,,,,,,,,,1,,1,,,,,1,1,1,1,,,,,,,,,,,,,2,1,1,389700103,,
3,37,197,2,2,1,1118.39064615385,"02",9,,0,0,1,,,1,,,,,1,,,,,,,,1,,,,,,,,,,,,,1,1,1,1,,,,,,,,,,,,,1,2,1,389700203,,
3,37,197,2,3,1,1118.39064615385,"02",9,,0,0,1,,,1,,,,,1,,,,,,,,,,,,,,,,1,,,,,1,1,1,1,,,,,,,,,,,,,1,2,1,389700303,,
3,37,197,2,4,1,1118.39064615385,"01",11,,0,0,1,,1,,,,,,1,,,,,1,,,,,,,,,,,,,,,,1,1,1,,,,,,,,,,,,,,2,1,1,389700403,,
3,37,197,2,5,1,1118.39064615385,"02",11,,0,0,1,,,,,111,,,1,,,,,,,,,,,,,,,,1,,,,,1,1,1,1,,,,,,,,,,,,,1,2,1,389700503,,
3,37,197,2,6,1,1298.132,"02",1,,0,0,1,,,,,111,,,,,111,,,,,,,,,,,,,,,,1,,,1,1,1,1,,,,,,,,,,,,,2,3,1,389700603,,
3,37,197,2,7,1,1118.39064615385,"02",5,,0,1,1,,,,1,,,,1,,,,,,,,1,,,,,,,,,,,,,1,1,1,1,,,,,,,,,,,,,2,1,1,389700703,,
3,37,197,2,8,1,1118.39064615385,"02",11,,0,0,1,,,,,111,,,,,111,,,,,,,,,,,,,,,,1,,,1,1,1,1,,,,,,,,,,,,,2,2,1,389700803,,
3,37,197,2,9,1,1118.39064615385,"01",11,,0,0,1,,,,,111,,,1,,,,,,,,1,,,,,,,,,,,,,1,1,,1,,,,,,,,,,,,,1,2,1,389700903,,
3,37,197,2,10,1,1118.39064615385,"01",6,,2,1,1,,1,,,,,,1,1,,,,,,,1,,,,,,,,,,,,,1,1,1,1,,,,,,,,,,,,,1,2,1,389701003,,
3,37,197,2,11,1,1298.132,"01",1,,0,1,5,,1,,,,,,1,,,,,,,,,,,,,1,,,,,,,,1,1,,1,,,,,,,,,,,,,2,2,4,389701103,,
3,37,197,2,12,1,1298.132,"02",1,,0,0,1,,,,,111,,,,,111,,,,,,,,,,,,,,,,1,,,1,1,1,1,,,,,,,,,,,,,1,2,2,389701203,,
3,37,197,2,13,1,1298.132,"01",1,,0,0,1,,,,,111,,,,,111,,,,,,,,,,,,,,,,1,,,1,0,,,,,,,,,,,,,,,2,1,1,389701303,,
3,37,197,2,14,1,1298.132,"01",1,,0,0,1,,1,,,,,,,1,,,,,,,1,,,,,,,,,,,,,1,1,1,,,,,,,,,,,,,,2,2,1,389701403,,
3,37,197,2,15,1,1118.39064615385,"01",9,,0,0,1,,1,,,,,,,1,,,,,,,1,,,,,,,,,,,,,1,0,,,,,,,,,,,,,,,2,1,1,389701503,,
3,37,197,2,16,1,1298.132,"01",1,,0,0,1,,,,,111,,,,,111,,,,,,,,,,,,,,,,1,,,0,,,,,,,,,,,,,,,,1,3,1,389701603,,
3,37,197,2,18,1,1298.132,"01",1,,0,0,1,,,,,111,,,,1,,,,,,,1,,,,,,,,,,,,,1,1,1,1,,,,,,1,,,,,,,1,2,1,389701803,,
3,37,197,2,22,1,1298.132,"01",1,,0,0,1,,,,1,,,,,,111,,,,,,,,,,,1,,,,,,,,1,1,1,1,,,,,,1,,,,,,,1,2,1,389702203,,
3,37,198,2,1,1,1597.87224363636,"01",11,,0,0,1,,,,,111,,,,,111,,,,,,,,,,,,,,,,1,,,1,1,1,1,,,,,,,,,1,,,,2,2,1,389800103,,
3,37,198,2,2,1,821.3362,"01",2,,0,0,1,,,,1,,,,,,111,,,,,,,,,,,,,,,,1,,,1,1,1,1,,,,,,,,,,,,,2,1,1,389800203,,
3,37,198,2,3,1,1597.87224363636,"01",7,,0,0,1,,,,,111,,,,,111,,,,,,,,,,,,,,,,1,,,0,,,,,,,,,,,,,,,,2,2,1,389800303,,
3,37,198,2,4,1,1597.87224363636,"02",6,,0,0,1,,,,,111,,,,,111,,,,,,,,,,,,,,,,1,,,0,,,,,,,,,,,,,,,,2,2,1,389800403,,
3,37,198,2,5,1,1597.87224363636,"01",8,,0,0,1,,,,,111,,,,,111,,,,,,,,,,,,,,,,1,,,1,1,1,,,,,,,,,,,,,,2,2,1,389800503,,
3,37,198,2,7,1,1597.87224363636,"02",11,,0,0,1,,,,,111,,,,,111,,,,,,,,,,,,,,1,,,,,0,,,,,,,,,,,,,,,,1,2,1,389800703,,
3,37,198,2,8,1,1597.87224363636,"02",11,,0,0,1,,,,,111,,,,,111,,,,,,,,,,,,,,,,1,,,1,1,1,1,,,,,,,,,,,,,2,2,1,389800803,,
3,37,198,2,9,1,821.3362,"01",1,,0,0,5,,1,,,,,,1,,,,,1,,,1,,,,,,,,,,,,,1,1,1,,,,,,,,,,,,,,1,3,1,389800903,,
3,37,198,2,10,1,821.3362,"02",1,,0,0,1,,,,,111,,,,,111,,,,,,,,,,,,,,1,,,,,1,1,1,1,,,,,,,,,,,,,1,2,1,389801003,,
3,37,198,2,12,1,821.3362,"02",1,,0,0,5,,1,,,,,,,1,,,,,,,,,,,,1,,,,,,,,1,1,1,1,,,,,,,,,,,,,1,2,1,389801203,,
3,37,198,2,13,1,821.3362,"01",1,,0,0,1,,,,,111,,,,,111,,,,,,,,,,,,,,,,1,,,1,1,1,,,,,,,,,,,,,,1,2,1,389801303,,
3,37,198,2,14,1,821.3362,"02",1,,0,0,1,,1,,,,,,,1,,,,,,,1,,,,,,,,,,,,,1,1,1,,,,,,,,,,,,,,2,2,1,389801403,,
3,37,198,2,15,1,821.3362,"02",1,,0,0,1,,,,,111,,,,,111,,,,,,,,,,,,,,,,1,,,1,1,1,,,,,,,,,,,,,,2,1,1,389801503,,
3,37,198,2,16,1,1597.87224363636,"03",11,,0,0,1,,1,,,,,,,1,,,,,,,1,,,,,,,,,,,,,1,1,1,1,,,,,,,,,1,,,,1,1,1,389801603,,
3,37,198,2,17,1,821.3362,"02",1,,0,0,1,,,1,,,,,,1,,,,,,,1,,,,,,,,,,,,,1,1,,1,,,,,,,,,1,,,,2,1,1,389801703,,
3,37,198,2,18,1,821.3362,"02",1,,0,0,1,,,,,111,,,1,,,,,,,,,,,,,,,,,,1,,,1,1,1,1,,,,,,,,,,,,,1,2,1,389801803,,
3,37,198,2,20,1,1597.87224363636,"04",13,8,1,0,5,,1,,,,,,1,,,,,,,,,,,,,1,,,,,,,,1,1,1,1,,,,,,1,,,1,,,,1,2,1,389802003,,
3,37,198,2,21,1,821.3362,"01",1,,1,0,5,,1,,,,,,,,111,,,1,,,,,,,,,,,,,,,,1,1,1,1,,,,,,,,,,,,,1,2,1,389802103,,
4,41,199,2,1,1,1265.783775,"02",9,,0,0,1,,1,,,,,,1,,,,,1,,,1,,,,,,,,,,,,,1,1,1,,,,,,,,,,,,,,1,3,1,429900104,,
4,41,199,2,2,1,1265.783775,"02",11,,0,0,1,,1,,,,,,,,111,,,1,,,,,,,,,,,,,,,,0,,,,,,,,,,,,,,,,2,2,1,429900204,,
4,41,199,2,3,1,617.4555,"01",1,,0,0,1,,1,,,,,,,,111,,,,,,,,,,,,,,1,,,,,1,1,1,1,,,,,,,,,,,,,1,1,1,429900304,,
4,41,199,2,4,1,617.4555,"01",1,,1,1,1,,,,1,,,,1,,,,,,,1,1,,,,,,,,,,,,,1,1,1,,,,,,,1,,,,,,,1,3,1,429900404,,
4,41,199,2,5,1,617.4555,"01",1,,0,0,1,,,,,111,,,1,,,,,,,,1,,,,,,,,,,,,,1,1,1,1,,,,,,1,,,,,,,2,2,1,429900504,,
4,41,199,2,6,1,617.4555,"01",1,,0,0,1,,,,1,,,,,,111,,,,,1,,,,,,,,,,,,,,1,1,,,,,,,,,,,,,,,1,3,1,429900604,,
4,41,199,2,7,1,617.4555,"01",1,,0,0,1,,,,1,,,,,1,,,,,,,,,,,,1,,,,,,,,1,1,1,1,,,,,,,,,,,,,2,2,1,429900704,,
4,41,199,2,8,1,617.4555,"02",1,,1,1,5,,,,1,,,,,,111,,,,,,,,,,,1,,,,,,,,1,1,1,1,,,,,,,,,,,,,1,3,1,429900804,,
4,41,199,2,10,1,1265.783775,"02",7,,0,0,1,,,,,111,,,,,111,,,,,,,,,,,,,,,,1,,,0,,,,,,,,,,,,,,,,2,1,1,429901004,,
4,41,199,2,11,1,1265.783775,"01",13,1,0,0,1,,,,,111,,,,,111,,,,,,,,,,,,,,,,1,,,0,,,,,,,,,,,,,,,,2,2,1,429901104,,
4,41,199,2,12,1,1265.783775,"02",9,,0,0,1,,,,1,,,,,1,,,,,,,1,,,,,1,,,,,,,,1,1,1,1,,,,,,,,,,,,,1,3,1,429901204,,
4,41,199,2,13,1,1265.783775,"02",11,,0,1,1,,,,,111,,,,,,,,,,,1,,,,,,,,,,,,,1,0,,,,,,,,,,,,,,,2,888,1,429901304,,
4,41,199,2,15,1,1265.783775,"01",5,,0,1,1,,,,,111,,,1,,,,,,,,1,,,,,,,,,,,,,0,,,,,,,,,,,,,,,,2,888,1,429901504,,
4,41,199,2,16,1,1265.783775,"01",11,,0,0,1,,,,1,,,,,,111,,,,,,,,,,,1,,,,,,,,1,1,1,1,,,,,,,,,,,,,2,1,1,429901604,,
4,41,199,2,17,1,1265.783775,"01",6,,0,0,5,,,,,111,,,,,111,,,,,,,,,,,,,,,,1,,,0,,,,,,,,,,,,,,,,2,3,1,429901704,,
4,41,199,2,18,1,1265.783775,"01",11,,0,0,1,,,,1,,,,1,,,,,,,,,,,,,1,,,,,,,,1,1,1,1,,,,,,,,,,,,,2,3,1,429901804,,
4,41,199,2,19,1,1265.783775,"02",11,,0,0,1,,,,,111,,,,1,,,,,,,1,,,,,,,,,,,,,0,,,,,,,,,,,,,,,,1,2,1,429901904,,
4,41,199,2,20,1,1265.783775,"02",11,,0,0,1,,,,,111,,,,,111,,,,,,,,,,,,,,,,1,,,0,,,,,,,,,,,,,,,,1,2,1,429902004,,
4,41,200,2,1,1,2302.37658151261,"01",11,,0,0,5,,1,,,,,,,,111,,,,,,,,,,,,,1,1,,,,,1,1,1,1,,,,,,,,,,,,,2,1,1,430000104,,
4,41,200,2,2,1,756.8586,"02",1,,0,0,1,,,,,111,,,1,,,,,,,,1,,,,,,,,,,,,,1,1,1,1,,,1,,,1,,,,,,,2,2,1,430000204,,
4,41,200,2,3,1,2302.37658151261,"02",11,,1,0,5,,1,,,,,,,,111,,,1,,,,,,,,,,,,,,,,1,1,1,1,,,,,,,,,,,,,2,2,2,430000304,,
4,41,200,2,4,1,2302.37658151261,"02",7,,0,0,5,,,,1,,,,1,,,,,,,,,,,,,1,,,,,,,,1,1,1,1,,,,,,,,,,,,,2,1,1,430000404,,
4,41,200,2,5,1,756.8586,"01",1,,0,0,5,,,,,111,,,,,111,,,,,,,,,,,,,,,,1,,,0,,,,,,,,,,,,,,,,1,2,1,430000504,,
4,41,200,2,8,1,756.8586,"02",1,,0,0,5,,,,,111,,,,1,,,,,,,1,,,,,,,,,,,,,1,1,1,1,,,,,,1,,,,,,,2,3,2,430000804,,
4,41,200,2,9,1,756.8586,"01",1,,1,0,5,,1,,1,,,,1,,,,,1,,,,,,,,,,,,,,,,1,1,1,1,,,1,,,1,,,,,,,2,2,1,430000904,,
4,41,200,2,10,1,756.8586,"04",1,,0,0,5,,,,1,,,,1,,,,,,,1,,,,,,,,,,,,,,1,1,1,1,,,,,,,,,,,,,1,3,1,430001004,,
4,41,200,2,11,1,756.8586,"01",1,,0,0,1,,1,,1,,,,1,,,,,1,,1,,,,,,,,,,,,,,1,1,1,1,,,1,,,1,,,,,,,2,3,1,430001104,,
4,41,200,2,12,1,756.8586,"01",1,,0,0,5,,,,,111,,,1,,,,,,,,1,,,,,,,,,,,,,1,1,,,,,1,,,,,,,,,,1,2,1,430001204,,
4,41,200,2,13,1,2302.37658151261,"01",9,,0,0,5,,,,,111,,,,1,,,,,,,1,,,,,,,,,,,,,1,1,1,1,,,,,,,,,1,,,,1,2,1,430001304,,
4,41,200,2,14,1,756.8586,"02",1,,1,0,5,,1,,,,,,,,111,,,1,,,,,,,,,,,,,,,,1,1,1,1,,,,,,1,,,,,,,2,3,1,430001404,,
4,41,200,2,15,1,756.8586,"01",1,,0,0,5,,,,,111,,,1,,,,,,,,1,,,,,,,,,,,,,1,1,1,,,,1,,,,,,,,,,1,2,1,430001504,,
4,41,200,2,16,1,756.8586,"02",1,,0,0,1,,,,1,,,,1,,,,,,,1,1,,,,,,,,,,,,,1,1,1,,,,1,,,1,,,,,,,2,2,1,430001604,,
4,41,200,2,17,1,2302.37658151261,"02",8,,0,0,1,,,,,111,,,,1,,,,,,,1,,,,,,,,,,,,,0,,,,,,,,,,,,,,,,1,2,1,430001704,,
4,41,200,2,18,1,756.8586,"02",1,,1,0,5,,,,,111,,,,1,,,,,,,1,,,,,,,,,,,,,0,,,,,,,,,,,,,,,,1,3,1,430001804,,
4,41,200,2,19,1,756.8586,"01",1,,0,0,5,,,,1,,,,1,,,,,1,,,,,,,,,,,,,,,,1,1,1,1,,,,,,,,,,,,,2,2,1,430001904,,
4,41,200,2,20,1,2302.37658151261,"01",11,,0,0,5,,,,,111,,,,1,,,,,,,,,,,,,,,,,1,,,1,1,,1,1,,,,,,,,,,,,2,1,1,430002004,,
4,41,201,2,1,1,1415.802,"01",1,,0,0,5,,1,,,,,,,,111,,,,,,,,,,,,,1,,,,,,1,1,1,,,,1,,,,,,,,,,1,2,1,430100104,,
4,41,201,2,2,1,1415.802,"02",1,,0,0,1,,,,,111,,,1,1,,,,,,,1,,,,,,,1,1,,,,,1,0,,,,,,,,,,,,,,,2,2,1,430100204,,
4,41,201,2,4,1,297.574147783251,"01",11,,1,0,1,,,1,1,,,,1,,,,,,,,,,,,,1,,,,,,,,1,1,1,,,,,,,,,,,,,,2,3,1,430100404,,
4,41,201,2,6,1,297.574147783251,"02",8,,0,0,1,,,,,111,,,1,,,,,,1,,,,,,,,,,,,,,,0,,,,,,,,,,,,,,,,2,2,1,430100604,,
4,41,201,2,7,1,297.574147783251,"01",7,,0,0,1,,,,,111,,,,,111,,,,,,,,,,,,,,1,,,,,1,1,1,1,,,,,,,,,,,,,2,2,1,430100704,,
4,41,201,2,8,1,297.574147783251,"01",9,,1,1,5,,1,,,,,,,,111,,,,,,,,,,,1,,,,,,,,1,1,1,1,,,,,,,,,,,,,2,3,1,430100804,,
4,41,201,2,9,1,297.574147783251,"01",11,,0,0,1,,,,,,,,,,111,,,,,,,,,,,,,,,,1,,,1,0,,,,,,,,,,,,,,,1,3,1,430100904,,
4,41,201,2,10,1,297.574147783251,"01",9,,2,0,5,,,1,,111,,,1,1,,,,,1,,,,,,,,,,,,,,,1,1,1,,,,,,,,,,,,,,2,3,1,430101004,,
4,41,201,2,11,1,297.574147783251,"02",9,,0,0,1,,,,,111,,,,1,,,,,,,1,,,,,,,1,1,,,,,1,1,1,1,,,,,,,,,,,,,2,2,1,430101104,,
4,41,201,2,12,1,297.574147783251,"01",11,,0,0,1,,,,1,,,,1,,,,,,,,,,,,,,,1,,1,,,,1,1,1,1,,,,,,,,1,1,1,,,2,3,1,430101204,,
4,41,201,2,13,1,1415.802,"01",1,,1,0,5,,1,,,,,,,,111,,,1,,,,,,,,,,,,,,,,1,1,1,1,,,1,,1,,,,,,,,2,3,1,430101304,,
4,41,201,2,14,1,297.574147783251,"01",9,,1,0,5,,1,,,,,,1,,,,,,,,1,,,,,,,,,,,,,1,1,1,1,,,1,,,,,,,,,,2,3,1,430101404,,
4,41,201,2,15,1,297.574147783251,"01",11,,2,0,1,,,,1,,,,,1,,,,,,,1,,,,,,,,,,,,,0,,,,,,,,,,,,,,,,1,3,1,430101504,,
4,41,201,2,16,1,297.574147783251,"02",9,,0,0,1,,,,,111,,,,,111,,,,,,,,,,,,,,,,1,,,1,0,,,,,,,,,,,,,,,2,3,1,430101604,,
4,41,201,2,17,1,297.574147783251,"02",7,,0,0,1,,,,,111,,,,,111,,,,,,,,,,,,,1,1,1,,,,1,1,1,1,,,,,,,,1,1,1,,,2,3,1,430101704,,
4,41,201,2,18,1,297.574147783251,"01",11,,0,0,1,,,,,111,,,1,,,,,,,,1,,,,,,,,,,,,,1,1,1,1,,,,,,,,,,,,,2,2,1,430101804,,
4,41,201,2,19,1,1415.802,"01",1,,1,0,5,,1,,,,,,1,,,,,,,,,,,,,1,,,,,,,,1,1,1,,,,1,,,,,,,,,,2,3,1,430101904,,
4,41,201,2,21,1,297.574147783251,"01",8,,0,0,1,,,,,111,,,1,,,,,,1,,,,,,,,,,,,,,,0,,,,,,,,,,,,,,,,2,2,1,430102104,,
4,41,202,1,1,1,192.898030534351,"02",7,,,,5,,,,,111,,,,,111,,,,,,,,,,,,,,1,,,,,1,0,,,,,,,,,,,,,,,,3,1,430200104,,
4,41,202,1,2,1,192.898030534351,"02",9,,,,1,,,,,111,,,,,111,,,,,,,,,,,,,,1,,,,,1,1,1,,,,,,,,,,,,,,,2,1,430200204,,
4,41,202,1,3,1,192.898030534351,"01",11,,,,5,,1,,,,,,1,,,,,1,1,,,,,,,,,,,,,,,1,1,1,,,,,,,,,,,,,,,2,1,430200304,,
4,41,202,1,4,1,140.3869,"01",1,,,,5,,1,,,,,,,,111,,,1,,,,,,,,,,,,,,,,1,0,,,,,,,,,,,,,,,,3,1,430200404,,
4,41,202,1,5,1,140.3869,"02",1,,,,4,,1,,,,,,,,111,,,1,,,,,,,,,,,,,,,,1,1,1,1,,,1,,,,,,1,,,,,3,1,430200504,,
4,41,202,1,6,1,140.3869,"01",1,,,,1,,1,,,,,,1,,,,,1,,,,,,,,,,,,,,,,1,1,1,,,,1,,,,,,,,,,,3,1,430200604,,
4,41,202,1,7,1,140.3869,"01",1,,,,5,,1,,,,,,1,,,,,1,,,,,,,,,,,,,,,,1,1,1,1,,1,1,,1,,,,,,,,,3,1,430200704,,
4,41,202,1,8,1,192.898030534351,"02",11,,,,1,,1,,,,,,,,111,,,1,,,,,,,,,,,,,,,,0,,,,,,,,,,,,,,,,,3,1,430200804,,
4,41,202,1,9,1,192.898030534351,"01",11,,,,1,,,,,111,,,1,,,,,,1,,,,,,,,,,,,,,,1,0,,,,,,,,,,,,,,,,3,1,430200904,,
4,41,202,1,10,1,140.3869,"01",1,,,,5,,1,,,,,,1,,,,,,,,,,,,,1,,,,,,,,1,0,,,,,,,,,,,,,,,,2,1,430201004,,
4,41,202,1,11,1,140.3869,"02",1,,,,5,,1,,1,,,,,,111,,,1,,,,,,,,,,,,,,,,1,1,1,1,,,1,1,,1,,,,1,,,,3,1,430201104,,
4,41,202,1,12,1,192.898030534351,"01",11,,,,1,,,1,1,,,,1,,,,,,,,1,,,,,,,,,,,,,1,1,1,1,,,,,,,,,,,,,,3,1,430201204,,
4,41,202,1,13,1,140.3869,"01",1,,,,5,,1,,,,,,1,,,,,1,,,1,,,,,,,,,,,,,1,1,1,1,,,,,,,,,,,,,,2,1,430201304,,
4,41,202,1,14,1,140.3869,"01",1,,,,5,,1,,,,,,,,111,,,1,,,,,,,,,,,,,,,,1,1,1,1,,,1,,,1,,,1,,,,,3,1,430201404,,
4,41,202,1,15,1,192.898030534351,"02",9,,,,5,,,,1,,,,,1,,,,,,,,,,,,1,,,,,,,,1,1,1,1,,,,,,,,,,,,,,888,1,430201504,,
4,41,202,1,16,1,192.898030534351,"01",11,,,,1,,,,,111,,,,1,,,,,,,,,,,,1,,,,,,,,1,1,1,1,,,,,,,,,,,,,,3,1,430201604,,
4,41,202,1,17,1,192.898030534351,"01",11,,,,1,,,,,111,,,,1,,,,,,,1,,,,,,,,,,,,,0,,,,,,,,,,,,,,,,,3,1,430201704,,
4,41,202,1,18,1,140.3869,"02",1,,,,5,,1,,,,,,,,111,,,1,,,,,,,,,,,,,,,,1,1,1,1,,,1,,,1,,,1,,,,,3,1,430201804,,
4,41,203,2,1,1,741.469008403361,"01",11,,0,0,1,,,,1,,,,,1,,,,,,,1,,,,,,,1,1,,,,,1,1,1,1,,,,,1,,,,,,,,1,2,1,430300104,,
4,41,203,2,2,1,741.469008403361,"02",11,,0,0,5,,,,,111,,,1,,,,,,,,1,,,,,,,,,,,,,1,1,,1,,,,,,,,,1,,,,2,3,1,430300204,,
4,41,203,2,3,1,741.469008403361,"01",11,,0,0,1,,,,1,,,,1,,,,,,,,,,,,,,,1,,,,,,0,,,,,,,,,,,,,,,,1,2,1,430300304,,
4,41,203,2,4,1,741.469008403361,"01",9,,0,0,1,,,,1,,,,,1,,,,,,1,,,,,,,,,1,,,,,1,1,1,1,,,,,1,,,,,,,,1,3,1,430300404,,
4,41,203,2,5,1,741.469008403361,"01",11,,1,0,1,,,,1,,,,,1,,,,,,,,,,,,1,,,,,,,,0,,,,,,,,,,,,,,,,1,2,1,430300504,,
4,41,203,2,6,1,741.469008403361,"03",11,,0,0,1,,,,,111,,,1,,,,,,1,,,,,,,,,,,,,,,1,1,1,1,,,,,,,,,,,,,1,2,1,430300604,,
4,41,203,2,7,1,741.469008403361,"02",11,,1,0,1,,,,1,,,,1,,,,,,,,,,,,,1,,,,,,,,1,1,1,,,,,,,,,,,,,,2,2,1,430300704,,
4,41,203,2,8,1,741.469008403361,"01",11,,0,0,1,,,,1,,,,,,111,,,,,,,,,,,,,,,,1,,,1,0,,,,,,,,,,,,,,,2,2,1,430300804,,
4,41,203,2,9,1,741.469008403361,"02",11,,2,0,1,,,,,111,,,1,,,,,,1,,,,,,,,,,,,,,,1,1,1,1,,,,,,,,,,,,,1,2,1,430300904,,
4,41,203,2,10,1,741.469008403361,"01",9,,0,0,1,,1,,,,,,1,,,,,,,,1,,,,,,,,,,,,,1,1,1,1,,,,,,,,1,1,,,,1,2,1,430301004,,
4,41,203,2,11,1,741.469008403361,"01",11,,0,0,1,,,,1,,,,,,111,,,,,,,,,,,,,,1,,,,,1,0,,,,,,,,,,,,,,,2,3,1,430301104,,
4,41,203,2,12,1,741.469008403361,"01",9,,0,0,1,,,,1,,,,,,111,,,,,,,,,,,,,1,1,,,,,0,,,,,,,,,,,,,,,,2,1,1,430301204,,
4,41,203,2,13,1,741.469008403361,"02",5,,1,1,5,,1,,,,,,1,,,,,1,,,,,,,,,,,,,,,,1,1,1,1,,,,,,,,,,,,,1,2,1,430301304,,
4,41,203,2,14,1,741.469008403361,"01",9,,0,0,1,,,,,111,,,,1,,,,,,,,,,,,,,,,,1,,,1,1,1,1,,,,,,,,,,,,,2,1,1,430301404,,
4,41,203,2,15,1,741.469008403361,"02",9,,1,1,1,,,,1,,,,,1,,,,,,,,,,,,1,,,,,,,,1,1,1,,,,,,,,,,,,,,2,3,1,430301504,,
4,41,203,2,16,1,2450.967,"01",1,,1,1,5,,,,1,,,,,,111,,,,,,,,,,,1,,,,,,,,1,0,,,,,,,,,,,,,,,1,2,1,430301604,,
4,41,203,2,17,1,741.469008403361,"02",9,,0,0,1,,,,1,,,,,,111,,,,,1,,,,,,,,1,1,,,,,1,1,1,,,,,,,,,,,,,,1,2,1,430301704,,
4,41,203,2,18,1,741.469008403361,"02",9,,0,0,1,,,,1,,,,,1,,,,,,,1,,,,,,,1,,,,,,0,,,,,,,,,,,,,,,,1,1,1,430301804,,
4,42,204,2,1,1,1559.74094680851,"02",11,,0,0,1,,,,,111,,,1,,,,,,,,,,,,,,,,,,1,,,1,1,1,,,,,,,,,,,,,,2,2,1,440400104,,
4,42,204,2,2,1,1559.74094680851,"02",11,,1,1,5,,1,,1,,,,1,,,,,1,,,,,,,,1,,,,,,,,1,1,1,,,,,,,,,,,,,,1,3,1,440400204,,
4,42,204,2,3,1,1559.74094680851,"01",11,,1,0,5,,,,1,,,,1,,,,,,,,1,,,,,1,,,,,,,,1,1,1,1,,,,,,1,,,,,,,1,3,1,440400304,,
4,42,204,2,4,1,1559.74094680851,"01",11,,0,0,1,,,,,111,,,1,,,,,,,,,,,,,,,,,,1,,,1,1,1,,,,,,,,,,,,,,2,2,1,440400404,,
4,42,204,2,5,1,1559.74094680851,"01",11,,0,1,1,,1,,1,,,,,,111,,,1,,,,,,,,1,,,,,,,,1,1,1,1,,,,,,1,,,,,,,1,2,1,440400504,,
4,42,204,2,6,1,1559.74094680851,"02",11,,0,0,1,,,,,111,,,1,,,,,,,,1,,,,,,,,,,,,,0,,,,,,,,,,,,,,,,1,3,1,440400604,,
4,42,204,2,7,1,1559.74094680851,"01",11,,0,0,1,,,,,111,,,,,111,,,,,,,,,,,,1,,1,,,,,0,,,,,,,,,,,,,,,,2,3,1,440400704,,
4,42,204,2,8,1,1559.74094680851,"01",11,,0,0,1,,,,1,,,,1,,,,,,,,,,,,,1,,,,,,,,1,1,1,,,,,,,,,,,,,,1,2,1,440400804,,
4,42,204,2,9,1,1559.74094680851,"01",11,,0,0,1,,,,,111,,,,,111,,,,,,,,,,,,,,,,1,,,0,,,,,,,,,,,,,,,,1,3,1,440400904,,
4,42,204,2,10,1,461.0555,"01",1,,0,1,5,,,,,111,,,,1,,,,,,,1,,,,,,,,1,,,,,1,1,1,1,,,,,,,,,,,,,1,3,1,440401004,,
4,42,204,2,11,1,461.0555,"01",1,,0,0,1,,,,,111,,,,1,,,,,,,1,,,,,,,,1,,,,,1,1,1,1,,,1,,,,,,,,,,1,2,1,440401104,,
4,42,204,2,12,1,461.0555,"01",1,,1,0,5,,,,,111,,,1,,,,,,,,1,,,,,,,,,,,,,1,1,1,1,,,,,,,,,,,,,1,2,1,440401204,,
4,42,204,2,13,1,461.0555,"01",1,,0,0,1,,,1,,,,,1,,,,,,,,1,,,,,,,,,,,,,0,,,,,,,,,,,,,,,,1,2,1,440401304,,
4,42,204,2,14,1,461.0555,"01",1,,0,1,1,,,,,111,,,,1,,,,,,,1,,,,,,,,1,,,,,1,1,1,1,,,1,,,,,,,,,,1,2,1,440401404,,
4,42,204,2,15,1,461.0555,"01",1,,0,0,1,,,1,,,,,1,,,,,,,,1,,,,,,,,,,,,,1,1,1,1,,,1,,,,,,,,,,1,2,1,440401504,,
4,42,204,2,16,1,461.0555,"01",1,,0,0,1,,,,,111,,,,,111,,,,,,1,,,,,,,,,,,,,0,,,,,,,,,,,,,,,,1,2,1,440401604,,
4,42,204,2,17,1,461.0555,"01",1,,1,1,5,,,,1,,,,,,111,,,,,,,,,,,1,,,,,,,,1,1,1,1,,,,,1,,,,1,,,,2,2,1,440401704,,
4,42,204,2,18,1,461.0555,"01",1,,0,0,1,,,,,111,,,,,111,,,,,,1,,,,,,,,,,,,,1,1,1,1,,,,,1,1,,,1,,,,2,2,1,440401804,,
4,42,205,2,1,1,1266.853,"01",11,,0,0,1,,,,,111,,,1,,,,,,,,1,,,,,,,,,,,,,0,,,,,,,,,,,,,,,,1,2,1,440500104,,
4,42,205,2,2,1,1266.853,"01",13,8,0,0,1,,,,1,,,,,1,,,,,,,,,,,,1,,,,,,,,1,1,1,1,,,,,1,,,,1,,,,1,2,1,440500204,,
4,42,205,2,3,1,1266.853,"01",11,,0,0,1,,,,,111,,,1,,,,,,,,1,,,,,,,,,,,,,0,,,,,,,,,,,,,,,,1,2,1,440500304,,
4,42,205,2,4,1,1266.853,"02",11,,0,0,1,,,,,111,,,1,,,,,,,,1,,,,,,,,,,,,,1,1,1,1,,,,,,,,,,,,,2,2,1,440500404,,
4,42,205,2,5,1,1266.853,"01",13,8,0,0,2,,,,1,,,,,,111,,,,,,,,,,,1,,,,,,,,1,1,1,1,,,,,1,,,,1,,,,1,2,1,440500504,,
4,42,205,2,6,1,1266.853,"01",11,,0,0,1,,,,1,,,,,,111,,,,,,,,,,,1,,,,,,,,0,,,,,,,,,,,,,,,,2,2,1,440500604,,
4,42,205,2,7,1,1266.853,"02",11,,0,0,1,,,,,111,,,1,,,,,,,,,,,,,,,,,,1,,,0,,,,,,,,,,,,,,,,1,2,1,440500704,,
4,42,205,2,8,1,1266.853,"01",11,,0,0,1,,,,,111,,,1,,,,,,,,,,,,,,,,,,1,,,0,,,,,,,,,,,,,,,,1,2,1,440500804,,
4,42,205,2,9,1,1266.853,"01",11,,0,0,1,,,,,111,,,,1,,,,,,,1,,,,,,,,,,,,,1,1,1,1,,,,,,,,,,,,,1,2,1,440500904,,
4,42,205,2,10,1,1266.853,"01",10,,0,1,1,,,,1,,,,,1,,,,,,,,,,,,1,,,1,,,,,1,1,1,1,,,,,,1,,,,,,,2,2,1,440501004,,
4,42,205,2,11,1,1266.853,"01",8,,0,0,1,,,,1,,,,,1,,,,,,,,,,,,1,,,,,,,,1,1,1,1,,,,,1,,,,1,,,,1,2,1,440501104,,
4,42,205,2,12,1,1266.853,"02",10,,2,1,5,,,,1,,,,,,111,,,,,,,,,,,1,,,,,,,,1,1,1,,,,1,,,1,,,,,,,1,2,1,440501204,,
4,42,205,2,13,1,1266.853,"01",8,,0,0,1,,,1,,,,,1,,,,,,,,1,,,,,,,,,,,,,1,1,1,1,,,,,,,,,,,,,1,1,1,440501304,,
4,42,205,2,14,1,1266.853,"01",9,,0,1,1,,,,1,,,,,1,,,,,,,1,,,,,1,,,1,,,,,1,1,1,1,,,,,,,,,,,,,2,2,1,440501404,,
4,42,205,2,15,1,1266.853,"02",9,,0,0,1,,,,1,,,,1,,,,,,,,1,,,,,1,,,,,,,,1,1,1,,,,,,,,,,,,,,1,2,1,440501504,,
4,42,205,2,16,1,1266.853,"02",5,,0,0,1,,,,,111,,,1,,,,,,,,,,,,,,,,,,1,,,1,1,1,,,,,,,,,,,,,,1,2,1,440501604,,
4,42,205,2,17,1,1266.853,"01",9,,0,0,1,,,,,111,,,1,,,,,,,,1,,,,,,,,,,,,,1,1,1,1,,,,,,,,,,,,,1,3,1,440501704,,
4,42,205,2,18,1,1266.853,"01",9,,0,0,1,,,,1,,,,,1,,,,,,,1,,,,,1,,,,,,,,1,1,1,1,,,,,,,,,,,,,1,2,1,440501804,,
4,42,206,2,1,1,811.818,"01",11,,0,0,5,,,,,111,,,,1,,,,,,,1,,,,,,,,1,,,,,1,1,1,1,,,,,,,,,,,,,2,2,1,440600104,,
4,42,206,2,2,1,811.818,"01",7,,0,0,1,,,,,111,,,,,111,,,,,,,,,,,,,,1,,,,,0,,,,,,,,,,,,,,,,1,2,1,440600204,,
4,42,206,2,3,1,811.818,"01",7,,0,0,1,,,,,111,,,,1,,,,,,,1,,,,,,,,1,,,,,1,1,1,1,,,,,,,,,,,,,1,2,1,440600304,,
4,42,206,2,4,1,1913.571,"01",1,,0,1,1,,,,,111,,,1,,,,,,,,,,,,,,,,,,1,,,1,1,1,,,,,,,,,,,,,,1,2,1,440600404,,
4,42,206,2,5,1,811.818,"01",11,,0,0,1,,,,,111,,,,,111,,,,,,,,,,,,,,,,1,,,0,,,,,,,,,,,,,,,,2,1,1,440600504,,
4,42,206,2,6,1,811.818,"01",11,,0,0,1,,,,,111,,,,,111,,,,,,,,,,,,,,1,,,,,0,,,,,,,,,,,,,,,,2,2,1,440600604,,
4,42,206,2,7,1,811.818,"02",11,,0,0,1,,,,,111,,,1,,,,,,,,,,,,,,,,,,1,,,0,,,,,,,,,,,,,,,,1,3,1,440600704,,
4,42,206,2,8,1,811.818,"01",11,,0,0,1,,,,,111,,,1,,,,,,,,1,,,,,,,,,,,,,0,,,,,,,,,,,,,,,,2,2,1,440600804,,
4,42,206,2,9,1,1913.571,"01",1,,0,0,5,,1,,,,,,1,,,,,1,,,,,,,,,,,,,,,,1,1,1,1,,,,1,,,,,,,,,2,2,1,440600904,,
4,42,206,2,10,1,811.818,"01",9,,0,0,1,,,,,111,,,1,,,,,,,,1,,,,,,,,,,,,,1,0,,,,,,,,,,,,,,,2,2,1,440601004,,
4,42,206,2,11,1,811.818,"02",10,,0,0,1,,,,,111,,,1,,,,,,,,1,,,,,,,1,1,,,,,0,,,,,,,,,,,,,,,,2,2,1,440601104,,
4,42,206,2,12,1,1913.571,"02",1,,1,0,5,,1,,,,,,1,,,,,,,,,,,,,1,,,,,,,,1,1,1,,,,,,,,,,,,,,1,3,1,440601204,,
4,42,206,2,13,1,1913.571,"01",1,,0,0,5,,,,,111,,,1,,,,,,,,1,,,,,,,,,,,,,1,1,1,1,,,1,,,,,,,,,,1,2,1,440601304,,
4,42,206,2,14,1,811.818,"01",11,,0,0,5,,,,,111,,,1,,,,,,,,1,,,,,,,,,,,,,1,1,1,1,,,,,,,,,,,,,2,3,1,440601404,,
4,42,206,2,15,1,1913.571,"01",1,,1,0,5,,1,,,,,,,,111,,,1,,,,,,,,,,,,,,,,1,1,1,1,,,1,1,1,1,,,1,,,,2,2,2,440601504,,
4,42,206,2,16,1,1913.571,"01",1,,0,0,5,,,,,111,,,,1,,,,,,,,,,,,1,,,,,,,,1,1,1,1,,,,,1,1,,,1,,,,1,3,1,440601604,,
4,42,206,2,17,1,1913.571,"01",1,,1,1,5,,,,,111,,,,1,,,,,,,,,,,,1,,,,,,,,1,1,1,1,,,,,1,1,,,1,,,,1,2,1,440601704,,
4,42,206,2,18,1,811.818,"02",10,,0,0,1,,,,1,,,,,,111,,,,,,,,,,,1,,,,,,,,0,,,,,,,,,,,,,,,,1,2,1,440601804,,
4,42,207,2,1,1,219.268658385093,"02",11,,0,0,1,,,,,111,,,1,,,,,,,,,,,,,,,,,,1,,,1,1,1,,,,,,,,,,,,,,2,2,1,440700104,,
4,42,207,2,2,1,219.268658385093,"01",11,,0,0,1,,,,1,,,,1,,,,,,,,,,,,,1,,,,,,,,1,1,1,1,,,,,,,,,,,,,2,2,1,440700204,,
4,42,207,2,3,1,219.268658385093,"01",11,,0,0,1,,,,,111,,,,,111,,,,,,,,,,,,,,,,1,,,0,,,,,,,,,,,,,,,,2,2,1,440700304,,
4,42,207,2,4,1,219.268658385093,"01",11,,0,0,1,,,,,111,,,1,,,,,,,,1,,,,,,,,,,,,,0,,,,,,,,,,,,,,,,1,2,1,440700404,,
4,42,207,2,5,1,219.268658385093,"01",11,,0,0,1,,,,1,,,,1,,,,,,,,1,,,,,1,,,,,,,,1,1,1,,,,,,,1,,,,,,,1,2,1,440700504,,
4,42,207,2,6,1,219.268658385093,"01",7,,0,0,1,,,,,111,,,,1,,,,,,,1,,,,,,,,,,,,,1,1,1,1,,,,,,,,,,,,,2,2,1,440700604,,
4,42,207,2,7,1,219.268658385093,"01",11,,0,0,1,,,,,111,,,1,,,,,,,,,,,,,,,,,,1,,,0,,,,,,,,,,,,,,,,2,2,1,440700704,,
4,42,207,2,8,1,219.268658385093,"01",11,,0,0,1,,,,,111,,,1,,,,,,,,1,,,,,,,,,,,,,1,1,1,1,,,,,,,,,,,,,1,2,1,440700804,,
4,42,207,2,9,1,219.268658385093,"02",11,,0,0,1,,,,,111,,,,,111,,,,,,,,,,,,,,,,1,,,0,,,,,,,,,,,,,,,,1,2,1,440700904,,
4,42,207,2,10,1,2715.558,"01",1,,0,0,1,,,,,111,,,1,,,,,,,,1,,,,,,,,,,,,,0,,,,,,,,,,,,,,,,1,2,1,440701004,,
4,42,207,2,11,1,2715.558,"01",1,,0,0,1,,,,,111,,,1,,,,,,,,1,,,,,,,,1,,,,,0,,,,,,,,,,,,,,,,1,2,1,440701104,,
4,42,207,2,12,1,2715.558,"02",1,,0,0,1,,,,,111,,,,,111,,,,,,,,,,,,,,,,1,,,1,0,,,,,,,,,,,,,,,1,2,1,440701204,,
4,42,207,2,13,1,2715.558,"01",1,,0,0,1,,,,,111,,,,1,,,,,,,1,,,,,,,,1,,,,,1,1,1,1,,,,,,,,,,,,,1,3,1,440701304,,
4,42,207,2,14,1,2715.558,"02",1,,0,0,1,,,,1,,,,,,111,,,,,,,,,,,1,,,1,,,,,1,1,1,1,,,1,,,1,,,,,,,1,2,1,440701404,,
4,42,207,2,15,1,2715.558,"01",1,,0,0,1,,,,1,,,,1,,,,,,,,1,,,,,,,,,,,,,1,1,1,1,,1,1,,,,,,,,,,1,1,1,440701504,,
4,42,207,2,16,1,2715.558,"01",1,,0,0,1,,,,,111,,,1,,,,,,,,,,,,,,,,,,1,,,1,1,1,,,,,,,,,,,,,,1,2,1,440701604,,
4,42,207,2,17,1,2715.558,"01",1,,0,0,1,,,,1,,,,,1,,,,,,,1,,,,,1,,,1,,,,,1,1,1,1,,,1,,,,,,,,,,1,2,1,440701704,,
4,42,207,2,18,1,2715.558,"01",1,,0,0,5,,1,,,,,,,1,,,,1,,,,,,,,,,,,,,,,0,,,,,,,,,,,,,,,,2,1,2,440701804,,
4,42,208,1,1,1,17.4388363636364,"01",11,,,,1,,,1,,,,,,1,,,,,,,,,,,,1,,,,,,,,1,1,1,1,,,,,1,,,,1,,,,,3,1,440800104,,
4,42,208,1,2,1,275.7516,"01",1,,,,5,,,1,,,,,,1,,,,,,,,,,,,,,,,,,,,1,1,1,1,,,1,,1,,,,,,,,,3,1,440800204,,
4,42,208,1,3,1,275.7516,"01",1,,,,5,,1,,,,,,1,,,,,1,,,,,,,,,,,,,,,,1,1,1,1,,,1,,,,,,,,,,,3,2,440800304,,
4,42,208,1,4,1,17.4388363636364,"01",11,,,,1,,,1,,,,,1,,,,,,,,1,,,,,,,,,,,,,0,,,,,,,,,,,,,,,,,3,1,440800404,,
4,42,208,1,5,1,275.7516,"01",1,,,,5,,,,1,,,,,,111,,,,,,,,,,,1,,,,,,,,1,1,1,1,,,1,,,,,,,,,,,3,1,440800504,,
4,42,208,1,6,1,275.7516,"02",1,,,,5,,1,,,,,,1,,,,,1,1,,,,,,,,,,,,,,,1,1,1,1,,,1,,,,,,,,,,,3,1,440800604,,
4,42,208,1,7,1,17.4388363636364,"01",9,,,,5,,1,,,,,,,1,,,,1,,,,,,,,,,,,,,,,1,1,1,1,,,,,,,,,,,,,,2,1,440800704,,
4,42,208,1,9,1,275.7516,"02",1,,,,5,,,1,1,,,,1,,,,,,1,,1,,,,,,,,,,,,,1,1,1,1,,,1,,,,,,,,,,,2,2,440800904,,
4,42,208,1,11,1,17.4388363636364,"02",11,,,,1,,,,,111,,,1,,,,,,,,,,,,,,,,,,1,,,1,0,,,,,,,,,,,,,,,,2,1,440801104,,
4,42,208,1,12,1,17.4388363636364,"01",11,,,,1,,,,,111,,,,,111,,,,,,,,,,,,,,1,,,,,1,1,1,1,,,,,,,,,,,,,,3,1,440801204,,
4,42,208,1,13,1,17.4388363636364,"02",11,,,,5,,1,,,,,,1,,,,,,,,,,,,,,,,,,1,,,1,1,1,,,,,,,,,,,,,,,3,1,440801304,,
4,42,208,1,14,1,17.4388363636364,"02",11,,,,5,,,,1,,,,1,,,,,,,,1,,,,,1,,,,,,,,1,1,1,,,,,,,,,,,,,,,2,1,440801404,,
4,42,208,1,17,1,17.4388363636364,"01",11,,,,1,,,,,111,,,,1,,,,,,,,,,,,,,,,,1,,,0,,,,,,,,,,,,,,,,,3,1,440801704,,
4,42,208,1,18,1,17.4388363636364,"02",11,,,,5,,,,1,,,,,1,,,,,,,1,,,,,1,,,,,,,,1,1,1,1,,,,,,,,,,,,,,2,1,440801804,,
4,42,208,1,19,1,17.4388363636364,"02",11,,,,1,,,,,111,,,1,,,,,,,,1,,,,,,,,,,,,,0,,,,,,,,,,,,,,,,,2,2,440801904,,
4,42,208,1,20,1,275.7516,"01",1,,,,5,,1,,,,,,1,,,,,1,,,1,,,,,,,,,,,,,1,1,1,1,,,,,,,,,,,,,,2,1,440802004,,
4,42,208,1,21,1,275.7516,"01",1,,,,1,,,,,111,,,,,111,,,,,,,,,,,,1,,,,,,,0,,,,,,,,,,,,,,,,,3,1,440802104,,
4,42,208,1,22,1,17.4388363636364,"01",13,8,,,1,,,,,111,,,,,111,,,,,,,,,,,,,,,,1,,,0,,,,,,,,,,,,,,,,,1,1,440802204,,
4,43,209,1,1,1,72.8319091078067,"01",11,,,,1,,,,1,,,,1,1,,,,,,,,,,,,,,,,,1,,,1,1,1,1,,,,,,,,,,,,,,2,1,450900104,,
4,43,209,1,2,1,72.8319091078067,"01",11,,,,1,,,,,111,,,1,,,,,,,,1,,,,,,,,,,,,,1,1,1,1,,,,,,1,,,,,,,,3,1,450900204,,
4,43,209,1,3,1,72.8319091078067,"01",11,,,,1,,,,1,,,,1,,,,,,,,1,,,,,,,,,,,,,1,1,1,1,,,,,,,,,,,,,,2,1,450900304,,
4,43,209,1,4,1,72.8319091078067,"01",11,,,,1,,,,,111,,,,1,,,,,,,1,,,,,,,,,,,,,1,1,1,1,,,,,,,,,,,,,,2,1,450900404,,
4,43,209,1,5,1,403.9543,"02",1,,,,1,,,1,1,,,,1,,,,,,,,,,,,,1,,,,,,,,1,0,,,,,,,,,,,,,,,,2,1,450900504,,
4,43,209,1,6,1,72.8319091078067,"02",11,,,,5,,1,,,,,,,1,,,,,,,1,,,,,,,,,,,,,1,1,1,1,,,,,,,,,,,,,,2,1,450900604,,
4,43,209,1,7,1,72.8319091078067,"01",11,,,,1,,,,,111,,,1,,,,,,,,,,,,,,,,1,,,,,0,,,,,,,,,,,,,,,,,2,1,450900704,,
4,43,209,1,8,1,403.9543,"01",1,,,,5,,,,1,,,,1,,,,,,,,,,,,,1,,,,,,,,1,1,1,1,,,,,,,,,,,,,,3,1,450900804,,
4,43,209,1,9,1,72.8319091078067,"01",11,,,,1,,,,1,,,,1,1,,,,,,,,,,,1,,,,,,,,,1,1,1,1,,,,,,,,,,,,,,2,1,450900904,,
4,43,209,1,11,1,403.9543,"01",1,,,,1,,,,1,,,,1,,,,,,,,,,,,,1,,,,,,,,0,,,,,,,,,,,,,,,,,2,1,450901104,,
4,43,209,1,12,1,403.9543,"02",1,,,,1,,,,,111,,,,,111,,,,,,,,,,,,,,,,1,,,1,1,1,1,,,,,,,,,,,,,,3,1,450901204,,
4,43,209,1,13,1,403.9543,"01",1,,,,1,,,,1,,,,1,,,,,,,,1,,,,,,,,,,,,,0,,,,,,,,,,,,,,,,,3,1,450901304,,
4,43,209,1,14,1,72.8319091078067,"02",11,,,,1,,,,,111,,,1,,,,,,,,,,,,,,,1,1,,,,,0,,,,,,,,,,,,,,,,,2,1,450901404,,
4,43,209,1,15,1,72.8319091078067,"02",11,,,,1,,,,1,,,,,,111,,,,,,,,,,,1,,,,,,,,1,1,1,1,,,,,,,,,,,,,,3,1,450901504,,
4,43,209,1,16,1,403.9543,"01",1,,,,5,,,,,111,,,1,,,,,,,,,,,,,,,1,1,,,,,1,1,1,,,,,,,,,,,,,,,2,1,450901604,,
4,43,209,1,18,1,403.9543,"01",1,,,,1,,,,,111,,,1,,,,,,,,1,,,,,,,,,,,,,1,1,1,1,,,1,,,,,,1,,,,,2,1,450901804,,
4,43,209,1,19,1,403.9543,"02",1,,,,1,,,,,111,,,,,111,,,,,,,,,,,,,,,,1,,,1,0,,,,,,,,,,,,,,,,2,2,450901904,,
4,43,209,1,21,1,403.9543,"01",1,,,,1,,,,,111,,,,,111,,,,,,,,,,,,,,,,1,,,0,,,,,,,,,,,,,,,,,3,1,450902104,,
4,43,210,2,1,1,568.426227001195,"01",11,,0,0,1,,,,,111,,,1,1,,,,,,,,,,,,,,,,,1,,,1,1,1,1,,,,,,,,,,,,,2,3,1,451000104,,
4,43,210,2,2,1,568.426227001195,"02",11,,0,0,1,,,,,111,,,,1,,,,,,,1,,,,,,,,,,,,,0,,,,,,,,,,,,,,,,2,3,1,451000204,,
4,43,210,2,3,1,568.426227001195,"01",11,,0,0,1,,,,1,,,,1,,,,,,,,,,,,,1,,,,,,,,0,,,,,,,,,,,,,,,,2,1,1,451000304,,
4,43,210,2,4,1,568.426227001195,"02",11,,0,0,1,,,,1,,,,1,1,,,,,,,,,,,,1,,,,,,,,1,1,1,1,,,,,,,1,,,,,,2,3,1,451000404,,
4,43,210,2,5,1,568.426227001195,"02",11,,0,1,1,,,,1,,,,1,,,,,,,,,,,,,,,,1,,,,,1,1,1,1,,,,,,,,,,,,,2,3,1,451000504,,
4,43,210,2,6,1,568.426227001195,"01",11,,0,0,1,,,,,111,,,,,111,,,,,,,,,,,,,1,1,,,,,1,1,1,,,,,,,,,,,,,,2,2,1,451000604,,
4,43,210,2,7,1,568.426227001195,"01",11,,0,0,5,,,,,111,,,,,111,,,,,,,,,,,,,,1,,,,,1,1,1,,,,,,,,,,,,,,2,2,1,451000704,,
4,43,210,2,8,1,1820.559,"02",1,,1,0,5,,1,,,,,,1,1,,,,,,,1,,,,,,,,1,,,,,1,1,1,,,,,,,,,,,,,,1,1,1,451000804,,
4,43,210,2,9,1,568.426227001195,"01",11,,0,0,1,,,,,111,,,,,,,,,,,,,,,,,,,,,1,,,0,,,,,,,,,,,,,,,,2,3,1,451000904,,
4,43,210,2,10,1,568.426227001195,"02",7,,0,0,1,,,,1,,,,1,,,,,,,,1,,,,,,,,,,,,,1,1,1,,,,,,,,,,,,,,2,1,2,451001004,,
4,43,210,2,12,1,1820.559,"02",1,,0,0,5,,,,1,,,,,,111,,,,,,,,,,,1,,,,,,,,1,1,1,1,,,,,,,,,,,,,2,2,1,451001204,,
4,43,210,2,13,1,1820.559,"01",1,,0,1,1,,1,,,,,,1,,,,,,1,,,,,,,,,1,1,,,,,1,1,1,1,,,1,,,1,,,,,,,2,3,1,451001304,,
4,43,210,2,14,1,1820.559,"01",1,,1,0,1,,1,,,,,,,,111,,,1,,,,,,,,,,,,,,,,1,1,1,1,1,,,,,,,,,,,,1,3,1,451001404,,
4,43,210,2,15,1,1820.559,"02",1,,1,0,4,,1,,,,,,,,111,,,1,,,,,,,,,,,,,,,,1,1,1,1,1,,,,,,,,,,,,2,2,1,451001504,,
4,43,210,2,16,1,1820.559,"01",1,,1,0,5,,,,,111,,,1,,,,,,,,1,,,,,,,,,,,,,1,1,1,1,,,1,,,1,,,,,,,1,2,1,451001604,,
4,43,210,2,17,1,1820.559,"01",1,,1,0,5,,,,,111,,,1,,,,,,,,1,,,,,,,,,,,,,1,1,1,1,,,1,,,,,,,,,,2,2,1,451001704,,
4,43,210,2,18,1,1820.559,"01",1,,1,0,5,,,,,111,,,1,,,,,,,,1,,,,,,,,,,,,,1,1,1,1,,,1,,,,,,,,,,1,2,1,451001804,,
4,43,211,1,1,1,75.3177517857143,"01",7,,,,1,,,,,111,,,,,111,,,,,,,,,,,,,,,,1,,,0,,,,,,,,,,,,,,,,,1,1,451100104,,
4,43,211,1,2,1,324.4457,"01",1,,,,5,,1,,,,,,,,111,,,,,,,,,,,1,,,,,,,,1,0,,,,,,,,,,,,,,,,2,2,451100204,,
4,43,211,1,4,1,324.4457,"01",1,,,,1,,1,,,,,,1,,,,,,,,,,,,,,,,,,1,,,1,1,1,1,,,,,,,,,1,,,,,2,4,451100404,,
4,43,211,1,5,1,324.4457,"02",1,,,,1,,,,,111,,,,,111,,,,,,1,,,,,,,,,,,,,0,,,,,,,,,,,,,,,,,2,1,451100504,,
4,43,211,1,6,1,75.3177517857143,"01",7,,,,5,,1,,,,,,,,111,,,1,,,,,,,,,,,,,,,,1,1,1,1,,,,,,,,,,,,,,2,1,451100604,,
4,43,211,1,7,1,75.3177517857143,"02",13,8,,,1,,,,,111,,,,1,,,,,,,1,,,,,,,,,,,,,0,,,,,,,,,,,,,,,,,2,1,451100704,,
4,43,211,1,8,1,75.3177517857143,"01",11,,,,1,,,,1,,,,,1,,,,,,,1,,,,,1,,,,,,,,0,,,,,,,,,,,,,,,,,1,1,451100804,,
4,43,211,1,9,1,75.3177517857143,"01",11,,,,5,,1,,,,,,1,,,,,1,,,,,,,,,,,,,,,,1,1,1,,,,,,,,,,,,,,,2,1,451100904,,
4,43,211,1,10,1,324.4457,"02",1,,,,5,,1,,,,,,1,,,,,1,,,,,,,,,,,,,,,,1,1,1,1,,,1,,1,,,,,,,,,3,1,451101004,,
4,43,211,1,11,1,324.4457,"02",1,,,,5,,,,,111,,,1,,,,,,,,1,,,,,,,,,,,,,1,1,1,1,,,,,,,,,,,,,,3,1,451101104,,
4,43,211,1,12,1,324.4457,"02",1,,,,4,,1,,1,,,,1,,,,,1,,,,,,,,,,,,,,,,1,1,1,1,,,,,,,,,,,,,,2,1,451101204,,
4,43,211,1,13,1,324.4457,"01",1,,,,1,,,,,111,,,1,,,,,,,,,,,,,,,,,,1,,,1,1,1,1,,,,,,,,,,,,,,3,1,451101304,,
4,43,211,1,14,1,324.4457,"01",1,,,,4,,1,,,,,,,,111,,,1,,,,,,,,,,,,,,,,0,,,,,,,,,,,,,,,,,3,1,451101404,,
4,43,211,1,15,1,324.4457,"02",1,,,,5,,,,,111,,,1,,,,,,,,1,,,,,,,,,,,,,1,1,1,1,,,,,,,,,,,,,,2,1,451101504,,
4,43,211,1,16,1,324.4457,"01",1,,,,1,,,,,111,,,1,,,,,,,,1,,,,,,,,,,,,,1,1,1,1,,,1,,,,,,,,,,,2,1,451101604,,
4,43,211,1,17,1,324.4457,"01",1,,,,5,,1,,1,,,,1,,,,,1,,,,,,,,,,,,,,,,1,1,1,1,,,1,1,1,1,,,,,,,,3,1,451101704,,
4,43,211,1,18,1,324.4457,"01",1,,,,5,,1,,,,,,1,,,,,1,,,,,,,,,,,,,,,,1,1,1,1,,,1,,1,,,,,,,,,3,1,451101804,,
4,43,211,1,21,1,324.4457,"01",1,,,,5,,,,,111,,,,,111,,,,,,,,,,,,,,,,1,,,0,,,,,,,,,,,,,,,,,2,1,451102104,,
4,43,212,1,1,1,9.19864275700934,"02",7,,,,5,,,,,111,,,,,111,,,,,,,,,,,,,1,,,,,,0,,,,,,,,,,,,,,,,,2,1,451200104,,
4,43,212,1,2,1,9.19864275700934,"01",11,,,,1,,,,,111,,,,,111,,,,,,,,,,,,,1,,,,,,0,,,,,,,,,,,,,,,,,2,1,451200204,,
4,43,212,1,3,1,9.19864275700934,"01",11,,,,1,,,,,111,,,,1,,,,,,,1,,,,,,,,,,,,,1,0,,,,,,,,,,,,,,,,2,1,451200304,,
4,43,212,1,4,1,187.4771,"01",1,,,,5,,,,,111,,,,,111,,,,,,,,,,,,,,1,,,,,0,,,,,,,,,,,,,,,,,2,1,451200404,,
4,43,212,1,5,1,187.4771,"01",1,,,,5,,1,,1,,,,1,,,,,,1,,,,,,,,,,,,,,,1,1,1,,,,1,1,,1,,,,,,,,2,1,451200504,,
4,43,212,1,6,1,187.4771,"02",1,,,,1,,,,,111,,,,,111,,,,,,,,,,,,,,1,,,,,1,1,1,1,,,1,,,,,,,,,,,2,1,451200604,,
4,43,212,1,7,1,187.4771,"02",1,,,,4,,1,1,,,,,1,,,,,1,,,1,,,,,,,,,,,,,1,1,1,1,,,1,1,,1,,,,,,,,3,1,451200704,,
4,43,212,1,8,1,187.4771,"01",1,,,,1,,,,,111,,,,1,,,,,,,1,,,,,,,,,,,,,1,0,,,,,,,,,,,,,,,,2,1,451200804,,
4,43,212,1,9,1,187.4771,"01",1,,,,5,,,,1,,,,,,111,,,,,,,,,,,1,,,,,,,,1,1,1,1,,,1,,,,,,,,,,,3,1,451200904,,
4,43,212,1,10,1,187.4771,"02",1,,,,1,,,,,111,,,,1,,,,,,,1,,,,,,,,,,,,,1,0,,,,,,,,,,,,,,,,1,1,451201004,,
4,43,212,1,11,1,187.4771,"02",1,,,,5,,,,,111,,,,,111,,,,,,,,,,,,,,1,,,,,1,1,1,,1,,,,,,,,,,,,,2,1,451201104,,
4,43,212,1,13,1,187.4771,"01",1,,,,1,,,1,,,,,1,,,,,,1,,,,,,,,,,,,,,,1,1,1,,,,1,1,,,,,,,,,,3,1,451201304,,
4,43,212,1,15,1,9.19864275700934,"01",11,,,,1,,,,,111,,,,,111,,,,,,,,,,,,,1,,,,,,0,,,,,,,,,,,,,,,,,1,1,451201504,,
4,43,212,1,16,1,187.4771,"01",1,,,,5,,1,,,,,,,,111,,,1,,,,,,,,,,,,,,,,1,0,,,,,,,,,,,,,,,,2,1,451201604,,
4,43,212,1,17,1,187.4771,"01",1,,,,5,,,,,111,,,1,,,,,,,,1,,,,,,,,,,,,,1,1,1,1,,,1,,,,,,,,,,,2,1,451201704,,
4,43,212,1,18,1,187.4771,"01",1,,,,5,,1,,,,,,,,111,,,1,,,,,,,,,,,,,,,,1,1,1,1,,,1,,,,,,,,,,,2,2,451201804,,
4,43,212,1,19,1,187.4771,"02",1,,,,5,,1,,,,,,,,111,,,1,,,,,,,,,,,,,,,,1,1,1,1,,,1,1,,,,,,,,,,3,2,451201904,,
4,43,212,1,20,1,187.4771,"02",1,,,,1,,,,1,,,,,,111,,,,,,,,,,,1,,,,,,,,1,1,1,,,,,,,,,,,,,,,2,1,451202004,,
4,43,213,2,1,1,912.504543413174,"02",11,,0,0,1,,,,,111,,,,,111,,,,,,,,,,,,,,,,1,,,0,,,,,,,,,,,,,,,,2,2,1,451300104,,
4,43,213,2,2,1,912.504543413174,"01",11,,0,0,1,,,,1,,,,1,,,,,,,,1,,,,,1,,,,,,,,1,1,1,1,,,,,,,,,,,,,1,2,1,451300204,,
4,43,213,2,3,1,912.504543413174,"01",11,,0,0,1,,,,1,,,,1,,,,,,,,,,,,,1,,,,,,,,0,,,,,,,,,,,,,,,,1,2,1,451300304,,
4,43,213,2,4,1,912.504543413174,"02",11,,0,0,1,,,,,111,,,1,,,,,,,,1,,,,,,,,,,,,,1,1,1,,,,,,,,,,,,,,2,1,1,451300404,,
4,43,213,2,5,1,912.504543413174,"01",6,,0,0,1,,,,,111,,,,,111,,,,,,,,,,,,,,,,1,,,1,1,1,,,,,,,,,,,,,,2,2,1,451300504,,
4,43,213,2,6,1,912.504543413174,"02",11,,0,0,1,,,,1,,,,1,,,,,,,,,,,,,,,,,,1,,,1,0,,,,,,,,,,,,,,,2,2,1,451300604,,
4,43,213,2,7,1,1339.677,"01",1,,0,0,1,,,,1,,,,,,111,,,,,,,,,,,,,,1,,,,,1,0,,,,,,,,,,,,,,,2,1,4,451300704,,
4,43,213,2,8,1,912.504543413174,"02",6,,0,0,1,,,,1,,,,1,,,,,,,,,,,,,,,,,,1,,,0,,,,,,,,,,,,,,,,2,2,1,451300804,,
4,43,213,2,9,1,912.504543413174,"02",11,,0,0,1,,1,,1,,,,,1,,,,,,,1,,,,,1,,,,,,,,0,,,,,,,,,,,,,,,,2,1,1,451300904,,
4,43,213,2,10,1,1339.677,"01",1,,0,0,1,,,,1,,,,,1,,,,,,,,,,,,,,,1,,,,,0,,,,,,,,,,,,,,,,2,2,1,451301004,,
4,43,213,2,11,1,1339.677,"01",1,,1,0,5,,1,,,,,,,,111,,,1,,,,,,,,,,,1,,,,,1,1,1,1,,,1,,,1,,,,,,,2,2,1,451301104,,
4,43,213,2,12,1,1339.677,"01",1,,0,0,1,,,,,111,,,,,111,,,,,,,,,,,,,,1,,,,,1,1,1,1,,,1,,,,,,,,,,1,3,1,451301204,,
4,43,213,2,13,1,1339.677,"01",1,,0,0,1,,,,1,,,,1,,,,,,,,,,,,,1,,,,,,,,1,1,1,1,,,1,,,,,,,,,,1,2,1,451301304,,
4,43,213,2,14,1,1339.677,"01",1,,1,0,1,,,,,111,,,1,,,,,,,,1,,,,,,,,,,,,,0,,,,,,,,,,,,,,,,1,2,1,451301404,,
4,43,213,2,16,1,1339.677,"03",1,,0,0,5,,1,,,,,,,,111,,,1,,,,,,,,,,,,,,,,1,1,1,1,,,1,,,,,,,,,,2,3,1,451301604,,
4,43,213,2,17,1,1339.677,"01",1,,0,0,5,,,,1,,,,,1,,,,,,,,,,,,1,,,,,,,,1,1,,,,,1,,,,,,,,,,2,2,1,451301704,,
4,43,213,2,18,1,1339.677,"01",1,,1,0,5,,1,,,,,,1,,,,,,,,,,,,,1,,,,,,,,1,1,1,1,,,1,,,,,,,,,,2,2,1,451301804,,
4,43,213,2,19,1,1339.677,"02",1,,0,0,1,,1,,,,,,,,111,,,1,,,,,,,,,,,,,,,,1,1,1,1,,,,,,,,,,,,,2,2,1,451301904,,
4,43,214,1,1,1,77.8124084705883,"01",11,,,,1,,,,,111,,,,,111,,,,,,,,,,,,,,,,1,,,0,,,,,,,,,,,,,,,,,1,1,451400104,,
4,43,214,1,3,1,79.49585,"02",1,,,,5,,1,1,,,,,1,1,,,,,1,,,,,,,,1,1,1,,,,,1,1,1,1,,,1,,,,,,,,,,,3,1,451400304,,
4,43,214,1,4,1,79.49585,"02",1,,,,1,,,,1,111,,,,,111,,,,,,,,,,,1,,,,,,,,1,1,1,,,,,,,,,,,,,,,3,1,451400404,,
4,43,214,1,5,1,77.8124084705883,"02",11,,,,1,,,1,,,,,1,,,,,,,,1,,,,,,,,,,,,,1,0,,,,,,,,,,,,,,,,2,1,451400504,,
4,43,214,1,6,1,77.8124084705883,"01",9,,,,1,,,,1,,,,1,1,,,,,,,,,,,,,,,1,,,,,1,1,1,1,,,,,,,,,,,,,,2,1,451400604,,
4,43,214,1,7,1,77.8124084705883,"01",11,,,,1,,,,,111,,,,,111,,,,,,,,,,,,,,,,1,,,0,,,,,,,,,,,,,,,,,2,1,451400704,,
4,43,214,1,8,1,79.49585,"02",1,,,,1,,,,1,,,,1,,,,,,,,,,,,,1,,,,,,,,1,1,1,1,,,1,1,,,,,,,,,,3,1,451400804,,
4,43,214,1,9,1,79.49585,"02",1,,,,5,,,,1,,,,,,111,,,,,,,,,,,1,,,,,,,,1,1,1,1,,,,,,,,,,,,,,3,1,451400904,,
4,43,214,1,11,1,79.49585,"02",1,,,,5,,,,,111,,,,,111,,,,,,,,,,,,1,,1,,,,,0,,,,,,,,,,,,,,,,,3,1,451401104,,
4,43,214,1,12,1,79.49585,"01",1,,,,1,,,,1,,,,,1,,,,,,,1,,,,,,,,,,,,,1,1,1,1,1,1,,,,,,,,,,,,3,1,451401204,,
4,43,214,1,13,1,79.49585,"01",1,,,,1,,,,,111,,,,1,,,,,,,1,,,,,,,,,,,,,1,1,1,1,,,,,,,,,,,,,,1,1,451401304,,
4,43,214,1,14,1,79.49585,"01",1,,,,5,,1,,,,,,,,111,,,1,,,,,,,,,,,,,,,,1,1,1,1,,,,,,,,,,,,,,3,1,451401404,,
4,43,214,1,15,1,79.49585,"01",1,,,,5,,,,1,,,,1,1,,,,,,,,,,,,1,,,,,,,,1,1,1,1,,,,,,,,,,,,,,3,1,451401504,,
4,43,214,1,16,1,77.8124084705883,"01",5,,,,5,,,,,111,,,,,111,,,,,,,,,,,,,,,,1,,,1,1,1,1,,,,,,,,,,,,,,1,1,451401604,,
4,43,214,1,17,1,79.49585,"01",1,,,,1,,,,1,,,,1,,,,,,,,1,,,,,1,,,,,,,,1,1,1,1,,,,,,,,,1,,,,,3,1,451401704,,
4,43,214,1,18,1,79.49585,"01",1,,,,5,,,,1,,,,1,,,,,,,1,1,,,,,,,,,,,,,0,,,,,,,,,,,,,,,,,3,1,451401804,,
4,43,214,1,19,1,79.49585,"02",1,,,,5,,1,,,,,,1,,,,,,1,,,,,,,,,1,1,,,,,1,1,1,1,,,1,1,,,,,,,,,,2,1,451401904,,
4,43,214,1,21,1,79.49585,"01",1,,,,5,,,,,111,,,,1,,,,,,,,,,,,,,,,,1,,,1,1,1,1,1,1,,,,,,,,,,,,3,1,451402104,,
4,43,215,1,1,1,195.1767,"01",1,,,,5,,,,,111,,,1,,,,,,,,1,,,,,,,,,,,,,1,1,1,1,,,1,,,,,,,,,,,2,1,451500104,,
4,43,215,1,2,1,195.1767,"02",1,,,,5,,,,1,,,,1,1,,,,,,,,,,,,1,,,,,,,,1,1,1,1,,,,,,,,,,,,,,3,1,451500204,,
4,43,215,1,3,1,195.1767,"02",1,,,,4,,1,,,,,,1,,,,,1,,,,,,,,,,,,,,,,1,1,1,1,,,1,1,,,,,,,,,,3,1,451500304,,
4,43,215,1,4,1,195.1767,"01",1,,,,6,,1,,,,,,1,,,,,1,,,1,,,,,,,,,,,,,1,1,1,1,,,,,,,,,,,,,,3,1,451500404,,
4,43,215,1,5,1,195.1767,"01",1,,,,5,,,,,111,,,,,111,,,,,,,,,,,,,,,,1,,,1,1,1,1,,,1,,,,,,,,,,,3,1,451500504,,
4,43,215,1,6,1,195.1767,"01",1,,,,4,,1,,1,,,,,,111,,,1,,,,,,,,,,,,,,,,1,1,1,1,,,1,1,1,,,,,,,,,3,1,451500604,,
4,43,215,1,7,1,195.1767,"01",1,,,,5,,1,,,,,,1,,,,,,,,,,,,,,,,,,1,,,1,1,1,1,,,,,,,,,,,,,,3,1,451500704,,
4,43,215,1,8,1,195.1767,"01",1,,,,5,,,,,111,,,,,111,,,,,,,,,,,,,,,,1,,,1,1,1,1,,,1,,,,,,,,,,,3,1,451500804,,
4,43,215,1,9,1,195.1767,"01",1,,,,5,,1,,1,,,,1,,,,,1,,,,,,,,,,,,,,,,1,1,1,1,,,1,,,,,,,,,,,3,1,451500904,,
4,43,215,1,10,1,195.1767,"01",1,,,,5,,1,,,,,,,,111,,,1,,,,,,,,,,,,,,,,1,1,1,1,,,1,,,,,,,,,,,3,1,451501004,,
4,43,215,1,11,1,195.1767,"01",1,,,,5,,1,,,,,,,,111,,,1,,,,,,,,,,,,,,,,0,,,,,,,,,,,,,,,,,3,1,451501104,,
4,43,215,1,12,1,15.4565399068323,"02",7,,,,1,,,,,111,,,,,111,,,,,,,,,,,,,,1,,,,,1,1,1,1,,,,,,,,,1,,,,,1,1,451501204,,
4,43,215,1,13,1,195.1767,"01",1,,,,5,,,,,111,,,,,111,,,,,,,,,,,,,,,,1,,,1,1,1,,,,,,,,,,,,,,,3,1,451501304,,
4,43,215,1,14,1,195.1767,"01",1,,,,5,,1,,,,,,,,111,,,1,,,,,,,,,,,,,,,,1,0,,,,,,,,,,,,,,,,3,1,451501404,,
4,43,215,1,15,1,195.1767,"02",1,,,,1,,1,,,,,,,1,,,,,,,1,,,,,,,,,,,555,1,1,0,,,,,,,,,,,,,,,,2,2,451501504,,
4,43,215,1,16,1,195.1767,"02",1,,,,5,,1,,,,,,,,111,,,1,,,,,,,,,,,,,,,,0,,,,,,,,,,,,,,,,,3,2,451501604,,
4,43,215,1,18,1,195.1767,"02",1,,,,1,,1,,,,,,,,111,,,,,,,,,,,,,1,1,,,,,1,1,1,1,,,1,1,,1,,,,,,,,3,1,451501804,,
4,43,215,1,20,1,195.1767,"01",1,,,,1,,1,,,,,,,1,,,,,,,1,,,,,1,,,,,,,,1,1,1,1,1,,,,,,,,,,,,,2,1,451502004,,
4,43,216,1,1,1,128.7053,"01",1,,,,5,,1,,,,,,,,111,,,1,,,,,,,,,,,,,,,,1,1,1,1,,,1,,,,,,,,,,,2,1,451600104,,
4,43,216,1,2,1,128.7053,"02",1,,,,4,,1,,,,,,,,111,,,1,,,,,,,,,,,,,,,,1,1,1,1,,,1,1,,,,,,,,,,3,2,451600204,,
4,43,216,1,3,1,128.7053,"01",1,,,,6,,1,,,,,,1,,,,,,,,,,,,,,,1,1,,,,,1,1,1,1,,,1,1,,1,,,,,,,,2,1,451600304,,
4,43,216,1,4,1,128.7053,"01",1,,,,5,,1,,,,,,1,,,,,1,,,,,,,,,,,1,,,,,1,1,1,,,,1,1,,,,,,,,,,3,1,451600404,,
4,43,216,1,5,1,128.7053,"02",1,,,,4,,1,,,,,,,,111,,,1,,,,,,,,,,,,,,,,1,1,1,1,1,1,,,,,,,,,,,,3,1,451600504,,
4,43,216,1,6,1,128.7053,"01",1,,,,1,,,,,111,,,1,,,,,,1,,,,,,,,,,1,,,,,1,1,1,1,,,,1,,,1,,,,,,,3,1,451600604,,
4,43,216,1,7,1,128.7053,"02",1,,,,5,,1,,,,,,1,,,,,1,,,,,,,,,,,,,,,,1,1,1,1,,,1,1,,,,,,,,,,3,2,451600704,,
4,43,216,1,8,1,128.7053,"01",1,,,,4,,,,1,,,,1,,,,,,,,,,,,,1,,,,,,,,1,1,1,,,,,,,,,,,,,,,3,1,451600804,,
4,43,216,1,9,1,128.7053,"01",1,,,,5,,1,,,,,,1,,,,,,,,,,,,,,,,1,,,,,1,1,1,,,,1,1,,1,,,,,,,,3,1,451600904,,
4,43,216,1,10,1,128.7053,"02",1,,,,4,,1,,,,,,,,111,,,1,,,,,,,,,,,,,,,,1,1,1,1,,,1,,,,,,,,,,,3,2,451601004,,
4,43,216,1,11,1,128.7053,"01",1,,,,5,,1,,,,,,,,111,,,1,,,,,,,,,,,,,,,,1,1,1,1,,,1,,,,,,1,,,,,2,1,451601104,,
4,43,216,1,12,1,128.7053,"01",1,,,,5,,1,,,,,,,1,,,,1,,,,,,,,,,,,,,,,1,1,1,1,,,,,,,,,,,,,,2,1,451601204,,
4,43,216,1,13,1,128.7053,"01",1,,,,5,,1,,,,,,,,111,,,1,,,,,,,,,,,,,,,,1,1,1,1,,,1,,1,,,,,,,,,2,1,451601304,,
4,43,216,1,14,1,128.7053,"01",1,,,,4,,1,,1,,,,,,111,,,1,,,,,,,,,,,,,,,,1,1,1,1,,,1,1,,,,,,,,,,3,1,451601404,,
4,43,216,1,15,1,128.7053,"01",1,,,,4,,1,,,,,,1,,,,,1,,,1,,,,,,,,,,,,,1,1,1,1,,,1,1,,,,,,,,,,3,1,451601504,,
4,43,216,1,16,1,128.7053,"01",1,,,,5,,1,,,,,,1,,,,,1,,,,,,,,,,,,,,,,1,1,1,1,,,1,1,1,,,,,,,,,3,1,451601604,,
4,43,216,1,17,1,128.7053,"01",1,,,,5,,,,,111,,,,,111,,,,,,,,,,,,,,,,1,,,1,1,1,1,,,,,,,,,,,,,,3,1,451601704,,
4,43,216,1,18,1,128.7053,"01",1,,,,4,,1,,,,,,1,,,,,1,,,,,,,,,,,,,,,,1,1,1,1,,,1,,1,,,,,,,,,2,1,451601804,,
4,43,217,1,1,1,7.75073553719008,"01",7,,,,5,,,,1,,,,,,111,,,,,,,,,,,1,,,,,,,,1,1,1,1,,,,,,,,,,,,,,2,2,451700104,,
4,43,217,1,2,1,78.15325,"02",1,,,,4,,1,1,1,,,,1,,,,,1,,,,,,,,,,,,,,,,1,1,1,1,,,1,1,,1,1,,,,,,,3,1,451700204,,
4,43,217,1,3,1,7.75073553719008,"01",7,,,,1,,,,,111,,,1,,,,,,,,1,,,,,,,,,,,,,1,1,1,1,,,,,,,,,,,,,,3,2,451700304,,
4,43,217,1,4,1,78.15325,"01",1,,,,4,,,,,111,,,,,111,,,,,,,,,,,,,,,,1,,,1,0,,,,,,,,,,,,,,,,2,1,451700404,,
4,43,217,1,5,1,78.15325,"01",1,,,,4,,,,,111,,,,,111,,,,,,,,,,,,,,1,,,,,1,0,,,,,,,,,,,,,,,,2,1,451700504,,
4,43,217,1,6,1,78.15325,"03",1,,,,5,,,,,111,,,,,111,,,,,,,,,,,,1,,,,,,,1,1,1,1,,,1,,,,,,,,,,,3,1,451700604,,
4,43,217,1,7,1,78.15325,"01",1,,,,5,,1,,,,,,1,,,,,,,,1,,,,,,,,,,,,,1,1,1,1,,,1,,,,,,,,,,,2,1,451700704,,
4,43,217,1,8,1,78.15325,"01",1,,,,5,,1,,1,,,,1,,,,,,,,1,,,,,,,,1,,,,,1,1,1,1,,,1,,,,,,,,,,,2,2,451700804,,
4,43,217,1,9,1,78.15325,"01",1,,,,5,,1,,1,,,,1,1,,,,,,,1,,,,,,,,,,,,,1,1,1,,,,,,,,,,,,,,,3,2,451700904,,
4,43,217,1,10,1,78.15325,"01",1,,,,5,,1,,1,,,,,1,,,,,,,1,,,,,,,,,,,,,1,1,1,1,,,1,,1,1,,,,,,,,2,1,451701004,,
4,43,217,1,11,1,78.15325,"01",1,,,,5,,1,,,,,,,,111,,,1,,,,,,,,,,,,,,,,1,1,1,1,,,1,1,,,,,,,,,,3,1,451701104,,
4,43,217,1,12,1,78.15325,"02",1,,,,5,,1,,,,,,,,111,,,1,,,,,,,,,,,,,,,,1,0,,,,,,,,,,,,,,,,3,1,451701204,,
4,43,217,1,13,1,78.15325,"02",1,,,,4,,1,,,,,,,1,,,,,,,1,,,,,,,,,,,,,1,0,,,,,,,,,,,,,,,,3,1,451701304,,
4,43,217,1,14,1,78.15325,"01",1,,,,5,,,,1,,,,,,111,,,,,1,,,,,,,,,,,,,,1,1,1,1,,,1,1,,,,,,,,,,3,1,451701404,,
4,43,217,1,15,1,78.15325,"01",1,,,,5,,,,,111,,,,,111,,,,,,,,,,,,,1,,,,,,1,1,1,1,,,1,1,,1,,,,,,,,3,1,451701504,,
4,43,217,1,16,1,78.15325,"01",1,,,,5,,1,,,,,,1,1,,,,1,,,,,,,,,,,,,,,,1,1,1,1,,,,,,,,,,,,,,2,2,451701604,,
4,43,217,1,17,1,78.15325,"01",1,,,,5,,1,,,,,,,1,,,,,,1,1,,,,,,,,,,,,,1,0,,,,,,,,,,,,,,,,3,1,451701704,,
4,43,217,1,18,1,78.15325,"04",1,,,,5,,1,,,,,,1,1,,,,,,,,,,,,,,,,,1,,,1,1,1,1,,,,,,,,,,,,,,3,1,451701804,,
4,43,218,1,1,1,151.1942,"02",1,,,,4,,1,,,,,,,1,,,,1,,,,,,,,,,,,,,,,0,,,,,,,,,,,,,,,,,3,1,451800104,,
4,43,218,1,2,1,151.1942,"01",1,,,,5,,,,1,,,,,1,,,,,,,1,,,,,1,,,,,,,,1,1,1,1,,,,,,,,,1,,,,,3,1,451800204,,
4,43,218,1,3,1,151.1942,"01",1,,,,5,,1,,,,,,,,111,,,1,,,,,,,,,,,,,,,,1,1,1,1,,,1,,,,,,,,,,,3,1,451800304,,
4,43,218,1,4,1,151.1942,"01",1,,,,4,,1,1,1,,,,1,1,,,,1,,,1,,,,,,,,,,,,,1,1,1,1,,,1,1,,1,,,,,,,,4,1,451800404,,
4,43,218,1,5,1,151.1942,"02",1,,,,4,,1,,,,,,,,111,,,1,,,,,,,,,,,,,,,,1,1,1,1,,,1,1,,1,,,,,,,,3,1,451800504,,
4,43,218,1,6,1,151.1942,"01",1,,,,5,,,,,111,,,,,111,,,,,,,,,,,,1,,,,,,,1,1,1,1,,,1,1,,,,,,,,,,3,2,451800604,,
4,43,218,1,7,1,151.1942,"02",1,,,,5,,1,,,,,,1,,,,,1,,,,,,,,,,,,,,,,1,1,1,1,,,1,1,1,1,,,,,,,,3,1,451800704,,
4,43,218,1,8,1,151.1942,"02",1,,,,4,,1,,,,,,,,111,,,1,,,,,,,,,,,,,,,,1,1,1,1,,,1,1,,,,,,,,,,3,1,451800804,,
4,43,218,1,9,1,151.1942,"01",1,,,,5,,1,,1,,,,1,,,,,,,,,,,,,,,,1,,,,,1,1,1,1,,,1,1,,,,,,,,,,3,1,451800904,,
4,43,218,1,10,1,151.1942,"01",1,,,,4,,1,,,,,,,,111,,,1,,,,,,,,,,,,,,,,1,1,1,1,,,1,1,1,1,,,,,,,,3,1,451801004,,
4,43,218,1,11,1,151.1942,"03",1,,,,5,,1,,1,,,,1,1,,,,1,,,,,,,,,,,,,,,,1,1,1,1,,,,,,,,,,,,,,3,1,451801104,,
4,43,218,1,12,1,151.1942,"01",1,,,,5,,1,,,,,,1,,,,,1,,,1,,,,,,,,,,,,,1,1,1,1,,,1,1,,,,,,,,,,3,1,451801204,,
4,43,218,1,13,1,151.1942,"01",1,,,,5,,1,,,,,,1,,,,,,,,,,,,,,,,,,1,,,1,1,1,1,,,,,,,,,,,,,,3,1,451801304,,
4,43,218,1,14,1,12.095536,"01",11,,,,5,,,,,111,,,,,111,,,,,,,,,,,,,1,,,,,,1,1,1,,,,,1,,,,,,,,,,3,4,451801404,,
4,43,218,1,16,1,151.1942,"01",1,,,,4,,1,,,,,,1,,,,,1,,,,,,,,,,,,,,,,1,1,1,1,,,1,1,,,,,,,,,,3,1,451801604,,
4,43,218,1,17,1,151.1942,"01",1,,,,5,,1,,1,,,,,,111,,,1,,,,,,,,,,,,,,,,1,1,1,1,,,1,1,1,1,1,,,,,,,3,1,451801704,,
4,43,218,1,18,1,151.1942,"02",1,,,,5,,1,,,,,,,1,,,,1,,,,,,,,,,,,,,,,1,1,1,1,,,,,,,,,,,,,,3,1,451801804,,
4,43,219,2,1,1,1401.212,"03",11,,0,0,1,,1,,,,,,1,,,,,,1,,,,,,,,,,1,,,,,1,1,1,1,,,,,,,,,,,,,2,1,1,451900104,,
4,43,219,2,2,1,1401.212,"01",7,,0,0,1,,,1,,,,,1,1,,,,,,,1,,,,,,,,,,,,,0,,,,,,,,,,,,,,,,2,1,1,451900204,,
4,43,219,2,3,1,1401.212,"01",13,1,0,0,1,,,,,111,,,,,111,,,,,,,,,,,,,,,,1,,,0,,,,,,,,,,,,,,,,2,2,1,451900304,,
4,43,219,2,4,1,1401.212,"01",11,,0,0,1,,,,1,,,,,1,,,,,,,,,,,,1,,,,,,,,1,1,1,,,,,,,,,,,,,,2,2,1,451900404,,
4,43,219,2,5,1,1401.212,"01",11,,0,0,1,,,,,111,,,1,,,,,,,,1,,,,,,,,,,,,,1,1,1,1,,,,,,,,,,,,,2,2,1,451900504,,
4,43,219,2,6,1,1401.212,"03",11,,0,0,1,,,1,,,,,1,,,,,,,,1,,,,,,,,,,,,,1,1,1,1,,,,,,,,,1,,,,2,1,4,451900604,,
4,43,219,2,7,1,1401.212,"01",11,,0,0,1,,,,,111,,,,1,,,,,,,1,,,,,,,,,,,,,1,0,,,,,,,,,,,,,,,2,2,1,451900704,,
4,43,219,2,9,1,1401.212,"02",7,,1,0,1,,,,,111,,,,1,,,,,,,1,,,,,,,,,,,,,1,1,1,1,,,,,,,,,,,,,2,1,1,451900904,,
4,43,219,2,10,1,1401.212,"01",11,,0,0,1,,,,,111,,,,,111,,,,,,,,,,,,,,,,1,,,1,1,1,1,,,,,,,,,,,,,2,1,1,451901004,,
4,43,219,2,11,1,1401.212,"02",9,,0,0,1,,,,,111,,,,,111,,,,,,,,,,,,,,1,,,,,1,1,1,1,,,,,,,,,1,,,,1,2,1,451901104,,
4,43,219,2,12,1,1401.212,"02",6,,0,0,1,,,,,111,,,,,111,,,,,,,,,,,,,1,,,,,,1,1,1,,,,,,,,,,,,,,2,1,1,451901204,,
4,43,219,2,13,1,1401.212,"01",11,,0,0,1,,,,,111,,,1,1,,,,,,,1,,,,,,,,,,,,,1,1,1,1,,,,,,,,,,,,,2,2,1,451901304,,
4,43,219,2,14,1,1401.212,"01",11,,1,0,1,,,,1,,,,1,,,,,,,,,,,,,1,,,,,,,,1,1,1,1,,,,,,,,,,,,,1,2,1,451901404,,
4,43,219,2,15,1,1401.212,"01",9,,0,0,1,,,,,111,,,,,111,,,,,,,,,,,,,,,,1,,,0,,,,,,,,,,,,,,,,2,1,1,451901504,,
4,43,219,2,16,1,1401.212,"01",9,,0,0,1,,,,,111,,,,1,,,,,,,1,,,,,,,,,,,,,1,1,1,1,,,,,,,,,1,,,,2,2,1,451901604,,
4,43,219,2,17,1,1401.212,"01",9,,0,0,1,,,,1,,,,1,,,,,,,,1,,,,,,,,1,,,,,1,1,1,1,,,,,,1,,,,,,,2,2,1,451901704,,
4,43,219,2,18,1,1401.212,"02",9,,0,0,1,,,,1,,,,1,,,,,,,,1,,,,,1,,,,,,,,1,1,1,1,,,,,,,,,,,,,1,2,1,451901804,,
4,43,219,2,20,1,1401.212,"02",11,,0,0,1,,,,,111,,,1,,,,,,,,1,,,,,,,,,,,,,0,,,,,,,,,,,,,,,,2,2,1,451902004,,
4,43,220,1,2,1,97.94363,"02",1,,,,1,,,,,111,,,,,111,,,,,,,,,,,,,,,,1,,,1,0,,,,,,,,,,,,,,,,2,1,452000204,,
4,43,220,1,3,1,155.941622666667,"02",11,,,,1,,,,,111,,,1,,,,,,,,,,,,,,,,,,1,,,0,,,,,,,,,,,,,,,,,2,4,452000304,,
4,43,220,1,4,1,155.941622666667,"01",11,,,,1,,,,,111,,,,1,,,,,,,1,,,,,,,,,,,,,1,0,,,,,,,,,,,,,,,,2,1,452000404,,
4,43,220,1,5,1,155.941622666667,"01",13,13,,,1,,,,,111,,,,,111,,,,,,,,,,,,,,,,1,,,0,,,,,,,,,,,,,,,,,2,1,452000504,,
4,43,220,1,6,1,97.94363,"02",1,,,,5,,,,,111,,,,,111,,,,,,,,,,,,,,,,1,,,0,,,,,,,,,,,,,,,,,2,1,452000604,,
4,43,220,1,7,1,97.94363,"02",1,,,,5,,1,,,,,,,,111,,,,,,,,,,,1,,,,,,,,0,,,,,,,,,,,,,,,,,2,2,452000704,,
4,43,220,1,8,1,97.94363,"02",1,,,,5,,1,,1,,,,1,,,,,1,,,,,,,,1,,,,,,,,1,1,1,1,,,1,,,,,,,,,,,3,1,452000804,,
4,43,220,1,9,1,155.941622666667,"02",11,,,,5,,1,1,,,,,1,,,,,1,,,,,,,,,,,,,,,,1,1,1,1,,,,,,,,,,,,,,3,1,452000904,,
4,43,220,1,10,1,97.94363,"01",1,,,,5,,,,1,,,,1,,,,,,,,,,,,,1,,,,,,,,1,1,1,1,,,,,,,,,,,,,,3,1,452001004,,
4,43,220,1,11,1,97.94363,"01",1,,,,1,,,,1,,,,1,,,,,,,,,,,,,,,,,,1,,,0,,,,,,,,,,,,,,,,,2,1,452001104,,
4,43,220,1,12,1,155.941622666667,"01",7,,,,1,,,,,111,,,,,111,,,,,,,,,,,,,,,,1,,,0,,,,,,,,,,,,,,,,,2,1,452001204,,
4,43,220,1,13,1,97.94363,"01",1,,,,5,,1,1,,,,,1,1,,,,,,,,,,,,1,,,,,,,,1,1,1,1,,,,,,,,,,,,,,2,1,452001304,,
4,43,220,1,14,1,155.941622666667,"01",11,,,,1,,,,,111,,,,,111,,,,,,,,,,,,,,,,1,,,0,,,,,,,,,,,,,,,,,2,1,452001404,,
4,43,220,1,15,1,97.94363,"01",1,,,,5,,,,,111,,,,1,,,,,,,1,,,,,,,,,,,,,1,1,1,1,,,,,,,,,,,,,,2,1,452001504,,
4,43,220,1,16,1,155.941622666667,"02",7,,,,1,,,,1,,,,,,111,,,,,,,,,,,,,,,,1,,,1,1,1,1,,,,,,,,,,,,,,3,1,452001604,,
4,43,220,1,17,1,155.941622666667,"01",11,,,,1,,,,1,,,,1,,,,,,,,,,,,,1,,,,,,,,1,1,,,,,,,,,,,,,,,,3,1,452001704,,
4,43,220,1,19,1,155.941622666667,"02",7,,,,1,,,,,111,,,,,111,,,,,,,,,,,,,,,,1,,,1,0,,,,,,,,,,,,,,,,2,555,452001904,,
4,43,220,1,20,1,155.941622666667,"02",11,,,,5,,,,,111,,,1,,,,,,,,1,,,,,,,,,,,,,1,1,1,,,,,,,,,,,,,,,3,1,452002004,,
4,43,221,1,1,1,173.136821590909,"01",11,,,,1,,,,,111,,,,,111,,,,,,,,,,,,,,,,1,,,1,1,1,1,,,,,,,,,,,,,,3,1,452100104,,
4,43,221,1,2,1,173.136821590909,"02",11,,,,5,,,1,,,,,1,,,,,,1,,,,,,,,,,1,,,,,1,1,1,1,,,,,,,,,,,,,,2,1,452100204,,
4,43,221,1,4,1,173.136821590909,"01",7,,,,1,,1,,,,,,,,111,,,1,,,,,,,,,,,,,,,,1,0,,,,,,,,,,,,,,,,2,1,452100404,,
4,43,221,1,5,1,173.136821590909,"01",11,,,,1,,,,1,,,,,1,,,,,,,,,,,,1,,,,,,,,1,1,1,1,,,,,,,,,,,,,,2,1,452100504,,
4,43,221,1,6,1,173.136821590909,"02",11,,,,1,,,,1,,,,,,111,,,,,1,,,,,,,,,,,,,,0,,,,,,,,,,,,,,,,,3,1,452100604,,
4,43,221,1,7,1,175.1269,"02",1,,,,5,,,,1,,,,,,111,,,,,,,,,,,1,,,,,,,,1,1,1,1,,,1,1,,,,,,,,,,3,1,452100704,,
4,43,221,1,8,1,173.136821590909,"02",11,,,,1,,1,,,,,,,,111,,,,,,,,,,,,,,,,1,,,1,1,1,1,,,,,,,,,,,,,,3,1,452100804,,
4,43,221,1,9,1,175.1269,"02",1,,,,5,,1,,,,,,1,,,,,1,,,1,,,,,,,,,,,,,1,1,1,,,,,,,,1,,,,,,,3,1,452100904,,
4,43,221,1,10,1,175.1269,"02",1,,,,1,,,,1,,,,1,,,,,,,1,,,,,,,,,,,,,,1,1,1,1,,,,,,,,,,,,,,2,1,452101004,,
4,43,221,1,11,1,175.1269,"02",1,,,,1,,,,,111,,,,,111,,,,,,,,,,,,,1,1,,,,,1,1,1,,,,1,,,,,,,,,,,3,1,452101104,,
4,43,221,1,12,1,175.1269,"03",1,,,,1,,,,,111,,,1,,,,,,,,1,,,,,,,,,,,,,1,1,1,1,,,1,,,,,,,,,,,2,1,452101204,,
4,43,221,1,13,1,175.1269,"04",1,,,,5,,,,1,,,,1,1,,,,,,,,,,,,1,,,,,,,,1,1,1,1,,,,,,,,,,,,,,3,1,452101304,,
4,43,221,1,14,1,175.1269,"01",1,,,,1,,,,1,,,,,1,,,,,,,1,,,,,,,,,,,,,1,1,1,1,,,,,,,,,,,,,,3,1,452101404,,
4,43,221,1,15,1,173.136821590909,"01",11,,,,1,,,,,111,,,,,111,,,,,,,,,,,,,,,,1,,,0,,,,,,,,,,,,,,,,,2,1,452101504,,
4,43,221,1,16,1,175.1269,"02",1,,,,5,,1,,,,,,1,,,,,,,,,,,,,,,,,,,,,1,1,1,1,,,1,1,,1,1,,1,,,,,2,1,452101604,,
4,43,221,1,17,1,175.1269,"03",1,,,,5,,1,,1,,,,,1,,,,,,,,,,,,1,,,,,,,,1,1,1,1,,,1,,1,,,,,,,,,3,1,452101704,,
4,43,221,1,18,1,175.1269,"01",1,,,,1,,,,,111,,,,,111,,,,,,,,,,,,,,,,1,,,1,1,1,,,,,,,,,,,,,,,3,1,452101804,,
4,43,221,1,20,1,173.136821590909,"01",11,,,,1,,,,1,,,,1,,,,,,,,1,,,,,,,,,,,,,1,1,1,1,,,,,,,,,,,,,,2,1,452102004,,
4,43,222,2,1,1,1084.661,"01",1,,1,0,1,,1,,,,,,,,111,,,,,,,,,,,,,1,1,,,,,1,1,1,1,,,1,,,,,,,,,,1,3,1,452200104,,
4,43,222,2,2,1,1084.661,"02",1,,1,0,1,,,,,111,,,1,,,,,,,,1,,,,,,,,,,,,,1,1,1,1,,,,,,,,,,,,,2,1,1,452200204,,
4,43,222,2,3,1,1084.661,"01",1,,0,0,1,,,,1,,,,1,1,,,,,1,,,,,,,1,,,,,,,,0,,,,,,,,,,,,,,,,1,1,1,452200304,,
4,43,222,2,4,1,1084.661,"02",1,,0,0,1,,1,,,,,,,,111,,,,,,,,,,,1,,,,,,,,0,,,,,,,,,,,,,,,,2,2,1,452200404,,
4,43,222,2,5,1,1084.661,"01",1,,0,0,1,,,,,111,,,1,,,,,,,,,,,,,,,1,1,,,,,0,,,,,,,,,,,,,,,,2,2,1,452200504,,
4,43,222,2,6,1,784.503238993711,"01",11,,0,0,1,,,,,111,,,,,111,,,,,,,,,,,,,,,,1,,,0,,,,,,,,,,,,,,,,2,1,1,452200604,,
4,43,222,2,8,1,1084.661,"01",1,,0,0,1,,,,,111,,,1,,,,,,,,1,,,,,,,,,,,,,1,1,1,1,,,,,,,,,,,,,2,2,1,452200804,,
4,43,222,2,10,1,1084.661,"02",1,,1,0,5,,,,1,,,,1,,,,,,,,1,,,,,1,,,,,,,,1,1,1,1,,,1,,,,,,,,,,1,3,1,452201004,,
4,43,222,2,11,1,1084.661,"01",1,,0,0,5,,,,1,,,,1,1,,,,,,,,,,,,1,,,,,,,,1,1,1,1,,,,,,,,,,,,,2,2,1,452201104,,
4,43,222,2,12,1,1084.661,"01",1,,0,0,1,,,,,111,,,,1,,,,,,,1,,,,,,,,,,,,,1,0,,,,,,,,,,,,,,,2,2,1,452201204,,
4,43,222,2,13,1,1084.661,"02",1,,0,0,1,,,,1,,,,,1,,,,,,,1,,,,,,,,,,,,,1,1,1,,,,,,,,,,,,,,2,2,1,452201304,,
4,43,222,2,14,1,1084.661,"02",1,,0,0,1,,,,1,,,,,1,,,,,,,1,,,,,,,,,,,,,1,1,1,,,,,,,,,,,,,,2,3,1,452201404,,
4,43,222,2,15,1,1084.661,"01",1,,0,0,1,,,,1,,,,,1,,,,,,,1,,,,,,,,,,,,,1,0,,,,,,,,,,,,,,,2,3,1,452201504,,
4,43,222,2,16,1,1084.661,"02",1,,0,0,1,,,,1,,,,1,,,,,,,,1,,,,,,,,1,,,,,1,1,1,,,,1,,,,,,,,,,1,3,1,452201604,,
4,43,222,2,17,1,784.503238993711,"03",11,,0,0,1,,,,1,,,,,1,,,,,,,1,,,,,,,,,,,,,1,0,,,,,,,,,,,,,,,1,1,1,452201704,,
4,43,222,2,18,1,1084.661,"01",1,,0,0,1,,,,1,,,,1,,,,,,,,1,,,,,1,,,,,,,,1,1,1,1,,,,,,,,,1,,,,2,2,1,452201804,,
4,43,222,2,19,1,784.503238993711,"01",11,,0,1,1,,,,,111,,,,,111,,,,,,,,,,,,,,,,1,,,0,,,,,,,,,,,,,,,,2,1,1,452201904,,
4,43,222,2,21,1,1084.661,"01",1,,0,0,1,,,,1,,,,1,,,,,,,,,,,,,1,,,,,,,,1,1,1,1,,,,,,,,,,,,,1,1,1,452202104,,
4,44,223,2,1,1,2241.356,"02",11,,0,0,1,,,,,111,,,,,111,,,,,,,,,,,,,,,,1,,,0,,,,,,,,,,,,,,,,2,1,555,462300104,,
4,44,223,2,2,1,2241.356,"01",11,,0,0,5,,1,,,,,,1,,,,,1,,,,,,,,,,,,,,,,0,,,,,,,,,,,,,,,,1,2,1,462300204,,
4,44,223,2,3,1,2241.356,"01",11,,0,0,1,,,,,111,,,1,,,,,,,,1,,,,,,,,,,,,,1,1,1,,,,,,,,,,,,,,2,2,4,462300304,,
4,44,223,2,4,1,2241.356,"01",11,,0,0,1,,,,1,,,,1,,,,,,,,,,,,,,,,,,1,,,1,1,1,1,,,,,,,,,,,,,2,2,1,462300404,,
4,44,223,2,5,1,2241.356,"01",11,,0,0,1,,,,,111,,,1,,,,,,,,1,,,,,,,,,,,,,1,1,1,,,,,,,,,,,,,,1,1,1,462300504,,
4,44,223,2,6,1,2241.356,"02",11,,0,0,1,,,,,111,,,1,,,,,,,,1,,,,,,,,,,,,,0,,,,,,,,,,,,,,,,1,3,1,462300604,,
4,44,223,2,7,1,2241.356,"01",11,,0,0,1,,,,,111,,,,,111,,,,,,,,,,,,,,,,1,,,1,1,1,1,,,,,,,,,,,,,2,3,1,462300704,,
4,44,223,2,8,1,2241.356,"01",11,,0,0,1,,,,,111,,,,,111,,,,,,,,,,,,,,,,1,,,0,,,,,,,,,,,,,,,,2,1,1,462300804,,
4,44,223,2,9,1,2241.356,"01",11,,0,0,1,,,,1,,,,1,,,,,,,,,,,,,,,,,,1,,,1,1,1,1,,,,,,,,,,,,,2,3,1,462300904,,
4,44,223,2,10,1,1120.678,"02",1,,0,0,1,,1,,,,,,1,,,,,1,1,,,,,,,,,,,,,,,1,1,1,1,,,,,,,,,,,,,1,3,1,462301004,,
4,44,223,2,11,1,1120.678,"01",1,,1,0,5,,,,,111,,,1,,,,,,,,1,,,,,,,,,,,,,1,1,1,1,,,1,,,,,,,,,,1,3,1,462301104,,
4,44,223,2,12,1,1120.678,"01",1,,0,0,1,,,,,111,,,,,111,,,,,,,,,,,,,,,,1,,,1,1,1,1,1,,,,,,,,,,,,2,2,1,462301204,,
4,44,223,2,13,1,1120.678,"02",1,,0,1,1,,,,,111,,,1,,,,,,,,1,,,,,,,,,,,,,0,,,,,,,,,,,,,,,,1,2,1,462301304,,
4,44,223,2,14,1,1120.678,"01",1,,0,0,5,,1,,,,,,,1,,,,,,,,,,,,1,,,,,,,,1,1,,1,1,1,1,,,,,,,,,,1,3,1,462301404,,
4,44,223,2,15,1,1120.678,"01",1,,1,1,5,,,,1,,,,1,,,,,,,,1,,,,,,,,,,,,,1,1,1,1,,,1,,,,,,,,,,1,3,1,462301504,,
4,44,223,2,16,1,1120.678,"01",1,,0,0,1,,,,,111,,,,,111,,,,,,,,,,,,,,1,,,,,1,1,1,1,,,,,,,,,,,,,2,888,1,462301604,,
4,44,223,2,17,1,1120.678,"01",1,,1,1,5,,,,1,,,,1,,,,,,,,1,,,,,1,,,,,,,,1,1,1,1,,,1,,,,,,,,,,1,2,1,462301704,,
4,44,223,2,18,1,1120.678,"03",1,,0,0,5,,1,,,,,,1,,,,,,1,,,,,,,,,,,,,,,1,1,1,,,,1,,,,,,,,,,1,3,1,462301804,,
4,44,224,1,1,1,148.1425,"01",1,,,,5,,1,,,,,,,1,,,,,,,1,,,,,,,,,,,,,1,1,1,1,1,,,,,,,,,,,,,3,1,462400104,,
4,44,224,1,2,1,148.1425,"02",1,,,,1,,,,1,,,,,,111,,,,,,,,,,,,,,1,,,,,1,1,1,1,,,1,,,,,,,,,,,1,1,462400204,,
4,44,224,1,3,1,148.1425,"01",1,,,,5,,1,,,,,,,,111,,,1,,,,,,,,,,,,,,,,1,1,1,1,,,1,1,,,,,,,,,,3,1,462400304,,
4,44,224,1,4,1,148.1425,"01",1,,,,1,,,,,111,,,1,,,,,,,,,,,,,,,,,,1,,,0,,,,,,,,,,,,,,,,,2,1,462400404,,
4,44,224,1,7,1,148.1425,"02",1,,,,5,,,,1,,,,1,,,,,1,,,,,,,,1,,,,,,,,1,1,1,1,,,,,,,,,,,,,,1,2,462400704,,
4,44,224,1,8,1,148.1425,"01",1,,,,1,,,,,111,,,,,111,,,,,,,,,,,,,,1,,,,,0,,,,,,,,,,,,,,,,,1,1,462400804,,
4,44,224,1,9,1,148.1425,"01",1,,,,5,,,,,111,,,,,111,,,,,,,,,,,,,,,,1,,,1,1,1,1,1,,,,,,,,,,,,,2,2,462400904,,
4,44,224,1,10,1,10.216724137931,"01",11,,,,1,,,,,111,,,,1,,,,,,,1,,,,,,,,,,,,,1,0,,,,,,,,,,,,,,,,2,1,462401004,,
4,44,224,1,11,1,10.216724137931,"02",11,,,,1,,,,,111,,,,,111,,,,,,,,,,,,,,,,1,,,1,1,,,,,,,,,,,1,,,,,2,1,462401104,,
4,44,224,1,12,1,10.216724137931,"02",11,,,,1,,,,1,,,,1,,,,,,,,1,,,,,,,,,,,,,1,1,1,1,,,,,,,,,1,,,,,2,1,462401204,,
4,44,224,1,13,1,10.216724137931,"01",11,,,,1,,1,,,,,,1,,,,,,,,,,,,,,,,,,1,,,1,1,1,1,,,,,,,,,,,,,,2,1,462401304,,
4,44,224,1,14,1,148.1425,"01",9,,,,1,,,,,,,,,1,,,,,,,1,,,,,,,,,,,,,1,1,1,1,1,,,,,,,,,,,,,3,2,462401404,,
4,44,224,1,15,1,10.216724137931,"02",11,,,,1,,,,,111,,,,,111,,,,,,,,,,,,,,1,,,,,0,,,,,,,,,,,,,,,,,2,1,462401504,,
4,44,224,1,16,1,148.1425,"01",1,,,,1,,1,,,,,,,1,,,,,,1,,,,,,,,,,,,,,1,1,1,1,1,,,,,,,,,,,,,2,1,462401604,,
4,44,224,1,17,1,10.216724137931,"01",7,,,,1,,,,1,,,,1,1,,,,,1,,,,,,,,,,,,,,,1,1,1,1,,,,,,,,,,,,,,2,1,462401704,,
4,44,224,1,18,1,10.216724137931,"01",11,,,,1,,,,,111,,,,,111,,,,,,,,,,,,,,,,1,,,0,,,,,,,,,,,,,,,,,2,1,462401804,,
4,44,224,1,19,1,148.1425,"01",1,,,,5,,1,,,,,,1,,,,,,,,1,,,,,,,,,,,,,1,1,1,1,,,1,,,,,,,,,,,2,2,462401904,,
4,44,224,1,21,1,148.1425,"02",1,,,,1,,,,1,,,,1,,,,,,,,1,,,,,1,,,,,,,,1,1,1,1,,,1,,,1,,,,,,,,2,1,462402104,,
4,44,225,2,1,1,1044.116,"01",11,,0,0,5,,1,,,,,,,,111,,,1,,,,,,,,,,,,,,,,1,1,1,1,,,,,,,,,,,,,2,2,1,462500104,,
4,44,225,2,2,1,1044.116,"02",11,,0,0,1,,,,,111,,,,1,,,,,,,1,,,,,,,,,,,,,1,1,1,,,,,,,,,,,,,,2,2,1,462500204,,
4,44,225,2,3,1,1044.116,"01",11,,0,0,1,,,,,111,,,,,111,,,,,,,,,,,,,,,,1,,,0,,,,,,,,,,,,,,,,2,2,1,462500304,,
4,44,225,2,5,1,1044.116,"02",9,,0,0,1,,,,,111,,,1,,,,,,,,1,,,,,,,,,,,,,1,1,1,1,,,,,,,,,,,,,1,3,1,462500504,,
4,44,225,2,6,1,1044.116,"02",11,,0,0,1,,,,,111,,,,1,,,,,,,,,,,,,,1,1,,,,,0,,,,,,,,,,,,,,,,2,2,1,462500604,,
4,44,225,2,7,1,1044.116,"01",11,,0,0,1,,,,,111,,,,,111,,,,,,,,,,,,,,,,1,,,0,,,,,,,,,,,,,,,,2,888,1,462500704,,
4,44,225,2,8,1,1044.116,"01",11,,0,0,1,,,,,111,,,,,111,,,,,,,,,,,,,,1,,,,,0,,,,,,,,,,,,,,,,2,3,1,462500804,,
4,44,225,2,9,1,1044.116,"01",11,,0,0,1,,,,,111,,,1,,,,,,,,,,,,,,,1,1,,,,,0,,,,,,,,,,,,,,,,2,2,2,462500904,,
4,44,225,2,10,1,1044.116,"02",8,,0,1,1,,,,,111,,,,1,,,,,,,1,,,,,,,,,,,,,1,0,,,,,,,,,,,,,,,2,2,1,462501004,,
4,44,225,2,11,1,1044.116,"01",5,,0,0,1,,,,1,,,,1,,,,,,,,,,,,,1,,,,,,,,1,1,1,1,,,,,,,,,,,,,2,3,1,462501104,,
4,44,225,2,12,1,1044.116,"01",11,,0,0,1,,,,,111,,,,,111,,,,,,,,,,,,,1,1,,,,,1,1,1,1,,,,,,,,,,,,,1,2,1,462501204,,
4,44,225,2,13,1,1044.116,"01",8,,0,0,5,,,,1,,,,1,,,,,,,,,,,,,1,,,,,,,,1,1,1,1,,,,,,1,,,,,,,2,3,1,462501304,,
4,44,225,2,14,1,1044.116,"01",9,,1,0,1,,1,,,,,,,,,,,,,,,,,,,1,,,,,,,,1,1,1,1,1,,,,,,,,,1,,,1,3,1,462501404,,
4,44,225,2,15,1,1044.116,"02",9,,1,0,1,,,,,111,,,,,111,,,,,,,,,,,,,,1,,,,,1,1,1,1,,,,,,,,,,,,,2,2,1,462501504,,
4,44,225,2,16,1,1044.116,"02",9,,1,0,1,,,,1,,,,,,111,,,,,,,,,,,1,,,,,,,,1,1,1,1,,,,,,,,,,,,,2,3,1,462501604,,
4,44,225,2,17,1,1044.116,"02",9,,0,0,4,,,,1,,,,1,1,,,,,,,,,,,,1,,,,,,,,1,1,1,1,,,,,,,1,,,,,,2,3,1,462501704,,
4,44,225,2,18,1,1044.116,"01",9,,0,0,5,,,,1,,,,1,,,,,,,,,,,,,1,,,,,,,,1,1,1,1,,,,,,,,,,,,,2,3,1,462501804,,
4,44,225,2,22,1,1044.116,"02",11,,0,0,5,,,,1,,,,,,111,,,,,,,,,,,1,,,,,,,,1,1,1,1,,,,,,,,,,,,,2,3,1,462502204,,
4,44,226,2,1,1,129.102220588235,"01",11,,0,0,1,,,,,111,,,,,111,,,,,,,,,,,,,,1,,,,,1,1,1,1,,,,,,,,,,,,,2,3,1,462600104,,
4,44,226,2,2,1,129.102220588235,"01",11,,0,0,1,,,,,111,,,,,111,,,,,,,,,,,,,,1,,,,,0,,,,,,,,,,,,,,,,2,3,1,462600204,,
4,44,226,2,3,1,129.102220588235,"01",11,,0,0,1,,,,,111,,,,1,111,,,,,,1,,,,,,,,1,,,,,1,1,1,1,,,,,,,,,,,,,1,2,1,462600304,,
4,44,226,2,4,1,129.102220588235,"02",11,,0,1,1,,,1,,,,,1,,,,,,1,,,,,,,,,,,,,,,1,1,1,1,,,,,,,,,,,,,2,2,1,462600404,,
4,44,226,2,5,1,129.102220588235,"02",11,,0,0,1,,,,,111,,,1,,,,,,,,1,,,,,,,,,,,,,0,,,,,,,,,,,,,,,,2,3,1,462600504,,
4,44,226,2,6,1,129.102220588235,"01",10,,0,0,1,,,,,111,,,1,,,,,,,,1,,,,,,,1,1,,,,,0,,,,,,,,,,,,,,,,1,3,1,462600604,,
4,44,226,2,7,1,1950.878,"02",1,,1,0,5,,1,,,,,,1,,,,,,,,,,,,,,,,,,1,,,1,1,1,,,,,,,,,,,,,,2,2,1,462600704,,
4,44,226,2,8,1,129.102220588235,"01",5,,0,0,1,,,,,111,,,1,,,,,,,,,,,,,,,,,,1,,,0,,,,,,,,,,,,,,,,2,1,1,462600804,,
4,44,226,2,9,1,129.102220588235,"02",11,,0,0,1,,,,,111,,,1,,,,,,,,1,,,,,,,,,,,,,0,,,,,,,,,,,,,,,,2,1,1,462600904,,
4,44,226,2,10,1,1950.878,"02",1,,0,0,5,,,1,,,,,1,,,,,,1,,,,,,,,,,,,,,,1,1,1,1,,,1,,,,,,,,,,2,3,1,462601004,,
4,44,226,2,11,1,1950.878,"04",1,,0,0,1,,,,1,,,,,,111,,,,,,,,,,,1,,,,,,,,1,1,1,1,,,,,,,,,,,,,2,1,1,462601104,,
4,44,226,2,12,1,1950.878,"01",1,,0,0,5,,,,,111,,,,,111,,,,,,,,,,,,,1,1,,,,,0,,,,,,,,,,,,,,,,1,3,1,462601204,,
4,44,226,2,13,1,1950.878,"02",1,,1,1,1,,,,,111,,,,,111,,,,,,,,,,,,1,,1,,,,,1,1,1,1,,,,,,,,,,,,,2,3,1,462601304,,
4,44,226,2,14,1,1950.878,"01",1,,1,1,1,,,,,111,,,,1,,,,,,,,,,,,1,,,,,,,,1,1,1,1,,,1,,1,,,,1,,,,1,2,1,462601404,,
4,44,226,2,15,1,1950.878,"02",1,,1,0,5,,1,,,,,,1,,,,,,,,,,,,,1,,,,,,,,1,1,1,,,,,,,,,,,,,,2,3,1,462601504,,
4,44,226,2,16,1,1950.878,"01",1,,0,0,1,,,,,111,,,,1,,,,,,,,,,,,1,,,,,,,,1,1,1,1,,,,,1,1,,,1,,,,2,3,1,462601604,,
4,44,226,2,17,1,129.102220588235,"01",11,,0,0,1,,,,,111,,,,1,,,,,,,,,,,,1,,,,,,,,0,,,,,,,,,,,,,,,,1,3,1,462601704,,
4,44,226,2,18,1,1950.878,"02",1,,0,0,1,,,,,111,,,1,,,,,,,,1,,,,,,,,,,,,,1,1,1,1,,,1,,,,,,,,,,2,2,1,462601804,,
4,44,227,2,1,1,1422.64434473684,"01",7,,0,0,1,,,,,111,,,,1,111,,,,,,1,,,,,1,,,,,,,,1,1,1,1,,,,,,,,,1,,,,2,2,2,462700104,,
4,44,227,2,2,1,1422.64434473684,"02",11,,0,0,1,,,,,111,,,1,,,,,,,,1,,,,,,,1,1,,,,,0,,,,,,,,,,,,,,,,2,2,1,462700204,,
4,44,227,2,3,1,1422.64434473684,"01",11,,0,0,1,,,,,111,,,1,,,,,,,,1,,,,,,,,1,,,,,0,,,,,,,,,,,,,,,,1,2,1,462700304,,
4,44,227,2,4,1,1422.64434473684,"01",11,,0,0,1,,,,,111,,,1,,,,,,,,,,,,,,,,,,1,,,1,0,,,,,,,,,,,,,,,1,1,1,462700404,,
4,44,227,2,5,1,1422.64434473684,"01",11,,0,0,1,,,,1,,,,,1,,,,,,,,,,,,1,,,,,,,,1,1,1,1,,,,,,,,,,,,,2,2,1,462700504,,
4,44,227,2,6,1,1422.64434473684,"01",11,,0,0,1,,,,,111,,,,,111,,,,,,,,,,,,,,,,,555,2,0,,,,,,,,,,,,,,,,2,2,1,462700604,,
4,44,227,2,7,1,1422.64434473684,"02",11,,0,0,1,,,,,111,,,1,,,,,,,,1,,,,,,,,,,,,,1,0,,,,,,,,,,,,,,,1,3,1,462700704,,
4,44,227,2,8,1,1422.64434473684,"01",11,,0,0,1,,,,,111,,,1,,,,,,,,1,,,,,,,,,,,,,0,,,,,,,,,,,,,,,,1,3,1,462700804,,
4,44,227,2,9,1,1422.64434473684,"02",11,,0,0,1,,,,,111,,,1,,,,,,,,1,,,,,,,,1,,,,,0,,,,,,,,,,,,,,,,2,2,1,462700904,,
4,44,227,2,10,1,688.6686,"01",1,,0,0,1,,,,,111,,,1,,,,,,,,,,,,,,,,,,1,,,1,1,1,,,,,,,,,,,,,,2,3,1,462701004,,
4,44,227,2,11,1,688.6686,"02",1,,0,0,1,,,,,111,,,1,,,,,,,,1,,,,,,,,,,,,,1,1,1,,,,,,,,,,,,,,2,2,1,462701104,,
4,44,227,2,12,1,688.6686,"02",1,,0,0,5,,1,,,,,,,1,,,,1,,,1,,,,,,,,1,,,,,1,1,1,1,,,1,,,,,,,,,,2,1,1,462701204,,
4,44,227,2,13,1,688.6686,"02",1,,0,0,5,,,1,,,,,1,,,,,,1,,,,,,,,,,,,,,,1,1,1,1,,,1,,,,,,,,,,2,3,1,462701304,,
4,44,227,2,14,1,688.6686,"02",1,,0,0,1,,,,,111,,,1,,,,,,,,,,,,,,,,,,1,,,1,1,1,,,,,,,,,,,,,,2,3,1,462701404,,
4,44,227,2,15,1,688.6686,"01",1,,0,0,1,,,,,111,,,,1,,,,,,,1,,,,,,,,1,,,,,1,1,1,1,,,1,,,,,,,,,,2,2,1,462701504,,
4,44,227,2,16,1,688.6686,"01",1,,0,0,1,,,,,111,,,1,,,,,,,,1,,,,,,,,,,,,,0,,,,,,,,,,,,,,,,2,3,1,462701604,,
4,44,227,2,17,1,688.6686,"01",1,,0,0,1,,,1,,,,,1,,,,,,1,,,,,,,,,,,,,,,1,1,1,1,,,1,,,,,,,,,,2,2,1,462701704,,
4,44,227,2,18,1,688.6686,"01",1,,0,1,1,,,,,111,,,,1,,,,,,,1,,,,,,,,1,,,,,1,1,1,1,,,1,,,,,,,,,,2,2,4,462701804,,
4,44,228,2,1,1,238.994666666667,"02",11,,0,0,1,,,,,111,,,,,111,,,,,,,,,,,,1,1,1,,,,,0,,,,,,,,,,,,,,,,2,1,1,462800104,,
4,44,228,2,2,1,238.994666666667,"01",11,,0,0,1,,,,,111,,,,,111,,,,,,,,,,,,,1,,,,,,0,,,,,,,,,,,,,,,,2,1,1,462800204,,
4,44,228,2,3,1,238.994666666667,"01",11,,0,0,1,,,,,111,,,1,,,,,,,,1,,,,,,,,,,,,,0,,,,,,,,,,,,,,,,2,1,1,462800304,,
4,44,228,2,4,1,238.994666666667,"01",11,,0,0,1,,,,,111,,,,1,,,,,,,,,,,,1,,,,,,,,1,1,1,1,,,,,1,,,,,,,,1,2,1,462800404,,
4,44,228,2,5,1,238.994666666667,"02",6,,0,0,1,,,,,111,,,,,111,,,,,,,,,,,,,,1,,,,,0,,,,,,,,,,,,,,,,1,2,1,462800504,,
4,44,228,2,6,1,238.994666666667,"01",13,8,0,0,1,,,,,111,,,,1,,,,,,,,,,,,1,,,,,,,,0,,,,,,,,,,,,,,,,2,2,1,462800604,,
4,44,228,2,7,1,238.994666666667,"01",11,,0,0,1,,,,,111,,,,,111,,,,,,,,,,,,,,1,,,,,1,1,1,1,,,,,,,,,,,,,2,1,4,462800704,,
4,44,228,2,8,1,238.994666666667,"01",11,,0,0,1,,,,,111,,,,,111,,,,,,,,,,,,,,,,1,,,1,0,,,,,,,,,,,,,,,2,888,1,462800804,,
4,44,228,2,9,1,238.994666666667,"01",11,,0,0,1,,,,,111,,,1,,,,,,,,1,,,,,,,,,,,,,1,1,1,1,,,,,,,,,,,,,2,2,1,462800904,,
4,44,228,2,10,1,2240.575,"01",1,,0,0,1,,,,1,,,,,,111,,,,,,,,,,,1,,,,,,,,1,1,1,1,,,,,,,,,,,,,2,2,1,462801004,,
4,44,228,2,11,1,2240.575,"01",1,,0,0,1,,,,,111,,,,1,,,,,,,1,,,,,,,,1,,,,,1,1,1,1,,,1,,,,,,,,,,1,2,1,462801104,,
4,44,228,2,12,1,2240.575,"01",1,,0,0,1,,,,1,111,,,,1,,,,,,,1,,,,,1,,,,,,,,1,1,1,1,,,1,,,,,,,,,,1,3,1,462801204,,
4,44,228,2,13,1,2240.575,"01",1,,0,0,1,,,,,111,,,,,111,,,,,,,,,,,,,,,,1,,,1,1,1,,,1,,,,,,,,,,,1,1,1,462801304,,
4,44,228,2,14,1,2240.575,"01",1,,0,0,1,,,,1,,,,1,,,,,,,,1,,,,,,,,,,,,,1,1,1,1,,,1,,,,,,,,,,1,2,1,462801404,,
4,44,228,2,15,1,2240.575,"01",1,,0,0,1,,,,,111,,,,,111,,,,,,,,,,,1,,,,,,,,1,0,,,,,,,,,,,,,,,2,1,1,462801504,,
4,44,228,2,16,1,238.994666666667,"02",10,,0,0,1,,,,1,,,,,,111,,,,,,,,,,,1,1,,1,,,,,1,1,1,1,,,,,,,,,,,,,1,3,1,462801604,,
4,44,228,2,17,1,2240.575,"01",1,,0,0,1,,,,,111,,,1,,,,,,,,,,,,,,,,,,1,,,0,,,,,,,,,,,,,,,,2,1,1,462801704,,
4,44,228,2,18,1,2240.575,"01",1,,0,0,1,,,,,111,,,1,,,,,,,,,,,,,,,,,,1,,,0,,,,,,,,,,,,,,,,1,2,1,462801804,,
4,45,229,1,1,1,28.8529368421053,"01",7,,,,1,,,,,111,,,,,111,,,,,,,,,,,,1,,1,,,,,0,,,,,,,,,,,,,,,,,1,4,472900104,,
4,45,229,1,2,1,274.1029,"02",1,,,,5,,,,,111,,,,1,,,,,,,1,,,,,,,,1,,,,,1,1,1,1,,,1,,,,,,,,,,,2,1,472900204,,
4,45,229,1,3,1,28.8529368421053,"01",13,8,,,5,,,,1,,,,,1,,,,,,,,,,,,1,,,,,,,,1,1,1,1,,,,,1,,,,1,,,,,2,1,472900304,,
4,45,229,1,4,1,274.1029,"01",1,,,,5,,,,,111,,,,,111,,,,,,,,,,,,,,,,1,,,1,1,1,1,,,,,,,,,,,,,,2,1,472900404,,
4,45,229,1,5,1,28.8529368421053,"01",9,,,,1,,,1,,,,,,1,,,,,,,1,,,,,,,,,,,,,1,1,1,1,,,,,1,,,,1,,,,,3,1,472900504,,
4,45,229,1,6,1,274.1029,"01",1,,,,5,,,1,,,,,,1,,,,,,,,,,,,1,,,,,,,,1,1,1,1,,,,,1,,,,1,,,,,2,1,472900604,,
4,45,229,1,9,1,28.8529368421053,"01",11,,,,1,,,,,111,,,,,111,,,,,,,,,,,,,,,,1,,,1,1,1,,,,,,,,,,,,,,,1,1,472900904,,
4,45,229,1,10,1,274.1029,"01",1,,,,4,,,,1,,,,,1,,,,,,,,,,,,1,,,,,,,,1,1,1,1,,,1,,1,,,,1,,,,,2,1,472901004,,
4,45,229,1,11,1,28.8529368421053,"01",11,,,,1,,,,,111,,,,,111,,,,,,,,,,,,1,,1,,,,,0,,,,,,,,,,,,,,,,,1,1,472901104,,
4,45,229,1,12,1,274.1029,"01",1,,,,5,,,,,111,,,,1,,,,,,,1,,,,,,,,1,,,,,1,1,1,1,,,,1,,,,,,,,,,3,1,472901204,,
4,45,229,1,13,1,28.8529368421053,"02",11,,,,1,,,1,,,,,1,1,,,,,1,,,,,,,,,,,,,,,1,1,1,1,,,,,,,,,,,,,,3,1,472901304,,
4,45,229,1,14,1,274.1029,"02",1,,,,5,,1,,,,,,1,,,,,,,,1,,,,,,,,,,,,,1,1,1,1,,,1,,,,,,,,,,,1,1,472901404,,
4,45,229,1,15,1,28.8529368421053,"01",13,8,,,5,,1,,,,,,,1,,,,1,,,,,,,,,,,,,,,,1,1,1,1,,,,,1,,,,,,,,,2,1,472901504,,
4,45,229,1,16,1,274.1029,"01",1,,,,1,,,,1,,,,,,111,,,,,,,,,,,,,,,,,555,7,1,1,1,1,,,1,,1,,,,1,,,,,3,1,472901604,,
4,45,229,1,17,1,28.8529368421053,"01",11,,,,1,,,1,,,,,1,,,,,,,,1,,,,,,,,,,,,,1,1,1,1,,,,,,,,,,,,,,3,1,472901704,,
4,45,229,1,18,1,274.1029,"01",1,,,,1,,,1,,,,,1,,,,,,1,,,,,,,,,,,,,,,0,,,,,,,,,,,,,,,,,2,2,472901804,,
4,45,229,1,19,1,28.8529368421053,"01",7,,,,1,,1,,,,,,,1,,,,1,,,1,,,,,,,,,,,,,1,1,1,1,,,,,,,,,,,,,,1,1,472901904,,
4,45,229,1,22,1,274.1029,"01",1,,,,1,,,1,,,,,,1,,,,,,,1,,,,,,,,,,,,,1,1,1,1,,,1,,,,,,,,,,,3,1,472902204,,
4,45,230,1,1,1,51.331455,"02",11,,,,1,,1,,,,,,1,,,,,,,,,,,,,1,,,,,,,,1,1,1,,,,,,,,,,,,,,,1,1,473000104,,
4,45,230,1,2,1,494.3029,"02",1,,,,1,,,,1,,,,1,,,,,,,,1,,,,,,,,,,,,,1,0,,,,,,,,,,,,,,,,2,1,473000204,,
4,45,230,1,3,1,51.331455,"02",8,,,,5,,,,,111,,,1,,,,,,1,,,,,,,,,,,,,,,1,1,1,,,,,,,,,,,,,,,2,1,473000304,,
4,45,230,1,4,1,494.3029,"01",1,,,,1,,,,,111,,,1,,,,,,,,1,,,,,,,,,,,,,1,1,1,,,,,,,,,,,,,,,1,1,473000404,,
4,45,230,1,5,1,51.331455,"01",11,,,,1,,,,,111,,,,1,,,,,,,1,,,,,,,,,,,,,1,1,1,,,,,,,,,,,,,,,2,4,473000504,,
4,45,230,1,7,1,51.331455,"01",11,,,,1,,,,,111,,,,,111,,,,,,,,,,,,1,,,,,,,0,,,,,,,,,,,,,,,,,2,1,473000704,,
4,45,230,1,8,1,494.3029,"01",1,,,,1,,,,,111,,,1,,,,,,,,1,,,,,,,,,,,,,1,1,1,1,,,,,,,,,,,,,,2,1,473000804,,
4,45,230,1,9,1,51.331455,"02",11,,,,1,,,,,111,,,,,111,,,,,,,,,,,,,,,,1,,,1,1,1,,,,,,,,,,,,,,,1,1,473000904,,
4,45,230,1,10,1,494.3029,"02",1,,,,5,,,,1,,,,,,111,,,,,,,,,,,1,,,,,,,,1,1,1,1,,,1,,,,,,,,,,,3,1,473001004,,
4,45,230,1,12,1,494.3029,"01",1,,,,5,,,,,111,,,1,,,,,,1,,,,,,,,,,,,,,,1,1,1,,,,,,,,,,,,,,,2,1,473001204,,
4,45,230,1,13,1,51.331455,"01",11,,,,1,,,,,111,,,1,,,,,,,,1,,,,,,,,,,,,,1,1,1,,,,,,,,,,,,,,,2,4,473001304,,
4,45,230,1,14,1,51.331455,"01",7,,,,1,,,,,111,,,,,111,,,,,,,,,,,,,,1,,,,,1,1,1,1,,,,,,,,,,,,,,2,1,473001404,,
4,45,230,1,15,1,51.331455,"03",11,,,,1,,,,1,,,,,1,,,,,,,1,,,,,,,,,,,,,1,1,1,,,,,,,,,,,,,,,2,1,473001504,,
4,45,230,1,17,1,51.331455,"01",11,,,,1,,,,,111,,,1,,,,,,,,1,,,,,,,,,,,,,0,,,,,,,,,,,,,,,,,3,1,473001704,,
4,45,230,1,18,1,51.331455,"01",5,,,,5,,,,,111,,,1,,,,,,,,,,,,,,,,,,1,,,1,1,1,,,,,,,,,,,,,,,2,1,473001804,,
4,45,231,2,2,1,1163.636,"02",1,,1,0,1,,,,1,,,,1,,,,,,,,1,,,,,1,,,,,,,,1,1,1,,,,,,,,,,,,,,1,3,1,473100204,,
4,45,231,2,4,1,1163.636,"01",1,,0,0,1,,,,1,,,,,1,,,,,,,1,,,,,1,,,,,,,,1,1,1,1,,,1,,,,,,,,,,2,2,1,473100404,,
4,45,231,2,5,1,1260.84392137592,"01",13,8,0,0,1,,,,,111,,,,,111,,,,,,,,,,,1,,,,,,,,1,1,1,1,,,,,,,,,1,,,,1,2,1,473100504,,
4,45,231,2,6,1,1163.636,"02",1,,0,0,5,,,,,111,,,1,,,,,,,,1,,,,,,,,,,,,,0,,,,,,,,,,,,,,,,1,3,1,473100604,,
4,45,231,2,7,1,1260.84392137592,"01",11,,0,0,1,,,,,111,,,1,,,,,,,,,,,,,,,,,,1,,,0,,,,,,,,,,,,,,,,2,1,1,473100704,,
4,45,231,2,8,1,1260.84392137592,"02",11,,0,1,1,,,1,,,,,1,,,,,,,,1,,,,,,,,,,,,,0,,,,,,,,,,,,,,,,2,2,1,473100804,,
4,45,231,2,9,1,1260.84392137592,"01",11,,0,0,1,,1,,,,,,,,111,,,,,,,,,,,1,,,,,,,,0,,,,,,,,,,,,,,,,1,2,1,473100904,,
4,45,231,2,11,1,1260.84392137592,"01",11,,0,0,1,,,,,111,,,,,111,,,,,,,,,,,,,,1,,,,,1,0,,,,,,,,,,,,,,,1,3,1,473101104,,
4,45,231,2,12,1,1163.636,"01",1,,0,0,5,,,,,111,,,1,,,,,,,,1,,,,,,,,,,,,,1,1,1,1,,,,,,,,,,,,,1,2,1,473101204,,
4,45,231,2,13,1,1260.84392137592,"01",13,8,0,0,1,,,,,111,,,,,111,,,,,,,,,,,1,,,,,,,,1,1,1,1,,,,,1,,,,1,,,,1,3,1,473101304,,
4,45,231,2,14,1,1260.84392137592,"01",10,,0,1,5,,,,1,,,,,,111,,,,,,,,,,,1,,,1,,,,,1,1,1,1,,,1,,,,,,,,,,1,3,1,473101404,,
4,45,231,2,15,1,1260.84392137592,"02",11,,0,0,1,,,1,,,,,1,,,,,,,,1,,,,,,,,,,,,,1,1,1,1,,,,,,,,,,,,,2,3,1,473101504,,
4,45,231,2,16,1,1163.636,"02",1,,0,0,1,,,,1,,,,,1,,,,,,,1,,,,,1,,,1,,,,,1,1,1,1,,,1,,,,,,,,,,1,3,1,473101604,,
4,45,231,2,17,1,1260.84392137592,"01",13,8,0,0,1,,,,,111,,,,,111,,,,,,1,,,,,,,,,,,,,0,,,,,,,,,,,,,,,,1,1,1,473101704,,
4,45,231,2,19,1,1260.84392137592,"01",11,,0,0,1,,,,,111,,,,,111,,,,,,,,,,,,1,,1,,,,,1,1,1,1,,,,,,,,,,,,,1,3,1,473101904,,
4,45,231,2,20,1,1260.84392137592,"01",11,,0,0,1,,,,,111,,,,,111,,,,,,,,,,,,,,,,1,,,0,,,,,,,,,,,,,,,,2,2,1,473102004,,
4,45,231,2,21,1,1163.636,"01",1,,0,0,1,,,,,111,,,,1,,,,,,,1,,,,,,,,1,,,,,0,,,,,,,,,,,,,,,,1,3,1,473102104,,
4,45,231,2,22,1,1163.636,"01",1,,0,0,1,,,,,111,,,1,,,,,,,,,,,,,,,,,,1,,,0,,,,,,,,,,,,,,,,1,3,1,473102204,,
4,45,232,1,1,1,19.1628054109589,"01",13,8,,,5,,,,,111,,,,1,,,,,,,,,,,,1,,,,,,,,1,1,1,1,,,,,1,,,,1,,,,,2,1,473200104,,
4,45,232,1,3,1,19.1628054109589,"01",7,,,,1,,,,,111,,,1,,,,,,,,1,,,,,,,,,,,,,1,1,1,,,,,,,,,,,,,,,3,1,473200304,,
4,45,232,1,4,1,363.3467,"01",1,,,,1,,,,1,,,,1,,,,,,,,,,,,,1,1,,1,,,,,1,1,1,1,,,1,,,,,,1,,,,,1,1,473200404,,
4,45,232,1,5,1,19.1628054109589,"01",13,8,,,1,,,,,111,,,,,111,,,,,,,,,,,1,,,,,,,,1,1,1,1,,,,,,,,,,,,,,3,1,473200504,,
4,45,232,1,6,1,19.1628054109589,"01",11,,,,5,,,,,111,,,,1,,,,,,,1,,,,,,,,,,,,,1,1,1,1,,,,,,,,,,,,,,1,2,473200604,,
4,45,232,1,7,1,19.1628054109589,"01",13,8,,,1,,,,,111,,,,,111,,,,,,,,,,,1,,,,,,,,0,,,,,,,,,,,,,,,,,2,1,473200704,,
4,45,232,1,8,1,363.3467,"02",1,,,,1,,,,,111,,,,,111,,,,,,,,,,,,1,1,1,,,,,0,,,,,,,,,,,,,,,,,3,1,473200804,,
4,45,232,1,9,1,19.1628054109589,"02",11,,,,1,,,,,111,,,,,111,,,,,,,,,,,,,,1,,,,,0,,,,,,,,,,,,,,,,,2,1,473200904,,
4,45,232,1,10,1,363.3467,"02",1,,,,1,,,,,111,,,,,111,,,,,,,,,,,,1,,,,,,,1,1,1,1,,,1,,,,,,,,,,,3,1,473201004,,
4,45,232,1,11,1,19.1628054109589,"01",11,,,,1,,,,,111,,,,,111,,,,,,,,,,,,,,,,1,,,0,,,,,,,,,,,,,,,,,3,1,473201104,,
4,45,232,1,12,1,363.3467,"01",1,,,,1,,,,,111,,,1,,,,,,,,,,,,,,,,,,1,,,1,1,1,,,1,1,,,,,,,,,,,1,4,473201204,,
4,45,232,1,13,1,19.1628054109589,"01",7,,,,1,,,,,111,,,1,,,,,,,,1,,,,,,,,,,,,,1,1,1,,,,,,,,,,,,,,,1,1,473201304,,
4,45,232,1,14,1,363.3467,"01",1,,,,1,,,1,,,,,1,,,,,,1,,,,,,,,,,,,,,,1,1,1,1,,,1,,,,,,,,,,,3,1,473201404,,
4,45,232,1,15,1,19.1628054109589,"01",11,,,,1,,,,,111,,,1,,,,,,,,1,,,,,,,,,,,,,0,,,,,,,,,,,,,,,,,2,1,473201504,,
4,45,232,1,16,1,363.3467,"02",1,,,,1,,,,,111,,,1,,111,,,,,,,,,,,,,,,,1,,,0,,,,,,,,,,,,,,,,,3,1,473201604,,
4,45,232,1,17,1,19.1628054109589,"02",11,,,,1,,,,,111,,,1,,,,,,,,,,,,,,,,,,1,,,0,,,,,,,,,,,,,,,,,3,1,473201704,,
4,45,232,1,18,1,363.3467,"02",1,,,,1,,,,,111,,,1,,,,,,,,,,,,,,,,,,1,,,0,,,,,,,,,,,,,,,,,3,1,473201804,,
4,45,233,2,1,1,1946.098,"01",13,8,0,1,5,,,,,111,,,,,111,,,,,,,,,,,,1,,,,,,,1,1,1,1,,,,,,,,,,,,,1,3,1,473300104,,
4,45,233,2,2,1,1946.098,"02",11,,0,0,1,,,,,111,,,,,111,,,,,,,,,,,,,,,,1,,,1,1,1,,,,,,,,,,1,,,,1,2,1,473300204,,
4,45,233,2,3,1,1946.098,"01",11,,0,0,1,,,,,111,,,,1,,,,,,,1,,,,,,,,,,,,,1,1,1,1,,,,,,,,,,,,,2,1,1,473300304,,
4,45,233,2,4,1,1946.098,"01",13,8,0,0,1,,,1,,,,,,1,,,,,,,,,,,,,,,,,1,,,0,,,,,,,,,,,,,,,,1,2,1,473300404,,
4,45,233,2,5,1,1946.098,"01",11,,0,0,1,,,,,111,,,,,111,,,,,,1,,,,,,,,,,,,,0,,,,,,,,,,,,,,,,1,2,1,473300504,,
4,45,233,2,6,1,1946.098,"01",11,,0,0,1,,,1,,,,,1,,,,,,,,1,,,,,,,,,,,,,1,1,1,1,,,,,,,,,,,,,1,3,1,473300604,,
4,45,233,2,7,1,1946.098,"01",11,,0,0,1,,,,,111,,,,,111,,,,,,,,,,,,,,,,1,,,0,,,,,,,,,,,,,,,,1,1,1,473300704,,
4,45,233,2,8,1,1946.098,"02",11,,0,0,1,,,1,,,,,1,,,,,,1,,,,,,,,,,,,,,,1,1,1,1,,,,,,,,,,,,,1,3,1,473300804,,
4,45,233,2,9,1,1946.098,"01",11,,0,1,1,,,,,111,,,,,111,,,,,,,,,,,,,,,,1,,,1,1,1,,,1,,,,,,,,,,,2,1,1,473300904,,
4,45,233,2,10,1,1946.098,"02",11,,0,1,1,,,,1,,,,,1,,,,,,,,,,,,1,,,,,,,,1,1,1,1,,,,,,,,,,,,,1,2,1,473301004,,
4,45,233,2,12,1,1946.098,"01",11,,0,0,1,,,,,111,,,,,111,,,,,,,,,,,,,,,,1,,,1,1,1,,,,,,,,,,,,,,2,1,1,473301204,,
4,45,233,2,13,1,1946.098,"01",11,,0,0,1,,,,,111,,,,,111,,,,,,,,,,,,,,1,,,,,0,,,,,,,,,,,,,,,,2,1,1,473301304,,
4,45,233,2,14,1,1946.098,"01",9,,0,0,1,,,,1,,,,1,,,,,,,,1,,,,,,,,,,,,,1,0,,,,,,,,,,,,,,,1,2,1,473301404,,
4,45,233,2,16,1,1946.098,"02",11,,0,0,1,,,,,111,,,,,111,,,,,,,,,,,,,,1,,,,,0,,,,,,,,,,,,,,,,1,2,1,473301604,,
4,45,233,2,18,1,1946.098,"01",8,,0,0,1,,,,1,,,,,1,,,,,,,,,,,,1,,,,,,,,1,1,1,1,,,,,1,,,,1,,,,1,1,1,473301804,,
4,45,233,2,20,1,1946.098,"01",9,,0,1,1,,,,1,,,,,,111,,,,,,,,,,,1,,,,,,,,1,1,1,,,,,,,,,,,,,,1,2,1,473302004,,
4,45,233,2,21,1,1946.098,"01",11,,0,0,1,,,,1,,,,,,111,,,,,,,,,,,1,,,,,,,,0,,,,,,,,,,,,,,,,1,1,1,473302104,,
4,45,233,2,22,1,1946.098,"02",11,,0,0,1,,,1,,,,,1,,,,,,,,1,,,,,,,,,,,,,1,1,1,1,,,,,,,,,,,,,1,3,1,473302204,,
4,45,234,2,1,1,1475.391,"01",11,,0,0,1,,,,,111,,,,,111,,,,,,,,,,,,,,1,,,,,0,,,,,,,,,,,,,,,,2,2,1,473400104,,
4,45,234,2,2,1,1475.391,"01",9,,0,0,1,,,,,111,,,,,111,,,,,,,,,,,,,,,,1,,,0,,,,,,,,,,,,,,,,2,1,1,473400204,,
4,45,234,2,3,1,1475.391,"01",11,,0,0,1,,,,,111,,,,,111,,,,,,,,,,,,,,,,1,,,0,,,,,,,,,,,,,,,,2,2,1,473400304,,
4,45,234,2,4,1,1475.391,"01",9,,0,0,1,,,,,111,,,,,111,,,,,,,,,,,,,,1,,,,,0,,,,,,,,,,,,,,,,2,1,1,473400404,,
4,45,234,2,5,1,1475.391,"01",11,,0,0,1,,,,,111,,,1,,,,,,,,1,,,,,,,,,,,,,0,,,,,,,,,,,,,,,,2,2,1,473400504,,
4,45,234,2,6,1,1475.391,"01",10,,1,0,5,,1,,,,,,,,111,,,1,,,,,,,,,,,,,,,,1,1,1,1,,,1,,1,1,,,,,,,1,3,1,473400604,,
4,45,234,2,7,1,1475.391,"01",11,,0,0,1,,,,,111,,,,,111,,,,,,,,,,,,,,,,1,,,0,,,,,,,,,,,,,,,,2,3,1,473400704,,
4,45,234,2,8,1,1475.391,"01",9,,0,0,1,,,,,111,,,1,,,,,,,,1,,,,,,,,,,,,,1,1,1,1,,,,,,,,,,,,,2,3,1,473400804,,
4,45,234,2,9,1,1475.391,"01",11,,0,0,1,,,,,111,,,1,,,,,,,,,,,,,,,,1,,,,,0,,,,,,,,,,,,,,,,1,1,1,473400904,,
4,45,234,2,10,1,1475.391,"02",9,,0,0,1,,,,,111,,,1,,,,,,,,1,,,,,,,,,,,,,0,,,,,,,,,,,,,,,,2,1,1,473401004,,
4,45,234,2,11,1,1475.391,"01",11,,0,0,1,,,,,111,,,,,111,,,,,,,,,,,,,,,,1,,,0,,,,,,,,,,,,,,,,1,3,1,473401104,,
4,45,234,2,12,1,1475.391,"01",5,,0,0,1,,,,,111,,,,,111,,,,,,,,,,,1,,,,,,,,1,1,1,1,,,,,1,,,1,1,,,,1,2,1,473401204,,
4,45,234,2,13,1,1475.391,"01",13,8,0,0,1,,,,,111,,,,,111,,,,,,,,,,,,1,,,,,,,0,,,,,,,,,,,,,,,,2,2,1,473401304,,
4,45,234,2,14,1,1475.391,"02",9,,0,1,1,,,,1,,,,1,,,,,,,,1,,,,,,,,,,,,,0,,,,,,,,,,,,,,,,1,3,1,473401404,,
4,45,234,2,15,1,1475.391,"01",8,,0,0,1,,,,,111,,,,,111,,,,,,,,,,,,,,,,1,,,1,1,1,,,,,,,,,,,,,,1,1,1,473401504,,
4,45,234,2,16,1,1475.391,"01",10,,0,0,1,,,,,111,,,,,111,,,,,,,,,,,,1,1,1,,,,,1,1,1,1,,,1,,,,,,,,,,2,3,1,473401604,,
4,45,234,2,17,1,1475.391,"02",11,,0,0,1,,,1,,,,,1,,,,,,1,,,,,,,,,,,,,,,1,1,1,1,,,,,,,,,,,,,2,2,1,473401704,,
4,45,234,2,18,1,1475.391,"02",8,,0,0,1,,,,,111,,,1,,,,,,,,,,,,,,,,,,1,,,1,0,,,,,,,,,,,,,,,1,3,1,473401804,,
4,45,235,2,1,1,1095.94107236842,"02",11,,0,0,1,,,,,111,,,,,111,,,,,,,,,,,,,,,,1,,,1,0,,,,,,,,,,,,,,,2,2,1,473500104,,
4,45,235,2,2,1,2414.247,"02",1,,0,0,1,,,,1,,,,,1,,,,,,,1,,,,,1,,,,,,,,1,1,1,1,,,1,,,,,,,,,,1,3,1,473500204,,
4,45,235,2,3,1,1095.94107236842,"01",13,8,0,1,5,,,,1,,,,,,111,,,,,,,,,,,1,,,,,,,,1,1,1,1,,,,,,,,,,,,,2,2,1,473500304,,
4,45,235,2,5,1,1095.94107236842,"01",13,8,0,0,1,,,,,111,,,,,111,,,,,,,,,,,1,,,,,,,,0,,,,,,,,,,,,,,,,1,2,1,473500504,,
4,45,235,2,6,1,1095.94107236842,"02",11,,0,0,1,,,,,111,,,1,,,,,,,,1,,,,,,,,,,,,,0,,,,,,,,,,,,,,,,2,2,1,473500604,,
4,45,235,2,7,1,1095.94107236842,"02",11,,0,0,1,,,,,111,,,,,111,,,,,,,,,,,,,,,,1,,,0,,,,,,,,,,,,,,,,2,3,1,473500704,,
4,45,235,2,8,1,2414.247,"01",1,,0,0,1,,,,1,,,,,,111,,,,,,,,,,,1,,,,,,,,1,1,1,1,,,1,,,,,,,,,,2,2,1,473500804,,
4,45,235,2,9,1,1095.94107236842,"01",5,,0,0,1,,,,1,,,,,1,,,,,,,,,,,,1,,,,,,,,1,1,1,1,,,,,1,,,,1,,,,1,3,1,473500904,,
4,45,235,2,10,1,2414.247,"02",1,,0,0,1,,,,,111,,,1,,,,,,,,1,,,,,,,,,,,,,1,1,1,,,,,,,,,,,,,,1,2,1,473501004,,
4,45,235,2,11,1,1095.94107236842,"02",10,,0,0,1,,,,1,,,,,,111,,,,,,,,,,,1,,,,,,,,1,1,,1,,1,,,,,,,,,,,1,2,1,473501104,,
4,45,235,2,12,1,2414.247,"02",1,,0,0,1,,,,,111,,,1,,,,,,,,1,,,,,,,,,,,,,0,,,,,,,,,,,,,,,,1,2,1,473501204,,
4,45,235,2,13,1,1095.94107236842,"02",11,,0,0,1,,,,,111,,,,,111,,,,,,,,,,,,,,,,1,,,0,,,,,,,,,,,,,,,,2,1,1,473501304,,
4,45,235,2,14,1,1095.94107236842,"03",9,,0,0,1,,,,1,,,,1,,,,,,,,,,,,,1,,,,,,,,1,1,1,1,,,,,,,,,,,,,1,2,1,473501404,,
4,45,235,2,16,1,2414.247,"02",1,,0,0,1,,,,,111,,,,,111,,,,,,,,,,,,,,1,,,,,1,1,1,1,,,1,,,,,,,,,,2,1,1,473501604,,
4,45,235,2,17,1,1095.94107236842,"01",11,,0,0,1,,,,,111,,,,1,,,,,,,,,,,,,,,1,,,,,0,,,,,,,,,,,,,,,,1,3,1,473501704,,
4,45,235,2,19,1,1095.94107236842,"01",11,,0,1,1,,,,1,,,,,,111,,,,,,,,,,,1,,,1,,,,,1,1,1,1,,,,,,,,,,,,,1,3,1,473501904,,
4,45,235,2,20,1,1095.94107236842,"01",11,,0,0,1,,,,,111,,,1,,,,,,,,,,,,,,,,,,1,,,1,0,,,,,,,,,,,,,,,1,1,1,473502004,,
4,45,235,2,21,1,2414.247,"01",1,,0,0,1,,,,1,,,,,,111,,,,,,,,,,,,,,,,1,,,0,,,,,,,,,,,,,,,,1,3,1,473502104,,
4,45,236,2,1,1,467.384330985915,"01",11,,0,0,1,,,,,111,,,,,111,,,,,,,,,,,,,,,,1,,,1,1,1,1,,,,,,1,,,,,,,2,2,1,473600104,,
4,45,236,2,2,1,1896.245,"01",1,,1,1,5,,1,,,,,,,1,,,,,,,,,,,,1,,,,,,,,1,1,1,1,,,1,,,1,,,1,,,,1,3,1,473600204,,
4,45,236,2,3,1,467.384330985915,"01",11,,0,0,1,,1,,,,,,,,111,,,,,,,,,,,,,,,,1,,,0,,,,,,,,,,,,,,,,1,1,1,473600304,,
4,45,236,2,4,1,1896.245,"01",1,,1,0,1,,,,1,,,,,1,,,,,,,,,,,,1,,,,,,,,1,1,1,1,,,,,1,,,,1,,,,2,3,1,473600404,,
4,45,236,2,5,1,467.384330985915,"01",11,,0,0,1,,,,,111,,,1,,,,,,,,,,,,,,1,,1,,,,,1,1,1,1,,,,,,1,,,,,,,2,2,1,473600504,,
4,45,236,2,6,1,1896.245,"01",1,,0,0,1,,,,,111,,,,,111,,,,,,,,,,,1,,,,,,,,0,,,,,,,,,,,,,,,,1,2,1,473600604,,
4,45,236,2,7,1,467.384330985915,"01",11,,0,0,1,,,,1,,,,1,,,,,,,,1,,,,,,,,,,,,,1,0,,,,,,,,,,,,,,,1,2,4,473600704,,
4,45,236,2,8,1,1896.245,"01",1,,0,0,1,,,1,,,,,1,,,,,,,,1,,,,,,,,,,,,,1,1,1,1,,,1,,,,,,,,,,2,3,1,473600804,,
4,45,236,2,9,1,467.384330985915,"01",11,,0,0,1,,,,1,,,,1,,,,,,,,1,,,,,,,,,,,,,0,,,,,,,,,,,,,,,,1,2,1,473600904,,
4,45,236,2,10,1,467.384330985915,"02",9,,1,0,1,,,,1,,,,1,,,,,,,,1,,,,,1,,,,,,,,1,1,1,,,,,,,,,,,,,,1,2,1,473601004,,
4,45,236,2,11,1,467.384330985915,"02",11,,0,0,1,,1,,,,,,1,,,,,,,,,,,,,,,,,,1,,,1,0,,,,,,,,,,,,,,,1,2,1,473601104,,
4,45,236,2,12,1,467.384330985915,"01",11,,0,1,1,,,1,,,,,1,1,,,,,1,,,,,,,,,,,,,,,1,1,1,1,,,,,,,,,1,,,,2,2,1,473601204,,
4,45,236,2,13,1,467.384330985915,"01",11,,0,1,1,,,,1,,,,,1,,,,,,,1,,,,,1,,,,,,,,1,1,1,1,,,,,,,,,,,,,1,2,1,473601304,,
4,45,236,2,14,1,1896.245,"02",1,,0,0,5,,1,,,,,,1,,,,,,,,,,,,,1,,,,,,,,1,1,1,,,,,,,,,,,,,,1,1,1,473601404,,
4,45,236,2,15,1,467.384330985915,"01",9,,0,0,1,,,1,,,,,1,,,,,,1,,1,,,,,,,,,,,,,1,1,1,1,,,,,,,,,,,,,1,2,1,473601504,,
4,45,236,2,17,1,467.384330985915,"01",11,,0,0,1,,,,,111,,,1,,,,,,,,,,,,,,,,,,1,,,0,,,,,,,,,,,,,,,,2,1,1,473601704,,
4,45,236,2,18,1,1896.245,"01",1,,0,0,1,,,,1,,,,,1,,,,,,,,,,,,1,,,,,,,,1,1,1,1,,,1,,,,,,,,,,2,3,1,473601804,,
4,45,236,2,21,1,1896.245,"01",1,,0,1,1,,,,,111,,,,1,,,,,1,,,,,,,1,,,,,,,,1,1,1,1,,,1,,,,,,,,,,1,2,1,473602104,,
5,51,237,2,1,1,464.106144278607,"01",11,,0,0,1,,,,,111,,,1,,,,,,,,,,,,,,,,,,1,,,1,1,1,1,,,,,,,,,,,,,2,2,1,533700105,,
5,51,237,2,2,1,464.106144278607,"02",7,,0,0,1,,,,1,,,,1,,,,,,,,,,,,,,,,,,1,,,0,,,,,,,,,,,,,,,,1,2,1,533700205,,
5,51,237,2,3,1,464.106144278607,"01",11,,0,1,1,,,,,111,,,1,,,,,,,,1,,,,,,,,,,,,,1,1,1,1,,,,,,,,,,,,,1,1,1,533700305,,
5,51,237,2,4,1,464.106144278607,"01",9,,0,0,1,,1,,,,,,,,111,,,,,,,,,,,,,,,,1,,,1,1,1,1,,,,,,,,,,,,,2,3,1,533700405,,
5,51,237,2,5,1,1696.097,"02",1,,0,1,1,,,,,111,,,,1,,,,,,,,,,,,,,,,,1,,,1,1,1,1,,,,,,,,,,,,,2,2,1,533700505,,
5,51,237,2,6,1,464.106144278607,"01",11,,0,0,5,,,,,111,,,,1,,,,,,,,,,,,,,,,,1,,,0,,,,,,,,,,,,,,,,2,3,1,533700605,,
5,51,237,2,7,1,464.106144278607,"01",11,,0,1,1,,,,,111,,,1,,,,,,,,,,,,,,,,,,1,,,1,1,1,1,,,,,,,,,,,,,2,2,1,533700705,,
5,51,237,2,8,1,1696.097,"01",1,,0,0,1,,,,,111,,,1,,,,,,,,,,,,,,,,,,1,,,1,1,1,1,,,,,,,,,,,,,2,2,1,533700805,,
5,51,237,2,9,1,464.106144278607,"01",11,,0,0,1,,,,,111,,,,,111,,,,,,,,,,,,,,,,1,,,0,,,,,,,,,,,,,,,,2,1,1,533700905,,
5,51,237,2,10,1,1696.097,"02",1,,0,0,1,,1,,,,,,1,,,,,,,,,,,,,1,,,,,,,,1,1,1,1,,,,,,1,,,,,,,1,2,1,533701005,,
5,51,237,2,11,1,1696.097,"01",1,,0,0,5,,,,,111,,,,,111,,,,,,,,,,,,,,,,1,,,0,,,,,,,,,,,,,,,,1,2,1,533701105,,
5,51,237,2,12,1,1696.097,"01",1,,0,1,5,,,,,111,,,,,111,,,,,,,,,,,,,,,,1,,,0,,,,,,,,,,,,,,,,2,1,1,533701205,,
5,51,237,2,13,1,1696.097,"01",1,,0,0,1,,,,,111,,,,,111,,,,,,,,,,,,,,,,1,,,0,,,,,,,,,,,,,,,,2,1,1,533701305,,
5,51,237,2,14,1,1696.097,"02",1,,0,1,5,,,,,111,,,,,111,,,,,,,,,,,,,,,,1,,,1,1,,,,,,,,1,,,,,,,2,2,1,533701405,,
5,51,237,2,15,1,464.106144278607,"01",13,1,0,0,1,,,,,111,,,,,111,,,,,,,,,,,,,,,,1,,,0,,,,,,,,,,,,,,,,2,1,1,533701505,,
5,51,237,2,16,1,464.106144278607,"01",11,,0,1,1,,,,,111,,,1,,,,,,,,1,,,,,,,,1,,,,,1,0,,,,,,,,,,,,,,,2,888,1,533701605,,
5,51,237,2,17,1,1696.097,"02",1,,0,0,5,,,,,111,,,1,,,,,,,,,,,,,,,,,,,,,1,0,,,,,,,,,,,,,,,2,3,1,533701705,,
5,51,237,2,18,1,1696.097,"01",1,,0,0,1,,,,,111,,,1,,,,,,,,1,,,,,,,,,,,,,1,1,1,,,,,,,,,,,,,,2,2,1,533701805,,
5,51,238,1,1,1,140.307752941177,"01",11,,,,1,,,,,111,,,,,111,,,,,,,,,,,,,,1,,,,,0,,,,,,,,,,,,,,,,,3,1,533800105,,
5,51,238,1,2,1,146.0346,"01",1,,,,5,,1,,,,,,,1,,,,,,,,,,,,,,,,,1,,,1,1,,,,,1,1,,,,,,,,,,2,1,533800205,,
5,51,238,1,3,1,146.0346,"02",1,,,,5,,,,,111,,,,,111,,,,,,,,,,,,,,1,,,,,0,,,,,,,,,,,,,,,,,1,1,533800305,,
5,51,238,1,4,1,146.0346,"01",1,,,,5,,1,,,,,,,,111,,,1,,,,,,,,,,,,,,,,1,1,1,1,,,1,1,,,,,,,,,,3,2,533800405,,
5,51,238,1,5,1,146.0346,"01",1,,,,5,,1,,,,,,1,,,,,,,,1,,,,,,,,,,,,,1,1,1,,,,,,,,,,,,,,,3,2,533800505,,
5,51,238,1,6,1,140.307752941177,"01",11,,,,5,,,,,111,,,1,,,,,,,,1,,,,,,,,,,,,,1,1,1,1,,,,,,,,,,,,,,3,2,533800605,,
5,51,238,1,7,1,146.0346,"01",1,,,,5,,1,,,,,,1,,,,,,,,1,,,,,,,,,,,,,1,1,1,1,,,,,,,,,,,,,,3,1,533800705,,
5,51,238,1,8,1,146.0346,"01",1,,,,5,,1,,,,,,1,,,,,,,,1,,,,,,,,,,,,,1,1,1,1,,,,,,,,,,,,,,3,2,533800805,,
5,51,238,1,9,1,146.0346,"08",1,,,,4,,1,,,,,,,,111,,,1,,,,,,,,,,,,,,,,1,1,1,1,,,1,1,,1,,,,,,,,3,1,533800905,,
5,51,238,1,10,1,146.0346,"02",1,,,,5,,1,,,,,,1,,,,,1,,,,,,,,,,,,,,,,1,1,1,1,,,1,1,,1,,,,,,,,3,1,533801005,,
5,51,238,1,11,1,146.0346,"01",1,,,,5,,,1,,,,,,,111,,,,1,,,,,,,,,,,,,,,1,1,1,1,,,1,1,,1,,,,,,,,2,1,533801105,,
5,51,238,1,12,1,146.0346,"01",1,,,,1,,,,,111,,,1,,,,,,,,1,,,,,,,,,,,,,1,1,,,,,1,1,,,,,1,,,,,3,1,533801205,,
5,51,238,1,13,1,146.0346,"01",1,,,,5,,,,,111,,,,,111,,,,,,,,,,,,,,,,1,,,1,1,,,,,1,1,,,,,,,,,,3,1,533801305,,
5,51,238,1,14,1,146.0346,"01",1,,,,4,,,,1,,,,,1,,,,,,1,,1,,,,,,,,,,,,1,1,,,,,1,1,,,,,,,,,,3,1,533801405,,
5,51,238,1,15,1,146.0346,"01",1,,,,5,,,,1,,,,,,111,,,,,,,,,,,,,,,,1,,,0,,,,,,,,,,,,,,,,,3,1,533801505,,
5,51,238,1,16,1,140.307752941177,"01",11,,,,1,,,,,111,,,,1,,,,,,,1,,,,,,,,,,,,,1,1,1,1,,,,,,,,,,,,,,2,2,533801605,,
5,51,238,1,17,1,140.307752941177,"01",7,,,,1,,,,1,,,,,1,,,,,,,1,,,,,,,,,,,,,0,,,,,,,,,,,,,,,,,1,2,533801705,,
5,51,238,1,18,1,146.0346,"01",1,,,,1,,,,,111,,,,,111,,,,,,,,,,,,,,,,1,,,0,,,,,,,,,,,,,,,,,3,1,533801805,,
5,51,239,1,1,1,169.8891,"02",1,,,,5,,,,,111,,,,,111,,,,,,,,,,,,,,,,1,,,1,0,,,,,,,,,,,,,,,,2,1,533900105,,
5,51,239,1,2,1,70.9245757281553,"01",11,,,,1,,,,,111,,,,,111,,,,,,,,,,,,,,,,1,,,0,,,,,,,,,,,,,,,,,1,1,533900205,,
5,51,239,1,3,1,169.8891,"02",1,,,,5,,,,,111,,,1,,,,,,,,1,,,,,,,,,,,,,1,1,1,,,,1,,,,,,,,,,,2,1,533900305,,
5,51,239,1,4,1,169.8891,"01",1,,,,5,,1,,,,,,1,,,,,,,,,,,,,,,,,,,,,1,1,1,,,,,,,,,,,,,,,2,1,533900405,,
5,51,239,1,5,1,169.8891,"01",1,,,,5,,,,,111,,,,,,555,4,,,,,,,,,,,,,,1,,,1,1,1,1,1,,1,,,1,,,1,,,,,2,1,533900505,,
5,51,239,1,6,1,169.8891,"01",1,,,,1,,,,,111,,,,,111,,,,,,,,,,,,,,,,1,,,1,1,1,,,,,,,,,,,,,,,3,1,533900605,,
5,51,239,1,7,1,169.8891,"02",1,,,,5,,1,,,,,,,,111,,,1,,,,,,,,,,,,,,,,1,1,1,,,,,,,,,,,,,,,3,4,533900705,,
5,51,239,1,8,1,169.8891,"02",1,,,,5,,1,,,,,,,,111,,,,,,,,,,,,,,,,1,,,1,1,1,1,,,1,,,,,,,,,,,3,1,533900805,,
5,51,239,1,9,1,169.8891,"01",1,,,,5,,,,1,,,,,1,,,,,,,1,,,,,,,,,,,,,1,1,1,1,,,1,,,,,,,,,,,3,1,533900905,,
5,51,239,1,10,1,70.9245757281553,"01",7,,,,1,,,1,,,,,,1,,,,,,,,,,,,,,,,,1,,,1,1,1,1,,,,,,,,,,,,,,1,555,533901005,,
5,51,239,1,12,1,169.8891,"01",1,,,,5,,,,,111,,,,,111,,,,,,,,,,,,,,,,1,,,1,1,1,,,,,,,,,,,,,,,1,1,533901205,,
5,51,239,1,13,1,169.8891,"01",1,,,,5,,1,,1,,,,1,,,,,,,,1,,,,,,,,,,,,,1,1,,1,1,,1,,,,,,,,,,,3,2,533901305,,
5,51,239,1,14,1,169.8891,"02",1,,,,5,,1,,,,,,,1,,,,1,,,1,,,,,,,,,,,,,1,1,1,1,,,1,,,,,,1,,,,,3,2,533901405,,
5,51,239,1,15,1,169.8891,"01",1,,,,5,,1,,,,,,,,111,,,1,,,,,,,,,,,,,,,,1,1,1,1,,,1,,,,,,1,,,,,3,1,533901505,,
5,51,239,1,16,1,70.9245757281553,"01",7,,,,1,,,,,111,,,,,111,,,,,,,,,,,,,,1,,,,,1,1,1,1,,,,,,,,,,,,,,2,1,533901605,,
5,51,239,1,17,1,169.8891,"03",1,,,,5,,1,,,,,,,,111,,,,,,,,,,,,,,,,,,,1,1,1,1,,,,,,,,,,,,,,3,1,533901705,,
5,51,239,1,18,1,169.8891,"02",1,,,,5,,1,,,,,,,,111,,,1,,,,,,,,,,,,,,,,1,1,1,1,1,,1,1,,,,,,,,,,3,1,533901805,,
5,51,239,1,20,1,169.8891,"01",1,,,,5,,1,,,,,,,,111,,,,,1,,,,,,,,,,,,,,1,1,1,,,,,,,,,,,,,,,3,1,533902005,,
5,51,240,1,1,1,158.1368,"01",1,,,,1,,,,,111,,,1,,,,,,,,1,,,,,,,,,,,,,1,0,,,,,,,,,,,,,,,,2,1,534000105,,
5,51,240,1,2,1,133.191276619718,"01",9,,,,1,,,,,111,,,,,111,,,,,,,,,,1,,,,,,,,,1,1,1,1,,,,,,,,,,,,,,1,4,534000205,,
5,51,240,1,3,1,133.191276619718,"01",11,,,,1,,,,,111,,,,,111,,,,,,,,,,,,,,,,1,,,1,1,,1,,,,,,,,,,,,,,1,1,534000305,,
5,51,240,1,5,1,158.1368,"01",1,,,,1,,,,1,,,,,,111,,,,,,,,,,,,1,,,,,,,1,1,1,,,,,,,,,,,,,,,2,1,534000505,,
5,51,240,1,6,1,133.191276619718,"01",11,,,,1,,,,,111,,,1,,,,,,,,1,,,,,,,,,,,,,1,1,1,1,,,,,,,,,,,,,,3,2,534000605,,
5,51,240,1,8,1,158.1368,"02",1,,,,5,,1,,,,,,,,111,,,1,,,,,,,,,,,,,,,,1,1,,,,,1,,,,,,1,,,,,2,555,534000805,,
5,51,240,1,9,1,133.191276619718,"02",7,,,,1,,1,,,,,,1,,,,,,,,1,,,,,,,,,,,,,1,1,1,1,,,,,,1,,,,,,,,2,1,534000905,,
5,51,240,1,10,1,158.1368,"02",1,,,,5,,1,,,,,,,,111,,,1,,,,,,,,,,,,,,,,1,1,1,1,,,1,,,,,,,,,,,3,1,534001005,,
5,51,240,1,11,1,158.1368,"02",1,,,,5,,1,,,,,,1,,,,,1,,,,,,,,,,,,,,,,1,1,,,,,,1,,1,,,,,,,,3,1,534001105,,
5,51,240,1,12,1,158.1368,"02",1,,,,1,,1,,,,,,1,,,,,,,,1,,,,,,,,,,,,,1,1,,,,,1,,,,,,,,,,,2,1,534001205,,
5,51,240,1,13,1,158.1368,"01",1,,,,5,,1,,,,,,1,,,,,,,,,,,,,,,,,,1,,,1,1,1,,,,,1,,,,,1,1,,,,3,1,534001305,,
5,51,240,1,14,1,158.1368,"01",1,,,,5,,,,,111,,,,,111,,,,,,,,,,,,,,,,1,,,1,1,1,,,,,,,,,,,,,,,2,1,534001405,,
5,51,240,1,15,1,158.1368,"01",1,,,,5,,1,,,,,,1,,,,,1,,,,,,,,,,,,,,,,1,1,1,1,,,,,,,,1,,,,,,3,1,534001505,,
5,51,240,1,17,1,158.1368,"02",1,,,,5,,1,,,,,,,,,555,4,1,,,,,,,,,,,,,,,,1,1,1,1,1,1,1,1,,,,,1,,,,,3,1,534001705,,
5,51,240,1,18,1,158.1368,"02",1,,,,5,,,,1,,,,1,,,,,,,,1,,,,,,,,,,,,,1,1,1,1,,,1,,,,,,,,,,,3,5,534001805,,
5,51,240,1,19,1,133.191276619718,"01",7,,,,1,,,,,111,,,,,111,,,,,,,,,,,,,,,,1,,,0,,,,,,,,,,,,,,,,,1,1,534001905,,
5,51,240,1,20,1,158.1368,"01",1,,,,1,,,1,,,,,1,,,,,,1,,,,,,,,,,,,,,,1,1,1,,,,,,,,,,,,,,,2,1,534002005,,
5,51,240,1,22,1,158.1368,"01",1,,,,1,,,,1,,,,,,111,,,,,,,,,,,1,,,,,,,,1,1,,1,,,,,,,,,1,,,,,1,2,534002205,,
5,51,241,2,1,1,530.112216748768,"01",9,,0,0,1,,,,,111,,,,,111,,,,,,,,,,,,,,,,1,,,0,,,,,,,,,,,,,,,,2,1,1,534100105,,
5,51,241,2,2,1,530.112216748768,"01",11,,0,0,1,,,,,111,,,,1,,,,,,,,,,,,1,,,,,,,,1,1,1,1,,,,,,,,,,,,,2,1,1,534100205,,
5,51,241,2,3,1,530.112216748768,"01",13,10,0,0,1,,,,,111,,,,,111,,,,,,,,,,,,,,,,1,,,1,1,1,1,,,,,,,,,,,,,2,2,1,534100305,,
5,51,241,2,4,1,530.112216748768,"02",11,,0,0,1,,,,,111,,,1,,,,,,,,1,,,,,,,,,,,,,0,,,,,,,,,,,,,,,,2,2,1,534100405,,
5,51,241,2,5,1,1262.32,"01",1,,0,1,1,,,,,111,,,1,,,,,,,,,,,,,,,,,,1,,,0,,,,,,,,,,,,,,,,1,2,1,534100505,,
5,51,241,2,6,1,1262.32,"01",1,,0,0,1,,,,,111,,,,,111,,,,,,,,,,,,,,,,1,,,1,1,,,,,,,,1,,,,,,,2,1,1,534100605,,
5,51,241,2,7,1,530.112216748768,"01",11,,0,1,1,,,1,,,,,1,,,,,,,,,,,,,1,,,,,,,,1,1,1,1,,,,,,1,,,1,,,,2,1,1,534100705,,
5,51,241,2,8,1,530.112216748768,"01",11,,0,0,1,,,,,111,,,,,111,,,,,,,,,,,,,,1,,,,,0,,,,,,,,,,,,,,,,2,3,1,534100805,,
5,51,241,2,9,1,1262.32,"01",1,,1,1,5,,,1,,,,,1,,,,,,,,,,,,,1,,,,,,,,1,1,1,1,,,1,,1,,1,,,,,,1,2,1,534100905,,
5,51,241,2,10,1,1262.32,"02",1,,0,0,1,,,,,111,,,,,111,,,,,,,,,,,,,,,,1,,,1,1,1,1,1,,,,,,,,,,,,2,2,2,534101005,,
5,51,241,2,11,1,1262.32,"01",1,,0,1,1,,,,,111,,,,,111,,,,,,,,,,,,,1,,,,,,1,0,,,,,,,,,,,,,,,2,2,1,534101105,,
5,51,241,2,12,1,1262.32,"01",1,,0,0,1,,,,,111,,,,1,,,,,,,,,,,,,,,,,1,,,1,1,1,,,,,,,,,,,,,,2,1,2,534101205,,
5,51,241,2,13,1,1262.32,"02",1,,0,1,5,,,,1,,,,1,,,,,,,,1,,,,,,,,,,,,,1,1,1,1,,,1,,,,,,,,,,2,3,1,534101305,,
5,51,241,2,14,1,1262.32,"02",1,,0,0,1,,,,,111,,,,,111,,,,,,,,,,,,,,,,1,,,1,0,,,,,,,,,,,,,,,1,2,1,534101405,,
5,51,241,2,15,1,530.112216748768,"01",7,,0,0,1,,,,,111,,,,,111,,,,,,,,,,,,,,,,1,,,0,,,,,,,,,,,,,,,,1,1,1,534101505,,
5,51,241,2,16,1,1262.32,"01",1,,0,0,1,,1,,1,,,,1,,,,,,,,,,,,,1,,,,,,,,1,1,1,1,,,,,,,,,,,,,2,2,1,534101605,,
5,51,241,2,17,1,1262.32,"01",1,,0,0,1,,,,,111,,,,,111,,,,,,,,,,,,,,,,1,,,1,1,,,,,,,,1,,,,1,,,1,1,1,534101705,,
5,51,241,2,18,1,1262.32,"01",1,,0,0,1,,,,,,555,9,,1,,,,,,,,,,,,,,,,,1,,,1,1,1,1,,,,,,,,,,,,,1,2,1,534101805,,
5,51,242,2,1,1,974.180936170213,"02",9,,0,0,5,,,,,111,,,,1,,,,,,,1,,,,,,,,,,,,,1,0,,,,,,,,,,,,,,,2,2,1,534200105,,
5,51,242,2,2,1,974.180936170213,"01",11,,0,0,1,,,,,111,,,,,111,,,,,,,,,,,,,,1,,,,,0,,,,,,,,,,,,,,,,2,3,1,534200205,,
5,51,242,2,3,1,974.180936170213,"01",11,,0,0,1,,,,,111,,,,1,,,,,,,1,,,,,,,,,,,,,0,,,,,,,,,,,,,,,,1,3,1,534200305,,
5,51,242,2,4,1,974.180936170213,"02",9,,0,0,1,,,,,111,,,1,,,,,,,,,,,,,,,,,,1,,,1,1,1,1,,,1,,,,,,,,,,2,3,1,534200405,,
5,51,242,2,5,1,974.180936170213,"01",11,,0,0,5,,,,,111,,,,,111,,,,,,,,,,,,,,,,1,,,1,1,1,1,,,,,,,,,,,,,2,3,1,534200505,,
5,51,242,2,6,1,1302.868,"02",1,,0,0,5,,,1,,,,,1,,,,,,1,,,,,,,,,,,,,,,1,1,1,1,,,1,,,1,,,,,,,2,2,1,534200605,,
5,51,242,2,7,1,1302.868,"02",1,,0,1,5,,,1,,,,,1,,,,,,,,,,,,,1,,,,,,,,1,1,1,1,,,1,1,,1,,,,,,,1,3,1,534200705,,
5,51,242,2,8,1,974.180936170213,"01",9,,0,0,5,,,1,,,,,,1,,,,,,,1,,,,,,,,,,,,,1,1,1,1,,,,,,,,,,,,,1,3,1,534200805,,
5,51,242,2,9,1,974.180936170213,"01",9,,0,0,1,,,,,111,,,,,111,,,,,,,,,,,,,,,,1,,,0,,,,,,,,,,,,,,,,1,3,1,534200905,,
5,51,242,2,10,1,1302.868,"02",1,,0,0,5,,,,,111,,,,,111,,,,,,,,,,,,,,,,1,,,1,1,1,1,,,1,,,,,,,,,,1,3,1,534201005,,
5,51,242,2,11,1,974.180936170213,"01",9,,0,0,1,,,,,111,,,,,111,,,,,,,,,,,,,,,,1,,,1,1,,,,,,,,,,,1,,,,2,3,1,534201105,,
5,51,242,2,12,1,974.180936170213,"01",11,,0,0,1,,,,,111,,,,,111,,,,,,,,,,,,,,,,1,,,1,1,,,,,,,,,,,,,555,1,2,1,1,534201205,,
5,51,242,2,13,1,974.180936170213,"01",9,,1,1,5,,,,,111,,,1,,,,,,,,1,,,,,,,,,,,,,1,1,,,,,,,,,,,1,,,,1,3,1,534201305,,
5,51,242,2,14,1,974.180936170213,"01",11,,0,0,2,,,,,111,,,1,,,,,,,,1,,,,,,,,,,,,,0,,,,,,,,,,,,,,,,2,2,1,534201405,,
5,51,242,2,15,1,974.180936170213,"01",11,,0,0,1,,,,,111,,,1,,,,,,,,1,,,,,,,,,,,,,0,,,,,,,,,,,,,,,,2,3,1,534201505,,
5,51,242,2,16,1,974.180936170213,"01",11,,0,0,1,,,,,111,,,1,,,,,,,,1,,,,,,,,,,,,,1,1,1,1,,,,,,,,,,,,,2,2,2,534201605,,
5,51,242,2,17,1,1302.868,"01",1,,0,1,1,,,1,,,,,,,111,,,,,,,,,,,1,,,,,,,,1,1,1,,,,,,,,,,,,,,1,2,1,534201705,,
5,51,242,2,18,1,974.180936170213,"01",11,,0,1,1,,,,,111,,,,1,,,,,,,,,,,,1,,,,,,,,0,,,,,,,,,,,,,,,,2,1,1,534201805,,
5,52,243,2,1,1,1062.52385542169,"01",11,,0,0,1,,,,,111,,,,1,,,,,,,,,,,,,,,,,1,,,1,1,1,1,,,,,,,,,,,,,2,2,2,544300105,,
5,52,243,2,2,1,1062.52385542169,"01",11,,0,0,1,,,,,111,,,1,,,,,,,,1,,,,,,,,1,,,,,0,,,,,,,,,,,,,,,,2,2,1,544300205,,
5,52,243,2,3,1,1062.52385542169,"01",11,,0,0,1,,,,,111,,,,,111,,,,,,,,,,,,,,,,1,,,0,,,,,,,,,,,,,,,,1,3,1,544300305,,
5,52,243,2,4,1,1062.52385542169,"01",11,,0,0,1,,,,,111,,,1,,,,,,,,1,,,,,,,,1,,,,,1,1,1,1,,,,,,,,,,,,,2,1,1,544300405,,
5,52,243,2,5,1,1062.52385542169,"02",9,,0,1,1,,,,,111,,,,1,,,,,,,,,,,,,,,,,1,,,1,1,1,1,,,,,,,,,,,,,1,2,1,544300505,,
5,52,243,2,6,1,1062.52385542169,"01",11,,0,1,1,,,,,111,,,,1,,,,,,,,,,,,,,,,,1,,,0,,,,,,,,,,,,,,,,1,2,1,544300605,,
5,52,243,2,7,1,1062.52385542169,"01",11,,0,0,1,,,,,111,,,,,111,,,,,,,,,,,,,,,,1,,,1,1,1,1,,,,,,1,,,,,,,2,2,1,544300705,,
5,52,243,2,8,1,1062.52385542169,"02",9,,0,1,5,,,,,111,,,,,111,,,,,,,,,,,,,,,,1,,,1,1,1,1,,,,,,,,,,,,,2,2,555,544300805,,
5,52,243,2,9,1,1062.52385542169,"02",9,,0,0,5,,,,,111,,,1,,,,,,,,1,,,,,,,,1,,,,,1,1,1,1,,,,,,,,,,,,,1,2,1,544300905,,
5,52,243,2,10,1,2204.737,"01",1,,2,1,5,,,,,111,,,,,111,,,,,,,,,,,,,,,,1,,,1,1,1,1,,,,,1,,,,,,,,2,2,2,544301005,,
5,52,243,2,11,1,2204.737,"01",1,,0,1,5,,,,1,,,,,1,,,,,,,,,,,,,,,,,1,,,1,1,1,1,,,,,,,,,,,,,1,2,1,544301105,,
5,52,243,2,12,1,2204.737,"01",1,,0,0,5,,,1,,,,,1,,,,,,,,,,,,,1,,,,,,,,1,1,1,1,,,1,,,,,,,,,,2,2,1,544301205,,
5,52,243,2,13,1,2204.737,"02",1,,0,0,5,,,1,,,,,1,,,,,,,,1,,,,,,1,,1,,,,,1,1,1,1,,,1,,,1,,,,,,,2,3,1,544301305,,
5,52,243,2,14,1,2204.737,"01",1,,0,1,5,,,,1,,,,1,,,,,,,,1,,,,,1,,,,,,,,1,0,,,,,,,,,,,,,,,1,3,1,544301405,,
5,52,243,2,15,1,2204.737,"02",1,,0,0,5,,,,,111,,,1,,,,,,,,1,,,,,,,,,,,,,1,0,,,,,,,,,,,,,,,2,3,1,544301505,,
5,52,243,2,16,1,2204.737,"02",1,,0,0,1,,,,1,,,,1,,,,,,,,,,,,,1,,,,,,,,0,,,,,,,,,,,,,,,,2,3,1,544301605,,
5,52,243,2,17,1,2204.737,"02",1,,1,0,5,,,,1,,,,1,,,,,,,1,,,,,,,,,,,,,,1,1,1,1,,,,,,,,,,,,,2,3,2,544301705,,
5,52,243,2,18,1,2204.737,"01",1,,0,0,5,,,,,111,,,,,111,,,,,,,,,,,,,,,,1,,,1,0,,,,,,,,,,,,,,,2,2,1,544301805,,
5,52,244,2,1,1,1700.2,"01",9,,0,0,5,,,1,,,,,1,,,,,,,,,,,,,1,,,,,,,,1,1,1,1,,,,,,,,,,,,,2,2,1,544400105,,
5,52,244,2,2,1,1700.2,"01",11,,0,0,1,,,,,111,,,,,111,,,,,,,,,,,,,,,,1,,,0,,,,,,,,,,,,,,,,2,2,4,544400205,,
5,52,244,2,3,1,1700.2,"02",9,,0,0,5,,,,,111,,,,,111,,,,,,,,,,,,,,,,1,,,1,1,1,1,,,,,,,,,,,,,2,2,1,544400305,,
5,52,244,2,4,1,1700.2,"01",11,,0,0,1,,,,,111,,,,,111,,,,,,,,,,,,,,,,1,,,0,,,,,,,,,,,,,,,,2,1,1,544400405,,
5,52,244,2,5,1,1700.2,"01",11,,0,0,1,,,,,111,,,1,,,,,,,,1,,,,,,,,,,,,,1,1,1,,,,,,,,,,,,,,2,1,1,544400505,,
5,52,244,2,6,1,1700.2,"02",9,,0,1,5,,,,,111,,,1,,,,,,,,1,,,,,,,,,,,,,1,0,,,,,,,,,,,,,,,1,2,1,544400605,,
5,52,244,2,7,1,1700.2,"01",11,,0,0,5,,,,,111,,,,,111,,,,,,,,,,,,,,,,1,,,0,,,,,,,,,,,,,,,,2,1,1,544400705,,
5,52,244,2,8,1,1700.2,"01",11,,0,0,1,,,,,111,,,1,,,,,,,,1,,,,,,,,1,,,,,0,,,,,,,,,,,,,,,,2,1,1,544400805,,
5,52,244,2,9,1,1700.2,"01",11,,0,1,1,,,,,111,,,1,,,,,,,,1,,,,,,,,1,,,,,1,1,1,1,,,,,,,,,,,,,2,2,1,544400905,,
5,52,244,2,10,1,1700.2,"01",11,,0,0,5,,,,,111,,,,,111,,,,,,,,,,,,,,,,1,,,1,1,1,1,,,,,,,,,,,,,2,2,1,544401005,,
5,52,244,2,11,1,1700.2,"01",9,,1,1,5,,,1,,,,,1,,,,,,,,1,,,,,,,,,,,,,1,1,1,1,,,,,,,,,,,,,1,3,1,544401105,,
5,52,244,2,12,1,1700.2,"02",9,,0,0,5,,,,1,,,,,1,,,,,,,1,,,,,,,,,,,,,1,1,1,1,,,,,,,,,,,,,2,3,1,544401205,,
5,52,244,2,13,1,1700.2,"01",9,,0,1,5,,,,,111,,,,,111,,,,,,,,,,,,,,,,1,,,1,1,1,1,,,,,,,,,,,,,2,2,1,544401305,,
5,52,244,2,14,1,1700.2,"01",9,,0,1,5,,,,,111,,,,,111,,,,,,,,,,,,,,,,1,,,1,1,1,1,,,,,,,,,,,,,1,2,1,544401405,,
5,52,244,2,15,1,1700.2,"02",9,,1,0,5,,1,,,,,,1,,,,,1,,,1,,,,,,,,1,,,,,1,1,1,1,,,,,,,,,,,,,2,2,1,544401505,,
5,52,244,2,16,1,1700.2,"01",9,,0,0,5,,1,,,,,,1,,,,,1,,,,,,,,,,,,,,,,1,1,1,,,,,,,1,,,,,,,2,2,1,544401605,,
5,52,244,2,17,1,1700.2,"01",9,,1,1,5,,,1,,,,,1,,,,,,,,,,,,,1,,,,,,,,1,1,1,1,,,,,,,,,,,,,1,2,1,544401705,,
5,52,244,2,18,1,1700.2,"02",9,,0,1,5,,1,,,,,,,,111,,,1,,,,,,,,,,,,,,,,1,1,1,,,,,,,,,,,,,,2,2,1,544401805,,
5,52,245,1,1,1,18.1200197260274,"01",9,,,,5,,,,,111,,,1,,,,,,,,1,,,,,,,,1,,,,,1,1,1,1,,,,,,,,,,,,,,2,2,544500105,,
5,52,245,1,2,1,18.1200197260274,"01",11,,,,5,,,,,111,,,,,111,,,,,,,,,,,,,,1,,,,,0,,,,,,,,,,,,,,,,,1,4,544500205,,
5,52,245,1,3,1,18.1200197260274,"02",9,,,,5,,1,,,,,,1,,,,,1,,,,,,,,,,,,,,,,1,1,1,1,,,,,,,,,,,,,,3,1,544500305,,
5,52,245,1,4,1,18.1200197260274,"01",11,,,,5,,,,,111,,,,,111,,,,,,,,,,,,,,,,1,,,1,1,1,1,,,,,,1,,,,,,,,2,2,544500405,,
5,52,245,1,5,1,339.1696,"01",1,,,,5,,,,,111,,,,,111,,,,,,,,,,,,,,1,,,,,1,1,1,,,,,,,,,,,,,,,1,2,544500505,,
5,52,245,1,6,1,339.1696,"01",1,,,,5,,,,1,,,,,1,,,,,,,1,,,,,,,,,,,,,1,1,1,1,,,,,,,,,,,,,,2,2,544500605,,
5,52,245,1,7,1,339.1696,"01",1,,,,5,,,,1,,,,,,111,,,,,,,,,,,,,,,,1,,,1,1,1,,,,,,,1,,,,,,,,2,1,544500705,,
5,52,245,1,8,1,339.1696,"01",1,,,,4,,1,,1,,,,1,,,,,,,,,,,,,1,,,,,,,,1,1,1,1,,,1,,,,,,,,,,,2,1,544500805,,
5,52,245,1,9,1,339.1696,"02",1,,,,5,,1,1,,,,,1,,,,,1,,,,,,,,1,,,,,,,,1,1,1,1,,,,,,,,,,,,,,3,1,544500905,,
5,52,245,1,10,1,339.1696,"01",1,,,,5,,1,,,,,,,1,,,,1,,,,,,,,,,,,,,,,1,1,1,1,,,1,,,,,,,,,,,3,1,544501005,,
5,52,245,1,11,1,339.1696,"01",1,,,,5,,1,,,,,,1,,,,,1,,,,,,,,,,,,,,,,1,1,1,1,,,,,,,,,,,,,,2,2,544501105,,
5,52,245,1,12,1,339.1696,"01",1,,,,5,,1,,,,,,,,111,,,1,,,,,,,,,1,,1,,,,,1,1,1,1,,,1,,,1,,,,,,,,3,1,544501205,,
5,52,245,1,13,1,18.1200197260274,"01",11,,,,5,,,,,111,,,,,111,,,,,,,,,,,,,,,,1,,,0,,,,,,,,,,,,,,,,,3,2,544501305,,
5,52,245,1,14,1,339.1696,"02",1,,,,5,,1,,,,,,,,111,,,1,,,,,,,,,,,,,,,,1,1,1,,,,1,,,1,,,,,,,,2,2,544501405,,
5,52,245,1,15,1,339.1696,"01",1,,,,5,,1,,,,,,,,111,,,1,,,,,,,,,,,,,,,,0,,,,,,,,,,,,,,,,,3,1,544501505,,
5,52,245,1,16,1,339.1696,"01",1,,,,5,,1,,,,,,,,111,,,1,,,,,,,,,,,,,,,,1,1,1,1,,,1,,,,,,,,,,,2,2,544501605,,
5,52,245,1,17,1,339.1696,"02",1,,,,5,,,,,111,,,,,111,,,,,,,,,,,,,,,,1,,,1,1,1,1,,,,,,,,,,,,,,2,2,544501705,,
5,52,245,1,18,1,339.1696,"03",1,,,,4,,1,,,,,,,,111,,,1,,,,,,,,,,,,,,,,1,1,1,1,,,1,,,,,,,,,,,3,1,544501805,,
5,52,246,2,1,1,392.274947368421,"01",9,,0,0,5,,,,,111,,,,1,,,,,,,1,,,,,,,,,,,,,1,1,1,1,,,,,,,,,1,,,,1,3,1,544600105,,
5,52,246,2,2,1,392.274947368421,"02",13,8,0,0,1,,,,,111,,,,,111,,,,,,,,,,,,,,,,1,,,0,,,,,,,,,,,,,,,,2,3,1,544600205,,
5,52,246,2,3,1,392.274947368421,"01",9,,2,1,1,,,,,111,,,,,111,,,,,,,,,,,,,,,,1,,,1,0,,,,,,,,,,,,,,,2,3,1,544600305,,
5,52,246,2,4,1,2484.408,"01",1,,0,0,1,,,,,111,,,,,111,,,,,,,,,,,,,,1,,,,,0,,,,,,,,,,,,,,,,2,1,2,544600405,,
5,52,246,2,5,1,392.274947368421,"01",11,,0,0,1,,,,,111,,,,,111,,,,,,,,,,,,,,,,1,,,0,,,,,,,,,,,,,,,,2,3,2,544600505,,
5,52,246,2,6,1,392.274947368421,"02",11,,0,0,1,,,,,111,,,,,111,,,,,,,,,,,,,,,,1,,,0,,,,,,,,,,,,,,,,1,1,1,544600605,,
5,52,246,2,7,1,392.274947368421,"02",11,,0,0,1,,,,,111,,,,,111,,,,,,,,,,,,,,1,,,,,1,1,1,1,,,,,,,,,,,,,2,2,1,544600705,,
5,52,246,2,8,1,392.274947368421,"02",11,,0,0,1,,,,,111,,,,,111,,,,,,,,,,,,,,1,,,,,1,1,1,1,,,,,,,,,,,,,2,2,1,544600805,,
5,52,246,2,9,1,392.274947368421,"01",11,,0,0,1,,,,,111,,,,1,,,,,,,,,,,,,,,,,1,,,1,1,1,1,,,,,,,,,,,,,2,3,2,544600905,,
5,52,246,2,10,1,392.274947368421,"02",9,,0,0,1,,,,,111,,,,,111,,,,,,,,,,,,,,,,1,,,1,0,,,,,,,,,,,,,,,2,2,1,544601005,,
5,52,246,2,11,1,2484.408,"01",1,,0,1,5,,,,1,,,,1,,,,,,,,1,,,,,,,,,,,,,1,0,,,,,,,,,,,,,,,2,3,1,544601105,,
5,52,246,2,12,1,2484.408,"01",1,,0,1,1,,1,,,,,,,1,,,,,,,,,,,,,,,,,1,,,1,1,1,1,,,,,,,,,,,,,1,3,1,544601205,,
5,52,246,2,13,1,2484.408,"02",1,,0,1,1,,,,,111,,,,,111,,,,,,,,,,,,,,,,1,,,0,,,,,,,,,,,,,,,,1,3,1,544601305,,
5,52,246,2,14,1,2484.408,"02",1,,0,0,1,,,,1,,,,1,,,,,,,,1,,,,,,,,,,,,,1,1,1,,,,,,,,,,,,,,2,3,1,544601405,,
5,52,246,2,15,1,2484.408,"01",1,,0,0,1,,,1,,,,,1,,,,,,1,,1,,,,,,,,1,,,,,1,1,1,1,,,,,,1,,,,,,,1,2,1,544601505,,
5,52,246,2,16,1,2484.408,"02",1,,0,1,5,,1,,,,,,1,,,,,1,,,,,,,,,,,,,,,,1,0,,,,,,,,,,,,,,,2,3,1,544601605,,
5,52,246,2,17,1,2484.408,"01",1,,0,1,5,,,,1,,,,,,111,,,,,,,,,,,1,,,,,,,,0,,,,,,,,,,,,,,,,1,2,1,544601705,,
5,52,246,2,18,1,2484.408,"02",1,,1,0,5,,1,,,,,,1,,,,,1,,,,,,,,,,,,,,,,1,1,1,1,,,1,,,,,,,,,,2,3,1,544601805,,
5,52,247,1,1,1,184.7471,"01",1,,,,5,,1,,,,,,1,,,,,1,,,,,,,,,,,,,,,,1,1,1,1,,,,,,,,,,1,,,,3,1,544700105,,
5,52,247,1,2,1,184.7471,"01",1,,,,5,,1,,,,,,,,111,,,1,,,,,,,,,,,,,,,,1,1,1,1,,,1,1,,,,,,,,,,2,1,544700205,,
5,52,247,1,3,1,184.7471,"01",1,,,,5,,,,,111,,,,1,,,,,,,1,,,,,,,,,,,,,1,1,1,1,,,,,,,,,,,,,,2,1,544700305,,
5,52,247,1,4,1,184.7471,"03",1,,,,5,,,,1,,,,,,111,,,,,,,,,,,,,,1,,,,,1,1,1,1,,,,,,,,,,,,,,2,1,544700405,,
5,52,247,1,5,1,70.5821635756677,"01",9,,,,5,,,,,111,,,,,111,,,,,,,,,,,,,,,,1,,,1,1,1,1,,,,,,,,,,,,,,2,1,544700505,,
5,52,247,1,6,1,70.5821635756677,"01",9,,,,1,,,,,111,,,,1,,,,,,,1,,,,,,,,,,,,,1,1,1,1,,,,,,,,,,,,,,2,1,544700605,,
5,52,247,1,7,1,70.5821635756677,"01",9,,,,1,,1,,,,,,,1,,,,1,,,,,,,,,,,,,,,,1,1,1,1,,,,,,,,,,,,,,2,1,544700705,,
5,52,247,1,8,1,70.5821635756677,"01",11,,,,5,,,,,111,,,,,111,,,,,,,,,,,,,,,,1,,,1,1,1,1,,,,,,,,,,,,,,2,1,544700805,,
5,52,247,1,9,1,70.5821635756677,"01",11,,,,5,,1,,,,,,,,111,,,1,,,,,,,,,,,,,,,,1,1,1,1,,,,,,,,,,,,,,2,1,544700905,,
5,52,247,1,10,1,184.7471,"01",1,,,,5,,,,,111,,,,,111,,,,,,,,,,,,,,,,1,,,1,1,1,,,,,,,,,,,,,,,2,2,544701005,,
5,52,247,1,11,1,184.7471,"02",1,,,,4,,1,,,,,,,,111,,,1,,,,,,,,,,,,,,,,1,1,1,1,,,1,,,,,,,,,,,3,1,544701105,,
5,52,247,1,12,1,184.7471,"01",1,,,,5,,1,,,,,,1,,,,,1,,,,,,,,,,,,,,,,1,1,1,1,,,,,,,,,,,,,,3,1,544701205,,
5,52,247,1,13,1,70.5821635756677,"01",9,,,,5,,1,,1,,,,,,111,,,,,1,,,,,,,,,,,,,,1,1,1,1,,,,,,,,,,,,,,2,2,544701305,,
5,52,247,1,14,1,184.7471,"02",1,,,,5,,,,,111,,,,,111,,,,,,,,,,,,,,,,1,,,1,1,1,1,,,1,,,,,,,,,,,2,2,544701405,,
5,52,247,1,15,1,70.5821635756677,"02",5,,,,5,,1,,,,,,1,,,,,1,,1,,,,,,,,,,,,,,1,1,1,1,,,,,,,,,,,,,,2,1,544701505,,
5,52,247,1,16,1,184.7471,"02",1,,,,5,,,,,111,,,,,111,,,,,,,,,,,,,,,,1,,,1,1,1,1,,,1,,,,,,,,,,,3,2,544701605,,
5,52,247,1,17,1,70.5821635756677,"01",11,,,,5,,,,1,,,,,,111,,,,,,,,,,,,,,,,1,,,1,1,1,1,,,,,,,,,,,,,,2,1,544701705,,
5,52,247,1,18,1,184.7471,"02",1,,,,5,,1,,,,,,1,,,,,1,,,,,,,,,,,,,,,,1,1,1,1,,,,,,1,,,,,,,,3,1,544701805,,
5,52,248,2,1,1,1727.22825,"01",11,,0,0,5,,,,1,,,,1,,,,,,,,,,,,,,,,,,,555,2,0,,,,,,,,,,,,,,,,2,2,1,544800105,,
5,52,248,2,2,1,1727.22825,"01",11,,0,1,1,,,,,111,,,,1,,,,,,,,,,,,,,,,,1,,,1,1,1,,,,,,,,,,,,,,2,2,1,544800205,,
5,52,248,2,3,1,1465.527,"02",1,,0,0,1,,,,,111,,,,,111,,,,,,,,,,,,,,,,1,,,1,1,1,1,,,,,,,,,,,,,2,3,1,544800305,,
5,52,248,2,4,1,1727.22825,"01",9,,0,0,5,,,,,111,,,,1,,,,,,,,,,,,,,,,,1,,,0,,,,,,,,,,,,,,,,2,3,1,544800405,,
5,52,248,2,5,1,1727.22825,"01",9,,0,1,1,,,,,111,,,,,111,,,,,,,,,,,,,,,,1,,,0,,,,,,,,,,,,,,,,2,3,1,544800505,,
5,52,248,2,6,1,1727.22825,"01",9,,0,1,1,,,,,111,,,,,111,,,,,,,,,,,,,,,,1,,,1,1,1,1,,,,,,,,,,,,,2,2,1,544800605,,
5,52,248,2,7,1,1465.527,"01",1,,1,0,5,,,,1,,,,1,,,,,,,,1,,,,,,,,,,,,,1,1,1,1,,,1,,,,,,,,,,1,3,1,544800705,,
5,52,248,2,8,1,1727.22825,"02",9,,0,1,5,,,,,111,,,1,,,,,,,,1,,,,,,,,1,,,,,1,1,1,1,,,,,,,,,,,,,2,3,1,544800805,,
5,52,248,2,9,1,1727.22825,"01",11,,1,1,1,,1,,,,,,1,,,,,1,,,,,,,,,,,,,,,,1,1,1,1,,,,,,,,,,,,,2,2,1,544800905,,
5,52,248,2,10,1,1727.22825,"01",11,,0,1,1,,,,,111,,,1,,,,,,,,1,,,,,,,,,,,,,1,1,1,1,,,,,,,,,,,,,2,2,1,544801005,,
5,52,248,2,11,1,1465.527,"01",1,,0,1,1,,,,,111,,,1,,,,,,,,,,,,,,,,,,1,,,1,1,1,,,,,,,,,,,,,,2,3,1,544801105,,
5,52,248,2,12,1,1727.22825,"01",11,,0,1,1,,,,,111,,,,1,,,,,,,,,,,,,,,,,1,,,0,,,,,,,,,,,,,,,,2,3,1,544801205,,
5,52,248,2,13,1,1465.527,"01",1,,2,1,5,,,,1,,,,1,,,,,,,,,,,,,1,,,,,,,,1,1,1,1,,,1,,,,,,,,,,2,3,1,544801305,,
5,52,248,2,14,1,1465.527,"01",1,,0,0,1,,,,,111,,,,,111,,,,,,,,,,,,,,,,1,,,0,,,,,,,,,,,,,,,,2,3,1,544801405,,
5,52,248,2,15,1,1465.527,"01",1,,0,0,1,,,,1,,,,,1,,,,,,,,,,,,1,,,,,,,,1,1,1,1,,,,,,,,,,,,,2,3,1,544801505,,
5,52,248,2,16,1,1465.527,"01",1,,1,0,1,,,,,111,,,,,111,,,,,,,,,,,,,,,,1,,,1,1,1,1,,,,,,,,,,,,,1,3,1,544801605,,
5,52,248,2,17,1,1465.527,"01",1,,0,0,1,,,,,111,,,,,111,,,,,,,,,,,,,,,,1,,,1,1,1,1,,,,,,,,,,,,,2,2,2,544801705,,
5,52,248,2,18,1,1465.527,"02",1,,1,1,5,,1,,,,,,,,111,,,1,,,,,,,,,1,,1,,,,,1,1,1,1,,,1,,,1,,,,,,,2,3,1,544801805,,
5,52,249,1,1,1,112.3928,"01",1,,,,5,,1,,,,,,,,111,,,1,,,,,,,,,,,,,,,,1,1,1,,,,1,,,,,,,,,,,3,1,544900105,,
5,52,249,1,2,1,112.3928,"02",1,,,,4,,1,,,,,,,,111,,,,,,,,,,,,,,,,1,,,1,1,1,,,,1,,,,,,,,,,,3,1,544900205,,
5,52,249,1,3,1,112.3928,"01",1,,,,5,,1,,,,,,,,111,,,,,,,,,,,,,,1,,,,,1,1,1,1,,,1,,,1,,,,,,,,3,2,544900305,,
5,52,249,1,4,1,112.3928,"01",1,,,,5,,1,,,,,,1,,,,,,,,,,,,,,,,,,1,,,1,1,1,1,,,1,,,,,,,,,,,2,2,544900405,,
5,52,249,1,5,1,112.3928,"01",1,,,,4,,1,,,,,,,,111,,,1,,,,,,,,,,,,,,,,1,1,1,1,,,1,1,,,,,,,,,,3,1,544900505,,
5,52,249,1,6,1,112.3928,"02",1,,,,5,,1,,,,,,1,,,,,1,,,,,,,,,,,,,,,,1,1,1,1,,,1,1,,,,,,,,,,3,2,544900605,,
5,52,249,1,7,1,112.3928,"02",1,,,,5,,,,1,,,,1,,,,,,,,1,,,,,,,,,,,,,1,1,1,,,,1,,,1,,,,,,,,3,1,544900705,,
5,52,249,1,8,1,112.3928,"01",1,,,,5,,1,,,,,,,,111,,,1,,,,,,,,,,,,,,,,1,1,1,,,,1,,,,,,,,,,,3,1,544900805,,
5,52,249,1,9,1,112.3928,"02",1,,,,5,,1,,,,,,,,111,,,1,,,,,,,,,,,,,,,,1,1,1,1,,,1,1,,1,,,,,,,,3,2,544900905,,
5,52,249,1,10,1,112.3928,"01",1,,,,5,,,,,111,,,,,111,,,,,,,,,,,,,,1,,,,,1,1,1,1,,,1,,,1,,,,,,,,3,1,544901005,,
5,52,249,1,11,1,112.3928,"02",1,,,,5,,1,1,,,,,,,111,,,1,,,,,,,,,1,,1,,,,,1,1,1,1,,,1,,,1,,,,,,,,3,2,544901105,,
5,52,249,1,12,1,112.3928,"02",1,,,,5,,,,,111,,,,,111,,,,,,,,,,,,,,,,1,,,1,1,1,,,,,,,,,,,,,,,3,1,544901205,,
5,52,249,1,13,1,112.3928,"01",1,,,,4,,1,,,,,,1,,,,,1,,,1,,,,,,1,,1,,,,,1,1,1,1,,,1,1,,1,,,,,,,,3,1,544901305,,
5,52,249,1,14,1,112.3928,"01",1,,,,4,,1,,,,,,,,111,,,1,,,,,,,,,,,,,,,,1,1,1,1,,,,1,,,,,,,,,,3,1,544901405,,
5,52,249,1,15,1,112.3928,"02",1,,,,4,,1,,,,,,,,111,,,1,,,,,,,,,,,,,,,,1,1,1,1,,,1,1,,,,,,,,,,3,1,544901505,,
5,52,249,1,16,1,112.3928,"02",1,,,,5,,1,,,,,,1,,,,,1,,,1,,,,,,1,,1,,,,,1,1,1,1,,,1,,,1,,,,,,,,3,2,544901605,,
5,52,249,1,17,1,112.3928,"01",1,,,,5,,,,,111,,,,,111,,,,,,,,,,,,,,,,1,,,1,1,1,1,,,,,,,,,,,,,,2,2,544901705,,
5,52,249,1,18,1,112.3928,"01",1,,,,5,,1,,,,,,,,111,,,,,,,,,,,,,,1,,,,,1,1,1,1,,,,,,1,,,,,,,,2,2,544901805,,
5,52,250,2,1,1,1069.161,"01",9,,0,1,1,,1,,,,,,1,,,,,,,,1,,,,,,,,1,,,,,1,1,1,1,,,,,,,,,,,,,1,2,1,545000105,,
5,52,250,2,2,1,1069.161,"01",11,,0,1,1,,,,,111,,,,,111,,,,,,,,,,,,,,1,,,,,0,,,,,,,,,,,,,,,,2,2,1,545000205,,
5,52,250,2,3,1,1069.161,"01",9,,0,0,1,,,,,111,,,,,111,,,,,,,,,,,,,,,,1,,,1,1,1,1,,,,,,,,,,,,,2,2,1,545000305,,
5,52,250,2,4,1,1069.161,"01",5,,0,1,1,,,,,111,,,1,,,,,,,,1,,,,,,,,,,,,,1,1,1,,,,,,,1,,,,,,,2,2,1,545000405,,
5,52,250,2,5,1,1069.161,"01",9,,0,0,1,,,,,111,,,,,111,,,,,,,,,,,,,,,,1,,,1,1,1,1,,,,,,,,,,,,,2,2,1,545000505,,
5,52,250,2,6,1,1069.161,"01",9,,0,1,5,,,,,111,,,,,111,,,,,,,,,,,,,,,,1,,,1,1,1,1,,,,,,,,,,,,,2,2,1,545000605,,
5,52,250,2,7,1,1069.161,"02",5,,0,1,5,,,,,111,,,1,,,,,,,,1,,,,,,,,,,,,,1,1,1,,,,,,,1,,,,,,,2,3,1,545000705,,
5,52,250,2,8,1,1069.161,"01",9,,0,1,5,,,,,111,,,,,111,,,,,,,,,,,,1,,1,,,,,1,1,1,1,,,,,,,,,,,,,1,2,1,545000805,,
5,52,250,2,9,1,1069.161,"02",6,,0,1,5,,,,1,,,,1,,,,,,,,1,,,,,,,,,,,,,1,0,,,,,,,,,,,,,,,2,3,1,545000905,,
5,52,250,2,10,1,1069.161,"01",5,,0,1,1,,,,,111,,,1,,,,,,,,1,,,,,,,,,,,,,1,1,1,,,,,,,1,,,,,,,2,3,1,545001005,,
5,52,250,2,11,1,1069.161,"02",9,,0,1,1,,,,,111,,,1,,,,,,,,1,,,,,,,,1,,,,,0,,,,,,,,,,,,,,,,2,2,1,545001105,,
5,52,250,2,12,1,1069.161,"01",11,,0,0,1,,,,,111,,,,,111,,,,,,,,,,,,,,,,1,,,0,,,,,,,,,,,,,,,,2,1,1,545001205,,
5,52,250,2,13,1,1069.161,"01",6,,0,1,5,,,,1,,,,1,,,,,,,,,,,,,1,,,,,,,,1,1,1,,,,,,,,,,,,,,2,2,1,545001305,,
5,52,250,2,14,1,1069.161,"02",9,,0,1,1,,,,,111,,,1,,,,,,,,1,,,,,,,,1,,,,,1,1,1,1,,,,,,,,,,,,,1,1,1,545001405,,
5,52,250,2,15,1,1069.161,"01",9,,0,1,1,,,,,111,,,,1,,,,,,,,,,,,,,,,,1,,,1,1,1,1,,,,,,,,,,,,,2,2,1,545001505,,
5,52,250,2,16,1,1069.161,"01",9,,0,1,5,,,,,111,,,,,111,,,,,,,,,,,,,,,,1,,,1,1,1,1,,,,,,,,,,,,,2,2,1,545001605,,
5,52,250,2,17,1,1069.161,"01",9,,0,1,5,,,,1,,,,,1,,,,,,,,,,,,,,,,,1,,,1,1,1,1,,,,,,,,,,,,,2,2,1,545001705,,
5,52,250,2,18,1,1069.161,"01",9,,0,1,1,,,,,111,,,1,,,,,,,,1,,,,,,,,,,,,,0,,,,,,,,,,,,,,,,2,3,1,545001805,,
5,52,251,1,1,1,219.926676666667,"02",11,,,,1,,1,,,,,,1,,,,,1,,,,,,,,,,,,,,,,1,1,1,1,,,,,,,,,,,,,,2,1,545100105,,
5,52,251,1,2,1,219.926676666667,"02",11,,,,1,,,,,111,,,,,111,,,,,,,,,,,,,,,,1,,,1,1,1,1,,,,,,,,,,,,,,2,1,545100205,,
5,52,251,1,3,1,145.0066,"01",1,,,,5,,1,,,,,,,,111,,,,,,,,,,,,,,,,1,,,1,1,1,1,,,1,,,,,,,,,,,3,1,545100305,,
5,52,251,1,4,1,145.0066,"01",1,,,,5,,,1,,,,,,,111,,,,,,,,,,,1,,,,,,,,1,1,1,1,,,1,,,,,,,,,,,2,1,545100405,,
5,52,251,1,5,1,219.926676666667,"01",11,,,,5,,,,,111,,,,,111,,,,,,,,,,,,,,,,1,,,1,1,1,,,,,,,,,,,,,,,2,1,545100505,,
5,52,251,1,6,1,219.926676666667,"01",11,,,,1,,,,,111,,,1,,,,,,,,1,,,,,,,,,,,,,1,0,,,,,,,,,,,,,,,,2,2,545100605,,
5,52,251,1,7,1,145.0066,"01",1,,,,1,,,,1,,,,1,,,,,,,,1,,,,,,,,,,,,,0,,,,,,,,,,,,,,,,,2,1,545100705,,
5,52,251,1,8,1,145.0066,"02",1,,,,5,,1,,,,,,1,,,,,1,,,,,,,,,,,,,,,,1,1,1,1,,,,,,,,,,,,,,2,1,545100805,,
5,52,251,1,9,1,219.926676666667,"02",9,,,,5,,,,,111,,,,,111,,,,,,,,,,,,,,,,1,,,1,0,,,,,,,,,,,,,,,,3,1,545100905,,
5,52,251,1,10,1,219.926676666667,"02",9,,,,1,,,,,111,,,,,111,,,,,,,,,,,,,,,,1,,,1,1,1,1,,,,,,,,,,,,,,2,1,545101005,,
5,52,251,1,11,1,145.0066,"01",1,,,,5,,1,,,,,,,,,555,3,,,,,,,,,,,,,,1,,,1,1,1,1,,,1,,,1,,,,,,,,3,2,545101105,,
5,52,251,1,12,1,219.926676666667,"01",9,,,,5,,,,,111,,,,,111,,,,,,,,,,,,,,,,1,,,1,1,1,,,,,,,,,,,,,,,1,1,545101205,,
5,52,251,1,13,1,219.926676666667,"01",9,,,,1,,1,,,,,,,1,,,,,,,,,,,,,,,,,1,,,1,1,1,,,,,,,,,,,,,,,2,1,545101305,,
5,52,251,1,14,1,145.0066,"02",1,,,,5,,,,,111,,,,1,,,,,,,1,,,,,,,,,,,,,1,0,,,,,,,,,,,,,,,,2,1,545101405,,
5,52,251,1,15,1,219.926676666667,"02",11,,,,1,,,,,111,,,,,111,,,,,,,,,,,,,,,,1,,,1,0,,,,,,,,,,,,,,,,3,1,545101505,,
5,52,251,1,16,1,219.926676666667,"01",11,,,,1,,,,,111,,,,,111,,,,,,,,,,,,,,,,1,,,0,,,,,,,,,,,,,,,,,1,2,545101605,,
5,52,251,1,17,1,219.926676666667,"02",11,,,,5,,,,,111,,,,,111,,,,,,,,,,,,,,,,1,,,1,1,1,1,,,,,,,,,,,,,,3,2,545101705,,
5,52,251,1,18,1,145.0066,"02",1,,,,5,,,,,111,,,,,111,,,,,,,,,,,,,,,,1,,,1,1,1,1,,,,,,,,,,,,,,2,1,545101805,,
5,52,252,1,1,1,118.8867,"01",1,,,,5,,,1,,,,,,1,,,,,,,1,,,,,,,,,,,,,1,1,1,1,,,1,,,,,,,,,,,3,1,545200105,,
5,52,252,1,2,1,73.2140102316602,"03",9,,,,1,,,,,111,,,1,,111,,,,,,1,,,,,,,,1,,,,,1,1,1,1,,,,,,1,,,,,,,,3,1,545200205,,
5,52,252,1,3,1,118.8867,"01",1,,,,5,,,,,111,,,,,111,,,,,,,,,,,,,,,,1,,,1,1,1,1,,,,,,,,,,,,,,2,2,545200305,,
5,52,252,1,4,1,118.8867,"01",1,,,,5,,,,,111,,,1,,,,,,,,,,,,,,,,,,1,,,1,1,1,,,,,,,,,,,,,,,1,4,545200405,,
5,52,252,1,5,1,118.8867,"01",1,,,,5,,,,1,,,,1,,,,,,,,1,,,,,1,,,,,,,,1,1,1,,,,,,,,,,,,,,,3,1,545200505,,
5,52,252,1,6,1,118.8867,"01",1,,,,5,,,,1,,,,,,111,,,,,,,,,,,1,,,,,,,,1,1,1,1,,,1,,,,,,,,,,,3,1,545200605,,
5,52,252,1,7,1,73.2140102316602,"01",11,,,,6,,,1,,,,,,,111,,,,,,,,,,,,,,,,1,,,1,1,1,1,,,,,,,,,,,,,,1,4,545200705,,
5,52,252,1,8,1,73.2140102316602,"02",11,,,,1,,,,,111,,,1,,,,,,,,1,,,,,,,,,,,,,0,,,,,,,,,,,,,,,,,1,1,545200805,,
5,52,252,1,9,1,73.2140102316602,"01",11,,,,1,,,,,111,,,,,111,,,,,,,,,,,,,,,,1,,,1,1,1,1,,,,,,,,,,,,,,1,1,545200905,,
5,52,252,1,10,1,118.8867,"01",1,,,,5,,,1,,,,,,,111,,,,,,,,,,,,1,,1,,,,,1,1,1,1,,,1,,,1,,,,,,,,1,1,545201005,,
5,52,252,1,11,1,118.8867,"01",1,,,,5,,,,,111,,,,,111,,,,,,,,,,,,1,,1,,,,,1,1,1,1,,,1,,,1,,,,,,,,2,1,545201105,,
5,52,252,1,12,1,73.2140102316602,"01",7,,,,5,,,,,111,,,,,111,,,,,,,,,,,,,,,,1,,,0,,,,,,,,,,,,,,,,,2,4,545201205,,
5,52,252,1,13,1,118.8867,"01",1,,,,5,,1,,,,,,1,,,,,1,,,,,,,,,,,,,,,,1,1,1,1,,,1,1,,,,,,,,,,2,1,545201305,,
5,52,252,1,14,1,118.8867,"01",1,,,,5,,,,1,,,,1,,,,,,,,1,,,,,1,,,,,,,,1,1,1,,,,1,,,1,,,,,,,,2,1,545201405,,
5,52,252,1,15,1,73.2140102316602,"01",11,,,,5,,,,1,,,,,1,,,,,,,,,,,,,,,1,,,,,1,1,1,1,,,,,,,,,,,,,,2,2,545201505,,
5,52,252,1,16,1,73.2140102316602,"01",9,,,,5,,,,,111,,,,,111,,,,,,,,,,,,,,1,,,,,1,1,1,,,,,,,,,,,,,,,2,1,545201605,,
5,52,252,1,17,1,118.8867,"01",1,,,,1,,,,1,,,,1,,,,,,,,,,,,,1,,,,,,,,1,1,1,1,,,1,,,,,,,,,,,2,1,545201705,,
5,52,252,1,19,1,118.8867,"01",1,,,,5,,,1,,111,,,,,,,,,,,,,,,,1,,,,,,,,1,1,1,1,,,,,,1,,,,,,,,3,1,545201905,,
5,53,253,2,1,3,16.8411008888889,"01",11,,0,0,1,,,,1,,,,,1,,,,,,,1,,,,,,,,,,,,,1,1,1,,,,,,,,,,,,,,2,2,1,555300105,,
5,53,253,2,2,3,16.8411008888889,"02",9,,0,0,1,,1,,1,,,,,,111,,,,,,,,,,,,,,,,1,,,1,1,1,1,,,,,,,,,,,,,2,2,1,555300205,,
5,53,253,2,3,3,16.8411008888889,"01",11,,0,0,1,,,,1,,,,,,111,,,,,,,,,,,1,,,,,,,,1,1,1,,,,,,,,,,,,,,1,2,1,555300305,,
5,53,253,2,4,3,16.8411008888889,"01",9,,0,0,1,,,,,111,,,,,,,,,,,,,,,,,,,,,,,,1,1,1,1,,,,,,,,,,,,,2,1,1,555300405,,
5,53,253,2,5,3,16.8411008888889,"01",11,,0,0,1,,,,,111,,,,,111,,,,,,,,,,,,,,,,1,,,0,,,,,,,,,,,,,,,,1,2,1,555300505,,
5,53,253,2,6,3,16.8411008888889,"01",11,,0,0,1,,,,,111,,,,,111,,,,,,,,,,,,,,,,1,,,0,,,,,,,,,,,,,,,,1,2,1,555300605,,
5,53,253,2,7,3,16.8411008888889,"01",9,,0,0,1,,,,,111,,,,1,,,,,,,1,,,,,,,,,,,,,0,,,,,,,,,,,,,,,,1,2,1,555300705,,
5,53,253,2,8,3,16.8411008888889,"01",9,,0,0,1,,,,,111,,,,,111,,,,,,,,,,,,,,,,1,,,1,0,,,,,,,,,,,,,,,2,2,1,555300805,,
5,53,253,2,9,3,16.8411008888889,"01",11,,0,0,1,,,,,111,,,1,,,,,,,,1,,,,,,,,,,,,,0,,,,,,,,,,,,,,,,2,2,1,555300905,,
5,53,253,2,10,3,54.13211,"01",1,,0,0,1,,,,,111,,,1,,,,,,,,1,,,,,,,,,,,,,1,0,,,,,,,,,,,,,,,2,1,1,555301005,,
5,53,253,2,11,3,54.13211,"01",1,,0,0,1,,,,,111,,,1,,,,,,,,1,,,,,,,,,,,,,1,0,,,,,,,,,,,,,,,2,2,1,555301105,,
5,53,253,2,12,3,16.8411008888889,"01",11,,0,0,1,,,,,111,,,,,111,,,,,,,,,,,,,,,,1,,,0,,,,,,,,,,,,,,,,1,2,1,555301205,,
5,53,253,2,13,3,54.13211,"01",1,,0,0,1,,,,,111,,,,,111,,,,,,,,,,,,,,,,1,,,0,,,,,,,,,,,,,,,,2,1,1,555301305,,
5,53,253,2,14,3,16.8411008888889,"01",9,,0,0,5,,,,1,,,,,,111,,,,,,,,,,,,,,,,1,,,1,0,,,,,,,,,,,,,,,2,1,1,555301405,,
5,53,253,2,15,3,16.8411008888889,"01",11,,0,0,1,,,,,111,,,,,111,,,,,,,,,,,,,,,,1,,,0,,,,,,,,,,,,,,,,2,1,4,555301505,,
5,53,253,2,16,3,16.8411008888889,"01",9,,0,0,1,,,1,,,,,1,,,,,,,,,,,,,1,,,,,,,,1,1,1,1,,,,,,,,,,,,,2,2,1,555301605,,
5,53,253,2,17,3,16.8411008888889,"01",11,,0,0,1,,,,1,,,,1,,,,,,,,1,,,,,,,,,,,,,1,0,,,,,,,,,,,,,,,1,2,1,555301705,,
5,53,253,2,18,3,16.8411008888889,"02",11,,0,0,1,,,,,111,,,1,,,,,,,,1,,,,,,,,,,,,,1,0,,,,,,,,,,,,,,,2,2,1,555301805,,
5,53,254,2,1,3,17.5170951871658,"02",9,,0,0,1,,,,,111,,,,,111,,,,,,,,,,,,,,1,,,,,1,1,1,1,,,,,,,,,,,,,2,1,1,555400105,,
5,53,254,2,2,3,17.5170951871658,"02",11,,0,0,1,,,,1,,,,1,,,,,,,,1,,,,,,,,,,,,,1,1,1,1,,,,,,,,,,,,,2,2,1,555400205,,
5,53,254,2,3,3,927.084,"02",1,,0,0,5,,,,1,,,,,,111,,,,,,,,,,,1,,,,,,,,1,1,1,1,,,,,,1,,,,,,,2,3,1,555400305,,
5,53,254,2,4,3,17.5170951871658,"01",9,,0,0,1,,,,,111,,,1,,,,,,,,1,,,,,,,,1,,,,,1,1,1,1,,,,,,1,,,,,,,2,2,1,555400405,,
5,53,254,2,5,3,17.5170951871658,"01",11,,0,0,1,,,,,111,,,,,111,,,,,,,,,,,,,,1,,,,,1,1,1,1,,,,,,,,,,,,,1,2,1,555400505,,
5,53,254,2,6,3,17.5170951871658,"02",11,,0,0,1,,,,,111,,,,,111,,,,,,,,,,,,,,,,1,,,0,,,,,,,,,,,,,,,,2,1,1,555400605,,
5,53,254,2,7,3,17.5170951871658,"01",9,,0,0,1,,,,,111,,,,,111,,,,,,,,,,,,,,,,1,,,0,,,,,,,,,,,,,,,,2,2,1,555400705,,
5,53,254,2,8,3,17.5170951871658,"01",11,,0,0,1,,,,1,,,,1,,,,,,,,1,,,,,,,,,,,,,1,0,,,,,,,,,,,,,,,2,2,1,555400805,,
5,53,254,2,9,3,17.5170951871658,"01",9,,0,0,1,,,,1,,,,,,111,,,,,,,,,,,1,,,,,,,,1,1,1,,,,,,,,,,,,,,2,1,1,555400905,,
5,53,254,2,10,3,17.5170951871658,"01",11,,0,0,1,,,,,111,,,,,111,,,,,,,,,,,,,,,,1,,,1,1,1,1,,,,,,,,,,,,,1,2,1,555401005,,
5,53,254,2,11,3,17.5170951871658,"01",8,,0,1,1,,,,,,,,,,111,,,,,,,,,,,,,,,,1,,,0,,,,,,,,,,,,,,,,1,2,1,555401105,,
5,53,254,2,12,3,17.5170951871658,"01",11,,0,1,1,,,,,111,,,,1,,,,,,,1,,,,,,,,,,,,,1,1,1,1,,,,,,,,,1,,,,2,2,1,555401205,,
5,53,254,2,13,3,17.5170951871658,"03",11,,0,0,1,,,,,111,,,1,,,,,,,,1,,,,,,,,,,,,,1,1,1,1,,,,,,,,,,,,,2,2,1,555401305,,
5,53,254,2,14,3,17.5170951871658,"01",11,,0,0,1,,,,,111,,,1,,,,,,,,1,,,,,,,,,,,,,1,0,,,,,,,,,,,,,,,1,2,1,555401405,,
5,53,254,2,15,3,17.5170951871658,"01",11,,0,0,1,,,,,111,,,,,111,,,,,,,,,,,,,,,,1,,,0,,,,,,,,,,,,,,,,2,2,1,555401505,,
5,53,254,2,16,3,17.5170951871658,"03",11,,0,0,1,,,,,111,,,,,111,,,,,,,,,,,,,,,,1,,,1,1,1,1,,,,,,,,,,,,,2,2,1,555401605,,
5,53,254,2,17,3,17.5170951871658,"01",13,8,0,0,1,,1,,,,,,,,111,,,,,,,,,,,,,,,,1,,,0,,,,,,,,,,,,,,,,2,2,1,555401705,,
5,53,254,2,18,3,17.5170951871658,"01",8,,0,0,5,,,,1,,,,,1,,,,,,,1,,,,,1,,,,,,,,1,1,1,,,,,,,,,,,,,,2,1,1,555401805,,
5,53,255,2,1,3,108.8744,"03",1,,1,1,5,,,1,,,,,,1,,,,,,,,,,,,1,,,,,,,,1,1,1,,,,1,,,,,,,,,,2,3,1,555500105,,
5,53,255,2,2,3,108.8744,"02",1,,0,0,5,,1,,,,,,,,111,,,1,,,,,,,,,,,,,,,,1,1,1,1,,,,,,,,,1,,,,2,3,1,555500205,,
5,53,255,2,3,3,108.8744,"03",1,,0,0,5,,1,,,,,,1,,,,,1,,,1,,,,,,,,,,,,,1,1,1,1,,,,,,,,,1,,,,2,3,1,555500305,,
5,53,255,2,4,3,108.8744,"01",1,,0,0,5,,1,,,,,,1,,,,,1,,,,,,,,,,,,,,,,1,1,1,1,,,1,,,,,,1,,,,2,3,1,555500405,,
5,53,255,2,5,3,108.8744,"02",1,,0,0,5,,1,,,,,,1,,,,,1,,,,,,,,,,,,,,,,1,1,1,1,,,,,,,,,1,,,,1,3,1,555500505,,
5,53,255,2,6,3,108.8744,"02",1,,1,1,5,,1,,,,,,1,,,,,1,,,,,,,,,,,,,,,,1,1,1,1,,,,,,,,,1,,,,2,2,1,555500605,,
5,53,255,2,7,3,44.9545909677419,"01",9,,0,0,1,,,,,111,,,,,111,,,,,,,,,,,,,,,,1,,,1,0,,,,,,,,,,,,,,,1,2,1,555500705,,
5,53,255,2,8,3,108.8744,"01",1,,0,0,1,,1,,,,,,,,111,,,,,,,,,,,,,,,,1,,,0,,,,,,,,,,,,,,,,2,1,1,555500805,,
5,53,255,2,9,3,108.8744,"01",1,,0,2,1,,1,,,,,,,,111,,,,,,,,,,,,,,,,1,,,1,1,,,,,,,,,,,,,,,2,888,1,555500905,,
5,53,255,2,10,3,44.9545909677419,"02",9,,0,0,1,,,1,,,,,,,111,,,,,,,,,,,1,,,,,,,,1,1,1,,,,,,,,,,,,,,2,3,1,555501005,,
5,53,255,2,11,3,44.9545909677419,"02",11,,0,0,1,,,,,111,,,,,111,,,,,,,,,,,,,,,,1,,,0,,,,,,,,,,,,,,,,2,2,1,555501105,,
5,53,255,2,12,3,44.9545909677419,"01",11,,0,0,1,,,1,,,,,,,111,,,,,,,,,,,1,,,,,,,,1,1,1,,,,,,,,,,,,,,2,3,1,555501205,,
5,53,255,2,13,3,44.9545909677419,"02",11,,0,0,1,,,1,,,,,,,111,,,,,,,,,,,,,,,,1,,,1,1,1,,,,,,,,,,,,,,2,2,1,555501305,,
5,53,255,2,14,3,44.9545909677419,"01",11,,0,0,1,,,,,111,,,,,111,,,,,,,,,,,,,,,,1,,,0,,,,,,,,,,,,,,,,2,1,4,555501405,,
5,53,255,2,15,3,44.9545909677419,"01",11,,0,0,1,,,1,,,,,,,111,,,,,,,,,,,1,,,,,,,,1,1,1,,,,,,,,,,,,,,2,1,1,555501505,,
5,53,255,2,16,3,44.9545909677419,"01",7,,0,0,1,,,,,111,,,,,,555,3,,,,,,,,,,,,,,1,,,0,,,,,,,,,,,,,,,,2,2,1,555501605,,
5,53,255,2,17,3,44.9545909677419,"01",7,,0,0,1,,1,,,,,,,,,555,3,,,,,,,,,,,,,,1,,,1,1,1,1,,,,,,,,,,,,,2,2,1,555501705,,
5,53,255,2,18,3,44.9545909677419,"02",9,,0,0,1,,,,,111,,,,,111,,,,,,,,,,,,1,,,,,,,1,1,1,1,,,,,,,,,,,,,2,3,1,555501805,,
5,53,256,2,1,3,29.970521875,"02",11,,0,0,1,,,,,111,,,,,111,,,,,,,,,,,,,,,,1,,,0,,,,,,,,,,,,,,,,1,3,1,555600105,,
5,53,256,2,2,3,137.0081,"01",1,,1,0,5,,1,1,,,,,1,,,,,,,,,,,,,1,,,,,,,,1,1,1,1,,,1,,,,,,,,,,2,2,1,555600205,,
5,53,256,2,3,3,137.0081,"01",1,,1,0,1,,,1,,,,,,1,,,,,,,,,,,,1,,,,,,,,1,1,1,1,,,1,1,,,,,,,,,2,3,1,555600305,,
5,53,256,2,4,3,29.970521875,"01",11,,0,0,1,,,,,111,,,1,,,,,,,,,,,,,,,,,,1,,,0,,,,,,,,,,,,,,,,2,2,1,555600405,,
5,53,256,2,5,3,29.970521875,"02",11,,0,0,1,,,,,111,,,1,,,,,,,,1,,,,,,,,,,,,,1,1,1,1,,,,,,,,,,,,,1,2,1,555600505,,
5,53,256,2,6,3,137.0081,"01",1,,1,0,5,,,1,,,,,1,,,,,,,,,,,,,1,,1,1,,,,,1,1,1,1,,,1,,,,,,1,,,,2,2,1,555600605,,
5,53,256,2,7,3,137.0081,"01",1,,0,0,5,,1,,,,,,1,,,,,1,,,,,,,,,,,,,,,,1,1,1,,,,,,,,,,,,,,1,2,1,555600705,,
5,53,256,2,8,3,137.0081,"03",1,,0,0,1,,,,,111,,,,1,,,,,,,,,,,,,,,,,1,,,1,1,1,1,,,1,,,,,,,,,,1,2,1,555600805,,
5,53,256,2,9,3,29.970521875,"02",7,,0,0,1,,,,,111,,,1,,,,,,,,1,,,,,,,,,,,,,0,,,,,,,,,,,,,,,,2,2,1,555600905,,
5,53,256,2,10,3,29.970521875,"01",11,,0,0,1,,,1,,,,,,1,,,,,,,,,,,,1,,,,,,,,0,,,,,,,,,,,,,,,,2,2,1,555601005,,
5,53,256,2,11,3,137.0081,"02",1,,0,1,1,,,,,111,,,,1,,,,,,,,,,,,,,,,,1,,,1,1,1,1,,,,,,,,,,,,,1,3,1,555601105,,
5,53,256,2,12,3,29.970521875,"02",9,,0,1,5,,,1,,,,,1,,,,,1,,,,,,,,,,,,,,,,0,,,,,,,,,,,,,,,,1,3,1,555601205,,
5,53,256,2,13,3,137.0081,"02",1,,0,0,5,,,1,,,,,1,,,,,,,,,,,,,1,,,,,,,,1,1,1,1,,,1,,,,,,1,,,,2,2,1,555601305,,
5,53,256,2,14,3,137.0081,"01",1,,0,0,5,,,1,,,,,1,,,,,,1,,,,,,,,,,,,,,,1,1,1,1,,,,,,,,,,,,,2,1,1,555601405,,
5,53,256,2,15,3,137.0081,"01",1,,1,1,5,,,,1,,,,,1,,,,,,,,,,,,,,,,,1,,,1,1,1,1,,,,,,,,,,,,,1,3,1,555601505,,
5,53,256,2,16,3,29.970521875,"01",11,,0,0,1,,,,,111,,,,,111,,,,,,,,,,,,,,,,1,,,0,,,,,,,,,,,,,,,,2,2,1,555601605,,
5,53,256,2,17,3,137.0081,"01",1,,1,1,5,,1,,,,,,1,,,,,1,,,,,,,,,,,,,,,,1,1,1,1,,,1,,,,,,,,,,1,3,1,555601705,,
5,53,256,2,18,3,29.970521875,"01",9,,0,0,1,,,,1,,,,1,,,,,,,1,,,,,,,,,,,,,,1,1,1,,,,,,,,,,1,,,,2,1,1,555601805,,
5,53,257,2,1,3,113.698288,"02",9,,0,1,5,,1,,,,,,,,111,,,,,,,,,,,1,,,,,,,,1,1,1,1,,,,,,,,,,,,,1,2,1,555700105,,
5,53,257,2,2,3,45.22091,"02",1,,1,0,5,,1,1,1,,,,1,1,,,,1,,,,,,,,1,,,,,,,,1,1,1,1,,,1,1,,,,,1,,,,2,3,1,555700205,,
5,53,257,2,3,3,113.698288,"02",11,,0,0,1,,,,,111,,,,,111,,,,,,,,,,,,,,,,1,,,0,,,,,,,,,,,,,,,,2,1,1,555700305,,
5,53,257,2,4,3,45.22091,"03",1,,1,1,4,,1,,,,,,1,,,,,1,,,,,,,,,,,,,,,,1,1,1,1,,,1,1,1,1,,,,,,,2,4,1,555700405,,
5,53,257,2,5,3,113.698288,"01",9,,0,0,1,,1,,,,,,,,111,,,,,,,,,,,,,,,,1,,,1,1,1,1,,,,,,,,,,,,,1,2,1,555700505,,
5,53,257,2,6,3,45.22091,"01",1,,0,0,1,,,,,111,,,,,111,,,,,,,,,,,,,,,,1,,,1,1,1,,,,1,,,,,,,,,,2,2,1,555700605,,
5,53,257,2,7,3,113.698288,"02",11,,0,0,1,,,,,111,,,1,,,,,,,,1,,,,,,,,,,,,,1,1,1,1,,,,,,,,,,,,,2,2,1,555700705,,
5,53,257,2,8,3,45.22091,"01",1,,1,0,5,,,1,,,,,,,111,,,,,,,,,,,1,,,,,,,,1,1,1,,,,1,,,,,,,,,,1,3,1,555700805,,
5,53,257,2,9,3,113.698288,"01",9,,0,0,1,,,,1,,,,,,111,,,,,,,,,,,,,,,,1,,,1,1,1,1,,,,,,,,,,,,,1,2,1,555700905,,
5,53,257,2,10,3,45.22091,"01",1,,1,0,5,,,1,,,,,,,111,,,,,,,,,,,1,,,,,,,,1,1,1,,,,1,,,,,,,,,,1,3,1,555701005,,
5,53,257,2,11,3,45.22091,"01",1,,0,0,5,,,,1,,,,,,111,,,,,1,,,,,,,,,,,,,,1,1,1,1,,,,,,,,,1,,,,2,2,2,555701105,,
5,53,257,2,12,3,113.698288,"02",11,,0,0,1,,,,,111,,,1,,,,,,,,1,,,,,,,,,,,,,1,1,1,1,,,,,,,,,1,,,,1,2,1,555701205,,
5,53,257,2,13,3,113.698288,"02",9,,0,1,5,,,1,,,,,,1,,,,,,,,,,,,1,,,,,,,,1,1,1,1,,,,,,,,,,,,,1,2,1,555701305,,
5,53,257,2,14,3,113.698288,"01",7,,0,0,1,,,1,,,,,,1,,,,,,,,,,,,,,,,,1,,,1,1,1,1,,,,,,,,,,,,,2,2,1,555701405,,
5,53,257,2,15,3,113.698288,"01",11,,0,0,1,,,,,111,,,,,111,,,,,,,,,,,,,,,,1,,,0,,,,,,,,,,,,,,,,2,1,1,555701505,,
5,53,257,2,16,3,113.698288,"01",9,,0,1,1,,,1,,,,,,1,,,,,,,,,,,,1,,,,,,,,0,,,,,,,,,,,,,,,,2,2,1,555701605,,
5,53,257,2,17,3,45.22091,"01",1,,1,1,5,,,,1,,,,1,,,,,,,1,,,,,,,,,,,,,,0,,,,,,,,,,,,,,,,1,3,1,555701705,,
5,53,257,2,18,3,45.22091,"02",1,,0,0,1,,,,,111,,,,,111,,,,,,,,,,,,,,,,1,,,1,1,1,1,,,,,,,,,1,,,,2,2,2,555701805,,
5,53,258,2,1,1,509.332605217391,"01",11,,0,1,1,,,,,111,,,,1,,,,,,,,,,,,,,,,,1,,,1,1,1,1,,,,,,,,,,,,,2,2,1,555800105,,
5,53,258,2,2,1,509.332605217391,"01",13,8,0,0,1,,,1,,,,,,,111,,,,,,,,,,,1,,,,,,,,0,,,,,,,,,,,,,,,,2,1,1,555800205,,
5,53,258,2,3,1,509.332605217391,"01",11,,0,0,1,,,,,111,,,,,111,,,,,,,,,,,,,,,,1,,,1,1,1,1,,,,,,,,,,,,,2,2,1,555800305,,
5,53,258,2,4,1,509.332605217391,"01",11,,0,0,5,,,,,111,,,,1,,,,,,,1,,,,,,,,,,,,,1,1,1,1,,,,,,,,,,,,,2,2,1,555800405,,
5,53,258,2,5,1,509.332605217391,"01",11,,0,1,1,,,1,,,,,,,111,,,,,,,,,,,,,,,,1,,,1,1,1,1,,,,,,,,,,,,,2,888,1,555800505,,
5,53,258,2,6,1,509.332605217391,"02",11,,0,1,1,,,,,111,,,,,,555,3,,,,,,,,,,,,,,1,,,0,,,,,,,,,,,,,,,,1,2,1,555800605,,
5,53,258,2,7,1,509.332605217391,"02",11,,0,0,1,,,,,111,,,,,111,,,,,,,,,,,,,,,,1,,,1,0,,,,,,,,,,,,,,,2,2,1,555800705,,
5,53,258,2,8,1,509.332605217391,"01",11,,0,0,5,,,,,111,,,,,111,,,,,,,,,,,,,,,,1,,,0,,,,,,,,,,,,,,,,2,2,1,555800805,,
5,53,258,2,9,1,509.332605217391,"01",11,,0,1,1,,,,,111,,,,1,,,,,,,,,,,,,,,,,1,,,1,0,,,,,,,,,,,,,,,2,2,1,555800905,,
5,53,258,2,10,1,1978.826,"01",1,,0,1,1,,1,,,,,,,,111,,,1,,,,,,,,,,,,,,,,1,1,1,1,,,1,,1,,,,,,,,2,888,1,555801005,,
5,53,258,2,11,1,509.332605217391,"02",11,,0,0,1,,,,,111,,,,,111,,,,,,,,,,,,,,,,1,,,0,,,,,,,,,,,,,,,,2,888,1,555801105,,
5,53,258,2,12,1,1978.826,"01",1,,0,0,5,,1,,,,,,,,111,,,1,,,,,,,,,,,,,,,,1,1,1,1,,,,,,,,,,,,,1,1,1,555801205,,
5,53,258,2,13,1,1978.826,"01",1,,0,1,1,,1,,,,,,,1,,,,,,,,,,,,1,,,,,,,,1,1,1,1,,,1,,,,,,,,,,1,1,1,555801305,,
5,53,258,2,14,1,1978.826,"01",1,,0,0,5,,,1,,,,,,,111,,,,,,,,,,,,,,,,1,,,1,1,1,1,,,,,,,,,,,,,2,3,1,555801405,,
5,53,258,2,15,1,1978.826,"01",1,,0,0,1,,,,,111,,,,,111,,,,,,,,,,,,,,,,1,,,0,,,,,,,,,,,,,,,,2,2,1,555801505,,
5,53,258,2,16,1,1978.826,"01",1,,1,1,5,,,1,,,,,,1,,,,,,,,,,,,1,,,,,,,,1,1,1,1,,,,,,,,,,,,,1,3,1,555801605,,
5,53,258,2,17,1,1978.826,"01",1,,1,0,5,,,1,,,,,,1,,,,,,,,,,,,1,,,,,,,,1,1,1,1,,,1,,,,,,,,,,2,2,1,555801705,,
5,53,258,2,18,1,1978.826,"01",1,,1,0,5,,,,,111,,,,,111,,,,,,,,,,,,,,,,1,,,1,1,1,1,,,,,,,,,,,,,1,3,1,555801805,,
5,53,259,2,1,3,127.7213,"02",11,,0,0,1,,,,,111,,,,1,,,,,,,1,,,,,,,,,,,,,0,,,,,,,,,,,,,,,,2,2,1,555900105,,
5,53,259,2,2,3,127.7213,"02",11,,0,0,1,,,,,111,,,,1,,,,,,,1,,,,,,,,,,,,,0,,,,,,,,,,,,,,,,2,3,1,555900205,,
5,53,259,2,3,3,127.7213,"02",9,,0,0,5,,,1,,,,,,1,,,,,,,,,,,,1,,,,,,,,1,1,1,1,,,,,,,,,,,,,1,3,1,555900305,,
5,53,259,2,4,3,127.7213,"01",9,,0,0,1,,,,,111,,,,,111,,,,,,,,,,,,,,,,1,,,1,1,1,1,,,,,,,,,,,,,1,3,1,555900405,,
5,53,259,2,5,3,127.7213,"02",11,,0,0,1,,,,,111,,,1,,,,,,,,1,,,,,,,,,,,,,0,,,,,,,,,,,,,,,,2,3,1,555900505,,
5,53,259,2,6,3,127.7213,"01",13,8,0,0,1,,,,,111,,,,,111,,,,,,,,,,,,,,,,1,,,0,,,,,,,,,,,,,,,,2,2,1,555900605,,
5,53,259,2,7,3,127.7213,"02",9,,0,1,1,,,,,111,,,,1,,,,,,,,,,,,,,,,,1,,,1,1,1,1,,,,,,,,,,,,,2,3,1,555900705,,
5,53,259,2,8,3,127.7213,"01",11,,0,0,1,,,,,111,,,,,111,,,,,,,,,,,,,,,,1,,,0,,,,,,,,,,,,,,,,2,1,1,555900805,,
5,53,259,2,9,3,127.7213,"01",11,,0,1,1,,,,,111,,,1,,,,,,,,,,,,,,,,,,1,,,1,1,1,1,,,,,,,,,1,,,,1,2,1,555900905,,
5,53,259,2,10,3,127.7213,"01",11,,0,0,5,,1,,,,,,1,,,,,1,,,,,,,,,,,,,,,,1,1,1,1,,,,,,,,,,,,,1,3,1,555901005,,
5,53,259,2,11,3,127.7213,"02",13,8,0,1,1,,,,,111,,,,,111,,,,,,,,,,,,,,,,1,,,1,1,1,1,,,,,,,,,1,,,,2,2,1,555901105,,
5,53,259,2,12,3,127.7213,"01",11,,0,0,1,,,,,111,,,,1,,,,,,,1,,,,,,,,,,,,,1,1,1,,,1,,,,,,,,,,,2,2,1,555901205,,
5,53,259,2,13,3,127.7213,"01",11,,0,0,1,,,,,111,,,,,111,,,,,,,,,,,,,,,,1,,,0,,,,,,,,,,,,,,,,2,1,1,555901305,,
5,53,259,2,14,3,127.7213,"01",9,,0,1,1,,,1,,,,,,1,,,,,,,,,,,,1,,,,,,,,1,1,1,1,,,,,,,,,,,,,2,888,1,555901405,,
5,53,259,2,15,3,127.7213,"01",11,,0,0,1,,,,,111,,,,,111,,,,,,,,,,,,,,,,1,,,1,1,1,1,,,,,,,,,1,,,,1,3,1,555901505,,
5,53,259,2,16,3,127.7213,"01",9,,0,1,1,,,,,111,,,,1,,,,,,,1,,,,,,,,,,,,,1,1,1,1,,,,,,,,,,,,,1,2,1,555901605,,
5,53,259,2,17,3,127.7213,"01",11,,0,1,1,,,,,111,,,,1,,,,,,,1,,,,,,,,,,,,,1,1,1,1,,,,,,,,,,,,,2,3,1,555901705,,
5,53,259,2,18,3,127.7213,"02",11,,0,1,5,,,,,111,,,,,111,,,,,,,,,,,,,,,,1,,,1,1,1,1,,,,,,,,,,,,,2,3,1,555901805,,
5,53,260,2,1,3,85.58195,"01",11,,0,0,1,,,,,111,,,1,,,,,,,,1,,,,,,,,,,,,,0,,,,,,,,,,,,,,,,2,3,1,556000105,,
5,53,260,2,2,3,85.58195,"01",11,,0,0,1,,,,,111,,,,,111,,,,,,,,,,,,,,,,1,,,1,0,,,,,,,,,,,,,,,2,3,1,556000205,,
5,53,260,2,3,3,85.58195,"01",11,,0,0,1,,,,,111,,,,,111,,,,,,,,,,,,,,,,1,,,0,,,,,,,,,,,,,,,,2,2,1,556000305,,
5,53,260,2,4,3,85.58195,"01",9,,0,0,1,,,,,111,,,,,111,,,,,,,,,,,,,,,,1,,,1,0,,,,,,,,,,,,,,,1,3,1,556000405,,
5,53,260,2,5,3,85.58195,"01",9,,0,1,1,,1,,,,,,,,,555,3,,,,,,,,,1,,,,,,,,0,,,,,,,,,,,,,,,,1,3,1,556000505,,
5,53,260,2,6,3,85.58195,"01",11,,0,0,1,,,,,111,,,,,111,,,,,,,,,,,,,,,,1,,,0,,,,,,,,,,,,,,,,2,2,1,556000605,,
5,53,260,2,7,3,85.58195,"02",11,,0,0,1,,,,,111,,,1,,,,,,,,,,,,,,,,,,1,,,0,,,,,,,,,,,,,,,,2,3,1,556000705,,
5,53,260,2,8,3,85.58195,"02",9,,0,0,5,,,,,111,,,1,,,,,,,,1,,,,,,,,,,,,,1,1,1,1,,,,,,,,,1,,,,2,3,1,556000805,,
5,53,260,2,9,3,85.58195,"02",11,,0,0,1,,,1,,,,,,,111,,,,,,,,,,,,,,,,1,,,1,1,1,1,,,,,,,,,,,,,1,3,1,556000905,,
5,53,260,2,10,3,85.58195,"01",9,,0,1,1,,,,,111,,,,1,,,,,,,1,,,,,,,,,,,,,1,1,1,1,,,,,,,,,,,,,2,3,1,556001005,,
5,53,260,2,11,3,85.58195,"01",11,,0,0,1,,,,,111,,,,1,,,,,,,1,,,,,,,,,,,,,0,,,,,,,,,,,,,,,,2,1,1,556001105,,
5,53,260,2,12,3,85.58195,"02",11,,0,1,1,,,,1,,,,1,,,,,,,1,,,,,,,,,,,,,,1,1,1,1,,,,,,,,,1,,,,1,1,1,556001205,,
5,53,260,2,13,3,85.58195,"01",11,,0,0,1,,,,,111,,,1,,,,,,,,1,,,,,,,,,,,,,0,,,,,,,,,,,,,,,,1,1,1,556001305,,
5,53,260,2,14,3,85.58195,"02",9,,1,1,5,,,,,111,,,,,111,,,,,,,,,,,,,,,1,,,,1,1,1,1,,,,,,,,,1,,,,1,2,1,556001405,,
5,53,260,2,15,3,85.58195,"02",11,,0,0,1,,,1,,,,,,,111,,,,,,,,,,,,,,,,1,,,1,1,1,,,,,,,,,,,,,,2,1,1,556001505,,
5,53,260,2,16,3,85.58195,"01",11,,0,1,1,,,,,111,,,,,111,,,,,,,,,,,,,,,,1,,,0,,,,,,,,,,,,,,,,1,1,1,556001605,,
5,53,260,2,17,3,85.58195,"01",11,,0,0,5,,1,,,,,,1,,,,,,,,1,,,,,,,,,,,,,1,1,1,1,,,,,,,,,,,,,1,2,1,556001705,,
5,53,260,2,18,3,85.58195,"02",11,,0,0,1,,,,,111,,,,,111,,,,,,,,,,,,,,,,1,,,1,1,1,1,,,,,,,,,,,,,2,3,1,556001805,,
5,53,261,2,1,3,51.7246999148936,"01",11,,0,0,1,,,,,111,,,,,111,,,,,,,,,,,,,,,,1,,,0,,,,,,,,,,,,,,,,2,2,1,556100105,,
5,53,261,2,2,3,51.7246999148936,"01",13,8,0,0,1,,,,,111,,,,,111,,,,,,,,,,,,,,,,1,,,0,,,,,,,,,,,,,,,,2,3,1,556100205,,
5,53,261,2,3,3,51.7246999148936,"02",11,,0,1,1,,,1,,,,,,1,,,,,,,,,,,,1,,,,,,,,1,1,1,1,,,,,,,,,1,,,,2,3,1,556100305,,
5,53,261,2,4,3,51.7246999148936,"01",11,,0,0,1,,,,,111,,,1,,,,,,,,1,,,,,,,,,,,,,1,0,,,,,,,,,,,,,,,2,3,1,556100405,,
5,53,261,2,5,3,51.7246999148936,"01",11,,0,0,1,,,,,111,,,,,111,,,,,,,,,,,,,,,,1,,,1,1,1,1,,,,,,,,,1,,,,2,3,1,556100505,,
5,53,261,2,7,3,51.7246999148936,"01",9,,1,0,5,,,,,111,,,,1,,,,,,,1,,,,,,,,,,,,,1,1,1,1,,,,,,,,,,,,,2,3,1,556100705,,
5,53,261,2,8,3,51.7246999148936,"02",9,,1,0,1,,,,,111,,,,1,,,,,,,1,,,,,,,,1,,,,,1,1,1,1,,,,,,,,,1,,,,1,3,1,556100805,,
5,53,261,2,9,3,51.7246999148936,"02",11,,0,0,1,,,,,111,,,1,,,,,,,,1,,,,,,,,,,,,,1,1,1,1,,,,,,,,,1,,,,2,3,1,556100905,,
5,53,261,2,10,3,51.7246999148936,"01",9,,0,0,1,,,,,111,,,,,111,,,,,,,,,,,,,,,,1,,,1,1,1,1,,,,,,,,,,,,,2,2,1,556101005,,
5,53,261,2,11,3,51.7246999148936,"02",9,,0,0,1,,,,,111,,,,1,,,,,,,,,,,,,,,,,1,,,1,1,1,1,,,,,,,,,,,,,2,1,1,556101105,,
5,53,261,2,12,3,51.7246999148936,"01",11,,0,0,1,,,,,111,,,,,111,,,,,,,,,,,,,,,,1,,,0,,,,,,,,,,,,,,,,2,2,1,556101205,,
5,53,261,2,13,3,51.7246999148936,"02",11,,0,0,1,,,,,111,,,1,,,,,,,,,,,,,,,,,,1,,,1,0,,,,,,,,,,,,,,,2,2,1,556101305,,
5,53,261,2,14,3,51.7246999148936,"01",9,,0,0,1,,,1,,,,,,1,,,,,,,1,,,,,,,,,,,,,1,1,1,1,,,,,,,,,,,,,2,3,1,556101405,,
5,53,261,2,15,3,51.7246999148936,"02",11,,0,0,1,,,,,111,,,,,111,,,,,,,,,,,,,,,,1,,,1,1,1,1,,,,,,,,,1,,,,2,2,2,556101505,,
5,53,261,2,16,3,51.7246999148936,"01",9,,0,0,5,,,,1,,,,,,111,,,,,1,,,,,,,,,,,,,,1,0,,,,,,,,,,,,,,,2,3,1,556101605,,
5,53,261,2,17,3,230.2141,"01",1,,1,0,5,,1,,,,,,,,111,,,1,,,,,,,,,,,,,,,,1,1,1,1,,,,,,,,,1,,,,1,3,1,556101705,,
5,53,261,2,18,3,230.2141,"02",1,,0,1,5,,,,1,,,,,,111,,,,,,,,,,,,,,,,1,,,1,1,1,1,,,,,,,,,,,,,2,3,1,556101805,,
5,53,262,2,1,3,77.54134,"02",9,,0,0,5,,,,,111,,,,,111,,,,,,,,,,,,,,,,1,,,1,0,,,,,,,,,,,,,,,2,2,1,556200105,,
5,53,262,2,2,3,77.54134,"01",11,,0,0,1,,,,,111,,,,,111,,,,,,,,,,,,,,,,1,,,0,,,,,,,,,,,,,,,,2,1,1,556200205,,
5,53,262,2,3,3,77.54134,"01",11,,0,0,1,,,,,111,,,1,,,,,,,,,,,,,,,,,,1,,,0,,,,,,,,,,,,,,,,2,2,1,556200305,,
5,53,262,2,4,3,77.54134,"01",13,14,0,0,1,,,,,111,,,,,111,,,,,,,,,,,,,,,,1,,,0,,,,,,,,,,,,,,,,2,2,1,556200405,,
5,53,262,2,5,3,77.54134,"01",13,14,0,0,1,,,,,111,,,,1,,,,,,,,,,,,,,,,,1,,,0,,,,,,,,,,,,,,,,2,2,1,556200505,,
5,53,262,2,6,3,77.54134,"02",9,,0,0,1,,,,,111,,,,,111,,,,,,,,,,,,,,,,1,,,0,,,,,,,,,,,,,,,,2,2,1,556200605,,
5,53,262,2,7,3,77.54134,"02",9,,0,0,1,,,,,111,,,,,111,,,,,,,,,,,,,,1,,,,,1,1,1,,,,,,,,,,,,,,2,2,1,556200705,,
5,53,262,2,8,3,77.54134,"02",9,,0,0,1,,,,,111,,,,,111,,,,,,1,,,,,,,,,,,,,0,,,,,,,,,,,,,,,,1,2,1,556200805,,
5,53,262,2,9,3,77.54134,"01",11,,0,0,1,,,,,111,,,,,111,,,,,,,,,,,,,,,,1,,,1,1,1,,,,,,,,,,1,,,,1,2,2,556200905,,
5,53,262,2,10,3,77.54134,"02",6,,0,0,1,,,,1,,,,,,111,,,,,,,,,,,,,,,,1,,,1,0,,,,,,,,,,,,,,,2,1,1,556201005,,
5,53,262,2,11,3,77.54134,"01",11,,0,0,1,,,,,111,,,,,111,,,,,,,,,,,,,,,,1,,,0,,,,,,,,,,,,,,,,1,2,1,556201105,,
5,53,262,2,13,3,77.54134,"01",11,,0,0,1,,,,,111,,,,,111,,,,,,,,,,,,,,,,1,,,0,,,,,,,,,,,,,,,,2,1,1,556201305,,
5,53,262,2,14,3,77.54134,"01",6,,0,0,1,,,,,111,,,,,111,,,,,,,,,,,1,,,,,,,,0,,,,,,,,,,,,,,,,2,1,1,556201405,,
5,53,262,2,15,3,77.54134,"01",11,,0,0,1,,,,,111,,,,,111,,,,,,,,,,,,,,,,1,,,0,,,,,,,,,,,,,,,,2,1,1,556201505,,
5,53,262,2,16,3,77.54134,"01",11,,0,1,1,,,,,111,,,1,,,,,,,,1,,,,,,,,,,,,,1,1,1,,,,,,,,,,1,,,,1,3,1,556201605,,
5,53,262,2,17,3,77.54134,"01",9,,0,1,5,,,,,111,,,,,111,,,,,,,,,,,,,,,,1,,,0,,,,,,,,,,,,,,,,1,3,1,556201705,,
5,53,262,2,18,3,77.54134,"01",11,,0,0,1,,,,,111,,,,,111,,,,,,,,,,,,,,,,1,,,0,,,,,,,,,,,,,,,,2,1,1,556201805,,
5,53,263,2,1,3,73.47207,"01",11,,0,0,1,,,,1,,,,,,111,,,,,,,,,,,,,,,,1,,,0,,,,,,,,,,,,,,,,2,3,1,556300105,,
5,53,263,2,2,3,73.47207,"01",9,,0,0,1,,,,,111,,,,1,,,,,,,,,,,,,,,,,1,,,0,,,,,,,,,,,,,,,,2,2,1,556300205,,
5,53,263,2,3,3,73.47207,"01",11,,0,0,1,,,,,111,,,,1,,,,,,,,,,,,,,,,,1,,,1,0,,,,,,,,,,,,,,,2,3,1,556300305,,
5,53,263,2,4,3,73.47207,"01",11,,0,0,1,,,,,111,,,,,111,,,,,,,,,,,,,,,,1,,,1,0,,,,,,,,,,,,,,,2,888,1,556300405,,
5,53,263,2,5,3,73.47207,"02",11,,0,0,1,,,1,,,,,,,111,,,,,,,,,,,1,,,,,,,,0,,,,,,,,,,,,,,,,2,1,1,556300505,,
5,53,263,2,6,3,73.47207,"01",9,,0,0,1,,,,,111,,,,,111,,,,,,,,,,,,,,,,1,,,1,1,1,1,,,,,,,,,1,,,,1,2,1,556300605,,
5,53,263,2,7,3,73.47207,"01",11,,0,0,1,,,1,,,,,,,111,,,,,,,,,,,1,,,,,,,,0,,,,,,,,,,,,,,,,2,1,1,556300705,,
5,53,263,2,8,3,73.47207,"01",11,,0,0,1,,,,,111,,,1,,,,,,,,1,,,,,,,,,,,,,0,,,,,,,,,,,,,,,,2,3,1,556300805,,
5,53,263,2,9,3,73.47207,"01",11,,0,0,1,,,,,111,,,,,111,,,,,,,,,,,,,,,,1,,,1,1,1,,,,,,,,,,,,,,2,888,1,556300905,,
5,53,263,2,10,3,73.47207,"01",9,,0,0,1,,,1,,,,,,,111,,,,,,,,,,,,,,,,1,,,0,,,,,,,,,,,,,,,,2,1,1,556301005,,
5,53,263,2,11,3,73.47207,"01",9,,1,1,1,,1,,,,,,,1,,,,,,,,,,,,1,,,,,,,,1,1,1,1,,,,,,,,,,,,,1,2,1,556301105,,
5,53,263,2,12,3,73.47207,"01",9,,0,0,1,,,,,111,,,,,111,,,,,,,,,,,,,,,,1,,,0,,,,,,,,,,,,,,,,2,1,1,556301205,,
5,53,263,2,13,3,73.47207,"02",11,,0,0,1,,,,,111,,,,,111,,,,,,,,,,,,,,,,1,,,0,,,,,,,,,,,,,,,,2,3,1,556301305,,
5,53,263,2,14,3,73.47207,"01",9,,0,0,1,,,,,111,,,,,111,,,,,,,,,,,,,,,,1,,,0,,,,,,,,,,,,,,,,2,2,1,556301405,,
5,53,263,2,15,3,73.47207,"02",9,,0,0,1,,,,,111,,,,,111,,,,,,,,,,,,,,,,1,,,1,1,1,,,,,,,,,,1,,,,1,2,1,556301505,,
5,53,263,2,16,3,73.47207,"01",11,,0,0,1,,,,,111,,,,,111,,,,,,,,,,,,,,,,1,,,1,1,1,1,,,,,,,,,,,,,2,3,1,556301605,,
5,53,263,2,17,3,73.47207,"01",11,,0,0,1,,,,,111,,,,,111,,,,,,,,,,,,,,,,1,,,0,,,,,,,,,,,,,,,,2,1,1,556301705,,
5,53,263,2,18,3,73.47207,"01",11,,0,0,1,,,,,111,,,,,111,,,,,,,,,,,,,,,,1,,,0,,,,,,,,,,,,,,,,2,888,1,556301805,,
5,53,264,1,1,1,58.9189307692308,"01",11,,,,1,,,1,,,,,,,111,,,,,,,,,,,,,,,,1,,,0,,,,,,,,,,,,,,,,,1,1,556400105,,
5,53,264,1,2,1,58.9189307692308,"01",11,,,,1,,,,,111,,,,,111,,,,,,,,,,,,,,,,1,,,0,,,,,,,,,,,,,,,,,1,1,556400205,,
5,53,264,1,3,1,58.9189307692308,"01",11,,,,5,,,,,111,,,,,111,,,,,,,,,,,,1,,,,,,,0,,,,,,,,,,,,,,,,,2,1,556400305,,
5,53,264,1,4,1,58.9189307692308,"01",9,,,,1,,,,,111,,,1,,,,,,,,1,,,,,,,,,,,,,1,1,1,1,,,,,,,,,,,,,,2,1,556400405,,
5,53,264,1,5,1,356.254,"01",1,,,,1,,1,,,,,,,,111,,,1,,,,,,,,,,,,,,,,1,1,1,1,,,1,,,,,,,,,,,2,1,556400505,,
5,53,264,1,6,1,58.9189307692308,"01",7,,,,1,,,,,111,,,,,111,,,,,,,,,,,,,,,,1,,,0,,,,,,,,,,,,,,,,,2,1,556400605,,
5,53,264,1,7,1,356.254,"01",1,,,,1,,,1,,,,,1,,,,,,,,,,,,,1,,,,,,,,0,,,,,,,,,,,,,,,,,2,1,556400705,,
5,53,264,1,8,1,58.9189307692308,"01",11,,,,5,,1,,,,,,,,111,,,1,,,,,,,,,,,,,,,,1,1,1,1,,,,,,,,,,,,,,2,1,556400805,,
5,53,264,1,9,1,356.254,"02",1,,,,5,,1,,,,,,,,111,,,1,,,,,,,,,,,,,,,,1,1,1,1,,,1,,,,,,,,,,,2,1,556400905,,
5,53,264,1,10,1,356.254,"01",1,,,,5,,,1,,,,,,1,,,,,,,1,,,,,,,,,,,,,1,1,1,1,,,1,,,,,,,,,,,3,1,556401005,,
5,53,264,1,11,1,356.254,"01",1,,,,1,,,,,111,,,,,111,,,,,,,,,,,,,,,,1,,,1,0,,,,,,,,,,,,,,,,2,2,556401105,,
5,53,264,1,12,1,58.9189307692308,"02",9,,,,1,,,,,111,,,,,111,,,,,,,,,,,,,,,,1,,,1,1,1,1,,,,,,,,,,,,,,2,1,556401205,,
5,53,264,1,13,1,356.254,"02",1,,,,5,,1,,,,,,1,,,,,1,,,,,,,,,,,,,,,,1,1,1,1,,,,,,,,1,1,,,,,2,4,556401305,,
5,53,264,1,14,1,356.254,"01",1,,,,5,,,1,,,,,,,111,,,,,,,,,,,1,,,,,,,,1,1,1,,,,1,,,,,,,,,,,3,1,556401405,,
5,53,264,1,15,1,356.254,"01",1,,,,1,,,1,,,,,,,111,,,,,,,,,,,1,,,,,,,,1,1,1,1,,,1,,,,,,,,,,,3,1,556401505,,
5,53,264,1,16,1,58.9189307692308,"01",11,,,,1,,,1,,,,,1,,,,,,,,,,,,,1,,,,,,,,1,1,1,1,,,,,,,,,,,,,,2,1,556401605,,
5,53,264,1,17,1,356.254,"01",1,,,,5,,1,,,,,,,,111,,,1,,,,,,,,,,,,,,,,1,1,1,1,,,1,,,,,,,,,,,3,2,556401705,,
5,53,264,1,18,1,58.9189307692308,"01",11,,,,5,,,,,111,,,,,111,,,,,,,,,,,,,,,,1,,,1,1,1,1,,,,,,,,,,,,,,2,1,556401805,,
5,53,265,2,1,1,716.050453125,"01",11,,0,0,1,,,,1,,,,,,111,,,,,1,,,,,,,,,,,,,,0,,,,,,,,,,,,,,,,2,1,1,556500105,,
5,53,265,2,2,1,716.050453125,"01",11,,0,0,1,,,,,111,,,1,,,,,,,,1,,,,,,,,,,,,,1,1,1,1,,,,,,,,,1,,,,2,2,1,556500205,,
5,53,265,2,3,1,716.050453125,"01",11,,0,0,1,,,,,111,,,,1,,,,,,,1,,,,,,,,1,,,,,1,1,1,,,,,,,,,,1,,,,1,2,1,556500305,,
5,53,265,2,4,1,716.050453125,"02",11,,0,0,1,,,,1,,,,1,,,,,,,1,,,,,,,,,,,,,,1,1,1,1,,,,,,,,,1,,,,1,1,1,556500405,,
5,53,265,2,5,1,218.2249,"02",1,,1,0,4,,,,1,,,,,1,,,,,,,,,,,,1,,,,,,,,1,1,1,1,,,,,,1,,,1,,,,2,2,1,556500505,,
5,53,265,2,6,1,218.2249,"02",1,,0,0,1,,,,,111,,,,,111,,,,,,,,,,,,,,,,1,,,1,1,1,,,,,,,,,,,,,,2,2,1,556500605,,
5,53,265,2,7,1,218.2249,"01",1,,0,1,1,,,1,,,,,1,,,,,,,,,,,,,1,,,1,,,,,1,1,1,,,,,,,,,,,,,,2,3,1,556500705,,
5,53,265,2,8,1,716.050453125,"01",11,,0,0,1,,,,,111,,,,,111,,,,,,,,,,,,,,,,1,,,0,,,,,,,,,,,,,,,,2,2,1,556500805,,
5,53,265,2,9,1,716.050453125,"01",11,,0,0,5,,,1,,,,,,1,,,,,,,,,,,,1,,,,,,,,1,1,1,1,,,,,,,,,1,,,,1,1,1,556500905,,
5,53,265,2,10,1,716.050453125,"01",11,,0,0,1,,,,,111,,,,,111,,,,,,,,,,,,,,,,1,,,1,1,1,1,,,,,,,,,1,,,,1,3,1,556501005,,
5,53,265,2,11,1,716.050453125,"01",11,,0,0,1,,,,,111,,,,,111,,,,,,,,,,,,,,,,1,,,0,,,,,,,,,,,,,,,,1,3,1,556501105,,
5,53,265,2,12,1,218.2249,"02",1,,0,1,1,,,,,111,,,,1,,,,,,,,,,,,,,,1,,,,,1,1,1,1,,,,,,,,,,,,,2,3,1,556501205,,
5,53,265,2,13,1,218.2249,"02",1,,0,1,5,,,,1,,,,,1,,,,,,,1,,,,,1,,,1,,,,,1,1,1,1,,,1,1,,,,1,1,,,,1,3,1,556501305,,
5,53,265,2,14,1,218.2249,"02",1,,0,1,1,,1,,,,,,,1,,,,1,,,1,,,,,,,1,1,,,,,0,,,,,,,,,,,,,,,,1,1,1,556501405,,
5,53,265,2,15,1,218.2249,"01",1,,0,0,1,,,,,111,,,,,111,,,,,,,,,,,,,,,,1,,,0,,,,,,,,,,,,,,,,2,2,1,556501505,,
5,53,265,2,16,1,218.2249,"01",1,,0,0,1,,,,,111,,,,1,,,,,,,,,,,,,,,,1,,,,1,1,1,1,,,1,1,,,,,1,,,,2,2,1,556501605,,
5,53,265,2,17,1,218.2249,"01",1,,0,0,1,,,,,111,,,,,111,,,,,,,,,,,,,,,,1,,,1,1,1,1,,,,,,,,,1,,,,2,2,1,556501705,,
5,53,265,2,18,1,218.2249,"01",1,,0,1,5,,,,1,,,,1,,,,,,,1,,,,,,,,,,,,,,1,1,1,1,,,,,,,,,1,,,,1,3,1,556501805,,
5,53,266,2,1,1,1278.00605950413,"01",11,,0,0,1,,,1,,,,,,1,,,,,,,1,,,,,,,,,,,,,0,,,,,,,,,,,,,,,,2,1,1,556600105,,
5,53,266,2,2,1,1278.00605950413,"01",9,,0,1,1,,,1,,,,,,,,,,,,,,,,,,1,,,,,,,,1,1,1,1,,,,,,,,,,,,,1,3,1,556600205,,
5,53,266,2,3,1,1278.00605950413,"01",11,,1,0,1,,1,1,,,,,,1,,,,,,,,,,,,1,,,,,,,,1,1,1,1,,,,,,,,,,,,,1,3,1,556600305,,
5,53,266,2,4,1,1278.00605950413,"01",11,,0,0,1,,,,,111,,,,,111,,,,,,,,,,,,,,,,1,,,0,,,,,,,,,,,,,,,,2,2,1,556600405,,
5,53,266,2,5,1,1278.00605950413,"01",11,,0,0,1,,,,,111,,,,1,,,,,,,,,,,,,,,,,1,,,0,,,,,,,,,,,,,,,,2,2,1,556600505,,
5,53,266,2,6,1,1810.758,"02",1,,0,1,5,,,1,,,,,,1,,,,,,,1,,,,,,,,,,,,,1,1,1,1,,,1,,,,,,,,,,1,3,1,556600605,,
5,53,266,2,7,1,1278.00605950413,"01",9,,0,1,5,,,,,111,,,,,111,,,,,,,,,,,,,,1,,,,,0,,,,,,,,,,,,,,,,1,3,1,556600705,,
5,53,266,2,8,1,1810.758,"01",1,,0,0,1,,,,,111,,,,,111,,,,,,,,,,,,,,,,1,,,1,1,1,,,,,,,,,,,,,,2,2,1,556600805,,
5,53,266,2,9,1,1810.758,"01",1,,0,0,1,,,,,111,,,,1,,,,,,,1,,,,,,,,,,,,,0,,,,,,,,,,,,,,,,2,3,1,556600905,,
5,53,266,2,10,1,1278.00605950413,"01",9,,0,0,1,,,,,111,,,,1,,,,,,,1,,,,,,,,,,,,,1,1,1,1,,,,,,,,,,,,,2,3,1,556601005,,
5,53,266,2,11,1,1278.00605950413,"01",11,,0,0,1,,,,,111,,,,1,,,,,,,,,,,,,,,,,1,,,0,,,,,,,,,,,,,,,,1,3,1,556601105,,
5,53,266,2,12,1,1810.758,"01",1,,0,1,1,,,,,111,,,,1,,,,,,,,,,,,,,,,,1,,,1,1,1,1,,,,,,,,,,,,,1,2,1,556601205,,
5,53,266,2,13,1,1810.758,"01",1,,0,0,1,,,,1,,,,1,,,,,,,1,,,,,,,,,,,,,,1,1,1,1,,,,,,,,,1,,,,2,3,1,556601305,,
5,53,266,2,14,1,1278.00605950413,"01",11,,0,0,1,,,,,111,,,,1,,,,,,,1,,,,,,,,1,,,,,0,,,,,,,,,,,,,,,,1,3,1,556601405,,
5,53,266,2,15,1,1278.00605950413,"02",9,,1,0,5,,,,1,,,,,,111,,,,,1,,,,,,,,,,,,,,1,1,1,1,,,,,,,,,1,,,,2,3,1,556601505,,
5,53,266,2,16,1,1810.758,"02",1,,0,0,5,,1,,,,,,,,111,,,1,,,,,,,,,,,,,,,,1,1,1,1,,,,,,,,,1,,,,2,3,1,556601605,,
5,53,266,2,17,1,1278.00605950413,"01",11,,0,0,1,,1,,,,,,,,111,,,1,,,,,,,,,,,,,,,,1,1,1,1,,,,,,,,,1,,,,2,3,2,556601705,,
5,53,266,2,18,1,1810.758,"01",1,,0,0,1,,,,,111,,,,1,,,,,,,1,,,,,,,,,,,,,1,1,1,1,,,1,,,,,,,,,,1,3,1,556601805,,
5,53,267,1,1,1,38.3749383333333,"01",11,,,,1,,,,,111,,,,1,,,,,,,,,,,,,,,,,1,,,0,,,,,,,,,,,,,,,,,1,4,556700105,,
5,53,267,1,2,1,177.1151,"01",1,,,,5,,,,1,,,,1,,,,,,,1,,,,,,,,,,,,,,1,1,1,1,,,1,,,,,,1,,,,,1,1,556700205,,
5,53,267,1,3,1,38.3749383333333,"01",11,,,,1,,,,1,,,,1,,,,,,,,1,,,,,,,,,,,,,0,,,,,,,,,,,,,,,,,2,4,556700305,,
5,53,267,1,4,1,177.1151,"01",1,,,,5,,1,,,,,,1,,,,,1,,,,,,,,,,,,,,,,1,1,1,1,,,,,,,,,1,,,,,3,1,556700405,,
5,53,267,1,5,1,38.3749383333333,"02",5,,,,5,,1,,,,,,,,111,,,,,,,,,,,1,,,,,,,,1,1,1,1,,,,,,,,,,,,,,1,2,556700505,,
5,53,267,1,6,1,38.3749383333333,"01",11,,,,1,,1,,,,,,1,,,,,1,,,,,,,,,,,,,,,,1,1,1,1,,,,,,,,,,,,,,2,1,556700605,,
5,53,267,1,7,1,177.1151,"01",1,,,,5,,1,,,,,,,,111,,,1,,,,,,,,,,,,,,,,1,1,1,1,,,1,,,,,,1,,,,,888,2,556700705,,
5,53,267,1,8,1,177.1151,"02",1,,,,5,,1,,,,,,1,,,,,1,,,,,,,,,,,,,,,,1,1,1,1,,,,,,,,,1,,,,,3,1,556700805,,
5,53,267,1,9,1,38.3749383333333,"01",11,,,,1,,1,,,,,,1,,,,,,,,1,,,,,,,,,,,,,1,1,1,,,,,,,,,,,,,,,2,2,556700905,,
5,53,267,1,10,1,177.1151,"02",1,,,,1,,,1,,,,,,,111,,,,,,,,,,,1,,,,,,,,1,1,1,,,,1,,,,,,,,,,,2,2,556701005,,
5,53,267,1,11,1,177.1151,"02",1,,,,5,,,1,,,,,,1,,,,,,,1,,,,,,,,,,,,,1,1,1,,,,1,,,,,,,,,,,3,2,556701105,,
5,53,267,1,12,1,177.1151,"01",1,,,,5,,1,,,,,,,,111,,,1,,,,,,,,,,,,,,,,0,,,,,,,,,,,,,,,,,3,2,556701205,,
5,53,267,1,13,1,177.1151,"02",1,,,,5,,,1,,,,,,1,,,,,,,,,,,,1,,,,,,,,1,1,1,1,,,,,,,,,,,,,,3,1,556701305,,
5,53,267,1,14,1,177.1151,"01",1,,,,5,,1,,,,,,,1,,,,1,,,,,,,,,,,,,,,,1,1,1,1,,,1,1,,,,,,,,,,3,1,556701405,,
5,53,267,1,15,1,177.1151,"01",1,,,,1,,,,,111,,,,,111,,,,,,,,,,,,1,,,,,,,1,0,,,,,,,,,,,,,,,,1,2,556701505,,
5,53,267,1,16,1,177.1151,"01",1,,,,5,,1,,,,,,1,,,,,,,,,,,,,,,,,,1,,,1,1,1,1,,,,,,,,,,,,,,3,1,556701605,,
5,53,267,1,17,1,177.1151,"01",1,,,,5,,,,,111,,,1,,,,,,,,,,,,,,,,,1,,,,1,1,1,,,,,,,,,,1,,,,,2,1,556701705,,
5,53,267,1,18,1,177.1151,"02",1,,,,1,,1,,,,,,,,111,,,,,,,,,,,,,,,,1,,,1,1,1,1,,,1,,,,,,1,,,,,3,1,556701805,,
5,53,268,1,1,3,30.9653638297872,"02",7,,,,1,,,,,111,,,1,,,,,,,,1,,,,,,,,,,,,,1,1,1,,,,,,,,,,1,,,,,2,1,556800105,,
5,53,268,1,2,3,30.9653638297872,"02",11,,,,1,,,,,111,,,1,,,,,,,,1,,,,,,,,,,,,,0,,,,,,,,,,,,,,,,,3,1,556800205,,
5,53,268,1,3,3,83.16412,"01",1,,,,5,,1,,,,,,,,111,,,1,,,,,,,,,,,,,,,,1,1,,,,,1,,,,,,,,,,,3,1,556800305,,
5,53,268,1,4,3,30.9653638297872,"03",11,,,,1,,,,,111,,,,,111,,,,,,,,,,,,,,,,1,,,0,,,,,,,,,,,,,,,,,2,1,556800405,,
5,53,268,1,5,3,83.16412,"01",1,,,,5,,1,,,,,,1,,,,,1,,,,,,,,,,,,,,,,1,1,1,1,,,,,,,,,1,,,,,3,1,556800505,,
5,53,268,1,6,3,83.16412,"01",1,,,,5,,1,,,,,,1,,,,,,,,1,,,,,,,,,,,,,1,1,1,1,,,1,,,,,,1,,,,,2,2,556800605,,
5,53,268,1,7,3,83.16412,"02",1,,,,5,,1,,,,,,1,,,,,1,,,,,,,,,,,,,,,,1,1,1,1,,,,,,,,,,,,,,3,1,556800705,,
5,53,268,1,8,3,83.16412,"03",1,,,,5,,,,,111,,,1,,,,,,,,1,,,,,,,,,,,,,1,1,1,1,,,,,,,,,,,,,,2,1,556800805,,
5,53,268,1,9,3,30.9653638297872,"01",11,,,,5,,,,,111,,,,,111,,,,,,,,,,,,,,,,1,,,0,,,,,,,,,,,,,,,,,2,4,556800905,,
5,53,268,1,10,3,83.16412,"01",1,,,,5,,1,,,,,,,,111,,,1,,,,,,,,,,,,,,,,1,1,1,1,,,,,,,,,1,,,,,3,1,556801005,,
5,53,268,1,11,3,83.16412,"04",1,,,,1,,,1,,,,,,,111,,,,,,,,,,,1,,,,,,,,1,1,1,,,,1,,,,,,,,,,,2,1,556801105,,
5,53,268,1,12,3,83.16412,"04",1,,,,5,,1,,,,,,,,111,,,1,,,,,,,,,,,,,,,,1,1,1,1,,,1,,,,,,,,,,,3,1,556801205,,
5,53,268,1,13,3,83.16412,"01",1,,,,5,,1,,,,,,,,111,,,1,,,,,,,,,,,,,,,,1,1,1,,,,1,1,,,,,,,,,,3,1,556801305,,
5,53,268,1,14,3,83.16412,"02",1,,,,5,,,,1,,,,,1,,,,,,1,,,,,,,,,,,,,,1,1,1,1,,,1,,,,,,,,,,,3,5,556801405,,
5,53,268,1,15,3,83.16412,"01",1,,,,4,,1,,,,,,,1,111,,,1,,,,,,,,,,,,,,,,1,1,1,1,,,1,,,,,,,,,,,3,1,556801505,,
5,53,268,1,16,3,83.16412,"02",1,,,,5,,1,,,,,,,1,,,,,,,,,,,,1,,,,,,,,1,1,1,1,,,1,,,,,,,,,,,2,2,556801605,,
5,53,268,1,17,3,83.16412,"03",1,,,,5,,1,,,,,,,1,,,,1,,,,,,,,,,,,,,,,1,1,1,1,,,1,,,,,,,,,,,3,1,556801705,,
5,53,268,1,18,3,83.16412,"02",1,,,,5,,1,,,,,,,,111,,,1,,,,,,,,,,,,,,,,1,1,1,,,,1,,,,,,,,,,,3,2,556801805,,
5,53,269,2,1,3,71.40509,"01",6,,0,0,5,,1,,1,,,,1,,,,,1,,,,,,,,,,,,,,,,1,1,1,1,,,,,,,,,1,,,,2,3,1,556900105,,
5,53,269,2,2,3,71.40509,"01",5,,0,0,1,,,,,111,,,1,,,,,,,,1,,,,,,,,,,,,,1,1,1,1,,,,,,,,,1,,,,1,1,1,556900205,,
5,53,269,2,3,3,71.40509,"01",11,,0,1,5,,,,1,,,,1,,,,,,,1,,,,,,,,,,,,,,1,1,1,1,,,,,,,,,1,,,,2,2,1,556900305,,
5,53,269,2,4,3,71.40509,"01",11,,0,0,1,,,,,111,,,,,,555,3,,,,,,,,,,,,,,1,,,0,,,,,,,,,,,,,,,,2,1,1,556900405,,
5,53,269,2,5,3,71.40509,"02",11,,0,0,1,,,,,111,,,1,,,,,,,,,,,,,,,,1,,,,,0,,,,,,,,,,,,,,,,2,2,1,556900505,,
5,53,269,2,6,3,71.40509,"01",9,,0,0,1,,1,,,,,,,1,,,,,,,1,,,,,,,,,,,,,1,1,1,1,,,,,,,,,,,,,2,2,1,556900605,,
5,53,269,2,7,3,71.40509,"01",11,,0,0,1,,,,,111,,,,,111,,,,,,,,,,,,,,,,1,,,0,,,,,,,,,,,,,,,,1,3,1,556900705,,
5,53,269,2,8,3,71.40509,"01",9,,0,0,1,,,,,111,,,1,,,,,,,,1,,,,,,,,1,,,,,1,0,,,,,,,,,,,,,,,1,2,1,556900805,,
5,53,269,2,9,3,71.40509,"01",9,,0,0,1,,,1,,,,,,,111,,,,,,,,,,,1,,,,,,,,1,1,1,1,,,,,,,,,,,,,2,3,1,556900905,,
5,53,269,2,10,3,71.40509,"02",11,,0,0,1,,,,,111,,,,1,,,,,,,1,,,,,,,,,,,,,0,,,,,,,,,,,,,,,,2,2,1,556901005,,
5,53,269,2,11,3,71.40509,"01",9,,0,1,5,,,1,,,,,,,111,,,,,,,,,,,1,,,,,,,,1,1,1,1,,,,,,,,,,,,,2,1,1,556901105,,
5,53,269,2,12,3,71.40509,"02",11,,0,0,1,,,,,111,,,1,,,,,,,,,,,,,,,,,,1,,,0,,,,,,,,,,,,,,,,1,3,1,556901205,,
5,53,269,2,13,3,71.40509,"01",11,,0,0,1,,,,,111,,,,,111,,,,,,,,,,,,,,,,1,,,0,,,,,,,,,,,,,,,,2,2,1,556901305,,
5,53,269,2,14,3,71.40509,"01",9,,0,1,1,,1,1,,,,,1,,,,,,,,1,,,,,,,,1,,,,,1,1,1,1,,,,,,,,,,,,,1,3,1,556901405,,
5,53,269,2,15,3,71.40509,"01",5,,0,1,5,,,,,111,,,1,,,,,,,,1,,,,,,,,,,,,,0,,,,,,,,,,,,,,,,1,2,1,556901505,,
5,53,269,2,16,3,71.40509,"01",11,,0,0,1,,,,,111,,,,1,,,,,,,1,,,,,,,,,,,,,0,,,,,,,,,,,,,,,,2,1,2,556901605,,
5,53,269,2,17,3,71.40509,"01",11,,0,0,1,,,,,111,,,,,111,,,,,,,,,,,,,,,,1,,,0,,,,,,,,,,,,,,,,2,888,1,556901705,,
5,53,269,2,18,3,71.40509,"01",9,,0,0,1,,1,,,,,,1,1,,,,1,,,1,,,,,,,1,1,,,,,1,1,1,1,,,,,,,,,1,,,,2,3,1,556901805,,
5,53,270,2,1,3,75.75729,"02",1,,0,0,5,,1,,,,,,,1,,,,,,,,,,,,1,,,,,,,,1,1,1,1,,,1,,,,,,,,,,2,2,1,557000105,,
5,53,270,2,2,3,53.9244598958333,"01",9,,0,0,1,,,,,111,,,,1,,,,,,,1,,,,,,,,,,,,,1,1,1,1,,,,,,,,,,,,,2,2,1,557000205,,
5,53,270,2,3,3,53.9244598958333,"01",9,,0,0,1,,,,,111,,,,1,,,,,,,1,,,,,,,,,,,,,1,1,1,1,,,,,,,,,1,,,,2,2,1,557000305,,
5,53,270,2,4,3,53.9244598958333,"01",11,,0,0,1,,,,,111,,,,,111,,,,,,,,,,,,,,1,,,,,0,,,,,,,,,,,,,,,,2,2,1,557000405,,
5,53,270,2,5,3,53.9244598958333,"01",11,,0,0,5,,,1,,,,,,1,,,,,,,1,,,,,1,,,,,,,,0,,,,,,,,,,,,,,,,2,2,1,557000505,,
5,53,270,2,6,3,53.9244598958333,"01",9,,0,1,5,,,,,111,,,,1,,,,,,,,,,,,,,,,1,,,,1,1,1,1,,,,,,,,,1,,,,2,3,1,557000605,,
5,53,270,2,7,3,53.9244598958333,"02",11,,0,0,1,,,,,111,,,,,111,,,,,,,,,,,,,,1,,,,,0,,,,,,,,,,,,,,,,1,2,1,557000705,,
5,53,270,2,8,3,53.9244598958333,"02",9,,0,0,1,,,,,111,,,,,111,,,,,,,,,,,,,,1,,,,,1,0,,,,,,,,,,,,,,,1,2,1,557000805,,
5,53,270,2,9,3,53.9244598958333,"01",11,,0,0,1,,,1,,111,,,1,,,,,,,,,,,,,,,,1,,,,,1,1,1,1,,,,,,,,,,,,,2,1,2,557000905,,
5,53,270,2,10,3,75.75729,"01",1,,0,1,5,,,,1,,,,1,,,,,,,,1,,,,,,,,,,,,,1,1,1,1,,,,,,,,,1,,,,1,2,1,557001005,,
5,53,270,2,11,3,75.75729,"01",1,,0,1,1,,1,,,,,,1,,,,,1,,,,,,,,,,,,,,,,1,1,1,1,,,,,,,,,1,,,,2,3,1,557001105,,
5,53,270,2,12,3,75.75729,"02",1,,0,0,1,,,,1,,,,1,,,,,,,1,,,,,,,,,,,,,,1,1,1,1,,,,,,,,,1,,,,2,2,1,557001205,,
5,53,270,2,13,3,75.75729,"02",1,,0,1,5,,,,,111,,,1,,,,,,,,,,,,,,,,,,1,,,1,1,1,1,,,,,,,,,,,,,1,2,1,557001305,,
5,53,270,2,14,3,75.75729,"01",1,,0,0,1,,,1,,,,,,1,,,,,,,,,,,,1,,,,,,,,1,1,1,1,,,,,,,,,,,,,2,2,1,557001405,,
5,53,270,2,15,3,75.75729,"01",1,,0,1,5,,1,,,,,,,1,,,,1,,,1,,,,,,,,,,,,,1,1,1,1,,,1,,,,,,1,,,,2,2,1,557001505,,
5,53,270,2,16,3,75.75729,"01",1,,0,0,1,,,,,111,,,,1,,,,,,,1,,,,,,,,,,,,,1,1,1,1,,,,,,,,,,,,,1,2,1,557001605,,
5,53,270,2,17,3,75.75729,"02",1,,0,0,5,,1,,,,,,,1,,,,,,,1,,,,,,,,,,,,,1,1,1,1,,,1,,,,,,,,,,2,2,1,557001705,,
5,53,270,2,18,3,75.75729,"02",1,,0,0,5,,,,,111,,,,1,,,,,,,1,,,,,,,,,,,,,1,1,1,1,,,,,,,,,1,,,,1,2,1,557001805,,
5,53,271,2,1,1,215.810832847991,"02",9,,0,0,5,,1,,,,,,1,,,,,1,,,,,,,,,,,,,,,,1,1,1,1,,,,,,,,,1,,,,1,2,1,557100105,,
5,53,271,2,2,1,215.810832847991,"01",7,,0,0,1,,,,,111,,,,,111,,,,,,,,,,,,,,,,1,,,0,,,,,,,,,,,,,,,,2,3,1,557100205,,
5,53,271,2,3,1,215.810832847991,"02",9,,0,0,1,,,1,,,,,,1,,,,,,,,,,,,1,,,,,,,,1,1,1,1,,,,,,,,,,,,,2,2,1,557100305,,
5,53,271,2,4,1,215.810832847991,"02",7,,0,0,1,,,,,111,,,,,111,,,,,,,,,,,,,,1,,,,,1,1,1,1,,,,,,,,,,,,,2,2,1,557100405,,
5,53,271,2,5,1,215.810832847991,"02",9,,0,0,5,,,,,111,,,,1,,,,,,,,,,,,,,,,,1,,,1,1,1,1,,,,,,,,,,,,,2,2,1,557100505,,
5,53,271,2,6,1,215.810832847991,"02",11,,0,0,1,,,,,111,,,,,111,,,,,,,,,,,,,,,,1,,,0,,,,,,,,,,,,,,,,2,2,1,557100605,,
5,53,271,2,7,1,215.810832847991,"01",11,,0,0,1,,,1,,,,,1,,,,,,,,,,,,,1,,,,,,,,1,1,1,1,,,,,,,,,,,,,2,2,1,557100705,,
5,53,271,2,8,1,215.810832847991,"02",11,,0,0,5,,,1,,,,,,,111,,,,,,,,,,,1,,,,,,,,1,1,1,1,,,,,,,,,,,,,2,2,1,557100805,,
5,53,271,2,9,1,215.810832847991,"01",11,,0,0,1,,,1,,,,,,,111,,,,,,,,,,,1,,,,,,,,1,1,1,1,,,,,,,,,,,,,2,2,1,557100905,,
5,53,271,2,10,1,215.810832847991,"01",11,,0,0,5,,,,,111,,,1,1,,,,,,,1,,,,,,,,1,,,,,1,1,1,1,,,,,,,,,1,,,,1,2,1,557101005,,
5,53,271,2,11,1,215.810832847991,"01",11,,0,0,1,,,1,,,,,,,111,,,,,,,,,,,,,,,,1,,,1,0,,,,,,,,,,,,,,,2,1,555,557101105,,
5,53,271,2,12,1,215.810832847991,"01",11,,0,0,1,,,1,,,,,,1,,,,,,,1,,,,,1,,,,,,,,1,1,1,,,,,,,,,,,,,,2,2,1,557101205,,
5,53,271,2,13,1,215.810832847991,"01",9,,0,0,1,,1,,,,,,1,,,,,1,,,,,,,,1,,,,,,,,1,1,1,1,,,,,,,,,1,,,,2,2,1,557101305,,
5,53,271,2,14,1,215.810832847991,"02",11,,0,0,1,,,,,111,,,,,111,,,,,,,,,,,,,,,,1,,,1,1,1,,,,,,,,,,,,,,2,1,2,557101405,,
5,53,271,2,15,1,18527.36,"02",1,,1,0,5,,,1,,,,,1,1,,,,,,,1,,,,,1,,,,,,,,1,1,1,1,,,,,,,,,1,,,,2,2,1,557101505,,
5,53,271,2,16,1,215.810832847991,"02",5,,0,0,5,,,,1,,,,1,,,,,,,1,,,,,,,,,,,,,,1,1,1,1,,,,,,,,,1,,,,1,2,1,557101605,,
5,53,271,2,17,1,215.810832847991,"01",11,,0,0,1,,,,,111,,,1,,,,,,,,1,,,,,,,,,,,,,1,1,1,1,,,,,,,,,1,,,,2,2,1,557101705,,
5,53,271,2,18,1,215.810832847991,"01",11,,0,0,5,,,,1,,,,,,111,,,,,1,,,,,,,,,,,,,,1,1,1,1,,,,,,,,,1,,,,1,2,1,557101805,,
5,53,272,2,1,2,,"01",11,,0,0,1,,,,,,,,,,111,,,1,,,,,,,,,,,,,,,,1,1,1,1,,,,,,,,,,,,,2,888,6,557200105,5,18.5555553436279
5,53,272,2,2,2,,"01",9,,0,0,1,,,,,111,,,,,111,,,,,,,,,,,,,,,,1,,,1,1,1,,,,,,,,,,,,,,2,888,6,557200205,5,18.5555553436279
5,53,272,2,3,2,,"01",9,,0,0,1,,,,,111,,,1,,,,,,,,1,,,,,,,,,,,,,1,1,1,1,,,,,,,,,,,,,2,1,4,557200305,5,18.5555553436279
5,53,272,2,4,2,,"01",5,,0,0,1,,1,,,,,,,,111,,,,,,,,,,,,,,,,1,,,1,1,1,,,,,,,,,,,,,,2,888,6,557200405,5,18.5555553436279
5,53,272,2,5,2,,"01",9,,0,0,1,,1,,,,,,,,111,,,,,,,,,,,,,,,,1,,,1,1,1,,,,,,,,,,,,,,2,888,6,557200505,5,18.5555553436279
5,53,272,2,6,2,,"01",9,,0,0,1,,1,,,,,,,,111,,,,,,,,,,,,,,,,1,,,1,1,1,1,,,,,,,,,,,,,2,888,4,557200605,5,18.5555553436279
5,53,272,2,7,2,,"01",9,,0,0,1,,,,,111,,,,,111,,,,,,,,,,,,1,,,,,,,1,0,,,,,,,,,,,,,,,2,888,1,557200705,5,18.5555553436279
5,53,272,2,8,2,,"02",11,,0,0,1,,,,,111,,,,,111,,,,,,,,,,,,1,,,,,,,1,1,1,,,,,,,,,,,,,,2,888,1,557200805,5,18.5555553436279
5,53,272,2,9,2,,"03",9,,0,0,1,,,,,111,,,,,111,,,,,,,,,,,,,,,,1,,,1,0,,,,,,,,,,,,,,,2,888,1,557200905,5,18.5555553436279
5,53,272,2,10,2,,"01",9,,0,0,1,,1,,,,,,,,111,,,,,,,,,,,,,,,,1,,,1,1,1,1,,,,,,,,,,,,,2,888,6,557201005,5,18.5555553436279
5,53,272,2,11,2,,"01",9,,0,0,1,,,,,111,,,,,111,,,,,,,,,,,,,,,,1,,,0,,,,,,,,,,,,,,,,2,888,1,557201105,5,18.5555553436279
5,53,272,2,12,2,,"02",9,,0,0,1,,1,,,,,,,,111,,,,,,,,,,,,,,,,1,,,1,1,1,,,,,,,,,,,,,,2,888,6,557201205,5,18.5555553436279
5,53,272,2,13,2,,"01",9,,0,0,1,,,,,111,,,,,111,,,,,,,,,,,,1,,,,,,,1,1,1,1,,,,,,,,,,,,,2,888,1,557201305,5,18.5555553436279
5,53,272,2,14,2,,"02",9,,0,0,1,,1,,,,,,,,111,,,,,,,,,,,,,,,,1,,,1,1,1,1,,,,,,,,,,,,,2,888,6,557201405,5,18.5555553436279
5,53,272,2,15,2,,"01",9,,0,0,1,,,,,111,,,,,111,,,,,,,,,,,,,,1,,,,,1,1,1,1,,,,,,,,,,,,,2,888,1,557201505,5,18.5555553436279
5,53,272,2,16,2,,"01",9,,0,0,1,,,,,111,,,,,111,,,,,,,,,,,,,,,,1,,,1,1,1,,,,,,,,,,,,,,2,888,1,557201605,5,18.5555553436279
5,53,272,2,17,2,,"01",11,,0,0,1,,1,,,,,,,,111,,,,,,,,,,,,,,,,1,,,0,,,,,,,,,,,,,,,,2,888,6,557201705,5,18.5555553436279
5,53,272,2,18,2,,"02",9,,0,0,1,,,,,111,,,,,111,,,,,,,,,,,,1,,,,,,,1,0,,,,,,,,,,,,,,,2,888,1,557201805,5,18.5555553436279
5,53,273,2,1,2,,"01",9,,1,0,1,,,,,111,,,,,111,,,,,,,,,,,,,,,,1,,,1,0,,,,,,,,,,,,,,,2,1,6,557300105,5,18.5555553436279
5,53,273,2,2,2,,"01",9,,0,0,1,,,,,111,,,,,111,,,,,,,,,,,,,,,,1,,,1,1,1,1,,,,,,,,,,,,,2,1,6,557300205,5,18.5555553436279
5,53,273,2,3,2,,"01",8,,2,0,1,,,,,111,,,,,111,,,,,,,,,,,,,,,,1,,,1,0,,,,,,,,,,,,,,,2,1,6,557300305,5,18.5555553436279
5,53,273,2,4,2,,"01",11,,0,0,1,,,,,111,,,,,111,,,,,,,,,,,,,,,,1,,,1,0,,,,,,,,,,,,,,,2,1,4,557300405,5,18.5555553436279
5,53,273,2,5,2,,"01",9,,2,0,1,,,,,111,,,,,111,,,,,,,,,,,,,,,,1,,,1,1,1,1,,,,,,,,,,,,,2,1,6,557300505,5,18.5555553436279
5,53,273,2,6,2,,"01",9,,1,0,5,,,,,111,,,,,111,,,,,,,,,,,,,,,,1,,,1,1,1,1,,,,,,,,,,,,,2,1,6,557300605,5,18.5555553436279
5,53,273,2,7,2,,"02",9,,0,0,1,,,,,111,,,1,,,,,,,,1,,,,,,,,,,,,,1,0,,,,,,,,,,,,,,,2,1,4,557300705,5,18.5555553436279
5,53,273,2,8,2,,"02",9,,1,0,1,,,,,111,,,,,111,,,,,,,,,,,,,,,,1,,,1,0,,,,,,,,,,,,,,,2,1,6,557300805,5,18.5555553436279
5,53,273,2,9,2,,"01",9,,0,0,1,,,,,111,,,1,,,,,,,,1,,,,,,,,,,,,,1,1,1,,,,,,,1,,,,,,,2,1,4,557300905,5,18.5555553436279
5,53,273,2,10,2,,"01",11,,0,0,1,,,,,111,,,,,111,,,,,,,,,,,,,,,,1,,,1,0,,,,,,,,,,,,,,,2,1,4,557301005,5,18.5555553436279
5,53,273,2,11,2,,"01",11,,0,0,1,,,,,111,,,,,111,,,,,,,,,,,,,,,,1,,,1,1,1,1,,,,,,,,,,,,,2,1,6,557301105,5,18.5555553436279
5,53,273,2,12,2,,"01",9,,0,0,1,,,,,111,,,1,,,,,,,,1,,,,,,,,,,,,,1,0,,,,,,,,,,,,,,,2,1,4,557301205,5,18.5555553436279
5,53,273,2,13,2,,"03",9,,2,0,1,,,,,111,,,,,111,,,,,,,,,,,,,,,,1,,,1,1,1,1,,,,,,,,,,,,,2,1,6,557301305,5,18.5555553436279
5,53,273,2,14,2,,"01",11,,0,0,1,,,,,111,,,,,111,,,,,,,,,,,,,,,,1,,,1,0,,,,,,,,,,,,,,,2,1,4,557301405,5,18.5555553436279
5,53,273,2,15,2,,"01",6,,0,0,1,,,,,111,,,,,111,,,,,,,,,,,,,,,,1,,,1,0,,,,,,,,,,,,,,,2,1,4,557301505,5,18.5555553436279
5,53,273,2,16,2,,"01",9,,0,0,1,,,,,111,,,,,111,,,,,,,,,,,,,,,,1,,,1,1,1,1,,,,,,,,,,,,,2,888,6,557301605,5,18.5555553436279
5,53,273,2,17,2,,"02",5,,0,0,1,,,,1,,,,1,,,,,,,,1,,,,,1,,,,,,,,1,1,1,1,,,,,,1,,,,,,,2,2,4,557301705,5,18.5555553436279
5,53,273,2,18,2,,"01",9,,2,0,1,,,,,111,,,,,111,,,,,,,,,,,,,,,,1,,,1,1,1,1,,,,,,,,,,,,,2,888,6,557301805,5,18.5555553436279
5,53,274,2,1,2,,"01",9,,0,0,1,,1,,,,,,,,111,,,,,,,,,,,,,,,,1,,,1,1,1,1,,,,,,,,,1,,,,2,888,6,557400105,5,18.5555553436279
5,53,274,2,2,2,,"01",11,,0,0,1,,1,,,,,,1,,,,,,,,1,,,,,,,,,,,,,1,1,1,1,,,,,,,,,,,,,2,888,6,557400205,5,18.5555553436279
5,53,274,2,3,2,,"01",11,,0,0,1,,1,,,,,,,,111,,,,,,,,,,,,,,,,1,,,1,1,1,,,,,,,,,,,,,,2,888,6,557400305,5,18.5555553436279
5,53,274,2,4,2,,"01",9,,0,0,1,,,,,111,,,,,111,,,,,,,,,,,,,,,,1,,,0,,,,,,,,,,,,,,,,2,888,1,557400405,5,18.5555553436279
5,53,274,2,5,2,,"02",11,,0,0,1,,1,,,,,,,,111,,,,,,,,,,,,,,,,1,,,0,,,,,,,,,,,,,,,,2,888,6,557400505,5,18.5555553436279
5,53,274,2,6,2,,"01",9,,0,0,1,,1,,,,,,,1,,,,,,,1,,,,,,,,,,,,,1,1,1,1,,,,,,,,,,,,,2,888,6,557400605,5,18.5555553436279
5,53,274,2,7,2,,"01",9,,0,0,1,,1,,,,,,,,111,,,,,,,,,,,,,,,,1,,,1,1,1,,,,,,,,,,1,,,,2,888,6,557400705,5,18.5555553436279
5,53,274,2,8,2,,"01",11,,0,0,1,,1,,,,,,,1,,,,,,,1,,,,,,,,,,,,,1,1,1,1,,,,,,,,,,,,,2,888,6,557400805,5,18.5555553436279
5,53,274,2,9,2,,"01",9,,0,0,1,,1,,,,,,,,111,,,,,,,,,,,,,,,,1,,,1,1,1,1,,,,,,,,,,,,,2,888,6,557400905,5,18.5555553436279
5,53,274,2,10,2,,"01",9,,0,0,1,,,,,111,,,,,111,,,,,,,,,,,,,,,,1,,,1,1,1,1,,,,,,,,,,,,,2,888,1,557401005,5,18.5555553436279
5,53,274,2,11,2,,"01",9,,0,0,1,,,,,111,,,,,111,,,,,,,,,,,,,,,,1,,,1,1,1,1,,,,,,,,,,,,,2,888,1,557401105,5,18.5555553436279
5,53,274,2,12,2,,"01",9,,0,0,5,,,,,111,,,,,111,,,,,,,,,,,,,,,,1,,,1,1,1,1,,,,,,,,,,,,,2,888,1,557401205,5,18.5555553436279
5,53,274,2,13,2,,"01",9,,0,0,1,,,,,111,,,,,111,,,,,,,,,,,,,,,,1,,,1,1,1,1,,,,,,,,,,,,,2,888,1,557401305,5,18.5555553436279
5,53,274,2,14,2,,"01",9,,0,0,1,,,,,111,,,,,111,,,,,,,,,,,,,,,,1,,,1,1,1,1,,,,,,,,,,,,,2,888,1,557401405,5,18.5555553436279
5,53,274,2,15,2,,"01",11,,0,0,1,,,,,111,,,,,111,,,,,,,,,,,,,,,,1,,,1,1,1,1,,,,,,,,,,,,,2,888,1,557401505,5,18.5555553436279
5,53,274,2,16,2,,"01",9,,0,0,1,,,,,111,,,,,111,,,,,,,,,,,,,,,,1,,,1,1,1,1,,,,,,,,,,,,,2,888,1,557401605,5,18.5555553436279
5,53,274,2,17,2,,"01",9,,1,0,1,,1,,,,,,,,111,,,1,,,,,,,,,,,,,,,,1,1,1,1,,,,,,,,,,,,,2,888,1,557401705,5,18.5555553436279
5,53,274,2,18,2,,"01",9,,1,0,5,,1,,,,,,,,111,,,,,,,,,,,,,,,,1,,,1,1,1,1,,,,,,,,,1,,,,2,888,6,557401805,5,18.5555553436279
5,53,275,2,1,2,,"01",9,,0,0,1,,1,,,,,,,,111,,,,,,,,,,,,,,,,1,,,0,,,,,,,,,,,,,,,,2,888,6,557500105,5,18.5555553436279
5,53,275,2,2,2,,"02",9,,0,0,1,,,,,111,,,,,111,,,,,,,,,,,,,,1,,,,,1,1,1,1,,,,,,1,,,,,,,2,888,4,557500205,5,18.5555553436279
5,53,275,2,3,2,,"01",8,,0,1,1,,,,,111,,,,,111,,,,,,,,,,,,,,1,,,,,1,1,1,1,,,,,,,,,,,,,2,888,1,557500305,5,18.5555553436279
5,53,275,2,4,2,,"02",9,,0,0,1,,,,,111,,,,,111,,,,,,,,,,,,,,,,1,,,1,1,1,1,,,,,,,,,,,,,2,888,4,557500405,5,18.5555553436279
5,53,275,2,5,2,,"01",11,,0,0,1,,,,,111,,,,,111,,,,,,,,,,,,,,1,,,,,1,1,1,1,,,,,,,,,,,,,2,888,6,557500505,5,18.5555553436279
5,53,275,2,6,2,,"02",5,,0,0,1,,,,,111,,,1,,,,,,,,1,,,,,,,,,,,,,1,1,1,1,,,,,,1,,,,,,,2,1,4,557500605,5,18.5555553436279
5,53,275,2,7,2,,"01",9,,0,0,1,,1,,,,,,,,111,,,,,,,,,,,,,,,,1,,,0,,,,,,,,,,,,,,,,2,888,6,557500705,5,18.5555553436279
5,53,275,2,8,2,,"01",12,,0,0,1,,,,,111,,,1,,111,,,,,,1,,,,,,,,1,,,,,1,1,1,1,,,,,,,,,,,,,2,888,6,557500805,5,18.5555553436279
5,53,275,2,9,2,,"01",9,,0,0,1,,,,,111,,,1,,,,,,,,1,,,,,,,,1,,,,,1,1,1,1,,,,,,1,,,,,,,2,1,6,557500905,5,18.5555553436279
5,53,275,2,10,2,,"01",9,,0,0,1,,1,,,,,,,1,,,,1,,,,,,,,,,,,,,,,1,1,1,,,,,,,1,,,1,,,,2,888,6,557501005,5,18.5555553436279
5,53,275,2,11,2,,"02",9,,0,0,1,,,,,111,,,,,111,,,,,,,,,,,,,,1,,,,,1,1,1,1,,,,,,1,,,,,,,2,1,6,557501105,5,18.5555553436279
5,53,275,2,12,2,,"01",9,,0,0,1,,,,,111,,,,,111,,,,,,,,,,,,,,1,,,,,1,1,1,1,,,,,,,,,,,,,2,2,6,557501205,5,18.5555553436279
5,53,275,2,13,2,,"01",9,,0,0,1,,,,,111,,,,,111,,,,,,,,,,,,,,1,,,,,1,1,1,1,,,,,,1,,,,,,,2,888,6,557501305,5,18.5555553436279
5,53,275,2,14,2,,"02",11,,0,0,1,,1,,,,,,,,111,,,,,,,,,,,,,,,,1,,,1,1,1,,,,,,,,,,1,,,,2,888,6,557501405,5,18.5555553436279
5,53,275,2,15,2,,"01",9,,0,0,1,,,,,111,,,1,,,,,,,,1,,,,,,1,,1,,,,,1,1,1,1,,,,,,,,,,,,,2,888,6,557501505,5,18.5555553436279
5,53,275,2,16,2,,"01",11,,0,0,1,,1,,,,,,,,111,,,,,,,,,,,,,,,,1,,,1,1,1,,,,,,,,,,1,,,,2,888,6,557501605,5,18.5555553436279
5,53,275,2,17,2,,"03",9,,0,0,1,,1,,,,,,,,111,,,1,,,,,,,,,,,,,,,,0,,,,,,,,,,,,,,,,2,888,6,557501705,5,18.5555553436279
5,53,275,2,18,2,,"01",11,,0,0,1,,,,,111,,,,,111,,,,,,,,,,,,,,1,,,,,1,1,1,1,,,,,,,,,,,,,2,888,4,557501805,5,18.5555553436279
5,53,276,2,1,2,,"01",9,,0,0,1,,,,,111,,,,,111,,,,,,,,,,,,,,1,,,,,1,1,1,1,,,,,,,,,,,,,2,888,6,557600105,5,18.5555553436279
5,53,276,2,2,2,,"01",11,,0,0,1,,,,,111,,,,,111,,,,,,,,,,,,,,1,,,,,1,1,1,1,,,,,,,,,,,,,2,888,6,557600205,5,18.5555553436279
5,53,276,2,3,2,,"01",9,,0,0,1,,,,,111,,,1,,,,,,,,1,,,,,,,,1,,,,,1,1,1,1,,,,,,,,,,,,,2,888,6,557600305,5,18.5555553436279
5,53,276,2,4,2,,"02",9,,0,0,1,,,,,111,,,,,111,,,,,,,,,,,,,,1,,,,,1,1,1,1,,,,,,,,,,,,,2,888,6,557600405,5,18.5555553436279
5,53,276,2,5,2,,"01",11,,0,0,1,,,,,111,,,,,111,,,,,,,,,,,,,,1,,,,,1,1,1,1,,,,,,,,,,,,,2,888,6,557600505,5,18.5555553436279
5,53,276,2,6,2,,"01",9,,0,0,1,,,,,111,,,,,111,,,,,,,,,,,,,,1,,,,,1,1,1,1,,,,,,,,,,,,,2,888,6,557600605,5,18.5555553436279
5,53,276,2,7,2,,"01",9,,0,0,1,,,,,111,,,,,111,,,,,,,,,,,,,,1,,,,,1,1,1,1,,,,,,,,,,,,,2,888,6,557600705,5,18.5555553436279
5,53,276,2,8,2,,"01",9,,0,0,5,,,,,111,,,,,111,,,,,,1,,,,,,,,,,,,,1,1,1,1,,,,,,,,,,,,,1,888,6,557600805,5,18.5555553436279
5,53,276,2,9,2,,"01",9,,0,0,1,,,,,111,,,,,111,,,,,,,,,,,,,,1,,,,,1,1,1,1,,,,,,,,,,,,,2,888,6,557600905,5,18.5555553436279
5,53,276,2,10,2,,"02",9,,0,0,1,,,,,111,,,1,,,,,,,,1,,,,,,,,,,,,,1,1,1,,,,,,,1,,,,,,,2,888,4,557601005,5,18.5555553436279
5,53,276,2,11,2,,"01",9,,0,0,1,,,,,111,,,1,,,,,,,,1,,,,,,,,,,,,,1,1,1,1,,,,,,1,,,,,,,2,1,4,557601105,5,18.5555553436279
5,53,276,2,12,2,,"01",11,,0,0,1,,,,,111,,,1,,,,,,,,1,,,,,,,,,,,,,1,0,,,,,,,,,,,,,,,2,1,4,557601205,5,18.5555553436279
5,53,276,2,13,2,,"01",9,,0,0,1,,,,,111,,,1,,,,,,,,1,,,,,,,,,,,,,1,1,1,1,,,,,,1,,,,,,,2,888,4,557601305,5,18.5555553436279
5,53,276,2,14,2,,"01",5,,0,0,1,,1,,,,,,1,,,,,,,,1,,,,,,,,,,,,,1,1,1,1,,,,,,,,,,,,,2,1,4,557601405,5,18.5555553436279
5,53,276,2,15,2,,"01",9,,0,0,1,,,,,111,,,1,,,,,,,,1,,,,,,,,,,,,,1,1,1,,,,,,,1,,,,,,,2,1,4,557601505,5,18.5555553436279
5,53,276,2,16,2,,"02",9,,0,0,1,,,,1,,,,1,,,,,,,,1,,,,,1,,,,,,,,1,1,1,1,,,,,,1,,,,,,,2,1,4,557601605,5,18.5555553436279
5,53,276,2,17,2,,"01",9,,0,0,1,,,,,111,,,,,111,,,,,,,,,,,,,,,,1,,,1,1,1,1,,,,,,1,,,,,,,2,1,4,557601705,5,18.5555553436279
5,53,276,2,18,2,,"01",9,,0,0,1,,,,,111,,,1,,,,,,,,1,,,,,,,,,,,,,1,1,1,1,,,,,,1,,,,,,,2,1,4,557601805,5,18.5555553436279
5,53,277,2,1,2,,"01",9,,1,0,1,,,,,111,,,,,111,,,,,,,,,,,,,,,,1,,,1,1,1,1,,,,,,,,,,,,,2,1,6,557700105,5,18.5555553436279
5,53,277,2,2,2,,"01",9,,1,0,1,,,,,111,,,,,111,,,,,,,,,,,,,,,,1,,,1,0,,,,,,,,,,,,,,,2,1,6,557700205,5,18.5555553436279
5,53,277,2,3,2,,"01",9,,2,0,1,,,,,111,,,,,111,,,,,,,,,,,,,,,,1,,,1,1,1,1,,,,,,,,,,,,,2,2,6,557700305,5,18.5555553436279
5,53,277,2,4,2,,"01",11,,0,0,1,,,,,111,,,,,111,,,,,,,,,,,,,,,,1,,,1,1,1,1,,,,,,,,,,,,,2,1,6,557700405,5,18.5555553436279
5,53,277,2,5,2,,"02",9,,2,0,1,,,,,111,,,,,111,,,,,,,,,,,,,,,,1,,,1,1,1,1,,,,,,,,,,,,,2,1,6,557700505,5,18.5555553436279
5,53,277,2,6,2,,"01",11,,1,0,1,,,,,111,,,,,111,,,,,,,,,,,,,,,,1,,,1,1,1,1,,,,,,,,,,,,,2,1,6,557700605,5,18.5555553436279
5,53,277,2,7,2,,"01",11,,1,0,1,,,,,111,,,,,111,,,,,,,,,,,,,,,,1,,,1,0,,,,,,,,,,,,,,,2,1,6,557700705,5,18.5555553436279
5,53,277,2,8,2,,"01",11,,0,0,1,,,,,111,,,,,111,,,,,,,,,,,,,,,,1,,,1,1,1,,,,,,,,,,,,,,2,1,6,557700805,5,18.5555553436279
5,53,277,2,9,2,,"01",9,,2,0,1,,,,,111,,,,,111,,,,,,,,,,,,,,,,1,,,1,1,1,1,,,,,,,,,,,,,2,1,6,557700905,5,18.5555553436279
5,53,277,2,10,2,,"01",9,,0,0,1,,,,,111,,,,1,,,,,,,1,,,,,,,,,,,,,1,1,,,,,,,,,,,1,,,,2,888,1,557701005,5,18.5555553436279
5,53,277,2,11,2,,"02",9,,0,0,1,,,,,111,,,,,111,,,,,,,,,,,,,,,,1,,,1,0,,,,,,,,,,,,,,,2,888,1,557701105,5,18.5555553436279
5,53,277,2,12,2,,"01",11,,0,0,1,,,,,111,,,,,111,,,,,,,,,,,,,,1,,,,,1,0,,,,,,,,,,,,,,,2,888,1,557701205,5,18.5555553436279
5,53,277,2,13,2,,"02",9,,0,0,1,,1,,,,,,,,111,,,,,,1,,,,,,,,,,,,,1,1,1,1,,,,,,,,,,,,,2,888,1,557701305,5,18.5555553436279
5,53,277,2,14,2,,"02",9,,0,0,1,,,,,111,,,,,111,,,,,,,,,,,,1,,,,,,,1,1,,1,,,,,,,,,,,,,2,888,1,557701405,5,18.5555553436279
5,53,277,2,15,2,,"03",9,,0,0,1,,,,,111,,,,,111,,,,,,,,,,,,1,,,,,,,1,1,1,,,,,,,,,,,,,,2,888,1,557701505,5,18.5555553436279
5,53,277,2,16,2,,"01",11,,0,0,1,,,,,111,,,,,111,,,,,,,,,,,,1,,,,,,,1,0,,,,,,,,,,,,,,,2,888,4,557701605,5,18.5555553436279
5,53,277,2,17,2,,"01",9,,0,0,1,,,,,111,,,,1,,,,,,,,,,,,,1,,,,,,,1,1,1,,,,,,,,,,,,,,2,888,1,557701705,5,18.5555553436279
5,53,277,2,18,2,,"01",11,,0,0,1,,,,,111,,,,,111,,,,,,,,,,,,1,,,,,,,1,1,,1,,,,,,,,,,,,,2,888,1,557701805,5,18.5555553436279
5,53,278,2,1,2,,"01",11,,0,0,1,,,,,111,,,1,,,,,,,,1,,,,,,,,1,,,,,1,1,1,1,,,,,,,,,,,,,2,888,6,557800105,5,18.5555553436279
5,53,278,2,2,2,,"01",9,,0,0,1,,,,,111,,,,,111,,,,,,,,,,,,,,1,,,,,1,1,1,1,,,,,,,,,,,,,2,888,6,557800205,5,18.5555553436279
5,53,278,2,3,2,,"02",9,,0,0,1,,,,,111,,,1,,,,,,,,1,,,,,,,,,,,,,1,1,1,1,,,,,,,,,,,,,2,888,6,557800305,5,18.5555553436279
5,53,278,2,4,2,,"02",11,,0,0,1,,,,,111,,,1,,,,,,,,1,,,,,,,,1,,,,,1,1,1,1,,,,,,,,,,,,,2,888,6,557800405,5,18.5555553436279
5,53,278,2,5,2,,"01",11,,0,0,1,,,,,111,,,,,111,,,,,,,,,,,,,,1,,,,,1,1,1,1,,,,,,,,,,,,,2,888,6,557800505,5,18.5555553436279
5,53,278,2,6,2,,"01",11,,0,0,1,,,,,111,,,1,,,,,,,,,,,,,,,,1,,,,,1,1,1,1,,,,,,,,,,,,,2,888,6,557800605,5,18.5555553436279
5,53,278,2,7,2,,"01",11,,0,0,1,,1,,,,,,,,111,,,,,,,,,,,,,,,,1,,,0,,,,,,,,,,,,,,,,2,888,6,557800705,5,18.5555553436279
5,53,278,2,8,2,,"01",11,,0,0,1,,,,,111,,,,,111,,,,,,,,,,,,,,,,1,,,1,1,1,1,,,,,,,,,,,,,2,888,6,557800805,5,18.5555553436279
5,53,278,2,9,2,,"01",9,,0,0,1,,1,,,,,,,,111,,,,,,,,,,,,,,,,1,,,0,,,,,,,,,,,,,,,,2,888,6,557800905,5,18.5555553436279
5,53,278,2,10,2,,"01",9,,0,0,1,,1,,,,,,,,111,,,,,,,,,,,,,,,,1,,,1,1,1,1,,,,,,,,,,,,,2,888,6,557801005,5,18.5555553436279
5,53,278,2,11,2,,"02",11,,0,0,1,,,,,111,,,,,111,,,,,,,,,,,,,,,,1,,,1,1,1,1,,,,,,,,,,,,,2,888,1,557801105,5,18.5555553436279
5,53,278,2,12,2,,"01",11,,0,0,1,,1,,,,,,,,111,,,,,,,,,,,,,,,,1,,,0,,,,,,,,,,,,,,,,2,888,6,557801205,5,18.5555553436279
5,53,278,2,13,2,,"01",11,,0,0,5,,,,,111,,,,,111,,,,,,,,,,,,,,,,1,,,1,1,1,1,,,,,,,,,,,,,2,888,1,557801305,5,18.5555553436279
5,53,278,2,14,2,,"01",12,,0,0,1,,,,,111,,,,,111,,,,,,,,,,,,,,,,1,,,1,1,1,1,,,,,,,,,,,,,2,888,1,557801405,5,18.5555553436279
5,53,278,2,15,2,,"01",9,,0,0,1,,,,,111,,,,,111,,,,,,,,,,,,,,,,1,,,1,1,1,1,,,,,,,,,,,,,2,888,1,557801505,5,18.5555553436279
5,53,278,2,16,2,,"01",11,,0,0,1,,,,,111,,,,,111,,,,,,,,,,,,,,,,1,,,1,1,1,1,,,,,,,,,,,,,2,888,1,557801605,5,18.5555553436279
5,53,278,2,17,2,,"01",11,,0,0,1,,,,,111,,,1,,,,,,,,,,,,,,,,,,1,,,1,1,1,1,,,,,,,,,,,,,2,888,1,557801705,5,18.5555553436279
5,53,278,2,18,2,,"01",11,,0,0,1,,,,,111,,,,,111,,,,,,,,,,,,,,,,1,,,1,1,1,1,,,,,,,,,,,,,2,888,1,557801805,5,18.5555553436279
5,53,279,2,1,2,,"01",9,,0,0,1,,,,,111,,,,,111,,,,,,,,,,,,,,,,1,,,1,1,1,1,,,,,,,,,,,,,2,888,1,557900105,5,18.5555553436279
5,53,279,2,2,2,,"02",9,,0,0,1,,,,,111,,,,,111,,,,,,,,,,,,1,,,,,,,1,0,,,,,,,,,,,,,,,2,888,1,557900205,5,18.5555553436279
5,53,279,2,3,2,,"02",9,,0,0,1,,,,,111,,,,,111,,,,,,,,,,,,,,,,1,,,1,1,1,1,,,,,,,,,,,,,2,888,1,557900305,5,18.5555553436279
5,53,279,2,4,2,,"02",9,,0,0,1,,,,,111,,,,,111,,,,,,,,,,,,,,,,1,,,1,1,1,1,,,,,,,,,,,,,2,888,1,557900405,5,18.5555553436279
5,53,279,2,5,2,,"01",11,,0,0,1,,1,,,,,,,1,,,,,,,1,,,,,,,,,,,,,1,1,1,,,,,,,,,,,,,,2,888,6,557900505,5,18.5555553436279
5,53,279,2,6,2,,"01",9,,0,0,1,,,,,111,,,,,111,,,,,,,,,,,,,,,,1,,,1,0,,,,,,,,,,,,,,,2,1,6,557900605,5,18.5555553436279
5,53,279,2,7,2,,"01",11,,0,0,1,,,,,111,,,,,111,,,,,,,,,,,,,,,,1,,,0,,,,,,,,,,,,,,,,2,1,6,557900705,5,18.5555553436279
5,53,279,2,8,2,,"01",9,,0,0,1,,,,,111,,,1,,,,,,,,1,,,,,,,,,,,,,1,1,1,1,,,,,,,,,,,,,2,1,4,557900805,5,18.5555553436279
5,53,279,2,9,2,,"01",8,,0,0,1,,,,,111,,,1,,,,,,,,1,,,,,,,,,,,,,1,1,1,1,,,,,,1,,,,,,,2,1,4,557900905,5,18.5555553436279
5,53,279,2,10,2,,"01",9,,0,0,1,,1,,,,,,,1,,,,,,,1,,,,,,,,1,,,,,0,,,,,,,,,,,,,,,,1,888,6,557901005,5,18.5555553436279
5,53,279,2,11,2,,"02",11,,0,0,1,,1,,,,,,,,111,,,,,,,,,,,,,,,,1,,,1,1,1,,,,,,,1,,,1,1,,,2,888,6,557901105,5,18.5555553436279
5,53,279,2,12,2,,"01",11,,0,0,1,,1,,,,,,,,111,,,,,,,,,,,,,,,,1,,,1,1,1,1,,,,,,,,,,,,,2,888,6,557901205,5,18.5555553436279
5,53,279,2,13,2,,"01",11,,0,0,1,,,,,111,,,1,,,,,,,,1,,,,,,,,1,,,,,1,1,1,1,,,,,,,,,,,,,2,888,6,557901305,5,18.5555553436279
5,53,279,2,14,2,,"01",11,,0,0,1,,1,,,,,,,1,,,,,,,1,,,,,,,,,,,,,1,1,1,,,,,,,,,,1,,,,2,888,6,557901405,5,18.5555553436279
5,53,279,2,15,2,,"01",11,,0,0,1,,1,,,,,,,,111,,,1,,,,,,,,,,,,,,,,0,,,,,,,,,,,,,,,,2,888,6,557901505,5,18.5555553436279
5,53,279,2,16,2,,"05",9,,0,0,1,,1,,,,,,,,111,,,,,,,,,,,,1,,1,,,,,0,,,,,,,,,,,,,,,,2,888,6,557901605,5,18.5555553436279
5,53,279,2,17,2,,"01",9,,0,0,5,,1,,,,,,,1,,,,,,,1,,,,,,,,,,,,,0,,,,,,,,,,,,,,,,2,888,6,557901705,5,18.5555553436279
5,53,279,2,18,2,,"01",11,,0,0,1,,1,,,,,,,1,,,,,,,1,,,,,,,,,,,,,1,1,1,,,,,,,1,,,1,1,,,2,888,6,557901805,5,18.5555553436279
5,54,280,2,2,1,628.5525,"01",13,4,2,0,7,3,,1,,,,,1,,,,,,1,,,,,,,,,,,,,,,1,1,,1,,,,,,,,,,,,,2,1,1,568000205,,
5,54,280,2,3,1,1508.526,"02",1,,0,0,1,,,,,111,,,1,,,,,,,,1,,,,,,,,,,,,,1,1,1,1,,,1,,,,,,,,,,2,3,1,568000305,,
5,54,280,2,4,1,628.5525,"01",9,,0,1,1,,,,,111,,,1,,,,,,,,1,,,,,,,,,,,,,1,1,1,1,,,,,,,,,,,,,1,2,1,568000405,,
5,54,280,2,6,1,628.5525,"01",11,,0,0,1,,,,,111,,,1,,,,,,,,1,,,,,,,,,,,,,0,,,,,,,,,,,,,,,,2,1,1,568000605,,
5,54,280,2,7,1,628.5525,"01",9,,0,0,1,,,1,,,,,1,,,,,,,,1,,,,,,,,,,,,,1,1,1,1,,,,,,,,,,,,,2,1,1,568000705,,
5,54,280,2,8,1,628.5525,"04",11,,0,0,1,,,,,111,,,1,,,,,,,,1,,,,,,,,,,,,,1,1,1,1,,,,,,,,,,,,,1,3,1,568000805,,
5,54,280,2,9,1,628.5525,"01",9,,0,0,1,,,,,111,,,,,111,,,,,,,,,,,,,,,,1,,,1,1,1,,,,,,,,,,,,,,2,1,1,568000905,,
5,54,280,2,10,1,1508.526,"02",1,,1,1,5,,,,,,555,11,1,1,,,,,,,1,,,,,,,,1,,,,,1,1,1,1,,,1,,,,,,,,,,2,3,1,568001005,,
5,54,280,2,11,1,1508.526,"01",1,,1,0,5,,,,1,,,,1,,,,,,,1,1,,,,,,,,,,,,,1,1,1,,,,,,,,,,,,,,2,2,1,568001105,,
5,54,280,2,12,1,1508.526,"02",1,,1,0,5,,1,,,,,,1,1,,,,1,,,1,,,,,,,,,,,,,1,1,1,1,,,1,,,,,,,,,,1,3,1,568001205,,
5,54,280,2,14,1,1508.526,"02",1,,0,1,5,,1,,,,,,,1,,,,,,,1,,,,,,,,,,,,,0,,,,,,,,,,,,,,,,1,3,1,568001405,,
5,54,280,2,15,1,1508.526,"01",1,,0,1,5,,,,,111,,,1,1,,,,,,,1,,,,,,,,,,,,,1,1,1,1,,,1,,,1,,,,,,,1,3,1,568001505,,
5,54,280,2,16,1,1508.526,"01",1,,0,1,1,,,,,111,,,,1,,,,,,,1,,,,,,,,,,,,,1,1,1,1,,,1,,,,,,1,,,,1,2,1,568001605,,
5,54,280,2,17,1,1508.526,"02",1,,1,0,5,,1,,,,,,,1,,,,,,,1,,,,,,,,,,,,,1,1,1,,,,1,,,,,,,,,,1,2,1,568001705,,
5,54,280,2,18,1,1508.526,"02",1,,0,0,1,,,,1,,,,,,111,,,,,,,,,,,,,,,,1,,,1,1,1,,,,,,,,,,,,,,1,2,1,568001805,,
5,54,280,2,20,1,628.5525,"01",9,,0,0,5,,,,,111,,,,1,,,,,,,1,,,,,,,,,,,,,1,1,1,,,,,,,,,,1,,,,1,2,1,568002005,,
5,54,280,2,21,1,1508.526,"01",1,,0,0,1,,,,,111,,,1,,,,,,,,1,,,,,,,,,,,,,0,,,,,,,,,,,,,,,,2,2,1,568002105,,
5,54,280,2,22,1,628.5525,"01",11,,1,0,1,,,,,,,,,,,,,,,,,,,,,,,,,,1,,,1,1,1,,,,,,,,,,,,,,2,3,1,568002205,,
5,54,281,1,1,1,48.5068913672217,"02",11,,,,1,,,,,111,,,1,,,,,,,,,,,,,,,,,,1,,,1,1,1,1,,,,,,1,,,,,,,,1,1,568100105,,
5,54,281,1,2,1,271.9723,"02",1,,,,5,,1,,,,,,1,,,,,,,,1,,,,,,,,,,,,,1,1,1,1,,,1,,,,,,,,,,,3,2,568100205,,
5,54,281,1,3,1,48.5068913672217,"02",7,,,,5,,1,,,111,,,1,,,,,,,,,,,,,,,,,,1,,,1,1,1,1,,,,,,,,,,,,,,3,1,568100305,,
5,54,281,1,4,1,48.5068913672217,"02",11,,,,1,,,1,,,,,1,,,,,,,,,,,,,1,,,,,,,,1,1,1,1,,,,,,1,,,,,,,,2,1,568100405,,
5,54,281,1,5,1,48.5068913672217,"01",11,,,,1,,,,,111,,,1,,,,,,,,,,,,,,,,,,1,,,1,1,1,1,,,,,,,,,,,,,,2,1,568100505,,
5,54,281,1,6,1,271.9723,"01",1,,,,1,,,,,111,,,1,,,,,,,,,,,,,,,,,,1,,,1,1,1,1,,,,,,,,,,,,,,2,1,568100605,,
5,54,281,1,7,1,48.5068913672217,"02",11,,,,1,,,,,111,,,,,111,,,,,,,,,,,,,,,,1,,,1,1,1,1,,,,,,,,,,,,,,2,1,568100705,,
5,54,281,1,8,1,271.9723,"01",1,,,,1,,,,1,,,,,,111,,,,,,,,,,,,,,,,1,,,0,,,,,,,,,,,,,,,,,1,1,568100805,,
5,54,281,1,9,1,271.9723,"02",1,,,,4,,1,,,,,,1,,,,,1,,,,,,,,,,,,,,,,1,1,1,1,,,1,,,,,,,,,,,2,1,568100905,,
5,54,281,1,10,1,271.9723,"02",1,,,,5,,,,,111,,,1,,,,,,,,1,,,,,,,,,,,,,1,1,1,,,,,,,,,,,,,,,3,1,568101005,,
5,54,281,1,11,1,271.9723,"01",1,,,,1,,,,,111,,,1,,,,,,,,1,,,,,,,,,,,,,0,,,,,,,,,,,,,,,,,2,1,568101105,,
5,54,281,1,12,1,48.5068913672217,"01",7,,,,5,,1,,,,,,1,,,,,1,,,,,,,,,,,,,,,,1,1,1,,,,,,,,,,,,,,,3,1,568101205,,
5,54,281,1,13,1,271.9723,"01",1,,,,5,,,,1,,,,1,,,,,,,,1,,,,,,,,,,,,,1,1,1,1,,,,,,,,,,,,,,3,1,568101305,,
5,54,281,1,14,1,271.9723,"02",1,,,,5,,1,,,,,,1,,,,,1,,,,,,,,,,,,,,,,1,1,1,,,,,,,,,,,,,,,3,1,568101405,,
5,54,281,1,15,1,271.9723,"01",1,,,,5,,1,,,,,,1,,,,,1,,,,,,,,,,,,,,,,1,1,1,,,,,,,,,,,,,,,3,1,568101505,,
5,54,281,1,16,1,48.5068913672217,"02",11,,,,1,,,,,111,,,1,,,,,,1,,,,,,,,,,,,,,,1,1,,1,,,,,,,,,,,,,,2,1,568101605,,
5,54,281,1,17,1,271.9723,"01",1,,,,5,,1,,,,,,1,,,,,,,,1,,,,,,,,,,,,,1,1,1,1,,,1,,,,,,,,,,,3,1,568101705,,
5,54,281,1,18,1,271.9723,"01",1,,,,5,,1,,,,,,1,,,,,1,,,,,,,,,,,,,,,,1,1,1,,,,,,,,,,,,,,,2,1,568101805,,
5,54,282,1,2,1,155.5122,"02",1,,,,1,,1,,,,,,1,,,,,,1,,,,,,,,,,,,,,,1,1,,,1,1,,,,,,,,,,,,2,1,568200205,,
5,54,282,1,3,1,155.5122,"01",1,,,,1,,,,,111,,,1,1,,,,,,,1,,,,,,,,,,,,,1,0,,,,,,,,,,,,,,,,3,1,568200305,,
5,54,282,1,4,1,155.5122,"01",1,,,,5,,,,,111,,,,1,,,,,,,1,,,,,,,,,,,,,0,,,,,,,,,,,,,,,,,3,1,568200405,,
5,54,282,1,5,1,155.5122,"01",1,,,,1,,,1,,,,,,1,,,,,1,,,,,,,,,,,,,,,1,1,,,,,,,,1,,,,,,,,3,1,568200505,,
5,54,282,1,6,1,155.5122,"04",1,,,,5,,1,,,,,,,,111,,,,,,,,,,,1,,,,,,,,1,1,1,1,,,1,,,,,,,,,,,3,1,568200605,,
5,54,282,1,7,1,155.5122,"02",1,,,,4,,1,,,,,,1,,,,,1,,,1,,,,,,,,,,,,,1,1,1,1,,,1,,,,,,,,,,,2,2,568200705,,
5,54,282,1,8,1,155.5122,"01",1,,,,4,,,,1,,,,1,,,,,,,,,,,,,1,,,,,,,,1,1,1,,,,,,,1,,,1,,,,,3,1,568200805,,
5,54,282,1,9,1,130.323604225352,"01",6,,,,1,,,,1,,,,,,111,,,,,,,,,,,,,,,,1,,,0,,,,,,,,,,,,,,,,,2,1,568200905,,
5,54,282,1,10,1,155.5122,"02",1,,,,4,,1,,,,,,,,111,,,1,,,,,,,,,,,,,,,,1,1,,,,,1,1,,,,,,,,,,3,1,568201005,,
5,54,282,1,11,1,155.5122,"01",1,,,,1,,,,,111,,,,1,,,,,,,1,,,,,,,,,,,,,0,,,,,,,,,,,,,,,,,3,1,568201105,,
5,54,282,1,12,1,155.5122,"03",1,,,,1,,,,,111,,,,1,,,,,,,,,,,,,,,,,1,,,1,1,1,1,,,,,,,,,,,,,,3,1,568201205,,
5,54,282,1,13,1,155.5122,"01",1,,,,5,,,,1,,,,,1,,,,,,,,,,,,,,,,,1,,,0,,,,,,,,,,,,,,,,,3,1,568201305,,
5,54,282,1,14,1,155.5122,"01",1,,,,5,,,1,,,,,,1,,,,,1,,,,,,,,,,,,,,,1,1,1,,,,,,,1,,,,,,,,3,1,568201405,,
5,54,282,1,16,1,155.5122,"02",1,,,,5,,,1,,,,,,1,,,,,,1,,,,,,,,,,,,,,1,1,,1,,,,,,1,,,,,,,,3,1,568201605,,
5,54,282,1,17,1,155.5122,"02",1,,,,5,,1,,,,,,1,,,,,1,,,1,,,,,,,,1,,,,,1,1,1,1,,,1,,,,,,1,,,,,3,1,568201705,,
5,54,282,1,18,1,155.5122,"01",1,,,,5,,,,1,,,,,,111,,,,,,,,,,,,,,1,,,,,1,1,1,1,,,1,,,,,,,,,,,3,2,568201805,,
5,54,282,1,19,1,155.5122,"01",1,,,,5,,1,,,,,,,,111,,,1,,,,,,,,,,,,,,,,1,1,1,1,,,1,1,,1,1,,,,,,,3,1,568201905,,
5,54,282,1,20,1,155.5122,"01",1,,,,1,,1,,,,,,1,,,,,,,,,,,,,,,1,1,,,,,1,0,,,,,,,,,,,,,,,,3,1,568202005,,
5,54,283,1,1,1,277.2759,"01",1,,,,1,,,,,111,,,1,,,,,,,,1,,,,,,,,,,,,,1,1,1,,,,,,,1,,,,,,,,2,1,568300105,,
5,54,283,1,2,1,26.4913280254777,"01",9,,,,5,,,,,111,,,,1,,,,,,,,,,,,,,,,,1,,,1,1,1,1,,,,,,,,,,,,,,1,1,568300205,,
5,54,283,1,3,1,26.4913280254777,"01",9,,,,1,,,,,111,,,,1,,,,,,,1,,,,,,,,,,,,,1,0,,,,,,,,,,,,,,,,2,1,568300305,,
5,54,283,1,4,1,277.2759,"02",1,,,,5,,1,,,,,,1,,,,,,,,1,,,,,,,,,,,,,1,1,1,1,,,,,,1,,,,,,,,2,1,568300405,,
5,54,283,1,5,1,277.2759,"01",1,,,,5,,,,,111,,,,,111,,,,,,,,,,,,,,,,1,,,1,1,1,,,,,,,,,,,,,,,3,1,568300505,,
5,54,283,1,6,1,277.2759,"03",1,,,,5,,1,,,,,,1,,,,,1,,,,,,,,,,,,,,,,1,1,,,,,1,1,,,,,,,,,,3,1,568300605,,
5,54,283,1,7,1,277.2759,"02",1,,,,5,,,,,111,,,1,,,,,,1,,,,,,,,,,,,,,,1,1,1,,,,,,,,,,,,,,,3,1,568300705,,
5,54,283,1,8,1,277.2759,"02",1,,,,4,,,1,,,,,,,111,,,,1,,,,,,,,,,,,,,,1,1,1,1,,,1,,,,,,,,,,,888,1,568300805,,
5,54,283,1,9,1,277.2759,"01",1,,,,1,,,,,111,,,,,111,,,,,,,,,,,,,,,,1,,,1,1,1,,,,1,,,,,,,,,,,3,1,568300905,,
5,54,283,1,10,1,277.2759,"01",1,,,,5,,,,,111,,,,,111,,,,,,,,,,,,,,,,1,,,0,,,,,,,,,,,,,,,,,1,1,568301005,,
5,54,283,1,11,1,277.2759,"01",1,,,,5,,1,,,,,,1,,,,,1,,,,,,,,,,,,,,,,1,1,1,,,,,,,,,,,,,,,3,1,568301105,,
5,54,283,1,12,1,26.4913280254777,"02",11,,,,1,,,,,111,,,,1,,,,,,,,,,,,,,,,,1,,,1,1,1,1,,,,,,,1,,,,,,,2,1,568301205,,
5,54,283,1,13,1,277.2759,"02",1,,,,5,,1,,,,,,1,,,,,,,,,,,,,1,,,,,,,,1,1,,1,,,,,,,,,,1,,,,3,1,568301305,,
5,54,283,1,14,1,277.2759,"02",1,,,,5,,1,,,,,,1,,,,,1,,,,,,,,1,,,,,,,,1,1,1,1,,,1,,,1,,,,,,,,3,1,568301405,,
5,54,283,1,15,1,277.2759,"02",1,,,,5,,1,,,,,,1,,,,,1,,,1,,,,,,,,,,,,,1,1,1,1,,,1,,,1,,,,,,,,3,1,568301505,,
5,54,283,1,16,1,277.2759,"01",1,,,,5,,,,,111,,,,,111,,,,,,,,,,,,,,,,1,,,1,0,,,,,,,,,,,,,,,,1,1,568301605,,
5,54,283,1,17,1,277.2759,"01",1,,,,5,,1,,,,,,1,,,,,1,,,1,,,,,1,,,,,,,,1,1,1,1,,,1,,,1,,,,,,,,3,1,568301705,,
5,54,283,1,19,1,277.2759,"02",1,,,,5,,1,,,,,,1,,,,,1,,,,,,,,,,,,,,,,1,1,1,,,,,,,,,,,,,,,3,1,568301905,,
5,54,284,2,1,1,485.925,"01",1,,0,0,1,,,,,111,,,1,,,,,,,,1,,,,,,,,,,,,,1,1,1,1,,,1,,,,,,,,,,2,3,1,568400105,,
5,54,284,2,2,1,504.9064453125,"02",9,,0,0,1,,1,,,,,,,,111,,,1,,,,,,,,,,,,,,,,1,1,1,1,,,,,,,,,,,,,2,2,1,568400205,,
5,54,284,2,3,1,485.925,"01",1,,0,0,5,,1,,,,,,1,,,,,,,,,,,,,,,,,,1,,,1,1,1,1,,,1,,,,,,,,,,2,2,1,568400305,,
5,54,284,2,4,1,485.925,"01",1,,0,0,1,,,,,111,,,1,,,,,,,,1,,,,,,,,,,,,,1,1,1,1,,,1,,,,,,,,,,2,1,1,568400405,,
5,54,284,2,5,1,504.9064453125,"01",7,,0,0,1,,,,,111,,,,,111,,,,,,,,,,,,,,,,1,,,0,,,,,,,,,,,,,,,,2,2,2,568400505,,
5,54,284,2,6,1,504.9064453125,"01",11,,0,0,1,,1,,,,,,,1,,,,,,,1,,,,,,,,,,,,,1,1,1,1,,,,,,,,,1,,,,2,2,1,568400605,,
5,54,284,2,7,1,485.925,"01",1,,0,0,1,,,,,111,,,1,,,,,,,,1,,,,,,,,,,,,,1,1,1,1,,,1,,,,,,1,,,,1,3,1,568400705,,
5,54,284,2,8,1,485.925,"01",1,,1,0,5,,1,,,,,,1,1,,,,,,,1,,,,,,,,1,,,,,1,1,1,1,,,1,,,,,,1,,,,2,3,1,568400805,,
5,54,284,2,9,1,504.9064453125,"02",13,8,0,0,1,,,,,111,,,,,111,,,,,,,,,,,,,,,,1,,,0,,,,,,,,,,,,,,,,2,1,1,568400905,,
5,54,284,2,10,1,485.925,"01",1,,1,0,1,,,,,111,,,1,,,,,,,,1,,,,,,,,,,,,,1,1,1,,,,,,,,,,,,,,1,3,1,568401005,,
5,54,284,2,11,1,485.925,"02",1,,0,0,1,,,,,111,,,,,111,,,,,,,,,,,,,,,,1,,,1,0,,,,,,,,,,,,,,,2,3,1,568401105,,
5,54,284,2,12,1,485.925,"02",1,,0,0,5,,,,,111,,,,1,,,,,,,1,,,,,,,,1,,,,,1,1,,,,,,,,,,,1,,,,2,3,1,568401205,,
5,54,284,2,13,1,485.925,"01",1,,1,0,5,,1,,,,,,1,,,,,1,,,,,,,,,,,,,,,,1,1,1,,,,,,,,,,,,,,1,2,1,568401305,,
5,54,284,2,14,1,485.925,"02",1,,0,0,5,,,,,111,,,1,,,,,,,,1,,,,,,,,,,,,,1,1,1,1,,,1,,,1,,,1,,,,2,2,1,568401405,,
5,54,284,2,15,1,485.925,"01",1,,1,1,5,,1,,,,,,1,,,,,,,,1,,,,,,,,,,,,,0,,,,,,,,,,,,,,,,2,2,1,568401505,,
5,54,284,2,16,1,485.925,"02",1,,0,0,1,,,,,111,,,,,111,,,,,,,,,,,,,,,,1,,,1,0,,,,,,,,,,,,,,,2,3,1,568401605,,
5,54,284,2,17,1,485.925,"01",1,,1,0,1,,,1,,,,,1,,,,,,1,,,,,,,,,,,,,,,1,1,1,,,,,,,,,,,,,,1,3,1,568401705,,
5,54,284,2,18,1,485.925,"01",1,,0,0,1,,,,,111,,,1,,,,,,,,1,,,,,,,,,,,,,1,1,1,1,,,1,,,1,,,,,,,2,2,1,568401805,,
5,54,285,2,1,1,974.5554,"02",1,,0,1,1,,,,,111,,,1,,,,,,,,1,,,,,,,,,,,,,0,,,,,,,,,,,,,,,,2,1,1,568500105,,
5,54,285,2,2,1,974.5554,"01",1,,0,0,1,,,,,111,,,,1,,,,,,,,,,,,,,,,,1,,,1,1,1,,,,,,,,,,,,,,1,1,1,568500205,,
5,54,285,2,3,1,1710.344727,"01",11,,0,0,1,,,,,111,,,1,,,,,,,,1,,,,,,,,,,,,,0,,,,,,,,,,,,,,,,1,2,1,568500305,,
5,54,285,2,4,1,974.5554,"02",1,,0,0,1,,,,,111,,,1,,,,,,,,,,,,,,,,,,1,,,1,1,1,1,,,1,,,,,,,,,,2,2,1,568500405,,
5,54,285,2,5,1,974.5554,"01",1,,0,0,1,,,,,111,,,1,,,,,,,,,,,,,,,,,,1,,,1,1,1,1,,,,,,,,,,,,,2,1,1,568500505,,
5,54,285,2,6,1,1710.344727,"01",11,,0,0,1,,,,,111,,,1,,,,,,,,,,,,,,,,,,1,,,0,,,,,,,,,,,,,,,,2,3,1,568500605,,
5,54,285,2,7,1,974.5554,"01",1,,0,0,1,,,,,111,,,1,,,,,,,,1,,,,,,,,,,,,,1,1,1,1,,,1,,,,,,,,,,2,2,1,568500705,,
5,54,285,2,8,1,974.5554,"01",1,,0,0,1,,,,,111,,,1,,,,,,,,1,,,,,,,,,,,,,1,1,1,,,,,,,,,,,,,,2,2,1,568500805,,
5,54,285,2,9,1,1710.344727,"04",11,,0,0,1,,,,1,,,,1,,,,,,,,1,,,,,,,,,,,,,1,0,,,,,,,,,,,,,,,2,2,1,568500905,,
5,54,285,2,10,1,974.5554,"01",1,,1,0,1,,,1,,,,,1,,,,,,1,,,,,,,,,,,,,,,1,1,1,,,,,,,,,,,,,,2,1,1,568501005,,
5,54,285,2,11,1,1710.344727,"01",7,,0,0,1,,,,,111,,,1,,,,,,,,,,,,,,,,,,1,,,0,,,,,,,,,,,,,,,,2,2,1,568501105,,
5,54,285,2,12,1,974.5554,"02",1,,1,0,1,,1,,,,,,1,,,,,,1,,,,,,,,,,,,,,,1,1,1,,,,,,,,,,,,,,2,1,1,568501205,,
5,54,285,2,13,1,974.5554,"02",1,,1,0,1,,1,,,,,,1,,,,,,1,,,,,,,,,,,,,,,1,1,1,1,,,,,,,,,,,,,2,1,1,568501305,,
5,54,285,2,14,1,1710.344727,"02",11,,1,0,1,,,1,,,,,1,,,,,,1,,,,,,,,,,,,,,,1,1,1,,,,,,,,,,,,,,2,2,1,568501405,,
5,54,285,2,15,1,974.5554,"02",1,,0,0,1,,,,,111,,,1,,,,,,,,,,,,,,,,,,1,,,0,,,,,,,,,,,,,,,,2,2,1,568501505,,
5,54,285,2,17,1,974.5554,"02",1,,1,0,5,,,,,111,,,1,,,,,1,,,,,,,,,,,,,,,,1,1,1,,,,,,,,,,,,,,2,2,1,568501705,,
5,54,285,2,18,1,974.5554,"01",1,,1,0,1,,,,,111,,,,,111,,,,,,,,,,,,,,,,1,,,1,1,1,,,,,,,,,,,,,,2,1,1,568501805,,
5,54,285,2,19,1,974.5554,"01",1,,0,0,1,,,,1,,,,1,,,,,,,,,,,,,1,,,,,,,,1,0,,,,,,,,,,,,,,,2,1,1,568501905,,
5,54,286,2,1,1,1101.067,"01",11,,0,0,1,,,,,111,,,,1,,,,,,,1,,,,,,,,,,,,,1,0,,,,,,,,,,,,,,,2,2,1,568600105,,
5,54,286,2,2,1,1101.067,"01",9,,0,0,1,,,,1,,,,1,,,,,,,,1,,,,,,,,,,,,,1,1,1,1,,,,,,,,,1,,,,2,3,1,568600205,,
5,54,286,2,3,1,1101.067,"01",11,,0,0,1,,,,1,,,,,1,,,,,,,1,,,,,,,,,,,,,1,1,1,1,,,1,,,,,,1,,,,2,2,1,568600305,,
5,54,286,2,4,1,1101.067,"01",11,,0,0,1,,,1,,,,,1,,,,,,,,,,,,,,,,,,1,,,0,,,,,,,,,,,,,,,,2,1,2,568600405,,
5,54,286,2,6,1,1101.067,"02",9,,0,0,1,,,,,111,,,1,1,,,,,,,1,,,,,,,,,,,,,0,,,,,,,,,,,,,,,,2,3,1,568600605,,
5,54,286,2,8,1,1101.067,"01",9,,0,0,1,,,,,111,,,1,1,,,,,,,1,,,,,,,,1,,,,,1,1,1,1,,,,,,,,,,,,,2,3,1,568600805,,
5,54,286,2,9,1,1101.067,"01",11,,0,0,1,,,,,111,,,,1,,,,,,,1,,,,,,,,,,,,,0,,,,,,,,,,,,,,,,2,2,1,568600905,,
5,54,286,2,10,1,1101.067,"01",9,,0,0,1,,,,,111,,,,1,,,,,,,1,,,,,,,,,,,,,0,,,,,,,,,,,,,,,,1,3,1,568601005,,
5,54,286,2,11,1,1101.067,"01",9,,0,1,1,,,,,111,,,,1,,,,,,,1,,,,,,,,,,,,,0,,,,,,,,,,,,,,,,2,3,1,568601105,,
5,54,286,2,12,1,1101.067,"02",9,,0,0,1,,,,,111,,,,1,,,,,,,1,,,,,,,,,,,,,1,0,,,,,,,,,,,,,,,2,3,1,568601205,,
5,54,286,2,13,1,1101.067,"01",9,,0,0,5,,,,1,,,,1,1,,,,,,,1,,,,,,,,1,,,,,1,1,1,1,,,,,,,,,1,,,,2,3,1,568601305,,
5,54,286,2,14,1,1101.067,"01",8,,0,1,1,,,,,111,,,,1,,,,,,,1,,,,,,,,,,,,,1,1,,,,,1,,,,,,,,,,2,3,1,568601405,,
5,54,286,2,15,1,1101.067,"02",9,,0,0,5,,,1,,,,,,1,,,,,,,,,,,,,,,,,1,,,1,1,1,,,,,,,1,,,,,,,2,3,1,568601505,,
5,54,286,2,16,1,1101.067,"01",9,,0,0,1,,,,,111,,,,1,,,,,,,1,,,,,,,,,,,,,0,,,,,,,,,,,,,,,,2,3,1,568601605,,
5,54,286,2,17,1,1101.067,"02",9,,0,0,1,,,,,111,,,,1,,,,,,,1,,,,,,,,,,,,,1,1,1,1,,,,,,,,,1,,,,2,3,1,568601705,,
5,54,286,2,18,1,1101.067,"01",9,,1,1,5,,,,1,,,,1,1,,,,,,,1,,,,,,,,1,,,,,1,1,1,1,,,,,,,,,,,,,1,3,1,568601805,,
5,54,286,2,19,1,1101.067,"01",9,,0,0,5,,,,1,,,,1,,,,,,,1,1,,,,,,,,,,,,,1,1,1,,,,,,,,,,,,,,1,3,1,568601905,,
5,54,286,2,21,1,1101.067,"02",9,,0,0,1,,,1,,,,,,1,,,,,,,1,,,,,,,,,,,,,1,1,,1,,,,,,,1,,,,,,1,3,1,568602105,,
5,55,287,2,1,1,266.495759398496,"01",11,,0,0,1,,,,,111,,,,,111,,,,,,,,,,,,,,,,1,,,1,1,1,,,,,,,,,,,,,,2,2,1,578700105,,
5,55,287,2,2,1,266.495759398496,"02",7,,0,0,1,,,,1,,,,,1,,,,,,,1,,,,,,,,,,,,,1,0,,,,,,,,,,,,,,,2,2,1,578700205,,
5,55,287,2,3,1,266.495759398496,"02",11,,2,0,1,,,,,111,,,,,111,,,,,,,,,,,,,,,,1,,,1,1,1,,,,,,,,,,,,,,2,1,1,578700305,,
5,55,287,2,4,1,266.495759398496,"01",11,,0,0,1,,,,,,,,,,111,,,,,,,,,,,,,,,,1,,,0,,,,,,,,,,,,,,,,1,2,1,578700405,,
5,55,287,2,5,1,266.495759398496,"01",11,,0,0,1,,,,,111,,,1,,,,,,,,1,,,,,,,1,,,,,,0,,,,,,,,,,,,,,,,2,1,1,578700505,,
5,55,287,2,6,1,266.495759398496,"01",11,,0,0,1,,,,,111,,,,,111,,,,,,,,,,,,,,,,1,,,0,,,,,,,,,,,,,,,,2,888,4,578700605,,
5,55,287,2,7,1,266.495759398496,"01",11,,0,0,1,,,,,111,,,1,,,,,,,,,,,,,,,,,,1,,,0,,,,,,,,,,,,,,,,2,2,1,578700705,,
5,55,287,2,8,1,266.495759398496,"02",9,,0,0,5,,,,,,555,1,,1,,,,,,,1,,,,,1,,,,,,,,1,1,1,,,,,,,,,,1,,,,2,3,1,578700805,,
5,55,287,2,9,1,266.495759398496,"01",9,,2,0,1,,1,,,,,,1,,,,,,1,,,,,,,,,,,,,,,1,1,,1,,,,,,,,,,,,,2,3,1,578700905,,
5,55,287,2,10,1,2013.86,"01",1,,0,0,1,,,,,111,,,,,111,,,,,,,,,,,,,,,,1,,,0,,,,,,,,,,,,,,,,2,2,1,578701005,,
5,55,287,2,11,1,2013.86,"01",1,,0,0,5,,,,1,,,,1,,,,,,,,1,,,,,,,,,,,,,1,1,1,1,,,1,,,,,,,,,,2,2,4,578701105,,
5,55,287,2,12,1,266.495759398496,"01",11,,0,0,1,,,,,111,,,,1,,,,,1,,,,,,,,,,,,,,,0,,,,,,,,,,,,,,,,2,2,1,578701205,,
5,55,287,2,13,1,2013.86,"01",1,,1,0,5,,,,,111,,,1,,,,,,,,1,,,,,,,,,,,,,1,1,1,1,,,1,,,1,,,,,,,2,3,1,578701305,,
5,55,287,2,14,1,2013.86,"01",1,,1,0,5,,1,,,111,,,1,,,,,,,,1,,,,,,,,,,,,,1,1,1,1,,,1,,,1,,,,,,,1,2,1,578701405,,
5,55,287,2,15,1,2013.86,"01",1,,0,0,5,,,,1,,,,,,111,,,,,,,,,,,1,,,,,,,,1,1,1,1,,,1,,,,,,,,,,2,3,2,578701505,,
5,55,287,2,16,1,2013.86,"01",1,,0,1,5,,1,,,,,,,1,,,,,,,1,,,,,,,1,1,,,,,1,1,1,1,,,,,,1,,,1,,,,2,3,1,578701605,,
5,55,287,2,17,1,2013.86,"02",1,,0,1,5,,,,1,,,,1,,,,,,,,1,,,,,1,,,,,,,,1,1,1,,,,1,,,,,,,,,,2,2,1,578701705,,
5,55,287,2,18,1,2013.86,"01",1,,0,0,5,,1,,,,,,1,,,,,,,,1,,,,,,,,,,,,,1,1,1,1,,,1,,,,,,,,,,2,3,1,578701805,,
5,55,288,1,1,1,23.3553164556962,"01",11,,,,1,,,,1,,,,1,,,,,,,,,,,,,1,,,,,,,,1,0,,,,,,,,,,,,,,,,2,1,578800105,,
5,55,288,1,2,1,23.3553164556962,"01",9,,,,5,,,,,111,,,,,111,,,,,,,,,,,,,,,,1,,,1,1,1,1,,,,,,1,,,,,,,,2,1,578800205,,
5,55,288,1,3,1,23.3553164556962,"02",11,,,,1,,1,,,,,,,,111,,,1,,,,,,,,,,,,,,,,1,1,1,1,,,,,,,,,1,,,,,2,1,578800305,,
5,55,288,1,4,1,23.3553164556962,"01",9,,,,5,,1,,,,,,1,1,,,,1,,,1,,,,,,,,,,,,,1,1,1,1,,,,,,1,,,1,,,,,2,1,578800405,,
5,55,288,1,5,1,221.4084,"01",1,,,,5,,,,,111,,,,,111,,,,,,,,,,,,,,,,1,,,1,0,,,,,,,,,,,,,,,,2,1,578800505,,
5,55,288,1,6,1,23.3553164556962,"01",9,,,,5,,1,,,,,,1,1,,,,,,,1,,,,,,,1,,,,,,1,1,1,1,,,,,,1,,,,,,,,3,1,578800605,,
5,55,288,1,7,1,23.3553164556962,"01",11,,,,5,,,,1,,,,,1,,,,,,,,,,,,,,,,,1,,,1,0,,,,,,,,,,,,,,,,1,1,578800705,,
5,55,288,1,8,1,23.3553164556962,"02",11,,,,1,,,,1,,,,,,111,,,,,,,,,,,,,,,,1,,,1,1,1,1,,,,,,,,,1,,,,,2,1,578800805,,
5,55,288,1,9,1,23.3553164556962,"01",9,,,,1,,,,,111,,,,1,,,,,,,1,,,,,,,,,,,,,0,,,,,,,,,,,,,,,,,2,1,578800905,,
5,55,288,1,10,1,221.4084,"01",1,,,,5,,,,,111,,,,1,,,,,,,,,,,,,,,,,1,,,0,,,,,,,,,,,,,,,,,3,1,578801005,,
5,55,288,1,11,1,221.4084,"01",1,,,,5,,,1,,,,,1,,,,,,,,,,,,,1,,,,,,,,1,1,1,1,,,1,,,1,,,,,,,,2,1,578801105,,
5,55,288,1,12,1,221.4084,"02",1,,,,5,,1,,,,,,1,,,,,1,,,,,,,,,,,,,,,,1,1,1,1,,,1,,,,,,,,,,,3,1,578801205,,
5,55,288,1,13,1,221.4084,"01",1,,,,5,,,,,111,,,1,,,,,,,,1,,,,,,,,,,,,,1,1,1,1,,,1,,,,,,,,,,,2,1,578801305,,
5,55,288,1,15,1,221.4084,"02",1,,,,5,,1,,,,,,1,,,,,1,,,,,,,,,,,,,,,,1,1,1,,,,,,,,,,,,,,,2,1,578801505,,
5,55,288,1,16,1,221.4084,"02",1,,,,5,,,,,111,,,,1,,,,,1,,,,,,,,,,,,,,,1,1,,1,,,,,,,,,,,,,,2,1,578801605,,
5,55,288,1,17,1,221.4084,"02",1,,,,5,,1,,,,,,,1,,,,1,,,,,,,,,,,,,,,,1,1,1,,,,,,,,,,,,,,,3,1,578801705,,
5,55,288,1,18,1,221.4084,"01",1,,,,5,,1,,,,,,,1,,,,1,,,1,,,,,,,,,,,,,1,1,1,,1,,,,,,,,,,,,,3,1,578801805,,
5,55,288,1,19,1,221.4084,"01",1,,,,5,,1,1,,,,,1,,,,,,,,,,,,,1,,,,,,,,1,1,1,1,,,1,,,1,,,,,,,,1,2,578801905,,
5,55,289,2,1,1,1183.564,"01",11,,0,0,1,,,,,,555,11,1,,,,,,,,1,,,,,,,,,,,,,1,1,1,1,,,,,,,,,,,,,2,2,1,578900105,,
5,55,289,2,2,1,1183.564,"01",9,,0,0,1,,,,,111,,,1,,,,,,,,1,,,,,,,,,,,,,1,1,1,,,,,,,,,,,,,,2,1,1,578900205,,
5,55,289,2,3,1,1183.564,"01",9,,0,0,1,,1,,,,,,1,,,,,,,,1,,,,,,,,,,,,,1,1,1,1,,,,,,,,,,,,,2,1,1,578900305,,
5,55,289,2,4,1,1183.564,"01",11,,0,0,1,,,,,111,,,,,111,,,,,,,,,,,,,,1,,,,,1,0,,,,,,,,,,,,,,,2,888,2,578900405,,
5,55,289,2,5,1,1183.564,"01",8,,0,0,5,,1,,,,,,,,111,,,,,,,,,,,1,,,,,,,,1,1,1,1,,,,,,,,,,,,,2,3,1,578900505,,
5,55,289,2,6,1,1183.564,"01",9,,0,0,1,,,,,111,,,,,111,,,,,,,,,,,,,,,,1,,,1,1,1,,,,,,,,,,,,,,2,2,1,578900605,,
5,55,289,2,7,1,1183.564,"01",11,,1,0,1,,,,,111,,,1,,,,,,1,,,,,,,,,,,,,,,1,1,1,,,,,,,,,,,,,,2,3,1,578900705,,
5,55,289,2,9,1,1183.564,"02",11,,0,0,1,,,,,111,,,1,,,,,,1,,,,,,,,,,,,,,,1,1,1,,,,,,,,,,,,,,2,888,1,578900905,,
5,55,289,2,10,1,1183.564,"03",9,,1,0,5,,,,,111,,,1,,,,,,,,,,,,,1,,,,,,,,1,1,1,1,,,,,,1,,,,,,,1,3,1,578901005,,
5,55,289,2,11,1,1183.564,"01",9,,0,0,1,,,,1,,,,,,111,,,,,,,,,,,,,,,,1,,,0,,,,,,,,,,,,,,,,2,1,1,578901105,,
5,55,289,2,12,1,1183.564,"02",11,,0,0,1,,,,,111,,,,1,,,,,,,1,,,,,,,,,,,,,1,1,1,,,,,,,,,,,,,,2,2,4,578901205,,
5,55,289,2,13,1,1183.564,"01",8,,0,1,5,,1,,,,,,,1,,,,,,,,,,,,1,,,,,,,,1,1,1,,,,,,,,,,,,,,2,2,1,578901305,,
5,55,289,2,14,1,1183.564,"02",11,,0,0,1,,,,1,,,,1,,,,,,,,1,,,,,,,,,,,,,1,1,1,1,,,,,,,,,,,,,2,2,1,578901405,,
5,55,289,2,16,1,1183.564,"01",9,,0,0,1,,,,,111,,,,1,,,,,,,1,,,,,,,,,,,,,0,,,,,,,,,,,,,,,,2,1,1,578901605,,
5,55,289,2,17,1,1183.564,"02",11,,0,0,1,,,,,111,,,1,,,,,,,,1,,,,,,,,,,,,,0,,,,,,,,,,,,,,,,2,2,1,578901705,,
5,55,289,2,18,1,1183.564,"01",11,,0,0,1,,,,,111,,,1,,,,,,,,1,,,,,,,,,,,,,1,1,1,1,,,,,,1,,,,,,,2,3,1,578901805,,
5,55,289,2,19,1,1183.564,"02",11,,2,0,5,,1,,,,,,1,,,,,1,,,,,,,,,,,,,,,,1,1,1,,,,,,,,,,,,,,2,2,1,578901905,,
5,55,289,2,20,1,1183.564,"02",11,,0,1,1,,,,1,,,,,,111,,,,,,,,,,,,,,,,1,,,1,1,1,,,,,,,,,,1,,,,2,2,1,578902005,,
5,55,290,2,1,3,14.105018212766,"02",11,,0,0,1,,,,,111,,,1,,,,,,,,1,,,,,,,,,,,,,1,1,1,1,,,,,,,,,,,,,2,3,1,579000105,,
5,55,290,2,2,3,14.105018212766,"01",11,,0,0,1,,,,1,,,,,,111,,,,,,,,,,,1,,,,,,,,0,,,,,,,,,,,,,,,,2,3,1,579000205,,
5,55,290,2,3,3,14.105018212766,"02",5,,1,1,5,,,,,111,,,1,,,,,,1,,,,,,,,,,,,,,,1,1,1,,,,,,,,,,,,,,2,3,1,579000305,,
5,55,290,2,4,3,14.105018212766,"02",11,,0,1,1,,,,,111,,,,1,,,,,,,1,,,,,,,,,,,,,1,0,,,,,,,,,,,,,,,2,2,1,579000405,,
5,55,290,2,5,3,75.33362,"01",1,,0,0,1,,,,,111,,,,,111,,,,,,,,,,,,,,,,1,,,1,0,,,,,,,,,,,,,,,2,2,2,579000505,,
5,55,290,2,6,3,14.105018212766,"01",6,,0,0,1,,,,,111,,,,1,,,,,,,1,,,,,,,,,,,,,0,,,,,,,,,,,,,,,,2,2,1,579000605,,
5,55,290,2,7,3,14.105018212766,"01",11,,0,0,1,,,,,111,,,,1,,,,,,,,,,,,,,,1,,,,,1,1,1,,,,,,,1,,,,,,,1,2,1,579000705,,
5,55,290,2,8,3,14.105018212766,"01",9,,0,0,1,,,,,111,,,,1,,,,,,,1,,,,,,,,,,,,,1,1,1,,,,,,,,,,1,,,,1,2,1,579000805,,
5,55,290,2,9,3,14.105018212766,"01",6,,0,0,1,,,,,111,,,,,111,,,,,,,,,,,,,,,,1,,,0,,,,,,,,,,,,,,,,2,3,1,579000905,,
5,55,290,2,11,3,75.33362,"02",1,,0,1,1,,1,,1,,,,,1,,,,,,,,,,,,1,,,,,,,,1,1,,,,,,,,,,,1,,,,1,3,1,579001105,,
5,55,290,2,12,3,14.105018212766,"02",11,,0,1,1,,1,,,,,,,,111,,,,,,,,,,,1,,,,,,,,1,1,1,,,,,,,,,,,,,,2,3,1,579001205,,
5,55,290,2,13,3,75.33362,"01",1,,1,0,5,,1,,,111,,,1,,,,,1,,,1,,,,,,,,,,,,,1,1,1,1,,,1,,,,,,,,,,1,3,1,579001305,,
5,55,290,2,14,3,75.33362,"01",1,,0,0,1,,,,1,,,,,,111,,,,,,,,,,,,,,,,1,,,1,0,,,,,,,,,,,,,,,2,3,1,579001405,,
5,55,290,2,15,3,75.33362,"01",1,,0,0,1,,,,,111,,,,1,,,,,,,1,,,,,,,,,,,,,0,,,,,,,,,,,,,,,,2,2,1,579001505,,
5,55,290,2,16,3,75.33362,"03",1,,0,2,5,,,,1,,,,,1,,,,,,,,,,,,1,,,,,,,,1,1,,,,,,,,,,,1,,,,1,3,1,579001605,,
5,55,290,2,17,3,75.33362,"01",1,,1,0,5,,,,,111,,,1,,,,,,,,,,,,,,,,,,1,,,1,0,,,,,,,,,,,,,,,2,2,1,579001705,,
5,55,290,2,18,3,75.33362,"03",1,,0,2,5,,,,1,,,,1,,,,,,,,,,,,,1,,,,,,,,1,1,1,1,,,,,,,,,,,,,1,3,1,579001805,,
5,55,290,2,21,3,14.105018212766,"01",5,,1,0,5,,,,,111,,,1,,,,,,1,,,,,,,,,,,,,,,1,1,1,,,,,,,,,,,,,,2,888,2,579002105,,
5,55,291,2,2,3,59.21156,"01",1,,0,1,5,,,,1,,,,1,,,,,,,,,,,,,1,,,,,,,,1,1,1,,,,,,,,,,,,,,1,2,1,579100205,,
5,55,291,2,3,3,59.8551639130435,"02",11,,0,0,1,,,,1,,,,,,111,,,,,,,,,,,1,1,,1,,,,,1,1,1,1,,,,,,,,,,,,,2,2,1,579100305,,
5,55,291,2,4,3,59.8551639130435,"02",11,,0,1,1,,,,,111,,,1,,,,,,,,,,,,,,,,,,1,,,1,0,,,,,,,,,,,,,,,2,2,1,579100405,,
5,55,291,2,5,3,59.8551639130435,"01",5,,0,0,1,,,,,111,,,1,,,,,,,,,,,,,,,,,,1,,,1,1,1,,,,,,,,,,,,,,2,3,1,579100505,,
5,55,291,2,6,3,59.8551639130435,"02",11,,0,0,1,,,,,111,,,,1,,,,,,,1,,,,,,1,,1,,,,,0,,,,,,,,,,,,,,,,2,3,1,579100605,,
5,55,291,2,7,3,59.8551639130435,"01",9,,0,1,1,,,,,111,,,,,111,,,,,,,,,,,,,,,,1,,,1,1,1,1,,,,,,,,,,,,,2,2,1,579100705,,
5,55,291,2,8,3,59.8551639130435,"03",11,,0,0,1,,,,1,,,,,,111,,,,,,,,,,,1,,,,,,,,0,,,,,,,,,,,,,,,,2,3,1,579100805,,
5,55,291,2,9,3,59.8551639130435,"01",5,,0,1,5,,,,1,,,,,,111,,,,,,,,,,,,,,,,1,,,1,1,1,,,,,,,,,,,,,,2,3,1,579100905,,
5,55,291,2,11,3,59.21156,"01",1,,0,1,1,,,,1,,,,1,,,,,,,,,,,,,1,,,,,,,,1,1,1,1,,,1,,,,,,,,,,2,3,1,579101105,,
5,55,291,2,13,3,59.21156,"01",1,,0,1,5,,,,1,,,,,1,,,,,,,,1,,,,1,,,,,,,,1,1,1,1,,,1,,,1,,,,,,,2,2,1,579101305,,
5,55,291,2,14,3,59.21156,"01",1,,0,1,1,,,,,111,,,,,,555,3,,,,,,,,,,,,,,1,,,1,1,1,,,,1,,,,,,,,,,2,3,1,579101405,,
5,55,291,2,15,3,59.21156,"01",1,,0,1,5,,,,1,,,,,,111,,,,,,,,,,,1,,,,,,,,1,0,,,,,,,,,,,,,,,2,2,1,579101505,,
5,55,291,2,16,3,59.21156,"01",1,,0,1,5,,1,,,,,,1,,,,,,,,,,,,,1,,,,,,,,1,1,1,1,,,,,,,,,,,,,1,3,1,579101605,,
5,55,291,2,17,3,59.21156,"01",1,,0,1,1,,1,,,,,,1,,,,,,,,,,,,,1,,,,,,,,1,1,1,1,,,,,,,,,1,,,,1,2,1,579101705,,
5,55,291,2,18,3,59.21156,"01",1,,0,1,5,,1,,,,,,1,,,,,,,,,,,,,1,,,,,,,,1,1,1,1,,,,,,,,,,,,,1,3,1,579101805,,
5,55,291,2,19,3,59.8551639130435,"01",11,,0,1,1,,,,,111,,,1,,,,,,,,1,,,,,,,,,,,,,1,1,1,1,,,,,,,,,,,,,2,2,1,579101905,,
5,55,291,2,21,3,59.21156,"01",1,,1,1,5,,1,,1,,,,1,,,,,,,,,,,,,,,,,,1,,,1,1,1,1,,,1,,,,,,,,,,2,2,1,579102105,,
5,55,291,2,22,3,59.21156,"01",1,,0,1,5,,,,1,,,,,1,,,,,,,1,,,,,1,1,,1,,,,,1,1,1,1,,,1,,,,,,,,,,2,3,1,579102205,,
5,55,292,2,1,3,24.87571,"01",1,,0,1,5,,,,1,,,,,1,,,,,,1,,,,,,1,,,,,,,,1,1,1,1,,,1,,,,,,,,,,2,3,4,579200105,,
5,55,292,2,3,3,24.87571,"03",1,,0,1,1,,1,,1,,,,1,,,,,,,,,,,,,1,,,,,,,,1,1,1,,,,,,,,,,,,,,1,3,1,579200305,,
5,55,292,2,4,3,24.87571,"01",1,,0,0,1,,,,1,,,,1,,,,,,,,,,,,,1,,,,,,,,0,,,,,,,,,,,,,,,,2,1,555,579200405,,
5,55,292,2,5,3,24.87571,"02",1,,1,0,5,,1,,,,,,,1,,,,1,,,1,,,,,,,,,,,,,1,1,1,1,,,1,,,,,,,,,,2,2,1,579200505,,
5,55,292,2,6,3,24.87571,"02",1,,0,0,5,,,,,111,,,1,,,,,,,,1,,,,,,,,,,,,,1,1,1,1,,,,,,,,,1,,,,2,3,1,579200605,,
5,55,292,2,7,3,24.87571,"03",1,,0,0,1,,,,1,,,,,,111,,,,,,,,,,,1,,,,,,,,1,1,1,1,,,1,,,,,,,,,,2,3,1,579200705,,
5,55,292,2,8,3,24.87571,"01",1,,0,0,1,,,,,111,,,1,,,,,,,,1,,,,,,,,,,,,,1,1,1,1,,,1,,,,,,,,,,2,3,1,579200805,,
5,55,292,2,9,3,24.87571,"01",1,,0,1,5,,1,,,,,,,,111,,,,,,,,,,,1,,,,,,,,1,1,1,1,,,,,,,,,1,,,,2,2,1,579200905,,
5,55,292,2,10,3,24.87571,"01",1,,0,1,5,,,1,,,,,,1,,,,,,,1,,,,,,1,,1,,,,,1,1,1,1,,,1,,,,,,,,,,2,3,1,579201005,,
5,55,292,2,11,3,24.87571,"02",1,,0,1,1,,,,,111,,,1,,,,,,,,,,,,,,,,,,1,,,1,1,1,,,,,,,,,,,,,,2,3,1,579201105,,
5,55,292,2,12,3,24.87571,"01",1,,0,0,1,,,,1,,,,,,111,,,,,,,,,,,,,,,,1,,,1,1,1,1,,,,,,,,,,,,,2,2,1,579201205,,
5,55,292,2,13,3,24.87571,"02",1,,0,1,1,,,,,111,,,1,,,,,,,,,,,,,,,,,,1,,,1,1,1,,,,,,,,,,,,,,2,3,1,579201305,,
5,55,292,2,14,3,24.87571,"01",1,,0,0,1,,,,,111,,,,,111,,,,,,,,,,,1,,,,,,,,1,1,1,1,,,1,,,,,,,,,,1,888,1,579201405,,
5,55,292,2,16,3,24.87571,"01",1,,0,0,5,,,,,,555,11,1,,,,,,,,,,,,,,,,,,1,,,1,1,1,1,,,1,,,,,,,,,,1,3,1,579201605,,
5,55,292,2,17,3,24.87571,"01",1,,0,1,5,,1,,,,,,1,,,,,,,,,,,,,1,,,,,,,,1,1,1,1,,,,,,,,,,,,,1,2,1,579201705,,
5,55,292,2,18,3,24.87571,"01",1,,0,1,5,,,,1,,,,,,111,,,,,,,,,,,1,,,,,,,,1,1,1,1,,,1,,,,,,,,,,1,2,1,579201805,,
5,55,292,2,19,3,24.87571,"01",1,,0,1,5,,,,,111,,,,,111,,,,,1,,,,,,,,,,,,,,1,1,1,1,,,1,,,,,,,,,,2,3,1,579201905,,
5,55,292,2,20,3,24.87571,"01",1,,0,0,1,,,,,111,,,,,111,,,,,,,,,,,1,,,,,,,,1,0,,,,,,,,,,,,,,,1,2,1,579202005,,
5,55,293,2,1,3,6.88020618556701,"01",11,,0,0,1,,1,,,,,,1,,,,,,,,,,,,,1,,,,,,,,1,1,1,1,,,,,,,,,1,,,,2,2,1,579300105,,
5,55,293,2,2,3,6.88020618556701,"01",11,,0,0,1,,,,,111,,,,,111,,,,,,,,,,,,,,,,1,,,1,1,1,1,,,,,,,,,,,,,2,1,1,579300205,,
5,55,293,2,4,3,44.492,"01",1,,0,0,1,,,,1,,,,,,111,,,,,,,,,,,,,,,,1,,,1,1,1,,,,,,,,,,,,,,1,1,1,579300405,,
5,55,293,2,5,3,44.492,"02",1,,0,1,1,,,,1,,,,1,,,,,,,1,,,,,,,,,,,,,,1,1,1,,,,,,,,,,,,,,2,3,2,579300505,,
5,55,293,2,6,3,44.492,"01",1,,0,0,1,,,,,111,,,,,111,,,,,,,,,,,,,,,,1,,,0,,,,,,,,,,,,,,,,2,2,1,579300605,,
5,55,293,2,7,3,44.492,"01",1,,0,0,1,,,,1,,,,,,,555,3,,,,,,,,,1,,,,,,,,1,1,1,1,,,,,,,,,,,,,1,2,1,579300705,,
5,55,293,2,8,3,44.492,"01",1,,0,0,1,,,,,111,,,,,,555,3,,,,,,,,,1,,,,,,,,0,,,,,,,,,,,,,,,,2,3,1,579300805,,
5,55,293,2,9,3,44.492,"01",1,,0,0,1,,,,,111,,,,,111,,,,,,,,,,,,,,,,1,,,0,,,,,,,,,,,,,,,,2,1,1,579300905,,
5,55,293,2,10,3,6.88020618556701,"01",11,,0,0,5,,1,,,,,,1,,,,,,,,1,,,,,1,,,,,,,,1,1,1,1,,,,,,,,,1,,,,2,2,1,579301005,,
5,55,293,2,12,3,44.492,"01",1,,0,0,1,,,,1,,,,,,111,,,,,,,,,,,,,,,,1,,,1,1,1,1,,,1,,,,,,,,,,2,1,1,579301205,,
5,55,293,2,13,3,44.492,"01",1,,0,1,1,,,,,,555,11,1,,,,,,,,,,,,,1,,,,,,,,1,1,1,1,,,1,,,,,,,,,,1,2,1,579301305,,
5,55,293,2,14,3,44.492,"02",1,,0,0,1,,,,,111,,,,,111,,,,,1,,,,,,,,,,,,,,1,0,,,,,,,,,,,,,,,2,3,1,579301405,,
5,55,293,2,15,3,44.492,"01",1,,0,1,5,,1,,,,,,1,,,,,1,,,,,,,,,,,,,,,,1,1,1,1,,,1,,,,,,,,,,2,2,1,579301505,,
5,55,293,2,16,3,44.492,"01",1,,0,0,5,,,,,111,,,1,,,,,,,,,,,,,,,,,,1,,,1,1,1,1,,,1,,,,,,,,,,2,3,1,579301605,,
5,55,293,2,17,3,44.492,"01",1,,0,1,1,,,,1,,,,1,,,,,,,,,,,,,,,,,,1,,,1,1,1,1,,,1,,,,,,,,,,2,1,1,579301705,,
5,55,293,2,18,3,44.492,"01",1,,0,1,1,,1,,,,,,1,,,,,,,,,,,,,1,,,,,,,,1,1,1,1,,,,,,,,,1,,,,2,3,1,579301805,,
5,55,293,2,19,3,44.492,"01",1,,0,0,1,,,,1,,,,,,111,,,,,,,,,,,,,,,,1,,,0,,,,,,,,,,,,,,,,2,1,1,579301905,,
5,55,293,2,20,3,44.492,"01",1,,0,0,5,,,,1,,,,,,111,,,,,,,,,,,,1,,,,,,,1,1,1,,,,,,,,,,,,,,2,1,1,579302005,,
5,55,294,2,1,1,630.286,"03",11,,0,0,1,,,,,111,,,,,111,,,,,,,,,,,,,,,,1,,,1,1,1,,,,,,,,,,,,,,2,2,1,579400105,,
5,55,294,2,2,1,630.286,"02",6,,0,0,1,,,,,111,,,,,111,,,,,,,,,,,,,,,,1,,,1,1,1,,,,,,,,,,,,,,2,2,2,579400205,,
5,55,294,2,3,1,630.286,"01",11,,0,1,1,,,,1,,,,,1,,,,,,,,,,,,1,1,,1,,,,,1,1,1,,,,1,1,,,,,,,,,2,2,1,579400305,,
5,55,294,2,4,1,630.286,"02",11,,0,0,5,,,,,111,,,,1,,,,,,,1,,,,,,,,,,,,,1,1,1,1,,,,,,,,,,,,,1,2,1,579400405,,
5,55,294,2,5,1,630.286,"01",11,,0,0,1,,,,,,,,1,,,,,,,,1,,,,,,1,,1,,,,,1,1,1,1,,,,,,,,,,,,,2,2,1,579400505,,
5,55,294,2,6,1,630.286,"01",9,,0,0,1,,,,,111,,,1,,,,,,,,1,,,,,,,,,,,,,1,1,1,1,,,,,,,,,,,,,2,2,4,579400605,,
5,55,294,2,7,1,630.286,"02",11,,0,0,1,,,,,111,,,,,,555,3,,,,1,,,,,,,,,,,,,1,0,,,,,,,,,,,,,,,1,2,1,579400705,,
5,55,294,2,8,1,630.286,"02",11,,0,0,1,,,,1,,,,1,,,,,,,,,,,,,1,,,,,,,,1,1,1,,,,,,,,,,,,,,2,2,1,579400805,,
5,55,294,2,9,1,630.286,"02",11,,0,0,1,,,,,111,,,1,,,,,,,,1,,,,,,,,,,,,,1,1,1,1,,,,,,,,1,,,,,2,2,1,579400905,,
5,55,294,2,10,1,2260.336,"01",1,,0,1,5,,,,,111,,,,,111,,,,,,,,,,,,,,,,1,,,1,1,1,1,,,,1,,,,,,,,,1,3,1,579401005,,
5,55,294,2,11,1,2260.336,"01",1,,0,0,1,,,,1,,,,1,,,,,,,,,,,,,1,,,,,,,,1,1,1,1,,,1,,,,,,,,,,2,2,1,579401105,,
5,55,294,2,12,1,2260.336,"01",1,,0,1,1,,,,1,,,,,,111,,,,,,,,,,,1,,,,,,,,1,1,1,1,,,1,,,,,,,,,,1,2,1,579401205,,
5,55,294,2,13,1,2260.336,"01",1,,0,0,1,,,,1,,,,,,,555,3,,,,,,,,,1,,,,,,,,1,1,1,,,,1,,,,1,,,,,,1,2,1,579401305,,
5,55,294,2,14,1,2260.336,"01",1,,0,0,1,,,,1,,,,1,,,,,,,,,,,1,,,,,,,,,,1,1,1,1,,,,,,,,,1,,,,2,2,1,579401405,,
5,55,294,2,15,1,2260.336,"02",1,,0,0,1,,,,,111,,,,1,,,,,,,,,,,,,,,,,1,,,1,0,,,,,,,,,,,,,,,2,2,1,579401505,,
5,55,294,2,16,1,2260.336,"02",1,,0,0,1,,,,1,,,,1,,,,,,,,,,,,,1,,,,,,,,1,1,1,,,,,,,,,,,,,,1,2,1,579401605,,
5,55,294,2,17,1,2260.336,"01",1,,0,0,1,,1,,,,,,1,,,,,,,,,,,,,1,,,,,,,,0,,,,,,,,,,,,,,,,2,2,1,579401705,,
5,55,294,2,18,1,2260.336,"01",1,,0,1,1,,1,,,,,,1,,,,,,,,,,,,,1,,,,,,,,1,1,1,1,,,,,,,,1,,,,,1,2,1,579401805,,
5,55,295,2,1,3,13.9957238392857,"01",11,,0,0,1,,,,,111,,,,1,,,,,,,1,,,,,,,,,,,,,1,1,1,1,,,,,,,,,1,,,,2,2,1,579500105,,
5,55,295,2,2,3,13.9957238392857,"01",11,,0,0,1,,,,,111,,,,1,,,,,,,1,,,,,,,,,,,,,1,1,1,1,1,,,,,,,,1,,,,2,2,1,579500205,,
5,55,295,2,3,3,68.15309,"02",1,,0,1,5,,,,1,,,,,1,,,,,,,1,,,,,1,,,,,,,,1,1,1,1,,,1,,,,,,,,,,1,2,1,579500305,,
5,55,295,2,4,3,13.9957238392857,"01",11,,0,1,1,,,,,111,,,1,,,,,,,,,,,,,,,,,,1,,,1,1,1,,,,,,,,,,,,,,2,2,1,579500405,,
5,55,295,2,5,3,13.9957238392857,"01",11,,0,0,1,,1,,,,,,,1,,,,,,,,,,,1,,,,,,,,,1,1,1,1,,,,,,,,,,,,,2,1,1,579500505,,
5,55,295,2,6,3,13.9957238392857,"01",11,,0,0,1,,,,,111,,,,,111,,,,,,,,,,,,1,,1,,,,,1,1,,,,,,,,,,,,,555,2,2,1,1,579500605,,
5,55,295,2,7,3,13.9957238392857,"02",11,,0,0,1,,,,,111,,,1,,,,,,,,,,,,,,,,,,1,,,1,1,1,,,,,,,,,,,,,,2,2,2,579500705,,
5,55,295,2,8,3,13.9957238392857,"01",11,,0,0,1,,,,,111,,,,,111,,,,,,,,,,,,,,,,1,,,0,,,,,,,,,,,,,,,,2,1,555,579500805,,
5,55,295,2,9,3,13.9957238392857,"01",11,,0,0,1,,,,,111,,,1,,,,,,,,,,,,,,,,,,1,,,1,0,,,,,,,,,,,,,,,2,2,1,579500905,,
5,55,295,2,10,3,68.15309,"01",1,,0,1,1,,,,1,,,,,,111,,,,,,,,,,,1,,,,,,,,1,1,1,1,,,1,,,,,,,,,,2,2,1,579501005,,
5,55,295,2,11,3,68.15309,"01",1,,0,0,1,,1,,,,,,,,111,,,,,,,,,,,,,,,,,555,7,1,1,1,1,,,1,,,,,,,,,,2,2,1,579501105,,
5,55,295,2,12,3,68.15309,"02",1,,1,1,5,,,1,,,,,,1,,,,,1,,,,,,,,,,,,,,,1,1,1,1,,1,,,,,,,,,,,2,2,1,579501205,,
5,55,295,2,13,3,68.15309,"01",1,,0,0,5,,,,,111,,,,1,,,,,,,,,,,,1,,,,,,,,1,1,1,1,,,,,,,,,,,,,2,2,1,579501305,,
5,55,295,2,14,3,68.15309,"02",1,,0,0,1,,,,,111,,,1,,,,,,,,,,,,,,,,,,1,,,1,0,,,,,,,,,,,,,,,2,2,2,579501405,,
5,55,295,2,15,3,68.15309,"01",1,,0,1,5,,,,,111,,,1,,,,,,,,,,,,,,,,,,1,,,1,1,1,1,,,1,,,,,,,,,,2,1,1,579501505,,
5,55,295,2,16,3,68.15309,"02",1,,0,0,5,,,,1,,,,,,111,,,,,,,,,,,1,,,,,,,,0,,,,,,,,,,,,,,,,2,1,1,579501605,,
5,55,295,2,17,3,13.9957238392857,"01",11,,0,0,2,,,,1,,,,,,,555,3,,,,,,,,,,,,,,1,,,1,1,1,1,,,,,,,,,,,,,1,2,1,579501705,,
5,55,295,2,18,3,68.15309,"01",1,,0,0,5,,,,,111,,,1,,111,,,,,,,,,,,,,,,,1,,,1,1,1,,,,,,,,,,,,,,2,2,1,579501805,,
5,55,296,2,1,3,7.95912688172043,"01",11,,0,0,1,,,,,111,,,1,,,,,,,,1,,,,,,,,,,,,,1,1,1,1,,,,,,,,,1,,,,2,2,2,579600105,,
5,55,296,2,2,3,7.95912688172043,"01",11,,0,0,1,,,,,111,,,,1,,,,,,,1,,,,,,,,,,,,,0,,,,,,,,,,,,,,,,2,1,1,579600205,,
5,55,296,2,3,3,7.95912688172043,"01",11,,0,1,1,,,,,111,,,,1,,,,,,,1,,,,,,,,,,,,,1,0,,,,,,,,,,,,,,,2,2,1,579600305,,
5,55,296,2,4,3,7.95912688172043,"01",11,,0,1,1,,,,,111,,,1,,,,,,,,1,,,,,,,,,,,,,1,1,1,1,,,,,,,,,,,,,1,2,1,579600405,,
5,55,296,2,5,3,7.95912688172043,"01",11,,0,0,2,,,,1,,,,,,,555,3,,,,,,,,,1,,,,,,,,1,1,1,1,,,,,,,,,,,,,2,1,1,579600505,,
5,55,296,2,6,3,7.95912688172043,"01",9,,0,0,1,,1,,,,,,1,,,,,,,,1,,,,,1,,,,,,,,1,1,1,1,,,,,,,,,1,,,,2,1,1,579600605,,
5,55,296,2,7,3,67.2908,"01",1,,0,0,5,,,,1,,,,,1,,,,,,,,,,,,,,,,,,,,1,1,1,1,,,1,,,,,,,,,,1,1,1,579600705,,
5,55,296,2,8,3,67.2908,"01",1,,0,1,1,,,,,,555,11,1,,,,,,,,,,,,,,,,,,1,,,1,1,1,1,,,,,,,,,,,,,2,3,1,579600805,,
5,55,296,2,9,3,67.2908,"01",1,,0,0,1,,,,,111,,,1,,,,,,,,,,,,,,,,,,1,,,1,1,1,1,,,,1,,,,,,,,,1,2,1,579600905,,
5,55,296,2,10,3,67.2908,"02",1,,0,0,1,,1,,,,,,1,,,,,,,,,,,,,1,,,,,,,,1,1,1,1,,,,,,,,,,,,,2,2,1,579601005,,
5,55,296,2,11,3,67.2908,"01",1,,1,1,5,,1,,,111,,,,,111,,,,,,,,,,,,,,,,1,,,1,1,1,1,,,1,,,,1,,,,,,1,2,1,579601105,,
5,55,296,2,12,3,67.2908,"01",1,,0,0,1,,1,,,,,,1,,,,,,,,1,,,,,,,,,,,,,1,1,1,1,,,1,,,,,,,,,,1,888,4,579601205,,
5,55,296,2,13,3,7.95912688172043,"01",11,,0,0,1,,,,,111,,,1,,,,,,,,,,,,,,,,,,1,,,0,,,,,,,,,,,,,,,,2,2,1,579601305,,
5,55,296,2,14,3,67.2908,"01",1,,1,0,5,,,,,111,,,1,,,,,,,,1,,,,,,,,,,,,,1,1,1,1,,,,,,,,,1,,,,2,2,1,579601405,,
5,55,296,2,15,3,67.2908,"01",1,,0,0,5,,,,,111,,,1,,,,,,,,,,,,,,,,,,1,,,1,1,1,1,,,1,,,,,,,,,,2,2,1,579601505,,
5,55,296,2,16,3,67.2908,"01",1,,0,0,1,,1,,,,,,1,,,,,,,,,,,,1,,,,,,,,,1,1,1,1,,,,,,,,,,,,,1,2,1,579601605,,
5,55,296,2,17,3,67.2908,"01",1,,1,1,5,,,,1,,,,,1,,,,,,,1,1,,,,1,,,,,,,,1,1,1,1,,,1,,,,,,,,,,1,2,1,579601705,,
5,55,296,2,18,3,67.2908,"01",1,,0,0,1,,,,,,555,11,1,,,,,,,,,,,,,,,,,,1,,,1,1,1,1,,,1,,,,,,,,,,2,1,1,579601805,,
5,55,297,2,1,3,54.5306142265193,"02",9,,0,1,5,,,,1,,,,1,,,,,,,,,,,,,1,,,,,,,,1,1,1,,,,,,,,,,,,,,2,2,1,579700105,,
5,55,297,2,2,3,54.5306142265193,"01",11,,0,1,1,,,,,111,,,,,111,,,,,,,,,,,,,,,,1,,,0,,,,,,,,,,,,,,,,2,2,1,579700205,,
5,55,297,2,3,3,54.5306142265193,"01",11,,0,0,1,,,,,111,,,1,,,,,,,,,,,,,,,,,,1,,,1,1,1,,,,,,,,,,,,,,2,2,1,579700305,,
5,55,297,2,5,3,54.5306142265193,"02",11,,0,1,1,,,,1,,,,1,,,,,,,,,,,,,1,,,,,,,,1,1,1,,,,,,,,,,,,,,2,2,1,579700505,,
5,55,297,2,7,3,54.5306142265193,"01",11,,0,0,1,,,,,111,,,1,,,,,,,,,,,,,,,,,,1,,,0,,,,,,,,,,,,,,,,2,2,1,579700705,,
5,55,297,2,8,3,54.5306142265193,"02",5,,0,0,1,,,,,111,,,1,,,,,,,,,,,,,,,,,,1,,,1,1,1,,,,,,,,,,,,,,1,2,1,579700805,,
5,55,297,2,9,3,54.5306142265193,"01",11,,0,0,1,,,,,111,,,1,,,,,,,,,,,,,,1,,,,,,,0,,,,,,,,,,,,,,,,2,1,2,579700905,,
5,55,297,2,10,3,42.45179,"02",1,,0,1,1,,,,1,,,,,,111,,,,,,,,,,,1,1,,1,,,,,1,1,1,1,,,1,,,,,,,,,,2,2,1,579701005,,
5,55,297,2,11,3,42.45179,"01",1,,0,0,5,,,1,,,,,,1,,,,,,,1,,,,,,,,,,,,,1,1,1,1,,,1,,,,,,,,,,2,2,1,579701105,,
5,55,297,2,12,3,42.45179,"01",1,,0,0,5,,,,,111,,,,1,,,,,,,1,,,,,,,,,,,,,1,1,1,1,,,1,1,,,1,,1,1,,,2,2,1,579701205,,
5,55,297,2,13,3,42.45179,"01",1,,0,1,1,,,,1,,,,,,111,,,,,,,,,,,1,,,,,,,,1,0,,,,,,,,,,,,,,,2,1,1,579701305,,
5,55,297,2,14,3,42.45179,"02",1,,0,0,1,,,,1,,,,,,111,,,,,,1,,,,,1,1,,1,,,,,1,1,1,1,,,,,,,,,1,,,,2,1,1,579701405,,
5,55,297,2,15,3,42.45179,"02",1,,1,0,5,,,,1,,,,,,111,,,,,,,,,,,1,,,,,,,,1,1,1,1,,,1,,,,,,,,,,2,3,1,579701505,,
5,55,297,2,16,3,42.45179,"01",1,,0,0,5,,,,1,,,,,,111,,,,,,,,,,,1,,,,,,,,1,1,1,1,,,1,,,,1,,,,,,1,1,2,579701605,,
5,55,297,2,17,3,42.45179,"01",1,,0,0,1,,,1,,,,,,1,,,,,,,1,,,,,,,,,,,,,1,1,1,1,,,1,,,,,,,,,,2,3,1,579701705,,
5,55,297,2,18,3,42.45179,"02",1,,0,0,5,,,,1,,,,,,111,,,,,,,,,,,1,,,,,,,,1,1,1,1,,,1,,,,,,,,,,2,2,1,579701805,,
5,55,297,2,20,3,42.45179,"02",1,,0,0,5,,,,1,,,,1,,,,,,,,,,,,,1,,,,,,,,1,1,1,,,,,,,,,,,,,,2,2,1,579702005,,
5,55,297,2,22,3,54.5306142265193,"01",11,,0,0,1,,,,,111,,,,,111,,,,,,,,,,,,,,,,1,,,0,,,,,,,,,,,,,,,,2,1,1,579702205,,
5,55,298,2,1,1,579.352976190476,"01",11,,0,0,1,,,,,111,,,1,1,,,,,,,1,,,,,,,,,,,,,1,1,1,1,,,,,,,,,1,,,,2,2,2,579800105,,
5,55,298,2,2,1,579.352976190476,"01",11,,0,0,1,,1,,,,,,1,,,,,,,,,,,,,1,,,,,,,,0,,,,,,,,,,,,,,,,2,1,1,579800205,,
5,55,298,2,3,1,579.352976190476,"01",11,,0,0,5,,1,,,,,,1,,,,,,,,1,,,,,,,,,,,,,1,1,1,1,,,,,,,,,1,,,,2,3,1,579800305,,
5,55,298,2,4,1,579.352976190476,"01",12,,0,0,1,,,,,111,,,,,111,,,,,,,,,,,,,,,,1,,,1,1,1,1,,,,,,,,,,,,,2,2,1,579800405,,
5,55,298,2,5,1,579.352976190476,"01",11,,0,0,1,,,,,111,,,,,,555,3,,,,,,,,,,,,,,1,,,1,1,1,1,,,,,,,,,,,,,2,2,1,579800505,,
5,55,298,2,6,1,579.352976190476,"02",11,,0,0,1,,,,,111,,,1,1,,,,,,,1,,,,,,,,,,,,,1,1,1,1,,,,,,,,,1,,,,2,2,1,579800605,,
5,55,298,2,7,1,1769.66,"01",1,,1,1,5,,1,,1,,,,,,111,,,1,,,,,,,,1,,,,,,,,1,1,1,1,,,1,,,,,,,,,,2,3,1,579800705,,
5,55,298,2,8,1,579.352976190476,"01",9,,0,0,5,,,,,,555,11,1,,,,,,,,,,,,,1,,,,,,,,1,1,1,1,,,,,,,,,,,555,1,2,2,1,579800805,,
5,55,298,2,9,1,579.352976190476,"01",11,,0,0,1,,,,,111,,,,,111,,,,,,,,,,,,1,,1,,,,,1,1,1,1,,,,,,,,,,,,,2,3,1,579800905,,
5,55,298,2,10,1,1769.66,"01",1,,0,0,1,,,,,111,,,,,111,,,,,,,,,,,,,,,,1,,,0,,,,,,,,,,,,,,,,2,1,1,579801005,,
5,55,298,2,11,1,1769.66,"02",1,,0,0,5,,,,1,,,,,1,,,,,,,,,,,,1,,,,,,,,1,1,1,1,,,1,,,,,,,,,,2,2,2,579801105,,
5,55,298,2,12,1,1769.66,"01",1,,0,0,1,,,,1,,,,,,111,,,,,,,,,,,1,1,,1,,,,,0,,,,,,,,,,,,,,,,2,2,1,579801205,,
5,55,298,2,13,1,1769.66,"02",1,,1,0,5,,1,,,,,,,,111,,,1,,,,,,,,,,,,,,,,1,1,1,,,,,,,,,,,,,,2,888,1,579801305,,
5,55,298,2,14,1,1769.66,"01",1,,0,1,1,,,,,111,,,,,111,,,,,,,,,,,,,,,,1,,,1,1,1,,,,,,,,,,,,,,2,2,1,579801405,,
5,55,298,2,15,1,1769.66,"02",1,,0,0,1,,,,1,,,,1,,,,,,,,,,,,,,,,,,1,,,1,1,1,,,,,,,,,,,,,,2,1,2,579801505,,
5,55,298,2,16,1,1769.66,"02",1,,0,1,5,,,,,111,,,,,111,,,,,,,,,,,,,,,,1,,,1,1,1,,,,,,,,,,,,,,2,3,1,579801605,,
5,55,298,2,17,1,1769.66,"01",1,,0,1,1,,,,1,,,,1,,,,,,,,,,,,,1,,,,,,,,1,1,1,,,,,,,,,,,,,,1,2,1,579801705,,
5,55,298,2,18,1,1769.66,"01",1,,0,0,1,,,,,111,,,1,,,,,,,,1,,,,,,,,,,,,,1,1,1,1,,,1,,,,,,,,,,2,3,2,579801805,,
5,55,299,2,1,2,,"01",11,,0,0,1,,1,,,,,,,,111,,,,,,,,,,,,,,,,1,,,1,1,1,1,,,,,,,,,,,,,2,888,6,579900105,3,106.034248352051
5,55,299,2,2,2,,"01",9,,0,0,1,,1,,,,,,,,,,,,,,,,,,,,,,1,,,,,0,,,,,,,,,,,,,,,,2,888,6,579900205,3,106.034248352051
5,55,299,2,3,2,,"01",9,,0,0,5,,,,,111,,,,,111,,,,,1,,,,,,,,,,,,,,1,1,1,1,,,,,,,,,,,,,2,1,6,579900305,3,106.034248352051
5,55,299,2,4,2,,"02",11,,0,0,1,,1,,,,,,,,111,,,1,,,,,,,,,,,,,,,,1,1,1,1,,,,,,,,,,,,,2,888,6,579900405,3,106.034248352051
5,55,299,2,5,2,,"01",11,,0,0,1,,,,1,,,,,,111,,,,,1,,,,,,,,,,,,,,1,1,1,1,,,,,,,,,,,,,2,888,6,579900505,3,106.034248352051
5,55,299,2,6,2,,"01",11,,0,0,1,,1,,,,,,,,111,,,,,,,,,,,,,,,,1,,,0,,,,,,,,,,,,,,,,2,1,6,579900605,3,106.034248352051
5,55,299,2,7,2,,"01",9,,0,0,4,,1,,,,,,,,111,,,1,,,,,,,,,,,,,,,,1,1,1,1,,,,,,,,,,,,,2,1,6,579900705,3,106.034248352051
5,55,299,2,8,2,,"01",11,,0,1,1,,1,,,,,,,,111,,,,,,,,,,,,,,,,1,,,1,0,,,,,,,,,,,,,,,2,1,6,579900805,3,106.034248352051
5,55,299,2,9,2,,"01",11,,0,1,1,,,,,111,,,,,111,,,,,,,,,,,,,,,,1,,,0,,,,,,,,,,,,,,,,2,3,6,579900905,3,106.034248352051
5,55,299,2,10,2,,"01",9,,0,0,1,,1,,,,,,,,111,,,1,,,,,,,,,,,,,,,,1,1,1,1,,,,,,,,,,,,,2,3,6,579901005,3,106.034248352051
5,55,299,2,11,2,,"01",9,,0,0,5,,1,,,,,,,,111,,,,,,,,,,,,,,,,1,,,0,,,,,,,,,,,,,,,,2,1,6,579901105,3,106.034248352051
5,55,299,2,12,2,,"01",6,,0,0,1,,1,,,,,,,,111,,,,,,,,,,,,,,,,1,,,1,1,1,,,,,,,,,,,,,,2,1,6,579901205,3,106.034248352051
5,55,299,2,13,2,,"02",11,,0,0,1,,1,,,,,,,,111,,,1,,,,,,,,,,,,,,,,1,1,1,1,,,,,,,,,,,,,2,1,6,579901305,3,106.034248352051
5,55,299,2,14,2,,"01",11,,0,0,1,,1,,,,,,,,111,,,1,,,,,,,,,,,,,,,,1,0,,,,,,,,,,,,,,,2,3,6,579901405,3,106.034248352051
5,55,299,2,15,2,,"01",11,,0,0,1,,1,,,,,,,,111,,,1,,,,,,,,,,,,,,,,1,0,,,,,,,,,,,,,,,2,3,6,579901505,3,106.034248352051
5,55,299,2,16,2,,"02",9,,0,0,1,,1,,,,,,,,,,,1,,,,,,,,,,,,,,,,0,,,,,,,,,,,,,,,,2,1,6,579901605,3,106.034248352051
5,55,299,2,17,2,,"02",11,,0,0,1,,,,,111,,,1,,,,,,,,,,,,,,,,,,1,,,1,1,1,,,,,,,,,,,,,,2,3,6,579901705,3,106.034248352051
5,55,299,2,18,2,,"02",11,,0,0,1,,1,,,,,,,,111,,,,,,,,,,,,,,,,1,,,0,,,,,,,,,,,,,,,,2,1,6,579901805,3,106.034248352051
5,55,300,2,1,2,,"02",9,,0,0,1,,1,,,,,,1,,,,,1,,,,,,,,,,,,,,,,1,1,1,1,,,,,,,,,,,,,2,2,6,580000105,3,106.034248352051
5,55,300,2,2,2,,"01",9,,0,0,1,,1,,,,,,,,111,,,1,,,,,,,,,,,,,,,,1,1,1,1,,,,,,,,,,,,,2,1,6,580000205,3,106.034248352051
5,55,300,2,3,2,,"01",9,,0,0,1,,1,,,,,,,,111,,,,,,,,,,,,,,,,1,,,1,1,1,1,,,,,,,,,,,,,2,1,6,580000305,3,106.034248352051
5,55,300,2,4,2,,"01",9,,0,0,1,,1,,,,,,1,,,,,,,,1,,,,,,,,,,,,,0,,,,,,,,,,,,,,,,2,1,6,580000405,3,106.034248352051
5,55,300,2,6,2,,"02",11,,0,0,1,,,,,111,,,,,111,,,,,,,,,,,,,,,,1,,,0,,,,,,,,,,,,,,,,2,1,6,580000605,3,106.034248352051
5,55,300,2,7,2,,"02",11,,0,0,1,,1,,,,,,,,111,,,,,,,,,,,,,,,,1,,,1,1,1,,,,,,,,,,,,,,2,1,6,580000705,3,106.034248352051
5,55,300,2,8,2,,"01",11,,0,0,5,,,,,111,,,,,111,,,,,,,,,,,,,,,,1,,,0,,,,,,,,,,,,,,,,2,1,6,580000805,3,106.034248352051
5,55,300,2,9,2,,"01",11,,0,0,1,,1,,,,,,,,111,,,,,,,,,,,,,,,,1,,,1,0,,,,,,,,,,,,,,,2,1,6,580000905,3,106.034248352051
5,55,300,2,10,2,,"01",13,8,0,0,1,,,,,111,,,,,111,,,,,,,,,,,,,1,,,,,,0,,,,,,,,,,,,,,,,2,2,6,580001005,3,106.034248352051
5,55,300,2,11,2,,"01",11,,0,0,1,,,,,111,,,,,111,,,,,,,,,,,,,,,,1,,,0,,,,,,,,,,,,,,,,2,1,6,580001105,3,106.034248352051
5,55,300,2,12,2,,"01",11,,0,0,1,,,,,111,,,,,111,,,,,,,,,,,,,,,,1,,,1,0,,,,,,,,,,,,,,,2,1,6,580001205,3,106.034248352051
5,55,300,2,13,2,,"01",11,,0,0,1,,,,1,,,,,,111,,,,,1,,,,,,,,,,,,,,1,1,,,,,,,,,,,,,555,1,2,3,6,580001305,3,106.034248352051
5,55,300,2,14,2,,"01",9,,0,0,1,,,,,111,,,,,111,,,,,,,,,,,,,,,,1,,,1,1,1,1,,,,,,,,,,,,,2,1,6,580001405,3,106.034248352051
5,55,300,2,15,2,,"01",9,,0,0,5,,,,,111,,,,,111,,,,,,,,,,,,,,,,1,,,1,1,1,1,,,,,,,,,,,,,2,888,6,580001505,3,106.034248352051
5,55,300,2,16,2,,"01",11,,0,0,1,,,,,111,,,,,111,,,,,,,,,,,,,,,,,555,8,1,1,1,,,,,,,,,,,,,,2,1,6,580001605,3,106.034248352051
5,55,300,2,17,2,,"01",1,,0,0,1,,,,,111,,,,,111,,,,,,,,,,,,,,,,1,,,0,,,,,,,,,,,,,,,,2,1,6,580001705,3,106.034248352051
5,55,300,2,18,2,,"01",13,3,0,0,7,3,,,,111,,,,,111,,,,,,,,,,,,,,,,1,,,0,,,,,,,,,,,,,,,,2,1,555,580001805,3,106.034248352051
5,55,300,2,20,2,,"01",7,,0,0,1,,1,,,,,,1,,,,,,,,1,,,,,,,,,,,,,0,,,,,,,,,,,,,,,,2,1,6,580002005,3,106.034248352051
5,55,301,2,1,2,,"01",10,,0,0,1,,1,,,,,,,,111,,,,,,,,,,,,,,,,1,,,0,,,,,,,,,,,,,,,,2,1,6,580100105,3,106.034248352051
5,55,301,2,2,2,,"01",9,,0,0,1,,1,,,,,,,,111,,,1,,,,,,,,,,,,,,,,0,,,,,,,,,,,,,,,,2,1,6,580100205,3,106.034248352051
5,55,301,2,3,2,,"01",9,,0,0,1,,1,,,,,,,,111,,,1,,,,,,,,,,,,,,,,1,1,1,1,,,,,,,,,1,,,,2,1,6,580100305,3,106.034248352051
5,55,301,2,4,2,,"01",11,,0,0,1,,,,,111,,,1,,,,,,,,1,,,,,,,,,,,,,1,1,1,1,,,,,,,,1,,,,,2,888,6,580100405,3,106.034248352051
5,55,301,2,5,2,,"01",11,,0,0,1,,1,,,,,,,,111,,,1,,,,,,,,,,,,,,,,1,1,1,1,,,,,,,,,1,,,,2,1,6,580100505,3,106.034248352051
5,55,301,2,6,2,,"01",9,,0,0,1,,1,,,,,,,,111,,,,,,,,,,,,,,,,1,,,1,1,1,1,,,,,,,,,,,,,2,1,6,580100605,3,106.034248352051
5,55,301,2,7,2,,"01",12,,0,0,1,,1,,,,,,,,111,,,,,,,,,,,,,,,,1,,,1,1,1,1,,,,,,,,,,,,,2,3,6,580100705,3,106.034248352051
5,55,301,2,8,2,,"01",11,,0,0,1,,,,,111,,,,,111,,,,,,,,,,,,,,,,1,,,0,,,,,,,,,,,,,,,,2,1,6,580100805,3,106.034248352051
5,55,301,2,9,2,,"01",11,,0,0,1,,1,,,,,,,,111,,,,,,,,,,,,,,,,1,,,1,1,1,1,,,,,,,,,,,,,2,1,6,580100905,3,106.034248352051
5,55,301,2,10,2,,"01",9,,0,0,5,,1,,,,,,,,111,,,,,,,,,,,,,,,,1,,,1,1,,,,,,,,,,,,,555,1,2,1,6,580101005,3,106.034248352051
5,55,301,2,11,2,,"01",9,,0,0,2,,1,,,,,,,1,,,,,,,1,,,,,,,,,,,,,1,1,1,1,,,,,,,,,,,,,2,1,6,580101105,3,106.034248352051
5,55,301,2,12,2,,"01",9,,0,0,1,,1,,,,,,,,111,,,,,,,,,,,,,,,,1,,,1,0,,,,,,,,,,,,,,,2,1,6,580101205,3,106.034248352051
5,55,301,2,13,2,,"01",11,,0,0,1,,1,,,,,,,,111,,,,,,,,,,,,,,,,1,,,0,,,,,,,,,,,,,,,,2,3,6,580101305,3,106.034248352051
5,55,301,2,14,2,,"01",9,,0,0,5,,,,,111,,,,,111,,,,,,,,,,,,,,,,1,,,1,1,1,,,,,,,,,,,,,,2,1,6,580101405,3,106.034248352051
5,55,301,2,15,2,,"02",8,,0,0,1,,,,,111,,,,,111,,,,,,,,,,,,,,,,1,,,0,,,,,,,,,,,,,,,,2,1,6,580101505,3,106.034248352051
5,55,301,2,16,2,,"01",9,,0,0,1,,,,,111,,,,,111,,,,,,,,,,,,,,,,1,,,1,1,1,1,,,,,,,,,,,,,2,3,6,580101605,3,106.034248352051
5,55,301,2,17,2,,"01",13,8,0,0,1,,,,,111,,,,,111,,,,,,,,,,,,,,,,1,,,0,,,,,,,,,,,,,,,,2,1,6,580101705,3,106.034248352051
5,55,301,2,18,2,,"01",13,8,0,0,1,,,,,111,,,,,111,,,,,,,,,,,,,,,,1,,,0,,,,,,,,,,,,,,,,2,1,6,580101805,3,106.034248352051
5,55,302,2,1,2,,"02",9,,0,0,1,,1,,,,,,,,111,,,1,,,,,,,,,,,,,,,,1,1,1,1,,,,,,,,,,,,,1,1,6,580200105,3,106.034248352051
5,55,302,2,2,2,,"02",9,,0,0,1,,1,,,,,,,,111,,,1,,,,,,,,,,,,,,,,1,1,1,1,,,,,,,,,,,,,1,1,6,580200205,3,106.034248352051
5,55,302,2,3,2,,"04",5,,1,0,5,,1,,,,,,,,111,,,,,,,,,,,,,,,,1,,,1,1,1,,,,,,,,,,,,,,2,1,6,580200305,3,106.034248352051
5,55,302,2,4,2,,"01",5,,0,0,1,,1,,,,,,,,111,,,,,,,,,,,,,,,,1,,,1,1,1,,,,,,,,,,,,,,2,1,6,580200405,3,106.034248352051
5,55,302,2,5,2,,"03",11,,0,0,1,,1,,,,,,,,111,,,,,,,,,,,,,,,,1,,,0,,,,,,,,,,,,,,,,2,1,6,580200505,3,106.034248352051
5,55,302,2,6,2,,"01",11,,0,0,1,,1,,,,,,,,111,,,1,,,,,,,,,,,,,,,,1,1,1,1,,,,,,,,,,,,,2,1,6,580200605,3,106.034248352051
5,55,302,2,7,2,,"02",11,,0,0,5,,1,,,,,,,,111,,,1,,,,,,,,,,,,,,,,1,1,1,1,,,,,,,,,,,,,2,2,6,580200705,3,106.034248352051
5,55,302,2,8,2,,"02",11,,0,0,1,,1,,,,,,,,111,,,1,,,,,,,,,,,,,,,,0,,,,,,,,,,,,,,,,2,1,6,580200805,3,106.034248352051
5,55,302,2,9,2,,"01",11,,0,0,1,,1,,,,,,,,111,,,,,,,,,,,,,,,,1,,,1,1,1,,,,,,,,,,,,,,2,1,6,580200905,3,106.034248352051
5,55,302,2,10,2,,"01",11,,0,0,5,,1,,,,,,,,111,,,,,,,,,,,,,,,,1,,,0,,,,,,,,,,,,,,,,2,1,6,580201005,3,106.034248352051
5,55,302,2,11,2,,"01",9,,0,0,5,,1,,,,,,,,111,,,1,,,,,,,,,,,,,,,,1,1,1,1,,,,,,,,,,,,,2,1,6,580201105,3,106.034248352051
5,55,302,2,12,2,,"02",11,,0,0,1,,1,,,,,,,,111,,,1,,,,,,,,,,,,,,,,1,1,1,1,,,,,,,,,,,,,2,1,6,580201205,3,106.034248352051
5,55,302,2,13,2,,"01",5,,0,0,5,,1,,,,,,1,,,,,,,,,,,,,,,,,,1,,,1,1,1,,,,,,,,,,,,,,2,1,6,580201305,3,106.034248352051
5,55,302,2,14,2,,"01",11,,0,0,1,,1,,,,,,,,111,,,,,,,,,,,,,,,,,,,1,1,1,,,,,,,,,,,,,,2,2,6,580201405,3,106.034248352051
5,55,302,2,15,2,,"01",11,,0,0,1,,1,,,,,,,,111,,,,,,,,,,,,,,,,1,,,1,1,1,1,,,,,,,,,,,,,2,1,6,580201505,3,106.034248352051
5,55,302,2,16,2,,"01",9,,0,0,1,,1,,,,,,,,111,,,,,,,,,,,,,,,,1,,,0,,,,,,,,,,,,,,,,2,1,6,580201605,3,106.034248352051
5,55,302,2,17,2,,"01",11,,0,0,1,,1,,,,,,,,111,,,,,,,,,,,,,,,,1,,,1,1,1,1,,,,,,,,,,,,,2,1,6,580201705,3,106.034248352051
5,55,302,2,18,2,,"02",9,,0,0,5,,1,,,,,,,,111,,,,,,1,,,,,,1,,1,1,,,,1,1,1,1,,,,,,,,,,,,,1,1,6,580201805,3,106.034248352051
5,55,303,2,1,2,,"01",10,,0,0,1,,1,,,,,,,,111,,,,,,,,,,,,,,,,1,,,1,0,,,,,,,,,,,,,,,2,1,6,580300105,3,106.034248352051
5,55,303,2,2,2,,"01",7,,0,0,1,,,,,111,,,,,111,,,,,,,,,,,,,,,,1,,,1,1,1,1,,,,,,,,,,,,,2,3,6,580300205,3,106.034248352051
5,55,303,2,3,2,,"01",9,,0,0,1,,1,,,,,,,,111,,,,,,,,,,,,,,,,1,,,0,,,,,,,,,,,,,,,,2,1,6,580300305,3,106.034248352051
5,55,303,2,4,2,,"01",9,,0,0,1,,1,,,,,,,,111,,,,,,,,,,,,,,,,1,,,1,1,1,1,,,,,,,,,,,,,2,1,6,580300405,3,106.034248352051
5,55,303,2,5,2,,"01",11,,0,0,1,,1,,,,,,,,111,,,,,,,,,,,,,,,,1,,,0,,,,,,,,,,,,,,,,2,1,6,580300505,3,106.034248352051
5,55,303,2,6,2,,"01",11,,0,0,1,,1,,,,,,,,111,,,,,,,,,,,,,,,,1,,,1,1,1,1,,,,,,,,,,,,,2,1,6,580300605,3,106.034248352051
5,55,303,2,7,2,,"01",9,,0,0,1,,1,,,,,,,,111,,,,,,,,,,,,,,,,1,,,0,,,,,,,,,,,,,,,,2,2,6,580300705,3,106.034248352051
5,55,303,2,8,2,,"01",13,8,0,0,1,,1,,,,,,,,111,,,,,,,,,,,,,,,,1,,,1,0,,,,,,,,,,,,,,,2,1,6,580300805,3,106.034248352051
5,55,303,2,9,2,,"01",7,,0,0,5,,1,,,,,,,,111,,,,,,,,,,,,,,,,1,,,0,,,,,,,,,,,,,,,,2,3,6,580300905,3,106.034248352051
5,55,303,2,10,2,,"02",11,,0,0,1,,1,,,,,,1,,,,,,,,,,,,,,,1,,,,,,1,1,1,1,,,,,,,,,1,,,,2,2,6,580301005,3,106.034248352051
5,55,303,2,11,2,,"01",11,,0,0,1,,1,,,,,,,,111,,,1,,,,,,,,,,,,,,,,1,1,1,1,,,,,,,,,,,,,2,1,6,580301105,3,106.034248352051
5,55,303,2,12,2,,"02",11,,0,0,1,,1,,,,,,,,111,,,1,,,,,,,,,,,,,,,,0,,,,,,,,,,,,,,,,2,1,6,580301205,3,106.034248352051
5,55,303,2,13,2,,"01",11,,0,0,1,,1,,,,,,1,,,,,,,,1,,,,,,,1,,,,,,1,1,1,1,,,,,,,,,1,,,,2,1,6,580301305,3,106.034248352051
5,55,303,2,14,2,,"01",11,,0,0,1,,1,,,,,,1,,,,,,,,,,,,,,,1,1,,,,,1,1,1,1,,,,,,,,,,,,,2,1,6,580301405,3,106.034248352051
5,55,303,2,15,2,,"02",9,,0,0,1,,1,,,,,,,,111,,,,,,,,,,,,,,1,,,,,1,1,1,1,,,,,,,,,1,,,,2,1,6,580301505,3,106.034248352051
5,55,303,2,16,2,,"01",6,,0,0,1,,1,,,,,,,,111,,,,,,,,,,,,,,,,1,,,0,,,,,,,,,,,,,,,,2,1,6,580301605,3,106.034248352051
5,55,303,2,17,2,,"02",11,,0,1,1,,1,,,,,,,,111,,,,,,,,,,,,,,1,,,,,1,1,1,,,,,,,,,,,,,,2,3,6,580301705,3,106.034248352051
5,55,303,2,18,2,,"02",11,,0,0,1,,1,,,,,,,,111,,,,,,,,,,,,,,,,1,,,0,,,,,,,,,,,,,,,,2,1,6,580301805,3,106.034248352051
5,55,304,2,1,2,,"01",13,8,0,0,1,,,,,111,,,,,111,,,,,,,,,,,,,,,,1,,,0,,,,,,,,,,,,,,,,2,3,6,580400105,3,106.034248352051
5,55,304,2,2,2,,"02",11,,0,0,1,,1,,,,,,,,111,,,,,,,,,,,,,,,,1,,,1,1,1,,,,,,,,,,,,,,2,1,6,580400205,3,106.034248352051
5,55,304,2,3,2,,"02",11,,0,1,1,,1,,,,,,,,111,,,,,,,,,,,,,,,,1,,,1,1,1,,,,,,,,,,,,,,2,1,6,580400305,3,106.034248352051
5,55,304,2,4,2,,"01",5,,0,0,1,,1,,,,,,,,111,,,,,,,,,,,,,,,,1,,,1,1,1,,,,,,,,,,,,,,2,1,6,580400405,3,106.034248352051
5,55,304,2,5,2,,"02",11,,0,0,5,,,,1,,,,,,111,,,,,,,,,,,1,,,,,,,,1,1,1,,,,,,,,,,,,,,2,1,6,580400505,3,106.034248352051
5,55,304,2,6,2,,"01",11,,0,0,1,,,,,111,,,,,111,,,,,,,,,,,,,,,,1,,,0,,,,,,,,,,,,,,,,2,3,6,580400605,3,106.034248352051
5,55,304,2,7,2,,"01",8,,1,0,5,,1,,,,,,,,111,,,,,,,,,,,,,,,,1,,,1,0,,,,,,,,,,,,,,,2,1,6,580400705,3,106.034248352051
5,55,304,2,8,2,,"01",13,13,0,0,1,,,,,111,,,,,111,,,,,,,,,,,,,,,,1,,,0,,,,,,,,,,,,,,,,2,1,6,580400805,3,106.034248352051
5,55,304,2,9,2,,"03",11,,0,0,1,,,,,111,,,,,111,,,,,,,,,,,,,,,,1,,,0,,,,,,,,,,,,,,,,2,1,6,580400905,3,106.034248352051
5,55,304,2,10,2,,"01",11,,0,0,1,,,,,111,,,,,111,,,,,,,,,,,,,,,,1,,,0,,,,,,,,,,,,,,,,2,1,6,580401005,3,106.034248352051
5,55,304,2,11,2,,"01",9,,0,0,1,,,,,111,,,,,111,,,,,,,,,,,,,,,,1,,,0,,,,,,,,,,,,,,,,2,1,6,580401105,3,106.034248352051
5,55,304,2,12,2,,"01",11,,0,0,1,,,,,111,,,,,111,,,,,,,,,,,,,,,,1,,,1,1,1,,,,,,,,,,,,,,2,1,6,580401205,3,106.034248352051
5,55,304,2,13,2,,"01",9,,0,0,1,,1,,,,,,,,111,,,,,,,,,,,,1,,1,,,,,1,1,1,1,,,,,,,,,,,,,2,1,6,580401305,3,106.034248352051
5,55,304,2,14,2,,"01",11,,0,0,1,,1,,,,,,,,111,,,,,,1,,,,,,,,1,,,,,1,1,1,1,,,,,,,,,,,,,2,1,6,580401405,3,106.034248352051
5,55,304,2,15,2,,"02",11,,0,0,1,,1,,,,,,,,111,,,,,,,,,,,,1,,1,,,,,0,,,,,,,,,,,,,,,,2,1,6,580401505,3,106.034248352051
5,55,304,2,16,2,,"02",9,,0,0,1,,1,,,,,,,,111,,,,,,1,,,,,,,,,,,,,1,1,1,1,,,,,,,,,,,,,2,1,6,580401605,3,106.034248352051
5,55,304,2,17,2,,"01",11,,0,0,1,,,,,111,,,,,111,,,,,,,,,,,,,,,,1,,,0,,,,,,,,,,,,,,,,2,1,6,580401705,3,106.034248352051
5,55,304,2,18,2,,"02",9,,0,1,1,,1,,,,,,,1,,,,,,,,,,,,,1,,1,,,,,1,1,1,1,,,,,,,,,,,,,2,3,6,580401805,3,106.034248352051
5,55,305,2,1,2,,"01",9,,0,0,1,,1,,,,,,,,,555,3,,,,,,,,,,,1,,,,,,0,,,,,,,,,,,,,,,,2,2,6,580500105,3,106.034248352051
5,55,305,2,4,2,,"01",11,,0,0,1,,1,,,,,,,,111,,,,,,,,,,,,,,,,1,,,0,,,,,,,,,,,,,,,,2,1,6,580500405,3,106.034248352051
5,55,305,2,6,2,,"01",9,,0,0,1,,,,,111,,,,,111,,,,,,,,,,,,,,,,1,,,1,1,1,1,,,,,,,,,,,,,2,1,6,580500605,3,106.034248352051
5,55,305,2,7,2,,"01",11,,0,0,1,,,,,111,,,,,111,,,,,,,,,,,,,,,,1,,,1,1,1,1,,,,,,,,,,,,,2,1,6,580500705,3,106.034248352051
5,55,305,2,8,2,,"01",11,,0,0,1,,,,,111,,,,,111,,,,,,,,,,,,,,,,1,,,1,1,1,1,,,,,,,,,,,,,2,1,6,580500805,3,106.034248352051
5,55,305,2,9,2,,"01",9,,0,0,1,,,,,111,,,,,111,,,,,,,,,,,,,,,,1,,,1,1,1,1,,,,,,,,,,,,,2,1,6,580500905,3,106.034248352051
5,55,305,2,10,2,,"01",11,,0,0,2,,1,,,,,,,,111,,,,,,,,,,,,,,,,1,,,1,1,1,,,,,,,,,,,,,,2,1,6,580501005,3,106.034248352051
5,55,305,2,11,2,,"02",9,,0,0,2,,1,,,,,,,,111,,,,,,,,,,,,1,,1,,,,,1,1,1,1,,,,,,,,,,,,,2,1,6,580501105,3,106.034248352051
5,55,305,2,12,2,,"02",9,,0,0,2,,1,,,,,,,,111,,,,,,,,,,,,,,,,1,,,1,1,1,1,,,,,,,,,,,555,4,2,2,6,580501205,3,106.034248352051
5,55,305,2,16,2,,"01",9,,0,0,1,,1,,,,,,,,111,,,,,,,,,,,,1,,1,,,,,1,1,1,1,,,,,,1,,,,,,,2,1,6,580501605,3,106.034248352051
5,55,305,2,17,2,,"01",9,,0,0,1,,1,,,,,,,,111,,,,,,,,,,,,1,1,1,,,,,1,1,1,1,,,,,,,,,,,,,2,1,6,580501705,3,106.034248352051
5,55,305,2,18,2,,"01",9,,1,0,1,,1,,,,,,,,111,,,,,,,,,,,,,,,,1,,,1,1,1,1,,,,,,,,,,,,,2,1,6,580501805,3,106.034248352051
5,55,306,2,1,2,,"01",11,,0,0,1,,1,,,,,,,,111,,,,,,,,,,,,,,1,,,,,0,,,,,,,,,,,,,,,,2,1,6,580600105,3,106.034248352051
5,55,306,2,2,2,,"01",9,,0,0,1,,1,,,,,,,,111,,,,,,,,,,,,,,,,1,,,0,,,,,,,,,,,,,,,,2,1,6,580600205,3,106.034248352051
5,55,306,2,3,2,,"01",9,,0,0,1,,1,,,,,,,,111,,,,,,,,,,,,,1,,,,,,0,,,,,,,,,,,,,,,,2,1,6,580600305,3,106.034248352051
5,55,306,2,4,2,,"02",9,,0,0,1,,1,,,,,,1,,,,,,,,1,,,,,,,1,1,,,,,1,1,1,1,,,,,,,,,1,,,,2,1,6,580600405,3,106.034248352051
5,55,306,2,5,2,,"01",11,,0,0,1,,1,,,,,,,,111,,,,,,,,,,,,,1,1,,,,,1,1,1,1,,,,,,,,,1,,,,2,1,6,580600505,3,106.034248352051
5,55,306,2,6,2,,"01",9,,0,0,1,,1,,,,,,,,111,,,,,,,,,,,,,,1,,,,,1,1,1,1,,,,,,,,,1,,,,2,2,6,580600605,3,106.034248352051
5,55,306,2,7,2,,"01",11,,0,0,1,,1,,,,,,,,111,,,,,,,,,,,,,,,,1,,,0,,,,,,,,,,,,,,,,2,1,6,580600705,3,106.034248352051
5,55,306,2,8,2,,"01",11,,0,0,1,,,,,111,,,,,111,,,,,,,,,,,,,,,,1,,,0,,,,,,,,,,,,,,,,2,3,6,580600805,3,106.034248352051
5,55,306,2,9,2,,"01",11,,0,0,1,,1,,,,,,,,111,,,,,,,,,,,,1,,,,,,,1,1,1,,,,,,,,,,,,,,2,1,6,580600905,3,106.034248352051
5,55,306,2,10,2,,"01",11,,0,1,1,,,,,111,,,,,111,,,,,,,,,,,,1,,,,,,,1,1,1,,,,,,,,,,,,,,2,3,6,580601005,3,106.034248352051
5,55,306,2,11,2,,"01",11,,0,0,1,,,,,111,,,,,111,,,,,,,,,,,,1,,,,,,,1,1,1,1,,,,,,,,,1,,,,2,2,6,580601105,3,106.034248352051
5,55,306,2,12,2,,"01",13,8,0,0,5,,1,,,,,,,,111,,,,,,,,,,,,,,,,1,,,1,1,1,,,,,,,,,,,,,,2,2,6,580601205,3,106.034248352051
5,55,306,2,13,2,,"01",6,,0,0,5,,,,1,,,,,,111,,,,,,,,,,,,,,,,1,,,1,1,1,,,,,,,,,,,,,,2,3,6,580601305,3,106.034248352051
5,55,306,2,14,2,,"01",9,,0,0,1,,1,,,,,,,,111,,,,,,,,,,,,,,1,,,,,1,1,1,1,,,,,,,,,,,,,1,1,6,580601405,3,106.034248352051
5,55,307,2,1,2,,"01",11,,0,0,1,,,,,111,,,,,111,,,,,,,,,,,,,,,,1,,,0,,,,,,,,,,,,,,,,2,2,6,580700105,3,106.034248352051
5,55,307,2,2,2,,"01",9,,0,0,1,,,,,111,,,,,111,,,,,,,,,,,,,,,,1,,,1,1,1,1,,,,,,,,,,,,,2,1,6,580700205,3,106.034248352051
5,55,307,2,3,2,,"01",11,,0,0,1,,,,,111,,,,,111,,,,,,,,,,,,,,,,1,,,1,0,,,,,,,,,,,,,,,2,1,6,580700305,3,106.034248352051
5,55,307,2,4,2,,"01",11,,0,0,1,,,,,111,,,,,111,,,,,,,,,,,,,,,,1,,,0,,,,,,,,,,,,,,,,2,3,6,580700405,3,106.034248352051
5,55,307,2,5,2,,"01",11,,0,0,5,,1,,,,,,,,111,,,,,,,,,,,,,,,,1,,,1,1,1,1,,,,,,,,,,,,,2,1,6,580700505,3,106.034248352051
5,55,307,2,6,2,,"01",11,,0,0,1,,,,,111,,,,,111,,,,,,,,,,,,,,,,1,,,1,1,1,1,,,,,,,,,,,,,2,1,6,580700605,3,106.034248352051
5,55,307,2,7,2,,"01",11,,0,0,1,,,,,111,,,,,111,,,,,,,,,,,,,,,,1,,,1,1,1,1,,,,,,,,,,,,,2,1,6,580700705,3,106.034248352051
5,55,307,2,8,2,,"01",11,,0,0,1,,,,,111,,,,,111,,,,,,,,,,,,,,,,1,,,0,,,,,,,,,,,,,,,,2,1,6,580700805,3,106.034248352051
5,55,307,2,9,2,,"03",11,,0,0,5,,1,,,,,,,,111,,,,,,,,,,,,,,,,1,,,1,0,,,,,,,,,,,,,,,2,1,6,580700905,3,106.034248352051
5,55,307,2,10,2,,"01",9,,0,0,1,,1,,,,,,,,111,,,,,,,,,,,,,1,1,,,,,0,,,,,,,,,,,,,,,,2,1,6,580701005,3,106.034248352051
5,55,307,2,11,2,,"01",9,,0,1,1,,1,,,,,,,,111,,,,,,,,,,,,1,1,,,,,,1,0,,,,,,,,,,,,,,,2,1,6,580701105,3,106.034248352051
5,55,307,2,12,2,,"02",9,,0,0,1,,1,,,,,,,,111,,,,,,,,,,,,,,,,1,,,1,1,1,1,,,,,,,,,,,,,2,1,6,580701205,3,106.034248352051
5,56,308,2,1,1,1039.469,"01",9,,0,0,5,,,,1,,,,1,,,,,,,,1,,,,,,,,,,,,,1,1,1,1,,,1,,,,,,,,,,2,3,2,590800105,,
5,56,308,2,2,1,1039.469,"02",11,,1,0,5,,,1,,,,,1,,,,,,,,1,,,,,,,,,,,,,0,,,,,,,,,,,,,,,,2,2,1,590800205,,
5,56,308,2,3,1,1039.469,"01",11,,0,0,1,,1,,,,,,1,,,,,,,,,,,,,1,,,,,,,,1,1,1,1,,,,,,,,,,,,,1,2,1,590800305,,
5,56,308,2,4,1,1039.469,"01",9,,0,1,1,,,,,111,,,,,111,,,,,,,,,,,,,,,,1,,,1,1,1,1,,,,,,,,,,,,,1,2,1,590800405,,
5,56,308,2,5,1,1039.469,"01",11,,0,0,1,,,,,111,,,,,111,,,,,,,,,,,,,,,,1,,,0,,,,,,,,,,,,,,,,2,1,1,590800505,,
5,56,308,2,7,1,1039.469,"01",11,,0,0,1,,,,,111,,,1,,,,,,,,,,,,,,,,,,1,,,1,1,1,1,,,,,,,,,,,,,2,2,1,590800705,,
5,56,308,2,8,1,1039.469,"02",9,,0,1,1,,,,,111,,,1,,,,,,,,1,,,,,,,,,,,,,1,1,1,1,,,,,,,,,,,,,2,2,1,590800805,,
5,56,308,2,9,1,1039.469,"01",9,,1,0,1,,1,,,,,,1,,,,,,,,,,,,,,,,,,1,,,1,1,1,1,,,,,,,,,,,,,2,3,1,590800905,,
5,56,308,2,10,1,1039.469,"01",9,,1,0,1,,,,,111,,,,,111,,,,1,,,,,,,,,,,,,,,1,1,1,,,,,,,,,,,,,,2,3,1,590801005,,
5,56,308,2,11,1,1039.469,"01",11,,2,0,1,,,,,111,,,1,,,,,,1,,,,,,,,,,,,,,,1,1,,1,,,,,,,,,,,,,2,2,1,590801105,,
5,56,308,2,12,1,1039.469,"01",11,,1,0,1,,,1,,,,,1,,,,,,1,,,,,,,,,,,,,,,0,,,,,,,,,,,,,,,,2,2,1,590801205,,
5,56,308,2,13,1,1039.469,"01",9,,0,0,1,,,1,,,,,1,,,,,,,,,,,,,1,,,,,,,,1,1,1,1,,,,,,1,,,,,,,2,3,1,590801305,,
5,56,308,2,14,1,1039.469,"01",9,,0,1,1,,,,,111,,,1,,,,,,,,1,,,,,,,,,,,,,0,,,,,,,,,,,,,,,,1,2,1,590801405,,
5,56,308,2,15,1,1039.469,"01",9,,0,0,5,,1,,,,,,,,111,,,1,,,,,,,,,,,,,,,,1,1,1,1,,,,,,1,,,,,,,2,3,1,590801505,,
5,56,308,2,16,1,1039.469,"02",11,,1,0,1,,,1,,,,,1,,,,,,,,1,,,,,,,,,,,,,1,1,1,,,,,,,,,,,,,,2,2,1,590801605,,
5,56,308,2,17,1,1039.469,"02",9,,0,0,1,,,,,111,,,,,111,,,,,,,,,,,,,,,,1,,,1,0,,,,,,,,,,,,,,,2,1,2,590801705,,
5,56,308,2,18,1,1039.469,"01",9,,1,0,1,,,1,,,,,1,,,,,,,,,,,,,1,,,,,,,,1,1,1,1,,,,,,,,,,,,,1,1,1,590801805,,
5,56,308,2,19,1,1039.469,"01",11,,0,0,1,,,,,111,,,1,,,,,,,,1,,,,,,,,1,,,,,0,,,,,,,,,,,,,,,,2,2,1,590801905,,
5,56,309,1,1,1,25.3374697674419,"02",9,,,,1,,,,,111,,,1,,,,,,,,1,,,,,,,,,,,,,1,1,1,,,,,,,,,,1,,,,,2,1,590900105,,
5,56,309,1,2,1,25.3374697674419,"01",11,,,,1,,,,,111,,,,1,,,,,,,1,,,,,,,,,,,,,1,1,1,,,,,,,,,,,,,,,2,1,590900205,,
5,56,309,1,3,1,25.3374697674419,"01",11,,,,1,,1,,,,,,,1,,,,,,,1,,,,,,,,,,,,,1,1,1,,,,,,,1,,,1,,,,,2,1,590900305,,
5,56,309,1,4,1,25.3374697674419,"03",11,,,,5,,,,,111,,,,,111,,,,,,,,,,,,,1,1,,,,,1,1,1,1,,,,,,,,,1,,,,,3,1,590900405,,
5,56,309,1,5,1,25.3374697674419,"02",5,,,,5,,,,,111,,,,1,,,,,,,1,,,,,,,,,,,,,1,1,1,,,,,,,,,,,,,,,2,1,590900505,,
5,56,309,1,6,1,242.1136,"02",1,,,,1,,1,,,,,,1,1,,,,1,,,1,,,,,,,,,,,,,1,1,,,,,1,,,,,,1,,,,,3,1,590900605,,
5,56,309,1,7,1,25.3374697674419,"01",5,,,,1,,,,,111,,,,,111,,,,,,,,,,,,,,,,1,,,0,,,,,,,,,,,,,,,,,1,4,590900705,,
5,56,309,1,8,1,25.3374697674419,"01",11,,,,1,,,,1,,,,,,111,,,,,,,,,,,,,,,,1,,,1,1,1,1,,,,,,,,,1,,,,,2,2,590900805,,
5,56,309,1,9,1,25.3374697674419,"01",11,,,,1,,,,,111,,,,1,,,,,,,,,,,,,1,,,,,,,1,1,1,,,,,,,,,,,1,,,,2,4,590900905,,
5,56,309,1,10,1,242.1136,"01",1,,,,1,,1,,,,,,1,,,,,1,,,,,,,,,,,,,,,,1,1,1,,,,,,,,,,,,,,,3,1,590901005,,
5,56,309,1,11,1,242.1136,"01",1,,,,5,,1,,,,,,1,1,,,,,,,1,,,,,,,,,,,,,1,1,1,1,,,1,,,1,,,1,,,,,2,1,590901105,,
5,56,309,1,12,1,242.1136,"01",1,,,,4,,,,1,,,,,1,,,,,,,1,,,,,,,,,,,,,1,1,1,1,,,1,,,,,,1,,,,,2,1,590901205,,
5,56,309,1,13,1,242.1136,"01",1,,,,5,,1,,,,,,,,111,,,,,,,,,,,,,,1,,,,,1,1,1,,,,1,,,,,,1,,,,,2,1,590901305,,
5,56,309,1,14,1,242.1136,"01",1,,,,5,,1,,1,,,,,,111,,,,,,,,,,,1,,,,,,,,1,1,1,1,,,,,,,,,1,,,,,3,1,590901405,,
5,56,309,1,15,1,242.1136,"01",1,,,,5,,1,,,,,,1,1,,,,1,,,1,,,,,,,,,,,,,1,1,1,1,,,1,,,1,,,1,,,,,3,1,590901505,,
5,56,309,1,16,1,242.1136,"01",1,,,,5,,1,,,,,,1,,,,,1,,,1,,,,,,,,,,,,,1,1,1,1,,,1,1,,1,,,,,,,,888,2,590901605,,
5,56,309,1,17,1,242.1136,"01",1,,,,5,,,,,111,,,,,111,,,,,,,,,,,,,,,,1,,,1,1,1,1,,,1,,,,,,1,,,,,3,1,590901705,,
5,56,309,1,18,1,242.1136,"02",1,,,,1,,1,,,,,,,1,,,,,,,1,,,,,,,,,,,,,1,1,1,,,,,,,,,,1,,,,,2,1,590901805,,
5,56,310,2,1,1,1300.178,"01",9,,1,0,5,,,1,,,,,1,,,,,,,,,,,,,1,,,,,,,,1,1,1,1,,,,,,1,,,,,,,1,2,1,591000105,,
5,56,310,2,2,1,1300.178,"02",9,,0,0,1,,1,,,,,,,1,,,,,,,1,,,,,,,,,,,,,0,,,,,,,,,,,,,,,,2,1,1,591000205,,
5,56,310,2,3,1,1300.178,"01",11,,0,0,1,,,,,111,,,1,,,,,,,,1,,,,,,,,,,,,,1,0,,,,,,,,,,,,,,,2,2,1,591000305,,
5,56,310,2,4,1,1300.178,"02",9,,0,0,1,,,,1,,,,,1,,,,,,,,,,,,1,,,,,,,,1,0,,,,,,,,,,,,,,,1,2,1,591000405,,
5,56,310,2,5,1,1300.178,"02",11,,0,0,1,,,,1,,,,,,111,,,,,,,,,,,1,,,,,,,,1,1,1,,,,,,,,,,,,,,2,1,1,591000505,,
5,56,310,2,6,1,1300.178,"01",9,,1,0,1,,,,,111,,,,1,,,,,1,,,,,,,,,,,,,,,0,,,,,,,,,,,,,,,,2,2,1,591000605,,
5,56,310,2,7,1,1300.178,"02",9,,0,1,1,,,,,,555,11,,1,,,,,,,1,,,,,,,,,,,,,1,1,1,1,,,,,,,,1,,,,,2,888,1,591000705,,
5,56,310,2,8,1,1300.178,"01",8,,0,0,5,,,,,111,,,1,,,,,,,,,,,,,,,,,,1,,,0,,,,,,,,,,,,,,,,1,2,1,591000805,,
5,56,310,2,9,1,1300.178,"01",9,,0,1,1,,,,1,,,,,,111,,,,,,,,,,,1,,,,,,,,1,1,,,,,,,,1,,,1,,,,1,1,1,591000905,,
5,56,310,2,10,1,1300.178,"01",8,,0,0,1,,,,,111,,,1,,,,,,,,1,,,,,,,,,,,,,0,,,,,,,,,,,,,,,,2,2,1,591001005,,
5,56,310,2,11,1,1300.178,"01",11,,2,0,1,,,,,111,,,1,,,,,,1,,,,,,,,,,,,,,,0,,,,,,,,,,,,,,,,2,1,1,591001105,,
5,56,310,2,12,1,1300.178,"02",11,,0,0,1,,,,,111,,,1,,,,,,,,1,,,,,,,,,,,,,1,1,1,1,,,,,,,,,,,,,1,2,1,591001205,,
5,56,310,2,13,1,1300.178,"01",9,,0,0,1,,,,,111,,,,,111,,,,,,,,,,,,,1,,,,,,0,,,,,,,,,,,,,,,,2,1,2,591001305,,
5,56,310,2,14,1,1300.178,"01",9,,0,1,1,,,,,111,,,1,,,,,,,,1,,,,,,,,,,,,,1,1,1,1,,,1,,,,,,,,,,1,2,1,591001405,,
5,56,310,2,15,1,1300.178,"01",9,,0,0,1,,1,,,,,,,1,,,,,,,1,,,,,,,,,,,,,1,1,1,,,,,,,,,,,,,,2,1,1,591001505,,
5,56,310,2,16,1,1300.178,"01",11,,0,0,1,,,,,111,,,,,111,,,,,,1,,,,,,,,,,,,,0,,,,,,,,,,,,,,,,2,2,1,591001605,,
5,56,310,2,17,1,1300.178,"02",9,,0,0,1,,,,,111,,,,1,,,,,,,1,,,,,,,,,,,,,0,,,,,,,,,,,,,,,,2,2,1,591001705,,
5,56,310,2,18,1,1300.178,"01",11,,2,0,1,,,,,111,,,1,,,,,,1,,,,,,,,,,,,,,,0,,,,,,,,,,,,,,,,2,2,2,591001805,,
5,56,311,2,1,1,1505.08703561644,"01",11,,0,1,1,,,,,111,,,1,,,,,,,,1,,,,,,,,,,,,,1,0,,,,,,,,,,,,,,,2,2,1,591100105,,
5,56,311,2,2,1,1505.08703561644,"01",8,,0,1,5,,,,1,,,,1,,,,,,,,1,,,,,,,,,,,,,1,0,,,,,,,,,,,,,,,2,1,1,591100205,,
5,56,311,2,3,1,1505.08703561644,"02",9,,0,0,1,,,,,111,,,1,,,,,,,,1,,,,,,,,,,,,,0,,,,,,,,,,,,,,,,2,1,1,591100305,,
5,56,311,2,4,1,1505.08703561644,"01",11,,0,0,1,,,,,111,,,1,,,,,,,,,,,,,,,,,,1,,,1,0,,,,,,,,,,,,,,,2,2,1,591100405,,
5,56,311,2,5,1,1505.08703561644,"02",9,,0,1,1,,,1,,,,,1,,,,,,,,1,,,,,,,,,,,,,1,0,,,,,,,,,,,,,,,2,2,1,591100505,,
5,56,311,2,6,1,1505.08703561644,"01",9,,0,0,1,,,,,111,,,1,,,,,,,,1,,,,,,,,,,,,,0,,,,,,,,,,,,,,,,2,1,1,591100605,,
5,56,311,2,7,1,1505.08703561644,"01",9,,0,0,1,,,,,111,,,1,,,,,,,,1,,,,,,,,,,,,,1,1,1,1,,,,,,,,,,,,,2,2,1,591100705,,
5,56,311,2,8,1,1505.08703561644,"01",9,,0,0,1,,,1,,111,,,1,,,,,,,,,,,,,1,,,,,,,,1,1,1,1,,,,,,,,,,,,,2,1,1,591100805,,
5,56,311,2,9,1,1505.08703561644,"01",9,,0,0,1,,,,,111,,,1,,,,,,,,,,,,,,,,,,1,,,1,1,1,1,,,,,,,,,,,,,2,2,1,591100905,,
5,56,311,2,10,1,1009.847,"02",1,,1,0,5,,,,,111,,,1,,,,,,1,,,,,,,,,,,,,,,1,1,,1,,,,,,,,,,,,,2,2,1,591101005,,
5,56,311,2,11,1,1009.847,"02",1,,0,1,5,,1,,,,,,1,,,,,1,,,,,,,,,,,,,,,,1,1,1,1,,,1,,,,,,,,,,2,3,1,591101105,,
5,56,311,2,12,1,1505.08703561644,"01",11,,0,0,1,,,,,111,,,,,111,,,,,,,,,,,,,,,,1,,,1,1,1,1,,,,,,,,,,,,,2,2,1,591101205,,
5,56,311,2,13,1,1009.847,"02",1,,0,0,1,,,,,111,,,1,,,,,,,,1,,,,,,,,,,,,,0,,,,,,,,,,,,,,,,2,2,1,591101305,,
5,56,311,2,14,1,1009.847,"02",1,,2,1,1,,,,,111,,,1,,,,,,1,,,,,,,,,,,,,,,1,1,,1,,,,,,,,,,,,,2,2,2,591101405,,
5,56,311,2,15,1,1009.847,"01",1,,1,0,1,,1,,,,,,1,,,,,1,1,,,,,,,,,,,,,,,1,1,1,,,,,,,,,,,,,,2,2,1,591101505,,
5,56,311,2,16,1,1009.847,"01",1,,1,1,1,,,1,,,,,1,,,,,,1,,,,,,,,,,,,,,,1,1,1,,,,,,,,,,,,,,2,1,1,591101605,,
5,56,311,2,17,1,1009.847,"01",1,,2,0,5,,,,,111,,,1,,,,,,1,,,,,,,,,,,,,,,0,,,,,,,,,,,,,,,,2,1,1,591101705,,
5,56,311,2,18,1,1009.847,"02",1,,1,0,5,,,,,111,,,1,,,,,,1,,,,,,,,,,,,,,,1,1,1,,,,,,,,,,,,,,1,2,1,591101805,,
5,56,312,2,1,1,1016.90338604651,"02",9,,0,0,1,,,,1,,,,,,111,,,,,,,,,,,,,,,,1,,,1,0,,,,,,,,,,,,,,,2,2,1,591200105,,
5,56,312,2,2,1,1016.90338604651,"02",8,,0,0,1,,,,,111,,,,1,,,,,,,1,,,,,,,,,,,,,1,1,,,,,,,,,,,1,,,,2,2,1,591200205,,
5,56,312,2,3,1,1016.90338604651,"01",11,,0,1,1,,,,,111,,,1,,,,,,,,1,,,,,,,,,,,,,1,0,,,,,,,,,,,,,,,2,3,1,591200305,,
5,56,312,2,4,1,1016.90338604651,"01",11,,0,0,1,,,,,111,,,,1,,,,,,,,,,,,,,,,,1,,,0,,,,,,,,,,,,,,,,2,2,1,591200405,,
5,56,312,2,5,1,1016.90338604651,"02",9,,0,0,1,,,,,,555,11,1,,,,,,,,1,,,,,,,1,,,,,,1,1,1,1,,,,,,,,,1,,,,2,2,1,591200505,,
5,56,312,2,6,1,1016.90338604651,"01",11,,0,0,1,,,,,111,,,,1,,,,,,,,,,,,,,,,,1,,,0,,,,,,,,,,,,,,,,2,1,1,591200605,,
5,56,312,2,7,1,1016.90338604651,"02",8,,0,0,1,,,,,111,,,,,111,,,,,,,,,,,,,,,,1,,,0,,,,,,,,,,,,,,,,1,3,1,591200705,,
5,56,312,2,8,1,1016.90338604651,"02",8,,0,0,1,,,,,111,,,,1,,,,,,,1,,,,,,,,,,,,,0,,,,,,,,,,,,,,,,1,2,1,591200805,,
5,56,312,2,9,1,1016.90338604651,"01",11,,0,0,1,,1,,,,,,1,,,,,,,,1,,,,,,,,,,,,,1,1,1,1,,,,,,,,,1,,,,2,2,1,591200905,,
5,56,312,2,10,1,2024.391,"01",1,,1,0,5,,1,,,,555,11,1,,,,,,,,1,,,,,1,,,,,,,,1,1,1,1,,,1,,,,,,,,,,1,3,1,591201005,,
5,56,312,2,11,1,2024.391,"03",1,,0,1,1,,,,1,,,,1,,,,,,,,1,,,,,,,,,,,,,1,1,,,,,1,,,,,,1,,,,1,2,1,591201105,,
5,56,312,2,12,1,2024.391,"01",1,,0,1,1,,,,,111,,,,1,,,,,,,,,,,,1,,,,,,,,1,1,1,,,,,,,,,,,,,,2,1,1,591201205,,
5,56,312,2,13,1,1016.90338604651,"01",11,,0,1,5,,,,1,,,,,1,,,,,,,1,,,,,,,,,,,,,1,1,,,,,,,,,,,1,,,,2,2,1,591201305,,
5,56,312,2,14,1,2024.391,"01",1,,0,0,1,,1,,,,,,,,111,,,,,,,,,,,,,1,,,,,,1,1,1,,,,,,,,,,1,,,,2,3,1,591201405,,
5,56,312,2,15,1,2024.391,"02",1,,0,1,1,,,,,111,,,,1,,,,,,,1,,,,,,,,,,,,,1,1,1,1,,,,,,,,,,,,,2,2,1,591201505,,
5,56,312,2,16,1,2024.391,"02",1,,0,1,5,,,,,,555,11,,1,,,,,,,1,,,,,,,,,,,,,0,,,,,,,,,,,,,,,,1,2,1,591201605,,
5,56,312,2,17,1,2024.391,"01",1,,0,0,1,,1,,,,,,,1,,,,,,,1,,,,,1,,,,,,,,0,,,,,,,,,,,,,,,,1,1,1,591201705,,
5,56,312,2,18,1,2024.391,"03",1,,0,0,5,,1,,,,,,1,1,,,,,,,1,,,,,1,,,,,,,,1,1,1,1,,,1,,,,,,,,,,2,2,2,591201805,,
5,57,313,1,1,1,20.3719658823529,"01",11,,,,5,,,,1,,,,,,111,,,,,,,,,,,,,,,,1,,,0,,,,,,,,,,,,,,,,,1,1,601300105,,
5,57,313,1,2,1,20.3719658823529,"01",11,,,,5,,,,,111,,,,,111,,,,,,,,,,,,,,,,1,,,0,,,,,,,,,,,,,,,,,1,1,601300205,,
5,57,313,1,3,1,20.3719658823529,"02",11,,,,5,,,,1,,,,,,111,,,,,,,,,,,,,,,,1,,,1,1,,,,1,,,,,,,1,,,,,1,1,601300305,,
5,57,313,1,4,1,20.3719658823529,"01",7,,,,5,,,1,,,,,,,111,,,,,,,,,,,,,,1,,,,,1,1,1,,,,,,,,,,,,,,,1,4,601300405,,
5,57,313,1,5,1,192.4019,"02",1,,,,5,,,1,,,,,1,,,,,,,,1,,,,,1,,,,,,,,1,1,1,1,,,,,,,,,1,,,,,3,1,601300505,,
5,57,313,1,6,1,20.3719658823529,"01",11,,,,5,,,,,,555,11,,,111,,,,,,,,,,,,,,,,1,,,1,1,,,,1,,,,,,,,,,,,1,1,601300605,,
5,57,313,1,7,1,192.4019,"01",1,,,,5,,1,,1,,,,,1,,,,1,,1,,,,,,,,,,,,,,1,1,1,1,,,1,1,,,,,,,,,,3,1,601300705,,
5,57,313,1,8,1,192.4019,"01",1,,,,5,,,1,,,,,1,,,,,,,,1,,,,,1,,,,,,,,1,1,1,1,,,,,,,,,,,,,,2,1,601300805,,
5,57,313,1,9,1,192.4019,"01",1,,,,5,,,1,,,,,1,,,,,,,,,,,,,1,,,,,,,,1,1,1,,,,,,,,,,,,,,,4,1,601300905,,
5,57,313,1,10,1,192.4019,"01",1,,,,5,,,,1,,,,,,111,,,,,1,,,,,,,,,,,,,,1,1,1,1,,,1,,,,,,,,,,,2,1,601301005,,
5,57,313,1,11,1,192.4019,"01",1,,,,5,,,1,,,,,1,,,,,,,,,,,,,1,,,,,,,,1,1,1,1,,,1,,,,,,1,,,,,3,1,601301105,,
5,57,313,1,12,1,192.4019,"04",1,,,,5,,,,,111,,,1,,,,,,,,1,,,,,,,,,,,,,1,1,1,1,,,1,,,,,,1,,,,,3,1,601301205,,
5,57,313,1,14,1,192.4019,"01",1,,,,5,,,1,,,,,,1,,,,,,,,,,,,1,,,,,,,,1,1,1,,,,1,,,,,,,,,,,3,1,601301405,,
5,57,313,1,15,1,192.4019,"01",1,,,,5,,,,1,,,,,,111,,,,,1,,,,,,,,,,,,,,1,1,1,1,,,,,,,,,,,555,6,,2,1,601301505,,
5,57,313,1,16,1,192.4019,"01",1,,,,4,,1,,,,,,,,111,,,1,,,,,,,,,,,,,,,,1,1,,,,1,1,1,,,,1,1,,,,,3,1,601301605,,
5,57,313,1,17,1,192.4019,"01",1,,,,5,,1,,,,,,1,,,,,,,,1,,,,,,,,,,,,,1,1,1,,,,,,,,,,,,,,,3,1,601301705,,
5,57,313,1,18,1,192.4019,"02",1,,,,5,,,1,,,,,1,,,,,,,,,,,,,1,,,,,,,,1,1,1,1,,,,,,,,,1,,,,,3,1,601301805,,
5,57,314,2,1,1,1890.69909118541,"02",11,,0,0,1,,,,,111,,,,1,,,,,,,1,,,,,,,,,,,,,1,1,1,,,,,,,,,,,,,,2,3,1,601400105,,
5,57,314,2,2,1,1037.598,"01",1,,0,1,1,,,1,,,,,,,,,,,,,,,,,,1,,,,,,,,1,0,,,,,,,,,,,,,,,2,3,1,601400205,,
5,57,314,2,3,1,1890.69909118541,"01",9,,0,1,1,,,,,111,,,1,,,,,,,,,,,,,,,,,,,555,2,1,1,1,,,,,,,,,,,,,,2,3,1,601400305,,
5,57,314,2,4,1,1890.69909118541,"01",11,,0,0,1,,,,,111,,,,,111,,,,,,,,,,,,,,,,,555,8,0,,,,,,,,,,,,,,,,2,1,1,601400405,,
5,57,314,2,5,1,1037.598,"01",1,,0,0,1,,,,,111,,,,,111,,,,,,,,,,,,,,1,,,,,0,,,,,,,,,,,,,,,,2,3,1,601400505,,
5,57,314,2,6,1,1890.69909118541,"01",11,,0,0,1,,,,,111,,,,1,,,,,,,,,,,,,,,,,1,,,0,,,,,,,,,,,,,,,,2,2,1,601400605,,
5,57,314,2,7,1,1890.69909118541,"01",9,,0,0,1,,,,,111,,,,1,,,,,,,,,,,,,,,,,1,,,1,1,1,1,,,,,,,,,,,,,2,2,1,601400705,,
5,57,314,2,8,1,1890.69909118541,"01",11,,0,1,1,,,1,,,,,1,,,,,,,,,,,,,1,,,,,,,,1,0,,,,,,,,,,,,,,,2,2,1,601400805,,
5,57,314,2,9,1,1890.69909118541,"01",11,,0,0,1,,,,,111,,,,,111,,,,,,,,,,,,,,,,1,,,0,,,,,,,,,,,,,,,,2,2,1,601400905,,
5,57,314,2,10,1,1037.598,"01",1,,0,1,5,,,1,,,,,,,111,,,,,,,,,,,1,,,,,,,,1,1,1,1,,,1,,,,,,,,,,2,3,1,601401005,,
5,57,314,2,11,1,1037.598,"01",1,,0,1,5,,,,1,,,,,1,,,,,,,,,,,,1,,,,,,,,1,1,1,1,,,1,1,,,,,,,,,2,3,1,601401105,,
5,57,314,2,12,1,1037.598,"02",1,,0,1,5,,,,,111,,,,,111,,,,,,,,,,,,1,,1,,,,,1,1,1,,,,1,,,,,,,,,,2,3,2,601401205,,
5,57,314,2,13,1,1037.598,"01",1,,0,1,5,,,,1,,,,,1,,,,,,1,,,,,,1,,,,,,,,1,1,,,,,1,,,,,,1,,,,2,3,1,601401305,,
5,57,314,2,14,1,1037.598,"01",1,,1,0,5,,1,,,,,,,1,,,,,,,,,,,,1,,,,,,,,1,1,1,,,,,,,,,,,,,,2,3,1,601401405,,
5,57,314,2,15,1,1037.598,"01",1,,0,0,5,,,,,111,,,,,,555,4,,,,,,,,,,,,,,,555,8,1,1,1,1,,,1,,,,,,,,,,2,3,1,601401505,,
5,57,314,2,16,1,1037.598,"01",1,,0,0,1,,,,1,,,,1,,,,,,,,,,,,,1,,,,,,,,1,1,1,1,,,,,,,,,,,,,2,2,1,601401605,,
5,57,314,2,17,1,1037.598,"01",1,,0,0,1,,,,,111,,,,1,,,,,,,1,,,,,,,,,,,,,0,,,,,,,,,,,,,,,,2,3,1,601401705,,
5,57,314,2,18,1,1037.598,"02",1,,0,0,5,,,,,111,,,,,111,,,,,,,,,,,,,,,,1,,,0,,,,,,,,,,,,,,,,2,3,1,601401805,,
5,57,315,2,1,1,995.355,"01",1,,0,0,1,,1,,,,,,,1,,,,,,,,,,,,1,,,,,,,,0,,,,,,,,,,,,,,,,2,2,1,601500105,,
5,57,315,2,2,1,2205.92189189189,"01",11,,0,1,1,,,,,,555,11,,,,555,3,,,,,,,,,1,,,,,,555,5,1,1,1,,,,,,,,,,,,555,1,2,3,1,601500205,,
5,57,315,2,3,1,995.355,"01",1,,0,1,1,,,,,111,,,,,111,,,,,,,,,,,,,,1,,,,,1,1,1,1,,,1,,,,,,,,,,2,888,2,601500305,,
5,57,315,2,4,1,2205.92189189189,"02",11,,0,1,1,,,,,111,,,,1,,,,,,,,,,,,,,,,,1,,,0,,,,,,,,,,,,,,,,2,2,1,601500405,,
5,57,315,2,5,1,2205.92189189189,"01",11,,0,0,1,,,,,,555,5,,,,555,3,,,,,,,,,,,,,,1,,,1,1,1,1,,,,,,,,,,,,,2,3,1,601500505,,
5,57,315,2,6,1,995.355,"02",1,,0,0,1,,,,,111,,,,1,,,,,,,,,,,,,,,,,1,,,0,,,,,,,,,,,,,,,,2,2,1,601500605,,
5,57,315,2,7,1,2205.92189189189,"02",9,,0,1,1,,1,,,,,,,,111,,,,,,,,,,,1,,,,,,,,1,1,1,,,,,,,,,,,,,,2,1,1,601500705,,
5,57,315,2,8,1,2205.92189189189,"02",11,,0,1,1,,,,,111,,,1,,,,,,,,,,,,,,,,,,1,,,1,1,1,,,,,,,,,,,,,,2,2,1,601500805,,
5,57,315,2,9,1,2205.92189189189,"01",11,,0,0,1,,,,,111,,,1,,,,,,,,,,,,,,,,,,1,,,1,1,1,,,,,,,,,,,,,,1,3,1,601500905,,
5,57,315,2,10,1,995.355,"01",1,,0,1,5,,1,,,,,,,,111,,,,,,,,,,,1,,,,,,,,1,1,,1,,,1,,,,,,,,,,2,3,1,601501005,,
5,57,315,2,11,1,995.355,"01",1,,0,1,1,,,,,111,,,,,,555,5,,,,,,,,,,,,,,1,,,1,1,,,,,1,,,,,,,,,,2,3,1,601501105,,
5,57,315,2,12,1,995.355,"01",1,,0,1,5,,,1,,,,,,1,,,,,,,,,,,,1,,,,,,,,1,1,1,1,,,1,,,,,,,,,,2,3,1,601501205,,
5,57,315,2,13,1,995.355,"02",1,,1,1,5,,1,,,,,,,,111,,,1,,,,,,,,,,,,,,,,1,1,1,1,,,1,,,,,,,,,,2,3,1,601501305,,
5,57,315,2,14,1,995.355,"01",1,,0,1,5,,1,,,,,,,1,,,,,,,,,,,,1,,,,,,,,1,1,1,1,,,,,,,,,,,,,2,3,1,601501405,,
5,57,315,2,15,1,995.355,"02",1,,1,1,1,,,,1,,,,,,111,,,,,,,,,,,1,,,,,,,,1,1,1,,,,1,,,,,,,,,,1,2,1,601501505,,
5,57,315,2,16,1,995.355,"01",1,,0,2,1,,,,1,,,,,,111,,,,,,,,,,,1,,,,,,,,1,1,1,1,,,1,,,,,,,,,,1,3,1,601501605,,
5,57,315,2,17,1,995.355,"01",1,,0,1,5,,,,,,555,11,,,111,,,,,,,,,,,1,,,,,,,,1,1,,,,,1,,,,,,,,,,2,3,1,601501705,,
5,57,315,2,18,1,995.355,"01",1,,0,1,1,,1,,,,,,1,,,,,,,,1,,,,,,,,,,,,,0,,,,,,,,,,,,,,,,2,3,1,601501805,,
5,57,316,2,2,1,2188.705078125,"01",11,,0,2,5,,,,,111,,,1,,,,,,,,,,,,,,,,,,1,,,1,1,1,1,,,,,,,,,,,,,1,2,1,601600205,,
5,57,316,2,3,1,1120.617,"02",1,,2,1,5,,,,,111,,,1,,,,,,,,,,,,,1,,,,,,,,1,1,1,1,,,1,,,,,,,,,,2,2,1,601600305,,
5,57,316,2,4,1,1120.617,"02",1,,0,1,5,,,1,,,,,,1,,,,1,1,,,,,,,,,,,,,,,1,1,1,1,,,,,,,,,,,,,2,2,1,601600405,,
5,57,316,2,5,1,2188.705078125,"01",9,,0,0,1,,,,1,,,,1,,,,,,,1,1,,,,,,,,,,,,,1,1,1,,,,,,,,,,,,,,2,2,1,601600505,,
5,57,316,2,6,1,1120.617,"01",1,,0,1,1,,,,1,,,,1,,,,,,1,,,,,,,,,,,,,,,1,1,1,1,,,,,,,,,,,,,1,2,1,601600605,,
5,57,316,2,7,1,1120.617,"02",1,,0,1,5,,,,1,,,,1,1,,,,,,,,,,,,1,,,,,,,,1,1,1,,,,1,,,1,,,,,,,1,2,1,601600705,,
5,57,316,2,8,1,2188.705078125,"02",11,,0,0,1,,,,,111,,,,1,,,,,,,,,,,,,,,,,1,,,1,1,1,1,,,,,,,,,,,,,2,1,1,601600805,,
5,57,316,2,9,1,2188.705078125,"01",11,,0,1,1,,,,,111,,,,,111,,,,1,,,,,,,,,,,,,,,1,1,1,1,,,,,,,,,,,,,2,3,1,601600905,,
5,57,316,2,11,1,1120.617,"01",1,,0,1,1,,,,1,,,,,1,,,,,,,1,,,,,,,,,,,,,1,1,,,,,1,,,,,,,,,,1,2,1,601601105,,
5,57,316,2,13,1,1120.617,"01",1,,0,0,1,,,,,111,,,,,,555,3,,,,,,,,,,,,,,1,,,1,1,1,,,,1,,,,,,,,,,2,3,1,601601305,,
5,57,316,2,14,1,1120.617,"01",1,,0,1,1,,,,,111,,,,,,555,3,,,,,,,,,,,,,,1,,,1,1,1,,,,1,,,,,,,,,,1,2,1,601601405,,
5,57,316,2,15,1,2188.705078125,"01",8,,0,1,1,,,1,,,,,1,,,,,,,,,,,,,,,,,,,555,5,1,1,1,1,,,,,,,1,,,,,,2,2,1,601601505,,
5,57,316,2,16,1,1120.617,"01",1,,0,0,5,,1,,1,,,,,1,,,,,,,,,,,,1,,,,,,,,1,1,1,,,,,,,,,,,,,,1,2,1,601601605,,
5,57,316,2,17,1,2188.705078125,"01",9,,1,0,5,,,,1,,,,,,111,,,,,,,,,,,1,,,,,,,,1,1,1,1,,,,,,,,,,,,,2,2,4,601601705,,
5,57,316,2,18,1,1120.617,"01",1,,0,0,1,,,,,111,,,1,,,,,,,,1,,,,,,1,,1,,,,,1,1,,,,,1,,,,,,,,,,1,3,1,601601805,,
5,57,316,2,19,1,2188.705078125,"01",11,,0,0,5,,,,1,,,,1,,,,,,,,1,,,,,,,,,,,,,1,1,1,,,,,,,,,,,,,,2,1,4,601601905,,
5,57,316,2,20,1,1120.617,"02",1,,0,0,1,,,,,111,,,1,,,,,,,,1,,,,,,,,1,,,,,1,1,1,1,,,1,,,,,,,,,,2,2,1,601602005,,
5,57,316,2,22,1,2188.705078125,"01",11,,0,2,1,,,,,111,,,1,,,,,,,,1,,,,,,,,1,,,,,1,1,1,,,,,,,1,,,,,,,2,2,1,601602205,,
5,57,317,1,1,1,104.2921,"04",1,,,,4,,1,,,,,,,1,,,,,,,,,,,,,,,,,1,,,1,1,1,,,,1,1,1,,,,,,,,,3,1,601700105,,
5,57,317,1,2,1,104.2921,"01",1,,,,5,,,1,,,,,,1,,,,,,,,,,,,1,,,,,,,,1,1,1,,,,,,,,,,,,,,,3,1,601700205,,
5,57,317,1,3,1,104.2921,"01",1,,,,4,,1,,,,,,,,111,,,,,,,,,,,,,,,,1,,,1,1,1,,,,,,,,,,,,,,,3,1,601700305,,
5,57,317,1,4,1,104.2921,"02",1,,,,5,,,,1,,,,,,111,,,,,1,,,,,,,,,,,,,,0,,,,,,,,,,,,,,,,,1,1,601700405,,
5,57,317,1,5,1,104.2921,"04",1,,,,4,,1,,,,,,,,111,,,1,,,,,,,,,,,,,,,,1,1,,1,1,1,1,,,,1,,,,,,,4,1,601700505,,
5,57,317,1,6,1,104.2921,"01",1,,,,5,,1,,,,,,,1,,,,1,,,,,,,,,,,,,,,,1,1,1,,,,,,,,,,1,,,,,3,1,601700605,,
5,57,317,1,7,1,104.2921,"02",1,,,,5,,1,,,,,,1,,,,,1,,,,,,,,,,,,,,,,1,1,1,1,,,,,,,,,1,,,,,3,2,601700705,,
5,57,317,1,8,1,104.2921,"01",1,,,,5,,,,,,,,1,,,,,,,,1,,,,,,,,,,,,,0,,,,,,,,,,,,,,,,,2,1,601700805,,
5,57,317,1,9,1,104.2921,"01",1,,,,5,,,,,111,,,,,,,,,,,,,,,,,,,,,1,,,1,1,1,,,,,,,,,,1,,,,,3,2,601700905,,
5,57,317,1,10,1,104.2921,"01",1,,,,5,,1,,,,,,1,,,,,1,,,,,,,,,,,,,,,,1,1,1,1,,,,,,,,,1,,,,,3,1,601701005,,
5,57,317,1,11,1,104.2921,"01",1,,,,5,,,,,111,,,1,,,,,,,,1,,,,,,,,,,,,,1,1,1,1,,,,,,,,,1,,,,,2,1,601701105,,
5,57,317,1,12,1,104.2921,"01",1,,,,5,,,,,111,,,,,111,,,,,,,,,,,,,,,1,,,,1,1,1,1,,,1,,,,,,,,,,,2,2,601701205,,
5,57,317,1,13,1,104.2921,"01",1,,,,5,,1,,,,,,,,111,,,,,,,,,,,,,,,,1,,,1,1,1,1,,,,,,1,,,1,,,,,2,1,601701305,,
5,57,317,1,14,1,10.6805162650602,"01",11,,,,1,,,,,111,,,,,111,,,,,,,,,,,,,,,,1,,,0,,,,,,,,,,,,,,,,,2,4,601701405,,
5,57,317,1,15,1,104.2921,"01",1,,,,5,,,,,111,,,,,111,,,,,,,,,,,,,,,,1,,,1,1,1,,,,1,1,,,,,,,,,,2,1,601701505,,
5,57,317,1,16,1,104.2921,"03",1,,,,4,,1,,,,,,,,111,,,1,,,,,,,,,,,,,,,,1,1,1,1,,,1,1,,,,,,,,,,2,1,601701605,,
5,57,317,1,17,1,104.2921,"01",1,,,,5,,,,,111,,,1,,,,,,,,,,,,,,,,,,1,,,1,1,1,1,,,1,,,1,,,1,,,,,1,1,601701705,,
5,57,317,1,18,1,104.2921,"01",1,,,,5,,,,,111,,,,,111,,,,,,,,,,,,,,,,1,,,1,1,1,,,,,,,,,,,,,,,1,2,601701805,,
5,57,318,1,1,1,189.1859,"02",1,,,,5,,1,,,,,,,,111,,,1,,,,,,,,,,,,,,,,1,1,1,,,,1,1,,,,,1,,,,,3,1,601800105,,
5,57,318,1,2,1,14.9964432926829,"02",9,,,,1,,1,,,,,,,,111,,,1,,,,,,,,,,,,,,,,1,1,1,,,,,,,,,,,,,,,3,1,601800205,,
5,57,318,1,3,1,14.9964432926829,"02",11,,,,1,,1,,,,,,1,,,,,,,,,,,,,,,,,,,555,5,1,1,1,,,,,,,,,,1,,,,,2,2,601800305,,
5,57,318,1,4,1,14.9964432926829,"01",11,,,,1,,,,,111,,,1,,,,,,,,,,,,,,,,,,,555,5,1,0,,,,,,,,,,,,,,,,2,4,601800405,,
5,57,318,1,5,1,189.1859,"02",1,,,,4,,1,,,,,,1,,,,,1,,,,,,,,,,,,,,,,1,1,1,,,,1,1,,,,,,,,,,3,1,601800505,,
5,57,318,1,6,1,14.9964432926829,"02",7,,,,5,,,1,1,,,,,1,,,,,,,,,,,,1,,,,,,,,0,,,,,,,,,,,,,,,,,2,2,601800605,,
5,57,318,1,7,1,189.1859,"02",1,,,,4,,1,,,,,,1,,,,,1,,,,,,,,,,,,,,,,1,1,1,1,,,,,,,,,,,,,,3,1,601800705,,
5,57,318,1,8,1,189.1859,"01",1,,,,5,,1,,,,,,,,111,,,1,,,,,,,,,,,,,,,,1,1,1,,,,1,,,,,,,,,,,3,1,601800805,,
5,57,318,1,9,1,189.1859,"02",1,,,,5,,,1,1,,,,,1,,,,,1,,,,,,,,,,,,,,,1,1,1,,,,1,,,,,,,,,,,2,2,601800905,,
5,57,318,1,10,1,189.1859,"01",1,,,,5,,1,,,,,,1,,,,,,,,,,,,,1,,,,,,,,1,1,1,1,,,,,,,,,,,,,,3,2,601801005,,
5,57,318,1,11,1,14.9964432926829,"01",9,,,,1,,,,,111,,,,,111,,,,,,,,,,,,,,,,1,,,1,1,1,,,,,,,,,,,,,,,2,2,601801105,,
5,57,318,1,12,1,189.1859,"01",1,,,,5,,1,,,,,,,,111,,,1,,,,,,,,,,,,,,,,1,1,1,1,,,1,1,,,,,,,,,,2,1,601801205,,
5,57,318,1,13,1,189.1859,"02",1,,,,4,,1,,,,,,,,111,,,1,,,,,,,,,,,,,,,,1,1,1,1,,,1,1,,,,,,,,,,3,1,601801305,,
5,57,318,1,14,1,189.1859,"02",1,,,,5,,1,,,,,,,,111,,,1,,,,,,,,,,,,,,,,1,1,1,1,,,1,,,,,,,,,,,2,1,601801405,,
5,57,318,1,15,1,189.1859,"01",1,,,,1,,,,,111,,,1,,,,,,,,1,,,,,,,,,,,,,1,1,1,1,,,1,1,,,,,,,,,,2,1,601801505,,
5,57,318,1,16,1,189.1859,"02",1,,,,4,,1,,,,,,1,,,,,1,,,,,,,,,,,,,,,,1,1,1,1,,,,,,,,,,,,,,3,1,601801605,,
5,57,318,1,17,1,189.1859,"02",1,,,,4,,1,,,,,,,,111,,,1,,,,,,,,,,,,,,,,1,1,1,1,,,1,1,,1,,,1,,,,,4,1,601801705,,
5,57,318,1,18,1,189.1859,"02",1,,,,5,,,,,111,,,,1,,,,,,,1,,,,,,,,,,,,,1,1,1,1,,,1,,,,,,,,,,,2,1,601801805,,
5,57,319,2,1,1,2566.11,"01",1,,0,0,5,,,,,111,,,,,111,,,,,,,,,,,,,,,,1,,,0,,,,,,,,,,,,,,,,2,3,1,601900105,,
5,57,319,2,2,1,2566.11,"01",1,,2,0,5,,,,,111,,,,,111,,,,,,,,,,,,,,,,1,,,0,,,,,,,,,,,,,,,,2,2,555,601900205,,
5,57,319,2,3,1,2566.11,"02",1,,0,0,5,,,1,,,,,1,,,,,,,,1,,,,,,,,,,,,,1,1,1,1,,,,,,1,,,1,,,,1,1,1,601900305,,
5,57,319,2,4,1,2566.11,"01",1,,0,0,5,,,1,,,,,,1,,,,,,,,,,,,,,,,,,555,5,1,1,1,,,,,,,1,,,,,,,1,3,1,601900405,,
5,57,319,2,5,1,2566.11,"01",1,,0,0,5,,,1,,,,,,,111,,,,,,,,,,,,,,1,,,,,0,,,,,,,,,,,,,,,,2,1,1,601900505,,
5,57,319,2,6,1,2566.11,"01",1,,1,0,5,,,,,111,,,,,111,,,,,,,,,,,,,,,,1,,,0,,,,,,,,,,,,,,,,2,2,1,601900605,,
5,57,319,2,7,1,2566.11,"01",1,,1,0,5,,,,,111,,,,,111,,,,,,,,,,,,,,,,1,,,0,,,,,,,,,,,,,,,,2,1,1,601900705,,
5,57,319,2,8,1,2566.11,"02",1,,0,0,5,,,,,111,,,,1,,,,,,,1,,,,,,,,,,,,,1,1,1,,,,,,,,,,,,,,2,3,1,601900805,,
5,57,319,2,9,1,2566.11,"02",1,,2,1,5,,,,,111,,,,,111,,,,,,,,,,,,,,,,1,,,0,,,,,,,,,,,,,,,,2,3,555,601900905,,
5,57,319,2,10,1,2566.11,"01",1,,1,1,5,,,,1,,,,1,,,,,,,,,,,,,,,,,,1,,,1,1,1,,,,,,,,,,,,,,1,1,1,601901005,,
5,57,319,2,11,1,2566.11,"01",1,,0,1,5,,,,,111,,,1,,,,,,,,1,,,,,,,,,,,,,1,1,1,,,,1,,,,,,,,,,2,3,1,601901105,,
5,57,319,2,12,1,2566.11,"02",1,,2,1,5,,,,,111,,,,,111,,,,,,,,,,,1,,,,,,,,0,,,,,,,,,,,,,,,,2,3,555,601901205,,
5,57,319,2,13,1,2566.11,"02",1,,0,0,5,,1,,,,,,,1,,,,,,,,,,,,,,,,,1,,,1,1,,1,,,,,,,,,,,,,2,2,1,601901305,,
5,57,319,2,14,1,2566.11,"01",1,,1,0,5,,,,,111,,,,,111,,,,,,,,,,,,,,,,1,,,0,,,,,,,,,,,,,,,,2,3,1,601901405,,
5,57,319,2,15,1,2566.11,"01",1,,1,1,5,,,1,,,,,,1,,,,,1,,,,,,,,,,,,,,,0,,,,,,,,,,,,,,,,2,3,1,601901505,,
5,57,319,2,16,1,2566.11,"01",1,,0,1,5,,,,,111,,,,,111,,,,,,,,,,,,,,1,,,,,1,1,1,1,,,,,,1,,,,,,,1,2,1,601901605,,
5,57,319,2,17,1,2566.11,"01",1,,0,0,5,,,,,111,,,,,,555,3,,,,,,,,,,,,,,1,,,1,0,,,,,,,,,,,,,,,2,3,1,601901705,,
5,57,319,2,18,1,2566.11,"01",1,,1,0,5,,,,,111,,,1,,,,,,,,1,,,,,,,,,,,,,0,,,,,,,,,,,,,,,,2,1,4,601901805,,
