"PROVINCE","DISTRICT","Cluster","HI04","HI05","TYPEHH","HH_WT","H01","H02","MARKET_PRICE","H03","H04","H05","H06","H07","H07_OTHER","hhid","camp","ref_weight"
1,11,1,1,1,1,400.7663,,,,,,,,,,110100101,,
1,11,1,1,3,1,400.7663,,,,,,,,,,110100301,,
1,11,1,1,4,1,400.7663,,,,,,,,,,110100401,,
1,11,1,1,7,1,400.7663,,,,,,,,,,110100701,,
1,11,1,1,8,1,400.7663,,,,,,,,,,110100801,,
1,11,1,1,9,1,400.7663,,,,,,,,,,110100901,,
1,11,1,1,10,1,400.7663,,,,,,,,,,110101001,,
1,11,1,1,11,1,400.7663,,,,,,,,,,110101101,,
1,11,1,1,13,1,50.5471009009009,,,,,,,,,,110101301,,
1,11,1,1,14,1,400.7663,,,,,,,,,,110101401,,
1,11,1,1,15,1,400.7663,,,,,,,,,,110101501,,
1,11,1,1,16,1,400.7663,,,,,,,,,,110101601,,
1,11,1,1,17,1,400.7663,,,,,,,,,,110101701,,
1,11,1,1,19,1,400.7663,,,,,,,,,,110101901,,
1,11,1,1,20,1,400.7663,,,,,,,,,,110102001,,
1,11,2,2,1,1,221.941,1,"01",7500,1,,,,,,110200101,,
1,11,2,2,2,1,221.941,1,"02",2500,1,,,,,,110200201,,
1,11,2,2,3,1,105.421975,1,"01",2500,1,,,,,,110200301,,
1,11,2,2,4,1,105.421975,1,"01",2500,0,0,0,0,1,,110200401,,
1,11,2,2,5,1,105.421975,1,"01",2500,0,1,,,,,110200501,,
1,11,2,2,6,1,105.421975,1,"01",7500,1,,,,,,110200601,,
1,11,2,2,7,1,105.421975,1,"01",2500,1,,,,,,110200701,,
1,11,2,2,8,1,221.941,1,"01",7500,1,,,,,,110200801,,
1,11,2,2,9,1,105.421975,1,"01",7500,0,0,1,,,,110200901,,
1,11,2,2,10,1,221.941,1,"02",7500,0,0,0,0,1,,110201001,,
1,11,2,2,11,1,221.941,1,"01",2500,0,0,1,,,,110201101,,
1,11,2,2,12,1,221.941,1,"01",2500,1,,,,,,110201201,,
1,11,2,2,13,1,221.941,1,"01",7500,0,0,0,0,2,,110201301,,
1,11,2,2,14,1,221.941,,,,,,,,,,110201401,,
1,11,2,2,15,1,221.941,1,"01",7500,0,0,1,,,,110201501,,
1,11,2,2,16,1,221.941,1,"01",7500,0,1,,,,,110201601,,
1,11,2,2,18,1,221.941,1,"01",2500,1,,,,,,110201801,,
1,11,2,2,22,1,221.941,1,"01",7500,1,,,,,,110202201,,
1,11,3,2,1,1,179.50659375,1,"01",2500,1,,,,,,110300101,,
1,11,3,2,2,1,179.50659375,1,"01",7500,0,0,1,,,,110300201,,
1,11,3,2,3,1,1566.603,1,"01",7500,0,0,0,0,1,,110300301,,
1,11,3,2,4,1,179.50659375,1,"01",2500,1,,,,,,110300401,,
1,11,3,2,5,1,1566.603,,,,,,,,,,110300501,,
1,11,3,2,6,1,179.50659375,1,"01",7500,0,0,0,0,1,,110300601,,
1,11,3,2,7,1,179.50659375,1,"01",2500,1,,,,,,110300701,,
1,11,3,2,8,1,179.50659375,,,,,,,,,,110300801,,
1,11,3,2,9,1,1566.603,1,"01",7500,0,0,0,0,1,,110300901,,
1,11,3,2,10,1,1566.603,1,"02",7500,1,,,,,,110301001,,
1,11,3,2,11,1,1566.603,,,,,,,,,,110301101,,
1,11,3,2,12,1,1566.603,1,"02",7500,1,,,,,,110301201,,
1,11,3,2,13,1,1566.603,,,,,,,,,,110301301,,
1,11,3,2,14,1,179.50659375,1,"01",7500,0,0,0,0,1,,110301401,,
1,11,3,2,15,1,179.50659375,1,"02",2500,1,,,,,,110301501,,
1,11,3,2,16,1,1566.603,1,"02",2500,1,,,,,,110301601,,
1,11,3,2,17,1,1566.603,1,"02",7500,1,,,,,,110301701,,
1,11,3,2,18,1,1566.603,1,"02",7500,1,,,,,,110301801,,
1,11,4,1,1,1,262.5804,,,,,,,,,,110400101,,
1,11,4,1,2,1,262.5804,,,,,,,,,,110400201,,
1,11,4,1,3,1,262.5804,,,,,,,,,,110400301,,
1,11,4,1,4,1,262.5804,,,,,,,,,,110400401,,
1,11,4,1,5,1,262.5804,,,,,,,,,,110400501,,
1,11,4,1,6,1,262.5804,,,,,,,,,,110400601,,
1,11,4,1,7,1,262.5804,,,,,,,,,,110400701,,
1,11,4,1,8,1,262.5804,,,,,,,,,,110400801,,
1,11,4,1,9,1,262.5804,,,,,,,,,,110400901,,
1,11,4,1,10,1,262.5804,,,,,,,,,,110401001,,
1,11,4,1,11,1,262.5804,,,,,,,,,,110401101,,
1,11,4,1,12,1,262.5804,,,,,,,,,,110401201,,
1,11,4,1,13,1,262.5804,,,,,,,,,,110401301,,
1,11,4,1,15,1,262.5804,,,,,,,,,,110401501,,
1,11,4,1,17,1,262.5804,,,,,,,,,,110401701,,
1,11,4,1,19,1,262.5804,,,,,,,,,,110401901,,
1,11,4,1,21,1,262.5804,,,,,,,,,,110402101,,
1,11,4,1,22,1,262.5804,,,,,,,,,,110402201,,
1,11,5,1,1,1,35.6145062761506,,,,,,,,,,110500101,,
1,11,5,1,2,1,35.6145062761506,,,,,,,,,,110500201,,
1,11,5,1,3,1,35.6145062761506,,,,,,,,,,110500301,,
1,11,5,1,4,1,35.6145062761506,,,,,,,,,,110500401,,
1,11,5,1,5,1,187.074,,,,,,,,,,110500501,,
1,11,5,1,6,1,187.074,,,,,,,,,,110500601,,
1,11,5,1,7,1,187.074,,,,,,,,,,110500701,,
1,11,5,1,8,1,187.074,,,,,,,,,,110500801,,
1,11,5,1,9,1,187.074,,,,,,,,,,110500901,,
1,11,5,1,10,1,187.074,,,,,,,,,,110501001,,
1,11,5,1,11,1,187.074,,,,,,,,,,110501101,,
1,11,5,1,12,1,187.074,,,,,,,,,,110501201,,
1,11,5,1,14,1,187.074,,,,,,,,,,110501401,,
1,11,5,1,16,1,187.074,,,,,,,,,,110501601,,
1,11,5,1,17,1,187.074,,,,,,,,,,110501701,,
1,11,5,1,18,1,187.074,,,,,,,,,,110501801,,
1,11,5,1,20,1,187.074,,,,,,,,,,110502001,,
1,11,6,1,1,1,504.2603,,,,,,,,,,110600101,,
1,11,6,1,2,1,504.2603,,,,,,,,,,110600201,,
1,11,6,1,3,1,504.2603,2,"02",24600,1,,,,,,110600301,,
1,11,6,1,4,1,504.2603,,,,,,,,,,110600401,,
1,11,6,1,5,1,504.2603,2,"02",21000,1,,,,,,110600501,,
1,11,6,1,6,1,504.2603,,,,,,,,,,110600601,,
1,11,6,1,7,1,504.2603,2,"02",8200,1,,,,,,110600701,,
1,11,6,1,8,1,504.2603,,,,,,,,,,110600801,,
1,11,6,1,9,1,504.2603,,,,,,,,,,110600901,,
1,11,6,1,10,1,504.2603,,,,,,,,,,110601001,,
1,11,6,1,11,1,504.2603,1,"02",2500,1,,,,,,110601101,,
1,11,6,1,12,1,504.2603,,,,,,,,,,110601201,,
1,11,6,1,13,1,504.2603,,,,,,,,,,110601301,,
1,11,6,1,14,1,504.2603,,,,,,,,,,110601401,,
1,11,6,1,15,1,504.2603,,,,,,,,,,110601501,,
1,11,6,1,16,1,504.2603,,,,,,,,,,110601601,,
1,11,6,1,17,1,504.2603,,,,,,,,,,110601701,,
1,11,6,1,18,1,504.2603,,,,,,,,,,110601801,,
1,11,7,1,1,1,191.7855,,,,,,,,,,110700101,,
1,11,7,1,2,1,191.7855,,,,,,,,,,110700201,,
1,11,7,1,3,1,191.7855,,,,,,,,,,110700301,,
1,11,7,1,4,1,191.7855,2,"02",21000,1,,,,,,110700401,,
1,11,7,1,5,1,191.7855,,,,,,,,,,110700501,,
1,11,7,1,6,1,191.7855,,,,,,,,,,110700601,,
1,11,7,1,7,1,191.7855,,,,,,,,,,110700701,,
1,11,7,1,8,1,191.7855,,,,,,,,,,110700801,,
1,11,7,1,9,1,191.7855,,,,,,,,,,110700901,,
1,11,7,1,10,1,191.7855,,,,,,,,,,110701001,,
1,11,7,1,11,1,191.7855,,,,,,,,,,110701101,,
1,11,7,1,12,1,191.7855,2,"02",16000,1,,,,,,110701201,,
1,11,7,1,13,1,191.7855,,,,,,,,,,110701301,,
1,11,7,1,14,1,191.7855,,,,,,,,,,110701401,,
1,11,7,1,15,1,191.7855,,,,,,,,,,110701501,,
1,11,7,1,16,1,191.7855,,,,,,,,,,110701601,,
1,11,7,1,17,1,191.7855,,,,,,,,,,110701701,,
1,11,7,1,18,1,191.7855,,,,,,,,,,110701801,,
1,11,8,1,1,1,709.7715,,,,,,,,,,110800101,,
1,11,8,1,2,1,709.7715,,,,,,,,,,110800201,,
1,11,8,1,3,1,709.7715,,,,,,,,,,110800301,,
1,11,8,1,4,1,709.7715,,,,,,,,,,110800401,,
1,11,8,1,5,1,709.7715,,,,,,,,,,110800501,,
1,11,8,1,6,1,709.7715,,,,,,,,,,110800601,,
1,11,8,1,7,1,709.7715,,,,,,,,,,110800701,,
1,11,8,1,8,1,709.7715,,,,,,,,,,110800801,,
1,11,8,1,9,1,709.7715,,,,,,,,,,110800901,,
1,11,8,1,10,1,709.7715,,,,,,,,,,110801001,,
1,11,8,1,11,1,709.7715,,,,,,,,,,110801101,,
1,11,8,1,12,1,709.7715,2,"02",8200,1,,,,,,110801201,,
1,11,8,1,13,1,709.7715,,,,,,,,,,110801301,,
1,11,8,1,14,1,709.7715,2,"01",8200,1,,,,,,110801401,,
1,11,8,1,15,1,709.7715,,,,,,,,,,110801501,,
1,11,8,1,16,1,709.7715,,,,,,,,,,110801601,,
1,11,8,1,17,1,709.7715,,,,,,,,,,110801701,,
1,11,8,1,18,1,57.7326100478469,,,,,,,,,,110801801,,
1,11,9,1,2,1,450.0009,2,"02",16000,1,,,,,,110900201,,
1,11,9,1,4,1,450.0009,,,,,,,,,,110900401,,
1,11,9,1,5,1,450.0009,,,,,,,,,,110900501,,
1,11,9,1,6,1,450.0009,2,"02",45100,1,,,,,,110900601,,
1,11,9,1,7,1,450.0009,,,,,,,,,,110900701,,
1,11,9,1,8,1,450.0009,,,,,,,,,,110900801,,
1,11,9,1,9,1,450.0009,,,,,,,,,,110900901,,
1,11,9,1,10,1,450.0009,2,"02",45100,1,,,,,,110901001,,
1,11,9,1,11,1,450.0009,,,,,,,,,,110901101,,
1,11,9,1,12,1,450.0009,,,,,,,,,,110901201,,
1,11,9,1,13,1,450.0009,,,,,,,,,,110901301,,
1,11,9,1,14,1,450.0009,,,,,,,,,,110901401,,
1,11,9,1,15,1,450.0009,,,,,,,,,,110901501,,
1,11,9,1,16,1,450.0009,2,"01",45100,1,,,,,,110901601,,
1,11,9,1,17,1,450.0009,,,,,,,,,,110901701,,
1,11,9,1,18,1,450.0009,,,,,,,,,,110901801,,
1,11,9,1,19,1,29.1105703504043,,,,,,,,,,110901901,,
1,11,9,1,20,1,29.1105703504043,2,"01",24600,1,,,,,,110902001,,
1,11,10,1,2,1,581.4858,,,,,,,,,,111000201,,
1,11,10,1,3,1,581.4858,,,,,,,,,,111000301,,
1,11,10,1,4,1,581.4858,2,"02",21000,0,0,0,0,1,,111000401,,
1,11,10,1,5,1,45.3452229357798,2,"01",16000,1,,,,,,111000501,,
1,11,10,1,6,1,581.4858,,,,,,,,,,111000601,,
1,11,10,1,7,1,581.4858,2,"01",21000,0,0,0,0,1,,111000701,,
1,11,10,1,8,1,581.4858,,,,,,,,,,111000801,,
1,11,10,1,9,1,581.4858,,,,,,,,,,111000901,,
1,11,10,1,10,1,581.4858,,,,,,,,,,111001001,,
1,11,10,1,11,1,581.4858,2,"02",16000,0,0,0,0,1,,111001101,,
1,11,10,1,12,1,581.4858,,,,,,,,,,111001201,,
1,11,10,1,13,1,581.4858,,,,,,,,,,111001301,,
1,11,10,1,14,1,581.4858,,,,,,,,,,111001401,,
1,11,10,1,15,1,581.4858,,,,,,,,,,111001501,,
1,11,10,1,16,1,581.4858,,,,,,,,,,111001601,,
1,11,10,1,17,1,581.4858,,,,,,,,,,111001701,,
1,11,10,1,18,1,581.4858,,,,,,,,,,111001801,,
1,11,10,1,19,1,581.4858,,,,,,,,,,111001901,,
1,11,11,1,1,1,486.8112,,,,,,,,,,111100101,,
1,11,11,1,2,1,486.8112,,,,,,,,,,111100201,,
1,11,11,1,3,1,486.8112,,,,,,,,,,111100301,,
1,11,11,1,4,1,486.8112,,,,,,,,,,111100401,,
1,11,11,1,5,1,486.8112,,,,,,,,,,111100501,,
1,11,11,1,6,1,486.8112,,,,,,,,,,111100601,,
1,11,11,1,7,1,486.8112,,,,,,,,,,111100701,,
1,11,11,1,8,1,486.8112,,,,,,,,,,111100801,,
1,11,11,1,9,1,486.8112,,,,,,,,,,111100901,,
1,11,11,1,10,1,486.8112,2,"01",16000,0,0,0,0,2,,111101001,,
1,11,11,1,11,1,486.8112,,,,,,,,,,111101101,,
1,11,11,1,12,1,486.8112,,,,,,,,,,111101201,,
1,11,11,1,13,1,486.8112,,,,,,,,,,111101301,,
1,11,11,1,14,1,486.8112,,,,,,,,,,111101401,,
1,11,11,1,15,1,486.8112,,,,,,,,,,111101501,,
1,11,11,1,16,1,486.8112,,,,,,,,,,111101601,,
1,11,11,1,17,1,486.8112,,,,,,,,,,111101701,,
1,11,11,1,18,1,486.8112,,,,,,,,,,111101801,,
1,12,12,2,1,1,699.2959,,,,,,,,,,121200101,,
1,12,12,2,2,1,73.1642186123348,1,"01",7500,0,0,0,0,1,,121200201,,
1,12,12,2,3,1,699.2959,,,,,,,,,,121200301,,
1,12,12,2,4,1,73.1642186123348,1,"01",2500,1,,,,,,121200401,,
1,12,12,2,5,1,73.1642186123348,1,"01",7500,0,1,,,,,121200501,,
1,12,12,2,6,1,73.1642186123348,1,"02",7500,0,0,0,1,,,121200601,,
1,12,12,2,7,1,73.1642186123348,,,,,,,,,,121200701,,
1,12,12,2,8,1,73.1642186123348,,,,,,,,,,121200801,,
1,12,12,2,9,1,73.1642186123348,,,,,,,,,,121200901,,
1,12,12,2,10,1,699.2959,,,,,,,,,,121201001,,
1,12,12,2,11,1,699.2959,,,,,,,,,,121201101,,
1,12,12,2,12,1,699.2959,,,,,,,,,,121201201,,
1,12,12,2,13,1,699.2959,2,"02",21000,0,0,1,,,,121201301,,
1,12,12,2,14,1,73.1642186123348,,,,,,,,,,121201401,,
1,12,12,2,15,1,699.2959,,,,,,,,,,121201501,,
1,12,12,2,16,1,699.2959,,,,,,,,,,121201601,,
1,12,12,2,17,1,699.2959,1,"01",7500,0,0,0,0,1,,121201701,,
1,12,12,2,18,1,699.2959,,,,,,,,,,121201801,,
1,12,13,2,1,1,736.1804,1,"01",7500,0,1,,,,,121300101,,
1,12,13,2,2,1,736.1804,,,,,,,,,,121300201,,
1,12,13,2,3,1,736.1804,,,,,,,,,,121300301,,
1,12,13,2,4,1,736.1804,,,,,,,,,,121300401,,
1,12,13,2,5,1,736.1804,1,"01",7500,0,0,1,,,,121300501,,
1,12,13,2,6,1,13.4902167539267,,,,,,,,,,121300601,,
1,12,13,2,7,1,13.4902167539267,,,,,,,,,,121300701,,
1,12,13,2,8,1,736.1804,,,,,,,,,,121300801,,
1,12,13,2,9,1,13.4902167539267,1,"01",7500,1,,,,,,121300901,,
1,12,13,2,10,1,736.1804,1,"01",7500,0,0,1,,,,121301001,,
1,12,13,2,11,1,736.1804,,,,,,,,,,121301101,,
1,12,13,2,12,1,736.1804,,,,,,,,,,121301201,,
1,12,13,2,13,1,13.4902167539267,,,,,,,,,,121301301,,
1,12,13,2,14,1,736.1804,,,,,,,,,,121301401,,
1,12,13,2,15,1,736.1804,,,,,,,,,,121301501,,
1,12,13,2,16,1,736.1804,,,,,,,,,,121301601,,
1,12,13,2,17,1,736.1804,1,"01",2500,0,0,1,,,,121301701,,
1,12,13,2,18,1,736.1804,,,,,,,,,,121301801,,
1,12,14,1,1,1,219.6804,,,,,,,,,,121400101,,
1,12,14,1,2,1,219.6804,,,,,,,,,,121400201,,
1,12,14,1,3,1,219.6804,,,,,,,,,,121400301,,
1,12,14,1,4,1,219.6804,,,,,,,,,,121400401,,
1,12,14,1,5,1,219.6804,,,,,,,,,,121400501,,
1,12,14,1,6,1,219.6804,,,,,,,,,,121400601,,
1,12,14,1,7,1,219.6804,,,,,,,,,,121400701,,
1,12,14,1,8,1,219.6804,,,,,,,,,,121400801,,
1,12,14,1,9,1,219.6804,,,,,,,,,,121400901,,
1,12,14,1,10,1,219.6804,,,,,,,,,,121401001,,
1,12,14,1,11,1,219.6804,,,,,,,,,,121401101,,
1,12,14,1,12,1,219.6804,,,,,,,,,,121401201,,
1,12,14,1,13,1,221.307662222222,,,,,,,,,,121401301,,
1,12,14,1,14,1,219.6804,,,,,,,,,,121401401,,
1,12,14,1,15,1,219.6804,,,,,,,,,,121401501,,
1,12,14,1,16,1,219.6804,,,,,,,,,,121401601,,
1,12,14,1,17,1,219.6804,,,,,,,,,,121401701,,
1,12,14,1,18,1,219.6804,,,,,,,,,,121401801,,
1,12,15,1,1,1,20.4148122137405,1,"01",2500,0,1,,,,,121500101,,
1,12,15,1,2,1,20.4148122137405,1,"01",2500,0,0,1,,,,121500201,,
1,12,15,1,3,1,668.5851,,,,,,,,,,121500301,,
1,12,15,1,4,1,668.5851,,,,,,,,,,121500401,,
1,12,15,1,5,1,668.5851,2,"01",24600,0,0,0,0,1,,121500501,,
1,12,15,1,6,1,668.5851,2,"01",8200,0,0,0,0,3,,121500601,,
1,12,15,1,8,1,668.5851,,,,,,,,,,121500801,,
1,12,15,1,9,1,668.5851,2,"01",21000,0,0,0,0,2,,121500901,,
1,12,15,1,10,1,668.5851,,,,,,,,,,121501001,,
1,12,15,1,11,1,668.5851,,,,,,,,,,121501101,,
1,12,15,1,12,1,668.5851,,,,,,,,,,121501201,,
1,12,15,1,13,1,668.5851,,,,,,,,,,121501301,,
1,12,15,1,14,1,668.5851,,,,,,,,,,121501401,,
1,12,15,1,15,1,668.5851,,,,,,,,,,121501501,,
1,12,15,1,16,1,668.5851,,,,,,,,,,121501601,,
1,12,15,1,17,1,668.5851,,,,,,,,,,121501701,,
1,12,15,1,18,1,668.5851,,,,,,,,,,121501801,,
1,12,15,1,19,1,668.5851,2,"02",8200,0,0,0,0,2,,121501901,,
1,12,16,1,1,1,22.51949375,,,,,,,,,,121600101,,
1,12,16,1,2,1,22.51949375,,,,,,,,,,121600201,,
1,12,16,1,3,1,22.51949375,,,,,,,,,,121600301,,
1,12,16,1,4,1,22.51949375,,,,,,,,,,121600401,,
1,12,16,1,5,1,443.4608,,,,,,,,,,121600501,,
1,12,16,1,6,1,443.4608,,,,,,,,,,121600601,,
1,12,16,1,7,1,443.4608,,,,,,,,,,121600701,,
1,12,16,1,8,1,443.4608,,,,,,,,,,121600801,,
1,12,16,1,9,1,443.4608,,,,,,,,,,121600901,,
1,12,16,1,10,1,443.4608,,,,,,,,,,121601001,,
1,12,16,1,11,1,443.4608,,,,,,,,,,121601101,,
1,12,16,1,12,1,22.51949375,,,,,,,,,,121601201,,
1,12,16,1,13,1,443.4608,,,,,,,,,,121601301,,
1,12,16,1,14,1,443.4608,,,,,,,,,,121601401,,
1,12,16,1,15,1,443.4608,,,,,,,,,,121601501,,
1,12,16,1,16,1,443.4608,,,,,,,,,,121601601,,
1,12,16,1,17,1,443.4608,2,"02",8200,1,,,,,,121601701,,
1,12,16,1,18,1,443.4608,,,,,,,,,,121601801,,
1,12,17,1,1,1,7.15809113268609,2,"01",16000,1,,,,,,121700101,,
1,12,17,1,2,1,85.07116,2,"02",21000,1,,,,,,121700201,,
1,12,17,1,3,1,7.15809113268609,2,"01",21000,0,0,1,,,,121700301,,
1,12,17,1,4,1,7.15809113268609,1,"01",7500,1,,,,,,121700401,,
1,12,17,1,5,1,7.15809113268609,1,"02",2500,1,,,,,,121700501,,
1,12,17,1,6,1,85.07116,,,,,,,,,,121700601,,
1,12,17,1,7,1,85.07116,,,,,,,,,,121700701,,
1,12,17,1,8,1,85.07116,,,,,,,,,,121700801,,
1,12,17,1,9,1,85.07116,,,,,,,,,,121700901,,
1,12,17,1,10,1,7.15809113268609,1,"01",8200,1,,,,,,121701001,,
1,12,17,1,11,1,85.07116,,,,,,,,,,121701101,,
1,12,17,1,12,1,85.07116,,,,,,,,,,121701201,,
1,12,17,1,13,1,85.07116,,,,,,,,,,121701301,,
1,12,17,1,14,1,85.07116,,,,,,,,,,121701401,,
1,12,17,1,15,1,85.07116,,,,,,,,,,121701501,,
1,12,17,1,16,1,85.07116,,,,,,,,,,121701601,,
1,12,17,1,17,1,85.07116,,,,,,,,,,121701701,,
1,12,17,1,18,1,85.07116,,,,,,,,,,121701801,,
1,12,18,2,1,1,947.7518,,,,,,,,,,121800101,,
1,12,18,2,2,1,947.7518,1,"02",7500,1,,,,,,121800201,,
1,12,18,2,3,1,143.598757575758,,,,,,,,,,121800301,,
1,12,18,2,4,1,143.598757575758,1,"02",7500,0,0,0,0,1,,121800401,,
1,12,18,2,5,1,143.598757575758,1,"01",7500,0,0,888,888,,,121800501,,
1,12,18,2,6,1,947.7518,1,"02",2500,1,,,,,,121800601,,
1,12,18,2,7,1,143.598757575758,1,"01",2500,0,0,0,0,1,,121800701,,
1,12,18,2,8,1,947.7518,1,"01",2500,1,,,,,,121800801,,
1,12,18,2,9,1,143.598757575758,,,,,,,,,,121800901,,
1,12,18,2,10,1,947.7518,,,,,,,,,,121801001,,
1,12,18,2,11,1,947.7518,,,,,,,,,,121801101,,
1,12,18,2,12,1,947.7518,2,"02",21000,1,,,,,,121801201,,
1,12,18,2,13,1,143.598757575758,1,"01",7500,1,,,,,,121801301,,
1,12,18,2,14,1,947.7518,,,,,,,,,,121801401,,
1,12,18,2,15,1,143.598757575758,1,"01",2500,0,1,,,,,121801501,,
1,12,18,2,16,1,947.7518,2,"02",21000,1,,,,,,121801601,,
1,12,18,2,17,1,143.598757575758,1,"01",7500,0,0,1,,,,121801701,,
1,12,18,2,18,1,947.7518,,,,,,,,,,121801801,,
1,12,19,1,1,1,683.8179,2,"02",21000,1,,,,,,121900101,,
1,12,19,1,2,1,44.8755496875,1,"02",2500,1,,,,,,121900201,,
1,12,19,1,3,1,44.8755496875,1,"02",2500,1,,,,,,121900301,,
1,12,19,1,4,1,44.8755496875,,,,,,,,,,121900401,,
1,12,19,1,5,1,683.8179,,,,,,,,,,121900501,,
1,12,19,1,6,1,683.8179,2,"02",16000,1,,,,,,121900601,,
1,12,19,1,8,1,44.8755496875,1,"01",7500,1,,,,,,121900801,,
1,12,19,1,9,1,683.8179,2,"02",21000,1,,,,,,121900901,,
1,12,19,1,10,1,683.8179,,,,,,,,,,121901001,,
1,12,19,1,11,1,683.8179,,,,,,,,,,121901101,,
1,12,19,1,12,1,683.8179,,,,,,,,,,121901201,,
1,12,19,1,13,1,683.8179,,,,,,,,,,121901301,,
1,12,19,1,14,1,683.8179,,,,,,,,,,121901401,,
1,12,19,1,15,1,683.8179,,,,,,,,,,121901501,,
1,12,19,1,16,1,683.8179,,,,,,,,,,121901601,,
1,12,19,1,17,1,683.8179,,,,,,,,,,121901701,,
1,12,19,1,18,1,683.8179,,,,,,,,,,121901801,,
1,12,19,1,19,1,683.8179,,,,,,,,,,121901901,,
1,12,20,2,1,1,446.4181,1,"02",2500,1,,,,,,122000101,,
1,12,20,2,2,1,604.193264109589,1,"02",7500,0,0,0,0,1,,122000201,,
1,12,20,2,3,1,446.4181,1,"02",2500,1,,,,,,122000301,,
1,12,20,2,4,1,604.193264109589,1,"01",7500,0,0,1,,,,122000401,,
1,12,20,2,5,1,446.4181,,,,,,,,,,122000501,,
1,12,20,2,6,1,604.193264109589,1,"01",7500,0,0,0,0,1,,122000601,,
1,12,20,2,7,1,446.4181,1,"01",7500,1,,,,,,122000701,,
1,12,20,2,8,1,446.4181,1,"02",7500,1,,,,,,122000801,,
1,12,20,2,9,1,446.4181,1,"02",2500,1,,,,,,122000901,,
1,12,20,2,10,1,446.4181,1,"01",2500,1,,,,,,122001001,,
1,12,20,2,11,1,446.4181,1,"02",7500,0,1,,,,,122001101,,
1,12,20,2,12,1,446.4181,1,"01",7500,1,,,,,,122001201,,
1,12,20,2,13,1,446.4181,1,"02",2500,1,,,,,,122001301,,
1,12,20,2,14,1,604.193264109589,1,"01",2500,1,,,,,,122001401,,
1,12,20,2,15,1,446.4181,2,"01",21000,1,,,,,,122001501,,
1,12,20,2,16,1,446.4181,1,"01",7500,1,,,,,,122001601,,
1,12,20,2,17,1,446.4181,1,"01",7500,1,,,,,,122001701,,
1,12,20,2,18,1,604.193264109589,1,"02",2500,1,,,,,,122001801,,
1,12,21,1,1,1,560.5378,,,,,,,,,,122100101,,
1,12,21,1,2,1,560.5378,,,,,,,,,,122100201,,
1,12,21,1,4,1,560.5378,,,,,,,,,,122100401,,
1,12,21,1,5,1,323.609451546392,1,"01",7500,0,0,0,0,1,,122100501,,
1,12,21,1,6,1,323.609451546392,,,,,,,,,,122100601,,
1,12,21,1,7,1,560.5378,,,,,,,,,,122100701,,
1,12,21,1,8,1,560.5378,,,,,,,,,,122100801,,
1,12,21,1,9,1,560.5378,,,,,,,,,,122100901,,
1,12,21,1,10,1,560.5378,,,,,,,,,,122101001,,
1,12,21,1,11,1,560.5378,,,,,,,,,,122101101,,
1,12,21,1,12,1,560.5378,,,,,,,,,,122101201,,
1,12,21,1,13,1,560.5378,,,,,,,,,,122101301,,
1,12,21,1,14,1,560.5378,,,,,,,,,,122101401,,
1,12,21,1,15,1,560.5378,,,,,,,,,,122101501,,
1,12,21,1,16,1,560.5378,,,,,,,,,,122101601,,
1,12,21,1,17,1,560.5378,,,,,,,,,,122101701,,
1,12,21,1,18,1,560.5378,,,,,,,,,,122101801,,
1,12,21,1,20,1,560.5378,2,"01",16000,1,,,,,,122102001,,
1,12,22,1,1,1,16.4555545454545,,,,,,,,,,122200101,,
1,12,22,1,2,1,16.4555545454545,2,"01",21000,1,,,,,,122200201,,
1,12,22,1,3,1,16.4555545454545,2,"01",16000,1,,,,,,122200301,,
1,12,22,1,4,1,16.4555545454545,,,,,,,,,,122200401,,
1,12,22,1,5,1,16.4555545454545,,,,,,,,,,122200501,,
1,12,22,1,6,1,362.0222,,,,,,,,,,122200601,,
1,12,22,1,7,1,362.0222,,,,,,,,,,122200701,,
1,12,22,1,8,1,362.0222,,,,,,,,,,122200801,,
1,12,22,1,9,1,362.0222,,,,,,,,,,122200901,,
1,12,22,1,10,1,362.0222,,,,,,,,,,122201001,,
1,12,22,1,11,1,362.0222,,,,,,,,,,122201101,,
1,12,22,1,12,1,362.0222,,,,,,,,,,122201201,,
1,12,22,1,13,1,16.4555545454545,2,"01",16000,1,,,,,,122201301,,
1,12,22,1,14,1,362.0222,,,,,,,,,,122201401,,
1,12,22,1,15,1,362.0222,,,,,,,,,,122201501,,
1,12,22,1,16,1,362.0222,,,,,,,,,,122201601,,
1,12,22,1,17,1,362.0222,,,,,,,,,,122201701,,
1,12,22,1,18,1,362.0222,,,,,,,,,,122201801,,
1,12,23,1,1,1,451.1577,,,,,,,,,,122300101,,
1,12,23,1,2,1,451.1577,,,,,,,,,,122300201,,
1,12,23,1,3,1,30.07718,1,"02",24600,0,0,0,0,1,,122300301,,
1,12,23,1,4,1,30.07718,,,,,,,,,,122300401,,
1,12,23,1,5,1,30.07718,,,,,,,,,,122300501,,
1,12,23,1,6,1,451.1577,,,,,,,,,,122300601,,
1,12,23,1,7,1,451.1577,,,,,,,,,,122300701,,
1,12,23,1,8,1,451.1577,,,,,,,,,,122300801,,
1,12,23,1,9,1,451.1577,,,,,,,,,,122300901,,
1,12,23,1,10,1,451.1577,,,,,,,,,,122301001,,
1,12,23,1,11,1,451.1577,,,,,,,,,,122301101,,
1,12,23,1,12,1,30.07718,1,"01",8200,0,0,0,0,3,,122301201,,
1,12,23,1,13,1,30.07718,,,,,,,,,,122301301,,
1,12,23,1,14,1,30.07718,1,"01",8200,1,,,,,,122301401,,
1,12,23,1,15,1,451.1577,,,,,,,,,,122301501,,
1,12,23,1,16,1,451.1577,,,,,,,,,,122301601,,
1,12,23,1,17,1,451.1577,,,,,,,,,,122301701,,
1,12,23,1,18,1,30.07718,,,,,,,,,,122301801,,
1,12,24,1,1,1,410.6768,,,,,,,,,,122400101,,
1,12,24,1,2,1,410.6768,,,,,,,,,,122400201,,
1,12,24,1,3,1,410.6768,,,,,,,,,,122400301,,
1,12,24,1,4,1,410.6768,,,,,,,,,,122400401,,
1,12,24,1,5,1,410.6768,,,,,,,,,,122400501,,
1,12,24,1,6,1,410.6768,,,,,,,,,,122400601,,
1,12,24,1,7,1,410.6768,,,,,,,,,,122400701,,
1,12,24,1,8,1,410.6768,,,,,,,,,,122400801,,
1,12,24,1,9,1,410.6768,,,,,,,,,,122400901,,
1,12,24,1,10,1,410.6768,,,,,,,,,,122401001,,
1,12,24,1,11,1,410.6768,,,,,,,,,,122401101,,
1,12,24,1,12,1,410.6768,,,,,,,,,,122401201,,
1,12,24,1,13,1,410.6768,,,,,,,,,,122401301,,
1,12,24,1,14,1,410.6768,,,,,,,,,,122401401,,
1,12,24,1,15,1,410.6768,,,,,,,,,,122401501,,
1,12,24,1,16,1,410.6768,,,,,,,,,,122401601,,
1,12,24,1,18,1,410.6768,,,,,,,,,,122401801,,
1,12,24,1,19,1,410.6768,,,,,,,,,,122401901,,
1,12,25,1,1,1,325.5321,,,,,,,,,,122500101,,
1,12,25,1,2,1,325.5321,,,,,,,,,,122500201,,
1,12,25,1,3,1,325.5321,,,,,,,,,,122500301,,
1,12,25,1,4,1,325.5321,2,"02",24600,0,0,0,0,1,,122500401,,
1,12,25,1,5,1,325.5321,,,,,,,,,,122500501,,
1,12,25,1,6,1,325.5321,,,,,,,,,,122500601,,
1,12,25,1,7,1,325.5321,,,,,,,,,,122500701,,
1,12,25,1,8,1,325.5321,2,"02",16000,0,0,0,0,3,,122500801,,
1,12,25,1,9,1,325.5321,1,"02",7500,0,0,0,1,,,122500901,,
1,12,25,1,10,1,325.5321,2,"01",45100,0,0,0,0,1,,122501001,,
1,12,25,1,11,1,325.5321,,,,,,,,,,122501101,,
1,12,25,1,12,1,325.5321,,,,,,,,,,122501201,,
1,12,25,1,13,1,325.5321,,,,,,,,,,122501301,,
1,12,25,1,14,1,325.5321,,,,,,,,,,122501401,,
1,12,25,1,15,1,325.5321,,,,,,,,,,122501501,,
1,12,25,1,16,1,325.5321,,,,,,,,,,122501601,,
1,12,25,1,17,1,325.5321,,,,,,,,,,122501701,,
1,12,25,1,18,1,325.5321,,,,,,,,,,122501801,,
1,12,26,1,1,1,21.1679242236025,,,,,,,,,,122600101,,
1,12,26,1,2,1,1310.783,2,"02",8200,1,,,,,,122600201,,
1,12,26,1,3,1,21.1679242236025,1,"01",8200,1,,,,,,122600301,,
1,12,26,1,4,1,21.1679242236025,,,,,,,,,,122600401,,
1,12,26,1,5,1,1310.783,,,,,,,,,,122600501,,
1,12,26,1,6,1,21.1679242236025,1,"01",7500,1,,,,,,122600601,,
1,12,26,1,7,1,1310.783,,,,,,,,,,122600701,,
1,12,26,1,8,1,1310.783,,,,,,,,,,122600801,,
1,12,26,1,9,1,1310.783,2,"02",21000,1,,,,,,122600901,,
1,12,26,1,10,1,1310.783,2,"01",16000,0,0,0,0,1,,122601001,,
1,12,26,1,11,1,1310.783,,,,,,,,,,122601101,,
1,12,26,1,12,1,1310.783,,,,,,,,,,122601201,,
1,12,26,1,13,1,1310.783,,,,,,,,,,122601301,,
1,12,26,1,14,1,1310.783,,,,,,,,,,122601401,,
1,12,26,1,15,1,1310.783,,,,,,,,,,122601501,,
1,12,26,1,16,1,21.1679242236025,,,,,,,,,,122601601,,
1,12,26,1,17,1,1310.783,,,,,,,,,,122601701,,
1,12,26,1,18,1,1310.783,2,"02",45100,0,0,0,0,2,,122601801,,
1,12,27,1,1,1,44.69515,,,,,,,,,,122700101,,
1,12,27,1,2,1,44.69515,,,,,,,,,,122700201,,
1,12,27,1,3,1,4.94499531914893,2,"01",8200,1,,,,,,122700301,,
1,12,27,1,4,1,44.69515,,,,,,,,,,122700401,,
1,12,27,1,5,1,44.69515,,,,,,,,,,122700501,,
1,12,27,1,6,1,4.94499531914893,1,"01",24600,1,,,,,,122700601,,
1,12,27,1,7,1,44.69515,2,"02",8200,1,,,,,,122700701,,
1,12,27,1,8,1,4.94499531914893,,,,,,,,,,122700801,,
1,12,27,1,9,1,44.69515,,,,,,,,,,122700901,,
1,12,27,1,10,1,4.94499531914893,1,"01",24600,1,,,,,,122701001,,
1,12,27,1,11,1,4.94499531914893,,,,,,,,,,122701101,,
1,12,27,1,12,1,44.69515,1,"02",2500,0,0,0,0,555,11,122701201,,
1,12,27,1,13,1,44.69515,,,,,,,,,,122701301,,
1,12,27,1,14,1,44.69515,,,,,,,,,,122701401,,
1,12,27,1,15,1,44.69515,,,,,,,,,,122701501,,
1,12,27,1,16,1,44.69515,,,,,,,,,,122701601,,
1,12,27,1,17,1,44.69515,,,,,,,,,,122701701,,
1,12,27,1,18,1,44.69515,2,"04",24600,0,0,0,0,1,,122701801,,
1,12,28,1,1,1,724.7505,,,,,,,,,,122800101,,
1,12,28,1,2,1,98.471535326087,2,"02",21000,0,0,0,0,2,,122800201,,
1,12,28,1,3,1,98.471535326087,1,"01",8200,0,0,0,0,1,,122800301,,
1,12,28,1,4,1,98.471535326087,1,"01",2500,0,0,1,,,,122800401,,
1,12,28,1,5,1,98.471535326087,,,,,,,,,,122800501,,
1,12,28,1,6,1,724.7505,,,,,,,,,,122800601,,
1,12,28,1,7,1,724.7505,,,,,,,,,,122800701,,
1,12,28,1,8,1,98.471535326087,2,"02",8200,0,0,1,,,,122800801,,
1,12,28,1,9,1,98.471535326087,1,"02",24600,0,0,1,,,,122800901,,
1,12,28,1,10,1,98.471535326087,,,,,,,,,,122801001,,
1,12,28,1,11,1,98.471535326087,1,"01",45100,0,1,,,,,122801101,,
1,12,28,1,12,1,724.7505,,,,,,,,,,122801201,,
1,12,28,1,13,1,724.7505,,,,,,,,,,122801301,,
1,12,28,1,14,1,724.7505,2,"02",21000,0,0,0,0,1,,122801401,,
1,12,28,1,15,1,724.7505,,,,,,,,,,122801501,,
1,12,28,1,16,1,724.7505,,,,,,,,,,122801601,,
1,12,28,1,17,1,724.7505,,,,,,,,,,122801701,,
1,12,28,1,18,1,724.7505,2,"01",8200,1,,,,,,122801801,,
1,12,29,1,1,1,467.7392,,,,,,,,,,122900101,,
1,12,29,1,2,1,467.7392,,,,,,,,,,122900201,,
1,12,29,1,3,1,467.7392,,,,,,,,,,122900301,,
1,12,29,1,4,1,467.7392,,,,,,,,,,122900401,,
1,12,29,1,5,1,467.7392,,,,,,,,,,122900501,,
1,12,29,1,6,1,467.7392,,,,,,,,,,122900601,,
1,12,29,1,7,1,467.7392,,,,,,,,,,122900701,,
1,12,29,1,8,1,467.7392,,,,,,,,,,122900801,,
1,12,29,1,9,1,467.7392,,,,,,,,,,122900901,,
1,12,29,1,10,1,467.7392,,,,,,,,,,122901001,,
1,12,29,1,11,1,467.7392,,,,,,,,,,122901101,,
1,12,29,1,12,1,467.7392,2,"01",8200,0,0,1,,,,122901201,,
1,12,29,1,13,1,467.7392,,,,,,,,,,122901301,,
1,12,29,1,14,1,467.7392,,,,,,,,,,122901401,,
1,12,29,1,15,1,467.7392,,,,,,,,,,122901501,,
1,12,29,1,16,1,467.7392,,,,,,,,,,122901601,,
1,12,29,1,17,1,467.7392,,,,,,,,,,122901701,,
1,12,29,1,18,1,467.7392,,,,,,,,,,122901801,,
1,12,30,2,1,1,396.838,,,,,,,,,,123000101,,
1,12,30,2,2,1,396.838,1,"01",2500,0,0,1,,,,123000201,,
1,12,30,2,3,1,673.532385321101,1,"01",2500,0,0,1,,,,123000301,,
1,12,30,2,4,1,396.838,1,"01",7500,0,0,1,,,,123000401,,
1,12,30,2,5,1,396.838,1,"01",2500,1,,,,,,123000501,,
1,12,30,2,6,1,396.838,1,"02",7500,0,1,,,,,123000601,,
1,12,30,2,7,1,396.838,,,,,,,,,,123000701,,
1,12,30,2,8,1,673.532385321101,1,"02",2500,1,,,,,,123000801,,
1,12,30,2,9,1,396.838,2,"03",16000,1,,,,,,123000901,,
1,12,30,2,10,1,396.838,,,,,,,,,,123001001,,
1,12,30,2,11,1,396.838,,,,,,,,,,123001101,,
1,12,30,2,12,1,396.838,,,,,,,,,,123001201,,
1,12,30,2,13,1,673.532385321101,1,"01",7500,0,0,1,,,,123001301,,
1,12,30,2,14,1,396.838,2,"03",21000,1,,,,,,123001401,,
1,12,30,2,15,1,396.838,,,,,,,,,,123001501,,
1,12,30,2,16,1,396.838,2,"02",16000,0,1,,,,,123001601,,
1,12,30,2,17,1,396.838,,,,,,,,,,123001701,,
1,12,30,2,18,1,396.838,1,"01",7500,0,0,1,,,,123001801,,
1,12,31,1,1,1,15.96942875,,,,,,,,,,123100101,,
1,12,31,1,2,1,46.45652,,,,,,,,,,123100201,,
1,12,31,1,3,1,15.96942875,1,"01",45100,0,888,0,0,,,123100301,,
1,12,31,1,4,1,15.96942875,1,"01",2500,0,0,0,0,1,,123100401,,
1,12,31,1,5,1,15.96942875,,,,,,,,,,123100501,,
1,12,31,1,6,1,15.96942875,,,,,,,,,,123100601,,
1,12,31,1,7,1,15.96942875,,,,,,,,,,123100701,,
1,12,31,1,8,1,15.96942875,2,"01",8200,1,,,,,,123100801,,
1,12,31,1,9,1,46.45652,,,,,,,,,,123100901,,
1,12,31,1,10,1,46.45652,,,,,,,,,,123101001,,
1,12,31,1,11,1,46.45652,,,,,,,,,,123101101,,
1,12,31,1,12,1,46.45652,,,,,,,,,,123101201,,
1,12,31,1,13,1,46.45652,,,,,,,,,,123101301,,
1,12,31,1,14,1,46.45652,,,,,,,,,,123101401,,
1,12,31,1,15,1,46.45652,2,"01",8200,1,,,,,,123101501,,
1,12,31,1,16,1,46.45652,2,"02",8200,0,1,,,,,123101601,,
1,12,31,1,17,1,46.45652,2,"01",45100,0,0,0,0,1,,123101701,,
1,12,31,1,18,1,46.45652,,,,,,,,,,123101801,,
1,12,32,1,1,1,48.65446,,,,,,,,,,123200101,,
1,12,32,1,2,1,48.65446,,,,,,,,,,123200201,,
1,12,32,1,3,1,48.65446,,,,,,,,,,123200301,,
1,12,32,1,4,1,48.65446,,,,,,,,,,123200401,,
1,12,32,1,5,1,48.65446,,,,,,,,,,123200501,,
1,12,32,1,6,1,48.65446,,,,,,,,,,123200601,,
1,12,32,1,7,1,48.65446,,,,,,,,,,123200701,,
1,12,32,1,8,1,48.65446,,,,,,,,,,123200801,,
1,12,32,1,9,1,48.65446,,,,,,,,,,123200901,,
1,12,32,1,10,1,48.65446,,,,,,,,,,123201001,,
1,12,32,1,11,1,48.65446,,,,,,,,,,123201101,,
1,12,32,1,12,1,48.65446,,,,,,,,,,123201201,,
1,12,32,1,13,1,48.65446,,,,,,,,,,123201301,,
1,12,32,1,14,1,48.65446,,,,,,,,,,123201401,,
1,12,32,1,15,1,48.65446,,,,,,,,,,123201501,,
1,12,32,1,16,1,48.65446,,,,,,,,,,123201601,,
1,12,32,1,17,1,48.65446,,,,,,,,,,123201701,,
1,12,32,1,18,1,48.65446,,,,,,,,,,123201801,,
1,12,33,1,1,1,587.6543,,,,,,,,,,123300101,,
1,12,33,1,2,1,587.6543,,,,,,,,,,123300201,,
1,12,33,1,3,1,587.6543,,,,,,,,,,123300301,,
1,12,33,1,4,1,587.6543,,,,,,,,,,123300401,,
1,12,33,1,5,1,587.6543,,,,,,,,,,123300501,,
1,12,33,1,6,1,587.6543,,,,,,,,,,123300601,,
1,12,33,1,7,1,587.6543,,,,,,,,,,123300701,,
1,12,33,1,8,1,587.6543,,,,,,,,,,123300801,,
1,12,33,1,9,1,587.6543,,,,,,,,,,123300901,,
1,12,33,1,10,1,587.6543,,,,,,,,,,123301001,,
1,12,33,1,11,1,587.6543,,,,,,,,,,123301101,,
1,12,33,1,12,1,587.6543,,,,,,,,,,123301201,,
1,12,33,1,13,1,587.6543,,,,,,,,,,123301301,,
1,12,33,1,14,1,587.6543,,,,,,,,,,123301401,,
1,12,33,1,15,1,587.6543,,,,,,,,,,123301501,,
1,12,33,1,16,1,587.6543,,,,,,,,,,123301601,,
1,12,33,1,17,1,587.6543,,,,,,,,,,123301701,,
1,12,33,1,18,1,587.6543,,,,,,,,,,123301801,,
1,12,34,2,1,1,597.105425,1,"01",7500,1,,,,,,123400101,,
1,12,34,2,2,1,597.105425,1,"02",2500,0,0,0,0,1,,123400201,,
1,12,34,2,3,1,597.105425,1,"01",7500,1,,,,,,123400301,,
1,12,34,2,4,1,597.105425,1,"01",2500,1,,,,,,123400401,,
1,12,34,2,5,1,597.105425,,,,,,,,,,123400501,,
1,12,34,2,6,1,597.105425,1,"02",7500,0,0,1,,,,123400601,,
1,12,34,2,7,1,243.7165,1,"01",7500,0,0,1,,,,123400701,,
1,12,34,2,8,1,243.7165,1,"01",2500,0,0,1,,,,123400801,,
1,12,34,2,9,1,597.105425,1,"02",2500,1,,,,,,123400901,,
1,12,34,2,10,1,243.7165,,,,,,,,,,123401001,,
1,12,34,2,11,1,243.7165,1,"02",2500,1,,,,,,123401101,,
1,12,34,2,12,1,243.7165,1,"02",7500,1,,,,,,123401201,,
1,12,34,2,13,1,243.7165,1,"02",7500,1,,,,,,123401301,,
1,12,34,2,14,1,243.7165,,,,,,,,,,123401401,,
1,12,34,2,15,1,243.7165,1,"01",7500,0,0,1,,,,123401501,,
1,12,34,2,16,1,243.7165,1,"01",2500,0,0,1,,,,123401601,,
1,12,34,2,17,1,597.105425,1,"01",7500,1,,,,,,123401701,,
1,12,34,2,18,1,243.7165,1,"02",7500,1,,,,,,123401801,,
1,13,35,1,1,1,350.327,,,,,,,,,,133500101,,
1,13,35,1,2,1,350.327,,,,,,,,,,133500201,,
1,13,35,1,3,1,195.906546052632,,,,,,,,,,133500301,,
1,13,35,1,4,1,350.327,,,,,,,,,,133500401,,
1,13,35,1,5,1,350.327,,,,,,,,,,133500501,,
1,13,35,1,6,1,350.327,,,,,,,,,,133500601,,
1,13,35,1,7,1,350.327,,,,,,,,,,133500701,,
1,13,35,1,8,1,350.327,,,,,,,,,,133500801,,
1,13,35,1,9,1,350.327,,,,,,,,,,133500901,,
1,13,35,1,10,1,350.327,2,"02",16000,1,,,,,,133501001,,
1,13,35,1,11,1,350.327,1,"02",2500,1,,,,,,133501101,,
1,13,35,1,12,1,350.327,,,,,,,,,,133501201,,
1,13,35,1,13,1,350.327,,,,,,,,,,133501301,,
1,13,35,1,14,1,350.327,,,,,,,,,,133501401,,
1,13,35,1,15,1,350.327,,,,,,,,,,133501501,,
1,13,35,1,16,1,350.327,,,,,,,,,,133501601,,
1,13,35,1,17,1,350.327,,,,,,,,,,133501701,,
1,13,35,1,18,1,350.327,,,,,,,,,,133501801,,
1,13,36,2,1,1,388.099032258064,1,"01",7500,0,0,0,0,1,,133600101,,
1,13,36,2,2,1,130.7725,2,"02",21000,0,0,1,,,,133600201,,
1,13,36,2,3,1,130.7725,,,,,,,,,,133600301,,
1,13,36,2,4,1,130.7725,1,"01",7500,0,0,0,0,1,,133600401,,
1,13,36,2,5,1,130.7725,,,,,,,,,,133600501,,
1,13,36,2,6,1,388.099032258064,2,"02",16000,0,0,0,1,,,133600601,,
1,13,36,2,7,1,130.7725,,,,,,,,,,133600701,,
1,13,36,2,8,1,130.7725,1,"01",2500,0,0,1,,,,133600801,,
1,13,36,2,9,1,130.7725,,,,,,,,,,133600901,,
1,13,36,2,10,1,130.7725,1,"02",7500,1,,,,,,133601001,,
1,13,36,2,11,1,130.7725,,,,,,,,,,133601101,,
1,13,36,2,12,1,130.7725,2,"02",16000,0,0,1,,,,133601201,,
1,13,36,2,15,1,130.7725,,,,,,,,,,133601501,,
1,13,36,2,16,1,130.7725,1,"02",7500,1,,,,,,133601601,,
1,13,36,2,17,1,130.7725,1,"02",7500,1,,,,,,133601701,,
1,13,36,2,18,1,130.7725,,,,,,,,,,133601801,,
1,13,36,2,20,1,130.7725,,,,,,,,,,133602001,,
1,13,36,2,22,1,130.7725,,,,,,,,,,133602201,,
1,13,37,1,1,1,18.5966570841889,,,,,,,,,,133700101,,
1,13,37,1,2,1,452.8286,,,,,,,,,,133700201,,
1,13,37,1,3,1,18.5966570841889,,,,,,,,,,133700301,,
1,13,37,1,4,1,452.8286,2,"01",16000,1,,,,,,133700401,,
1,13,37,1,5,1,452.8286,2,"02",21000,1,,,,,,133700501,,
1,13,37,1,6,1,452.8286,,,,,,,,,,133700601,,
1,13,37,1,7,1,18.5966570841889,,,,,,,,,,133700701,,
1,13,37,1,8,1,452.8286,,,,,,,,,,133700801,,
1,13,37,1,9,1,452.8286,,,,,,,,,,133700901,,
1,13,37,1,10,1,452.8286,,,,,,,,,,133701001,,
1,13,37,1,11,1,452.8286,,,,,,,,,,133701101,,
1,13,37,1,12,1,452.8286,,,,,,,,,,133701201,,
1,13,37,1,13,1,452.8286,2,"03",8200,1,,,,,,133701301,,
1,13,37,1,14,1,452.8286,2,"02",8200,1,,,,,,133701401,,
1,13,37,1,15,1,452.8286,,,,,,,,,,133701501,,
1,13,37,1,16,1,452.8286,2,"02",24600,1,,,,,,133701601,,
1,13,37,1,17,1,452.8286,,,,,,,,,,133701701,,
1,13,37,1,18,1,452.8286,,,,,,,,,,133701801,,
1,13,38,1,1,1,258.3678,2,"01",8200,1,,,,,,133800101,,
1,13,38,1,2,1,258.3678,2,"01",24600,1,,,,,,133800201,,
1,13,38,1,3,1,258.3678,,,,,,,,,,133800301,,
1,13,38,1,4,1,258.3678,,,,,,,,,,133800401,,
1,13,38,1,5,1,258.3678,,,,,,,,,,133800501,,
1,13,38,1,6,1,258.3678,,,,,,,,,,133800601,,
1,13,38,1,7,1,258.3678,,,,,,,,,,133800701,,
1,13,38,1,8,1,258.3678,,,,,,,,,,133800801,,
1,13,38,1,9,1,258.3678,,,,,,,,,,133800901,,
1,13,38,1,10,1,258.3678,,,,,,,,,,133801001,,
1,13,38,1,11,1,258.3678,,,,,,,,,,133801101,,
1,13,38,1,12,1,258.3678,,,,,,,,,,133801201,,
1,13,38,1,13,1,258.3678,,,,,,,,,,133801301,,
1,13,38,1,14,1,258.3678,,,,,,,,,,133801401,,
1,13,38,1,15,1,258.3678,,,,,,,,,,133801501,,
1,13,38,1,16,1,258.3678,2,"01",8200,1,,,,,,133801601,,
1,13,38,1,17,1,258.3678,,,,,,,,,,133801701,,
1,13,38,1,18,1,258.3678,,,,,,,,,,133801801,,
1,13,39,1,1,1,274.0154,,,,,,,,,,133900101,,
1,13,39,1,2,1,274.0154,2,"02",21000,1,,,,,,133900201,,
1,13,39,1,3,1,274.0154,,,,,,,,,,133900301,,
1,13,39,1,4,1,274.0154,,,,,,,,,,133900401,,
1,13,39,1,5,1,274.0154,,,,,,,,,,133900501,,
1,13,39,1,6,1,274.0154,,,,,,,,,,133900601,,
1,13,39,1,7,1,274.0154,,,,,,,,,,133900701,,
1,13,39,1,8,1,274.0154,,,,,,,,,,133900801,,
1,13,39,1,9,1,274.0154,,,,,,,,,,133900901,,
1,13,39,1,10,1,274.0154,,,,,,,,,,133901001,,
1,13,39,1,11,1,274.0154,,,,,,,,,,133901101,,
1,13,39,1,12,1,274.0154,,,,,,,,,,133901201,,
1,13,39,1,13,1,274.0154,,,,,,,,,,133901301,,
1,13,39,1,14,1,274.0154,,,,,,,,,,133901401,,
1,13,39,1,15,1,274.0154,,,,,,,,,,133901501,,
1,13,39,1,16,1,274.0154,,,,,,,,,,133901601,,
1,13,39,1,17,1,274.0154,,,,,,,,,,133901701,,
1,13,39,1,18,1,274.0154,,,,,,,,,,133901801,,
1,13,40,1,1,1,93.9255136842105,2,"01",45100,1,,,,,,134000101,,
1,13,40,1,2,1,637.3517,,,,,,,,,,134000201,,
1,13,40,1,3,1,637.3517,,,,,,,,,,134000301,,
1,13,40,1,4,1,637.3517,,,,,,,,,,134000401,,
1,13,40,1,5,1,637.3517,,,,,,,,,,134000501,,
1,13,40,1,6,1,637.3517,,,,,,,,,,134000601,,
1,13,40,1,7,1,637.3517,,,,,,,,,,134000701,,
1,13,40,1,8,1,637.3517,,,,,,,,,,134000801,,
1,13,40,1,9,1,637.3517,,,,,,,,,,134000901,,
1,13,40,1,10,1,637.3517,,,,,,,,,,134001001,,
1,13,40,1,11,1,637.3517,,,,,,,,,,134001101,,
1,13,40,1,13,1,93.9255136842105,,,,,,,,,,134001301,,
1,13,40,1,14,1,93.9255136842105,,,,,,,,,,134001401,,
1,13,40,1,15,1,637.3517,,,,,,,,,,134001501,,
1,13,40,1,16,1,637.3517,,,,,,,,,,134001601,,
1,13,40,1,17,1,637.3517,,,,,,,,,,134001701,,
1,13,40,1,18,1,637.3517,,,,,,,,,,134001801,,
1,13,41,1,1,1,301.377972,1,"01",2500,1,,,,,,134100101,,
1,13,41,1,2,1,316.5735,,,,,,,,,,134100201,,
1,13,41,1,3,1,316.5735,,,,,,,,,,134100301,,
1,13,41,1,4,1,316.5735,,,,,,,,,,134100401,,
1,13,41,1,5,1,316.5735,,,,,,,,,,134100501,,
1,13,41,1,6,1,316.5735,,,,,,,,,,134100601,,
1,13,41,1,7,1,316.5735,,,,,,,,,,134100701,,
1,13,41,1,8,1,316.5735,,,,,,,,,,134100801,,
1,13,41,1,9,1,316.5735,,,,,,,,,,134100901,,
1,13,41,1,10,1,316.5735,,,,,,,,,,134101001,,
1,13,41,1,11,1,316.5735,,,,,,,,,,134101101,,
1,13,41,1,13,1,316.5735,,,,,,,,,,134101301,,
1,13,41,1,14,1,316.5735,,,,,,,,,,134101401,,
1,13,41,1,15,1,316.5735,,,,,,,,,,134101501,,
1,13,41,1,16,1,316.5735,,,,,,,,,,134101601,,
1,13,41,1,17,1,316.5735,,,,,,,,,,134101701,,
1,13,41,1,18,1,316.5735,,,,,,,,,,134101801,,
1,13,41,1,20,1,316.5735,,,,,,,,,,134102001,,
1,13,42,1,1,1,101.3166,,,,,,,,,,134200101,,
1,13,42,1,2,1,101.3166,,,,,,,,,,134200201,,
1,13,42,1,3,1,101.3166,,,,,,,,,,134200301,,
1,13,42,1,4,1,101.3166,,,,,,,,,,134200401,,
1,13,42,1,5,1,101.3166,,,,,,,,,,134200501,,
1,13,42,1,6,1,101.3166,,,,,,,,,,134200601,,
1,13,42,1,7,1,101.3166,,,,,,,,,,134200701,,
1,13,42,1,8,1,101.3166,,,,,,,,,,134200801,,
1,13,42,1,9,1,101.3166,,,,,,,,,,134200901,,
1,13,42,1,10,1,101.3166,,,,,,,,,,134201001,,
1,13,42,1,11,1,101.3166,,,,,,,,,,134201101,,
1,13,42,1,12,1,101.3166,,,,,,,,,,134201201,,
1,13,42,1,13,1,101.3166,,,,,,,,,,134201301,,
1,13,42,1,14,1,101.3166,,,,,,,,,,134201401,,
1,13,42,1,15,1,101.3166,,,,,,,,,,134201501,,
1,13,42,1,16,1,101.3166,,,,,,,,,,134201601,,
1,13,42,1,17,1,101.3166,,,,,,,,,,134201701,,
1,13,42,1,18,1,101.3166,,,,,,,,,,134201801,,
1,13,43,1,1,1,27.0597727969349,2,"01",45100,1,,,,,,134300101,,
1,13,43,1,2,1,415.4471,,,,,,,,,,134300201,,
1,13,43,1,3,1,415.4471,,,,,,,,,,134300301,,
1,13,43,1,4,1,415.4471,,,,,,,,,,134300401,,
1,13,43,1,5,1,415.4471,,,,,,,,,,134300501,,
1,13,43,1,7,1,415.4471,2,"01",21000,1,,,,,,134300701,,
1,13,43,1,8,1,415.4471,,,,,,,,,,134300801,,
1,13,43,1,9,1,415.4471,2,"01",21000,0,0,1,,,,134300901,,
1,13,43,1,10,1,415.4471,2,"01",24600,1,,,,,,134301001,,
1,13,43,1,11,1,415.4471,,,,,,,,,,134301101,,
1,13,43,1,12,1,415.4471,,,,,,,,,,134301201,,
1,13,43,1,13,1,415.4471,,,,,,,,,,134301301,,
1,13,43,1,14,1,415.4471,,,,,,,,,,134301401,,
1,13,43,1,15,1,415.4471,,,,,,,,,,134301501,,
1,13,43,1,16,1,415.4471,,,,,,,,,,134301601,,
1,13,43,1,17,1,415.4471,,,,,,,,,,134301701,,
1,13,43,1,18,1,415.4471,,,,,,,,,,134301801,,
1,13,43,1,20,1,415.4471,,,,,,,,,,134302001,,
1,13,44,1,1,1,1009.17,2,"01",21000,1,,,,,,134400101,,
1,13,44,1,2,1,288.16761849711,1,"02",8200,1,,,,,,134400201,,
1,13,44,1,3,1,288.16761849711,2,"01",8200,1,,,,,,134400301,,
1,13,44,1,5,1,288.16761849711,2,"02",21000,1,,,,,,134400501,,
1,13,44,1,7,1,288.16761849711,1,"01",2500,1,,,,,,134400701,,
1,13,44,1,8,1,288.16761849711,,,,,,,,,,134400801,,
1,13,44,1,9,1,1009.17,,,,,,,,,,134400901,,
1,13,44,1,10,1,1009.17,,,,,,,,,,134401001,,
1,13,44,1,11,1,1009.17,,,,,,,,,,134401101,,
1,13,44,1,12,1,1009.17,,,,,,,,,,134401201,,
1,13,44,1,13,1,1009.17,,,,,,,,,,134401301,,
1,13,44,1,14,1,1009.17,2,"01",16000,1,,,,,,134401401,,
1,13,44,1,16,1,1009.17,2,"01",16000,1,,,,,,134401601,,
1,13,44,1,17,1,1009.17,,,,,,,,,,134401701,,
1,13,44,1,18,1,1009.17,,,,,,,,,,134401801,,
1,13,44,1,19,1,1009.17,2,"02",8200,0,0,0,0,1,,134401901,,
1,13,44,1,20,1,1009.17,2,"02",16000,1,,,,,,134402001,,
1,13,44,1,22,1,1009.17,,,,,,,,,,134402201,,
1,13,45,1,1,1,25.6564893103448,1,"02",24600,0,1,,,,,134500101,,
1,13,45,1,2,1,354.3039,,,,,,,,,,134500201,,
1,13,45,1,3,1,354.3039,1,"02",7500,1,,,,,,134500301,,
1,13,45,1,4,1,25.6564893103448,2,"02",16000,1,,,,,,134500401,,
1,13,45,1,5,1,354.3039,,,,,,,,,,134500501,,
1,13,45,1,6,1,354.3039,2,"02",24600,0,0,1,,,,134500601,,
1,13,45,1,7,1,354.3039,1,"01",2500,0,0,0,0,555,7,134500701,,
1,13,45,1,8,1,25.6564893103448,,,,,,,,,,134500801,,
1,13,45,1,9,1,354.3039,,,,,,,,,,134500901,,
1,13,45,1,10,1,354.3039,,,,,,,,,,134501001,,
1,13,45,1,11,1,354.3039,,,,,,,,,,134501101,,
1,13,45,1,12,1,354.3039,,,,,,,,,,134501201,,
1,13,45,1,13,1,354.3039,,,,,,,,,,134501301,,
1,13,45,1,14,1,25.6564893103448,2,"01",21000,1,,,,,,134501401,,
1,13,45,1,15,1,354.3039,,,,,,,,,,134501501,,
1,13,45,1,19,1,354.3039,,,,,,,,,,134501901,,
1,13,45,1,20,1,354.3039,2,"02",8200,0,0,0,0,2,,134502001,,
1,13,45,1,21,1,354.3039,,,,,,,,,,134502101,,
1,13,46,2,2,1,916.8375,1,"01",2500,1,,,,,,134600201,,
1,13,46,2,3,1,239.671213692946,1,"01",7500,0,0,0,1,,,134600301,,
1,13,46,2,4,1,239.671213692946,1,"02",7500,1,,,,,,134600401,,
1,13,46,2,5,1,239.671213692946,1,"02",2500,1,,,,,,134600501,,
1,13,46,2,6,1,239.671213692946,,,,,,,,,,134600601,,
1,13,46,2,7,1,916.8375,2,"01",16000,0,0,1,,,,134600701,,
1,13,46,2,8,1,239.671213692946,1,"01",7500,1,,,,,,134600801,,
1,13,46,2,9,1,916.8375,1,"01",7500,1,,,,,,134600901,,
1,13,46,2,10,1,916.8375,1,"01",7500,1,,,,,,134601001,,
1,13,46,2,11,1,239.671213692946,1,"01",7500,0,0,0,0,1,,134601101,,
1,13,46,2,13,1,916.8375,1,"02",7500,1,,,,,,134601301,,
1,13,46,2,14,1,916.8375,,,,,,,,,,134601401,,
1,13,46,2,15,1,916.8375,2,"02",21000,0,0,1,,,,134601501,,
1,13,46,2,16,1,916.8375,1,"03",2500,1,,,,,,134601601,,
1,13,46,2,18,1,239.671213692946,1,"01",2500,1,,,,,,134601801,,
1,13,46,2,19,1,239.671213692946,1,"02",2500,1,,,,,,134601901,,
1,13,46,2,20,1,239.671213692946,1,"01",7500,1,,,,,,134602001,,
1,13,46,2,21,1,916.8375,1,"02",7500,1,,,,,,134602101,,
1,13,47,1,1,1,335.788,,,,,,,,,,134700101,,
1,13,47,1,2,1,335.788,,,,,,,,,,134700201,,
1,13,47,1,3,1,335.788,,,,,,,,,,134700301,,
1,13,47,1,4,1,335.788,,,,,,,,,,134700401,,
1,13,47,1,5,1,335.788,,,,,,,,,,134700501,,
1,13,47,1,6,1,335.788,,,,,,,,,,134700601,,
1,13,47,1,7,1,335.788,,,,,,,,,,134700701,,
1,13,47,1,8,1,335.788,,,,,,,,,,134700801,,
1,13,47,1,9,1,335.788,,,,,,,,,,134700901,,
1,13,47,1,10,1,335.788,,,,,,,,,,134701001,,
1,13,47,1,11,1,335.788,,,,,,,,,,134701101,,
1,13,47,1,12,1,335.788,,,,,,,,,,134701201,,
1,13,47,1,13,1,335.788,,,,,,,,,,134701301,,
1,13,47,1,14,1,335.788,,,,,,,,,,134701401,,
1,13,47,1,15,1,335.788,,,,,,,,,,134701501,,
1,13,47,1,16,1,335.788,,,,,,,,,,134701601,,
1,13,47,1,17,1,335.788,,,,,,,,,,134701701,,
1,13,47,1,19,1,335.788,,,,,,,,,,134701901,,
1,13,48,1,1,1,1223.457,,,,,,,,,,134800101,,
1,13,48,1,2,1,1223.457,,,,,,,,,,134800201,,
1,13,48,1,3,1,1223.457,,,,,,,,,,134800301,,
1,13,48,1,4,1,1223.457,,,,,,,,,,134800401,,
1,13,48,1,5,1,1223.457,,,,,,,,,,134800501,,
1,13,48,1,6,1,1223.457,,,,,,,,,,134800601,,
1,13,48,1,7,1,1223.457,,,,,,,,,,134800701,,
1,13,48,1,8,1,1223.457,2,"02",21000,1,,,,,,134800801,,
1,13,48,1,9,1,1223.457,,,,,,,,,,134800901,,
1,13,48,1,10,1,1223.457,,,,,,,,,,134801001,,
1,13,48,1,11,1,1223.457,,,,,,,,,,134801101,,
1,13,48,1,12,1,1223.457,,,,,,,,,,134801201,,
1,13,48,1,13,1,1223.457,,,,,,,,,,134801301,,
1,13,48,1,14,1,1223.457,,,,,,,,,,134801401,,
1,13,48,1,15,1,1223.457,,,,,,,,,,134801501,,
1,13,48,1,16,1,1223.457,,,,,,,,,,134801601,,
1,13,48,1,17,1,1223.457,,,,,,,,,,134801701,,
1,13,49,1,1,1,170.3618,,,,,,,,,,134900101,,
1,13,49,1,2,1,170.3618,,,,,,,,,,134900201,,
1,13,49,1,3,1,170.3618,2,"01",24600,1,,,,,,134900301,,
1,13,49,1,4,1,170.3618,2,"01",21000,1,,,,,,134900401,,
1,13,49,1,5,1,170.3618,,,,,,,,,,134900501,,
1,13,49,1,6,1,170.3618,,,,,,,,,,134900601,,
1,13,49,1,7,1,170.3618,,,,,,,,,,134900701,,
1,13,49,1,8,1,170.3618,,,,,,,,,,134900801,,
1,13,49,1,9,1,170.3618,,,,,,,,,,134900901,,
1,13,49,1,10,1,170.3618,,,,,,,,,,134901001,,
1,13,49,1,11,1,170.3618,,,,,,,,,,134901101,,
1,13,49,1,12,1,170.3618,,,,,,,,,,134901201,,
1,13,49,1,13,1,170.3618,,,,,,,,,,134901301,,
1,13,49,1,14,1,170.3618,,,,,,,,,,134901401,,
1,13,49,1,15,1,170.3618,,,,,,,,,,134901501,,
1,13,49,1,16,1,170.3618,,,,,,,,,,134901601,,
1,13,49,1,17,1,170.3618,,,,,,,,,,134901701,,
1,13,49,1,18,1,170.3618,,,,,,,,,,134901801,,
2,21,50,1,1,1,312.3764,2,"02",8200,0,0,0,0,1,,215000102,,
2,21,50,1,2,1,312.3764,,,,,,,,,,215000202,,
2,21,50,1,3,1,70.7120706467662,1,"01",7500,0,0,0,0,1,,215000302,,
2,21,50,1,4,1,312.3764,,,,,,,,,,215000402,,
2,21,50,1,5,1,312.3764,2,"02",24600,1,,,,,,215000502,,
2,21,50,1,7,1,70.7120706467662,2,"01",21000,0,0,0,0,1,,215000702,,
2,21,50,1,8,1,70.7120706467662,1,"01",2500,0,0,0,0,1,,215000802,,
2,21,50,1,9,1,70.7120706467662,1,"02",2500,1,,,,,,215000902,,
2,21,50,1,10,1,312.3764,,,,,,,,,,215001002,,
2,21,50,1,11,1,312.3764,,,,,,,,,,215001102,,
2,21,50,1,12,1,312.3764,,,,,,,,,,215001202,,
2,21,50,1,13,1,312.3764,,,,,,,,,,215001302,,
2,21,50,1,14,1,312.3764,1,"01",8200,1,,,,,,215001402,,
2,21,50,1,15,1,312.3764,1,"02",8200,1,,,,,,215001502,,
2,21,50,1,16,1,312.3764,1,"02",2500,1,,,,,,215001602,,
2,21,50,1,17,1,312.3764,,,,,,,,,,215001702,,
2,21,50,1,18,1,312.3764,,,,,,,,,,215001802,,
2,21,51,1,1,1,30.9889583687341,1,"01",7500,1,,,,,,215100102,,
2,21,51,1,2,1,30.9889583687341,,,,,,,,,,215100202,,
2,21,51,1,3,1,260.5286,,,,,,,,,,215100302,,
2,21,51,1,4,1,30.9889583687341,,,,,,,,,,215100402,,
2,21,51,1,5,1,30.9889583687341,1,"02",7500,0,1,,,,,215100502,,
2,21,51,1,6,1,30.9889583687341,1,"02",7500,0,0,1,,,,215100602,,
2,21,51,1,7,1,30.9889583687341,1,"01",45100,0,0,0,0,1,,215100702,,
2,21,51,1,8,1,30.9889583687341,,,,,,,,,,215100802,,
2,21,51,1,9,1,30.9889583687341,,,,,,,,,,215100902,,
2,21,51,1,10,1,260.5286,,,,,,,,,,215101002,,
2,21,51,1,11,1,260.5286,,,,,,,,,,215101102,,
2,21,51,1,12,1,260.5286,,,,,,,,,,215101202,,
2,21,51,1,13,1,30.9889583687341,,,,,,,,,,215101302,,
2,21,51,1,14,1,30.9889583687341,,,,,,,,,,215101402,,
2,21,51,1,15,1,260.5286,,,,,,,,,,215101502,,
2,21,51,1,17,1,260.5286,,,,,,,,,,215101702,,
2,21,51,1,18,1,260.5286,,,,,,,,,,215101802,,
2,21,51,1,20,1,30.9889583687341,,,,,,,,,,215102002,,
2,21,52,2,1,1,1357.81097435897,1,"01",2500,0,0,1,,,,215200102,,
2,21,52,2,2,1,1357.81097435897,,,,,,,,,,215200202,,
2,21,52,2,3,1,1091.848,,,,,,,,,,215200302,,
2,21,52,2,4,1,1357.81097435897,,,,,,,,,,215200402,,
2,21,52,2,5,1,1357.81097435897,,,,,,,,,,215200502,,
2,21,52,2,6,1,1357.81097435897,1,"02",2500,1,,,,,,215200602,,
2,21,52,2,7,1,1357.81097435897,1,"01",7500,0,0,0,1,,,215200702,,
2,21,52,2,8,1,1357.81097435897,1,"01",2500,0,0,0,1,,,215200802,,
2,21,52,2,9,1,1357.81097435897,,,,,,,,,,215200902,,
2,21,52,2,10,1,1091.848,,,,,,,,,,215201002,,
2,21,52,2,11,1,1091.848,,,,,,,,,,215201102,,
2,21,52,2,12,1,1357.81097435897,,,,,,,,,,215201202,,
2,21,52,2,13,1,1357.81097435897,1,"01",7500,0,0,1,,,,215201302,,
2,21,52,2,14,1,1091.848,,,,,,,,,,215201402,,
2,21,52,2,15,1,1357.81097435897,,,,,,,,,,215201502,,
2,21,52,2,16,1,1091.848,,,,,,,,,,215201602,,
2,21,52,2,17,1,1357.81097435897,1,"01",2500,0,0,1,,,,215201702,,
2,21,52,2,18,1,1357.81097435897,,,,,,,,,,215201802,,
2,21,53,2,1,1,1158.7450875,,,,,,,,,,215300102,,
2,21,53,2,2,1,1158.7450875,,,,,,,,,,215300202,,
2,21,53,2,3,1,1158.7450875,1,"01",2500,0,0,1,,,,215300302,,
2,21,53,2,4,1,1158.7450875,,,,,,,,,,215300402,,
2,21,53,2,5,1,1158.7450875,,,,,,,,,,215300502,,
2,21,53,2,6,1,1158.7450875,,,,,,,,,,215300602,,
2,21,53,2,7,1,1158.7450875,,,,,,,,,,215300702,,
2,21,53,2,8,1,1158.7450875,,,,,,,,,,215300802,,
2,21,53,2,9,1,1158.7450875,,,,,,,,,,215300902,,
2,21,53,2,10,1,1158.7450875,,,,,,,,,,215301002,,
2,21,53,2,11,1,1018.677,,,,,,,,,,215301102,,
2,21,53,2,12,1,1158.7450875,,,,,,,,,,215301202,,
2,21,53,2,13,1,1158.7450875,,,,,,,,,,215301302,,
2,21,53,2,14,1,1018.677,,,,,,,,,,215301402,,
2,21,53,2,15,1,1018.677,,,,,,,,,,215301502,,
2,21,53,2,16,1,1018.677,,,,,,,,,,215301602,,
2,21,53,2,17,1,1018.677,,,,,,,,,,215301702,,
2,21,53,2,18,1,1018.677,1,"01",7500,1,,,,,,215301802,,
2,21,54,2,1,1,429.702488636364,,,,,,,,,,215400102,,
2,21,54,2,2,1,429.702488636364,1,"02",2500,1,,,,,,215400202,,
2,21,54,2,3,1,429.702488636364,,,,,,,,,,215400302,,
2,21,54,2,4,1,429.702488636364,,,,,,,,,,215400402,,
2,21,54,2,5,1,429.702488636364,1,"02",7500,0,0,1,,,,215400502,,
2,21,54,2,6,1,429.702488636364,,,,,,,,,,215400602,,
2,21,54,2,7,1,429.702488636364,1,"01",2500,0,0,0,0,2,,215400702,,
2,21,54,2,8,1,429.702488636364,1,"01",7500,0,0,0,0,1,,215400802,,
2,21,54,2,10,1,429.702488636364,1,"02",2500,0,1,,,,,215401002,,
2,21,54,2,11,1,995.1005,1,"01",7500,0,1,,,,,215401102,,
2,21,54,2,12,1,995.1005,1,"01",7500,0,0,1,,,,215401202,,
2,21,54,2,13,1,995.1005,1,"01",2500,1,,,,,,215401302,,
2,21,54,2,14,1,995.1005,1,"01",7500,0,1,,,,,215401402,,
2,21,54,2,15,1,995.1005,,,,,,,,,,215401502,,
2,21,54,2,16,1,995.1005,,,,,,,,,,215401602,,
2,21,54,2,17,1,995.1005,1,"01",2500,0,0,1,,,,215401702,,
2,21,54,2,18,1,429.702488636364,1,"01",7500,0,0,0,0,1,,215401802,,
2,21,54,2,21,1,995.1005,1,"01",2500,0,0,1,,,,215402102,,
2,21,55,2,1,1,1326.08,1,"02",2500,1,,,,,,215500102,,
2,21,55,2,2,1,1326.08,,,,,,,,,,215500202,,
2,21,55,2,3,1,1326.08,1,"02",7500,0,0,1,,,,215500302,,
2,21,55,2,4,1,1326.08,,,,,,,,,,215500402,,
2,21,55,2,5,1,1326.08,,,,,,,,,,215500502,,
2,21,55,2,6,1,1326.08,,,,,,,,,,215500602,,
2,21,55,2,7,1,1326.08,1,"01",7500,0,0,0,0,2,,215500702,,
2,21,55,2,8,1,1326.08,,,,,,,,,,215500802,,
2,21,55,2,9,1,1326.08,,,,,,,,,,215500902,,
2,21,55,2,10,1,1326.08,1,"01",7500,0,0,1,,,,215501002,,
2,21,55,2,11,1,1326.08,1,"02",2500,0,0,0,0,1,,215501102,,
2,21,55,2,12,1,1326.08,,,,,,,,,,215501202,,
2,21,55,2,13,1,1326.08,,,,,,,,,,215501302,,
2,21,55,2,14,1,1326.08,,,,,,,,,,215501402,,
2,21,55,2,15,1,1326.08,,,,,,,,,,215501502,,
2,21,55,2,16,1,1326.08,1,"02",7500,0,0,1,,,,215501602,,
2,21,55,2,17,1,1326.08,,,,,,,,,,215501702,,
2,21,55,2,18,1,1326.08,,,,,,,,,,215501802,,
2,22,56,2,1,3,169.8456,,,,,,,,,,225600102,,
2,22,56,2,2,3,169.8456,,,,,,,,,,225600202,,
2,22,56,2,3,3,20.9106391959799,1,"01",7500,1,,,,,,225600302,,
2,22,56,2,4,3,169.8456,,,,,,,,,,225600402,,
2,22,56,2,5,3,169.8456,1,"01",7500,0,0,1,,,,225600502,,
2,22,56,2,6,3,169.8456,1,"01",7500,0,0,1,,,,225600602,,
2,22,56,2,7,3,20.9106391959799,1,"01",2500,1,,,,,,225600702,,
2,22,56,2,8,3,169.8456,,,,,,,,,,225600802,,
2,22,56,2,9,3,20.9106391959799,,,,,,,,,,225600902,,
2,22,56,2,10,3,169.8456,,,,,,,,,,225601002,,
2,22,56,2,11,3,169.8456,,,,,,,,,,225601102,,
2,22,56,2,12,3,169.8456,,,,,,,,,,225601202,,
2,22,56,2,13,3,169.8456,,,,,,,,,,225601302,,
2,22,56,2,14,3,169.8456,1,"01",7500,0,0,1,,,,225601402,,
2,22,56,2,15,3,169.8456,,,,,,,,,,225601502,,
2,22,56,2,16,3,169.8456,,,,,,,,,,225601602,,
2,22,56,2,17,3,20.9106391959799,,,,,,,,,,225601702,,
2,22,56,2,18,3,169.8456,,,,,,,,,,225601802,,
2,22,57,2,1,3,92.0452122916667,,,,,,,,,,225700102,,
2,22,57,2,2,3,92.0452122916667,,,,,,,,,,225700202,,
2,22,57,2,3,3,92.0452122916667,1,"01",7500,1,,,,,,225700302,,
2,22,57,2,4,3,92.0452122916667,1,"02",7500,1,,,,,,225700402,,
2,22,57,2,5,3,92.0452122916667,,,,,,,,,,225700502,,
2,22,57,2,6,3,92.0452122916667,1,"01",7500,0,1,,,,,225700602,,
2,22,57,2,7,3,92.0452122916667,1,"01",7500,0,0,0,0,1,,225700702,,
2,22,57,2,8,3,92.0452122916667,,,,,,,,,,225700802,,
2,22,57,2,9,3,92.0452122916667,1,"02",7500,1,,,,,,225700902,,
2,22,57,2,10,3,33.72649,,,,,,,,,,225701002,,
2,22,57,2,11,3,33.72649,,,,,,,,,,225701102,,
2,22,57,2,12,3,33.72649,,,,,,,,,,225701202,,
2,22,57,2,13,3,33.72649,1,"02",2500,1,,,,,,225701302,,
2,22,57,2,14,3,33.72649,,,,,,,,,,225701402,,
2,22,57,2,15,3,33.72649,,,,,,,,,,225701502,,
2,22,57,2,16,3,33.72649,,,,,,,,,,225701602,,
2,22,57,2,17,3,33.72649,,,,,,,,,,225701702,,
2,22,57,2,18,3,33.72649,,,,,,,,,,225701802,,
2,22,58,2,1,1,837.580654350997,1,"01",7500,1,,,,,,225800102,,
2,22,58,2,2,1,837.580654350997,,,,,,,,,,225800202,,
2,22,58,2,3,1,837.580654350997,1,"03",7500,1,,,,,,225800302,,
2,22,58,2,4,1,837.580654350997,,,,,,,,,,225800402,,
2,22,58,2,5,1,837.580654350997,,,,,,,,,,225800502,,
2,22,58,2,6,1,837.580654350997,,,,,,,,,,225800602,,
2,22,58,2,7,1,2511.521,1,"01",2500,1,,,,,,225800702,,
2,22,58,2,8,1,2511.521,,,,,,,,,,225800802,,
2,22,58,2,9,1,837.580654350997,,,,,,,,,,225800902,,
2,22,58,2,10,1,837.580654350997,,,,,,,,,,225801002,,
2,22,58,2,11,1,837.580654350997,,,,,,,,,,225801102,,
2,22,58,2,12,1,837.580654350997,,,,,,,,,,225801202,,
2,22,58,2,13,1,2511.521,,,,,,,,,,225801302,,
2,22,58,2,14,1,2511.521,,,,,,,,,,225801402,,
2,22,58,2,15,1,2511.521,,,,,,,,,,225801502,,
2,22,58,2,16,1,2511.521,1,"02",7500,0,0,0,0,1,,225801602,,
2,22,58,2,17,1,2511.521,1,"01",2500,0,0,1,,,,225801702,,
2,22,58,2,18,1,837.580654350997,1,"01",7500,1,,,,,,225801802,,
2,22,59,2,1,3,90.6259082417582,,,,,,,,,,225900102,,
2,22,59,2,2,3,90.6259082417582,1,"01",7500,0,0,1,,,,225900202,,
2,22,59,2,3,3,90.6259082417582,,,,,,,,,,225900302,,
2,22,59,2,4,3,90.6259082417582,,,,,,,,,,225900402,,
2,22,59,2,5,3,90.6259082417582,,,,,,,,,,225900502,,
2,22,59,2,6,3,90.6259082417582,,,,,,,,,,225900602,,
2,22,59,2,7,3,90.6259082417582,,,,,,,,,,225900702,,
2,22,59,2,8,3,90.6259082417582,,,,,,,,,,225900802,,
2,22,59,2,9,3,90.6259082417582,,,,,,,,,,225900902,,
2,22,59,2,10,3,90.6259082417582,,,,,,,,,,225901002,,
2,22,59,2,11,3,90.6259082417582,,,,,,,,,,225901102,,
2,22,59,2,12,3,16.01351,,,,,,,,,,225901202,,
2,22,59,2,13,3,16.01351,,,,,,,,,,225901302,,
2,22,59,2,14,3,16.01351,,,,,,,,,,225901402,,
2,22,59,2,15,3,16.01351,,,,,,,,,,225901502,,
2,22,59,2,16,3,90.6259082417582,,,,,,,,,,225901602,,
2,22,59,2,17,3,16.01351,,,,,,,,,,225901702,,
2,22,59,2,18,3,90.6259082417582,1,"01",7500,0,0,1,,,,225901802,,
2,22,60,2,1,3,41.5805368421053,,,,,,,,,,226000102,,
2,22,60,2,2,3,41.5805368421053,1,"01",7500,1,,,,,,226000202,,
2,22,60,2,3,3,131.6717,1,"01",7500,0,0,1,,,,226000302,,
2,22,60,2,4,3,41.5805368421053,,,,,,,,,,226000402,,
2,22,60,2,5,3,41.5805368421053,,,,,,,,,,226000502,,
2,22,60,2,6,3,41.5805368421053,,,,,,,,,,226000602,,
2,22,60,2,7,3,131.6717,,,,,,,,,,226000702,,
2,22,60,2,8,3,41.5805368421053,,,,,,,,,,226000802,,
2,22,60,2,9,3,131.6717,,,,,,,,,,226000902,,
2,22,60,2,10,3,131.6717,,,,,,,,,,226001002,,
2,22,60,2,11,3,131.6717,1,"01",7500,1,,,,,,226001102,,
2,22,60,2,12,3,41.5805368421053,1,"01",2500,1,,,,,,226001202,,
2,22,60,2,13,3,41.5805368421053,,,,,,,,,,226001302,,
2,22,60,2,14,3,131.6717,,,,,,,,,,226001402,,
2,22,60,2,15,3,131.6717,,,,,,,,,,226001502,,
2,22,60,2,16,3,131.6717,,,,,,,,,,226001602,,
2,22,60,2,17,3,41.5805368421053,,,,,,,,,,226001702,,
2,22,60,2,18,3,131.6717,,,,,,,,,,226001802,,
2,22,61,2,1,3,32.6064994871795,,,,,,,,,,226100102,,
2,22,61,2,2,3,32.6064994871795,,,,,,,,,,226100202,,
2,22,61,2,3,3,32.6064994871795,,,,,,,,,,226100302,,
2,22,61,2,4,3,32.6064994871795,,,,,,,,,,226100402,,
2,22,61,2,5,3,32.6064994871795,,,,,,,,,,226100502,,
2,22,61,2,6,3,32.6064994871795,,,,,,,,,,226100602,,
2,22,61,2,7,3,32.6064994871795,,,,,,,,,,226100702,,
2,22,61,2,8,3,32.6064994871795,,,,,,,,,,226100802,,
2,22,61,2,9,3,32.6064994871795,,,,,,,,,,226100902,,
2,22,61,2,10,3,102.5527,,,,,,,,,,226101002,,
2,22,61,2,11,3,102.5527,2,"02",21000,0,0,1,,,,226101102,,
2,22,61,2,12,3,102.5527,,,,,,,,,,226101202,,
2,22,61,2,13,3,102.5527,,,,,,,,,,226101302,,
2,22,61,2,14,3,32.6064994871795,,,,,,,,,,226101402,,
2,22,61,2,15,3,102.5527,,,,,,,,,,226101502,,
2,22,61,2,16,3,102.5527,,,,,,,,,,226101602,,
2,22,61,2,17,3,102.5527,,,,,,,,,,226101702,,
2,22,61,2,18,3,102.5527,,,,,,,,,,226101802,,
2,22,62,2,1,3,107.9633,,,,,,,,,,226200102,,
2,22,62,2,2,3,40.3062986666667,,,,,,,,,,226200202,,
2,22,62,2,3,3,107.9633,,,,,,,,,,226200302,,
2,22,62,2,4,3,40.3062986666667,,,,,,,,,,226200402,,
2,22,62,2,5,3,40.3062986666667,,,,,,,,,,226200502,,
2,22,62,2,6,3,40.3062986666667,,,,,,,,,,226200602,,
2,22,62,2,7,3,40.3062986666667,1,"01",7500,0,0,0,0,2,,226200702,,
2,22,62,2,8,3,40.3062986666667,,,,,,,,,,226200802,,
2,22,62,2,9,3,40.3062986666667,,,,,,,,,,226200902,,
2,22,62,2,10,3,107.9633,,,,,,,,,,226201002,,
2,22,62,2,11,3,107.9633,,,,,,,,,,226201102,,
2,22,62,2,12,3,40.3062986666667,,,,,,,,,,226201202,,
2,22,62,2,13,3,107.9633,,,,,,,,,,226201302,,
2,22,62,2,14,3,107.9633,,,,,,,,,,226201402,,
2,22,62,2,15,3,40.3062986666667,,,,,,,,,,226201502,,
2,22,62,2,16,3,40.3062986666667,,,,,,,,,,226201602,,
2,22,62,2,17,3,107.9633,,,,,,,,,,226201702,,
2,22,62,2,18,3,107.9633,1,"03",7500,0,1,,,,,226201802,,
2,22,63,2,1,3,71.2982583974359,1,"02",7500,1,,,,,,226300102,,
2,22,63,2,2,3,71.2982583974359,,,,,,,,,,226300202,,
2,22,63,2,3,3,71.2982583974359,,,,,,,,,,226300302,,
2,22,63,2,4,3,71.2982583974359,,,,,,,,,,226300402,,
2,22,63,2,5,3,71.2982583974359,,,,,,,,,,226300502,,
2,22,63,2,6,3,71.2982583974359,1,"01",2500,1,,,,,,226300602,,
2,22,63,2,7,3,71.2982583974359,,,,,,,,,,226300702,,
2,22,63,2,8,3,71.2982583974359,,,,,,,,,,226300802,,
2,22,63,2,9,3,71.2982583974359,,,,,,,,,,226300902,,
2,22,63,2,10,3,71.2982583974359,,,,,,,,,,226301002,,
2,22,63,2,11,3,71.2982583974359,1,"01",2500,0,0,0,0,1,,226301102,,
2,22,63,2,12,3,6.823637,,,,,,,,,,226301202,,
2,22,63,2,13,3,71.2982583974359,,,,,,,,,,226301302,,
2,22,63,2,14,3,6.823637,,,,,,,,,,226301402,,
2,22,63,2,15,3,6.823637,2,"01",16000,0,0,1,,,,226301502,,
2,22,63,2,16,3,71.2982583974359,,,,,,,,,,226301602,,
2,22,63,2,17,3,6.823637,,,,,,,,,,226301702,,
2,22,63,2,18,3,6.823637,2,"01",16000,0,0,0,1,,,226301802,,
2,22,64,2,1,3,72.7535783606557,,,,,,,,,,226400102,,
2,22,64,2,2,3,72.7535783606557,,,,,,,,,,226400202,,
2,22,64,2,3,3,72.7535783606557,1,"02",7500,1,,,,,,226400302,,
2,22,64,2,4,3,72.7535783606557,1,"01",7500,1,,,,,,226400402,,
2,22,64,2,5,3,54.92535,,,,,,,,,,226400502,,
2,22,64,2,6,3,72.7535783606557,,,,,,,,,,226400602,,
2,22,64,2,7,3,72.7535783606557,,,,,,,,,,226400702,,
2,22,64,2,8,3,72.7535783606557,1,"01",2500,0,0,1,,,,226400802,,
2,22,64,2,9,3,72.7535783606557,,,,,,,,,,226400902,,
2,22,64,2,10,3,72.7535783606557,,,,,,,,,,226401002,,
2,22,64,2,11,3,54.92535,,,,,,,,,,226401102,,
2,22,64,2,12,3,72.7535783606557,,,,,,,,,,226401202,,
2,22,64,2,13,3,54.92535,,,,,,,,,,226401302,,
2,22,64,2,14,3,54.92535,,,,,,,,,,226401402,,
2,22,64,2,15,3,54.92535,,,,,,,,,,226401502,,
2,22,64,2,16,3,54.92535,,,,,,,,,,226401602,,
2,22,64,2,17,3,54.92535,,,,,,,,,,226401702,,
2,22,64,2,18,3,54.92535,1,"01",2500,0,0,1,,,,226401802,,
2,22,65,2,1,3,86.0200738461538,,,,,,,,,,226500102,,
2,22,65,2,2,3,86.0200738461538,1,"02",7500,1,,,,,,226500202,,
2,22,65,2,3,3,86.0200738461538,,,,,,,,,,226500302,,
2,22,65,2,4,3,86.0200738461538,,,,,,,,,,226500402,,
2,22,65,2,5,3,86.0200738461538,,,,,,,,,,226500502,,
2,22,65,2,6,3,86.0200738461538,,,,,,,,,,226500602,,
2,22,65,2,7,3,86.0200738461538,1,"01",7500,0,0,0,1,,,226500702,,
2,22,65,2,8,3,86.0200738461538,,,,,,,,,,226500802,,
2,22,65,2,9,3,86.0200738461538,,,,,,,,,,226500902,,
2,22,65,2,10,3,14.71396,,,,,,,,,,226501002,,
2,22,65,2,11,3,14.71396,,,,,,,,,,226501102,,
2,22,65,2,12,3,14.71396,,,,,,,,,,226501202,,
2,22,65,2,13,3,14.71396,,,,,,,,,,226501302,,
2,22,65,2,14,3,14.71396,,,,,,,,,,226501402,,
2,22,65,2,15,3,14.71396,,,,,,,,,,226501502,,
2,22,65,2,16,3,14.71396,,,,,,,,,,226501602,,
2,22,65,2,17,3,14.71396,,,,,,,,,,226501702,,
2,22,65,2,18,3,14.71396,,,,,,,,,,226501802,,
2,22,66,2,1,3,121.1314,,,,,,,,,,226600102,,
2,22,66,2,2,3,36.8900172727273,,,,,,,,,,226600202,,
2,22,66,2,3,3,36.8900172727273,,,,,,,,,,226600302,,
2,22,66,2,4,3,36.8900172727273,,,,,,,,,,226600402,,
2,22,66,2,5,3,36.8900172727273,,,,,,,,,,226600502,,
2,22,66,2,6,3,36.8900172727273,,,,,,,,,,226600602,,
2,22,66,2,7,3,121.1314,,,,,,,,,,226600702,,
2,22,66,2,8,3,36.8900172727273,,,,,,,,,,226600802,,
2,22,66,2,9,3,36.8900172727273,,,,,,,,,,226600902,,
2,22,66,2,10,3,121.1314,,,,,,,,,,226601002,,
2,22,66,2,11,3,121.1314,,,,,,,,,,226601102,,
2,22,66,2,12,3,121.1314,,,,,,,,,,226601202,,
2,22,66,2,13,3,36.8900172727273,,,,,,,,,,226601302,,
2,22,66,2,14,3,121.1314,,,,,,,,,,226601402,,
2,22,66,2,15,3,121.1314,,,,,,,,,,226601502,,
2,22,66,2,16,3,121.1314,,,,,,,,,,226601602,,
2,22,66,2,17,3,121.1314,1,"01",7500,0,0,1,,,,226601702,,
2,22,66,2,18,3,121.1314,1,"02",7500,0,0,1,,,,226601802,,
2,22,67,2,1,3,32.74964,1,"02",2500,1,,,,,,226700102,,
2,22,67,2,2,3,105.216928510638,1,"01",7500,1,,,,,,226700202,,
2,22,67,2,3,3,105.216928510638,,,,,,,,,,226700302,,
2,22,67,2,4,3,105.216928510638,,,,,,,,,,226700402,,
2,22,67,2,5,3,105.216928510638,,,,,,,,,,226700502,,
2,22,67,2,6,3,105.216928510638,,,,,,,,,,226700602,,
2,22,67,2,7,3,32.74964,,,,,,,,,,226700702,,
2,22,67,2,8,3,105.216928510638,,,,,,,,,,226700802,,
2,22,67,2,9,3,105.216928510638,,,,,,,,,,226700902,,
2,22,67,2,10,3,32.74964,1,"02",7500,1,,,,,,226701002,,
2,22,67,2,11,3,32.74964,,,,,,,,,,226701102,,
2,22,67,2,12,3,105.216928510638,,,,,,,,,,226701202,,
2,22,67,2,13,3,32.74964,,,,,,,,,,226701302,,
2,22,67,2,14,3,105.216928510638,,,,,,,,,,226701402,,
2,22,67,2,15,3,32.74964,,,,,,,,,,226701502,,
2,22,67,2,16,3,32.74964,1,"01",2500,1,,,,,,226701602,,
2,22,67,2,17,3,32.74964,1,"01",7500,1,,,,,,226701702,,
2,22,67,2,18,3,32.74964,,,,,,,,,,226701802,,
2,22,68,2,1,1,311.598,,,,,,,,,,226800102,,
2,22,68,2,2,1,311.598,,,,,,,,,,226800202,,
2,22,68,2,3,1,1533.26,,,,,,,,,,226800302,,
2,22,68,2,4,1,1533.26,,,,,,,,,,226800402,,
2,22,68,2,5,1,1533.26,1,"01",2500,1,,,,,,226800502,,
2,22,68,2,6,1,311.598,,,,,,,,,,226800602,,
2,22,68,2,7,1,1533.26,1,"01",7500,1,,,,,,226800702,,
2,22,68,2,8,1,311.598,,,,,,,,,,226800802,,
2,22,68,2,9,1,1533.26,1,"01",7500,0,0,0,0,3,,226800902,,
2,22,68,2,10,1,1533.26,,,,,,,,,,226801002,,
2,22,68,2,11,1,1533.26,1,"02",2500,1,,,,,,226801102,,
2,22,68,2,12,1,1533.26,,,,,,,,,,226801202,,
2,22,68,2,13,1,1533.26,,,,,,,,,,226801302,,
2,22,68,2,14,1,1533.26,,,,,,,,,,226801402,,
2,22,68,2,15,1,1533.26,,,,,,,,,,226801502,,
2,22,68,2,16,1,1533.26,,,,,,,,,,226801602,,
2,22,68,2,17,1,1533.26,1,"03",7500,1,,,,,,226801702,,
2,22,68,2,18,1,1533.26,,,,,,,,,,226801802,,
2,22,69,2,1,3,123.808337946429,,,,,,,,,,226900102,,
2,22,69,2,2,3,123.808337946429,1,"01",7500,0,1,,,,,226900202,,
2,22,69,2,3,3,123.808337946429,,,,,,,,,,226900302,,
2,22,69,2,4,3,123.808337946429,,,,,,,,,,226900402,,
2,22,69,2,5,3,123.808337946429,,,,,,,,,,226900502,,
2,22,69,2,6,3,123.808337946429,1,"01",7500,0,1,,,,,226900602,,
2,22,69,2,7,3,36.73254,,,,,,,,,,226900702,,
2,22,69,2,8,3,123.808337946429,,,,,,,,,,226900802,,
2,22,69,2,9,3,36.73254,,,,,,,,,,226900902,,
2,22,69,2,10,3,36.73254,1,"03",7500,1,,,,,,226901002,,
2,22,69,2,11,3,123.808337946429,1,"02",2500,1,,,,,,226901102,,
2,22,69,2,12,3,36.73254,,,,,,,,,,226901202,,
2,22,69,2,13,3,36.73254,,,,,,,,,,226901302,,
2,22,69,2,14,3,36.73254,,,,,,,,,,226901402,,
2,22,69,2,15,3,36.73254,1,"01",7500,1,,,,,,226901502,,
2,22,69,2,16,3,36.73254,,,,,,,,,,226901602,,
2,22,69,2,17,3,36.73254,,,,,,,,,,226901702,,
2,22,69,2,18,3,36.73254,1,"02",7500,1,,,,,,226901802,,
2,22,70,2,1,3,80.0988717419355,,,,,,,,,,227000102,,
2,22,70,2,2,3,80.0988717419355,,,,,,,,,,227000202,,
2,22,70,2,3,3,80.0988717419355,,,,,,,,,,227000302,,
2,22,70,2,4,3,80.0988717419355,,,,,,,,,,227000402,,
2,22,70,2,5,3,80.0988717419355,1,"01",7500,0,0,0,0,2,,227000502,,
2,22,70,2,6,3,80.0988717419355,,,,,,,,,,227000602,,
2,22,70,2,7,3,80.0988717419355,,,,,,,,,,227000702,,
2,22,70,2,8,3,80.0988717419355,1,"01",2500,0,0,0,0,2,,227000802,,
2,22,70,2,9,3,46.32584,,,,,,,,,,227000902,,
2,22,70,2,10,3,46.32584,,,,,,,,,,227001002,,
2,22,70,2,11,3,80.0988717419355,,,,,,,,,,227001102,,
2,22,70,2,12,3,46.32584,,,,,,,,,,227001202,,
2,22,70,2,13,3,80.0988717419355,2,"02",16000,1,,,,,,227001302,,
2,22,70,2,14,3,46.32584,,,,,,,,,,227001402,,
2,22,70,2,15,3,46.32584,,,,,,,,,,227001502,,
2,22,70,2,16,3,46.32584,,,,,,,,,,227001602,,
2,22,70,2,17,3,46.32584,1,"02",7500,0,0,1,,,,227001702,,
2,22,70,2,18,3,46.32584,,,,,,,,,,227001802,,
2,22,71,2,1,1,1344.70940821918,,,,,,,,,,227100102,,
2,22,71,2,2,1,1344.70940821918,,,,,,,,,,227100202,,
2,22,71,2,3,1,1344.70940821918,,,,,,,,,,227100302,,
2,22,71,2,4,1,1344.70940821918,,,,,,,,,,227100402,,
2,22,71,2,5,1,1344.70940821918,,,,,,,,,,227100502,,
2,22,71,2,6,1,1344.70940821918,,,,,,,,,,227100602,,
2,22,71,2,7,1,1344.70940821918,,,,,,,,,,227100702,,
2,22,71,2,8,1,900.5852,,,,,,,,,,227100802,,
2,22,71,2,9,1,1344.70940821918,,,,,,,,,,227100902,,
2,22,71,2,10,1,900.5852,,,,,,,,,,227101002,,
2,22,71,2,11,1,900.5852,,,,,,,,,,227101102,,
2,22,71,2,12,1,900.5852,,,,,,,,,,227101202,,
2,22,71,2,13,1,900.5852,,,,,,,,,,227101302,,
2,22,71,2,14,1,900.5852,,,,,,,,,,227101402,,
2,22,71,2,15,1,900.5852,,,,,,,,,,227101502,,
2,22,71,2,16,1,900.5852,,,,,,,,,,227101602,,
2,22,71,2,17,1,1344.70940821918,,,,,,,,,,227101702,,
2,22,71,2,18,1,900.5852,1,"02",7500,1,,,,,,227101802,,
2,22,72,2,1,2,,,,,,,,,,,227200102,4,18.0079364776611
2,22,72,2,2,2,,,,,,,,,,,227200202,4,18.0079364776611
2,22,72,2,3,2,,,,,,,,,,,227200302,4,18.0079364776611
2,22,72,2,4,2,,,,,,,,,,,227200402,4,18.0079364776611
2,22,72,2,5,2,,,,,,,,,,,227200502,4,18.0079364776611
2,22,72,2,6,2,,,,,,,,,,,227200602,4,18.0079364776611
2,22,72,2,7,2,,,,,,,,,,,227200702,4,18.0079364776611
2,22,72,2,8,2,,,,,,,,,,,227200802,4,18.0079364776611
2,22,72,2,9,2,,,,,,,,,,,227200902,4,18.0079364776611
2,22,72,2,10,2,,,,,,,,,,,227201002,4,18.0079364776611
2,22,72,2,11,2,,,,,,,,,,,227201102,4,18.0079364776611
2,22,72,2,12,2,,,,,,,,,,,227201202,4,18.0079364776611
2,22,72,2,13,2,,,,,,,,,,,227201302,4,18.0079364776611
2,22,72,2,14,2,,,,,,,,,,,227201402,4,18.0079364776611
2,22,72,2,15,2,,1,"01",2500,0,0,1,,,,227201502,4,18.0079364776611
2,22,72,2,16,2,,,,,,,,,,,227201602,4,18.0079364776611
2,22,72,2,17,2,,,,,,,,,,,227201702,4,18.0079364776611
2,22,72,2,18,2,,,,,,,,,,,227201802,4,18.0079364776611
2,22,73,2,1,2,,,,,,,,,,,227300102,4,18.0079364776611
2,22,73,2,2,2,,,,,,,,,,,227300202,4,18.0079364776611
2,22,73,2,3,2,,,,,,,,,,,227300302,4,18.0079364776611
2,22,73,2,4,2,,,,,,,,,,,227300402,4,18.0079364776611
2,22,73,2,5,2,,,,,,,,,,,227300502,4,18.0079364776611
2,22,73,2,6,2,,,,,,,,,,,227300602,4,18.0079364776611
2,22,73,2,7,2,,,,,,,,,,,227300702,4,18.0079364776611
2,22,73,2,8,2,,,,,,,,,,,227300802,4,18.0079364776611
2,22,73,2,9,2,,,,,,,,,,,227300902,4,18.0079364776611
2,22,73,2,10,2,,,,,,,,,,,227301002,4,18.0079364776611
2,22,73,2,11,2,,,,,,,,,,,227301102,4,18.0079364776611
2,22,73,2,12,2,,,,,,,,,,,227301202,4,18.0079364776611
2,22,73,2,13,2,,,,,,,,,,,227301302,4,18.0079364776611
2,22,73,2,14,2,,,,,,,,,,,227301402,4,18.0079364776611
2,22,73,2,15,2,,,,,,,,,,,227301502,4,18.0079364776611
2,22,73,2,16,2,,,,,,,,,,,227301602,4,18.0079364776611
2,22,73,2,17,2,,,,,,,,,,,227301702,4,18.0079364776611
2,22,73,2,18,2,,,,,,,,,,,227301802,4,18.0079364776611
2,22,74,2,1,2,,,,,,,,,,,227400102,4,18.0079364776611
2,22,74,2,2,2,,,,,,,,,,,227400202,4,18.0079364776611
2,22,74,2,3,2,,,,,,,,,,,227400302,4,18.0079364776611
2,22,74,2,4,2,,,,,,,,,,,227400402,4,18.0079364776611
2,22,74,2,5,2,,,,,,,,,,,227400502,4,18.0079364776611
2,22,74,2,6,2,,,,,,,,,,,227400602,4,18.0079364776611
2,22,74,2,7,2,,,,,,,,,,,227400702,4,18.0079364776611
2,22,74,2,8,2,,,,,,,,,,,227400802,4,18.0079364776611
2,22,74,2,9,2,,,,,,,,,,,227400902,4,18.0079364776611
2,22,74,2,10,2,,,,,,,,,,,227401002,4,18.0079364776611
2,22,74,2,11,2,,,,,,,,,,,227401102,4,18.0079364776611
2,22,74,2,12,2,,,,,,,,,,,227401202,4,18.0079364776611
2,22,74,2,13,2,,,,,,,,,,,227401302,4,18.0079364776611
2,22,74,2,14,2,,,,,,,,,,,227401402,4,18.0079364776611
2,22,74,2,15,2,,,,,,,,,,,227401502,4,18.0079364776611
2,22,74,2,16,2,,,,,,,,,,,227401602,4,18.0079364776611
2,22,74,2,17,2,,,,,,,,,,,227401702,4,18.0079364776611
2,22,74,2,18,2,,,,,,,,,,,227401802,4,18.0079364776611
2,22,75,2,1,2,,,,,,,,,,,227500102,4,18.0079364776611
2,22,75,2,2,2,,,,,,,,,,,227500202,4,18.0079364776611
2,22,75,2,3,2,,,,,,,,,,,227500302,4,18.0079364776611
2,22,75,2,4,2,,,,,,,,,,,227500402,4,18.0079364776611
2,22,75,2,5,2,,,,,,,,,,,227500502,4,18.0079364776611
2,22,75,2,6,2,,,,,,,,,,,227500602,4,18.0079364776611
2,22,75,2,7,2,,,,,,,,,,,227500702,4,18.0079364776611
2,22,75,2,8,2,,,,,,,,,,,227500802,4,18.0079364776611
2,22,75,2,9,2,,,,,,,,,,,227500902,4,18.0079364776611
2,22,75,2,10,2,,,,,,,,,,,227501002,4,18.0079364776611
2,22,75,2,11,2,,1,"01",7500,0,0,1,,,,227501102,4,18.0079364776611
2,22,75,2,12,2,,,,,,,,,,,227501202,4,18.0079364776611
2,22,75,2,13,2,,,,,,,,,,,227501302,4,18.0079364776611
2,22,75,2,14,2,,,,,,,,,,,227501402,4,18.0079364776611
2,22,75,2,15,2,,,,,,,,,,,227501502,4,18.0079364776611
2,22,75,2,16,2,,1,"01",7500,0,0,1,,,,227501602,4,18.0079364776611
2,22,75,2,17,2,,,,,,,,,,,227501702,4,18.0079364776611
2,22,75,2,18,2,,,,,,,,,,,227501802,4,18.0079364776611
2,22,76,2,1,2,,,,,,,,,,,227600102,4,18.0079364776611
2,22,76,2,2,2,,,,,,,,,,,227600202,4,18.0079364776611
2,22,76,2,3,2,,,,,,,,,,,227600302,4,18.0079364776611
2,22,76,2,4,2,,,,,,,,,,,227600402,4,18.0079364776611
2,22,76,2,5,2,,,,,,,,,,,227600502,4,18.0079364776611
2,22,76,2,6,2,,,,,,,,,,,227600602,4,18.0079364776611
2,22,76,2,7,2,,,,,,,,,,,227600702,4,18.0079364776611
2,22,76,2,8,2,,1,"01",2500,0,0,1,,,,227600802,4,18.0079364776611
2,22,76,2,9,2,,,,,,,,,,,227600902,4,18.0079364776611
2,22,76,2,10,2,,,,,,,,,,,227601002,4,18.0079364776611
2,22,76,2,11,2,,,,,,,,,,,227601102,4,18.0079364776611
2,22,76,2,12,2,,,,,,,,,,,227601202,4,18.0079364776611
2,22,76,2,13,2,,,,,,,,,,,227601302,4,18.0079364776611
2,22,76,2,14,2,,,,,,,,,,,227601402,4,18.0079364776611
2,22,76,2,15,2,,,,,,,,,,,227601502,4,18.0079364776611
2,22,76,2,16,2,,,,,,,,,,,227601602,4,18.0079364776611
2,22,76,2,17,2,,,,,,,,,,,227601702,4,18.0079364776611
2,22,76,2,18,2,,,,,,,,,,,227601802,4,18.0079364776611
2,22,77,2,1,2,,,,,,,,,,,227700102,4,18.0079364776611
2,22,77,2,2,2,,,,,,,,,,,227700202,4,18.0079364776611
2,22,77,2,3,2,,,,,,,,,,,227700302,4,18.0079364776611
2,22,77,2,4,2,,,,,,,,,,,227700402,4,18.0079364776611
2,22,77,2,5,2,,,,,,,,,,,227700502,4,18.0079364776611
2,22,77,2,6,2,,,,,,,,,,,227700602,4,18.0079364776611
2,22,77,2,7,2,,,,,,,,,,,227700702,4,18.0079364776611
2,22,77,2,8,2,,,,,,,,,,,227700802,4,18.0079364776611
2,22,77,2,9,2,,,,,,,,,,,227700902,4,18.0079364776611
2,22,77,2,10,2,,,,,,,,,,,227701002,4,18.0079364776611
2,22,77,2,11,2,,,,,,,,,,,227701102,4,18.0079364776611
2,22,77,2,12,2,,,,,,,,,,,227701202,4,18.0079364776611
2,22,77,2,13,2,,,,,,,,,,,227701302,4,18.0079364776611
2,22,77,2,14,2,,,,,,,,,,,227701402,4,18.0079364776611
2,22,77,2,15,2,,,,,,,,,,,227701502,4,18.0079364776611
2,22,77,2,16,2,,,,,,,,,,,227701602,4,18.0079364776611
2,22,77,2,17,2,,,,,,,,,,,227701702,4,18.0079364776611
2,22,77,2,18,2,,,,,,,,,,,227701802,4,18.0079364776611
2,22,78,2,1,2,,,,,,,,,,,227800102,4,18.0079364776611
2,22,78,2,2,2,,,,,,,,,,,227800202,4,18.0079364776611
2,22,78,2,3,2,,,,,,,,,,,227800302,4,18.0079364776611
2,22,78,2,4,2,,,,,,,,,,,227800402,4,18.0079364776611
2,22,78,2,5,2,,,,,,,,,,,227800502,4,18.0079364776611
2,22,78,2,6,2,,,,,,,,,,,227800602,4,18.0079364776611
2,22,78,2,7,2,,,,,,,,,,,227800702,4,18.0079364776611
2,22,78,2,8,2,,,,,,,,,,,227800802,4,18.0079364776611
2,22,78,2,9,2,,,,,,,,,,,227800902,4,18.0079364776611
2,22,78,2,10,2,,,,,,,,,,,227801002,4,18.0079364776611
2,22,78,2,11,2,,,,,,,,,,,227801102,4,18.0079364776611
2,22,78,2,12,2,,,,,,,,,,,227801202,4,18.0079364776611
2,22,78,2,13,2,,,,,,,,,,,227801302,4,18.0079364776611
2,22,78,2,14,2,,,,,,,,,,,227801402,4,18.0079364776611
2,22,78,2,15,2,,,,,,,,,,,227801502,4,18.0079364776611
2,22,78,2,16,2,,,,,,,,,,,227801602,4,18.0079364776611
2,22,78,2,17,2,,,,,,,,,,,227801702,4,18.0079364776611
2,22,78,2,18,2,,,,,,,,,,,227801802,4,18.0079364776611
2,23,79,1,1,1,191.269876666667,1,"02",2500,0,0,1,,,,237900102,,
2,23,79,1,2,1,191.269876666667,1,"01",2500,0,0,0,0,1,,237900202,,
2,23,79,1,3,1,191.269876666667,2,"02",8200,0,0,1,,,,237900302,,
2,23,79,1,4,1,191.269876666667,1,"02",2500,0,0,1,,,,237900402,,
2,23,79,1,5,1,191.269876666667,2,"02",24600,1,,,,,,237900502,,
2,23,79,1,6,1,133.4441,,,,,,,,,,237900602,,
2,23,79,1,7,1,133.4441,,,,,,,,,,237900702,,
2,23,79,1,8,1,133.4441,,,,,,,,,,237900802,,
2,23,79,1,9,1,133.4441,,,,,,,,,,237900902,,
2,23,79,1,10,1,191.269876666667,2,"01",16000,1,,,,,,237901002,,
2,23,79,1,11,1,133.4441,,,,,,,,,,237901102,,
2,23,79,1,12,1,133.4441,,,,,,,,,,237901202,,
2,23,79,1,13,1,191.269876666667,1,"01",2500,0,0,1,,,,237901302,,
2,23,79,1,14,1,191.269876666667,1,"01",8200,0,0,0,1,,,237901402,,
2,23,79,1,15,1,133.4441,,,,,,,,,,237901502,,
2,23,79,1,16,1,133.4441,,,,,,,,,,237901602,,
2,23,79,1,17,1,191.269876666667,,,,,,,,,,237901702,,
2,23,79,1,18,1,133.4441,,,,,,,,,,237901802,,
2,23,80,2,1,1,943.521016042781,1,"01",2500,1,,,,,,238000102,,
2,23,80,2,2,1,943.521016042781,1,"01",2500,1,,,,,,238000202,,
2,23,80,2,3,1,2800.61,1,"01",7500,1,,,,,,238000302,,
2,23,80,2,4,1,943.521016042781,1,"02",7500,1,,,,,,238000402,,
2,23,80,2,5,1,943.521016042781,1,"01",7500,0,0,0,0,1,,238000502,,
2,23,80,2,6,1,943.521016042781,1,"02",2500,0,0,0,1,,,238000602,,
2,23,80,2,7,1,2800.61,1,"01",7500,0,1,,,,,238000702,,
2,23,80,2,8,1,943.521016042781,1,"01",2500,1,,,,,,238000802,,
2,23,80,2,9,1,943.521016042781,1,"01",7500,0,0,0,0,1,,238000902,,
2,23,80,2,10,1,2800.61,,,,,,,,,,238001002,,
2,23,80,2,11,1,2800.61,1,"01",2500,0,0,0,0,1,,238001102,,
2,23,80,2,12,1,943.521016042781,1,"01",7500,1,,,,,,238001202,,
2,23,80,2,13,1,943.521016042781,,,,,,,,,,238001302,,
2,23,80,2,14,1,943.521016042781,1,"01",7500,0,1,,,,,238001402,,
2,23,80,2,15,1,943.521016042781,1,"01",2500,1,,,,,,238001502,,
2,23,80,2,16,1,2800.61,1,"01",7500,0,0,1,,,,238001602,,
2,23,80,2,17,1,2800.61,,,,,,,,,,238001702,,
2,23,80,2,18,1,2800.61,,,,,,,,,,238001802,,
2,23,81,2,1,1,1569.95834545455,,,,,,,,,,238100102,,
2,23,81,2,2,1,1569.95834545455,1,"01",7500,0,0,1,,,,238100202,,
2,23,81,2,3,1,1569.95834545455,1,"01",2500,1,,,,,,238100302,,
2,23,81,2,4,1,1569.95834545455,1,"01",7500,0,0,0,0,1,,238100402,,
2,23,81,2,5,1,1451.222,1,"01",7500,1,,,,,,238100502,,
2,23,81,2,6,1,1451.222,1,"01",7500,1,,,,,,238100602,,
2,23,81,2,7,1,1451.222,,,,,,,,,,238100702,,
2,23,81,2,8,1,1451.222,1,"01",2500,1,,,,,,238100802,,
2,23,81,2,9,1,1569.95834545455,1,"01",2500,0,0,1,,,,238100902,,
2,23,81,2,10,1,1451.222,1,"01",2500,1,,,,,,238101002,,
2,23,81,2,11,1,1451.222,,,,,,,,,,238101102,,
2,23,81,2,12,1,1451.222,1,"01",2500,1,,,,,,238101202,,
2,23,81,2,13,1,1569.95834545455,1,"01",7500,0,0,0,0,1,,238101302,,
2,23,81,2,14,1,1569.95834545455,1,"01",2500,0,0,0,0,1,,238101402,,
2,23,81,2,15,1,1569.95834545455,1,"02",7500,0,0,0,0,1,,238101502,,
2,23,81,2,16,1,1569.95834545455,1,"01",2500,0,0,0,0,1,,238101602,,
2,23,81,2,17,1,1569.95834545455,1,"01",2500,0,0,1,,,,238101702,,
2,23,81,2,18,1,1569.95834545455,1,"01",2500,0,1,,,,,238101802,,
2,23,82,2,1,1,2203.36932666667,1,"01",7500,0,1,,,,,238200102,,
2,23,82,2,2,1,2203.36932666667,,,,,,,,,,238200202,,
2,23,82,2,3,1,2203.36932666667,1,"02",7500,1,,,,,,238200302,,
2,23,82,2,4,1,2203.36932666667,1,"01",7500,0,0,0,1,,,238200402,,
2,23,82,2,5,1,2203.36932666667,1,"01",7500,1,,,,,,238200502,,
2,23,82,2,6,1,2203.36932666667,1,"02",2500,1,,,,,,238200602,,
2,23,82,2,7,1,2203.36932666667,1,"01",2500,1,,,,,,238200702,,
2,23,82,2,8,1,2485.003,1,"02",7500,0,0,0,0,1,,238200802,,
2,23,82,2,9,1,2485.003,1,"01",2500,1,,,,,,238200902,,
2,23,82,2,10,1,2485.003,1,"02",7500,0,0,1,,,,238201002,,
2,23,82,2,11,1,2485.003,1,"01",7500,1,,,,,,238201102,,
2,23,82,2,12,1,2485.003,,,,,,,,,,238201202,,
2,23,82,2,13,1,2485.003,1,"01",2500,0,0,0,0,1,,238201302,,
2,23,82,2,14,1,2203.36932666667,1,"02",7500,1,,,,,,238201402,,
2,23,82,2,15,1,2203.36932666667,1,"01",7500,1,,,,,,238201502,,
2,23,82,2,16,1,2203.36932666667,1,"01",7500,0,1,,,,,238201602,,
2,23,82,2,17,1,2203.36932666667,,,,,,,,,,238201702,,
2,23,82,2,18,1,2203.36932666667,1,"01",7500,0,1,,,,,238201802,,
2,24,83,2,1,1,1305.621,1,"01",2500,0,1,,,,,248300102,,
2,24,83,2,2,1,1305.621,1,"01",7500,0,0,0,0,1,,248300202,,
2,24,83,2,3,1,1305.621,1,"01",7500,0,0,0,0,555,1,248300302,,
2,24,83,2,4,1,1305.621,1,"01",2500,1,,,,,,248300402,,
2,24,83,2,5,1,1305.621,1,"02",7500,0,0,0,0,1,,248300502,,
2,24,83,2,6,1,1305.621,1,"01",7500,1,,,,,,248300602,,
2,24,83,2,7,1,1305.621,1,"01",2500,0,0,0,1,,,248300702,,
2,24,83,2,8,1,1305.621,1,"02",2500,1,,,,,,248300802,,
2,24,83,2,9,1,1305.621,1,"01",7500,1,,,,,,248300902,,
2,24,83,2,10,1,1305.621,1,"01",2500,1,,,,,,248301002,,
2,24,83,2,11,1,1305.621,1,"01",2500,0,1,,,,,248301102,,
2,24,83,2,12,1,1305.621,1,"01",7500,0,0,0,1,,,248301202,,
2,24,83,2,13,1,1305.621,1,"01",7500,0,0,0,1,,,248301302,,
2,24,83,2,14,1,1305.621,1,"01",7500,1,,,,,,248301402,,
2,24,83,2,15,1,1305.621,1,"01",7500,0,0,0,888,1,,248301502,,
2,24,83,2,16,1,1305.621,1,"01",2500,1,,,,,,248301602,,
2,24,83,2,17,1,1305.621,1,"01",7500,0,0,0,1,,,248301702,,
2,24,83,2,18,1,1305.621,1,"01",2500,1,,,,,,248301802,,
2,24,84,2,1,1,72.2506289308176,,,,,,,,,,248400102,,
2,24,84,2,2,1,72.2506289308176,1,"01",2500,1,,,,,,248400202,,
2,24,84,2,3,1,1044.35,,,,,,,,,,248400302,,
2,24,84,2,4,1,72.2506289308176,,,,,,,,,,248400402,,
2,24,84,2,5,1,72.2506289308176,1,"01",7500,0,0,1,,,,248400502,,
2,24,84,2,6,1,1044.35,1,"04",2500,0,0,0,0,2,,248400602,,
2,24,84,2,7,1,72.2506289308176,1,"01",2500,0,1,,,,,248400702,,
2,24,84,2,8,1,1044.35,1,"02",7500,1,,,,,,248400802,,
2,24,84,2,9,1,1044.35,,,,,,,,,,248400902,,
2,24,84,2,10,1,1044.35,,,,,,,,,,248401002,,
2,24,84,2,11,1,72.2506289308176,1,"01",7500,0,0,0,0,1,,248401102,,
2,24,84,2,14,1,72.2506289308176,,,,,,,,,,248401402,,
2,24,84,2,15,1,1044.35,,,,,,,,,,248401502,,
2,24,84,2,16,1,1044.35,1,"02",7500,0,1,,,,,248401602,,
2,24,84,2,17,1,1044.35,,,,,,,,,,248401702,,
2,24,84,2,18,1,1044.35,,,,,,,,,,248401802,,
2,24,84,2,19,1,1044.35,,,,,,,,,,248401902,,
2,24,84,2,20,1,1044.35,,,,,,,,,,248402002,,
2,24,85,1,1,1,176.1393,,,,,,,,,,248500102,,
2,24,85,1,2,1,176.1393,,,,,,,,,,248500202,,
2,24,85,1,3,1,176.1393,,,,,,,,,,248500302,,
2,24,85,1,4,1,176.1393,,,,,,,,,,248500402,,
2,24,85,1,5,1,176.1393,,,,,,,,,,248500502,,
2,24,85,1,6,1,176.1393,,,,,,,,,,248500602,,
2,24,85,1,7,1,176.1393,,,,,,,,,,248500702,,
2,24,85,1,8,1,176.1393,,,,,,,,,,248500802,,
2,24,85,1,9,1,176.1393,,,,,,,,,,248500902,,
2,24,85,1,10,1,176.1393,,,,,,,,,,248501002,,
2,24,85,1,11,1,176.1393,,,,,,,,,,248501102,,
2,24,85,1,12,1,176.1393,,,,,,,,,,248501202,,
2,24,85,1,13,1,176.1393,,,,,,,,,,248501302,,
2,24,85,1,14,1,176.1393,,,,,,,,,,248501402,,
2,24,85,1,15,1,176.1393,,,,,,,,,,248501502,,
2,24,85,1,16,1,176.1393,,,,,,,,,,248501602,,
2,24,85,1,17,1,176.1393,,,,,,,,,,248501702,,
2,24,85,1,18,1,176.1393,,,,,,,,,,248501802,,
2,24,86,1,1,1,27.0131744680851,,,,,,,,,,248600102,,
2,24,86,1,2,1,27.0131744680851,,,,,,,,,,248600202,,
2,24,86,1,3,1,105.8016,,,,,,,,,,248600302,,
2,24,86,1,4,1,105.8016,,,,,,,,,,248600402,,
2,24,86,1,5,1,105.8016,,,,,,,,,,248600502,,
2,24,86,1,6,1,105.8016,,,,,,,,,,248600602,,
2,24,86,1,7,1,105.8016,,,,,,,,,,248600702,,
2,24,86,1,8,1,105.8016,,,,,,,,,,248600802,,
2,24,86,1,9,1,105.8016,,,,,,,,,,248600902,,
2,24,86,1,10,1,105.8016,,,,,,,,,,248601002,,
2,24,86,1,12,1,105.8016,,,,,,,,,,248601202,,
2,24,86,1,13,1,105.8016,,,,,,,,,,248601302,,
2,24,86,1,14,1,105.8016,,,,,,,,,,248601402,,
2,24,86,1,15,1,105.8016,,,,,,,,,,248601502,,
2,24,86,1,16,1,105.8016,,,,,,,,,,248601602,,
2,24,86,1,17,1,105.8016,,,,,,,,,,248601702,,
2,24,86,1,18,1,105.8016,,,,,,,,,,248601802,,
2,24,86,1,19,1,105.8016,2,"02",16000,1,,,,,,248601902,,
2,24,87,2,1,1,1630.48,1,"01",7500,1,,,,,,248700102,,
2,24,87,2,2,1,1630.48,1,"02",7500,0,1,,,,,248700202,,
2,24,87,2,3,1,1630.48,1,"01",2500,1,,,,,,248700302,,
2,24,87,2,4,1,1630.48,1,"01",2500,0,0,1,,,,248700402,,
2,24,87,2,5,1,1630.48,1,"01",7500,0,0,0,0,1,,248700502,,
2,24,87,2,6,1,1630.48,1,"02",2500,1,,,,,,248700602,,
2,24,87,2,7,1,1630.48,1,"01",7500,0,0,1,,,,248700702,,
2,24,87,2,8,1,1630.48,1,"01",7500,0,0,1,,,,248700802,,
2,24,87,2,9,1,1630.48,1,"01",2500,1,,,,,,248700902,,
2,24,87,2,10,1,1630.48,1,"01",2500,0,0,0,0,1,,248701002,,
2,24,87,2,11,1,1630.48,1,"02",7500,1,,,,,,248701102,,
2,24,87,2,12,1,1630.48,1,"01",7500,1,,,,,,248701202,,
2,24,87,2,13,1,1630.48,1,"02",2500,0,0,1,,,,248701302,,
2,24,87,2,14,1,1630.48,1,"01",7500,0,1,,,,,248701402,,
2,24,87,2,15,1,1630.48,1,"02",7500,0,0,1,,,,248701502,,
2,24,87,2,16,1,1630.48,1,"01",2500,1,,,,,,248701602,,
2,24,87,2,17,1,1630.48,,,,,,,,,,248701702,,
2,24,87,2,18,1,1630.48,1,"02",7500,1,,,,,,248701802,,
2,24,88,1,1,1,254.1424,,,,,,,,,,248800102,,
2,24,88,1,2,1,254.1424,,,,,,,,,,248800202,,
2,24,88,1,3,1,254.1424,,,,,,,,,,248800302,,
2,24,88,1,4,1,30.3453611940299,2,"01",16000,0,888,1,,,,248800402,,
2,24,88,1,5,1,254.1424,,,,,,,,,,248800502,,
2,24,88,2,6,1,30.3453611940299,,,,,,,,,,248800602,,
2,24,88,1,7,1,254.1424,,,,,,,,,,248800702,,
2,24,88,1,8,1,254.1424,,,,,,,,,,248800802,,
2,24,88,1,9,1,254.1424,,,,,,,,,,248800902,,
2,24,88,1,10,1,254.1424,,,,,,,,,,248801002,,
2,24,88,1,11,1,254.1424,,,,,,,,,,248801102,,
2,24,88,1,12,1,254.1424,,,,,,,,,,248801202,,
2,24,88,1,13,1,254.1424,,,,,,,,,,248801302,,
2,24,88,1,15,1,254.1424,,,,,,,,,,248801502,,
2,24,88,1,16,1,254.1424,,,,,,,,,,248801602,,
2,24,88,1,17,1,254.1424,2,"02",21000,1,,,,,,248801702,,
2,24,88,1,18,1,254.1424,,,,,,,,,,248801802,,
2,24,88,1,19,1,254.1424,,,,,,,,,,248801902,,
2,24,89,1,1,1,256.0451,,,,,,,,,,248900102,,
2,24,89,1,2,1,34.7647441810345,1,"01",2500,0,1,,,,,248900202,,
2,24,89,1,3,1,256.0451,,,,,,,,,,248900302,,
2,24,89,1,4,1,256.0451,,,,,,,,,,248900402,,
2,24,89,1,5,1,256.0451,,,,,,,,,,248900502,,
2,24,89,1,6,1,256.0451,,,,,,,,,,248900602,,
2,24,89,1,7,1,34.7647441810345,1,"01",8200,1,,,,,,248900702,,
2,24,89,1,8,1,256.0451,,,,,,,,,,248900802,,
2,24,89,1,9,1,256.0451,,,,,,,,,,248900902,,
2,24,89,1,10,1,256.0451,,,,,,,,,,248901002,,
2,24,89,1,11,1,256.0451,,,,,,,,,,248901102,,
2,24,89,1,12,1,256.0451,,,,,,,,,,248901202,,
2,24,89,1,13,1,256.0451,,,,,,,,,,248901302,,
2,24,89,1,14,1,256.0451,,,,,,,,,,248901402,,
2,24,89,1,15,1,34.7647441810345,1,"03",24600,0,0,0,0,1,,248901502,,
2,24,89,1,16,1,256.0451,,,,,,,,,,248901602,,
2,24,89,1,17,1,34.7647441810345,,,,,,,,,,248901702,,
2,24,89,1,18,1,256.0451,,,,,,,,,,248901802,,
2,25,90,2,1,1,2393.83153777778,,,,,,,,,,259000102,,
2,25,90,2,2,1,2393.83153777778,1,"01",7500,0,0,0,1,,,259000202,,
2,25,90,2,3,1,2393.83153777778,,,,,,,,,,259000302,,
2,25,90,2,4,1,2393.83153777778,1,"02",7500,0,0,0,1,,,259000402,,
2,25,90,2,5,1,2393.83153777778,1,"01",7500,0,0,1,,,,259000502,,
2,25,90,2,6,1,2393.83153777778,1,"01",2500,0,0,0,0,1,,259000602,,
2,25,90,2,7,1,2393.83153777778,,,,,,,,,,259000702,,
2,25,90,2,8,1,420.7907,1,"01",2500,1,,,,,,259000802,,
2,25,90,2,9,1,2393.83153777778,1,"01",2500,1,,,,,,259000902,,
2,25,90,2,10,1,420.7907,1,"02",7500,0,0,0,0,2,,259001002,,
2,25,90,2,11,1,420.7907,1,"02",7500,1,,,,,,259001102,,
2,25,90,2,12,1,420.7907,1,"01",2500,0,0,0,0,1,,259001202,,
2,25,90,2,13,1,2393.83153777778,1,"01",7500,0,0,1,,,,259001302,,
2,25,90,2,14,1,420.7907,,,,,,,,,,259001402,,
2,25,90,2,15,1,420.7907,,,,,,,,,,259001502,,
2,25,90,2,16,1,2393.83153777778,,,,,,,,,,259001602,,
2,25,90,2,17,1,420.7907,,,,,,,,,,259001702,,
2,25,90,2,18,1,420.7907,,,,,,,,,,259001802,,
2,25,91,2,1,3,85.1704951111111,1,"02",7500,0,0,0,0,1,,259100102,,
2,25,91,2,2,3,85.1704951111111,1,"01",7500,0,0,0,0,1,,259100202,,
2,25,91,2,3,3,85.1704951111111,1,"02",7500,0,0,0,0,1,,259100302,,
2,25,91,2,4,3,85.1704951111111,1,"01",2500,0,0,0,0,1,,259100402,,
2,25,91,2,5,3,85.1704951111111,1,"02",2500,0,0,0,0,1,,259100502,,
2,25,91,2,6,3,85.1704951111111,,,,,,,,,,259100602,,
2,25,91,2,7,3,85.1704951111111,1,"01",2500,0,0,0,0,1,,259100702,,
2,25,91,2,8,3,85.1704951111111,1,"01",2500,0,0,0,0,2,,259100802,,
2,25,91,2,9,3,85.1704951111111,1,"02",2500,0,1,,,,,259100902,,
2,25,91,2,10,3,39.37677,1,"01",2500,1,,,,,,259101002,,
2,25,91,2,11,3,39.37677,,,,,,,,,,259101102,,
2,25,91,2,12,3,85.1704951111111,1,"01",7500,1,,,,,,259101202,,
2,25,91,2,13,3,39.37677,1,"02",7500,1,,,,,,259101302,,
2,25,91,2,14,3,39.37677,1,"01",2500,1,,,,,,259101402,,
2,25,91,2,15,3,39.37677,1,"01",2500,0,1,,,,,259101502,,
2,25,91,2,16,3,39.37677,1,"02",7500,0,0,1,,,,259101602,,
2,25,91,2,17,3,39.37677,,,,,,,,,,259101702,,
2,25,91,2,18,3,39.37677,,,,,,,,,,259101802,,
2,25,92,1,1,1,920.8033,,,,,,,,,,259200102,,
2,25,92,1,2,1,31.0267890002785,2,"01",21000,0,0,1,,,,259200202,,
2,25,92,1,3,1,31.0267890002785,,,,,,,,,,259200302,,
2,25,92,1,4,1,31.0267890002785,2,"01",45100,1,,,,,,259200402,,
2,25,92,1,5,1,31.0267890002785,1,"02",2500,1,,,,,,259200502,,
2,25,92,1,6,1,31.0267890002785,1,"02",2500,1,,,,,,259200602,,
2,25,92,1,7,1,31.0267890002785,2,"01",8200,0,1,,,,,259200702,,
2,25,92,1,8,1,920.8033,,,,,,,,,,259200802,,
2,25,92,1,9,1,920.8033,,,,,,,,,,259200902,,
2,25,92,1,10,1,920.8033,,,,,,,,,,259201002,,
2,25,92,1,11,1,920.8033,2,"02",16000,1,,,,,,259201102,,
2,25,92,1,12,1,920.8033,,,,,,,,,,259201202,,
2,25,92,1,13,1,920.8033,,,,,,,,,,259201302,,
2,25,92,1,14,1,920.8033,,,,,,,,,,259201402,,
2,25,92,1,15,1,920.8033,1,"01",7500,1,,,,,,259201502,,
2,25,92,1,16,1,920.8033,,,,,,,,,,259201602,,
2,25,92,1,17,1,31.0267890002785,1,"01",7500,0,0,0,0,1,,259201702,,
2,25,92,1,18,1,920.8033,,,,,,,,,,259201802,,
2,25,93,2,1,3,81.83583,1,"01",7500,0,0,1,,,,259300102,,
2,25,93,2,2,3,81.83583,1,"02",2500,0,1,,,,,259300202,,
2,25,93,2,3,3,60.3000852631579,1,"01",2500,0,0,0,1,,,259300302,,
2,25,93,2,4,3,81.83583,1,"01",2500,1,,,,,,259300402,,
2,25,93,2,5,3,81.83583,1,"01",7500,0,0,0,0,1,,259300502,,
2,25,93,2,6,3,81.83583,1,"01",7500,0,1,,,,,259300602,,
2,25,93,2,7,3,60.3000852631579,,,,,,,,,,259300702,,
2,25,93,2,8,3,81.83583,1,"01",7500,0,1,,,,,259300802,,
2,25,93,2,9,3,81.83583,1,"02",7500,0,0,0,1,,,259300902,,
2,25,93,2,10,3,60.3000852631579,1,"02",7500,0,0,1,,,,259301002,,
2,25,93,2,11,3,81.83583,1,"01",2500,1,,,,,,259301102,,
2,25,93,2,12,3,81.83583,1,"01",7500,1,,,,,,259301202,,
2,25,93,2,13,3,81.83583,1,"01",7500,0,0,0,1,,,259301302,,
2,25,93,2,14,3,81.83583,1,"01",2500,1,,,,,,259301402,,
2,25,93,2,15,3,81.83583,1,"02",7500,1,,,,,,259301502,,
2,25,93,2,16,3,60.3000852631579,1,"02",2500,1,,,,,,259301602,,
2,25,93,2,17,3,81.83583,1,"01",7500,1,,,,,,259301702,,
2,25,93,2,18,3,81.83583,1,"01",2500,1,,,,,,259301802,,
2,25,94,2,1,3,84.76505,1,"01",2500,0,0,1,,,,259400102,,
2,25,94,2,2,3,84.76505,1,"01",7500,0,0,1,,,,259400202,,
2,25,94,2,3,3,84.76505,1,"02",7500,1,,,,,,259400302,,
2,25,94,2,4,3,84.76505,1,"02",7500,1,,,,,,259400402,,
2,25,94,2,6,3,84.76505,1,"01",2500,0,0,0,0,1,,259400602,,
2,25,94,2,7,3,84.76505,1,"01",2500,1,,,,,,259400702,,
2,25,94,2,8,3,84.76505,1,"02",7500,1,,,,,,259400802,,
2,25,94,2,9,3,84.76505,1,"01",7500,1,,,,,,259400902,,
2,25,94,2,10,3,84.76505,1,"01",7500,0,1,,,,,259401002,,
2,25,94,2,11,3,84.76505,1,"02",7500,1,,,,,,259401102,,
2,25,94,2,12,3,84.76505,1,"02",2500,1,,,,,,259401202,,
2,25,94,2,13,3,84.76505,1,"01",2500,0,0,1,,,,259401302,,
2,25,94,2,14,3,84.76505,1,"02",2500,1,,,,,,259401402,,
2,25,94,2,15,3,84.76505,,,,,,,,,,259401502,,
2,25,94,2,16,3,84.76505,1,"02",2500,0,1,,,,,259401602,,
2,25,94,2,17,3,84.76505,1,"02",2500,1,,,,,,259401702,,
2,25,94,2,18,3,84.76505,1,"02",7500,0,0,1,,,,259401802,,
2,25,94,2,19,3,84.76505,1,"01",7500,0,1,,,,,259401902,,
2,25,95,2,1,3,64.8652657239057,1,"01",2500,0,0,1,,,,259500102,,
2,25,95,2,3,3,64.8652657239057,1,"01",7500,0,0,1,,,,259500302,,
2,25,95,2,4,3,64.8652657239057,1,"01",7500,0,0,1,,,,259500402,,
2,25,95,2,5,3,64.8652657239057,1,"03",2500,1,,,,,,259500502,,
2,25,95,2,6,3,64.8652657239057,1,"01",7500,1,,,,,,259500602,,
2,25,95,2,7,3,66.31664,,,,,,,,,,259500702,,
2,25,95,2,8,3,64.8652657239057,1,"02",7500,0,1,,,,,259500802,,
2,25,95,2,9,3,64.8652657239057,1,"02",2500,1,,,,,,259500902,,
2,25,95,2,10,3,64.8652657239057,1,"02",2500,1,,,,,,259501002,,
2,25,95,2,11,3,66.31664,,,,,,,,,,259501102,,
2,25,95,2,12,3,64.8652657239057,1,"02",7500,1,,,,,,259501202,,
2,25,95,2,13,3,66.31664,1,"02",2500,0,1,,,,,259501302,,
2,25,95,2,14,3,66.31664,1,"01",7500,0,0,1,,,,259501402,,
2,25,95,2,15,3,66.31664,,,,,,,,,,259501502,,
2,25,95,2,16,3,66.31664,1,"01",7500,0,1,,,,,259501602,,
2,25,95,2,17,3,66.31664,1,"01",7500,1,,,,,,259501702,,
2,25,95,2,18,3,64.8652657239057,1,"01",2500,0,1,,,,,259501802,,
2,25,95,2,21,3,64.8652657239057,1,"02",7500,0,0,1,,,,259502102,,
2,25,96,2,1,3,160.396731614907,1,"01",2500,0,0,1,,,,259600102,,
2,25,96,2,2,3,11.79711,,,,,,,,,,259600202,,
2,25,96,2,3,3,160.396731614907,1,"02",7500,1,,,,,,259600302,,
2,25,96,2,4,3,11.79711,,,,,,,,,,259600402,,
2,25,96,2,5,3,160.396731614907,1,"02",7500,1,,,,,,259600502,,
2,25,96,2,6,3,160.396731614907,1,"01",2500,1,,,,,,259600602,,
2,25,96,2,7,3,160.396731614907,1,"01",7500,0,0,1,,,,259600702,,
2,25,96,2,8,3,160.396731614907,1,"01",2500,1,,,,,,259600802,,
2,25,96,2,9,3,160.396731614907,,,,,,,,,,259600902,,
2,25,96,2,10,3,11.79711,1,"01",2500,1,,,,,,259601002,,
2,25,96,2,11,3,11.79711,1,"01",7500,1,,,,,,259601102,,
2,25,96,2,12,3,11.79711,,,,,,,,,,259601202,,
2,25,96,2,13,3,11.79711,,,,,,,,,,259601302,,
2,25,96,2,14,3,11.79711,,,,,,,,,,259601402,,
2,25,96,2,15,3,11.79711,1,"01",7500,1,,,,,,259601502,,
2,25,96,2,16,3,11.79711,,,,,,,,,,259601602,,
2,25,96,2,17,3,11.79711,,,,,,,,,,259601702,,
2,25,96,2,18,3,11.79711,,,,,,,,,,259601802,,
2,25,97,2,1,3,66.53046,1,"01",2500,0,0,0,0,1,,259700102,,
2,25,97,2,2,3,66.53046,1,"02",2500,1,,,,,,259700202,,
2,25,97,2,3,3,66.53046,1,"01",2500,0,0,1,,,,259700302,,
2,25,97,2,4,3,66.53046,1,"01",7500,0,1,,,,,259700402,,
2,25,97,2,5,3,66.53046,1,"02",7500,1,,,,,,259700502,,
2,25,97,2,6,3,66.53046,1,"01",2500,0,0,1,,,,259700602,,
2,25,97,2,7,3,66.53046,1,"01",2500,1,,,,,,259700702,,
2,25,97,2,8,3,66.53046,,,,,,,,,,259700802,,
2,25,97,2,9,3,66.53046,1,"02",2500,0,0,0,0,1,,259700902,,
2,25,97,2,10,3,66.53046,1,"01",7500,0,0,1,,,,259701002,,
2,25,97,2,11,3,66.53046,,,,,,,,,,259701102,,
2,25,97,2,12,3,66.53046,1,"02",7500,0,1,,,,,259701202,,
2,25,97,2,13,3,66.53046,,,,,,,,,,259701302,,
2,25,97,2,14,3,66.53046,,,,,,,,,,259701402,,
2,25,97,2,15,3,66.53046,,,,,,,,,,259701502,,
2,25,97,2,16,3,66.53046,,,,,,,,,,259701602,,
2,25,97,2,17,3,66.53046,1,"02",7500,0,0,1,,,,259701702,,
2,25,97,2,18,3,66.53046,,,,,,,,,,259701802,,
2,25,98,2,1,3,35.5647948387097,1,"02",2500,1,,,,,,259800102,,
2,25,98,2,2,3,35.5647948387097,1,"02",2500,0,1,,,,,259800202,,
2,25,98,2,3,3,35.5647948387097,1,"01",7500,0,0,1,,,,259800302,,
2,25,98,2,4,3,35.5647948387097,1,"01",2500,1,,,,,,259800402,,
2,25,98,2,5,3,35.5647948387097,1,"02",7500,0,1,,,,,259800502,,
2,25,98,2,6,3,35.5647948387097,1,"02",7500,0,0,0,0,1,,259800602,,
2,25,98,2,7,3,35.5647948387097,1,"01",7500,1,,,,,,259800702,,
2,25,98,2,8,3,35.5647948387097,1,"01",7500,0,0,0,0,1,,259800802,,
2,25,98,2,9,3,35.5647948387097,1,"01",2500,0,0,1,,,,259800902,,
2,25,98,2,10,3,91.87572,1,"02",2500,0,0,0,0,1,,259801002,,
2,25,98,2,11,3,91.87572,1,"02",7500,0,1,,,,,259801102,,
2,25,98,2,12,3,91.87572,1,"01",7500,1,,,,,,259801202,,
2,25,98,2,13,3,91.87572,,,,,,,,,,259801302,,
2,25,98,2,14,3,35.5647948387097,1,"03",7500,0,0,0,1,,,259801402,,
2,25,98,2,15,3,91.87572,1,"01",7500,0,1,,,,,259801502,,
2,25,98,2,16,3,91.87572,1,"01",2500,1,,,,,,259801602,,
2,25,98,2,17,3,91.87572,1,"01",7500,0,1,,,,,259801702,,
2,25,98,2,18,3,91.87572,1,"02",2500,1,,,,,,259801802,,
2,25,99,2,1,1,950.1539,1,"01",2500,0,1,,,,,259900102,,
2,25,99,2,2,1,950.1539,1,"01",2500,0,0,0,1,,,259900202,,
2,25,99,2,3,1,950.1539,1,"02",2500,1,,,,,,259900302,,
2,25,99,2,4,1,950.1539,1,"02",2500,1,,,,,,259900402,,
2,25,99,2,5,1,950.1539,1,"01",2500,1,,,,,,259900502,,
2,25,99,2,6,1,950.1539,1,"01",7500,0,0,1,,,,259900602,,
2,25,99,2,7,1,950.1539,1,"01",7500,0,1,,,,,259900702,,
2,25,99,2,8,1,950.1539,1,"01",2500,0,1,,,,,259900802,,
2,25,99,2,9,1,950.1539,1,"02",7500,0,1,,,,,259900902,,
2,25,99,2,10,1,950.1539,1,"01",7500,0,0,0,0,1,,259901002,,
2,25,99,2,11,1,950.1539,1,"01",7500,0,0,1,,,,259901102,,
2,25,99,2,12,1,950.1539,,,,,,,,,,259901202,,
2,25,99,2,13,1,950.1539,,,,,,,,,,259901302,,
2,25,99,2,14,1,950.1539,1,"01",2500,0,0,0,1,,,259901402,,
2,25,99,2,15,1,950.1539,1,"01",7500,0,0,1,,,,259901502,,
2,25,99,2,16,1,950.1539,1,"01",2500,0,1,,,,,259901602,,
2,25,99,2,17,1,950.1539,1,"02",7500,0,0,1,,,,259901702,,
2,25,99,2,18,1,950.1539,1,"01",7500,0,0,0,0,1,,259901802,,
2,25,100,2,1,1,1790.81928947368,1,"01",7500,1,,,,,,260000102,,
2,25,100,2,4,1,1790.81928947368,1,"01",2500,1,,,,,,260000402,,
2,25,100,2,5,1,1790.81928947368,1,"02",2500,0,1,,,,,260000502,,
2,25,100,2,6,1,1790.81928947368,1,"01",7500,0,0,1,,,,260000602,,
2,25,100,2,7,1,1790.81928947368,1,"01",2500,0,1,,,,,260000702,,
2,25,100,2,8,1,1790.81928947368,1,"01",7500,0,0,1,,,,260000802,,
2,25,100,2,9,1,1790.81928947368,1,"02",7500,1,,,,,,260000902,,
2,25,100,2,10,1,756.1237,1,"01",7500,0,0,0,1,,,260001002,,
2,25,100,2,11,1,756.1237,1,"01",2500,0,1,,,,,260001102,,
2,25,100,2,12,1,756.1237,1,"01",7500,0,0,1,,,,260001202,,
2,25,100,2,13,1,756.1237,1,"01",7500,0,1,,,,,260001302,,
2,25,100,2,14,1,756.1237,,,,,,,,,,260001402,,
2,25,100,2,15,1,756.1237,1,"02",7500,0,0,1,,,,260001502,,
2,25,100,2,16,1,756.1237,1,"01",7500,0,1,,,,,260001602,,
2,25,100,2,17,1,756.1237,1,"01",7500,1,,,,,,260001702,,
2,25,100,2,18,1,756.1237,1,"01",2500,0,1,,,,,260001802,,
2,25,100,2,19,1,1790.81928947368,1,"01",7500,0,0,1,,,,260001902,,
2,25,100,2,22,1,1790.81928947368,,,,,,,,,,260002202,,
2,25,101,2,1,3,75.79504,1,"02",7500,0,1,,,,,260100102,,
2,25,101,2,2,3,75.79504,1,"01",2500,1,,,,,,260100202,,
2,25,101,2,3,3,75.79504,1,"01",2500,1,,,,,,260100302,,
2,25,101,2,4,3,75.79504,1,"01",7500,1,,,,,,260100402,,
2,25,101,2,5,3,75.79504,1,"01",7500,0,0,0,1,,,260100502,,
2,25,101,2,6,3,75.79504,1,"02",7500,0,0,1,,,,260100602,,
2,25,101,2,8,3,75.79504,1,"02",7500,1,,,,,,260100802,,
2,25,101,2,9,3,75.79504,1,"01",7500,1,,,,,,260100902,,
2,25,101,2,10,3,75.79504,1,"01",2500,0,0,0,0,1,,260101002,,
2,25,101,2,11,3,75.79504,1,"01",2500,0,0,1,,,,260101102,,
2,25,101,2,12,3,75.79504,1,"01",2500,0,0,1,,,,260101202,,
2,25,101,2,13,3,75.79504,1,"01",7500,0,0,1,,,,260101302,,
2,25,101,2,14,3,75.79504,1,"01",7500,0,0,1,,,,260101402,,
2,25,101,2,15,3,75.79504,1,"02",7500,0,1,,,,,260101502,,
2,25,101,2,16,3,75.79504,1,"02",7500,0,0,0,1,,,260101602,,
2,25,101,2,17,3,75.79504,1,"02",7500,0,0,1,,,,260101702,,
2,25,101,2,18,3,75.79504,1,"01",2500,0,1,,,,,260101802,,
2,25,101,2,20,3,75.79504,1,"01",2500,0,1,,,,,260102002,,
2,25,102,1,1,3,58.1195744863014,1,"01",8200,0,0,1,,,,260200102,,
2,25,102,1,3,3,58.1195744863014,1,"01",2500,0,0,1,,,,260200302,,
2,25,102,1,4,3,101.3189,2,"01",45100,0,0,1,,,,260200402,,
2,25,102,1,5,3,101.3189,2,"02",8200,1,,,,,,260200502,,
2,25,102,1,6,3,58.1195744863014,1,"02",7500,0,0,1,,,,260200602,,
2,25,102,1,7,3,58.1195744863014,2,"02",16000,1,,,,,,260200702,,
2,25,102,1,8,3,58.1195744863014,1,"02",7500,1,,,,,,260200802,,
2,25,102,1,9,3,58.1195744863014,2,"02",21000,1,,,,,,260200902,,
2,25,102,1,10,3,101.3189,,,,,,,,,,260201002,,
2,25,102,1,11,3,101.3189,,,,,,,,,,260201102,,
2,25,102,1,13,3,101.3189,,,,,,,,,,260201302,,
2,25,102,1,14,3,101.3189,,,,,,,,,,260201402,,
2,25,102,1,15,3,101.3189,,,,,,,,,,260201502,,
2,25,102,1,16,3,101.3189,,,,,,,,,,260201602,,
2,25,102,1,17,3,101.3189,,,,,,,,,,260201702,,
2,25,102,1,18,3,58.1195744863014,,,,,,,,,,260201802,,
2,25,102,1,19,3,58.1195744863014,1,"01",2500,0,1,,,,,260201902,,
2,25,102,1,21,3,101.3189,,,,,,,,,,260202102,,
2,25,103,2,1,3,17.2765870588235,1,"02",7500,1,,,,,,260300102,,
2,25,103,2,2,3,17.2765870588235,1,"01",2500,0,0,0,1,,,260300202,,
2,25,103,2,3,3,17.2765870588235,1,"02",7500,0,0,1,,,,260300302,,
2,25,103,2,4,3,17.2765870588235,1,"01",7500,0,0,0,0,1,,260300402,,
2,25,103,2,5,3,17.2765870588235,1,"01",2500,1,,,,,,260300502,,
2,25,103,2,6,3,17.2765870588235,1,"02",2500,1,,,,,,260300602,,
2,25,103,2,7,3,17.2765870588235,1,"01",2500,0,0,0,0,1,,260300702,,
2,25,103,2,8,3,17.2765870588235,1,"02",2500,0,1,,,,,260300802,,
2,25,103,2,9,3,17.2765870588235,1,"02",2500,1,,,,,,260300902,,
2,25,103,2,10,3,133.5009,1,"02",2500,1,,,,,,260301002,,
2,25,103,2,12,3,133.5009,1,"02",7500,0,0,1,,,,260301202,,
2,25,103,2,13,3,133.5009,1,"02",7500,0,0,0,1,,,260301302,,
2,25,103,2,14,3,133.5009,,,,,,,,,,260301402,,
2,25,103,2,15,3,133.5009,1,"02",7500,0,1,,,,,260301502,,
2,25,103,2,16,3,133.5009,1,"02",2500,0,0,1,,,,260301602,,
2,25,103,2,17,3,133.5009,1,"01",7500,0,1,,,,,260301702,,
2,25,103,2,18,3,133.5009,,,,,,,,,,260301802,,
2,25,103,2,21,3,133.5009,,,,,,,,,,260302102,,
2,25,104,2,2,3,119.484141333333,1,"02",2500,0,1,,,,,260400202,,
2,25,104,2,3,3,119.484141333333,1,"02",7500,0,0,0,1,,,260400302,,
2,25,104,2,4,3,119.484141333333,1,"01",7500,0,0,1,,,,260400402,,
2,25,104,2,5,3,119.484141333333,1,"01",2500,0,0,0,0,1,,260400502,,
2,25,104,2,6,3,119.484141333333,1,"02",2500,0,0,0,0,1,,260400602,,
2,25,104,2,7,3,119.484141333333,,,,,,,,,,260400702,,
2,25,104,2,8,3,119.484141333333,1,"01",2500,0,1,,,,,260400802,,
2,25,104,2,9,3,119.484141333333,1,"01",7500,1,,,,,,260400902,,
2,25,104,2,10,3,38.96222,1,"02",7500,0,1,,,,,260401002,,
2,25,104,2,11,3,38.96222,1,"01",7500,0,0,0,1,,,260401102,,
2,25,104,2,12,3,38.96222,1,"02",2500,1,,,,,,260401202,,
2,25,104,2,13,3,38.96222,1,"01",2500,0,0,1,,,,260401302,,
2,25,104,2,14,3,38.96222,,,,,,,,,,260401402,,
2,25,104,2,15,3,38.96222,1,"02",2500,1,,,,,,260401502,,
2,25,104,2,16,3,38.96222,1,"02",7500,1,,,,,,260401602,,
2,25,104,2,17,3,38.96222,,,,,,,,,,260401702,,
2,25,104,2,18,3,38.96222,1,"01",7500,0,1,,,,,260401802,,
2,25,104,2,20,3,119.484141333333,1,"02",7500,1,,,,,,260402002,,
2,25,105,2,1,3,68.69241,1,"02",2500,0,0,1,,,,260500102,,
2,25,105,2,2,3,68.69241,1,"01",2500,0,0,1,,,,260500202,,
2,25,105,2,3,3,68.69241,1,"02",7500,0,1,,,,,260500302,,
2,25,105,2,4,3,68.69241,1,"03",7500,0,0,0,0,1,,260500402,,
2,25,105,2,5,3,68.69241,1,"02",7500,0,0,0,1,,,260500502,,
2,25,105,2,6,3,68.69241,1,"01",7500,0,0,0,1,,,260500602,,
2,25,105,2,7,3,68.69241,1,"02",7500,1,,,,,,260500702,,
2,25,105,2,8,3,68.69241,1,"01",2500,0,0,1,,,,260500802,,
2,25,105,2,9,3,68.69241,1,"02",2500,0,0,1,,,,260500902,,
2,25,105,2,10,3,68.69241,1,"01",2500,0,1,,,,,260501002,,
2,25,105,2,11,3,68.69241,1,"02",7500,0,0,1,,,,260501102,,
2,25,105,2,12,3,68.69241,1,"02",7500,0,0,1,,,,260501202,,
2,25,105,2,13,3,68.69241,1,"02",7500,0,1,,,,,260501302,,
2,25,105,2,14,3,68.69241,1,"02",7500,0,1,,,,,260501402,,
2,25,105,2,15,3,68.69241,1,"01",2500,1,,,,,,260501502,,
2,25,105,2,16,3,68.69241,1,"02",7500,0,0,0,1,,,260501602,,
2,25,105,2,17,3,68.69241,1,"02",2500,0,1,,,,,260501702,,
2,25,105,2,18,3,68.69241,1,"02",7500,1,,,,,,260501802,,
2,25,106,2,1,2,,,,,,,,,,,260600102,1,21.6071434020996
2,25,106,2,2,2,,,,,,,,,,,260600202,1,21.6071434020996
2,25,106,2,3,2,,,,,,,,,,,260600302,1,21.6071434020996
2,25,106,2,4,2,,,,,,,,,,,260600402,1,21.6071434020996
2,25,106,2,5,2,,,,,,,,,,,260600502,1,21.6071434020996
2,25,106,2,6,2,,,,,,,,,,,260600602,1,21.6071434020996
2,25,106,2,7,2,,,,,,,,,,,260600702,1,21.6071434020996
2,25,106,2,8,2,,,,,,,,,,,260600802,1,21.6071434020996
2,25,106,2,9,2,,,,,,,,,,,260600902,1,21.6071434020996
2,25,106,2,10,2,,,,,,,,,,,260601002,1,21.6071434020996
2,25,106,2,11,2,,,,,,,,,,,260601102,1,21.6071434020996
2,25,106,2,12,2,,1,"01",7500,0,0,1,,,,260601202,1,21.6071434020996
2,25,106,2,13,2,,,,,,,,,,,260601302,1,21.6071434020996
2,25,106,2,14,2,,,,,,,,,,,260601402,1,21.6071434020996
2,25,106,2,15,2,,,,,,,,,,,260601502,1,21.6071434020996
2,25,106,2,16,2,,,,,,,,,,,260601602,1,21.6071434020996
2,25,106,2,17,2,,,,,,,,,,,260601702,1,21.6071434020996
2,25,106,2,18,2,,,,,,,,,,,260601802,1,21.6071434020996
2,25,107,2,1,2,,,,,,,,,,,260700102,1,21.6071434020996
2,25,107,2,2,2,,,,,,,,,,,260700202,1,21.6071434020996
2,25,107,2,3,2,,1,"01",2500,0,0,1,,,,260700302,1,21.6071434020996
2,25,107,2,4,2,,,,,,,,,,,260700402,1,21.6071434020996
2,25,107,2,5,2,,,,,,,,,,,260700502,1,21.6071434020996
2,25,107,2,6,2,,1,"01",7500,0,0,1,,,,260700602,1,21.6071434020996
2,25,107,2,7,2,,1,"01",2500,0,0,1,,,,260700702,1,21.6071434020996
2,25,107,2,8,2,,1,"01",2500,0,0,1,,,,260700802,1,21.6071434020996
2,25,107,2,9,2,,,,,,,,,,,260700902,1,21.6071434020996
2,25,107,2,10,2,,1,"01",2500,0,0,1,,,,260701002,1,21.6071434020996
2,25,107,2,11,2,,1,"01",7500,0,0,1,,,,260701102,1,21.6071434020996
2,25,107,2,12,2,,1,"01",7500,0,0,1,,,,260701202,1,21.6071434020996
2,25,107,2,13,2,,1,"01",7500,0,0,1,,,,260701302,1,21.6071434020996
2,25,107,2,14,2,,1,"01",2500,0,0,1,,,,260701402,1,21.6071434020996
2,25,107,2,15,2,,1,"01",2500,0,0,1,,,,260701502,1,21.6071434020996
2,25,107,2,16,2,,1,"01",2500,0,0,1,,,,260701602,1,21.6071434020996
2,25,107,2,17,2,,1,"01",7500,0,0,1,,,,260701702,1,21.6071434020996
2,25,107,2,18,2,,1,"01",2500,0,0,1,,,,260701802,1,21.6071434020996
2,25,108,2,1,2,,1,"01",2500,0,0,1,,,,260800102,1,21.6071434020996
2,25,108,2,2,2,,1,"01",7500,0,0,1,,,,260800202,1,21.6071434020996
2,25,108,2,3,2,,1,"01",7500,0,0,1,,,,260800302,1,21.6071434020996
2,25,108,2,4,2,,1,"01",7500,0,0,1,,,,260800402,1,21.6071434020996
2,25,108,2,5,2,,1,"01",2500,0,0,1,,,,260800502,1,21.6071434020996
2,25,108,2,6,2,,1,"01",2500,0,0,1,,,,260800602,1,21.6071434020996
2,25,108,2,8,2,,1,"01",2500,0,0,1,,,,260800802,1,21.6071434020996
2,25,108,2,9,2,,1,"01",7500,0,0,1,,,,260800902,1,21.6071434020996
2,25,108,2,11,2,,,,,,,,,,,260801102,1,21.6071434020996
2,25,108,2,12,2,,,,,,,,,,,260801202,1,21.6071434020996
2,25,108,2,13,2,,,,,,,,,,,260801302,1,21.6071434020996
2,25,108,2,14,2,,,,,,,,,,,260801402,1,21.6071434020996
2,25,108,2,15,2,,,,,,,,,,,260801502,1,21.6071434020996
2,25,108,2,16,2,,,,,,,,,,,260801602,1,21.6071434020996
2,25,108,2,18,2,,,,,,,,,,,260801802,1,21.6071434020996
2,25,109,2,1,2,,,,,,,,,,,260900102,1,21.6071434020996
2,25,109,2,2,2,,1,"01",2500,0,0,1,,,,260900202,1,21.6071434020996
2,25,109,2,3,2,,,,,,,,,,,260900302,1,21.6071434020996
2,25,109,2,4,2,,,,,,,,,,,260900402,1,21.6071434020996
2,25,109,2,5,2,,,,,,,,,,,260900502,1,21.6071434020996
2,25,109,2,6,2,,,,,,,,,,,260900602,1,21.6071434020996
2,25,109,2,7,2,,,,,,,,,,,260900702,1,21.6071434020996
2,25,109,2,8,2,,,,,,,,,,,260900802,1,21.6071434020996
2,25,109,2,9,2,,,,,,,,,,,260900902,1,21.6071434020996
2,25,109,2,10,2,,2,"01",21000,0,0,1,,,,260901002,1,21.6071434020996
2,25,109,2,11,2,,2,"01",21000,0,0,1,,,,260901102,1,21.6071434020996
2,25,109,2,12,2,,1,"01",7500,0,0,1,,,,260901202,1,21.6071434020996
2,25,109,2,13,2,,2,"01",21000,0,0,0,1,,,260901302,1,21.6071434020996
2,25,109,2,14,2,,2,"01",21000,0,0,0,1,,,260901402,1,21.6071434020996
2,25,109,2,15,2,,2,"01",21000,0,0,0,0,1,,260901502,1,21.6071434020996
2,25,109,2,16,2,,,,,,,,,,,260901602,1,21.6071434020996
2,25,109,2,17,2,,2,"02",16000,0,0,1,,,,260901702,1,21.6071434020996
2,25,109,2,18,2,,2,"01",21000,1,,,,,,260901802,1,21.6071434020996
2,25,110,2,1,2,,,,,,,,,,,261000102,1,21.6071434020996
2,25,110,2,2,2,,,,,,,,,,,261000202,1,21.6071434020996
2,25,110,2,3,2,,,,,,,,,,,261000302,1,21.6071434020996
2,25,110,2,4,2,,,,,,,,,,,261000402,1,21.6071434020996
2,25,110,2,5,2,,,,,,,,,,,261000502,1,21.6071434020996
2,25,110,2,6,2,,,,,,,,,,,261000602,1,21.6071434020996
2,25,110,2,7,2,,,,,,,,,,,261000702,1,21.6071434020996
2,25,110,2,8,2,,1,"01",7500,0,0,0,0,1,,261000802,1,21.6071434020996
2,25,110,2,9,2,,,,,,,,,,,261000902,1,21.6071434020996
2,25,110,2,10,2,,1,"01",2500,0,0,1,,,,261001002,1,21.6071434020996
2,25,110,2,11,2,,,,,,,,,,,261001102,1,21.6071434020996
2,25,110,2,12,2,,,,,,,,,,,261001202,1,21.6071434020996
2,25,110,2,13,2,,,,,,,,,,,261001302,1,21.6071434020996
2,25,110,2,14,2,,,,,,,,,,,261001402,1,21.6071434020996
2,25,110,2,15,2,,,,,,,,,,,261001502,1,21.6071434020996
2,25,110,2,16,2,,1,"01",2500,0,0,1,,,,261001602,1,21.6071434020996
2,25,110,2,17,2,,1,"01",2500,0,0,1,,,,261001702,1,21.6071434020996
2,25,110,2,18,2,,,,,,,,,,,261001802,1,21.6071434020996
2,25,111,2,1,2,,,,,,,,,,,261100102,1,21.6071434020996
2,25,111,2,2,2,,,,,,,,,,,261100202,1,21.6071434020996
2,25,111,2,3,2,,1,"01",7500,0,0,1,,,,261100302,1,21.6071434020996
2,25,111,2,4,2,,,,,,,,,,,261100402,1,21.6071434020996
2,25,111,2,5,2,,,,,,,,,,,261100502,1,21.6071434020996
2,25,111,2,6,2,,,,,,,,,,,261100602,1,21.6071434020996
2,25,111,2,7,2,,1,"01",2500,0,0,1,,,,261100702,1,21.6071434020996
2,25,111,2,8,2,,,,,,,,,,,261100802,1,21.6071434020996
2,25,111,2,9,2,,,,,,,,,,,261100902,1,21.6071434020996
2,25,111,2,10,2,,,,,,,,,,,261101002,1,21.6071434020996
2,25,111,2,11,2,,,,,,,,,,,261101102,1,21.6071434020996
2,25,111,2,12,2,,,,,,,,,,,261101202,1,21.6071434020996
2,25,111,2,13,2,,,,,,,,,,,261101302,1,21.6071434020996
2,25,111,2,14,2,,,,,,,,,,,261101402,1,21.6071434020996
2,25,111,2,15,2,,,,,,,,,,,261101502,1,21.6071434020996
2,25,111,2,16,2,,,,,,,,,,,261101602,1,21.6071434020996
2,25,111,2,17,2,,,,,,,,,,,261101702,1,21.6071434020996
2,25,111,2,18,2,,,,,,,,,,,261101802,1,21.6071434020996
2,25,112,2,1,2,,,,,,,,,,,261200102,1,21.6071434020996
2,25,112,2,2,2,,,,,,,,,,,261200202,1,21.6071434020996
2,25,112,2,3,2,,,,,,,,,,,261200302,1,21.6071434020996
2,25,112,2,4,2,,,,,,,,,,,261200402,1,21.6071434020996
2,25,112,2,5,2,,,,,,,,,,,261200502,1,21.6071434020996
2,25,112,2,6,2,,,,,,,,,,,261200602,1,21.6071434020996
2,25,112,2,7,2,,,,,,,,,,,261200702,1,21.6071434020996
2,25,112,2,8,2,,,,,,,,,,,261200802,1,21.6071434020996
2,25,112,2,9,2,,,,,,,,,,,261200902,1,21.6071434020996
2,25,112,2,11,2,,,,,,,,,,,261201102,1,21.6071434020996
2,25,112,2,12,2,,,,,,,,,,,261201202,1,21.6071434020996
2,25,112,2,13,2,,,,,,,,,,,261201302,1,21.6071434020996
2,25,112,2,14,2,,,,,,,,,,,261201402,1,21.6071434020996
2,25,112,2,15,2,,,,,,,,,,,261201502,1,21.6071434020996
2,25,112,2,16,2,,,,,,,,,,,261201602,1,21.6071434020996
2,25,112,2,17,2,,,,,,,,,,,261201702,1,21.6071434020996
2,25,112,2,18,2,,,,,,,,,,,261201802,1,21.6071434020996
2,25,113,2,1,2,,,,,,,,,,,261300102,1,21.6071434020996
2,25,113,2,2,2,,,,,,,,,,,261300202,1,21.6071434020996
2,25,113,2,3,2,,,,,,,,,,,261300302,1,21.6071434020996
2,25,113,2,4,2,,1,"01",2500,0,0,1,,,,261300402,1,21.6071434020996
2,25,113,2,5,2,,,,,,,,,,,261300502,1,21.6071434020996
2,25,113,2,6,2,,,,,,,,,,,261300602,1,21.6071434020996
2,25,113,2,7,2,,1,"01",7500,0,0,0,1,,,261300702,1,21.6071434020996
2,25,113,2,8,2,,1,"01",7500,0,1,,,,,261300802,1,21.6071434020996
2,25,113,2,9,2,,,,,,,,,,,261300902,1,21.6071434020996
2,25,113,2,10,2,,,,,,,,,,,261301002,1,21.6071434020996
2,25,113,2,11,2,,,,,,,,,,,261301102,1,21.6071434020996
2,25,113,2,12,2,,,,,,,,,,,261301202,1,21.6071434020996
2,25,113,2,13,2,,,,,,,,,,,261301302,1,21.6071434020996
2,25,113,2,14,2,,,,,,,,,,,261301402,1,21.6071434020996
2,25,113,2,15,2,,,,,,,,,,,261301502,1,21.6071434020996
2,25,113,2,16,2,,1,"01",7500,0,0,1,,,,261301602,1,21.6071434020996
2,25,113,2,17,2,,1,"01",2500,0,0,1,,,,261301702,1,21.6071434020996
2,25,113,2,18,2,,1,"01",7500,0,0,1,,,,261301802,1,21.6071434020996
2,26,114,2,1,1,277.370968,,,,,,,,,,271400102,,
2,26,114,2,2,1,277.370968,1,"01",2500,1,,,,,,271400202,,
2,26,114,2,3,1,277.370968,1,"03",2500,1,,,,,,271400302,,
2,26,114,2,4,1,277.370968,,,,,,,,,,271400402,,
2,26,114,2,5,1,277.370968,1,"01",7500,0,0,0,0,2,,271400502,,
2,26,114,2,6,1,277.370968,,,,,,,,,,271400602,,
2,26,114,2,7,1,277.370968,1,"01",7500,1,,,,,,271400702,,
2,26,114,2,8,1,277.370968,1,"02",7500,0,0,0,1,,,271400802,,
2,26,114,2,9,1,277.370968,,,,,,,,,,271400902,,
2,26,114,2,10,1,277.370968,,,,,,,,,,271401002,,
2,26,114,2,11,1,5474.427,,,,,,,,,,271401102,,
2,26,114,2,12,1,5474.427,1,"01",7500,0,0,0,0,2,,271401202,,
2,26,114,2,13,1,277.370968,,,,,,,,,,271401302,,
2,26,114,2,14,1,277.370968,,,,,,,,,,271401402,,
2,26,114,2,15,1,277.370968,,,,,,,,,,271401502,,
2,26,114,2,16,1,5474.427,1,"01",7500,0,0,0,0,1,,271401602,,
2,26,114,2,17,1,277.370968,1,"01",2500,0,0,0,0,1,,271401702,,
2,26,114,2,22,1,5474.427,1,"01",2500,0,0,1,,,,271402202,,
2,26,115,1,1,1,47.3494545964912,2,"01",21000,1,,,,,,271500102,,
2,26,115,1,2,1,47.3494545964912,,,,,,,,,,271500202,,
2,26,115,1,3,1,47.3494545964912,1,"02",45100,0,0,0,0,1,,271500302,,
2,26,115,1,4,1,47.3494545964912,1,"01",45100,0,0,0,0,1,,271500402,,
2,26,115,1,5,1,47.3494545964912,1,"01",7500,1,,,,,,271500502,,
2,26,115,1,6,1,47.3494545964912,1,"01",7500,0,0,0,0,1,,271500602,,
2,26,115,1,7,1,47.3494545964912,,,,,,,,,,271500702,,
2,26,115,1,8,1,47.3494545964912,2,"01",21000,1,,,,,,271500802,,
2,26,115,1,9,1,248.0624,,,,,,,,,,271500902,,
2,26,115,1,10,1,248.0624,,,,,,,,,,271501002,,
2,26,115,1,11,1,248.0624,,,,,,,,,,271501102,,
2,26,115,1,12,1,47.3494545964912,,,,,,,,,,271501202,,
2,26,115,1,13,1,248.0624,,,,,,,,,,271501302,,
2,26,115,1,14,1,248.0624,,,,,,,,,,271501402,,
2,26,115,1,15,1,248.0624,,,,,,,,,,271501502,,
2,26,115,1,16,1,248.0624,,,,,,,,,,271501602,,
2,26,115,1,17,1,47.3494545964912,,,,,,,,,,271501702,,
2,26,115,1,18,1,248.0624,,,,,,,,,,271501802,,
2,26,116,2,1,1,1186.434,,,,,,,,,,271600102,,
2,26,116,2,2,1,875.427029126214,,,,,,,,,,271600202,,
2,26,116,2,3,1,875.427029126214,1,"01",2500,1,,,,,,271600302,,
2,26,116,2,4,1,1186.434,1,"01",2500,1,,,,,,271600402,,
2,26,116,2,5,1,1186.434,,,,,,,,,,271600502,,
2,26,116,2,6,1,1186.434,,,,,,,,,,271600602,,
2,26,116,2,7,1,875.427029126214,,,,,,,,,,271600702,,
2,26,116,2,8,1,875.427029126214,,,,,,,,,,271600802,,
2,26,116,2,9,1,1186.434,,,,,,,,,,271600902,,
2,26,116,2,10,1,1186.434,,,,,,,,,,271601002,,
2,26,116,2,11,1,1186.434,,,,,,,,,,271601102,,
2,26,116,2,12,1,1186.434,,,,,,,,,,271601202,,
2,26,116,2,13,1,1186.434,,,,,,,,,,271601302,,
2,26,116,2,14,1,1186.434,1,"02",7500,1,,,,,,271601402,,
2,26,116,2,15,1,1186.434,,,,,,,,,,271601502,,
2,26,116,2,17,1,875.427029126214,1,"01",7500,0,0,0,0,1,,271601702,,
2,26,116,2,18,1,1186.434,1,"01",7500,0,0,1,,,,271601802,,
2,26,116,2,22,1,875.427029126214,,,,,,,,,,271602202,,
2,26,117,2,1,1,957.618855944056,,,,,,,,,,271700102,,
2,26,117,2,2,1,957.618855944056,,,,,,,,,,271700202,,
2,26,117,2,3,1,957.618855944056,,,,,,,,,,271700302,,
2,26,117,2,4,1,957.618855944056,1,"01",2500,1,,,,,,271700402,,
2,26,117,2,5,1,957.618855944056,,,,,,,,,,271700502,,
2,26,117,2,6,1,957.618855944056,,,,,,,,,,271700602,,
2,26,117,2,7,1,957.618855944056,,,,,,,,,,271700702,,
2,26,117,2,8,1,957.618855944056,1,"01",2500,0,0,0,0,1,,271700802,,
2,26,117,2,9,1,2248.596,1,"01",7500,0,1,,,,,271700902,,
2,26,117,2,10,1,2248.596,1,"01",2500,0,0,1,,,,271701002,,
2,26,117,2,11,1,2248.596,1,"01",2500,0,0,0,0,1,,271701102,,
2,26,117,2,12,1,2248.596,,,,,,,,,,271701202,,
2,26,117,2,13,1,957.618855944056,,,,,,,,,,271701302,,
2,26,117,2,14,1,957.618855944056,1,"01",2500,0,0,0,0,1,,271701402,,
2,26,117,2,15,1,957.618855944056,1,"01",7500,0,0,0,1,,,271701502,,
2,26,117,2,16,1,2248.596,1,"01",2500,0,0,1,,,,271701602,,
2,26,117,2,17,1,2248.596,,,,,,,,,,271701702,,
2,26,117,2,18,1,2248.596,1,"01",2500,0,1,,,,,271701802,,
2,26,118,2,1,1,1072.90390045249,,,,,,,,,,271800102,,
2,26,118,2,2,1,1072.90390045249,,,,,,,,,,271800202,,
2,26,118,2,3,1,1072.90390045249,,,,,,,,,,271800302,,
2,26,118,2,4,1,1072.90390045249,,,,,,,,,,271800402,,
2,26,118,2,5,1,1072.90390045249,1,"02",7500,1,,,,,,271800502,,
2,26,118,2,6,1,1072.90390045249,,,,,,,,,,271800602,,
2,26,118,2,7,1,1072.90390045249,,,,,,,,,,271800702,,
2,26,118,2,8,1,1072.90390045249,,,,,,,,,,271800802,,
2,26,118,2,9,1,1072.90390045249,,,,,,,,,,271800902,,
2,26,118,2,10,1,1072.90390045249,,,,,,,,,,271801002,,
2,26,118,2,11,1,1072.90390045249,,,,,,,,,,271801102,,
2,26,118,2,12,1,1072.90390045249,1,"01",2500,0,0,1,,,,271801202,,
2,26,118,2,13,1,1072.90390045249,1,"01",7500,0,0,0,1,,,271801302,,
2,26,118,2,14,1,1072.90390045249,,,,,,,,,,271801402,,
2,26,118,2,15,1,1072.90390045249,,,,,,,,,,271801502,,
2,26,118,2,16,1,1072.90390045249,,,,,,,,,,271801602,,
2,26,118,2,17,1,1072.90390045249,1,"01",7500,0,0,0,0,1,,271801702,,
2,26,118,2,18,1,4272.284,,,,,,,,,,271801802,,
2,26,119,1,1,1,190.063019083969,1,"01",2500,1,,,,,,271900102,,
2,26,119,1,2,1,349.4492,,,,,,,,,,271900202,,
2,26,119,1,3,1,190.063019083969,,,,,,,,,,271900302,,
2,26,119,1,4,1,190.063019083969,1,"01",7500,0,0,0,1,,,271900402,,
2,26,119,1,5,1,190.063019083969,1,"02",2500,0,0,0,0,1,,271900502,,
2,26,119,1,6,1,190.063019083969,,,,,,,,,,271900602,,
2,26,119,1,7,1,190.063019083969,,,,,,,,,,271900702,,
2,26,119,1,8,1,190.063019083969,,,,,,,,,,271900802,,
2,26,119,1,9,1,190.063019083969,,,,,,,,,,271900902,,
2,26,119,1,10,1,349.4492,,,,,,,,,,271901002,,
2,26,119,1,11,1,349.4492,,,,,,,,,,271901102,,
2,26,119,1,13,1,349.4492,,,,,,,,,,271901302,,
2,26,119,1,14,1,349.4492,,,,,,,,,,271901402,,
2,26,119,1,15,1,349.4492,,,,,,,,,,271901502,,
2,26,119,1,16,1,349.4492,,,,,,,,,,271901602,,
2,26,119,1,17,1,349.4492,,,,,,,,,,271901702,,
2,26,119,1,18,1,349.4492,,,,,,,,,,271901802,,
2,26,119,1,22,1,349.4492,,,,,,,,,,271902202,,
2,27,120,1,1,1,236.6287,,,,,,,,,,282000102,,
2,27,120,1,2,1,236.6287,1,"02",2500,1,,,,,,282000202,,
2,27,120,1,3,1,236.6287,,,,,,,,,,282000302,,
2,27,120,1,4,1,236.6287,,,,,,,,,,282000402,,
2,27,120,1,5,1,236.6287,,,,,,,,,,282000502,,
2,27,120,1,6,1,236.6287,,,,,,,,,,282000602,,
2,27,120,1,7,1,466.49658,1,"02",24600,0,0,0,0,1,,282000702,,
2,27,120,1,8,1,236.6287,,,,,,,,,,282000802,,
2,27,120,1,9,1,236.6287,,,,,,,,,,282000902,,
2,27,120,1,10,1,236.6287,,,,,,,,,,282001002,,
2,27,120,1,11,1,236.6287,,,,,,,,,,282001102,,
2,27,120,1,12,1,236.6287,,,,,,,,,,282001202,,
2,27,120,1,13,1,236.6287,,,,,,,,,,282001302,,
2,27,120,1,14,1,236.6287,,,,,,,,,,282001402,,
2,27,120,1,15,1,466.49658,,,,,,,,,,282001502,,
2,27,120,1,16,1,236.6287,,,,,,,,,,282001602,,
2,27,120,1,17,1,236.6287,,,,,,,,,,282001702,,
2,27,120,1,18,1,466.49658,,,,,,,,,,282001802,,
2,27,121,2,1,1,1083.059,,,,,,,,,,282100102,,
2,27,121,2,2,1,1083.059,,,,,,,,,,282100202,,
2,27,121,2,3,1,1083.059,,,,,,,,,,282100302,,
2,27,121,2,4,1,1083.059,1,"01",7500,1,,,,,,282100402,,
2,27,121,2,6,1,1083.059,,,,,,,,,,282100602,,
2,27,121,2,7,1,1083.059,,,,,,,,,,282100702,,
2,27,121,2,8,1,1083.059,,,,,,,,,,282100802,,
2,27,121,2,9,1,1083.059,,,,,,,,,,282100902,,
2,27,121,2,10,1,1083.059,,,,,,,,,,282101002,,
2,27,121,2,11,1,1083.059,,,,,,,,,,282101102,,
2,27,121,2,12,1,1083.059,1,"02",7500,0,0,0,0,1,,282101202,,
2,27,121,2,13,1,1083.059,,,,,,,,,,282101302,,
2,27,121,2,14,1,1083.059,,,,,,,,,,282101402,,
2,27,121,2,15,1,1083.059,,,,,,,,,,282101502,,
2,27,121,2,16,1,1083.059,,,,,,,,,,282101602,,
2,27,121,2,17,1,1083.059,,,,,,,,,,282101702,,
2,27,121,2,18,1,1083.059,,,,,,,,,,282101802,,
2,27,121,2,20,1,1083.059,1,"02",2500,1,,,,,,282102002,,
2,27,122,2,2,1,1119.49942857143,,,,,,,,,,282200202,,
2,27,122,2,3,1,1119.49942857143,,,,,,,,,,282200302,,
2,27,122,2,4,1,1119.49942857143,,,,,,,,,,282200402,,
2,27,122,2,6,1,1119.49942857143,,,,,,,,,,282200602,,
2,27,122,2,7,1,1959.124,,,,,,,,,,282200702,,
2,27,122,2,8,1,1959.124,1,"01",7500,0,0,1,,,,282200802,,
2,27,122,2,9,1,1959.124,,,,,,,,,,282200902,,
2,27,122,2,10,1,1959.124,,,,,,,,,,282201002,,
2,27,122,2,11,1,1959.124,,,,,,,,,,282201102,,
2,27,122,2,12,1,1959.124,,,,,,,,,,282201202,,
2,27,122,2,13,1,1959.124,,,,,,,,,,282201302,,
2,27,122,2,14,1,1119.49942857143,,,,,,,,,,282201402,,
2,27,122,2,15,1,1959.124,1,"01",7500,1,,,,,,282201502,,
2,27,122,2,16,1,1959.124,1,"01",2500,1,,,,,,282201602,,
2,27,122,2,17,1,1119.49942857143,,,,,,,,,,282201702,,
2,27,122,2,18,1,1119.49942857143,,,,,,,,,,282201802,,
2,27,122,2,19,1,1959.124,1,"01",2500,0,0,1,,,,282201902,,
2,27,122,2,20,1,1119.49942857143,,,,,,,,,,282202002,,
2,27,123,1,2,1,129.2385,,,,,,,,,,282300202,,
2,27,123,1,3,1,129.2385,,,,,,,,,,282300302,,
2,27,123,1,4,1,129.2385,,,,,,,,,,282300402,,
2,27,123,1,5,1,129.2385,,,,,,,,,,282300502,,
2,27,123,1,6,1,129.2385,,,,,,,,,,282300602,,
2,27,123,1,7,1,129.2385,,,,,,,,,,282300702,,
2,27,123,1,8,1,129.2385,,,,,,,,,,282300802,,
2,27,123,1,9,1,129.2385,,,,,,,,,,282300902,,
2,27,123,1,11,1,129.2385,,,,,,,,,,282301102,,
2,27,123,1,12,1,129.2385,,,,,,,,,,282301202,,
2,27,123,1,13,1,129.2385,,,,,,,,,,282301302,,
2,27,123,1,14,1,129.2385,,,,,,,,,,282301402,,
2,27,123,1,16,1,129.2385,,,,,,,,,,282301602,,
2,27,123,1,17,1,129.2385,,,,,,,,,,282301702,,
2,27,123,1,18,1,129.2385,,,,,,,,,,282301802,,
2,27,123,1,19,1,129.2385,,,,,,,,,,282301902,,
2,27,123,1,21,1,129.2385,,,,,,,,,,282302102,,
2,27,123,1,22,1,129.2385,,,,,,,,,,282302202,,
2,27,124,1,1,1,249.0551,,,,,,,,,,282400102,,
2,27,124,1,2,1,249.0551,,,,,,,,,,282400202,,
2,27,124,1,3,1,52.301571,1,"01",7500,0,0,0,0,1,,282400302,,
2,27,124,1,4,1,249.0551,,,,,,,,,,282400402,,
2,27,124,1,5,1,52.301571,,,,,,,,,,282400502,,
2,27,124,1,7,1,249.0551,,,,,,,,,,282400702,,
2,27,124,1,8,1,249.0551,,,,,,,,,,282400802,,
2,27,124,1,9,1,249.0551,,,,,,,,,,282400902,,
2,27,124,1,10,1,249.0551,,,,,,,,,,282401002,,
2,27,124,1,11,1,52.301571,1,"05",8200,0,0,0,0,1,,282401102,,
2,27,124,1,12,1,249.0551,,,,,,,,,,282401202,,
2,27,124,1,13,1,249.0551,,,,,,,,,,282401302,,
2,27,124,1,14,1,249.0551,,,,,,,,,,282401402,,
2,27,124,1,15,1,249.0551,,,,,,,,,,282401502,,
2,27,124,1,16,1,249.0551,,,,,,,,,,282401602,,
2,27,124,1,17,1,249.0551,2,"01",24600,0,0,0,0,1,,282401702,,
2,27,124,1,18,1,249.0551,,,,,,,,,,282401802,,
2,27,124,1,20,1,249.0551,,,,,,,,,,282402002,,
2,27,125,2,1,1,1360.23511077158,,,,,,,,,,282500102,,
2,27,125,2,2,1,1360.23511077158,1,"02",2500,0,0,0,0,1,,282500202,,
2,27,125,2,3,1,1360.23511077158,,,,,,,,,,282500302,,
2,27,125,2,4,1,1360.23511077158,,,,,,,,,,282500402,,
2,27,125,2,5,1,1360.23511077158,,,,,,,,,,282500502,,
2,27,125,2,6,1,1360.23511077158,1,"02",7500,0,0,0,0,1,,282500602,,
2,27,125,2,7,1,1360.23511077158,,,,,,,,,,282500702,,
2,27,125,2,8,1,1360.23511077158,,,,,,,,,,282500802,,
2,27,125,2,9,1,1360.23511077158,,,,,,,,,,282500902,,
2,27,125,2,10,1,1360.23511077158,,,,,,,,,,282501002,,
2,27,125,2,11,1,100.539116883117,1,"01",7500,0,0,1,,,,282501102,,
2,27,125,2,12,1,1360.23511077158,1,"01",2500,0,0,0,0,1,,282501202,,
2,27,125,2,13,1,1360.23511077158,,,,,,,,,,282501302,,
2,27,125,2,14,1,1360.23511077158,,,,,,,,,,282501402,,
2,27,125,2,15,1,1360.23511077158,1,"01",7500,0,0,0,0,2,,282501502,,
2,27,125,2,16,1,1360.23511077158,,,,,,,,,,282501602,,
2,27,125,2,17,1,1360.23511077158,,,,,,,,,,282501702,,
2,27,125,2,18,1,1360.23511077158,,,,,,,,,,282501802,,
2,27,126,1,1,1,288.1454,2,"01",24600,1,,,,,,282600102,,
2,27,126,1,2,1,288.1454,,,,,,,,,,282600202,,
2,27,126,1,3,1,288.1454,,,,,,,,,,282600302,,
2,27,126,1,4,1,288.1454,,,,,,,,,,282600402,,
2,27,126,1,5,1,288.1454,2,"02",8200,1,,,,,,282600502,,
2,27,126,1,6,1,288.1454,2,"01",21000,1,,,,,,282600602,,
2,27,126,1,7,1,288.1454,,,,,,,,,,282600702,,
2,27,126,1,8,1,48.0242333333333,1,"02",2500,1,,,,,,282600802,,
2,27,126,1,9,1,288.1454,2,"02",8200,0,0,0,0,2,,282600902,,
2,27,126,1,10,1,48.0242333333333,1,"01",7500,0,0,0,0,2,,282601002,,
2,27,126,1,11,1,288.1454,,,,,,,,,,282601102,,
2,27,126,1,12,1,288.1454,,,,,,,,,,282601202,,
2,27,126,1,13,1,288.1454,,,,,,,,,,282601302,,
2,27,126,1,14,1,288.1454,,,,,,,,,,282601402,,
2,27,126,1,15,1,288.1454,,,,,,,,,,282601502,,
2,27,126,1,16,1,288.1454,,,,,,,,,,282601602,,
2,27,126,1,17,1,288.1454,,,,,,,,,,282601702,,
2,27,126,1,18,1,288.1454,,,,,,,,,,282601802,,
2,28,127,2,1,1,1240.29181333333,1,"01",7500,0,0,1,,,,292700102,,
2,28,127,2,2,1,1240.29181333333,,,,,,,,,,292700202,,
2,28,127,2,3,1,1240.29181333333,,,,,,,,,,292700302,,
2,28,127,2,4,1,1240.29181333333,1,"01",7500,0,0,0,0,2,,292700402,,
2,28,127,2,5,1,1240.29181333333,1,"01",2500,1,,,,,,292700502,,
2,28,127,2,6,1,1240.29181333333,,,,,,,,,,292700602,,
2,28,127,2,7,1,1500.353,1,"01",7500,0,0,1,,,,292700702,,
2,28,127,2,8,1,1240.29181333333,1,"02",7500,0,0,0,0,555,7,292700802,,
2,28,127,2,9,1,1240.29181333333,,,,,,,,,,292700902,,
2,28,127,2,10,1,1240.29181333333,,,,,,,,,,292701002,,
2,28,127,2,11,1,1500.353,,,,,,,,,,292701102,,
2,28,127,2,12,1,1500.353,,,,,,,,,,292701202,,
2,28,127,2,13,1,1500.353,1,"01",2500,0,0,1,,,,292701302,,
2,28,127,2,14,1,1500.353,,,,,,,,,,292701402,,
2,28,127,2,15,1,1240.29181333333,,,,,,,,,,292701502,,
2,28,127,2,16,1,1240.29181333333,,,,,,,,,,292701602,,
2,28,127,2,17,1,1500.353,1,"01",2500,0,0,1,,,,292701702,,
2,28,127,2,18,1,1240.29181333333,,,,,,,,,,292701802,,
2,28,128,1,1,1,343.71137921458,1,"02",45100,0,0,1,,,,292800102,,
2,28,128,1,2,1,289.3982,,,,,,,,,,292800202,,
2,28,128,1,3,1,289.3982,,,,,,,,,,292800302,,
2,28,128,1,4,1,343.71137921458,2,"01",16000,1,,,,,,292800402,,
2,28,128,1,5,1,343.71137921458,,,,,,,,,,292800502,,
2,28,128,1,6,1,343.71137921458,,,,,,,,,,292800602,,
2,28,128,1,7,1,343.71137921458,1,"01",8200,0,0,0,0,1,,292800702,,
2,28,128,1,8,1,289.3982,2,"02",8200,0,0,0,0,1,,292800802,,
2,28,128,1,9,1,343.71137921458,1,"01",2500,0,0,0,0,1,,292800902,,
2,28,128,1,10,1,289.3982,2,"02",8200,1,,,,,,292801002,,
2,28,128,1,11,1,343.71137921458,,,,,,,,,,292801102,,
2,28,128,1,12,1,343.71137921458,1,"01",2500,0,1,,,,,292801202,,
2,28,128,1,13,1,343.71137921458,1,"02",7500,0,0,0,0,1,,292801302,,
2,28,128,1,14,1,289.3982,,,,,,,,,,292801402,,
2,28,128,1,15,1,343.71137921458,,,,,,,,,,292801502,,
2,28,128,1,16,1,289.3982,,,,,,,,,,292801602,,
2,28,128,1,17,1,289.3982,,,,,,,,,,292801702,,
2,28,128,1,18,1,343.71137921458,2,"02",21000,1,,,,,,292801802,,
2,28,129,2,1,1,892.101,,,,,,,,,,292900102,,
2,28,129,2,2,1,892.101,1,"01",7500,1,,,,,,292900202,,
2,28,129,2,3,1,892.101,1,"01",2500,0,0,0,1,,,292900302,,
2,28,129,2,4,1,892.101,1,"01",7500,0,0,0,1,,,292900402,,
2,28,129,2,5,1,892.101,1,"02",7500,0,0,0,0,1,,292900502,,
2,28,129,2,6,1,892.101,1,"01",2500,1,,,,,,292900602,,
2,28,129,2,7,1,892.101,1,"01",2500,1,,,,,,292900702,,
2,28,129,2,8,1,892.101,1,"02",2500,0,0,0,1,,,292900802,,
2,28,129,2,9,1,892.101,1,"01",2500,1,,,,,,292900902,,
2,28,129,2,10,1,892.101,1,"01",7500,0,0,0,0,555,9,292901002,,
2,28,129,2,11,1,892.101,1,"01",7500,0,0,0,0,1,,292901102,,
2,28,129,2,12,1,892.101,1,"01",7500,1,,,,,,292901202,,
2,28,129,2,13,1,892.101,1,"01",2500,1,,,,,,292901302,,
2,28,129,2,14,1,892.101,,,,,,,,,,292901402,,
2,28,129,2,15,1,892.101,1,"01",7500,1,,,,,,292901502,,
2,28,129,2,16,1,892.101,1,"02",7500,0,0,0,0,1,,292901602,,
2,28,129,2,17,1,892.101,1,"02",7500,1,,,,,,292901702,,
2,28,129,2,18,1,892.101,1,"01",2500,0,0,0,0,1,,292901802,,
2,28,130,1,1,1,229.0288,,,,,,,,,,293000102,,
2,28,130,1,3,1,229.0288,1,"01",7500,0,1,,,,,293000302,,
2,28,130,1,4,1,229.0288,1,"01",8200,0,0,0,0,1,,293000402,,
2,28,130,1,5,1,229.0288,2,"01",21000,0,0,0,1,,,293000502,,
2,28,130,1,6,1,229.0288,,,,,,,,,,293000602,,
2,28,130,1,8,1,229.0288,1,"01",7500,0,0,1,,,,293000802,,
2,28,130,1,9,1,229.0288,1,"01",2500,1,,,,,,293000902,,
2,28,130,1,10,1,229.0288,,,,,,,,,,293001002,,
2,28,130,1,11,1,229.0288,1,"02",45100,0,0,0,0,1,,293001102,,
2,28,130,1,12,1,229.0288,2,"02",21000,0,1,,,,,293001202,,
2,28,130,1,13,1,229.0288,,,,,,,,,,293001302,,
2,28,130,1,14,1,229.0288,,,,,,,,,,293001402,,
2,28,130,1,15,1,229.0288,,,,,,,,,,293001502,,
2,28,130,1,17,1,229.0288,1,"02",45100,0,0,0,0,2,,293001702,,
2,28,130,1,18,1,229.0288,1,"02",8200,0,1,,,,,293001802,,
2,28,130,1,19,1,229.0288,,,,,,,,,,293001902,,
2,28,130,1,20,1,229.0288,2,"02",16000,1,,,,,,293002002,,
2,28,130,1,21,1,229.0288,2,"02",16000,0,0,0,0,1,,293002102,,
2,28,131,2,1,1,82.8797946428571,1,"01",7500,0,0,0,0,555,7,293100102,,
2,28,131,2,2,1,1149.95715066964,,,,,,,,,,293100202,,
2,28,131,2,3,1,1149.95715066964,1,"01",7500,1,,,,,,293100302,,
2,28,131,2,4,1,1149.95715066964,1,"02",2500,1,,,,,,293100402,,
2,28,131,2,5,1,1149.95715066964,1,"01",2500,0,0,0,0,1,,293100502,,
2,28,131,2,6,1,1149.95715066964,,,,,,,,,,293100602,,
2,28,131,2,7,1,1149.95715066964,,,,,,,,,,293100702,,
2,28,131,2,8,1,1149.95715066964,1,"02",7500,1,,,,,,293100802,,
2,28,131,2,9,1,1149.95715066964,,,,,,,,,,293100902,,
2,28,131,2,10,1,1149.95715066964,,,,,,,,,,293101002,,
2,28,131,2,11,1,1149.95715066964,,,,,,,,,,293101102,,
2,28,131,2,12,1,1149.95715066964,,,,,,,,,,293101202,,
2,28,131,2,13,1,1149.95715066964,,,,,,,,,,293101302,,
2,28,131,2,14,1,82.8797946428571,1,"04",2500,1,,,,,,293101402,,
2,28,131,2,15,1,1149.95715066964,,,,,,,,,,293101502,,
2,28,131,2,16,1,1149.95715066964,,,,,,,,,,293101602,,
2,28,131,2,17,1,1149.95715066964,,,,,,,,,,293101702,,
2,28,131,2,18,1,1149.95715066964,1,"02",7500,0,0,0,0,1,,293101802,,
2,28,132,2,1,1,1520.222,1,"02",7500,0,1,,,,,293200102,,
2,28,132,2,2,1,1520.222,1,"01",2500,0,0,1,,,,293200202,,
2,28,132,2,3,1,1520.222,1,"01",7500,0,1,,,,,293200302,,
2,28,132,2,4,1,1520.222,,,,,,,,,,293200402,,
2,28,132,2,5,1,1520.222,1,"01",7500,1,,,,,,293200502,,
2,28,132,2,6,1,1520.222,1,"02",7500,0,0,0,0,1,,293200602,,
2,28,132,2,7,1,1520.222,,,,,,,,,,293200702,,
2,28,132,2,8,1,1520.222,1,"01",7500,0,0,0,0,1,,293200802,,
2,28,132,2,9,1,1520.222,1,"02",7500,1,,,,,,293200902,,
2,28,132,2,10,1,1520.222,1,"01",2500,1,,,,,,293201002,,
2,28,132,2,11,1,1520.222,1,"01",2500,1,,,,,,293201102,,
2,28,132,2,12,1,1520.222,1,"01",2500,1,,,,,,293201202,,
2,28,132,2,13,1,1520.222,1,"02",2500,1,,,,,,293201302,,
2,28,132,2,14,1,1520.222,1,"01",7500,1,,,,,,293201402,,
2,28,132,2,15,1,1520.222,1,"02",7500,1,,,,,,293201502,,
2,28,132,2,16,1,1520.222,1,"02",7500,0,0,0,1,,,293201602,,
2,28,132,2,17,1,1520.222,1,"03",2500,1,,,,,,293201702,,
2,28,132,2,18,1,1520.222,1,"01",7500,1,,,,,,293201802,,
2,28,133,1,1,1,239.098475138122,,,,,,,,,,293300102,,
2,28,133,1,3,1,239.098475138122,1,"01",7500,0,0,0,0,1,,293300302,,
2,28,133,1,4,1,239.098475138122,1,"02",8200,0,0,0,0,1,,293300402,,
2,28,133,1,5,1,239.098475138122,1,"02",8200,0,0,0,0,1,,293300502,,
2,28,133,1,6,1,239.098475138122,,,,,,,,,,293300602,,
2,28,133,1,7,1,239.098475138122,1,"02",8200,1,,,,,,293300702,,
2,28,133,1,8,1,239.098475138122,1,"01",8200,0,0,0,0,1,,293300802,,
2,28,133,1,9,1,180.3201,,,,,,,,,,293300902,,
2,28,133,1,10,1,180.3201,,,,,,,,,,293301002,,
2,28,133,1,11,1,180.3201,,,,,,,,,,293301102,,
2,28,133,1,12,1,180.3201,,,,,,,,,,293301202,,
2,28,133,1,13,1,180.3201,,,,,,,,,,293301302,,
2,28,133,1,14,1,180.3201,,,,,,,,,,293301402,,
2,28,133,1,15,1,180.3201,,,,,,,,,,293301502,,
2,28,133,1,16,1,180.3201,,,,,,,,,,293301602,,
2,28,133,1,17,1,180.3201,,,,,,,,,,293301702,,
2,28,133,1,18,1,180.3201,,,,,,,,,,293301802,,
2,28,133,1,20,1,239.098475138122,2,"01",16000,0,0,0,0,1,,293302002,,
2,28,134,1,1,1,13.9770985339988,1,"01",7500,1,,,,,,293400102,,
2,28,134,1,2,1,13.9770985339988,,,,,,,,,,293400202,,
2,28,134,1,3,1,13.9770985339988,1,"01",7500,0,0,0,0,1,,293400302,,
2,28,134,1,4,1,452.6321,,,,,,,,,,293400402,,
2,28,134,1,5,1,13.9770985339988,1,"02",2500,0,0,0,0,3,,293400502,,
2,28,134,1,6,1,13.9770985339988,,,,,,,,,,293400602,,
2,28,134,1,7,1,452.6321,,,,,,,,,,293400702,,
2,28,134,1,8,1,13.9770985339988,,,,,,,,,,293400802,,
2,28,134,1,9,1,13.9770985339988,,,,,,,,,,293400902,,
2,28,134,1,11,1,452.6321,,,,,,,,,,293401102,,
2,28,134,1,12,1,452.6321,,,,,,,,,,293401202,,
2,28,134,1,13,1,452.6321,,,,,,,,,,293401302,,
2,28,134,1,14,1,452.6321,,,,,,,,,,293401402,,
2,28,134,1,15,1,452.6321,,,,,,,,,,293401502,,
2,28,134,1,17,1,452.6321,,,,,,,,,,293401702,,
2,28,134,1,18,1,452.6321,,,,,,,,,,293401802,,
2,28,134,1,21,1,452.6321,2,"01",21000,1,,,,,,293402102,,
2,28,134,1,22,1,452.6321,2,"01",16000,1,,,,,,293402202,,
3,31,135,2,1,3,69.0437322727273,1,"02",7500,0,0,0,1,,,323500103,,
3,31,135,2,2,3,69.0437322727273,1,"02",2500,1,,,,,,323500203,,
3,31,135,2,3,3,69.0437322727273,1,"02",7500,1,,,,,,323500303,,
3,31,135,2,4,3,69.0437322727273,1,"02",7500,0,0,1,,,,323500403,,
3,31,135,2,5,3,69.0437322727273,1,"01",7500,0,0,0,0,1,,323500503,,
3,31,135,2,7,3,69.0437322727273,1,"01",7500,0,0,0,0,1,,323500703,,
3,31,135,2,8,3,34.13398,1,"02",7500,1,,,,,,323500803,,
3,31,135,2,9,3,69.0437322727273,1,"01",7500,1,,,,,,323500903,,
3,31,135,2,10,3,34.13398,1,"01",2500,1,,,,,,323501003,,
3,31,135,2,11,3,69.0437322727273,1,"02",7500,1,,,,,,323501103,,
3,31,135,2,12,3,34.13398,1,"01",2500,1,,,,,,323501203,,
3,31,135,2,13,3,69.0437322727273,1,"02",2500,1,,,,,,323501303,,
3,31,135,2,14,3,34.13398,,,,,,,,,,323501403,,
3,31,135,2,15,3,69.0437322727273,1,"02",2500,1,,,,,,323501503,,
3,31,135,2,16,3,69.0437322727273,1,"01",7500,1,,,,,,323501603,,
3,31,135,2,17,3,34.13398,,,,,,,,,,323501703,,
3,31,135,2,18,3,34.13398,1,"01",7500,0,1,,,,,323501803,,
3,31,135,2,19,3,69.0437322727273,1,"01",7500,0,1,,,,,323501903,,
3,31,136,2,1,3,55.98943,1,"01",7500,1,,,,,,323600103,,
3,31,136,2,2,3,55.98943,,,,,,,,,,323600203,,
3,31,136,2,3,3,55.98943,,,,,,,,,,323600303,,
3,31,136,2,4,3,55.98943,1,"01",7500,1,,,,,,323600403,,
3,31,136,2,5,3,55.98943,1,"01",7500,1,,,,,,323600503,,
3,31,136,2,6,3,55.98943,1,"02",7500,1,,,,,,323600603,,
3,31,136,2,7,3,55.98943,1,"02",7500,1,,,,,,323600703,,
3,31,136,2,8,3,55.98943,1,"02",7500,1,,,,,,323600803,,
3,31,136,2,9,3,55.98943,1,"02",7500,1,,,,,,323600903,,
3,31,136,2,10,3,55.98943,1,"01",7500,1,,,,,,323601003,,
3,31,136,2,11,3,55.98943,1,"01",7500,0,1,,,,,323601103,,
3,31,136,2,12,3,55.98943,1,"01",2500,1,,,,,,323601203,,
3,31,136,2,13,3,55.98943,1,"01",2500,1,,,,,,323601303,,
3,31,136,2,14,3,55.98943,1,"01",2500,0,0,1,,,,323601403,,
3,31,136,2,15,3,55.98943,1,"01",2500,1,,,,,,323601503,,
3,31,136,2,17,3,55.98943,1,"04",2500,1,,,,,,323601703,,
3,31,136,2,18,3,55.98943,1,"02",2500,1,,,,,,323601803,,
3,31,136,2,19,3,55.98943,1,"02",2500,1,,,,,,323601903,,
3,31,137,1,1,1,185.2749,,,,,,,,,,323700103,,
3,31,137,1,2,1,185.2749,,,,,,,,,,323700203,,
3,31,137,1,3,1,185.2749,,,,,,,,,,323700303,,
3,31,137,1,4,1,185.2749,,,,,,,,,,323700403,,
3,31,137,1,5,1,185.2749,,,,,,,,,,323700503,,
3,31,137,1,6,1,185.2749,,,,,,,,,,323700603,,
3,31,137,1,7,1,185.2749,,,,,,,,,,323700703,,
3,31,137,1,8,1,185.2749,,,,,,,,,,323700803,,
3,31,137,1,9,1,185.2749,,,,,,,,,,323700903,,
3,31,137,1,10,1,185.2749,,,,,,,,,,323701003,,
3,31,137,1,11,1,185.2749,,,,,,,,,,323701103,,
3,31,137,1,12,1,185.2749,,,,,,,,,,323701203,,
3,31,137,1,13,1,185.2749,,,,,,,,,,323701303,,
3,31,137,1,14,1,185.2749,,,,,,,,,,323701403,,
3,31,137,1,15,1,185.2749,,,,,,,,,,323701503,,
3,31,137,1,16,1,185.2749,,,,,,,,,,323701603,,
3,31,137,1,17,1,185.2749,,,,,,,,,,323701703,,
3,31,137,1,18,1,185.2749,,,,,,,,,,323701803,,
3,31,138,2,1,3,67.64816,1,"01",7500,0,1,,,,,323800103,,
3,31,138,2,2,3,67.64816,1,"01",7500,1,,,,,,323800203,,
3,31,138,2,3,3,67.64816,1,"01",7500,1,,,,,,323800303,,
3,31,138,2,4,3,67.64816,1,"02",7500,1,,,,,,323800403,,
3,31,138,2,5,3,67.64816,1,"01",7500,0,0,0,0,1,,323800503,,
3,31,138,2,6,3,67.64816,1,"02",2500,1,,,,,,323800603,,
3,31,138,2,7,3,67.64816,1,"01",2500,1,,,,,,323800703,,
3,31,138,2,9,3,67.64816,1,"02",2500,1,,,,,,323800903,,
3,31,138,2,10,3,67.64816,1,"01",2500,0,0,1,,,,323801003,,
3,31,138,2,11,3,67.64816,1,"02",7500,1,,,,,,323801103,,
3,31,138,2,12,3,67.64816,1,"01",2500,1,,,,,,323801203,,
3,31,138,2,13,3,67.64816,1,"02",2500,1,,,,,,323801303,,
3,31,138,2,14,3,67.64816,1,"02",2500,1,,,,,,323801403,,
3,31,138,2,15,3,67.64816,1,"02",7500,0,1,,,,,323801503,,
3,31,138,2,16,3,67.64816,1,"01",2500,1,,,,,,323801603,,
3,31,138,2,17,3,67.64816,1,"01",2500,0,0,0,0,1,,323801703,,
3,31,138,2,18,3,67.64816,1,"02",7500,0,0,0,1,,,323801803,,
3,31,138,2,19,3,67.64816,1,"02",7500,1,,,,,,323801903,,
3,31,139,2,1,3,24.5736306818182,1,"01",7500,0,0,1,,,,323900103,,
3,31,139,2,2,3,24.5736306818182,1,"02",7500,1,,,,,,323900203,,
3,31,139,2,3,3,24.5736306818182,1,"02",2500,1,,,,,,323900303,,
3,31,139,2,4,3,24.5736306818182,1,"01",2500,0,0,1,,,,323900403,,
3,31,139,2,5,3,24.5736306818182,1,"01",7500,1,,,,,,323900503,,
3,31,139,2,6,3,24.5736306818182,1,"01",2500,1,,,,,,323900603,,
3,31,139,2,7,3,24.5736306818182,1,"01",7500,1,,,,,,323900703,,
3,31,139,2,8,3,24.5736306818182,1,"01",2500,1,,,,,,323900803,,
3,31,139,2,9,3,24.5736306818182,1,"01",7500,0,0,1,,,,323900903,,
3,31,139,2,10,3,24.5736306818182,1,"01",2500,1,,,,,,323901003,,
3,31,139,2,11,3,24.5736306818182,1,"01",7500,0,0,0,0,1,,323901103,,
3,31,139,2,12,3,24.5736306818182,1,"01",7500,0,1,,,,,323901203,,
3,31,139,2,13,3,24.5736306818182,1,"02",7500,0,0,0,1,,,323901303,,
3,31,139,2,14,3,288.3306,1,"01",2500,1,,,,,,323901403,,
3,31,139,2,15,3,288.3306,1,"01",2500,1,,,,,,323901503,,
3,31,139,2,16,3,24.5736306818182,1,"02",2500,1,,,,,,323901603,,
3,31,139,2,17,3,24.5736306818182,1,"01",7500,1,,,,,,323901703,,
3,31,139,2,18,3,24.5736306818182,1,"01",7500,0,0,0,0,1,,323901803,,
3,31,140,2,1,3,84.8561658385093,1,"02",7500,1,,,,,,324000103,,
3,31,140,2,2,3,84.8561658385093,1,"01",7500,1,,,,,,324000203,,
3,31,140,2,3,3,74.1484,1,"02",7500,1,,,,,,324000303,,
3,31,140,2,4,3,84.8561658385093,1,"01",2500,1,,,,,,324000403,,
3,31,140,2,5,3,74.1484,1,"01",7500,1,,,,,,324000503,,
3,31,140,2,6,3,74.1484,1,"01",7500,0,0,0,0,1,,324000603,,
3,31,140,2,7,3,84.8561658385093,1,"01",7500,0,0,0,0,1,,324000703,,
3,31,140,2,8,3,74.1484,1,"01",2500,1,,,,,,324000803,,
3,31,140,2,9,3,74.1484,1,"02",7500,1,,,,,,324000903,,
3,31,140,2,10,3,74.1484,1,"01",2500,1,,,,,,324001003,,
3,31,140,2,11,3,74.1484,1,"02",2500,1,,,,,,324001103,,
3,31,140,2,12,3,74.1484,1,"01",2500,1,,,,,,324001203,,
3,31,140,2,13,3,84.8561658385093,1,"02",2500,1,,,,,,324001303,,
3,31,140,2,14,3,84.8561658385093,1,"02",7500,1,,,,,,324001403,,
3,31,140,2,15,3,84.8561658385093,1,"01",2500,1,,,,,,324001503,,
3,31,140,2,16,3,74.1484,1,"01",2500,1,,,,,,324001603,,
3,31,140,2,17,3,74.1484,1,"01",2500,1,,,,,,324001703,,
3,31,140,2,18,3,74.1484,1,"01",7500,0,0,0,0,1,,324001803,,
3,31,141,2,1,3,65.05402,1,"02",7500,1,,,,,,324100103,,
3,31,141,2,2,3,65.05402,1,"02",7500,1,,,,,,324100203,,
3,31,141,2,3,3,65.05402,1,"01",2500,1,,,,,,324100303,,
3,31,141,2,4,3,65.05402,1,"02",7500,1,,,,,,324100403,,
3,31,141,2,5,3,65.05402,1,"02",2500,1,,,,,,324100503,,
3,31,141,2,6,3,65.05402,1,"02",7500,1,,,,,,324100603,,
3,31,141,2,8,3,65.05402,1,"02",7500,0,0,0,0,1,,324100803,,
3,31,141,2,9,3,65.05402,1,"01",2500,1,,,,,,324100903,,
3,31,141,2,10,3,65.05402,1,"01",7500,0,0,0,1,,,324101003,,
3,31,141,2,11,3,65.05402,1,"01",2500,1,,,,,,324101103,,
3,31,141,2,12,3,65.05402,1,"01",7500,0,0,0,0,1,,324101203,,
3,31,141,2,13,3,65.05402,1,"02",7500,0,0,0,0,1,,324101303,,
3,31,141,2,14,3,65.05402,1,"02",7500,1,,,,,,324101403,,
3,31,141,2,15,3,65.05402,1,"02",7500,1,,,,,,324101503,,
3,31,141,2,16,3,65.05402,1,"01",2500,1,,,,,,324101603,,
3,31,141,2,17,3,65.05402,1,"01",7500,0,0,0,0,1,,324101703,,
3,31,141,2,18,3,65.05402,1,"02",7500,1,,,,,,324101803,,
3,31,141,2,19,3,65.05402,1,"01",7500,0,0,0,0,1,,324101903,,
3,31,142,2,1,3,75.33537,1,"01",7500,0,0,0,1,,,324200103,,
3,31,142,2,2,3,75.33537,1,"02",2500,0,0,1,,,,324200203,,
3,31,142,2,3,3,56.9154581043956,1,"01",2500,0,0,0,1,,,324200303,,
3,31,142,2,4,3,56.9154581043956,1,"01",2500,0,0,0,0,1,,324200403,,
3,31,142,2,5,3,56.9154581043956,1,"01",2500,0,1,,,,,324200503,,
3,31,142,2,6,3,56.9154581043956,1,"01",7500,0,0,0,0,1,,324200603,,
3,31,142,2,7,3,56.9154581043956,1,"01",7500,0,0,0,0,1,,324200703,,
3,31,142,2,8,3,75.33537,,,,,,,,,,324200803,,
3,31,142,2,9,3,75.33537,,,,,,,,,,324200903,,
3,31,142,2,10,3,75.33537,1,"01",7500,0,0,0,0,3,,324201003,,
3,31,142,2,11,3,75.33537,1,"02",2500,0,1,,,,,324201103,,
3,31,142,2,12,3,75.33537,1,"02",2500,0,0,0,0,2,,324201203,,
3,31,142,2,13,3,75.33537,1,"01",7500,1,,,,,,324201303,,
3,31,142,2,14,3,56.9154581043956,1,"02",2500,0,0,1,,,,324201403,,
3,31,142,2,15,3,75.33537,1,"02",7500,0,0,0,1,,,324201503,,
3,31,142,2,16,3,56.9154581043956,1,"01",7500,0,0,0,1,,,324201603,,
3,31,142,2,17,3,75.33537,1,"01",2500,1,,,,,,324201703,,
3,31,142,2,18,3,75.33537,1,"01",7500,0,0,1,,,,324201803,,
3,31,143,2,1,1,544.3873,1,"01",2500,1,,,,,,324300103,,
3,31,143,2,2,1,544.3873,1,"01",7500,1,,,,,,324300203,,
3,31,143,2,3,1,2033.97452747253,1,"01",7500,0,0,0,0,1,,324300303,,
3,31,143,2,4,1,2033.97452747253,1,"02",7500,0,0,0,0,1,,324300403,,
3,31,143,2,5,1,544.3873,1,"02",7500,1,,,,,,324300503,,
3,31,143,2,6,1,544.3873,1,"02",2500,1,,,,,,324300603,,
3,31,143,2,7,1,2033.97452747253,1,"02",7500,0,0,0,0,1,,324300703,,
3,31,143,2,8,1,2033.97452747253,1,"02",2500,0,0,1,,,,324300803,,
3,31,143,2,9,1,2033.97452747253,1,"01",7500,0,0,888,0,,,324300903,,
3,31,143,2,10,1,2033.97452747253,1,"01",7500,0,0,0,0,1,,324301003,,
3,31,143,2,11,1,2033.97452747253,1,"02",2500,0,1,,,,,324301103,,
3,31,143,2,12,1,2033.97452747253,1,"02",7500,0,0,0,0,555,11,324301203,,
3,31,143,2,13,1,544.3873,1,"02",2500,0,0,0,1,,,324301303,,
3,31,143,2,14,1,2033.97452747253,1,"01",2500,0,0,1,,,,324301403,,
3,31,143,2,15,1,2033.97452747253,1,"02",7500,0,0,0,1,,,324301503,,
3,31,143,2,16,1,2033.97452747253,1,"01",2500,0,0,1,,,,324301603,,
3,31,143,2,17,1,2033.97452747253,1,"02",7500,0,0,0,1,,,324301703,,
3,31,143,2,18,1,2033.97452747253,1,"02",7500,0,0,1,,,,324301803,,
3,31,144,2,1,3,68.90636,1,"02",7500,0,0,0,1,,,324400103,,
3,31,144,2,2,3,85.5889524210526,1,"01",2500,0,0,0,0,1,,324400203,,
3,31,144,2,3,3,68.90636,,,,,,,,,,324400303,,
3,31,144,2,4,3,85.5889524210526,1,"01",7500,0,0,0,1,,,324400403,,
3,31,144,2,5,3,68.90636,1,"01",2500,0,0,0,1,,,324400503,,
3,31,144,2,6,3,68.90636,1,"02",7500,0,0,0,1,,,324400603,,
3,31,144,2,7,3,85.5889524210526,1,"02",7500,0,0,1,,,,324400703,,
3,31,144,2,8,3,85.5889524210526,1,"01",2500,1,,,,,,324400803,,
3,31,144,2,9,3,85.5889524210526,,,,,,,,,,324400903,,
3,31,144,2,10,3,68.90636,,,,,,,,,,324401003,,
3,31,144,2,11,3,68.90636,1,"02",7500,0,0,1,,,,324401103,,
3,31,144,2,12,3,68.90636,1,"01",2500,0,0,1,,,,324401203,,
3,31,144,2,13,3,85.5889524210526,1,"02",7500,0,1,,,,,324401303,,
3,31,144,2,14,3,68.90636,1,"02",7500,0,1,,,,,324401403,,
3,31,144,2,15,3,68.90636,1,"02",7500,0,0,1,,,,324401503,,
3,31,144,2,16,3,85.5889524210526,1,"04",2500,0,0,1,,,,324401603,,
3,31,144,2,17,3,85.5889524210526,1,"01",2500,1,,,,,,324401703,,
3,31,144,2,18,3,85.5889524210526,1,"02",2500,0,0,0,1,,,324401803,,
3,31,145,2,1,1,1774.622,1,"02",2500,0,0,0,0,1,,324500103,,
3,31,145,2,2,1,1774.622,1,"02",7500,0,0,0,1,,,324500203,,
3,31,145,2,3,1,1774.622,1,"02",7500,0,0,1,,,,324500303,,
3,31,145,2,4,1,697.684052419355,1,"01",2500,0,0,0,1,,,324500403,,
3,31,145,2,5,1,1774.622,1,"02",7500,0,0,0,0,1,,324500503,,
3,31,145,2,6,1,697.684052419355,1,"02",2500,0,0,0,1,,,324500603,,
3,31,145,2,7,1,1774.622,1,"01",7500,0,0,0,0,1,,324500703,,
3,31,145,2,8,1,697.684052419355,1,"02",2500,1,,,,,,324500803,,
3,31,145,2,9,1,1774.622,1,"01",2500,1,,,,,,324500903,,
3,31,145,2,10,1,1774.622,,,,,,,,,,324501003,,
3,31,145,2,11,1,697.684052419355,,,,,,,,,,324501103,,
3,31,145,2,12,1,1774.622,1,"02",7500,0,1,,,,,324501203,,
3,31,145,2,13,1,697.684052419355,1,"02",7500,0,0,0,0,2,,324501303,,
3,31,145,2,14,1,1774.622,,,,,,,,,,324501403,,
3,31,145,2,15,1,697.684052419355,1,"01",2500,1,,,,,,324501503,,
3,31,145,2,16,1,697.684052419355,1,"02",2500,0,0,0,1,,,324501603,,
3,31,145,2,17,1,1774.622,1,"01",7500,0,0,0,0,1,,324501703,,
3,31,145,2,18,1,697.684052419355,1,"02",2500,0,0,0,0,2,,324501803,,
3,31,146,1,1,1,19.6108301886792,1,"01",2500,1,,,,,,324600103,,
3,31,146,1,2,1,19.6108301886792,1,"01",8200,1,,,,,,324600203,,
3,31,146,1,3,1,19.6108301886792,1,"01",7500,1,,,,,,324600303,,
3,31,146,1,4,1,19.6108301886792,1,"01",8200,1,,,,,,324600403,,
3,31,146,1,5,1,259.8435,,,,,,,,,,324600503,,
3,31,146,1,6,1,259.8435,,,,,,,,,,324600603,,
3,31,146,1,7,1,259.8435,,,,,,,,,,324600703,,
3,31,146,1,8,1,259.8435,,,,,,,,,,324600803,,
3,31,146,1,9,1,19.6108301886792,1,"02",24600,0,0,0,0,1,,324600903,,
3,31,146,1,10,1,259.8435,,,,,,,,,,324601003,,
3,31,146,1,11,1,259.8435,,,,,,,,,,324601103,,
3,31,146,1,12,1,259.8435,,,,,,,,,,324601203,,
3,31,146,1,13,1,259.8435,,,,,,,,,,324601303,,
3,31,146,1,14,1,259.8435,,,,,,,,,,324601403,,
3,31,146,1,15,1,259.8435,2,"01",8200,1,,,,,,324601503,,
3,31,146,1,16,1,259.8435,,,,,,,,,,324601603,,
3,31,146,1,17,1,19.6108301886792,1,"02",8200,1,,,,,,324601703,,
3,31,146,1,18,1,259.8435,,,,,,,,,,324601803,,
3,31,147,2,1,3,58.42857,1,"01",2500,0,0,0,0,1,,324700103,,
3,31,147,2,2,3,58.42857,1,"01",2500,1,,,,,,324700203,,
3,31,147,2,3,3,58.42857,1,"01",7500,0,0,0,0,1,,324700303,,
3,31,147,2,4,3,58.42857,1,"01",2500,0,0,0,0,2,,324700403,,
3,31,147,2,5,3,58.42857,1,"01",7500,0,0,0,1,,,324700503,,
3,31,147,2,6,3,58.42857,1,"01",2500,0,0,0,0,555,12,324700603,,
3,31,147,2,7,3,58.42857,1,"02",7500,0,0,1,,,,324700703,,
3,31,147,2,8,3,58.42857,1,"02",7500,0,0,0,1,,,324700803,,
3,31,147,2,9,3,58.42857,1,"01",2500,1,,,,,,324700903,,
3,31,147,2,10,3,58.42857,1,"02",7500,0,0,0,0,1,,324701003,,
3,31,147,2,11,3,58.42857,1,"02",7500,0,0,1,,,,324701103,,
3,31,147,2,12,3,58.42857,1,"01",2500,1,,,,,,324701203,,
3,31,147,2,13,3,58.42857,1,"01",2500,0,0,1,,,,324701303,,
3,31,147,2,14,3,58.42857,1,"01",7500,0,0,0,0,1,,324701403,,
3,31,147,2,15,3,58.42857,1,"02",2500,1,,,,,,324701503,,
3,31,147,2,16,3,58.42857,1,"02",7500,0,1,,,,,324701603,,
3,31,147,2,17,3,58.42857,1,"01",7500,0,1,,,,,324701703,,
3,31,147,2,18,3,58.42857,1,"02",2500,0,1,,,,,324701803,,
3,31,148,2,1,3,32.4585914835165,1,"01",7500,1,,,,,,324800103,,
3,31,148,2,2,3,29.17266,1,"02",2500,1,,,,,,324800203,,
3,31,148,2,4,3,32.4585914835165,1,"01",2500,1,,,,,,324800403,,
3,31,148,2,5,3,32.4585914835165,2,"02",21000,0,1,,,,,324800503,,
3,31,148,2,6,3,29.17266,1,"02",7500,1,,,,,,324800603,,
3,31,148,2,7,3,32.4585914835165,1,"03",7500,0,0,0,0,1,,324800703,,
3,31,148,2,8,3,32.4585914835165,1,"01",7500,0,0,0,0,1,,324800803,,
3,31,148,2,9,3,29.17266,1,"01",7500,0,0,0,1,,,324800903,,
3,31,148,2,10,3,32.4585914835165,1,"02",7500,0,0,0,0,1,,324801003,,
3,31,148,2,11,3,32.4585914835165,1,"02",2500,0,1,,,,,324801103,,
3,31,148,2,13,3,32.4585914835165,1,"02",2500,0,0,0,0,1,,324801303,,
3,31,148,2,14,3,32.4585914835165,1,"01",2500,0,0,0,0,1,,324801403,,
3,31,148,2,15,3,29.17266,,,,,,,,,,324801503,,
3,31,148,2,17,3,32.4585914835165,1,"02",7500,0,1,,,,,324801703,,
3,31,148,2,18,3,32.4585914835165,1,"02",2500,0,1,,,,,324801803,,
3,31,148,2,19,3,32.4585914835165,1,"01",7500,0,0,0,1,,,324801903,,
3,31,148,2,20,3,29.17266,1,"02",2500,1,,,,,,324802003,,
3,31,148,2,21,3,32.4585914835165,2,"02",16000,0,0,0,1,,,324802103,,
3,31,149,2,1,3,19.84271,1,"01",7500,1,,,,,,324900103,,
3,31,149,2,2,3,19.84271,1,"02",2500,0,1,,,,,324900203,,
3,31,149,2,3,3,19.84271,1,"02",7500,0,0,0,0,1,,324900303,,
3,31,149,2,4,3,19.84271,1,"01",7500,0,0,0,0,1,,324900403,,
3,31,149,2,5,3,19.84271,1,"02",7500,0,0,1,,,,324900503,,
3,31,149,2,7,3,19.84271,1,"02",2500,1,,,,,,324900703,,
3,31,149,2,8,3,19.84271,1,"01",2500,1,,,,,,324900803,,
3,31,149,2,9,3,19.84271,1,"01",2500,0,1,,,,,324900903,,
3,31,149,2,10,3,19.84271,1,"01",2500,0,0,0,0,1,,324901003,,
3,31,149,2,11,3,19.84271,1,"02",2500,1,,,,,,324901103,,
3,31,149,2,12,3,19.84271,1,"02",7500,0,1,,,,,324901203,,
3,31,149,2,13,3,19.84271,1,"01",7500,0,0,0,1,,,324901303,,
3,31,149,2,14,3,19.84271,1,"02",7500,1,,,,,,324901403,,
3,31,149,2,15,3,19.84271,1,"01",7500,0,1,,,,,324901503,,
3,31,149,2,16,3,19.84271,1,"01",2500,1,,,,,,324901603,,
3,31,149,2,17,3,19.84271,1,"02",7500,0,0,1,,,,324901703,,
3,31,149,2,18,3,19.84271,1,"01",7500,1,,,,,,324901803,,
3,31,149,2,20,3,19.84271,1,"02",2500,0,1,,,,,324902003,,
3,31,150,2,1,1,1244.887,2,"02",16000,0,1,,,,,325000103,,
3,31,150,2,3,1,1244.887,1,"02",2500,1,,,,,,325000303,,
3,31,150,2,4,1,1244.887,1,"01",7500,1,,,,,,325000403,,
3,31,150,2,5,1,1244.887,1,"02",2500,1,,,,,,325000503,,
3,31,150,2,6,1,1244.887,1,"02",7500,1,,,,,,325000603,,
3,31,150,2,7,1,1244.887,1,"01",7500,1,,,,,,325000703,,
3,31,150,2,9,1,1244.887,1,"01",7500,0,0,1,,,,325000903,,
3,31,150,2,10,1,1244.887,1,"02",2500,0,1,,,,,325001003,,
3,31,150,2,11,1,1244.887,1,"01",2500,1,,,,,,325001103,,
3,31,150,2,12,1,1244.887,1,"02",2500,0,1,,,,,325001203,,
3,31,150,2,13,1,1244.887,1,"02",2500,0,1,,,,,325001303,,
3,31,150,2,14,1,1244.887,1,"02",2500,1,,,,,,325001403,,
3,31,150,2,15,1,1244.887,1,"02",7500,0,1,,,,,325001503,,
3,31,150,2,17,1,1244.887,1,"01",2500,1,,,,,,325001703,,
3,31,150,2,18,1,1244.887,1,"01",2500,1,,,,,,325001803,,
3,31,150,2,19,1,1244.887,1,"01",2500,0,1,,,,,325001903,,
3,31,150,2,20,1,1244.887,1,"02",7500,0,1,,,,,325002003,,
3,31,150,2,22,1,1244.887,1,"01",7500,0,1,,,,,325002203,,
3,31,151,2,1,2,,1,"01",2500,1,,,,,,325100103,2,22.3819446563721
3,31,151,2,2,2,,2,"01",16000,0,0,0,1,,,325100203,2,22.3819446563721
3,31,151,2,3,2,,2,"01",21000,0,0,0,0,2,,325100303,2,22.3819446563721
3,31,151,2,4,2,,2,"01",16000,0,0,0,1,,,325100403,2,22.3819446563721
3,31,151,2,5,2,,2,"01",21000,0,0,0,1,,,325100503,2,22.3819446563721
3,31,151,2,6,2,,2,"01",16000,0,0,1,,,,325100603,2,22.3819446563721
3,31,151,2,7,2,,1,"01",2500,0,0,0,0,1,,325100703,2,22.3819446563721
3,31,151,2,8,2,,1,"01",7500,0,0,1,,,,325100803,2,22.3819446563721
3,31,151,2,9,2,,1,"02",7500,1,,,,,,325100903,2,22.3819446563721
3,31,151,2,10,2,,2,"02",16000,0,0,0,1,,,325101003,2,22.3819446563721
3,31,151,2,11,2,,1,"01",2500,0,0,1,,,,325101103,2,22.3819446563721
3,31,151,2,12,2,,1,"01",7500,0,0,0,1,,,325101203,2,22.3819446563721
3,31,151,2,13,2,,,,,,,,,,,325101303,2,22.3819446563721
3,31,151,2,14,2,,,,,,,,,,,325101403,2,22.3819446563721
3,31,151,2,15,2,,,,,,,,,,,325101503,2,22.3819446563721
3,31,151,2,16,2,,,,,,,,,,,325101603,2,22.3819446563721
3,31,151,2,17,2,,,,,,,,,,,325101703,2,22.3819446563721
3,31,151,2,18,2,,,,,,,,,,,325101803,2,22.3819446563721
3,31,152,2,1,2,,1,"01",7500,1,,,,,,325200103,2,22.3819446563721
3,31,152,2,2,2,,1,"01",7500,0,0,0,0,1,,325200203,2,22.3819446563721
3,31,152,2,3,2,,1,"01",7500,0,0,0,0,1,,325200303,2,22.3819446563721
3,31,152,2,4,2,,1,"01",2500,0,0,0,0,1,,325200403,2,22.3819446563721
3,31,152,2,5,2,,1,"01",2500,0,0,0,0,1,,325200503,2,22.3819446563721
3,31,152,2,6,2,,1,"01",2500,1,,,,,,325200603,2,22.3819446563721
3,31,152,2,7,2,,1,"01",7500,1,,,,,,325200703,2,22.3819446563721
3,31,152,2,8,2,,1,"02",7500,1,,,,,,325200803,2,22.3819446563721
3,31,152,2,9,2,,1,"01",7500,0,0,0,0,1,,325200903,2,22.3819446563721
3,31,152,2,10,2,,1,"01",2500,0,0,0,0,1,,325201003,2,22.3819446563721
3,31,152,2,11,2,,1,"01",7500,0,0,0,0,1,,325201103,2,22.3819446563721
3,31,152,2,12,2,,1,"01",2500,1,,,,,,325201203,2,22.3819446563721
3,31,152,2,13,2,,1,"01",7500,1,,,,,,325201303,2,22.3819446563721
3,31,152,2,14,2,,1,"01",2500,1,,,,,,325201403,2,22.3819446563721
3,31,152,2,15,2,,1,"01",7500,1,,,,,,325201503,2,22.3819446563721
3,31,152,2,16,2,,1,"02",2500,0,0,1,,,,325201603,2,22.3819446563721
3,31,152,2,17,2,,1,"01",2500,1,,,,,,325201703,2,22.3819446563721
3,31,152,2,18,2,,1,"01",2500,0,0,0,0,1,,325201803,2,22.3819446563721
3,31,153,2,1,2,,,,,,,,,,,325300103,2,22.3819446563721
3,31,153,2,2,2,,,,,,,,,,,325300203,2,22.3819446563721
3,31,153,2,3,2,,,,,,,,,,,325300303,2,22.3819446563721
3,31,153,2,4,2,,,,,,,,,,,325300403,2,22.3819446563721
3,31,153,2,5,2,,,,,,,,,,,325300503,2,22.3819446563721
3,31,153,2,6,2,,,,,,,,,,,325300603,2,22.3819446563721
3,31,153,2,7,2,,1,"01",2500,0,0,0,0,2,,325300703,2,22.3819446563721
3,31,153,2,8,2,,,,,,,,,,,325300803,2,22.3819446563721
3,31,153,2,9,2,,,,,,,,,,,325300903,2,22.3819446563721
3,31,153,2,10,2,,2,"01",16000,0,0,0,0,1,,325301003,2,22.3819446563721
3,31,153,2,11,2,,,,,,,,,,,325301103,2,22.3819446563721
3,31,153,2,12,2,,2,"02",16000,0,0,0,1,,,325301203,2,22.3819446563721
3,31,153,2,13,2,,1,"01",2500,0,0,0,0,1,,325301303,2,22.3819446563721
3,31,153,2,14,2,,1,"01",2500,0,0,1,,,,325301403,2,22.3819446563721
3,31,153,2,15,2,,1,"01",2500,0,0,0,1,,,325301503,2,22.3819446563721
3,31,153,2,16,2,,1,"01",2500,0,0,1,,,,325301603,2,22.3819446563721
3,31,153,2,17,2,,1,"01",7500,0,0,1,,,,325301703,2,22.3819446563721
3,31,153,2,18,2,,1,"01",2500,0,0,1,,,,325301803,2,22.3819446563721
3,31,154,2,1,2,,1,"02",7500,0,0,0,1,,,325400103,2,22.3819446563721
3,31,154,2,2,2,,1,"02",2500,0,0,0,1,,,325400203,2,22.3819446563721
3,31,154,2,3,2,,1,"01",7500,0,0,0,1,,,325400303,2,22.3819446563721
3,31,154,2,4,2,,1,"01",7500,0,0,0,1,,,325400403,2,22.3819446563721
3,31,154,2,5,2,,1,"02",2500,0,0,0,1,,,325400503,2,22.3819446563721
3,31,154,2,6,2,,1,"02",2500,0,0,0,1,,,325400603,2,22.3819446563721
3,31,154,2,7,2,,1,"01",2500,0,0,0,0,1,,325400703,2,22.3819446563721
3,31,154,2,8,2,,1,"01",7500,0,0,0,0,1,,325400803,2,22.3819446563721
3,31,154,2,9,2,,1,"01",7500,0,0,0,1,,,325400903,2,22.3819446563721
3,31,154,2,10,2,,1,"02",7500,0,0,0,0,1,,325401003,2,22.3819446563721
3,31,154,2,11,2,,1,"02",7500,0,0,0,0,1,,325401103,2,22.3819446563721
3,31,154,2,12,2,,1,"01",2500,0,0,0,0,1,,325401203,2,22.3819446563721
3,31,154,2,13,2,,1,"01",7500,1,,,,,,325401303,2,22.3819446563721
3,31,154,2,14,2,,1,"01",7500,0,0,0,0,1,,325401403,2,22.3819446563721
3,31,154,2,15,2,,1,"01",2500,1,,,,,,325401503,2,22.3819446563721
3,31,154,2,16,2,,1,"02",2500,0,0,0,0,1,,325401603,2,22.3819446563721
3,31,154,2,17,2,,1,"01",2500,0,0,1,,,,325401703,2,22.3819446563721
3,31,154,2,18,2,,1,"03",2500,0,0,0,0,1,,325401803,2,22.3819446563721
3,31,155,2,1,2,,1,"01",2500,0,0,0,0,1,,325500103,2,22.3819446563721
3,31,155,2,2,2,,1,"01",7500,0,0,0,0,1,,325500203,2,22.3819446563721
3,31,155,2,3,2,,1,"01",7500,1,,,,,,325500303,2,22.3819446563721
3,31,155,2,4,2,,1,"01",7500,0,0,0,0,1,,325500403,2,22.3819446563721
3,31,155,2,5,2,,1,"02",2500,1,,,,,,325500503,2,22.3819446563721
3,31,155,2,6,2,,1,"01",2500,0,0,0,0,1,,325500603,2,22.3819446563721
3,31,155,2,7,2,,1,"01",2500,0,0,0,0,1,,325500703,2,22.3819446563721
3,31,155,2,8,2,,1,"01",2500,0,0,0,0,1,,325500803,2,22.3819446563721
3,31,155,2,9,2,,1,"01",2500,0,0,0,0,1,,325500903,2,22.3819446563721
3,31,155,2,10,2,,1,"01",7500,0,0,0,0,1,,325501003,2,22.3819446563721
3,31,155,2,11,2,,1,"01",7500,0,0,0,0,1,,325501103,2,22.3819446563721
3,31,155,2,12,2,,1,"01",7500,0,0,0,0,1,,325501203,2,22.3819446563721
3,31,155,2,13,2,,1,"01",2500,1,,,,,,325501303,2,22.3819446563721
3,31,155,2,14,2,,1,"01",7500,0,0,0,0,1,,325501403,2,22.3819446563721
3,31,155,2,15,2,,1,"01",7500,0,0,0,0,1,,325501503,2,22.3819446563721
3,31,155,2,16,2,,1,"02",2500,1,,,,,,325501603,2,22.3819446563721
3,31,155,2,17,2,,1,"02",2500,0,888,0,0,,,325501703,2,22.3819446563721
3,31,155,2,18,2,,1,"01",7500,0,0,0,1,,,325501803,2,22.3819446563721
3,31,156,2,1,2,,,,,,,,,,,325600103,2,22.3819446563721
3,31,156,2,2,2,,,,,,,,,,,325600203,2,22.3819446563721
3,31,156,2,3,2,,,,,,,,,,,325600303,2,22.3819446563721
3,31,156,2,4,2,,,,,,,,,,,325600403,2,22.3819446563721
3,31,156,2,5,2,,,,,,,,,,,325600503,2,22.3819446563721
3,31,156,2,6,2,,,,,,,,,,,325600603,2,22.3819446563721
3,31,156,2,7,2,,1,"01",2500,0,1,,,,,325600703,2,22.3819446563721
3,31,156,2,8,2,,1,"02",2500,0,1,,,,,325600803,2,22.3819446563721
3,31,156,2,9,2,,1,"01",2500,0,0,1,,,,325600903,2,22.3819446563721
3,31,156,2,10,2,,1,"01",2500,0,0,1,,,,325601003,2,22.3819446563721
3,31,156,2,11,2,,1,"01",7500,0,0,1,,,,325601103,2,22.3819446563721
3,31,156,2,12,2,,1,"01",7500,0,0,1,,,,325601203,2,22.3819446563721
3,31,156,2,13,2,,,,,,,,,,,325601303,2,22.3819446563721
3,31,156,2,14,2,,,,,,,,,,,325601403,2,22.3819446563721
3,31,156,2,15,2,,,,,,,,,,,325601503,2,22.3819446563721
3,31,156,2,16,2,,,,,,,,,,,325601603,2,22.3819446563721
3,31,156,2,17,2,,,,,,,,,,,325601703,2,22.3819446563721
3,31,156,2,18,2,,,,,,,,,,,325601803,2,22.3819446563721
3,31,157,2,1,2,,,,,,,,,,,325700103,2,22.3819446563721
3,31,157,2,2,2,,,,,,,,,,,325700203,2,22.3819446563721
3,31,157,2,3,2,,,,,,,,,,,325700303,2,22.3819446563721
3,31,157,2,4,2,,,,,,,,,,,325700403,2,22.3819446563721
3,31,157,2,5,2,,,,,,,,,,,325700503,2,22.3819446563721
3,31,157,2,6,2,,,,,,,,,,,325700603,2,22.3819446563721
3,31,157,2,7,2,,2,"01",21000,0,0,0,1,,,325700703,2,22.3819446563721
3,31,157,2,8,2,,,,,,,,,,,325700803,2,22.3819446563721
3,31,157,2,9,2,,2,"01",21000,0,0,0,0,1,,325700903,2,22.3819446563721
3,31,157,2,10,2,,2,"02",16000,0,0,0,1,,,325701003,2,22.3819446563721
3,31,157,2,11,2,,2,"01",21000,0,0,0,0,2,,325701103,2,22.3819446563721
3,31,157,2,12,2,,2,"01",16000,0,0,1,,,,325701203,2,22.3819446563721
3,31,157,2,13,2,,1,"01",7500,0,0,1,,,,325701303,2,22.3819446563721
3,31,157,2,14,2,,1,"01",7500,0,0,1,,,,325701403,2,22.3819446563721
3,31,157,2,15,2,,1,"01",2500,0,1,,,,,325701503,2,22.3819446563721
3,31,157,2,16,2,,1,"01",7500,0,0,1,,,,325701603,2,22.3819446563721
3,31,157,2,17,2,,1,"02",2500,0,1,,,,,325701703,2,22.3819446563721
3,31,157,2,19,2,,1,"01",7500,0,0,1,,,,325701903,2,22.3819446563721
3,31,158,2,1,2,,1,"01",2500,1,,,,,,325800103,2,22.3819446563721
3,31,158,2,2,2,,1,"01",7500,0,0,0,0,1,,325800203,2,22.3819446563721
3,31,158,2,3,2,,1,"01",2500,1,,,,,,325800303,2,22.3819446563721
3,31,158,2,4,2,,1,"01",7500,0,0,0,0,1,,325800403,2,22.3819446563721
3,31,158,2,5,2,,1,"01",7500,0,0,0,0,1,,325800503,2,22.3819446563721
3,31,158,2,6,2,,1,"01",7500,1,,,,,,325800603,2,22.3819446563721
3,31,158,2,7,2,,1,"01",2500,0,0,0,0,1,,325800703,2,22.3819446563721
3,31,158,2,8,2,,1,"01",7500,1,,,,,,325800803,2,22.3819446563721
3,31,158,2,9,2,,1,"01",2500,0,0,0,0,1,,325800903,2,22.3819446563721
3,31,158,2,10,2,,1,"02",7500,1,,,,,,325801003,2,22.3819446563721
3,31,158,2,11,2,,1,"01",2500,0,0,0,0,1,,325801103,2,22.3819446563721
3,31,158,2,12,2,,1,"03",2500,1,,,,,,325801203,2,22.3819446563721
3,31,158,2,13,2,,1,"01",7500,0,0,0,0,1,,325801303,2,22.3819446563721
3,31,158,2,14,2,,1,"02",7500,0,0,0,1,,,325801403,2,22.3819446563721
3,31,158,2,15,2,,1,"01",2500,0,0,0,1,,,325801503,2,22.3819446563721
3,31,158,2,16,2,,1,"01",2500,0,0,0,1,,,325801603,2,22.3819446563721
3,31,158,2,17,2,,1,"02",7500,0,0,0,1,,,325801703,2,22.3819446563721
3,31,158,2,18,2,,1,"01",2500,1,,,,,,325801803,2,22.3819446563721
3,32,159,2,1,1,842.403157894737,1,"01",2500,0,0,0,1,,,335900103,,
3,32,159,2,3,1,426.8176,,,,,,,,,,335900303,,
3,32,159,2,5,1,842.403157894737,1,"01",2500,0,0,1,,,,335900503,,
3,32,159,2,6,1,842.403157894737,,,,,,,,,,335900603,,
3,32,159,2,7,1,842.403157894737,,,,,,,,,,335900703,,
3,32,159,2,8,1,842.403157894737,,,,,,,,,,335900803,,
3,32,159,2,9,1,426.8176,,,,,,,,,,335900903,,
3,32,159,2,10,1,426.8176,,,,,,,,,,335901003,,
3,32,159,2,11,1,426.8176,1,"01",7500,0,1,,,,,335901103,,
3,32,159,2,12,1,426.8176,,,,,,,,,,335901203,,
3,32,159,2,13,1,426.8176,,,,,,,,,,335901303,,
3,32,159,2,14,1,842.403157894737,1,"02",2500,1,,,,,,335901403,,
3,32,159,2,15,1,426.8176,,,,,,,,,,335901503,,
3,32,159,2,16,1,842.403157894737,,,,,,,,,,335901603,,
3,32,159,2,17,1,426.8176,,,,,,,,,,335901703,,
3,32,159,2,20,1,842.403157894737,1,"02",7500,0,0,1,,,,335902003,,
3,32,159,2,21,1,426.8176,1,"02",7500,1,,,,,,335902103,,
3,32,159,2,22,1,426.8176,,,,,,,,,,335902203,,
3,32,160,2,1,1,874.894,1,"02",7500,1,,,,,,336000103,,
3,32,160,2,2,1,874.894,1,"01",7500,1,,,,,,336000203,,
3,32,160,2,3,1,1217.47297590361,1,"01",2500,1,,,,,,336000303,,
3,32,160,2,4,1,874.894,1,"02",7500,0,1,,,,,336000403,,
3,32,160,2,5,1,874.894,2,"02",16000,1,,,,,,336000503,,
3,32,160,2,7,1,874.894,1,"01",7500,1,,,,,,336000703,,
3,32,160,2,8,1,874.894,1,"01",2500,0,1,,,,,336000803,,
3,32,160,2,10,1,874.894,1,"02",2500,1,,,,,,336001003,,
3,32,160,2,11,1,1217.47297590361,,,,,,,,,,336001103,,
3,32,160,2,13,1,874.894,1,"02",2500,1,,,,,,336001303,,
3,32,160,2,14,1,874.894,,,,,,,,,,336001403,,
3,32,160,2,15,1,874.894,1,"02",7500,0,1,,,,,336001503,,
3,32,160,2,16,1,874.894,1,"01",7500,1,,,,,,336001603,,
3,32,160,2,17,1,1217.47297590361,,,,,,,,,,336001703,,
3,32,160,2,18,1,874.894,,,,,,,,,,336001803,,
3,32,160,2,19,1,874.894,1,"02",2500,1,,,,,,336001903,,
3,32,160,2,20,1,1217.47297590361,1,"01",2500,0,0,0,0,1,,336002003,,
3,32,160,2,21,1,874.894,1,"01",7500,0,0,0,0,1,,336002103,,
3,32,161,2,1,1,1397.90642222222,,,,,,,,,,336100103,,
3,32,161,2,2,1,1397.90642222222,,,,,,,,,,336100203,,
3,32,161,2,3,1,331.0831,1,"01",2500,0,1,,,,,336100303,,
3,32,161,2,4,1,1397.90642222222,1,"02",2500,0,1,,,,,336100403,,
3,32,161,2,5,1,331.0831,,,,,,,,,,336100503,,
3,32,161,2,6,1,1397.90642222222,,,,,,,,,,336100603,,
3,32,161,2,7,1,331.0831,1,"02",7500,0,0,0,1,,,336100703,,
3,32,161,2,8,1,331.0831,1,"01",2500,1,,,,,,336100803,,
3,32,161,2,9,1,331.0831,1,"02",7500,1,,,,,,336100903,,
3,32,161,2,10,1,331.0831,,,,,,,,,,336101003,,
3,32,161,2,11,1,1397.90642222222,1,"01",2500,1,,,,,,336101103,,
3,32,161,2,12,1,1397.90642222222,1,"03",7500,0,0,1,,,,336101203,,
3,32,161,2,13,1,331.0831,2,"03",16000,1,,,,,,336101303,,
3,32,161,2,14,1,1397.90642222222,1,"02",7500,0,0,1,,,,336101403,,
3,32,161,2,15,1,331.0831,1,"02",2500,1,,,,,,336101503,,
3,32,161,2,16,1,1397.90642222222,,,,,,,,,,336101603,,
3,32,161,2,17,1,1397.90642222222,1,"02",7500,1,,,,,,336101703,,
3,32,161,2,18,1,331.0831,1,"02",2500,1,,,,,,336101803,,
3,33,162,2,1,1,1184.27806451613,1,"02",2500,1,,,,,,346200103,,
3,33,162,2,2,1,1184.27806451613,1,"01",7500,1,,,,,,346200203,,
3,33,162,2,3,1,1184.27806451613,1,"01",2500,0,1,,,,,346200303,,
3,33,162,2,4,1,1184.27806451613,1,"01",7500,0,1,,,,,346200403,,
3,33,162,2,5,1,1184.27806451613,1,"01",7500,0,0,0,0,1,,346200503,,
3,33,162,2,6,1,1184.27806451613,1,"01",7500,0,0,0,1,,,346200603,,
3,33,162,2,7,1,1184.27806451613,1,"02",7500,0,0,0,1,,,346200703,,
3,33,162,2,8,1,1184.27806451613,1,"04",2500,1,,,,,,346200803,,
3,33,162,2,9,1,1184.27806451613,1,"01",7500,0,0,1,,,,346200903,,
3,33,162,2,10,1,1427.713,,,,,,,,,,346201003,,
3,33,162,2,11,1,1184.27806451613,1,"01",2500,0,1,,,,,346201103,,
3,33,162,2,14,1,1184.27806451613,1,"02",7500,0,1,,,,,346201403,,
3,33,162,2,15,1,1184.27806451613,1,"02",7500,1,,,,,,346201503,,
3,33,162,2,17,1,1427.713,2,"02",21000,1,,,,,,346201703,,
3,33,162,2,18,1,1427.713,1,"02",2500,1,,,,,,346201803,,
3,33,162,2,19,1,1184.27806451613,1,"01",2500,1,,,,,,346201903,,
3,33,162,2,20,1,1184.27806451613,1,"01",7500,0,1,,,,,346202003,,
3,33,162,2,22,1,1427.713,1,"02",7500,1,,,,,,346202203,,
3,33,163,1,1,1,39.26535,,,,,,,,,,346300103,,
3,33,163,1,2,1,39.26535,,,,,,,,,,346300203,,
3,33,163,1,3,1,39.26535,,,,,,,,,,346300303,,
3,33,163,1,4,1,39.26535,,,,,,,,,,346300403,,
3,33,163,1,5,1,39.26535,,,,,,,,,,346300503,,
3,33,163,1,7,1,39.26535,,,,,,,,,,346300703,,
3,33,163,1,8,1,39.26535,,,,,,,,,,346300803,,
3,33,163,1,9,1,39.26535,,,,,,,,,,346300903,,
3,33,163,1,10,1,39.26535,,,,,,,,,,346301003,,
3,33,163,1,11,1,39.26535,,,,,,,,,,346301103,,
3,33,163,1,12,1,39.26535,,,,,,,,,,346301203,,
3,33,163,1,13,1,39.26535,,,,,,,,,,346301303,,
3,33,163,1,15,1,39.26535,,,,,,,,,,346301503,,
3,33,163,1,16,1,39.26535,,,,,,,,,,346301603,,
3,33,163,1,17,1,39.26535,,,,,,,,,,346301703,,
3,33,163,1,18,1,39.26535,,,,,,,,,,346301803,,
3,33,163,1,19,1,39.26535,,,,,,,,,,346301903,,
3,33,163,1,20,1,39.26535,,,,,,,,,,346302003,,
3,33,164,1,1,1,40.7132292682927,,,,,,,,,,346400103,,
3,33,164,1,2,1,40.7132292682927,,,,,,,,,,346400203,,
3,33,164,1,4,1,208.6553,,,,,,,,,,346400403,,
3,33,164,1,5,1,208.6553,,,,,,,,,,346400503,,
3,33,164,1,6,1,208.6553,,,,,,,,,,346400603,,
3,33,164,1,8,1,208.6553,,,,,,,,,,346400803,,
3,33,164,1,9,1,208.6553,,,,,,,,,,346400903,,
3,33,164,1,10,1,208.6553,,,,,,,,,,346401003,,
3,33,164,1,11,1,208.6553,,,,,,,,,,346401103,,
3,33,164,1,12,1,208.6553,,,,,,,,,,346401203,,
3,33,164,1,13,1,208.6553,,,,,,,,,,346401303,,
3,33,164,1,14,1,208.6553,,,,,,,,,,346401403,,
3,33,164,1,15,1,208.6553,,,,,,,,,,346401503,,
3,33,164,1,16,1,208.6553,,,,,,,,,,346401603,,
3,33,164,1,17,1,208.6553,,,,,,,,,,346401703,,
3,33,164,1,18,1,208.6553,,,,,,,,,,346401803,,
3,33,164,1,19,1,208.6553,,,,,,,,,,346401903,,
3,33,164,1,20,1,208.6553,,,,,,,,,,346402003,,
3,33,165,1,1,1,61.1185308176101,1,"01",24600,0,0,1,,,,346500103,,
3,33,165,1,2,1,61.1185308176101,,,,,,,,,,346500203,,
3,33,165,1,3,1,303.6827,2,"01",8200,1,,,,,,346500303,,
3,33,165,1,4,1,303.6827,1,"02",8200,1,,,,,,346500403,,
3,33,165,1,5,1,303.6827,,,,,,,,,,346500503,,
3,33,165,1,6,1,303.6827,,,,,,,,,,346500603,,
3,33,165,1,7,1,303.6827,2,"01",16000,1,,,,,,346500703,,
3,33,165,1,8,1,303.6827,,,,,,,,,,346500803,,
3,33,165,1,9,1,303.6827,,,,,,,,,,346500903,,
3,33,165,1,10,1,303.6827,,,,,,,,,,346501003,,
3,33,165,1,11,1,303.6827,,,,,,,,,,346501103,,
3,33,165,1,12,1,303.6827,,,,,,,,,,346501203,,
3,33,165,1,13,1,303.6827,,,,,,,,,,346501303,,
3,33,165,1,14,1,303.6827,,,,,,,,,,346501403,,
3,33,165,1,15,1,303.6827,,,,,,,,,,346501503,,
3,33,165,1,16,1,303.6827,,,,,,,,,,346501603,,
3,33,165,1,17,1,303.6827,,,,,,,,,,346501703,,
3,33,165,1,18,1,303.6827,,,,,,,,,,346501803,,
3,33,166,1,1,1,356.2306,,,,,,,,,,346600103,,
3,33,166,1,2,1,356.2306,2,"02",8200,1,,,,,,346600203,,
3,33,166,1,3,1,356.2306,2,"02",8200,1,,,,,,346600303,,
3,33,166,1,4,1,356.2306,2,"01",21000,1,,,,,,346600403,,
3,33,166,1,5,1,55.8271835820896,,,,,,,,,,346600503,,
3,33,166,1,6,1,356.2306,,,,,,,,,,346600603,,
3,33,166,1,7,1,356.2306,,,,,,,,,,346600703,,
3,33,166,1,8,1,55.8271835820896,,,,,,,,,,346600803,,
3,33,166,1,9,1,356.2306,,,,,,,,,,346600903,,
3,33,166,1,10,1,55.8271835820896,,,,,,,,,,346601003,,
3,33,166,1,11,1,55.8271835820896,1,"01",7500,1,,,,,,346601103,,
3,33,166,1,13,1,356.2306,,,,,,,,,,346601303,,
3,33,166,1,14,1,356.2306,2,"02",8200,0,0,0,0,2,,346601403,,
3,33,166,1,15,1,356.2306,,,,,,,,,,346601503,,
3,33,166,1,16,1,356.2306,,,,,,,,,,346601603,,
3,33,166,1,17,1,356.2306,1,"02",8200,0,1,,,,,346601703,,
3,33,166,1,18,1,356.2306,,,,,,,,,,346601803,,
3,33,166,1,21,1,356.2306,2,"02",8200,1,,,,,,346602103,,
3,33,167,2,1,1,1067.15995098039,1,"01",7500,0,0,0,0,1,,346700103,,
3,33,167,2,2,1,1067.15995098039,1,"01",7500,0,1,,,,,346700203,,
3,33,167,2,3,1,1067.15995098039,1,"01",2500,0,1,,,,,346700303,,
3,33,167,2,4,1,1067.15995098039,1,"01",2500,1,,,,,,346700403,,
3,33,167,2,5,1,1067.15995098039,1,"02",2500,1,,,,,,346700503,,
3,33,167,2,6,1,1067.15995098039,1,"02",7500,0,1,,,,,346700603,,
3,33,167,2,7,1,1067.15995098039,1,"02",7500,0,0,0,1,,,346700703,,
3,33,167,2,8,1,1067.15995098039,1,"02",7500,0,0,0,0,1,,346700803,,
3,33,167,2,9,1,1067.15995098039,1,"02",7500,0,0,0,0,1,,346700903,,
3,33,167,2,10,1,3110.009,1,"01",2500,1,,,,,,346701003,,
3,33,167,2,11,1,1067.15995098039,1,"02",7500,0,0,0,1,,,346701103,,
3,33,167,2,13,1,1067.15995098039,1,"01",2500,1,,,,,,346701303,,
3,33,167,2,14,1,1067.15995098039,1,"02",7500,0,0,1,,,,346701403,,
3,33,167,2,15,1,1067.15995098039,1,"02",7500,0,0,0,0,1,,346701503,,
3,33,167,2,16,1,1067.15995098039,1,"02",7500,0,0,0,1,,,346701603,,
3,33,167,2,17,1,1067.15995098039,1,"02",2500,1,,,,,,346701703,,
3,33,167,2,18,1,3110.009,1,"01",7500,1,,,,,,346701803,,
3,33,167,2,20,1,1067.15995098039,1,"01",7500,0,1,,,,,346702003,,
3,33,168,1,1,1,384.5632,,,,,,,,,,346800103,,
3,33,168,1,3,1,384.5632,,,,,,,,,,346800303,,
3,33,168,1,4,1,384.5632,,,,,,,,,,346800403,,
3,33,168,1,5,1,384.5632,,,,,,,,,,346800503,,
3,33,168,1,6,1,384.5632,,,,,,,,,,346800603,,
3,33,168,1,7,1,728.80244415011,1,"01",45100,1,,,,,,346800703,,
3,33,168,1,8,1,384.5632,,,,,,,,,,346800803,,
3,33,168,1,9,1,384.5632,,,,,,,,,,346800903,,
3,33,168,1,10,1,384.5632,,,,,,,,,,346801003,,
3,33,168,1,11,1,384.5632,,,,,,,,,,346801103,,
3,33,168,1,12,1,384.5632,,,,,,,,,,346801203,,
3,33,168,1,13,1,384.5632,,,,,,,,,,346801303,,
3,33,168,1,14,1,384.5632,,,,,,,,,,346801403,,
3,33,168,1,15,1,384.5632,,,,,,,,,,346801503,,
3,33,168,1,16,1,384.5632,,,,,,,,,,346801603,,
3,33,168,1,17,1,384.5632,,,,,,,,,,346801703,,
3,33,168,1,20,1,384.5632,,,,,,,,,,346802003,,
3,33,168,1,21,1,384.5632,,,,,,,,,,346802103,,
3,33,169,1,1,1,251.307332571429,1,"01",24600,0,0,0,0,1,,346900103,,
3,33,169,1,2,1,251.307332571429,1,"01",7500,0,0,0,1,,,346900203,,
3,33,169,1,3,1,251.307332571429,1,"01",2500,1,,,,,,346900303,,
3,33,169,1,4,1,251.307332571429,1,"02",7500,0,0,0,0,1,,346900403,,
3,33,169,1,5,1,251.307332571429,1,"02",2500,1,,,,,,346900503,,
3,33,169,1,6,1,192.8894,,,,,,,,,,346900603,,
3,33,169,1,7,1,251.307332571429,,,,,,,,,,346900703,,
3,33,169,1,8,1,192.8894,,,,,,,,,,346900803,,
3,33,169,1,9,1,192.8894,,,,,,,,,,346900903,,
3,33,169,1,10,1,192.8894,,,,,,,,,,346901003,,
3,33,169,1,12,1,192.8894,,,,,,,,,,346901203,,
3,33,169,1,13,1,251.307332571429,1,"01",7500,1,,,,,,346901303,,
3,33,169,1,14,1,251.307332571429,1,"02",7500,1,,,,,,346901403,,
3,33,169,1,15,1,192.8894,,,,,,,,,,346901503,,
3,33,169,1,17,1,251.307332571429,1,"01",2500,1,,,,,,346901703,,
3,33,169,1,18,1,192.8894,2,"02",21000,0,0,1,,,,346901803,,
3,33,169,1,19,1,251.307332571429,1,"02",7500,0,0,0,0,1,,346901903,,
3,33,169,1,22,1,192.8894,,,,,,,,,,346902203,,
3,33,170,2,1,1,1375.08,1,"02",7500,0,1,,,,,347000103,,
3,33,170,2,3,1,1065.687,1,"01",7500,1,,,,,,347000303,,
3,33,170,2,4,1,1375.08,1,"02",7500,1,,,,,,347000403,,
3,33,170,2,5,1,1065.687,1,"01",2500,1,,,,,,347000503,,
3,33,170,2,6,1,1065.687,1,"01",2500,0,1,,,,,347000603,,
3,33,170,2,7,1,1065.687,1,"01",2500,1,,,,,,347000703,,
3,33,170,2,8,1,1065.687,1,"01",2500,1,,,,,,347000803,,
3,33,170,2,9,1,1065.687,1,"02",7500,1,,,,,,347000903,,
3,33,170,2,10,1,1375.08,2,"02",21000,0,1,,,,,347001003,,
3,33,170,2,11,1,1375.08,1,"02",7500,0,0,1,,,,347001103,,
3,33,170,2,12,1,1375.08,1,"02",7500,1,,,,,,347001203,,
3,33,170,2,13,1,1375.08,,,,,,,,,,347001303,,
3,33,170,2,15,1,1065.687,1,"01",7500,0,0,1,,,,347001503,,
3,33,170,2,16,1,1375.08,1,"01",2500,1,,,,,,347001603,,
3,33,170,2,17,1,1375.08,1,"01",7500,1,,,,,,347001703,,
3,33,170,2,18,1,1375.08,1,"02",2500,0,1,,,,,347001803,,
3,33,170,2,19,1,1065.687,1,"02",7500,0,0,0,0,1,,347001903,,
3,33,170,2,22,1,1375.08,1,"01",2500,0,1,,,,,347002203,,
3,33,171,1,1,1,92.5471440443213,2,"01",16000,1,,,,,,347100103,,
3,33,171,1,2,1,607.4458,,,,,,,,,,347100203,,
3,33,171,1,3,1,607.4458,,,,,,,,,,347100303,,
3,33,171,1,4,1,607.4458,,,,,,,,,,347100403,,
3,33,171,1,5,1,92.5471440443213,,,,,,,,,,347100503,,
3,33,171,1,6,1,92.5471440443213,,,,,,,,,,347100603,,
3,33,171,1,7,1,92.5471440443213,,,,,,,,,,347100703,,
3,33,171,1,8,1,92.5471440443213,1,"01",8200,0,0,1,,,,347100803,,
3,33,171,1,9,1,92.5471440443213,,,,,,,,,,347100903,,
3,33,171,1,10,1,92.5471440443213,1,"02",7500,0,1,,,,,347101003,,
3,33,171,1,11,1,607.4458,,,,,,,,,,347101103,,
3,33,171,1,12,1,607.4458,,,,,,,,,,347101203,,
3,33,171,1,13,1,607.4458,,,,,,,,,,347101303,,
3,33,171,1,15,1,607.4458,2,"02",24600,1,,,,,,347101503,,
3,33,171,1,16,1,607.4458,,,,,,,,,,347101603,,
3,33,171,1,20,1,607.4458,,,,,,,,,,347102003,,
3,33,171,1,21,1,607.4458,,,,,,,,,,347102103,,
3,33,171,1,22,1,607.4458,,,,,,,,,,347102203,,
3,33,172,1,1,1,451.5992,,,,,,,,,,347200103,,
3,33,172,1,2,1,94.4521202614379,,,,,,,,,,347200203,,
3,33,172,1,3,1,94.4521202614379,1,"02",2500,0,1,,,,,347200303,,
3,33,172,1,4,1,451.5992,2,"01",8200,1,,,,,,347200403,,
3,33,172,1,5,1,451.5992,,,,,,,,,,347200503,,
3,33,172,1,6,1,451.5992,,,,,,,,,,347200603,,
3,33,172,1,7,1,451.5992,,,,,,,,,,347200703,,
3,33,172,1,8,1,451.5992,,,,,,,,,,347200803,,
3,33,172,1,9,1,451.5992,,,,,,,,,,347200903,,
3,33,172,1,10,1,451.5992,2,"01",21000,1,,,,,,347201003,,
3,33,172,1,12,1,451.5992,,,,,,,,,,347201203,,
3,33,172,1,13,1,451.5992,,,,,,,,,,347201303,,
3,33,172,1,14,1,451.5992,,,,,,,,,,347201403,,
3,33,172,1,15,1,451.5992,,,,,,,,,,347201503,,
3,33,172,1,16,1,451.5992,,,,,,,,,,347201603,,
3,33,172,1,17,1,94.4521202614379,,,,,,,,,,347201703,,
3,33,172,1,18,1,451.5992,,,,,,,,,,347201803,,
3,33,172,1,20,1,451.5992,,,,,,,,,,347202003,,
3,33,173,1,1,1,681.81784,2,"02",16000,1,,,,,,347300103,,
3,33,173,1,2,1,681.81784,1,"02",7500,0,1,,,,,347300203,,
3,33,173,1,3,1,681.81784,2,"02",16000,0,0,0,0,1,,347300303,,
3,33,173,1,4,1,697.3137,,,,,,,,,,347300403,,
3,33,173,1,5,1,681.81784,1,"01",2500,0,0,0,0,555,8,347300503,,
3,33,173,1,6,1,681.81784,1,"02",2500,0,0,1,,,,347300603,,
3,33,173,1,7,1,681.81784,1,"01",8200,0,0,0,1,,,347300703,,
3,33,173,1,8,1,681.81784,1,"02",2500,0,1,,,,,347300803,,
3,33,173,1,10,1,697.3137,,,,,,,,,,347301003,,
3,33,173,1,11,1,697.3137,,,,,,,,,,347301103,,
3,33,173,1,12,1,697.3137,,,,,,,,,,347301203,,
3,33,173,1,13,1,681.81784,,,,,,,,,,347301303,,
3,33,173,1,14,1,697.3137,2,"02",21000,0,0,0,0,1,,347301403,,
3,33,173,1,15,1,681.81784,,,,,,,,,,347301503,,
3,33,173,1,16,1,697.3137,2,"02",8200,0,0,0,0,555,4,347301603,,
3,33,173,1,18,1,697.3137,,,,,,,,,,347301803,,
3,33,173,1,19,1,681.81784,2,"01",24600,0,0,0,0,2,,347301903,,
3,33,173,1,20,1,697.3137,,,,,,,,,,347302003,,
3,33,174,1,1,1,33.4869953051643,2,"01",21000,1,,,,,,347400103,,
3,33,174,1,2,1,226.9505,,,,,,,,,,347400203,,
3,33,174,1,3,1,226.9505,,,,,,,,,,347400303,,
3,33,174,1,4,1,33.4869953051643,1,"01",8200,1,,,,,,347400403,,
3,33,174,1,5,1,33.4869953051643,1,"02",45100,1,,,,,,347400503,,
3,33,174,1,6,1,33.4869953051643,1,"01",2500,0,0,1,,,,347400603,,
3,33,174,1,7,1,226.9505,,,,,,,,,,347400703,,
3,33,174,1,8,1,226.9505,,,,,,,,,,347400803,,
3,33,174,1,9,1,226.9505,,,,,,,,,,347400903,,
3,33,174,1,10,1,226.9505,,,,,,,,,,347401003,,
3,33,174,1,12,1,33.4869953051643,1,"02",2500,0,0,1,,,,347401203,,
3,33,174,1,13,1,226.9505,,,,,,,,,,347401303,,
3,33,174,1,15,1,226.9505,,,,,,,,,,347401503,,
3,33,174,1,16,1,226.9505,,,,,,,,,,347401603,,
3,33,174,1,18,1,226.9505,1,"02",2500,1,,,,,,347401803,,
3,33,174,1,19,1,33.4869953051643,1,"02",7500,0,1,,,,,347401903,,
3,33,174,1,20,1,33.4869953051643,1,"02",8200,1,,,,,,347402003,,
3,33,174,1,21,1,226.9505,,,,,,,,,,347402103,,
3,33,175,1,1,1,148.1571,,,,,,,,,,347500103,,
3,33,175,1,2,1,148.1571,,,,,,,,,,347500203,,
3,33,175,1,3,1,1096.20900932643,2,"02",21000,0,0,1,,,,347500303,,
3,33,175,1,4,1,148.1571,,,,,,,,,,347500403,,
3,33,175,1,5,1,148.1571,,,,,,,,,,347500503,,
3,33,175,1,6,1,148.1571,,,,,,,,,,347500603,,
3,33,175,1,7,1,148.1571,,,,,,,,,,347500703,,
3,33,175,1,8,1,148.1571,2,"01",45100,0,0,0,1,,,347500803,,
3,33,175,1,9,1,148.1571,,,,,,,,,,347500903,,
3,33,175,1,10,1,148.1571,2,"01",16000,0,0,1,,,,347501003,,
3,33,175,1,11,1,148.1571,,,,,,,,,,347501103,,
3,33,175,1,12,1,148.1571,2,"02",16000,1,,,,,,347501203,,
3,33,175,1,13,1,148.1571,,,,,,,,,,347501303,,
3,33,175,1,14,1,148.1571,,,,,,,,,,347501403,,
3,33,175,1,15,1,148.1571,,,,,,,,,,347501503,,
3,33,175,1,16,1,148.1571,,,,,,,,,,347501603,,
3,33,175,1,17,1,148.1571,,,,,,,,,,347501703,,
3,33,175,1,18,1,148.1571,,,,,,,,,,347501803,,
3,34,176,1,1,1,244.9496,,,,,,,,,,357600103,,
3,34,176,1,2,1,25.1660547945205,,,,,,,,,,357600203,,
3,34,176,1,3,1,244.9496,,,,,,,,,,357600303,,
3,34,176,1,4,1,25.1660547945205,1,"01",2500,1,,,,,,357600403,,
3,34,176,1,5,1,244.9496,2,"02",21000,0,0,0,1,,,357600503,,
3,34,176,1,6,1,25.1660547945205,1,"01",8200,0,0,0,0,1,,357600603,,
3,34,176,1,8,1,244.9496,,,,,,,,,,357600803,,
3,34,176,1,9,1,244.9496,,,,,,,,,,357600903,,
3,34,176,1,10,1,244.9496,,,,,,,,,,357601003,,
3,34,176,1,11,1,244.9496,,,,,,,,,,357601103,,
3,34,176,1,12,1,244.9496,,,,,,,,,,357601203,,
3,34,176,1,13,1,244.9496,,,,,,,,,,357601303,,
3,34,176,1,14,1,244.9496,2,"02",21000,0,0,0,0,2,,357601403,,
3,34,176,1,15,1,244.9496,,,,,,,,,,357601503,,
3,34,176,1,16,1,244.9496,,,,,,,,,,357601603,,
3,34,176,1,17,1,244.9496,,,,,,,,,,357601703,,
3,34,176,1,18,1,244.9496,,,,,,,,,,357601803,,
3,34,176,1,19,1,244.9496,,,,,,,,,,357601903,,
3,34,177,2,1,1,1238.97888375,1,"01",2500,0,0,1,,,,357700103,,
3,34,177,2,2,1,1238.97888375,1,"01",7500,1,,,,,,357700203,,
3,34,177,2,3,1,1238.97888375,1,"01",7500,0,0,1,,,,357700303,,
3,34,177,2,4,1,1238.97888375,1,"01",2500,1,,,,,,357700403,,
3,34,177,2,5,1,1238.97888375,1,"02",7500,1,,,,,,357700503,,
3,34,177,2,6,1,909.3423,,,,,,,,,,357700603,,
3,34,177,2,7,1,1238.97888375,1,"01",7500,1,,,,,,357700703,,
3,34,177,2,8,1,1238.97888375,1,"02",7500,1,,,,,,357700803,,
3,34,177,2,9,1,1238.97888375,1,"02",2500,1,,,,,,357700903,,
3,34,177,2,10,1,1238.97888375,1,"01",2500,1,,,,,,357701003,,
3,34,177,2,11,1,909.3423,1,"01",7500,0,0,1,,,,357701103,,
3,34,177,2,12,1,909.3423,1,"02",7500,0,0,1,,,,357701203,,
3,34,177,2,13,1,909.3423,1,"02",2500,1,,,,,,357701303,,
3,34,177,2,14,1,1238.97888375,1,"01",2500,1,,,,,,357701403,,
3,34,177,2,15,1,909.3423,,,,,,,,,,357701503,,
3,34,177,2,16,1,909.3423,1,"02",7500,0,0,1,,,,357701603,,
3,34,177,2,17,1,909.3423,2,"01",21000,0,1,,,,,357701703,,
3,34,177,2,18,1,909.3423,,,,,,,,,,357701803,,
3,34,178,1,1,1,155.0491,,,,,,,,,,357800103,,
3,34,178,1,2,1,308.448741489362,1,"01",24600,0,0,0,0,1,,357800203,,
3,34,178,1,3,1,308.448741489362,1,"01",7500,1,,,,,,357800303,,
3,34,178,1,4,1,308.448741489362,1,"01",45100,0,0,0,0,1,,357800403,,
3,34,178,1,5,1,308.448741489362,1,"01",8200,0,0,0,0,1,,357800503,,
3,34,178,1,6,1,308.448741489362,1,"02",2500,0,1,,,,,357800603,,
3,34,178,1,7,1,308.448741489362,2,"01",24600,1,,,,,,357800703,,
3,34,178,1,9,1,308.448741489362,1,"01",2500,1,,,,,,357800903,,
3,34,178,1,10,1,155.0491,,,,,,,,,,357801003,,
3,34,178,1,11,1,308.448741489362,1,"02",2500,0,1,,,,,357801103,,
3,34,178,1,12,1,155.0491,,,,,,,,,,357801203,,
3,34,178,1,13,1,155.0491,,,,,,,,,,357801303,,
3,34,178,1,14,1,155.0491,,,,,,,,,,357801403,,
3,34,178,1,15,1,308.448741489362,2,"01",24600,1,,,,,,357801503,,
3,34,178,1,16,1,308.448741489362,1,"01",2500,1,,,,,,357801603,,
3,34,178,1,17,1,155.0491,,,,,,,,,,357801703,,
3,34,178,1,18,1,308.448741489362,1,"02",7500,0,0,1,,,,357801803,,
3,34,178,1,22,1,308.448741489362,2,"01",21000,1,,,,,,357802203,,
3,34,179,2,1,1,1415.74600588235,1,"02",2500,0,1,,,,,357900103,,
3,34,179,2,2,1,1415.74600588235,1,"01",2500,1,,,,,,357900203,,
3,34,179,2,3,1,1415.74600588235,1,"03",2500,1,,,,,,357900303,,
3,34,179,2,4,1,1415.74600588235,1,"01",7500,1,,,,,,357900403,,
3,34,179,2,6,1,1415.74600588235,1,"01",7500,0,1,,,,,357900603,,
3,34,179,2,7,1,1415.74600588235,1,"01",7500,0,1,,,,,357900703,,
3,34,179,2,8,1,1415.74600588235,1,"01",2500,0,1,,,,,357900803,,
3,34,179,2,9,1,1415.74600588235,1,"02",2500,1,,,,,,357900903,,
3,34,179,2,10,1,729.3237,1,"01",2500,1,,,,,,357901003,,
3,34,179,2,11,1,1415.74600588235,1,"02",2500,1,,,,,,357901103,,
3,34,179,2,12,1,729.3237,1,"01",7500,1,,,,,,357901203,,
3,34,179,2,13,1,1415.74600588235,1,"01",7500,1,,,,,,357901303,,
3,34,179,2,14,1,1415.74600588235,1,"01",7500,1,,,,,,357901403,,
3,34,179,2,15,1,1415.74600588235,1,"02",7500,0,1,,,,,357901503,,
3,34,179,2,16,1,1415.74600588235,1,"01",2500,0,0,1,,,,357901603,,
3,34,179,2,17,1,1415.74600588235,1,"02",2500,1,,,,,,357901703,,
3,34,179,2,18,1,1415.74600588235,1,"01",7500,1,,,,,,357901803,,
3,34,179,2,21,1,1415.74600588235,1,"02",7500,1,,,,,,357902103,,
3,34,180,1,1,1,178.477,,,,,,,,,,358000103,,
3,34,180,1,2,1,76.2036629213483,1,"02",8200,1,,,,,,358000203,,
3,34,180,1,3,1,178.477,,,,,,,,,,358000303,,
3,34,180,1,4,1,76.2036629213483,1,"01",2500,1,,,,,,358000403,,
3,34,180,1,5,1,76.2036629213483,,,,,,,,,,358000503,,
3,34,180,1,6,1,76.2036629213483,1,"02",8200,0,0,1,,,,358000603,,
3,34,180,1,7,1,76.2036629213483,,,,,,,,,,358000703,,
3,34,180,1,8,1,178.477,,,,,,,,,,358000803,,
3,34,180,1,11,1,178.477,,,,,,,,,,358001103,,
3,34,180,1,12,1,178.477,,,,,,,,,,358001203,,
3,34,180,1,13,1,178.477,1,"02",8200,0,0,0,0,1,,358001303,,
3,34,180,1,14,1,178.477,,,,,,,,,,358001403,,
3,34,180,1,15,1,178.477,,,,,,,,,,358001503,,
3,34,180,1,16,1,178.477,2,"01",24600,0,0,0,0,2,,358001603,,
3,34,180,1,17,1,178.477,,,,,,,,,,358001703,,
3,34,180,1,18,1,178.477,,,,,,,,,,358001803,,
3,34,180,1,20,1,76.2036629213483,,,,,,,,,,358002003,,
3,34,180,1,21,1,178.477,,,,,,,,,,358002103,,
3,34,181,2,1,1,1090.555,1,"01",7500,1,,,,,,358100103,,
3,34,181,2,3,1,1090.555,1,"01",2500,1,,,,,,358100303,,
3,34,181,2,4,1,1090.555,1,"02",7500,0,0,1,,,,358100403,,
3,34,181,2,5,1,1090.555,1,"01",7500,0,0,0,0,1,,358100503,,
3,34,181,2,6,1,1090.555,1,"02",7500,0,0,0,1,,,358100603,,
3,34,181,2,7,1,1090.555,1,"01",7500,0,1,,,,,358100703,,
3,34,181,2,8,1,1090.555,1,"01",2500,1,,,,,,358100803,,
3,34,181,2,9,1,1090.555,1,"01",7500,1,,,,,,358100903,,
3,34,181,2,10,1,1090.555,1,"02",7500,0,1,,,,,358101003,,
3,34,181,2,13,1,1090.555,1,"01",2500,1,,,,,,358101303,,
3,34,181,2,14,1,1090.555,1,"01",7500,1,,,,,,358101403,,
3,34,181,2,15,1,1090.555,1,"01",2500,0,0,0,0,1,,358101503,,
3,34,181,2,16,1,1090.555,1,"01",7500,1,,,,,,358101603,,
3,34,181,2,17,1,1090.555,1,"02",7500,0,1,,,,,358101703,,
3,34,181,2,18,1,1090.555,1,"02",2500,1,,,,,,358101803,,
3,34,181,2,20,1,1090.555,1,"01",2500,0,0,0,0,1,,358102003,,
3,34,181,2,21,1,1090.555,1,"02",2500,0,1,,,,,358102103,,
3,34,181,2,22,1,1090.555,1,"02",2500,1,,,,,,358102203,,
3,35,182,2,1,1,1370.70923611111,1,"02",7500,1,,,,,,368200103,,
3,35,182,2,2,1,1370.70923611111,1,"02",2500,1,,,,,,368200203,,
3,35,182,2,3,1,1370.70923611111,1,"02",7500,1,,,,,,368200303,,
3,35,182,2,4,1,1370.70923611111,1,"01",2500,0,0,0,0,1,,368200403,,
3,35,182,2,5,1,897.1915,1,"02",2500,1,,,,,,368200503,,
3,35,182,2,6,1,1370.70923611111,1,"02",7500,1,,,,,,368200603,,
3,35,182,2,7,1,1370.70923611111,,,,,,,,,,368200703,,
3,35,182,2,8,1,1370.70923611111,1,"01",7500,0,1,,,,,368200803,,
3,35,182,2,9,1,1370.70923611111,1,"01",7500,1,,,,,,368200903,,
3,35,182,2,10,1,897.1915,1,"02",2500,0,888,888,888,,,368201003,,
3,35,182,2,11,1,897.1915,1,"02",2500,1,,,,,,368201103,,
3,35,182,2,12,1,897.1915,1,"01",2500,1,,,,,,368201203,,
3,35,182,2,13,1,897.1915,1,"02",7500,1,,,,,,368201303,,
3,35,182,2,14,1,897.1915,,,,,,,,,,368201403,,
3,35,182,2,15,1,897.1915,1,"02",7500,0,0,0,0,3,,368201503,,
3,35,182,2,16,1,897.1915,1,"01",7500,0,1,,,,,368201603,,
3,35,182,2,17,1,897.1915,1,"01",7500,0,0,0,0,1,,368201703,,
3,35,182,2,18,1,897.1915,1,"02",7500,0,888,888,1,,,368201803,,
3,35,183,2,1,1,162.5009,1,"02",7500,1,,,,,,368300103,,
3,35,183,2,2,1,1357.25183522727,1,"02",7500,1,,,,,,368300203,,
3,35,183,2,3,1,1357.25183522727,1,"01",7500,1,,,,,,368300303,,
3,35,183,2,4,1,1357.25183522727,1,"02",2500,0,1,,,,,368300403,,
3,35,183,2,5,1,1357.25183522727,1,"01",7500,0,0,1,,,,368300503,,
3,35,183,2,6,1,1357.25183522727,1,"01",2500,1,,,,,,368300603,,
3,35,183,2,7,1,1357.25183522727,1,"01",2500,1,,,,,,368300703,,
3,35,183,2,9,1,1357.25183522727,1,"01",7500,0,0,0,0,1,,368300903,,
3,35,183,2,10,1,1357.25183522727,1,"01",2500,1,,,,,,368301003,,
3,35,183,2,11,1,162.5009,1,"02",7500,0,0,0,1,,,368301103,,
3,35,183,2,12,1,162.5009,1,"02",7500,1,,,,,,368301203,,
3,35,183,2,13,1,162.5009,1,"02",2500,1,,,,,,368301303,,
3,35,183,2,15,1,1357.25183522727,1,"01",2500,1,,,,,,368301503,,
3,35,183,2,16,1,1357.25183522727,1,"01",7500,0,0,1,,,,368301603,,
3,35,183,2,17,1,162.5009,1,"01",2500,0,0,1,,,,368301703,,
3,35,183,2,18,1,162.5009,1,"01",2500,1,,,,,,368301803,,
3,35,183,2,19,1,1357.25183522727,1,"01",7500,0,0,1,,,,368301903,,
3,35,183,2,20,1,162.5009,1,"02",2500,1,,,,,,368302003,,
3,35,184,2,1,1,1540.114,1,"01",7500,1,,,,,,368400103,,
3,35,184,2,2,1,1540.114,1,"01",7500,1,,,,,,368400203,,
3,35,184,2,3,1,1540.114,1,"02",2500,1,,,,,,368400303,,
3,35,184,2,4,1,1540.114,1,"02",7500,0,1,,,,,368400403,,
3,35,184,2,5,1,1540.114,1,"02",7500,1,,,,,,368400503,,
3,35,184,2,6,1,1540.114,1,"02",7500,1,,,,,,368400603,,
3,35,184,2,7,1,1540.114,1,"01",2500,1,,,,,,368400703,,
3,35,184,2,8,1,1540.114,1,"02",2500,1,,,,,,368400803,,
3,35,184,2,9,1,1540.114,1,"02",2500,1,,,,,,368400903,,
3,35,184,2,10,1,1540.114,1,"02",2500,0,1,,,,,368401003,,
3,35,184,2,11,1,1540.114,1,"02",7500,0,0,0,1,,,368401103,,
3,35,184,2,12,1,1540.114,1,"01",7500,0,0,0,1,,,368401203,,
3,35,184,2,13,1,1540.114,1,"07",2500,1,,,,,,368401303,,
3,35,184,2,14,1,1540.114,1,"02",7500,1,,,,,,368401403,,
3,35,184,2,15,1,1540.114,1,"02",7500,0,0,0,1,,,368401503,,
3,35,184,2,16,1,1540.114,1,"01",2500,1,,,,,,368401603,,
3,35,184,2,17,1,1540.114,1,"02",7500,1,,,,,,368401703,,
3,35,184,2,18,1,1540.114,1,"01",7500,0,0,1,,,,368401803,,
3,35,185,1,1,1,50.1458777777778,1,"02",7500,1,,,,,,368500103,,
3,35,185,1,2,1,50.1458777777778,1,"03",2500,1,,,,,,368500203,,
3,35,185,1,3,1,50.1458777777778,1,"02",8200,1,,,,,,368500303,,
3,35,185,1,4,1,50.1458777777778,1,"01",2500,1,,,,,,368500403,,
3,35,185,1,6,1,50.1458777777778,,,,,,,,,,368500603,,
3,35,185,1,7,1,90.26258,,,,,,,,,,368500703,,
3,35,185,1,8,1,50.1458777777778,1,"01",45100,0,0,0,1,,,368500803,,
3,35,185,1,9,1,50.1458777777778,1,"01",24600,0,0,0,0,1,,368500903,,
3,35,185,1,10,1,90.26258,2,"02",8200,0,1,,,,,368501003,,
3,35,185,1,11,1,90.26258,,,,,,,,,,368501103,,
3,35,185,1,12,1,90.26258,,,,,,,,,,368501203,,
3,35,185,1,13,1,90.26258,,,,,,,,,,368501303,,
3,35,185,1,14,1,90.26258,,,,,,,,,,368501403,,
3,35,185,1,15,1,50.1458777777778,1,"02",2500,1,,,,,,368501503,,
3,35,185,1,16,1,90.26258,,,,,,,,,,368501603,,
3,35,185,1,17,1,90.26258,,,,,,,,,,368501703,,
3,35,185,1,18,1,50.1458777777778,1,"02",2500,1,,,,,,368501803,,
3,35,185,1,19,1,90.26258,,,,,,,,,,368501903,,
3,35,186,2,2,1,743.521949216301,1,"01",2500,1,,,,,,368600203,,
3,35,186,2,3,1,743.521949216301,1,"01",7500,1,,,,,,368600303,,
3,35,186,2,4,1,743.521949216301,1,"02",7500,1,,,,,,368600403,,
3,35,186,2,5,1,743.521949216301,1,"01",7500,0,1,,,,,368600503,,
3,35,186,2,6,1,743.521949216301,1,"02",2500,1,,,,,,368600603,,
3,35,186,2,7,1,743.521949216301,1,"02",7500,0,1,,,,,368600703,,
3,35,186,2,8,1,743.521949216301,1,"01",7500,0,0,0,0,1,,368600803,,
3,35,186,2,9,1,743.521949216301,1,"02",7500,1,,,,,,368600903,,
3,35,186,2,10,1,891.6673,1,"02",2500,1,,,,,,368601003,,
3,35,186,2,11,1,891.6673,,,,,,,,,,368601103,,
3,35,186,2,12,1,891.6673,,,,,,,,,,368601203,,
3,35,186,2,13,1,743.521949216301,1,"02",7500,0,1,,,,,368601303,,
3,35,186,2,14,1,743.521949216301,1,"02",2500,1,,,,,,368601403,,
3,35,186,2,15,1,891.6673,,,,,,,,,,368601503,,
3,35,186,2,16,1,891.6673,1,"01",7500,0,0,0,0,1,,368601603,,
3,35,186,2,17,1,891.6673,,,,,,,,,,368601703,,
3,35,186,2,18,1,891.6673,,,,,,,,,,368601803,,
3,35,186,2,19,1,743.521949216301,1,"01",7500,0,1,,,,,368601903,,
3,36,187,1,1,1,186.785646215596,,,,,,,,,,378700103,,
3,36,187,1,3,1,186.785646215596,1,"01",45100,0,0,0,0,1,,378700303,,
3,36,187,1,4,1,392.4749,,,,,,,,,,378700403,,
3,36,187,1,5,1,186.785646215596,1,"01",2500,0,0,0,0,1,,378700503,,
3,36,187,1,6,1,186.785646215596,1,"02",8200,0,0,0,0,1,,378700603,,
3,36,187,1,7,1,392.4749,,,,,,,,,,378700703,,
3,36,187,1,8,1,186.785646215596,1,"02",8200,0,0,0,1,,,378700803,,
3,36,187,1,9,1,186.785646215596,,,,,,,,,,378700903,,
3,36,187,1,10,1,392.4749,,,,,,,,,,378701003,,
3,36,187,1,11,1,392.4749,,,,,,,,,,378701103,,
3,36,187,1,12,1,392.4749,,,,,,,,,,378701203,,
3,36,187,1,13,1,392.4749,,,,,,,,,,378701303,,
3,36,187,1,14,1,392.4749,,,,,,,,,,378701403,,
3,36,187,1,15,1,392.4749,,,,,,,,,,378701503,,
3,36,187,1,16,1,392.4749,,,,,,,,,,378701603,,
3,36,187,1,17,1,392.4749,,,,,,,,,,378701703,,
3,36,187,1,18,1,392.4749,,,,,,,,,,378701803,,
3,36,187,1,20,1,186.785646215596,1,"02",7500,0,0,0,0,1,,378702003,,
3,36,188,2,1,1,1563.48593814433,1,"02",2500,1,,,,,,378800103,,
3,36,188,2,3,1,1563.48593814433,1,"02",7500,0,0,0,0,1,,378800303,,
3,36,188,2,4,1,130.290494845361,1,"02",7500,1,,,,,,378800403,,
3,36,188,2,5,1,1563.48593814433,1,"01",2500,1,,,,,,378800503,,
3,36,188,2,6,1,1563.48593814433,,,,,,,,,,378800603,,
3,36,188,2,7,1,1563.48593814433,1,"01",2500,1,,,,,,378800703,,
3,36,188,2,8,1,1563.48593814433,,,,,,,,,,378800803,,
3,36,188,2,9,1,1563.48593814433,1,"01",7500,0,0,0,0,1,,378800903,,
3,36,188,2,10,1,1563.48593814433,1,"01",7500,1,,,,,,378801003,,
3,36,188,2,11,1,1563.48593814433,1,"01",2500,0,0,0,0,1,,378801103,,
3,36,188,2,12,1,1563.48593814433,1,"02",7500,0,0,0,0,1,,378801203,,
3,36,188,2,13,1,1563.48593814433,1,"01",7500,1,,,,,,378801303,,
3,36,188,2,14,1,1563.48593814433,,,,,,,,,,378801403,,
3,36,188,2,15,1,1563.48593814433,1,"02",2500,0,0,0,0,2,,378801503,,
3,36,188,2,16,1,130.290494845361,,,,,,,,,,378801603,,
3,36,188,2,17,1,1563.48593814433,,,,,,,,,,378801703,,
3,36,188,2,18,1,1563.48593814433,1,"01",7500,0,0,0,1,,,378801803,,
3,36,188,2,19,1,1563.48593814433,1,"01",7500,0,1,,,,,378801903,,
3,36,189,1,1,1,255.983,,,,,,,,,,378900103,,
3,36,189,1,2,1,255.983,,,,,,,,,,378900203,,
3,36,189,1,3,1,255.983,,,,,,,,,,378900303,,
3,36,189,1,4,1,255.983,,,,,,,,,,378900403,,
3,36,189,1,5,1,255.983,,,,,,,,,,378900503,,
3,36,189,1,6,1,255.983,,,,,,,,,,378900603,,
3,36,189,1,7,1,255.983,,,,,,,,,,378900703,,
3,36,189,1,8,1,255.983,,,,,,,,,,378900803,,
3,36,189,1,9,1,255.983,,,,,,,,,,378900903,,
3,36,189,1,10,1,255.983,,,,,,,,,,378901003,,
3,36,189,1,11,1,255.983,,,,,,,,,,378901103,,
3,36,189,1,12,1,255.983,,,,,,,,,,378901203,,
3,36,189,1,14,1,255.983,,,,,,,,,,378901403,,
3,36,189,1,15,1,255.983,,,,,,,,,,378901503,,
3,36,189,1,16,1,255.983,,,,,,,,,,378901603,,
3,36,189,1,17,1,255.983,,,,,,,,,,378901703,,
3,36,189,1,18,1,255.983,,,,,,,,,,378901803,,
3,36,189,1,19,1,255.983,,,,,,,,,,378901903,,
3,36,190,2,1,1,609.319791666667,1,"01",2500,1,,,,,,379000103,,
3,36,190,2,2,1,609.319791666667,1,"01",7500,1,,,,,,379000203,,
3,36,190,2,3,1,609.319791666667,1,"01",7500,0,0,0,0,1,,379000303,,
3,36,190,2,4,1,1569.37,,,,,,,,,,379000403,,
3,36,190,2,5,1,609.319791666667,1,"01",7500,0,0,0,0,1,,379000503,,
3,36,190,2,6,1,609.319791666667,1,"01",7500,1,,,,,,379000603,,
3,36,190,2,7,1,609.319791666667,,,,,,,,,,379000703,,
3,36,190,2,8,1,609.319791666667,,,,,,,,,,379000803,,
3,36,190,2,9,1,609.319791666667,,,,,,,,,,379000903,,
3,36,190,2,10,1,1569.37,1,"01",2500,0,0,1,,,,379001003,,
3,36,190,2,11,1,1569.37,,,,,,,,,,379001103,,
3,36,190,2,12,1,1569.37,,,,,,,,,,379001203,,
3,36,190,2,13,1,1569.37,1,"01",7500,0,0,1,,,,379001303,,
3,36,190,2,14,1,1569.37,1,"01",7500,0,0,0,0,1,,379001403,,
3,36,190,2,15,1,1569.37,1,"02",2500,0,0,0,0,1,,379001503,,
3,36,190,2,16,1,1569.37,,,,,,,,,,379001603,,
3,36,190,2,17,1,1569.37,,,,,,,,,,379001703,,
3,36,190,2,18,1,1569.37,,,,,,,,,,379001803,,
3,36,191,1,1,1,18.9653113207547,1,"01",8200,1,,,,,,379100103,,
3,36,191,1,2,1,18.9653113207547,,,,,,,,,,379100203,,
3,36,191,1,3,1,18.9653113207547,,,,,,,,,,379100303,,
3,36,191,1,4,1,201.0323,,,,,,,,,,379100403,,
3,36,191,1,5,1,201.0323,,,,,,,,,,379100503,,
3,36,191,1,6,1,201.0323,,,,,,,,,,379100603,,
3,36,191,1,7,1,201.0323,,,,,,,,,,379100703,,
3,36,191,1,8,1,201.0323,,,,,,,,,,379100803,,
3,36,191,1,9,1,201.0323,,,,,,,,,,379100903,,
3,36,191,1,10,1,201.0323,,,,,,,,,,379101003,,
3,36,191,1,11,1,201.0323,,,,,,,,,,379101103,,
3,36,191,1,12,1,201.0323,,,,,,,,,,379101203,,
3,36,191,1,13,1,201.0323,,,,,,,,,,379101303,,
3,36,191,1,15,1,201.0323,,,,,,,,,,379101503,,
3,36,191,1,16,1,201.0323,,,,,,,,,,379101603,,
3,36,191,1,17,1,201.0323,,,,,,,,,,379101703,,
3,36,191,1,18,1,201.0323,,,,,,,,,,379101803,,
3,36,191,1,19,1,201.0323,,,,,,,,,,379101903,,
3,36,192,1,1,1,107.948450657895,1,"01",2500,1,,,,,,379200103,,
3,36,192,1,2,1,107.948450657895,2,"03",16000,0,0,0,0,1,,379200203,,
3,36,192,1,3,1,107.948450657895,,,,,,,,,,379200303,,
3,36,192,1,4,1,107.948450657895,,,,,,,,,,379200403,,
3,36,192,1,5,1,107.948450657895,1,"01",8200,0,0,0,0,1,,379200503,,
3,36,192,1,6,1,107.948450657895,1,"02",8200,1,,,,,,379200603,,
3,36,192,1,7,1,107.948450657895,1,"01",24600,0,0,1,,,,379200703,,
3,36,192,1,8,1,107.948450657895,1,"01",7500,0,0,0,0,1,,379200803,,
3,36,192,1,9,1,107.948450657895,1,"01",8200,0,0,0,0,1,,379200903,,
3,36,192,1,10,1,468.8047,,,,,,,,,,379201003,,
3,36,192,1,11,1,468.8047,,,,,,,,,,379201103,,
3,36,192,1,12,1,468.8047,,,,,,,,,,379201203,,
3,36,192,1,14,1,468.8047,,,,,,,,,,379201403,,
3,36,192,1,15,1,468.8047,,,,,,,,,,379201503,,
3,36,192,1,16,1,468.8047,,,,,,,,,,379201603,,
3,36,192,1,17,1,468.8047,,,,,,,,,,379201703,,
3,36,192,1,19,1,468.8047,,,,,,,,,,379201903,,
3,36,192,1,20,1,468.8047,,,,,,,,,,379202003,,
3,36,193,2,1,1,2612.02521568627,1,"02",7500,1,,,,,,379300103,,
3,36,193,2,3,1,1988.258,,,,,,,,,,379300303,,
3,36,193,2,4,1,2612.02521568627,1,"02",2500,1,,,,,,379300403,,
3,36,193,2,5,1,2612.02521568627,1,"01",7500,1,,,,,,379300503,,
3,36,193,2,6,1,1988.258,1,"02",2500,0,0,0,0,1,,379300603,,
3,36,193,2,7,1,1988.258,1,"02",7500,0,0,0,0,1,,379300703,,
3,36,193,2,8,1,2612.02521568627,,,,,,,,,,379300803,,
3,36,193,2,9,1,2612.02521568627,1,"02",7500,1,,,,,,379300903,,
3,36,193,2,10,1,1988.258,1,"01",2500,1,,,,,,379301003,,
3,36,193,2,11,1,1988.258,1,"01",7500,0,0,0,0,1,,379301103,,
3,36,193,2,12,1,1988.258,1,"02",2500,0,1,,,,,379301203,,
3,36,193,2,13,1,1988.258,1,"02",7500,0,0,0,0,1,,379301303,,
3,36,193,2,14,1,1988.258,1,"01",7500,1,,,,,,379301403,,
3,36,193,2,16,1,1988.258,1,"01",2500,1,,,,,,379301603,,
3,36,193,2,17,1,1988.258,1,"01",2500,1,,,,,,379301703,,
3,36,193,2,18,1,1988.258,1,"01",7500,0,0,0,0,1,,379301803,,
3,36,193,2,19,1,1988.258,1,"01",7500,1,,,,,,379301903,,
3,36,193,2,20,1,2612.02521568627,1,"01",2500,1,,,,,,379302003,,
3,36,194,2,1,1,1837.83892,1,"01",7500,0,0,0,0,1,,379400103,,
3,36,194,2,2,1,1837.83892,1,"01",2500,0,0,1,,,,379400203,,
3,36,194,2,3,1,1837.83892,1,"02",2500,1,,,,,,379400303,,
3,36,194,2,4,1,998.8255,1,"01",2500,0,0,0,0,1,,379400403,,
3,36,194,2,5,1,1837.83892,1,"01",7500,0,0,1,,,,379400503,,
3,36,194,2,6,1,1837.83892,1,"01",7500,0,0,0,0,1,,379400603,,
3,36,194,2,7,1,1837.83892,1,"02",2500,0,0,0,0,1,,379400703,,
3,36,194,2,8,1,998.8255,1,"02",2500,0,0,0,0,2,,379400803,,
3,36,194,2,9,1,998.8255,1,"03",7500,1,,,,,,379400903,,
3,36,194,2,10,1,998.8255,1,"01",2500,1,,,,,,379401003,,
3,36,194,2,11,1,998.8255,1,"03",7500,1,,,,,,379401103,,
3,36,194,2,12,1,998.8255,,,,,,,,,,379401203,,
3,36,194,2,13,1,998.8255,1,"02",7500,0,1,,,,,379401303,,
3,36,194,2,14,1,998.8255,1,"02",7500,0,0,0,0,1,,379401403,,
3,36,194,2,16,1,998.8255,1,"02",7500,0,0,0,0,1,,379401603,,
3,36,194,2,17,1,998.8255,,,,,,,,,,379401703,,
3,36,194,2,18,1,998.8255,1,"01",7500,1,,,,,,379401803,,
3,36,194,2,21,1,998.8255,,,,,,,,,,379402103,,
3,37,195,2,1,1,2176.33029470199,1,"02",2500,0,0,0,0,1,,389500103,,
3,37,195,2,2,1,853.5737,1,"01",2500,0,0,0,0,1,,389500203,,
3,37,195,2,3,1,2176.33029470199,1,"01",2500,0,0,0,0,1,,389500303,,
3,37,195,2,4,1,853.5737,1,"01",7500,0,0,0,0,1,,389500403,,
3,37,195,2,5,1,2176.33029470199,1,"01",7500,0,0,0,0,1,,389500503,,
3,37,195,2,6,1,853.5737,1,"03",2500,1,,,,,,389500603,,
3,37,195,2,7,1,853.5737,1,"01",2500,1,,,,,,389500703,,
3,37,195,2,8,1,853.5737,,,,,,,,,,389500803,,
3,37,195,2,9,1,853.5737,1,"02",2500,1,,,,,,389500903,,
3,37,195,2,10,1,853.5737,1,"01",2500,1,,,,,,389501003,,
3,37,195,2,11,1,853.5737,,,,,,,,,,389501103,,
3,37,195,2,12,1,853.5737,,,,,,,,,,389501203,,
3,37,195,2,13,1,853.5737,1,"02",7500,0,0,0,0,1,,389501303,,
3,37,195,2,14,1,853.5737,1,"01",7500,1,,,,,,389501403,,
3,37,195,2,15,1,853.5737,,,,,,,,,,389501503,,
3,37,195,2,16,1,853.5737,,,,,,,,,,389501603,,
3,37,195,2,17,1,2176.33029470199,,,,,,,,,,389501703,,
3,37,195,2,18,1,853.5737,,,,,,,,,,389501803,,
3,37,196,2,1,1,1899.352575,1,"01",7500,0,0,0,0,1,,389600103,,
3,37,196,2,2,1,1899.352575,,,,,,,,,,389600203,,
3,37,196,2,3,1,1899.352575,1,"02",7500,0,0,0,0,1,,389600303,,
3,37,196,2,4,1,1899.352575,1,"01",2500,1,,,,,,389600403,,
3,37,196,2,5,1,1899.352575,1,"02",7500,1,,,,,,389600503,,
3,37,196,2,6,1,1899.352575,1,"01",7500,1,,,,,,389600603,,
3,37,196,2,8,1,1899.352575,1,"03",2500,1,,,,,,389600803,,
3,37,196,2,9,1,1899.352575,1,"01",2500,1,,,,,,389600903,,
3,37,196,2,10,1,2665.758,,,,,,,,,,389601003,,
3,37,196,2,11,1,2665.758,,,,,,,,,,389601103,,
3,37,196,2,12,1,2665.758,1,"01",7500,1,,,,,,389601203,,
3,37,196,2,13,1,2665.758,1,"01",7500,1,,,,,,389601303,,
3,37,196,2,14,1,2665.758,1,"01",2500,0,0,1,,,,389601403,,
3,37,196,2,15,1,2665.758,,,,,,,,,,389601503,,
3,37,196,2,16,1,2665.758,1,"02",7500,1,,,,,,389601603,,
3,37,196,2,17,1,2665.758,1,"01",2500,1,,,,,,389601703,,
3,37,196,2,18,1,2665.758,,,,,,,,,,389601803,,
3,37,196,2,21,1,2665.758,1,"01",2500,1,,,,,,389602103,,
3,37,197,2,1,1,1118.39064615385,1,"02",7500,0,0,0,0,1,,389700103,,
3,37,197,2,2,1,1118.39064615385,1,"02",7500,1,,,,,,389700203,,
3,37,197,2,3,1,1118.39064615385,1,"02",2500,1,,,,,,389700303,,
3,37,197,2,4,1,1118.39064615385,1,"01",7500,1,,,,,,389700403,,
3,37,197,2,5,1,1118.39064615385,1,"02",7500,1,,,,,,389700503,,
3,37,197,2,6,1,1298.132,1,"02",7500,0,0,0,0,1,,389700603,,
3,37,197,2,7,1,1118.39064615385,1,"02",7500,0,1,,,,,389700703,,
3,37,197,2,8,1,1118.39064615385,1,"02",2500,0,1,,,,,389700803,,
3,37,197,2,9,1,1118.39064615385,,,,,,,,,,389700903,,
3,37,197,2,10,1,1118.39064615385,1,"02",7500,0,1,,,,,389701003,,
3,37,197,2,11,1,1298.132,1,"01",7500,1,,,,,,389701103,,
3,37,197,2,12,1,1298.132,1,"02",2500,0,0,0,1,,,389701203,,
3,37,197,2,13,1,1298.132,1,"01",7500,0,1,,,,,389701303,,
3,37,197,2,14,1,1298.132,1,"01",7500,1,,,,,,389701403,,
3,37,197,2,15,1,1118.39064615385,1,"01",2500,1,,,,,,389701503,,
3,37,197,2,16,1,1298.132,1,"01",2500,1,,,,,,389701603,,
3,37,197,2,18,1,1298.132,1,"02",2500,0,1,,,,,389701803,,
3,37,197,2,22,1,1298.132,1,"01",7500,1,,,,,,389702203,,
3,37,198,2,1,1,1597.87224363636,1,"01",7500,1,,,,,,389800103,,
3,37,198,2,2,1,821.3362,1,"01",7500,0,0,0,0,1,,389800203,,
3,37,198,2,3,1,1597.87224363636,1,"01",2500,0,0,0,0,2,,389800303,,
3,37,198,2,4,1,1597.87224363636,1,"02",2500,0,0,0,0,555,5,389800403,,
3,37,198,2,5,1,1597.87224363636,1,"01",2500,1,,,,,,389800503,,
3,37,198,2,7,1,1597.87224363636,1,"02",7500,1,,,,,,389800703,,
3,37,198,2,8,1,1597.87224363636,1,"02",7500,0,0,0,0,1,,389800803,,
3,37,198,2,9,1,821.3362,1,"01",7500,1,,,,,,389800903,,
3,37,198,2,10,1,821.3362,1,"04",2500,1,,,,,,389801003,,
3,37,198,2,12,1,821.3362,1,"02",7500,0,1,,,,,389801203,,
3,37,198,2,13,1,821.3362,1,"01",7500,0,1,,,,,389801303,,
3,37,198,2,14,1,821.3362,1,"02",7500,0,1,,,,,389801403,,
3,37,198,2,15,1,821.3362,1,"02",2500,0,0,0,0,1,,389801503,,
3,37,198,2,16,1,1597.87224363636,1,"03",7500,1,,,,,,389801603,,
3,37,198,2,17,1,821.3362,1,"02",7500,0,0,0,0,1,,389801703,,
3,37,198,2,18,1,821.3362,1,"02",2500,1,,,,,,389801803,,
3,37,198,2,20,1,1597.87224363636,1,"04",7500,1,,,,,,389802003,,
3,37,198,2,21,1,821.3362,,,,,,,,,,389802103,,
4,41,199,2,1,1,1265.783775,1,"02",7500,0,0,0,0,2,,429900104,,
4,41,199,2,2,1,1265.783775,1,"02",2500,0,0,1,,,,429900204,,
4,41,199,2,3,1,617.4555,1,"01",7500,1,,,,,,429900304,,
4,41,199,2,4,1,617.4555,,,,,,,,,,429900404,,
4,41,199,2,5,1,617.4555,1,"01",7500,0,0,0,0,1,,429900504,,
4,41,199,2,6,1,617.4555,1,"01",2500,1,,,,,,429900604,,
4,41,199,2,7,1,617.4555,1,"01",7500,1,,,,,,429900704,,
4,41,199,2,8,1,617.4555,1,"01",2500,1,,,,,,429900804,,
4,41,199,2,10,1,1265.783775,1,"02",7500,1,,,,,,429901004,,
4,41,199,2,11,1,1265.783775,1,"01",2500,1,,,,,,429901104,,
4,41,199,2,12,1,1265.783775,,,,,,,,,,429901204,,
4,41,199,2,13,1,1265.783775,1,"02",7500,1,,,,,,429901304,,
4,41,199,2,15,1,1265.783775,1,"02",2500,1,,,,,,429901504,,
4,41,199,2,16,1,1265.783775,1,"01",7500,1,,,,,,429901604,,
4,41,199,2,17,1,1265.783775,1,"01",7500,1,,,,,,429901704,,
4,41,199,2,18,1,1265.783775,,,,,,,,,,429901804,,
4,41,199,2,19,1,1265.783775,1,"02",7500,1,,,,,,429901904,,
4,41,199,2,20,1,1265.783775,1,"02",7500,1,,,,,,429902004,,
4,41,200,2,1,1,2302.37658151261,1,"01",2500,1,,,,,,430000104,,
4,41,200,2,2,1,756.8586,1,"02",7500,1,,,,,,430000204,,
4,41,200,2,3,1,2302.37658151261,1,"01",7500,0,0,1,,,,430000304,,
4,41,200,2,4,1,2302.37658151261,1,"02",7500,1,,,,,,430000404,,
4,41,200,2,5,1,756.8586,1,"02",2500,1,,,,,,430000504,,
4,41,200,2,8,1,756.8586,1,"01",7500,0,0,1,,,,430000804,,
4,41,200,2,9,1,756.8586,1,"01",7500,0,0,1,,,,430000904,,
4,41,200,2,10,1,756.8586,,,,,,,,,,430001004,,
4,41,200,2,11,1,756.8586,1,"01",2500,0,0,1,,,,430001104,,
4,41,200,2,12,1,756.8586,1,"02",7500,1,,,,,,430001204,,
4,41,200,2,13,1,2302.37658151261,,,,,,,,,,430001304,,
4,41,200,2,14,1,756.8586,2,"02",21000,0,0,0,0,2,,430001404,,
4,41,200,2,15,1,756.8586,1,"01",2500,0,0,0,0,1,,430001504,,
4,41,200,2,16,1,756.8586,1,"02",7500,0,0,0,0,2,,430001604,,
4,41,200,2,17,1,2302.37658151261,,,,,,,,,,430001704,,
4,41,200,2,18,1,756.8586,,,,,,,,,,430001804,,
4,41,200,2,19,1,756.8586,1,"02",7500,1,,,,,,430001904,,
4,41,200,2,20,1,2302.37658151261,1,"01",2500,1,,,,,,430002004,,
4,41,201,2,1,1,1415.802,,,,,,,,,,430100104,,
4,41,201,2,2,1,1415.802,2,"01",16000,0,0,1,,,,430100204,,
4,41,201,2,4,1,297.574147783251,1,"01",2500,1,,,,,,430100404,,
4,41,201,2,6,1,297.574147783251,1,"02",7500,1,,,,,,430100604,,
4,41,201,2,7,1,297.574147783251,1,"01",7500,1,,,,,,430100704,,
4,41,201,2,8,1,297.574147783251,1,"01",7500,1,,,,,,430100804,,
4,41,201,2,9,1,297.574147783251,1,"02",7500,1,,,,,,430100904,,
4,41,201,2,10,1,297.574147783251,1,"01",2500,1,,,,,,430101004,,
4,41,201,2,11,1,297.574147783251,,,,,,,,,,430101104,,
4,41,201,2,12,1,297.574147783251,1,"01",7500,0,0,1,,,,430101204,,
4,41,201,2,13,1,1415.802,,,,,,,,,,430101304,,
4,41,201,2,14,1,297.574147783251,1,"02",2500,1,,,,,,430101404,,
4,41,201,2,15,1,297.574147783251,1,"01",7500,1,,,,,,430101504,,
4,41,201,2,16,1,297.574147783251,1,"02",2500,1,,,,,,430101604,,
4,41,201,2,17,1,297.574147783251,1,"02",2500,1,,,,,,430101704,,
4,41,201,2,18,1,297.574147783251,1,"01",7500,0,0,0,0,2,,430101804,,
4,41,201,2,19,1,1415.802,,,,,,,,,,430101904,,
4,41,201,2,21,1,297.574147783251,1,"01",2500,0,0,1,,,,430102104,,
4,41,202,1,1,1,192.898030534351,1,"02",2500,0,0,1,,,,430200104,,
4,41,202,1,2,1,192.898030534351,2,"02",16000,0,0,0,0,555,6,430200204,,
4,41,202,1,3,1,192.898030534351,1,"01",8200,0,0,888,888,,,430200304,,
4,41,202,1,4,1,140.3869,,,,,,,,,,430200404,,
4,41,202,1,5,1,140.3869,,,,,,,,,,430200504,,
4,41,202,1,6,1,140.3869,2,"01",45100,1,,,,,,430200604,,
4,41,202,1,7,1,140.3869,,,,,,,,,,430200704,,
4,41,202,1,8,1,192.898030534351,1,"02",7500,1,,,,,,430200804,,
4,41,202,1,9,1,192.898030534351,1,"01",8200,1,,,,,,430200904,,
4,41,202,1,10,1,140.3869,,,,,,,,,,430201004,,
4,41,202,1,11,1,140.3869,,,,,,,,,,430201104,,
4,41,202,1,12,1,192.898030534351,1,"02",8200,1,,,,,,430201204,,
4,41,202,1,13,1,140.3869,,,,,,,,,,430201304,,
4,41,202,1,14,1,140.3869,,,,,,,,,,430201404,,
4,41,202,1,15,1,192.898030534351,1,"02",24600,1,,,,,,430201504,,
4,41,202,1,16,1,192.898030534351,1,"01",7500,0,0,0,0,1,,430201604,,
4,41,202,1,17,1,192.898030534351,1,"02",2500,0,0,0,0,1,,430201704,,
4,41,202,1,18,1,140.3869,,,,,,,,,,430201804,,
4,41,203,2,1,1,741.469008403361,1,"01",2500,1,,,,,,430300104,,
4,41,203,2,2,1,741.469008403361,1,"02",7500,0,0,1,,,,430300204,,
4,41,203,2,3,1,741.469008403361,1,"02",7500,1,,,,,,430300304,,
4,41,203,2,4,1,741.469008403361,1,"01",7500,1,,,,,,430300404,,
4,41,203,2,5,1,741.469008403361,1,"02",7500,1,,,,,,430300504,,
4,41,203,2,6,1,741.469008403361,1,"03",7500,0,0,0,1,,,430300604,,
4,41,203,2,7,1,741.469008403361,1,"02",2500,1,,,,,,430300704,,
4,41,203,2,8,1,741.469008403361,1,"01",7500,1,,,,,,430300804,,
4,41,203,2,9,1,741.469008403361,1,"02",7500,0,0,0,1,,,430300904,,
4,41,203,2,10,1,741.469008403361,1,"01",7500,1,,,,,,430301004,,
4,41,203,2,11,1,741.469008403361,1,"01",7500,1,,,,,,430301104,,
4,41,203,2,12,1,741.469008403361,1,"01",7500,0,0,0,1,,,430301204,,
4,41,203,2,13,1,741.469008403361,1,"02",2500,0,1,,,,,430301304,,
4,41,203,2,14,1,741.469008403361,1,"01",2500,1,,,,,,430301404,,
4,41,203,2,15,1,741.469008403361,1,"01",7500,0,0,1,,,,430301504,,
4,41,203,2,16,1,2450.967,1,"01",7500,1,,,,,,430301604,,
4,41,203,2,17,1,741.469008403361,1,"02",2500,0,1,,,,,430301704,,
4,41,203,2,18,1,741.469008403361,1,"02",7500,0,1,,,,,430301804,,
4,42,204,2,1,1,1559.74094680851,,,,,,,,,,440400104,,
4,42,204,2,2,1,1559.74094680851,1,"02",2500,1,,,,,,440400204,,
4,42,204,2,3,1,1559.74094680851,1,"01",7500,1,,,,,,440400304,,
4,42,204,2,4,1,1559.74094680851,,,,,,,,,,440400404,,
4,42,204,2,5,1,1559.74094680851,1,"02",7500,1,,,,,,440400504,,
4,42,204,2,6,1,1559.74094680851,1,"02",7500,1,,,,,,440400604,,
4,42,204,2,7,1,1559.74094680851,1,"02",2500,1,,,,,,440400704,,
4,42,204,2,8,1,1559.74094680851,1,"01",7500,1,,,,,,440400804,,
4,42,204,2,9,1,1559.74094680851,1,"01",2500,0,0,0,0,1,,440400904,,
4,42,204,2,10,1,461.0555,1,"01",2500,1,,,,,,440401004,,
4,42,204,2,11,1,461.0555,1,"01",7500,0,0,1,,,,440401104,,
4,42,204,2,12,1,461.0555,1,"02",2500,1,,,,,,440401204,,
4,42,204,2,13,1,461.0555,1,"02",7500,1,,,,,,440401304,,
4,42,204,2,14,1,461.0555,1,"01",2500,1,,,,,,440401404,,
4,42,204,2,15,1,461.0555,1,"02",2500,1,,,,,,440401504,,
4,42,204,2,16,1,461.0555,1,"01",2500,1,,,,,,440401604,,
4,42,204,2,17,1,461.0555,1,"01",7500,0,0,1,,,,440401704,,
4,42,204,2,18,1,461.0555,1,"01",2500,1,,,,,,440401804,,
4,42,205,2,1,1,1266.853,1,"01",2500,1,,,,,,440500104,,
4,42,205,2,2,1,1266.853,1,"01",7500,1,,,,,,440500204,,
4,42,205,2,3,1,1266.853,1,"02",7500,1,,,,,,440500304,,
4,42,205,2,4,1,1266.853,1,"02",2500,1,,,,,,440500404,,
4,42,205,2,5,1,1266.853,1,"01",2500,1,,,,,,440500504,,
4,42,205,2,6,1,1266.853,1,"01",7500,1,,,,,,440500604,,
4,42,205,2,7,1,1266.853,1,"02",2500,0,0,0,0,1,,440500704,,
4,42,205,2,8,1,1266.853,1,"01",7500,0,0,0,0,1,,440500804,,
4,42,205,2,9,1,1266.853,1,"01",7500,0,1,,,,,440500904,,
4,42,205,2,10,1,1266.853,1,"02",2500,1,,,,,,440501004,,
4,42,205,2,11,1,1266.853,1,"01",7500,0,0,1,,,,440501104,,
4,42,205,2,12,1,1266.853,1,"02",7500,1,,,,,,440501204,,
4,42,205,2,13,1,1266.853,1,"02",7500,1,,,,,,440501304,,
4,42,205,2,14,1,1266.853,1,"01",2500,1,,,,,,440501404,,
4,42,205,2,15,1,1266.853,1,"02",7500,1,,,,,,440501504,,
4,42,205,2,16,1,1266.853,,,,,,,,,,440501604,,
4,42,205,2,17,1,1266.853,1,"02",2500,1,,,,,,440501704,,
4,42,205,2,18,1,1266.853,1,"01",7500,0,1,,,,,440501804,,
4,42,206,2,1,1,811.818,1,"01",2500,1,,,,,,440600104,,
4,42,206,2,2,1,811.818,1,"01",7500,0,1,,,,,440600204,,
4,42,206,2,3,1,811.818,1,"02",7500,1,,,,,,440600304,,
4,42,206,2,4,1,1913.571,,,,,,,,,,440600404,,
4,42,206,2,5,1,811.818,1,"01",7500,0,0,0,0,1,,440600504,,
4,42,206,2,6,1,811.818,1,"02",7500,0,0,0,0,1,,440600604,,
4,42,206,2,7,1,811.818,1,"02",2500,0,0,0,0,1,,440600704,,
4,42,206,2,8,1,811.818,1,"01",2500,1,,,,,,440600804,,
4,42,206,2,9,1,1913.571,,,,,,,,,,440600904,,
4,42,206,2,10,1,811.818,1,"02",7500,0,0,0,1,,,440601004,,
4,42,206,2,11,1,811.818,1,"02",2500,1,,,,,,440601104,,
4,42,206,2,12,1,1913.571,,,,,,,,,,440601204,,
4,42,206,2,13,1,1913.571,1,"01",7500,1,,,,,,440601304,,
4,42,206,2,14,1,811.818,1,"01",2500,1,,,,,,440601404,,
4,42,206,2,15,1,1913.571,,,,,,,,,,440601504,,
4,42,206,2,16,1,1913.571,1,"02",7500,1,,,,,,440601604,,
4,42,206,2,17,1,1913.571,1,"01",7500,1,,,,,,440601704,,
4,42,206,2,18,1,811.818,1,"01",7500,1,,,,,,440601804,,
4,42,207,2,1,1,219.268658385093,1,"02",2500,0,0,0,0,1,,440700104,,
4,42,207,2,2,1,219.268658385093,1,"02",7500,1,,,,,,440700204,,
4,42,207,2,3,1,219.268658385093,1,"01",2500,1,,,,,,440700304,,
4,42,207,2,4,1,219.268658385093,1,"01",7500,0,0,1,,,,440700404,,
4,42,207,2,5,1,219.268658385093,1,"02",7500,1,,,,,,440700504,,
4,42,207,2,6,1,219.268658385093,1,"01",2500,1,,,,,,440700604,,
4,42,207,2,7,1,219.268658385093,1,"01",7500,0,0,0,0,1,,440700704,,
4,42,207,2,8,1,219.268658385093,1,"01",7500,1,,,,,,440700804,,
4,42,207,2,9,1,219.268658385093,1,"02",2500,0,0,0,0,1,,440700904,,
4,42,207,2,10,1,2715.558,1,"01",2500,1,,,,,,440701004,,
4,42,207,2,11,1,2715.558,1,"02",2500,1,,,,,,440701104,,
4,42,207,2,12,1,2715.558,1,"02",7500,0,0,0,0,1,,440701204,,
4,42,207,2,13,1,2715.558,1,"02",7500,0,1,,,,,440701304,,
4,42,207,2,14,1,2715.558,1,"02",7500,1,,,,,,440701404,,
4,42,207,2,15,1,2715.558,1,"02",2500,1,,,,,,440701504,,
4,42,207,2,16,1,2715.558,1,"01",2500,0,0,0,0,1,,440701604,,
4,42,207,2,17,1,2715.558,1,"02",7500,0,1,,,,,440701704,,
4,42,207,2,18,1,2715.558,1,"01",7500,0,0,0,0,2,,440701804,,
4,42,208,1,1,1,17.4388363636364,1,"01",8200,1,,,,,,440800104,,
4,42,208,1,2,1,275.7516,,,,,,,,,,440800204,,
4,42,208,1,3,1,275.7516,,,,,,,,,,440800304,,
4,42,208,1,4,1,17.4388363636364,1,"01",24600,1,,,,,,440800404,,
4,42,208,1,5,1,275.7516,2,"01",8200,1,,,,,,440800504,,
4,42,208,1,6,1,275.7516,,,,,,,,,,440800604,,
4,42,208,1,7,1,17.4388363636364,2,"02",21000,0,0,1,,,,440800704,,
4,42,208,1,9,1,275.7516,,,,,,,,,,440800904,,
4,42,208,1,11,1,17.4388363636364,1,"02",2500,0,0,0,0,1,,440801104,,
4,42,208,1,12,1,17.4388363636364,1,"01",2500,1,,,,,,440801204,,
4,42,208,1,13,1,17.4388363636364,1,"02",7500,0,0,0,0,1,,440801304,,
4,42,208,1,14,1,17.4388363636364,1,"02",8200,1,,,,,,440801404,,
4,42,208,1,17,1,17.4388363636364,1,"01",7500,1,,,,,,440801704,,
4,42,208,1,18,1,17.4388363636364,1,"02",7500,0,0,0,0,2,,440801804,,
4,42,208,1,19,1,17.4388363636364,1,"02",7500,1,,,,,,440801904,,
4,42,208,1,20,1,275.7516,,,,,,,,,,440802004,,
4,42,208,1,21,1,275.7516,,,,,,,,,,440802104,,
4,42,208,1,22,1,17.4388363636364,1,"01",8200,0,0,0,0,1,,440802204,,
4,43,209,1,1,1,72.8319091078067,1,"01",2500,0,0,0,0,1,,450900104,,
4,43,209,1,2,1,72.8319091078067,1,"02",2500,1,,,,,,450900204,,
4,43,209,1,3,1,72.8319091078067,1,"01",2500,1,,,,,,450900304,,
4,43,209,1,4,1,72.8319091078067,1,"01",7500,0,0,0,0,1,,450900404,,
4,43,209,1,5,1,403.9543,,,,,,,,,,450900504,,
4,43,209,1,6,1,72.8319091078067,1,"02",8200,1,,,,,,450900604,,
4,43,209,1,7,1,72.8319091078067,1,"01",7500,1,,,,,,450900704,,
4,43,209,1,8,1,403.9543,,,,,,,,,,450900804,,
4,43,209,1,9,1,72.8319091078067,1,"02",2500,1,,,,,,450900904,,
4,43,209,1,11,1,403.9543,,,,,,,,,,450901104,,
4,43,209,1,12,1,403.9543,,,,,,,,,,450901204,,
4,43,209,1,13,1,403.9543,,,,,,,,,,450901304,,
4,43,209,1,14,1,72.8319091078067,1,"02",2500,1,,,,,,450901404,,
4,43,209,1,15,1,72.8319091078067,1,"02",2500,0,1,,,,,450901504,,
4,43,209,1,16,1,403.9543,,,,,,,,,,450901604,,
4,43,209,1,18,1,403.9543,,,,,,,,,,450901804,,
4,43,209,1,19,1,403.9543,,,,,,,,,,450901904,,
4,43,209,1,21,1,403.9543,,,,,,,,,,450902104,,
4,43,210,2,1,1,568.426227001195,1,"02",7500,1,,,,,,451000104,,
4,43,210,2,2,1,568.426227001195,1,"02",7500,0,0,0,0,1,,451000204,,
4,43,210,2,3,1,568.426227001195,1,"01",2500,0,0,0,1,,,451000304,,
4,43,210,2,4,1,568.426227001195,1,"01",7500,1,,,,,,451000404,,
4,43,210,2,5,1,568.426227001195,1,"02",2500,0,0,0,0,1,,451000504,,
4,43,210,2,6,1,568.426227001195,1,"02",2500,1,,,,,,451000604,,
4,43,210,2,7,1,568.426227001195,1,"01",2500,0,0,0,0,1,,451000704,,
4,43,210,2,8,1,1820.559,2,"02",21000,1,,,,,,451000804,,
4,43,210,2,9,1,568.426227001195,1,"01",2500,1,,,,,,451000904,,
4,43,210,2,10,1,568.426227001195,1,"02",7500,0,0,0,0,1,,451001004,,
4,43,210,2,12,1,1820.559,1,"02",2500,0,0,1,,,,451001204,,
4,43,210,2,13,1,1820.559,1,"02",7500,1,,,,,,451001304,,
4,43,210,2,14,1,1820.559,,,,,,,,,,451001404,,
4,43,210,2,15,1,1820.559,,,,,,,,,,451001504,,
4,43,210,2,16,1,1820.559,1,"02",2500,0,0,0,0,2,,451001604,,
4,43,210,2,17,1,1820.559,2,"01",16000,0,0,0,0,2,,451001704,,
4,43,210,2,18,1,1820.559,1,"01",2500,0,0,0,0,1,,451001804,,
4,43,211,1,1,1,75.3177517857143,1,"01",2500,1,,,,,,451100104,,
4,43,211,1,2,1,324.4457,,,,,,,,,,451100204,,
4,43,211,1,4,1,324.4457,,,,,,,,,,451100404,,
4,43,211,1,5,1,324.4457,,,,,,,,,,451100504,,
4,43,211,1,6,1,75.3177517857143,,,,,,,,,,451100604,,
4,43,211,1,7,1,75.3177517857143,,,,,,,,,,451100704,,
4,43,211,1,8,1,75.3177517857143,1,"01",7500,0,0,0,0,1,,451100804,,
4,43,211,1,9,1,75.3177517857143,1,"01",7500,1,,,,,,451100904,,
4,43,211,1,10,1,324.4457,,,,,,,,,,451101004,,
4,43,211,1,11,1,324.4457,,,,,,,,,,451101104,,
4,43,211,1,12,1,324.4457,,,,,,,,,,451101204,,
4,43,211,1,13,1,324.4457,,,,,,,,,,451101304,,
4,43,211,1,14,1,324.4457,2,"01",8200,1,,,,,,451101404,,
4,43,211,1,15,1,324.4457,,,,,,,,,,451101504,,
4,43,211,1,16,1,324.4457,,,,,,,,,,451101604,,
4,43,211,1,17,1,324.4457,,,,,,,,,,451101704,,
4,43,211,1,18,1,324.4457,,,,,,,,,,451101804,,
4,43,211,1,21,1,324.4457,,,,,,,,,,451102104,,
4,43,212,1,1,1,9.19864275700934,2,"02",24600,1,,,,,,451200104,,
4,43,212,1,2,1,9.19864275700934,2,"02",24600,1,,,,,,451200204,,
4,43,212,1,3,1,9.19864275700934,1,"01",7500,0,0,0,0,1,,451200304,,
4,43,212,1,4,1,187.4771,2,"01",8200,0,0,0,0,1,,451200404,,
4,43,212,1,5,1,187.4771,,,,,,,,,,451200504,,
4,43,212,1,6,1,187.4771,,,,,,,,,,451200604,,
4,43,212,1,7,1,187.4771,,,,,,,,,,451200704,,
4,43,212,1,8,1,187.4771,,,,,,,,,,451200804,,
4,43,212,1,9,1,187.4771,2,"01",8200,1,,,,,,451200904,,
4,43,212,1,10,1,187.4771,,,,,,,,,,451201004,,
4,43,212,1,11,1,187.4771,,,,,,,,,,451201104,,
4,43,212,1,13,1,187.4771,,,,,,,,,,451201304,,
4,43,212,1,15,1,9.19864275700934,1,"01",7500,0,0,0,0,1,,451201504,,
4,43,212,1,16,1,187.4771,,,,,,,,,,451201604,,
4,43,212,1,17,1,187.4771,2,"01",24600,1,,,,,,451201704,,
4,43,212,1,18,1,187.4771,2,"01",21000,0,0,0,0,2,,451201804,,
4,43,212,1,19,1,187.4771,2,"02",24600,0,0,0,0,2,,451201904,,
4,43,212,1,20,1,187.4771,,,,,,,,,,451202004,,
4,43,213,2,1,1,912.504543413174,,,,,,,,,,451300104,,
4,43,213,2,2,1,912.504543413174,1,"01",7500,0,0,0,0,2,,451300204,,
4,43,213,2,3,1,912.504543413174,1,"01",7500,0,0,0,0,555,9,451300304,,
4,43,213,2,4,1,912.504543413174,1,"02",2500,0,0,0,0,1,,451300404,,
4,43,213,2,5,1,912.504543413174,1,"01",7500,0,0,0,0,1,,451300504,,
4,43,213,2,6,1,912.504543413174,1,"01",7500,0,0,0,0,2,,451300604,,
4,43,213,2,7,1,1339.677,1,"02",2500,0,0,0,0,2,,451300704,,
4,43,213,2,8,1,912.504543413174,1,"02",2500,1,,,,,,451300804,,
4,43,213,2,9,1,912.504543413174,,,,,,,,,,451300904,,
4,43,213,2,10,1,1339.677,,,,,,,,,,451301004,,
4,43,213,2,11,1,1339.677,,,,,,,,,,451301104,,
4,43,213,2,12,1,1339.677,,,,,,,,,,451301204,,
4,43,213,2,13,1,1339.677,1,"01",7500,0,0,1,,,,451301304,,
4,43,213,2,14,1,1339.677,1,"02",7500,0,0,0,0,2,,451301404,,
4,43,213,2,16,1,1339.677,1,"03",7500,0,0,0,0,2,,451301604,,
4,43,213,2,17,1,1339.677,1,"02",7500,0,0,0,0,2,,451301704,,
4,43,213,2,18,1,1339.677,1,"01",7500,0,0,0,0,2,,451301804,,
4,43,213,2,19,1,1339.677,1,"02",2500,1,,,,,,451301904,,
4,43,214,1,1,1,77.8124084705883,1,"01",24600,1,,,,,,451400104,,
4,43,214,1,3,1,79.49585,,,,,,,,,,451400304,,
4,43,214,1,4,1,79.49585,,,,,,,,,,451400404,,
4,43,214,1,5,1,77.8124084705883,1,"02",8200,0,0,0,0,555,4,451400504,,
4,43,214,1,6,1,77.8124084705883,1,"01",7500,1,,,,,,451400604,,
4,43,214,1,7,1,77.8124084705883,1,"01",24600,0,0,0,0,1,,451400704,,
4,43,214,1,8,1,79.49585,,,,,,,,,,451400804,,
4,43,214,1,9,1,79.49585,,,,,,,,,,451400904,,
4,43,214,1,11,1,79.49585,,,,,,,,,,451401104,,
4,43,214,1,12,1,79.49585,,,,,,,,,,451401204,,
4,43,214,1,13,1,79.49585,,,,,,,,,,451401304,,
4,43,214,1,14,1,79.49585,,,,,,,,,,451401404,,
4,43,214,1,15,1,79.49585,,,,,,,,,,451401504,,
4,43,214,1,16,1,77.8124084705883,1,"01",7500,0,1,,,,,451401604,,
4,43,214,1,17,1,79.49585,,,,,,,,,,451401704,,
4,43,214,1,18,1,79.49585,,,,,,,,,,451401804,,
4,43,214,1,19,1,79.49585,,,,,,,,,,451401904,,
4,43,214,1,21,1,79.49585,,,,,,,,,,451402104,,
4,43,215,1,1,1,195.1767,2,"01",21000,1,,,,,,451500104,,
4,43,215,1,2,1,195.1767,,,,,,,,,,451500204,,
4,43,215,1,3,1,195.1767,2,"02",21000,0,0,0,0,2,,451500304,,
4,43,215,1,4,1,195.1767,,,,,,,,,,451500404,,
4,43,215,1,5,1,195.1767,2,"01",8200,0,0,0,0,1,,451500504,,
4,43,215,1,6,1,195.1767,,,,,,,,,,451500604,,
4,43,215,1,7,1,195.1767,,,,,,,,,,451500704,,
4,43,215,1,8,1,195.1767,2,"01",21000,1,,,,,,451500804,,
4,43,215,1,9,1,195.1767,,,,,,,,,,451500904,,
4,43,215,1,10,1,195.1767,,,,,,,,,,451501004,,
4,43,215,1,11,1,195.1767,2,"02",45100,0,0,1,,,,451501104,,
4,43,215,1,12,1,15.4565399068323,2,"02",8200,1,,,,,,451501204,,
4,43,215,1,13,1,195.1767,,,,,,,,,,451501304,,
4,43,215,1,14,1,195.1767,,,,,,,,,,451501404,,
4,43,215,1,15,1,195.1767,,,,,,,,,,451501504,,
4,43,215,1,16,1,195.1767,,,,,,,,,,451501604,,
4,43,215,1,18,1,195.1767,2,"02",21000,1,,,,,,451501804,,
4,43,215,1,20,1,195.1767,,,,,,,,,,451502004,,
4,43,216,1,1,1,128.7053,,,,,,,,,,451600104,,
4,43,216,1,2,1,128.7053,2,"02",24600,0,0,0,0,2,,451600204,,
4,43,216,1,3,1,128.7053,2,"01",8200,1,,,,,,451600304,,
4,43,216,1,4,1,128.7053,,,,,,,,,,451600404,,
4,43,216,1,5,1,128.7053,,,,,,,,,,451600504,,
4,43,216,1,6,1,128.7053,2,"01",8200,1,,,,,,451600604,,
4,43,216,1,7,1,128.7053,2,"02",8200,1,,,,,,451600704,,
4,43,216,1,8,1,128.7053,,,,,,,,,,451600804,,
4,43,216,1,9,1,128.7053,,,,,,,,,,451600904,,
4,43,216,1,10,1,128.7053,,,,,,,,,,451601004,,
4,43,216,1,11,1,128.7053,,,,,,,,,,451601104,,
4,43,216,1,12,1,128.7053,,,,,,,,,,451601204,,
4,43,216,1,13,1,128.7053,,,,,,,,,,451601304,,
4,43,216,1,14,1,128.7053,,,,,,,,,,451601404,,
4,43,216,1,15,1,128.7053,2,"01",8200,0,0,0,0,555,1,451601504,,
4,43,216,1,16,1,128.7053,,,,,,,,,,451601604,,
4,43,216,1,17,1,128.7053,,,,,,,,,,451601704,,
4,43,216,1,18,1,128.7053,,,,,,,,,,451601804,,
4,43,217,1,1,1,7.75073553719008,,,,,,,,,,451700104,,
4,43,217,1,2,1,78.15325,2,"02",21000,1,,,,,,451700204,,
4,43,217,1,3,1,7.75073553719008,,,,,,,,,,451700304,,
4,43,217,1,4,1,78.15325,,,,,,,,,,451700404,,
4,43,217,1,5,1,78.15325,,,,,,,,,,451700504,,
4,43,217,1,6,1,78.15325,2,"03",8200,1,,,,,,451700604,,
4,43,217,1,7,1,78.15325,,,,,,,,,,451700704,,
4,43,217,1,8,1,78.15325,2,"01",21000,1,,,,,,451700804,,
4,43,217,1,9,1,78.15325,,,,,,,,,,451700904,,
4,43,217,1,10,1,78.15325,,,,,,,,,,451701004,,
4,43,217,1,11,1,78.15325,2,"02",45100,0,0,0,0,2,,451701104,,
4,43,217,1,12,1,78.15325,,,,,,,,,,451701204,,
4,43,217,1,13,1,78.15325,,,,,,,,,,451701304,,
4,43,217,1,14,1,78.15325,2,"03",21000,1,,,,,,451701404,,
4,43,217,1,15,1,78.15325,2,"01",16000,1,,,,,,451701504,,
4,43,217,1,16,1,78.15325,,,,,,,,,,451701604,,
4,43,217,1,17,1,78.15325,,,,,,,,,,451701704,,
4,43,217,1,18,1,78.15325,,,,,,,,,,451701804,,
4,43,218,1,1,1,151.1942,,,,,,,,,,451800104,,
4,43,218,1,2,1,151.1942,,,,,,,,,,451800204,,
4,43,218,1,3,1,151.1942,,,,,,,,,,451800304,,
4,43,218,1,4,1,151.1942,,,,,,,,,,451800404,,
4,43,218,1,5,1,151.1942,2,"02",45100,0,0,0,0,2,,451800504,,
4,43,218,1,6,1,151.1942,2,"01",24600,0,0,0,0,2,,451800604,,
4,43,218,1,7,1,151.1942,,,,,,,,,,451800704,,
4,43,218,1,8,1,151.1942,,,,,,,,,,451800804,,
4,43,218,1,9,1,151.1942,,,,,,,,,,451800904,,
4,43,218,1,10,1,151.1942,,,,,,,,,,451801004,,
4,43,218,1,11,1,151.1942,,,,,,,,,,451801104,,
4,43,218,1,12,1,151.1942,2,"01",16000,0,0,0,0,2,,451801204,,
4,43,218,1,13,1,151.1942,,,,,,,,,,451801304,,
4,43,218,1,14,1,12.095536,2,"01",16000,1,,,,,,451801404,,
4,43,218,1,16,1,151.1942,,,,,,,,,,451801604,,
4,43,218,1,17,1,151.1942,,,,,,,,,,451801704,,
4,43,218,1,18,1,151.1942,,,,,,,,,,451801804,,
4,43,219,2,1,1,1401.212,1,"03",7500,1,,,,,,451900104,,
4,43,219,2,2,1,1401.212,1,"02",7500,1,,,,,,451900204,,
4,43,219,2,3,1,1401.212,1,"01",7500,0,0,0,0,1,,451900304,,
4,43,219,2,4,1,1401.212,1,"01",2500,1,,,,,,451900404,,
4,43,219,2,5,1,1401.212,1,"02",7500,0,0,1,,,,451900504,,
4,43,219,2,6,1,1401.212,1,"03",7500,1,,,,,,451900604,,
4,43,219,2,7,1,1401.212,1,"01",2500,1,,,,,,451900704,,
4,43,219,2,9,1,1401.212,1,"02",2500,1,,,,,,451900904,,
4,43,219,2,10,1,1401.212,1,"01",7500,0,0,0,0,1,,451901004,,
4,43,219,2,11,1,1401.212,1,"02",7500,1,,,,,,451901104,,
4,43,219,2,12,1,1401.212,1,"02",7500,0,0,0,0,1,,451901204,,
4,43,219,2,13,1,1401.212,1,"01",7500,1,,,,,,451901304,,
4,43,219,2,14,1,1401.212,1,"02",7500,1,,,,,,451901404,,
4,43,219,2,15,1,1401.212,1,"01",2500,0,1,,,,,451901504,,
4,43,219,2,16,1,1401.212,1,"01",2500,1,,,,,,451901604,,
4,43,219,2,17,1,1401.212,1,"01",2500,1,,,,,,451901704,,
4,43,219,2,18,1,1401.212,1,"02",7500,1,,,,,,451901804,,
4,43,219,2,20,1,1401.212,1,"02",2500,0,1,,,,,451902004,,
4,43,220,1,2,1,97.94363,,,,,,,,,,452000204,,
4,43,220,1,3,1,155.941622666667,1,"02",2500,1,,,,,,452000304,,
4,43,220,1,4,1,155.941622666667,1,"01",7500,1,,,,,,452000404,,
4,43,220,1,5,1,155.941622666667,1,"01",2500,0,0,0,0,1,,452000504,,
4,43,220,1,6,1,97.94363,,,,,,,,,,452000604,,
4,43,220,1,7,1,97.94363,,,,,,,,,,452000704,,
4,43,220,1,8,1,97.94363,,,,,,,,,,452000804,,
4,43,220,1,9,1,155.941622666667,,,,,,,,,,452000904,,
4,43,220,1,10,1,97.94363,,,,,,,,,,452001004,,
4,43,220,1,11,1,97.94363,,,,,,,,,,452001104,,
4,43,220,1,12,1,155.941622666667,1,"01",8200,0,0,1,,,,452001204,,
4,43,220,1,13,1,97.94363,,,,,,,,,,452001304,,
4,43,220,1,14,1,155.941622666667,1,"01",7500,0,0,0,0,1,,452001404,,
4,43,220,1,15,1,97.94363,,,,,,,,,,452001504,,
4,43,220,1,16,1,155.941622666667,1,"02",7500,1,,,,,,452001604,,
4,43,220,1,17,1,155.941622666667,1,"02",2500,0,1,,,,,452001704,,
4,43,220,1,19,1,155.941622666667,1,"02",2500,1,,,,,,452001904,,
4,43,220,1,20,1,155.941622666667,1,"02",2500,1,,,,,,452002004,,
4,43,221,1,1,1,173.136821590909,1,"01",7500,1,,,,,,452100104,,
4,43,221,1,2,1,173.136821590909,2,"02",8200,1,,,,,,452100204,,
4,43,221,1,4,1,173.136821590909,1,"01",7500,0,0,0,0,1,,452100404,,
4,43,221,1,5,1,173.136821590909,1,"01",7500,0,0,0,0,1,,452100504,,
4,43,221,1,6,1,173.136821590909,1,"02",7500,0,0,0,0,1,,452100604,,
4,43,221,1,7,1,175.1269,,,,,,,,,,452100704,,
4,43,221,1,8,1,173.136821590909,1,"02",24600,0,0,0,0,3,,452100804,,
4,43,221,1,9,1,175.1269,,,,,,,,,,452100904,,
4,43,221,1,10,1,175.1269,,,,,,,,,,452101004,,
4,43,221,1,11,1,175.1269,,,,,,,,,,452101104,,
4,43,221,1,12,1,175.1269,,,,,,,,,,452101204,,
4,43,221,1,13,1,175.1269,,,,,,,,,,452101304,,
4,43,221,1,14,1,175.1269,,,,,,,,,,452101404,,
4,43,221,1,15,1,173.136821590909,1,"01",2500,1,,,,,,452101504,,
4,43,221,1,16,1,175.1269,,,,,,,,,,452101604,,
4,43,221,1,17,1,175.1269,,,,,,,,,,452101704,,
4,43,221,1,18,1,175.1269,,,,,,,,,,452101804,,
4,43,221,1,20,1,173.136821590909,1,"02",2500,1,,,,,,452102004,,
4,43,222,2,1,1,1084.661,1,"01",7500,1,,,,,,452200104,,
4,43,222,2,2,1,1084.661,1,"02",7500,0,0,0,0,1,,452200204,,
4,43,222,2,3,1,1084.661,1,"01",7500,1,,,,,,452200304,,
4,43,222,2,4,1,1084.661,1,"01",7500,1,,,,,,452200404,,
4,43,222,2,5,1,1084.661,1,"02",2500,1,,,,,,452200504,,
4,43,222,2,6,1,784.503238993711,1,"01",2500,0,0,0,0,1,,452200604,,
4,43,222,2,8,1,1084.661,1,"02",7500,1,,,,,,452200804,,
4,43,222,2,10,1,1084.661,1,"02",7500,1,,,,,,452201004,,
4,43,222,2,11,1,1084.661,1,"01",2500,1,,,,,,452201104,,
4,43,222,2,12,1,1084.661,1,"01",2500,1,,,,,,452201204,,
4,43,222,2,13,1,1084.661,1,"02",7500,1,,,,,,452201304,,
4,43,222,2,14,1,1084.661,1,"02",2500,1,,,,,,452201404,,
4,43,222,2,15,1,1084.661,1,"01",7500,1,,,,,,452201504,,
4,43,222,2,16,1,1084.661,1,"02",7500,0,0,0,0,1,,452201604,,
4,43,222,2,17,1,784.503238993711,1,"03",2500,1,,,,,,452201704,,
4,43,222,2,18,1,1084.661,1,"02",7500,1,,,,,,452201804,,
4,43,222,2,19,1,784.503238993711,1,"01",7500,0,0,0,0,1,,452201904,,
4,43,222,2,21,1,1084.661,1,"02",2500,0,1,,,,,452202104,,
4,44,223,2,1,1,2241.356,1,"02",7500,1,,,,,,462300104,,
4,44,223,2,2,1,2241.356,1,"01",7500,0,0,0,1,,,462300204,,
4,44,223,2,3,1,2241.356,1,"02",2500,0,1,,,,,462300304,,
4,44,223,2,4,1,2241.356,1,"01",7500,1,,,,,,462300404,,
4,44,223,2,5,1,2241.356,1,"01",2500,0,0,0,0,1,,462300504,,
4,44,223,2,6,1,2241.356,1,"02",7500,1,,,,,,462300604,,
4,44,223,2,7,1,2241.356,1,"01",2500,1,,,,,,462300704,,
4,44,223,2,8,1,2241.356,1,"02",7500,1,,,,,,462300804,,
4,44,223,2,9,1,2241.356,1,"01",2500,1,,,,,,462300904,,
4,44,223,2,10,1,1120.678,1,"01",2500,1,,,,,,462301004,,
4,44,223,2,11,1,1120.678,1,"01",2500,0,0,0,0,1,,462301104,,
4,44,223,2,12,1,1120.678,1,"01",7500,0,0,0,0,1,,462301204,,
4,44,223,2,13,1,1120.678,1,"02",7500,0,0,0,0,1,,462301304,,
4,44,223,2,14,1,1120.678,1,"01",2500,1,,,,,,462301404,,
4,44,223,2,15,1,1120.678,2,"01",21000,0,0,0,0,2,,462301504,,
4,44,223,2,16,1,1120.678,1,"01",7500,1,,,,,,462301604,,
4,44,223,2,17,1,1120.678,2,"01",16000,0,0,0,0,2,,462301704,,
4,44,223,2,18,1,1120.678,1,"02",7500,1,,,,,,462301804,,
4,44,224,1,1,1,148.1425,,,,,,,,,,462400104,,
4,44,224,1,2,1,148.1425,,,,,,,,,,462400204,,
4,44,224,1,3,1,148.1425,2,"06",45100,1,,,,,,462400304,,
4,44,224,1,4,1,148.1425,,,,,,,,,,462400404,,
4,44,224,1,7,1,148.1425,,,,,,,,,,462400704,,
4,44,224,1,8,1,148.1425,,,,,,,,,,462400804,,
4,44,224,1,9,1,148.1425,,,,,,,,,,462400904,,
4,44,224,1,10,1,10.216724137931,1,"01",2500,1,,,,,,462401004,,
4,44,224,1,11,1,10.216724137931,1,"02",2500,1,,,,,,462401104,,
4,44,224,1,12,1,10.216724137931,1,"02",7500,0,0,0,1,,,462401204,,
4,44,224,1,13,1,10.216724137931,1,"01",2500,1,,,,,,462401304,,
4,44,224,1,14,1,148.1425,2,"01",16000,1,,,,,,462401404,,
4,44,224,1,15,1,10.216724137931,1,"02",2500,0,0,0,0,1,,462401504,,
4,44,224,1,16,1,148.1425,,,,,,,,,,462401604,,
4,44,224,1,17,1,10.216724137931,1,"01",2500,1,,,,,,462401704,,
4,44,224,1,18,1,10.216724137931,1,"02",7500,0,0,0,1,,,462401804,,
4,44,224,1,19,1,148.1425,,,,,,,,,,462401904,,
4,44,224,1,21,1,148.1425,,,,,,,,,,462402104,,
4,44,225,2,1,1,1044.116,1,"01",2500,1,,,,,,462500104,,
4,44,225,2,2,1,1044.116,1,"02",7500,0,0,0,0,1,,462500204,,
4,44,225,2,3,1,1044.116,1,"02",7500,0,0,0,0,1,,462500304,,
4,44,225,2,5,1,1044.116,1,"02",2500,0,0,0,0,2,,462500504,,
4,44,225,2,6,1,1044.116,1,"02",7500,1,,,,,,462500604,,
4,44,225,2,7,1,1044.116,1,"01",7500,0,0,0,0,1,,462500704,,
4,44,225,2,8,1,1044.116,1,"01",2500,0,1,,,,,462500804,,
4,44,225,2,9,1,1044.116,1,"01",7500,1,,,,,,462500904,,
4,44,225,2,10,1,1044.116,1,"02",2500,1,,,,,,462501004,,
4,44,225,2,11,1,1044.116,1,"02",2500,1,,,,,,462501104,,
4,44,225,2,12,1,1044.116,1,"02",2500,1,,,,,,462501204,,
4,44,225,2,13,1,1044.116,,,,,,,,,,462501304,,
4,44,225,2,14,1,1044.116,,,,,,,,,,462501404,,
4,44,225,2,15,1,1044.116,1,"02",7500,0,0,0,0,2,,462501504,,
4,44,225,2,16,1,1044.116,1,"02",7500,1,,,,,,462501604,,
4,44,225,2,17,1,1044.116,1,"02",2500,1,,,,,,462501704,,
4,44,225,2,18,1,1044.116,1,"01",7500,1,,,,,,462501804,,
4,44,225,2,22,1,1044.116,1,"02",2500,1,,,,,,462502204,,
4,44,226,2,1,1,129.102220588235,1,"01",2500,0,1,,,,,462600104,,
4,44,226,2,2,1,129.102220588235,1,"01",7500,0,1,,,,,462600204,,
4,44,226,2,3,1,129.102220588235,1,"02",2500,1,,,,,,462600304,,
4,44,226,2,4,1,129.102220588235,1,"02",7500,0,0,0,0,1,,462600404,,
4,44,226,2,5,1,129.102220588235,1,"02",7500,0,0,0,1,,,462600504,,
4,44,226,2,6,1,129.102220588235,1,"02",2500,1,,,,,,462600604,,
4,44,226,2,7,1,1950.878,1,"02",7500,0,0,0,0,1,,462600704,,
4,44,226,2,8,1,129.102220588235,1,"01",2500,0,0,0,0,1,,462600804,,
4,44,226,2,9,1,129.102220588235,1,"02",2500,0,0,1,,,,462600904,,
4,44,226,2,10,1,1950.878,1,"02",2500,1,,,,,,462601004,,
4,44,226,2,11,1,1950.878,1,"04",2500,0,888,1,,,,462601104,,
4,44,226,2,12,1,1950.878,1,"02",2500,1,,,,,,462601204,,
4,44,226,2,13,1,1950.878,1,"02",2500,1,,,,,,462601304,,
4,44,226,2,14,1,1950.878,,,,,,,,,,462601404,,
4,44,226,2,15,1,1950.878,,,,,,,,,,462601504,,
4,44,226,2,16,1,1950.878,1,"01",2500,1,,,,,,462601604,,
4,44,226,2,17,1,129.102220588235,1,"01",2500,1,,,,,,462601704,,
4,44,226,2,18,1,1950.878,1,"02",2500,1,,,,,,462601804,,
4,44,227,2,1,1,1422.64434473684,1,"01",2500,1,,,,,,462700104,,
4,44,227,2,2,1,1422.64434473684,1,"02",2500,1,,,,,,462700204,,
4,44,227,2,3,1,1422.64434473684,1,"02",2500,1,,,,,,462700304,,
4,44,227,2,4,1,1422.64434473684,,,,,,,,,,462700404,,
4,44,227,2,5,1,1422.64434473684,1,"01",7500,1,,,,,,462700504,,
4,44,227,2,6,1,1422.64434473684,1,"01",2500,0,0,0,1,,,462700604,,
4,44,227,2,7,1,1422.64434473684,1,"02",2500,1,,,,,,462700704,,
4,44,227,2,8,1,1422.64434473684,1,"01",7500,0,0,0,1,,,462700804,,
4,44,227,2,9,1,1422.64434473684,1,"02",7500,1,,,,,,462700904,,
4,44,227,2,10,1,688.6686,1,"01",2500,0,0,0,0,1,,462701004,,
4,44,227,2,11,1,688.6686,1,"02",7500,0,0,1,,,,462701104,,
4,44,227,2,12,1,688.6686,1,"02",7500,1,,,,,,462701204,,
4,44,227,2,13,1,688.6686,,,,,,,,,,462701304,,
4,44,227,2,14,1,688.6686,1,"02",7500,0,0,0,0,1,,462701404,,
4,44,227,2,15,1,688.6686,1,"02",7500,0,1,,,,,462701504,,
4,44,227,2,16,1,688.6686,1,"01",7500,1,,,,,,462701604,,
4,44,227,2,17,1,688.6686,1,"02",2500,1,,,,,,462701704,,
4,44,227,2,18,1,688.6686,1,"02",2500,1,,,,,,462701804,,
4,44,228,2,1,1,238.994666666667,1,"02",7500,1,,,,,,462800104,,
4,44,228,2,2,1,238.994666666667,1,"01",2500,1,,,,,,462800204,,
4,44,228,2,3,1,238.994666666667,1,"01",7500,0,0,0,0,1,,462800304,,
4,44,228,2,4,1,238.994666666667,1,"01",7500,0,0,0,0,1,,462800404,,
4,44,228,2,5,1,238.994666666667,1,"02",2500,0,0,0,1,,,462800504,,
4,44,228,2,6,1,238.994666666667,1,"01",7500,0,0,0,0,1,,462800604,,
4,44,228,2,7,1,238.994666666667,1,"01",7500,0,0,0,1,,,462800704,,
4,44,228,2,8,1,238.994666666667,1,"01",7500,0,0,0,0,1,,462800804,,
4,44,228,2,9,1,238.994666666667,1,"02",7500,0,0,0,0,1,,462800904,,
4,44,228,2,10,1,2240.575,1,"01",2500,1,,,,,,462801004,,
4,44,228,2,11,1,2240.575,1,"02",2500,1,,,,,,462801104,,
4,44,228,2,12,1,2240.575,1,"02",7500,0,1,,,,,462801204,,
4,44,228,2,13,1,2240.575,1,"01",7500,0,0,0,0,1,,462801304,,
4,44,228,2,14,1,2240.575,1,"02",2500,1,,,,,,462801404,,
4,44,228,2,15,1,2240.575,1,"01",7500,0,0,0,1,,,462801504,,
4,44,228,2,16,1,238.994666666667,1,"02",7500,1,,,,,,462801604,,
4,44,228,2,17,1,2240.575,1,"01",7500,0,0,0,0,1,,462801704,,
4,44,228,2,18,1,2240.575,1,"01",2500,0,0,0,0,1,,462801804,,
4,45,229,1,1,1,28.8529368421053,,,,,,,,,,472900104,,
4,45,229,1,2,1,274.1029,,,,,,,,,,472900204,,
4,45,229,1,3,1,28.8529368421053,,,,,,,,,,472900304,,
4,45,229,1,4,1,274.1029,2,"01",21000,1,,,,,,472900404,,
4,45,229,1,5,1,28.8529368421053,,,,,,,,,,472900504,,
4,45,229,1,6,1,274.1029,,,,,,,,,,472900604,,
4,45,229,1,9,1,28.8529368421053,,,,,,,,,,472900904,,
4,45,229,1,10,1,274.1029,,,,,,,,,,472901004,,
4,45,229,1,11,1,28.8529368421053,1,"01",2500,1,,,,,,472901104,,
4,45,229,1,12,1,274.1029,,,,,,,,,,472901204,,
4,45,229,1,13,1,28.8529368421053,1,"02",7500,1,,,,,,472901304,,
4,45,229,1,14,1,274.1029,,,,,,,,,,472901404,,
4,45,229,1,15,1,28.8529368421053,,,,,,,,,,472901504,,
4,45,229,1,16,1,274.1029,,,,,,,,,,472901604,,
4,45,229,1,17,1,28.8529368421053,1,"01",45100,0,0,0,0,1,,472901704,,
4,45,229,1,18,1,274.1029,,,,,,,,,,472901804,,
4,45,229,1,19,1,28.8529368421053,2,"02",21000,1,,,,,,472901904,,
4,45,229,1,22,1,274.1029,,,,,,,,,,472902204,,
4,45,230,1,1,1,51.331455,,,,,,,,,,473000104,,
4,45,230,1,2,1,494.3029,,,,,,,,,,473000204,,
4,45,230,1,3,1,51.331455,1,"02",2500,0,0,0,0,1,,473000304,,
4,45,230,1,4,1,494.3029,,,,,,,,,,473000404,,
4,45,230,1,5,1,51.331455,,,,,,,,,,473000504,,
4,45,230,1,7,1,51.331455,1,"01",8200,0,0,0,0,2,,473000704,,
4,45,230,1,8,1,494.3029,,,,,,,,,,473000804,,
4,45,230,1,9,1,51.331455,1,"02",24600,0,0,0,0,1,,473000904,,
4,45,230,1,10,1,494.3029,2,"02",8200,1,,,,,,473001004,,
4,45,230,1,12,1,494.3029,,,,,,,,,,473001204,,
4,45,230,1,13,1,51.331455,,,,,,,,,,473001304,,
4,45,230,1,14,1,51.331455,1,"01",7500,0,0,0,0,2,,473001404,,
4,45,230,1,15,1,51.331455,1,"03",2500,1,,,,,,473001504,,
4,45,230,1,17,1,51.331455,1,"01",8200,0,0,0,0,1,,473001704,,
4,45,230,1,18,1,51.331455,,,,,,,,,,473001804,,
4,45,231,2,2,1,1163.636,1,"02",2500,1,,,,,,473100204,,
4,45,231,2,4,1,1163.636,1,"02",7500,0,1,,,,,473100404,,
4,45,231,2,5,1,1260.84392137592,,,,,,,,,,473100504,,
4,45,231,2,6,1,1163.636,1,"02",7500,1,,,,,,473100604,,
4,45,231,2,7,1,1260.84392137592,1,"01",2500,0,0,0,0,1,,473100704,,
4,45,231,2,8,1,1260.84392137592,1,"02",7500,1,,,,,,473100804,,
4,45,231,2,9,1,1260.84392137592,1,"01",7500,0,0,0,0,1,,473100904,,
4,45,231,2,11,1,1260.84392137592,1,"01",7500,1,,,,,,473101104,,
4,45,231,2,12,1,1163.636,1,"01",2500,1,,,,,,473101204,,
4,45,231,2,13,1,1260.84392137592,1,"01",7500,0,1,,,,,473101304,,
4,45,231,2,14,1,1260.84392137592,1,"02",7500,1,,,,,,473101404,,
4,45,231,2,15,1,1260.84392137592,1,"02",2500,1,,,,,,473101504,,
4,45,231,2,16,1,1163.636,,,,,,,,,,473101604,,
4,45,231,2,17,1,1260.84392137592,1,"01",7500,0,0,1,,,,473101704,,
4,45,231,2,19,1,1260.84392137592,1,"01",7500,1,,,,,,473101904,,
4,45,231,2,20,1,1260.84392137592,1,"02",2500,1,,,,,,473102004,,
4,45,231,2,21,1,1163.636,1,"02",7500,0,0,1,,,,473102104,,
4,45,231,2,22,1,1163.636,1,"01",2500,0,0,0,0,1,,473102204,,
4,45,232,1,1,1,19.1628054109589,,,,,,,,,,473200104,,
4,45,232,1,3,1,19.1628054109589,1,"01",8200,1,,,,,,473200304,,
4,45,232,1,4,1,363.3467,,,,,,,,,,473200404,,
4,45,232,1,5,1,19.1628054109589,1,"01",7500,0,0,0,0,1,,473200504,,
4,45,232,1,6,1,19.1628054109589,,,,,,,,,,473200604,,
4,45,232,1,7,1,19.1628054109589,1,"01",2500,1,,,,,,473200704,,
4,45,232,1,8,1,363.3467,,,,,,,,,,473200804,,
4,45,232,1,9,1,19.1628054109589,2,"01",16000,1,,,,,,473200904,,
4,45,232,1,10,1,363.3467,,,,,,,,,,473201004,,
4,45,232,1,11,1,19.1628054109589,1,"01",7500,1,,,,,,473201104,,
4,45,232,1,12,1,363.3467,,,,,,,,,,473201204,,
4,45,232,1,13,1,19.1628054109589,1,"03",7500,1,,,,,,473201304,,
4,45,232,1,14,1,363.3467,,,,,,,,,,473201404,,
4,45,232,1,15,1,19.1628054109589,1,"01",2500,1,,,,,,473201504,,
4,45,232,1,16,1,363.3467,,,,,,,,,,473201604,,
4,45,232,1,17,1,19.1628054109589,1,"02",2500,0,0,0,0,1,,473201704,,
4,45,232,1,18,1,363.3467,,,,,,,,,,473201804,,
4,45,233,2,1,1,1946.098,,,,,,,,,,473300104,,
4,45,233,2,2,1,1946.098,1,"02",2500,0,0,0,0,2,,473300204,,
4,45,233,2,3,1,1946.098,,,,,,,,,,473300304,,
4,45,233,2,4,1,1946.098,1,"01",2500,1,,,,,,473300404,,
4,45,233,2,5,1,1946.098,1,"01",2500,0,1,,,,,473300504,,
4,45,233,2,6,1,1946.098,1,"02",2500,1,,,,,,473300604,,
4,45,233,2,7,1,1946.098,1,"02",7500,1,,,,,,473300704,,
4,45,233,2,8,1,1946.098,,,,,,,,,,473300804,,
4,45,233,2,9,1,1946.098,1,"01",2500,0,0,0,0,1,,473300904,,
4,45,233,2,10,1,1946.098,1,"02",2500,1,,,,,,473301004,,
4,45,233,2,12,1,1946.098,1,"01",2500,1,,,,,,473301204,,
4,45,233,2,13,1,1946.098,1,"01",2500,0,1,,,,,473301304,,
4,45,233,2,14,1,1946.098,1,"01",2500,1,,,,,,473301404,,
4,45,233,2,16,1,1946.098,1,"02",7500,1,,,,,,473301604,,
4,45,233,2,18,1,1946.098,1,"01",7500,0,0,1,,,,473301804,,
4,45,233,2,20,1,1946.098,1,"02",2500,1,,,,,,473302004,,
4,45,233,2,21,1,1946.098,1,"02",7500,1,,,,,,473302104,,
4,45,233,2,22,1,1946.098,,,,,,,,,,473302204,,
4,45,234,2,1,1,1475.391,1,"01",7500,0,0,0,1,,,473400104,,
4,45,234,2,2,1,1475.391,1,"01",7500,0,0,0,1,,,473400204,,
4,45,234,2,3,1,1475.391,1,"01",7500,1,,,,,,473400304,,
4,45,234,2,4,1,1475.391,1,"01",2500,1,,,,,,473400404,,
4,45,234,2,5,1,1475.391,1,"01",7500,0,0,0,0,1,,473400504,,
4,45,234,2,6,1,1475.391,1,"02",2500,1,,,,,,473400604,,
4,45,234,2,7,1,1475.391,1,"01",7500,1,,,,,,473400704,,
4,45,234,2,8,1,1475.391,1,"02",2500,1,,,,,,473400804,,
4,45,234,2,9,1,1475.391,1,"01",7500,1,,,,,,473400904,,
4,45,234,2,10,1,1475.391,1,"02",7500,1,,,,,,473401004,,
4,45,234,2,11,1,1475.391,1,"01",7500,0,0,0,1,,,473401104,,
4,45,234,2,12,1,1475.391,1,"01",2500,0,1,,,,,473401204,,
4,45,234,2,13,1,1475.391,,,,,,,,,,473401304,,
4,45,234,2,14,1,1475.391,1,"02",2500,1,,,,,,473401404,,
4,45,234,2,15,1,1475.391,,,,,,,,,,473401504,,
4,45,234,2,16,1,1475.391,1,"02",7500,1,,,,,,473401604,,
4,45,234,2,17,1,1475.391,1,"02",7500,1,,,,,,473401704,,
4,45,234,2,18,1,1475.391,,,,,,,,,,473401804,,
4,45,235,2,1,1,1095.94107236842,,,,,,,,,,473500104,,
4,45,235,2,2,1,2414.247,,,,,,,,,,473500204,,
4,45,235,2,3,1,1095.94107236842,,,,,,,,,,473500304,,
4,45,235,2,5,1,1095.94107236842,1,"01",7500,0,1,,,,,473500504,,
4,45,235,2,6,1,1095.94107236842,1,"02",2500,1,,,,,,473500604,,
4,45,235,2,7,1,1095.94107236842,1,"02",7500,1,,,,,,473500704,,
4,45,235,2,8,1,2414.247,1,"02",2500,0,1,,,,,473500804,,
4,45,235,2,9,1,1095.94107236842,1,"01",2500,1,,,,,,473500904,,
4,45,235,2,10,1,2414.247,1,"02",7500,1,,,,,,473501004,,
4,45,235,2,11,1,1095.94107236842,,,,,,,,,,473501104,,
4,45,235,2,12,1,2414.247,,,,,,,,,,473501204,,
4,45,235,2,13,1,1095.94107236842,1,"02",2500,0,0,0,0,1,,473501304,,
4,45,235,2,14,1,1095.94107236842,,,,,,,,,,473501404,,
4,45,235,2,16,1,2414.247,1,"02",7500,0,0,0,1,,,473501604,,
4,45,235,2,17,1,1095.94107236842,,,,,,,,,,473501704,,
4,45,235,2,19,1,1095.94107236842,,,,,,,,,,473501904,,
4,45,235,2,20,1,1095.94107236842,1,"02",7500,0,0,0,0,1,,473502004,,
4,45,235,2,21,1,2414.247,,,,,,,,,,473502104,,
4,45,236,2,1,1,467.384330985915,1,"02",7500,1,,,,,,473600104,,
4,45,236,2,2,1,1896.245,1,"01",7500,0,0,1,,,,473600204,,
4,45,236,2,3,1,467.384330985915,1,"01",7500,1,,,,,,473600304,,
4,45,236,2,4,1,1896.245,1,"01",2500,1,,,,,,473600404,,
4,45,236,2,5,1,467.384330985915,1,"02",2500,1,,,,,,473600504,,
4,45,236,2,6,1,1896.245,1,"01",7500,0,0,1,,,,473600604,,
4,45,236,2,7,1,467.384330985915,,,,,,,,,,473600704,,
4,45,236,2,8,1,1896.245,1,"02",2500,1,,,,,,473600804,,
4,45,236,2,9,1,467.384330985915,,,,,,,,,,473600904,,
4,45,236,2,10,1,467.384330985915,,,,,,,,,,473601004,,
4,45,236,2,11,1,467.384330985915,,,,,,,,,,473601104,,
4,45,236,2,12,1,467.384330985915,1,"02",7500,1,,,,,,473601204,,
4,45,236,2,13,1,467.384330985915,1,"01",2500,1,,,,,,473601304,,
4,45,236,2,14,1,1896.245,1,"02",2500,0,0,0,0,1,,473601404,,
4,45,236,2,15,1,467.384330985915,1,"02",7500,0,0,0,0,555,7,473601504,,
4,45,236,2,17,1,467.384330985915,,,,,,,,,,473601704,,
4,45,236,2,18,1,1896.245,,,,,,,,,,473601804,,
4,45,236,2,21,1,1896.245,,,,,,,,,,473602104,,
5,51,237,2,1,1,464.106144278607,1,"02",7500,1,,,,,,533700105,,
5,51,237,2,2,1,464.106144278607,1,"02",2500,1,,,,,,533700205,,
5,51,237,2,3,1,464.106144278607,1,"02",7500,1,,,,,,533700305,,
5,51,237,2,4,1,464.106144278607,1,"02",7500,1,,,,,,533700405,,
5,51,237,2,5,1,1696.097,1,"02",2500,1,,,,,,533700505,,
5,51,237,2,6,1,464.106144278607,1,"01",7500,0,0,0,0,1,,533700605,,
5,51,237,2,7,1,464.106144278607,1,"01",2500,1,,,,,,533700705,,
5,51,237,2,8,1,1696.097,1,"01",2500,1,,,,,,533700805,,
5,51,237,2,9,1,464.106144278607,1,"01",7500,0,0,0,0,1,,533700905,,
5,51,237,2,10,1,1696.097,1,"02",2500,0,0,0,0,555,2,533701005,,
5,51,237,2,11,1,1696.097,1,"01",7500,0,0,0,0,1,,533701105,,
5,51,237,2,12,1,1696.097,1,"01",7500,1,,,,,,533701205,,
5,51,237,2,13,1,1696.097,1,"01",7500,0,0,0,0,1,,533701305,,
5,51,237,2,14,1,1696.097,,,,,,,,,,533701405,,
5,51,237,2,15,1,464.106144278607,1,"01",2500,0,0,0,0,1,,533701505,,
5,51,237,2,16,1,464.106144278607,1,"02",7500,1,,,,,,533701605,,
5,51,237,2,17,1,1696.097,2,"02",16000,1,,,,,,533701705,,
5,51,237,2,18,1,1696.097,1,"01",7500,0,0,1,,,,533701805,,
5,51,238,1,1,1,140.307752941177,1,"01",2500,1,,,,,,533800105,,
5,51,238,1,2,1,146.0346,,,,,,,,,,533800205,,
5,51,238,1,3,1,146.0346,,,,,,,,,,533800305,,
5,51,238,1,4,1,146.0346,,,,,,,,,,533800405,,
5,51,238,1,5,1,146.0346,,,,,,,,,,533800505,,
5,51,238,1,6,1,140.307752941177,1,"02",8200,0,1,,,,,533800605,,
5,51,238,1,7,1,146.0346,,,,,,,,,,533800705,,
5,51,238,1,8,1,146.0346,,,,,,,,,,533800805,,
5,51,238,1,9,1,146.0346,,,,,,,,,,533800905,,
5,51,238,1,10,1,146.0346,2,"02",8200,1,,,,,,533801005,,
5,51,238,1,11,1,146.0346,,,,,,,,,,533801105,,
5,51,238,1,12,1,146.0346,,,,,,,,,,533801205,,
5,51,238,1,13,1,146.0346,,,,,,,,,,533801305,,
5,51,238,1,14,1,146.0346,,,,,,,,,,533801405,,
5,51,238,1,15,1,146.0346,,,,,,,,,,533801505,,
5,51,238,1,16,1,140.307752941177,,,,,,,,,,533801605,,
5,51,238,1,17,1,140.307752941177,1,"01",8200,0,0,0,0,1,,533801705,,
5,51,238,1,18,1,146.0346,,,,,,,,,,533801805,,
5,51,239,1,1,1,169.8891,,,,,,,,,,533900105,,
5,51,239,1,2,1,70.9245757281553,1,"01",8200,0,0,0,0,1,,533900205,,
5,51,239,1,3,1,169.8891,,,,,,,,,,533900305,,
5,51,239,1,4,1,169.8891,,,,,,,,,,533900405,,
5,51,239,1,5,1,169.8891,,,,,,,,,,533900505,,
5,51,239,1,6,1,169.8891,,,,,,,,,,533900605,,
5,51,239,1,7,1,169.8891,,,,,,,,,,533900705,,
5,51,239,1,8,1,169.8891,,,,,,,,,,533900805,,
5,51,239,1,9,1,169.8891,,,,,,,,,,533900905,,
5,51,239,1,10,1,70.9245757281553,1,"01",24600,0,0,0,1,,,533901005,,
5,51,239,1,12,1,169.8891,,,,,,,,,,533901205,,
5,51,239,1,13,1,169.8891,,,,,,,,,,533901305,,
5,51,239,1,14,1,169.8891,,,,,,,,,,533901405,,
5,51,239,1,15,1,169.8891,,,,,,,,,,533901505,,
5,51,239,1,16,1,70.9245757281553,1,"01",8200,0,0,0,0,1,,533901605,,
5,51,239,1,17,1,169.8891,,,,,,,,,,533901705,,
5,51,239,1,18,1,169.8891,,,,,,,,,,533901805,,
5,51,239,1,20,1,169.8891,,,,,,,,,,533902005,,
5,51,240,1,1,1,158.1368,,,,,,,,,,534000105,,
5,51,240,1,2,1,133.191276619718,2,"01",45100,0,0,0,1,,,534000205,,
5,51,240,1,3,1,133.191276619718,,,,,,,,,,534000305,,
5,51,240,1,5,1,158.1368,,,,,,,,,,534000505,,
5,51,240,1,6,1,133.191276619718,1,"01",45100,0,0,0,0,1,,534000605,,
5,51,240,1,8,1,158.1368,,,,,,,,,,534000805,,
5,51,240,1,9,1,133.191276619718,1,"02",2500,1,,,,,,534000905,,
5,51,240,1,10,1,158.1368,,,,,,,,,,534001005,,
5,51,240,1,11,1,158.1368,,,,,,,,,,534001105,,
5,51,240,1,12,1,158.1368,,,,,,,,,,534001205,,
5,51,240,1,13,1,158.1368,2,"02",8200,1,,,,,,534001305,,
5,51,240,1,14,1,158.1368,,,,,,,,,,534001405,,
5,51,240,1,15,1,158.1368,2,"01",8200,1,,,,,,534001505,,
5,51,240,1,17,1,158.1368,,,,,,,,,,534001705,,
5,51,240,1,18,1,158.1368,,,,,,,,,,534001805,,
5,51,240,1,19,1,133.191276619718,1,"01",24600,0,0,0,0,1,,534001905,,
5,51,240,1,20,1,158.1368,,,,,,,,,,534002005,,
5,51,240,1,22,1,158.1368,,,,,,,,,,534002205,,
5,51,241,2,1,1,530.112216748768,1,"01",2500,0,1,,,,,534100105,,
5,51,241,2,2,1,530.112216748768,1,"01",2500,1,,,,,,534100205,,
5,51,241,2,3,1,530.112216748768,1,"01",2500,0,0,0,0,1,,534100305,,
5,51,241,2,4,1,530.112216748768,1,"02",7500,1,,,,,,534100405,,
5,51,241,2,5,1,1262.32,,,,,,,,,,534100505,,
5,51,241,2,6,1,1262.32,1,"01",7500,0,0,0,0,1,,534100605,,
5,51,241,2,7,1,530.112216748768,1,"02",7500,0,1,,,,,534100705,,
5,51,241,2,8,1,530.112216748768,1,"02",7500,1,,,,,,534100805,,
5,51,241,2,9,1,1262.32,,,,,,,,,,534100905,,
5,51,241,2,10,1,1262.32,1,"02",2500,1,,,,,,534101005,,
5,51,241,2,11,1,1262.32,1,"01",2500,1,,,,,,534101105,,
5,51,241,2,12,1,1262.32,1,"01",7500,0,0,0,0,1,,534101205,,
5,51,241,2,13,1,1262.32,1,"02",2500,1,,,,,,534101305,,
5,51,241,2,14,1,1262.32,1,"02",7500,0,0,0,0,1,,534101405,,
5,51,241,2,15,1,530.112216748768,1,"01",2500,1,,,,,,534101505,,
5,51,241,2,16,1,1262.32,1,"01",7500,0,0,1,,,,534101605,,
5,51,241,2,17,1,1262.32,1,"01",7500,1,,,,,,534101705,,
5,51,241,2,18,1,1262.32,1,"01",7500,1,,,,,,534101805,,
5,51,242,2,1,1,974.180936170213,1,"02",2500,1,,,,,,534200105,,
5,51,242,2,2,1,974.180936170213,1,"01",7500,1,,,,,,534200205,,
5,51,242,2,3,1,974.180936170213,1,"01",2500,1,,,,,,534200305,,
5,51,242,2,4,1,974.180936170213,,,,,,,,,,534200405,,
5,51,242,2,5,1,974.180936170213,1,"01",7500,1,,,,,,534200505,,
5,51,242,2,6,1,1302.868,1,"02",2500,0,0,1,,,,534200605,,
5,51,242,2,7,1,1302.868,1,"02",2500,0,1,,,,,534200705,,
5,51,242,2,8,1,974.180936170213,1,"01",2500,1,,,,,,534200805,,
5,51,242,2,9,1,974.180936170213,1,"01",7500,0,0,0,1,,,534200905,,
5,51,242,2,10,1,1302.868,,,,,,,,,,534201005,,
5,51,242,2,11,1,974.180936170213,1,"01",7500,1,,,,,,534201105,,
5,51,242,2,12,1,974.180936170213,,,,,,,,,,534201205,,
5,51,242,2,13,1,974.180936170213,,,,,,,,,,534201305,,
5,51,242,2,14,1,974.180936170213,1,"02",7500,0,0,1,,,,534201405,,
5,51,242,2,15,1,974.180936170213,1,"01",7500,0,0,1,,,,534201505,,
5,51,242,2,16,1,974.180936170213,1,"01",2500,1,,,,,,534201605,,
5,51,242,2,17,1,1302.868,1,"02",7500,1,,,,,,534201705,,
5,51,242,2,18,1,974.180936170213,1,"02",2500,1,,,,,,534201805,,
5,52,243,2,1,1,1062.52385542169,,,,,,,,,,544300105,,
5,52,243,2,2,1,1062.52385542169,,,,,,,,,,544300205,,
5,52,243,2,3,1,1062.52385542169,1,"01",7500,0,0,1,,,,544300305,,
5,52,243,2,4,1,1062.52385542169,,,,,,,,,,544300405,,
5,52,243,2,5,1,1062.52385542169,1,"01",7500,0,0,1,,,,544300505,,
5,52,243,2,6,1,1062.52385542169,,,,,,,,,,544300605,,
5,52,243,2,7,1,1062.52385542169,,,,,,,,,,544300705,,
5,52,243,2,8,1,1062.52385542169,,,,,,,,,,544300805,,
5,52,243,2,9,1,1062.52385542169,,,,,,,,,,544300905,,
5,52,243,2,10,1,2204.737,,,,,,,,,,544301005,,
5,52,243,2,11,1,2204.737,1,"01",2500,0,0,1,,,,544301105,,
5,52,243,2,12,1,2204.737,,,,,,,,,,544301205,,
5,52,243,2,13,1,2204.737,,,,,,,,,,544301305,,
5,52,243,2,14,1,2204.737,,,,,,,,,,544301405,,
5,52,243,2,15,1,2204.737,,,,,,,,,,544301505,,
5,52,243,2,16,1,2204.737,,,,,,,,,,544301605,,
5,52,243,2,17,1,2204.737,,,,,,,,,,544301705,,
5,52,243,2,18,1,2204.737,,,,,,,,,,544301805,,
5,52,244,2,1,1,1700.2,,,,,,,,,,544400105,,
5,52,244,2,2,1,1700.2,,,,,,,,,,544400205,,
5,52,244,2,3,1,1700.2,,,,,,,,,,544400305,,
5,52,244,2,4,1,1700.2,,,,,,,,,,544400405,,
5,52,244,2,5,1,1700.2,,,,,,,,,,544400505,,
5,52,244,2,6,1,1700.2,,,,,,,,,,544400605,,
5,52,244,2,7,1,1700.2,1,"01",7500,0,0,0,0,1,,544400705,,
5,52,244,2,8,1,1700.2,,,,,,,,,,544400805,,
5,52,244,2,9,1,1700.2,,,,,,,,,,544400905,,
5,52,244,2,10,1,1700.2,,,,,,,,,,544401005,,
5,52,244,2,11,1,1700.2,2,"01",21000,1,,,,,,544401105,,
5,52,244,2,12,1,1700.2,,,,,,,,,,544401205,,
5,52,244,2,13,1,1700.2,1,"01",7500,0,0,1,,,,544401305,,
5,52,244,2,14,1,1700.2,1,"01",2500,0,0,1,,,,544401405,,
5,52,244,2,15,1,1700.2,,,,,,,,,,544401505,,
5,52,244,2,16,1,1700.2,,,,,,,,,,544401605,,
5,52,244,2,17,1,1700.2,,,,,,,,,,544401705,,
5,52,244,2,18,1,1700.2,,,,,,,,,,544401805,,
5,52,245,1,1,1,18.1200197260274,,,,,,,,,,544500105,,
5,52,245,1,2,1,18.1200197260274,1,"01",7500,0,1,,,,,544500205,,
5,52,245,1,3,1,18.1200197260274,1,"02",8200,1,,,,,,544500305,,
5,52,245,1,4,1,18.1200197260274,,,,,,,,,,544500405,,
5,52,245,1,5,1,339.1696,,,,,,,,,,544500505,,
5,52,245,1,6,1,339.1696,,,,,,,,,,544500605,,
5,52,245,1,7,1,339.1696,,,,,,,,,,544500705,,
5,52,245,1,8,1,339.1696,,,,,,,,,,544500805,,
5,52,245,1,9,1,339.1696,1,"02",8200,1,,,,,,544500905,,
5,52,245,1,10,1,339.1696,,,,,,,,,,544501005,,
5,52,245,1,11,1,339.1696,,,,,,,,,,544501105,,
5,52,245,1,12,1,339.1696,1,"01",8200,1,,,,,,544501205,,
5,52,245,1,13,1,18.1200197260274,,,,,,,,,,544501305,,
5,52,245,1,14,1,339.1696,,,,,,,,,,544501405,,
5,52,245,1,15,1,339.1696,,,,,,,,,,544501505,,
5,52,245,1,16,1,339.1696,,,,,,,,,,544501605,,
5,52,245,1,17,1,339.1696,,,,,,,,,,544501705,,
5,52,245,1,18,1,339.1696,,,,,,,,,,544501805,,
5,52,246,2,1,1,392.274947368421,1,"01",2500,1,,,,,,544600105,,
5,52,246,2,2,1,392.274947368421,1,"02",7500,0,0,0,1,,,544600205,,
5,52,246,2,3,1,392.274947368421,,,,,,,,,,544600305,,
5,52,246,2,4,1,2484.408,1,"01",7500,1,,,,,,544600405,,
5,52,246,2,5,1,392.274947368421,1,"01",7500,1,,,,,,544600505,,
5,52,246,2,6,1,392.274947368421,1,"02",2500,0,0,0,0,1,,544600605,,
5,52,246,2,7,1,392.274947368421,1,"02",2500,1,,,,,,544600705,,
5,52,246,2,8,1,392.274947368421,1,"02",2500,1,,,,,,544600805,,
5,52,246,2,9,1,392.274947368421,1,"01",7500,1,,,,,,544600905,,
5,52,246,2,10,1,392.274947368421,1,"01",2500,0,0,1,,,,544601005,,
5,52,246,2,11,1,2484.408,1,"01",2500,0,0,1,,,,544601105,,
5,52,246,2,12,1,2484.408,1,"01",2500,0,0,1,,,,544601205,,
5,52,246,2,13,1,2484.408,1,"02",7500,0,0,1,,,,544601305,,
5,52,246,2,14,1,2484.408,1,"02",7500,0,1,,,,,544601405,,
5,52,246,2,15,1,2484.408,1,"01",7500,1,,,,,,544601505,,
5,52,246,2,16,1,2484.408,1,"02",2500,1,,,,,,544601605,,
5,52,246,2,17,1,2484.408,1,"01",7500,0,0,0,0,1,,544601705,,
5,52,246,2,18,1,2484.408,,,,,,,,,,544601805,,
5,52,247,1,1,1,184.7471,,,,,,,,,,544700105,,
5,52,247,1,2,1,184.7471,1,"01",8200,1,,,,,,544700205,,
5,52,247,1,3,1,184.7471,,,,,,,,,,544700305,,
5,52,247,1,4,1,184.7471,,,,,,,,,,544700405,,
5,52,247,1,5,1,70.5821635756677,2,"01",21000,1,,,,,,544700505,,
5,52,247,1,6,1,70.5821635756677,2,"01",8200,1,,,,,,544700605,,
5,52,247,1,7,1,70.5821635756677,,,,,,,,,,544700705,,
5,52,247,1,8,1,70.5821635756677,1,"01",2500,1,,,,,,544700805,,
5,52,247,1,9,1,70.5821635756677,2,"01",16000,1,,,,,,544700905,,
5,52,247,1,10,1,184.7471,,,,,,,,,,544701005,,
5,52,247,1,11,1,184.7471,,,,,,,,,,544701105,,
5,52,247,1,12,1,184.7471,,,,,,,,,,544701205,,
5,52,247,1,13,1,70.5821635756677,2,"01",21000,1,,,,,,544701305,,
5,52,247,1,14,1,184.7471,2,"02",16000,1,,,,,,544701405,,
5,52,247,1,15,1,70.5821635756677,1,"02",7500,1,,,,,,544701505,,
5,52,247,1,16,1,184.7471,,,,,,,,,,544701605,,
5,52,247,1,17,1,70.5821635756677,,,,,,,,,,544701705,,
5,52,247,1,18,1,184.7471,,,,,,,,,,544701805,,
5,52,248,2,1,1,1727.22825,1,"01",2500,0,0,1,,,,544800105,,
5,52,248,2,2,1,1727.22825,,,,,,,,,,544800205,,
5,52,248,2,3,1,1465.527,1,"02",7500,0,0,888,888,,,544800305,,
5,52,248,2,4,1,1727.22825,1,"01",7500,0,0,1,,,,544800405,,
5,52,248,2,5,1,1727.22825,1,"01",7500,1,,,,,,544800505,,
5,52,248,2,6,1,1727.22825,1,"01",2500,0,0,1,,,,544800605,,
5,52,248,2,7,1,1465.527,,,,,,,,,,544800705,,
5,52,248,2,8,1,1727.22825,,,,,,,,,,544800805,,
5,52,248,2,9,1,1727.22825,,,,,,,,,,544800905,,
5,52,248,2,10,1,1727.22825,,,,,,,,,,544801005,,
5,52,248,2,11,1,1465.527,,,,,,,,,,544801105,,
5,52,248,2,12,1,1727.22825,,,,,,,,,,544801205,,
5,52,248,2,13,1,1465.527,,,,,,,,,,544801305,,
5,52,248,2,14,1,1465.527,1,"01",2500,0,0,1,,,,544801405,,
5,52,248,2,15,1,1465.527,,,,,,,,,,544801505,,
5,52,248,2,16,1,1465.527,,,,,,,,,,544801605,,
5,52,248,2,17,1,1465.527,,,,,,,,,,544801705,,
5,52,248,2,18,1,1465.527,,,,,,,,,,544801805,,
5,52,249,1,1,1,112.3928,,,,,,,,,,544900105,,
5,52,249,1,2,1,112.3928,,,,,,,,,,544900205,,
5,52,249,1,3,1,112.3928,,,,,,,,,,544900305,,
5,52,249,1,4,1,112.3928,,,,,,,,,,544900405,,
5,52,249,1,5,1,112.3928,,,,,,,,,,544900505,,
5,52,249,1,6,1,112.3928,,,,,,,,,,544900605,,
5,52,249,1,7,1,112.3928,,,,,,,,,,544900705,,
5,52,249,1,8,1,112.3928,,,,,,,,,,544900805,,
5,52,249,1,9,1,112.3928,,,,,,,,,,544900905,,
5,52,249,1,10,1,112.3928,,,,,,,,,,544901005,,
5,52,249,1,11,1,112.3928,,,,,,,,,,544901105,,
5,52,249,1,12,1,112.3928,,,,,,,,,,544901205,,
5,52,249,1,13,1,112.3928,,,,,,,,,,544901305,,
5,52,249,1,14,1,112.3928,,,,,,,,,,544901405,,
5,52,249,1,15,1,112.3928,,,,,,,,,,544901505,,
5,52,249,1,16,1,112.3928,2,"02",16000,0,0,0,0,3,,544901605,,
5,52,249,1,17,1,112.3928,,,,,,,,,,544901705,,
5,52,249,1,18,1,112.3928,,,,,,,,,,544901805,,
5,52,250,2,1,1,1069.161,1,"01",2500,1,,,,,,545000105,,
5,52,250,2,2,1,1069.161,1,"01",7500,1,,,,,,545000205,,
5,52,250,2,3,1,1069.161,1,"01",2500,0,0,1,,,,545000305,,
5,52,250,2,4,1,1069.161,1,"02",2500,0,0,0,0,2,,545000405,,
5,52,250,2,5,1,1069.161,1,"01",7500,0,0,0,0,1,,545000505,,
5,52,250,2,6,1,1069.161,1,"01",2500,1,,,,,,545000605,,
5,52,250,2,7,1,1069.161,1,"02",2500,1,,,,,,545000705,,
5,52,250,2,8,1,1069.161,,,,,,,,,,545000805,,
5,52,250,2,9,1,1069.161,1,"02",7500,0,0,0,0,2,,545000905,,
5,52,250,2,10,1,1069.161,1,"01",7500,0,0,0,0,3,,545001005,,
5,52,250,2,11,1,1069.161,1,"02",2500,1,,,,,,545001105,,
5,52,250,2,12,1,1069.161,1,"01",7500,0,0,0,0,1,,545001205,,
5,52,250,2,13,1,1069.161,1,"02",7500,0,0,0,0,3,,545001305,,
5,52,250,2,14,1,1069.161,1,"02",2500,1,,,,,,545001405,,
5,52,250,2,15,1,1069.161,1,"01",7500,0,0,0,1,,,545001505,,
5,52,250,2,16,1,1069.161,2,"01",21000,1,,,,,,545001605,,
5,52,250,2,17,1,1069.161,1,"01",7500,0,0,1,,,,545001705,,
5,52,250,2,18,1,1069.161,1,"01",2500,1,,,,,,545001805,,
5,52,251,1,1,1,219.926676666667,1,"02",8200,1,,,,,,545100105,,
5,52,251,1,2,1,219.926676666667,1,"02",8200,0,0,0,0,1,,545100205,,
5,52,251,1,3,1,145.0066,,,,,,,,,,545100305,,
5,52,251,1,4,1,145.0066,,,,,,,,,,545100405,,
5,52,251,1,5,1,219.926676666667,1,"01",45100,0,0,0,0,1,,545100505,,
5,52,251,1,6,1,219.926676666667,1,"01",24600,1,,,,,,545100605,,
5,52,251,1,7,1,145.0066,,,,,,,,,,545100705,,
5,52,251,1,8,1,145.0066,,,,,,,,,,545100805,,
5,52,251,1,9,1,219.926676666667,1,"02",45100,0,1,,,,,545100905,,
5,52,251,1,10,1,219.926676666667,,,,,,,,,,545101005,,
5,52,251,1,11,1,145.0066,,,,,,,,,,545101105,,
5,52,251,1,12,1,219.926676666667,2,"01",21000,0,1,,,,,545101205,,
5,52,251,1,13,1,219.926676666667,1,"01",7500,0,1,,,,,545101305,,
5,52,251,1,14,1,145.0066,1,"02",2500,1,,,,,,545101405,,
5,52,251,1,15,1,219.926676666667,2,"02",21000,0,1,,,,,545101505,,
5,52,251,1,16,1,219.926676666667,1,"01",7500,0,1,,,,,545101605,,
5,52,251,1,17,1,219.926676666667,2,"02",21000,0,0,1,,,,545101705,,
5,52,251,1,18,1,145.0066,,,,,,,,,,545101805,,
5,52,252,1,1,1,118.8867,,,,,,,,,,545200105,,
5,52,252,1,2,1,73.2140102316602,2,"03",8200,1,,,,,,545200205,,
5,52,252,1,3,1,118.8867,2,"01",8200,0,1,,,,,545200305,,
5,52,252,1,4,1,118.8867,,,,,,,,,,545200405,,
5,52,252,1,5,1,118.8867,,,,,,,,,,545200505,,
5,52,252,1,6,1,118.8867,,,,,,,,,,545200605,,
5,52,252,1,7,1,73.2140102316602,1,"01",2500,1,,,,,,545200705,,
5,52,252,1,8,1,73.2140102316602,1,"02",2500,1,,,,,,545200805,,
5,52,252,1,9,1,73.2140102316602,1,"01",24600,1,,,,,,545200905,,
5,52,252,1,10,1,118.8867,2,"01",8200,1,,,,,,545201005,,
5,52,252,1,11,1,118.8867,,,,,,,,,,545201105,,
5,52,252,1,12,1,73.2140102316602,1,"01",24600,0,0,0,0,1,,545201205,,
5,52,252,1,13,1,118.8867,,,,,,,,,,545201305,,
5,52,252,1,14,1,118.8867,,,,,,,,,,545201405,,
5,52,252,1,15,1,73.2140102316602,,,,,,,,,,545201505,,
5,52,252,1,16,1,73.2140102316602,2,"01",16000,1,,,,,,545201605,,
5,52,252,1,17,1,118.8867,,,,,,,,,,545201705,,
5,52,252,1,19,1,118.8867,,,,,,,,,,545201905,,
5,53,253,2,1,3,16.8411008888889,1,"01",2500,1,,,,,,555300105,,
5,53,253,2,2,3,16.8411008888889,1,"02",7500,1,,,,,,555300205,,
5,53,253,2,3,3,16.8411008888889,1,"01",7500,1,,,,,,555300305,,
5,53,253,2,4,3,16.8411008888889,1,"01",7500,0,0,0,0,1,,555300405,,
5,53,253,2,5,3,16.8411008888889,1,"01",2500,1,,,,,,555300505,,
5,53,253,2,6,3,16.8411008888889,1,"01",2500,1,,,,,,555300605,,
5,53,253,2,7,3,16.8411008888889,1,"01",7500,1,,,,,,555300705,,
5,53,253,2,8,3,16.8411008888889,1,"01",2500,0,1,,,,,555300805,,
5,53,253,2,9,3,16.8411008888889,1,"01",7500,0,0,0,0,1,,555300905,,
5,53,253,2,10,3,54.13211,1,"01",7500,0,0,0,0,1,,555301005,,
5,53,253,2,11,3,54.13211,1,"01",2500,0,0,0,0,1,,555301105,,
5,53,253,2,12,3,16.8411008888889,1,"01",2500,0,0,0,0,3,,555301205,,
5,53,253,2,13,3,54.13211,1,"01",2500,1,,,,,,555301305,,
5,53,253,2,14,3,16.8411008888889,1,"01",2500,1,,,,,,555301405,,
5,53,253,2,15,3,16.8411008888889,1,"01",2500,0,0,0,0,1,,555301505,,
5,53,253,2,16,3,16.8411008888889,1,"01",2500,1,,,,,,555301605,,
5,53,253,2,17,3,16.8411008888889,1,"01",2500,0,0,0,0,2,,555301705,,
5,53,253,2,18,3,16.8411008888889,1,"02",7500,0,0,0,0,2,,555301805,,
5,53,254,2,1,3,17.5170951871658,1,"02",2500,1,,,,,,555400105,,
5,53,254,2,2,3,17.5170951871658,1,"01",2500,0,0,0,0,1,,555400205,,
5,53,254,2,3,3,927.084,1,"02",7500,0,0,0,0,2,,555400305,,
5,53,254,2,4,3,17.5170951871658,1,"01",2500,1,,,,,,555400405,,
5,53,254,2,5,3,17.5170951871658,1,"01",7500,0,0,1,,,,555400505,,
5,53,254,2,6,3,17.5170951871658,1,"02",7500,0,0,0,0,1,,555400605,,
5,53,254,2,7,3,17.5170951871658,1,"01",2500,0,0,0,0,1,,555400705,,
5,53,254,2,8,3,17.5170951871658,1,"01",2500,0,0,0,0,1,,555400805,,
5,53,254,2,9,3,17.5170951871658,1,"01",7500,0,0,0,0,1,,555400905,,
5,53,254,2,10,3,17.5170951871658,1,"01",2500,0,0,0,1,,,555401005,,
5,53,254,2,11,3,17.5170951871658,1,"01",7500,0,0,0,0,1,,555401105,,
5,53,254,2,12,3,17.5170951871658,1,"01",7500,1,,,,,,555401205,,
5,53,254,2,13,3,17.5170951871658,1,"03",2500,1,,,,,,555401305,,
5,53,254,2,14,3,17.5170951871658,,,,,,,,,,555401405,,
5,53,254,2,15,3,17.5170951871658,1,"01",7500,0,0,0,0,1,,555401505,,
5,53,254,2,16,3,17.5170951871658,1,"03",7500,0,0,0,0,1,,555401605,,
5,53,254,2,17,3,17.5170951871658,1,"01",7500,0,0,0,0,1,,555401705,,
5,53,254,2,18,3,17.5170951871658,1,"01",2500,1,,,,,,555401805,,
5,53,255,2,1,3,108.8744,1,"03",7500,0,1,,,,,555500105,,
5,53,255,2,2,3,108.8744,1,"02",2500,1,,,,,,555500205,,
5,53,255,2,3,3,108.8744,1,"02",7500,1,,,,,,555500305,,
5,53,255,2,4,3,108.8744,,,,,,,,,,555500405,,
5,53,255,2,5,3,108.8744,1,"01",7500,0,0,1,,,,555500505,,
5,53,255,2,6,3,108.8744,,,,,,,,,,555500605,,
5,53,255,2,7,3,44.9545909677419,1,"01",7500,0,0,0,0,1,,555500705,,
5,53,255,2,8,3,108.8744,1,"01",7500,0,0,0,0,1,,555500805,,
5,53,255,2,9,3,108.8744,1,"01",7500,1,,,,,,555500905,,
5,53,255,2,10,3,44.9545909677419,1,"02",7500,0,1,,,,,555501005,,
5,53,255,2,11,3,44.9545909677419,1,"02",2500,0,0,0,0,1,,555501105,,
5,53,255,2,12,3,44.9545909677419,1,"01",7500,0,1,,,,,555501205,,
5,53,255,2,13,3,44.9545909677419,1,"02",7500,0,1,,,,,555501305,,
5,53,255,2,14,3,44.9545909677419,1,"01",7500,1,,,,,,555501405,,
5,53,255,2,15,3,44.9545909677419,1,"01",2500,0,0,0,0,1,,555501505,,
5,53,255,2,16,3,44.9545909677419,1,"01",2500,1,,,,,,555501605,,
5,53,255,2,17,3,44.9545909677419,1,"01",7500,0,0,1,,,,555501705,,
5,53,255,2,18,3,44.9545909677419,1,"02",2500,1,,,,,,555501805,,
5,53,256,2,1,3,29.970521875,1,"02",2500,1,,,,,,555600105,,
5,53,256,2,2,3,137.0081,,,,,,,,,,555600205,,
5,53,256,2,3,3,137.0081,1,"02",7500,1,,,,,,555600305,,
5,53,256,2,4,3,29.970521875,1,"01",7500,0,0,0,1,,,555600405,,
5,53,256,2,5,3,29.970521875,1,"02",2500,1,,,,,,555600505,,
5,53,256,2,6,3,137.0081,1,"01",2500,0,0,0,0,1,,555600605,,
5,53,256,2,7,3,137.0081,1,"01",7500,0,0,1,,,,555600705,,
5,53,256,2,8,3,137.0081,1,"01",2500,1,,,,,,555600805,,
5,53,256,2,9,3,29.970521875,1,"02",7500,0,0,0,0,1,,555600905,,
5,53,256,2,10,3,29.970521875,1,"01",7500,0,0,0,0,1,,555601005,,
5,53,256,2,11,3,137.0081,1,"03",2500,1,,,,,,555601105,,
5,53,256,2,12,3,29.970521875,1,"02",2500,0,0,0,0,1,,555601205,,
5,53,256,2,13,3,137.0081,1,"02",7500,1,,,,,,555601305,,
5,53,256,2,14,3,137.0081,2,"01",21000,0,0,0,1,,,555601405,,
5,53,256,2,15,3,137.0081,1,"01",7500,0,0,0,0,2,,555601505,,
5,53,256,2,16,3,29.970521875,1,"01",2500,0,0,0,0,1,,555601605,,
5,53,256,2,17,3,137.0081,,,,,,,,,,555601705,,
5,53,256,2,18,3,29.970521875,1,"01",2500,0,0,0,1,,,555601805,,
5,53,257,2,1,3,113.698288,1,"02",7500,0,0,0,1,,,555700105,,
5,53,257,2,2,3,45.22091,,,,,,,,,,555700205,,
5,53,257,2,3,3,113.698288,2,"02",21000,0,0,0,0,1,,555700305,,
5,53,257,2,4,3,45.22091,,,,,,,,,,555700405,,
5,53,257,2,5,3,113.698288,1,"01",2500,1,,,,,,555700505,,
5,53,257,2,6,3,45.22091,1,"01",2500,0,1,,,,,555700605,,
5,53,257,2,7,3,113.698288,1,"02",2500,1,,,,,,555700705,,
5,53,257,2,8,3,45.22091,,,,,,,,,,555700805,,
5,53,257,2,9,3,113.698288,1,"01",7500,1,,,,,,555700905,,
5,53,257,2,10,3,45.22091,1,"02",7500,1,,,,,,555701005,,
5,53,257,2,11,3,45.22091,,,,,,,,,,555701105,,
5,53,257,2,12,3,113.698288,1,"02",7500,0,0,1,,,,555701205,,
5,53,257,2,13,3,113.698288,1,"02",7500,1,,,,,,555701305,,
5,53,257,2,14,3,113.698288,1,"01",2500,1,,,,,,555701405,,
5,53,257,2,15,3,113.698288,1,"01",2500,0,0,0,0,1,,555701505,,
5,53,257,2,16,3,113.698288,1,"02",2500,0,0,0,0,1,,555701605,,
5,53,257,2,17,3,45.22091,,,,,,,,,,555701705,,
5,53,257,2,18,3,45.22091,,,,,,,,,,555701805,,
5,53,258,2,1,1,509.332605217391,1,"02",7500,0,0,0,0,1,,555800105,,
5,53,258,2,2,1,509.332605217391,1,"01",7500,1,,,,,,555800205,,
5,53,258,2,3,1,509.332605217391,1,"02",2500,1,,,,,,555800305,,
5,53,258,2,4,1,509.332605217391,1,"02",7500,1,,,,,,555800405,,
5,53,258,2,5,1,509.332605217391,1,"01",2500,1,,,,,,555800505,,
5,53,258,2,6,1,509.332605217391,1,"02",7500,0,0,0,0,1,,555800605,,
5,53,258,2,7,1,509.332605217391,1,"02",2500,1,,,,,,555800705,,
5,53,258,2,8,1,509.332605217391,1,"01",7500,0,0,0,0,1,,555800805,,
5,53,258,2,9,1,509.332605217391,1,"01",2500,1,,,,,,555800905,,
5,53,258,2,10,1,1978.826,1,"01",2500,1,,,,,,555801005,,
5,53,258,2,11,1,509.332605217391,1,"02",2500,1,,,,,,555801105,,
5,53,258,2,12,1,1978.826,1,"02",7500,1,,,,,,555801205,,
5,53,258,2,13,1,1978.826,,,,,,,,,,555801305,,
5,53,258,2,14,1,1978.826,2,"01",16000,0,0,0,1,,,555801405,,
5,53,258,2,15,1,1978.826,1,"01",7500,0,0,0,0,1,,555801505,,
5,53,258,2,16,1,1978.826,1,"02",2500,1,,,,,,555801605,,
5,53,258,2,17,1,1978.826,1,"01",7500,1,,,,,,555801705,,
5,53,258,2,18,1,1978.826,1,"01",7500,0,0,0,0,2,,555801805,,
5,53,259,2,1,3,127.7213,1,"02",7500,0,0,0,0,1,,555900105,,
5,53,259,2,2,3,127.7213,1,"02",7500,0,0,0,1,,,555900205,,
5,53,259,2,3,3,127.7213,1,"02",7500,0,0,0,0,1,,555900305,,
5,53,259,2,4,3,127.7213,1,"02",7500,0,0,0,0,1,,555900405,,
5,53,259,2,5,3,127.7213,1,"02",2500,1,,,,,,555900505,,
5,53,259,2,6,3,127.7213,1,"01",2500,1,,,,,,555900605,,
5,53,259,2,7,3,127.7213,1,"02",7500,0,0,0,0,3,,555900705,,
5,53,259,2,8,3,127.7213,1,"01",7500,1,,,,,,555900805,,
5,53,259,2,9,3,127.7213,1,"01",2500,1,,,,,,555900905,,
5,53,259,2,10,3,127.7213,1,"02",2500,1,,,,,,555901005,,
5,53,259,2,11,3,127.7213,1,"02",7500,1,,,,,,555901105,,
5,53,259,2,12,3,127.7213,1,"02",2500,0,1,,,,,555901205,,
5,53,259,2,13,3,127.7213,1,"02",2500,1,,,,,,555901305,,
5,53,259,2,14,3,127.7213,1,"01",7500,1,,,,,,555901405,,
5,53,259,2,15,3,127.7213,1,"02",7500,1,,,,,,555901505,,
5,53,259,2,16,3,127.7213,1,"01",2500,1,,,,,,555901605,,
5,53,259,2,17,3,127.7213,1,"01",7500,0,1,,,,,555901705,,
5,53,259,2,18,3,127.7213,1,"02",7500,0,1,,,,,555901805,,
5,53,260,2,1,3,85.58195,1,"01",7500,0,0,0,0,1,,556000105,,
5,53,260,2,2,3,85.58195,1,"01",2500,0,0,0,0,1,,556000205,,
5,53,260,2,3,3,85.58195,1,"01",7500,0,0,0,0,1,,556000305,,
5,53,260,2,4,3,85.58195,1,"01",2500,1,,,,,,556000405,,
5,53,260,2,5,3,85.58195,1,"01",7500,1,,,,,,556000505,,
5,53,260,2,6,3,85.58195,1,"02",7500,0,0,1,,,,556000605,,
5,53,260,2,7,3,85.58195,1,"02",7500,0,1,,,,,556000705,,
5,53,260,2,8,3,85.58195,,,,,,,,,,556000805,,
5,53,260,2,9,3,85.58195,1,"02",7500,1,,,,,,556000905,,
5,53,260,2,10,3,85.58195,1,"01",7500,1,,,,,,556001005,,
5,53,260,2,11,3,85.58195,1,"01",2500,0,0,0,1,,,556001105,,
5,53,260,2,12,3,85.58195,1,"02",7500,1,,,,,,556001205,,
5,53,260,2,13,3,85.58195,1,"02",2500,1,,,,,,556001305,,
5,53,260,2,14,3,85.58195,1,"02",2500,0,0,1,,,,556001405,,
5,53,260,2,15,3,85.58195,1,"02",2500,0,0,0,0,1,,556001505,,
5,53,260,2,16,3,85.58195,1,"02",2500,1,,,,,,556001605,,
5,53,260,2,17,3,85.58195,1,"01",7500,0,0,1,,,,556001705,,
5,53,260,2,18,3,85.58195,1,"02",7500,0,888,1,,,,556001805,,
5,53,261,2,1,3,51.7246999148936,1,"01",2500,0,0,0,0,1,,556100105,,
5,53,261,2,2,3,51.7246999148936,1,"01",2500,0,0,0,0,1,,556100205,,
5,53,261,2,3,3,51.7246999148936,1,"02",2500,0,0,1,,,,556100305,,
5,53,261,2,4,3,51.7246999148936,1,"01",2500,1,,,,,,556100405,,
5,53,261,2,5,3,51.7246999148936,1,"01",2500,1,,,,,,556100505,,
5,53,261,2,7,3,51.7246999148936,1,"02",2500,0,1,,,,,556100705,,
5,53,261,2,8,3,51.7246999148936,1,"02",7500,0,0,0,0,1,,556100805,,
5,53,261,2,9,3,51.7246999148936,1,"02",7500,1,,,,,,556100905,,
5,53,261,2,10,3,51.7246999148936,1,"02",2500,0,1,,,,,556101005,,
5,53,261,2,11,3,51.7246999148936,1,"02",7500,0,0,0,0,1,,556101105,,
5,53,261,2,12,3,51.7246999148936,1,"01",7500,0,0,0,0,1,,556101205,,
5,53,261,2,13,3,51.7246999148936,,,,,,,,,,556101305,,
5,53,261,2,14,3,51.7246999148936,1,"01",7500,0,0,1,,,,556101405,,
5,53,261,2,15,3,51.7246999148936,1,"02",2500,1,,,,,,556101505,,
5,53,261,2,16,3,51.7246999148936,1,"01",2500,1,,,,,,556101605,,
5,53,261,2,17,3,230.2141,,,,,,,,,,556101705,,
5,53,261,2,18,3,230.2141,1,"02",7500,1,,,,,,556101805,,
5,53,262,2,1,3,77.54134,1,"02",2500,1,,,,,,556200105,,
5,53,262,2,2,3,77.54134,1,"01",7500,0,0,0,0,1,,556200205,,
5,53,262,2,3,3,77.54134,1,"02",7500,1,,,,,,556200305,,
5,53,262,2,4,3,77.54134,1,"01",7500,0,0,0,0,1,,556200405,,
5,53,262,2,5,3,77.54134,1,"02",2500,1,,,,,,556200505,,
5,53,262,2,6,3,77.54134,1,"02",7500,0,0,0,0,1,,556200605,,
5,53,262,2,7,3,77.54134,1,"02",7500,0,0,0,0,1,,556200705,,
5,53,262,2,8,3,77.54134,1,"02",2500,0,0,0,0,1,,556200805,,
5,53,262,2,9,3,77.54134,1,"02",2500,1,,,,,,556200905,,
5,53,262,2,10,3,77.54134,1,"02",7500,0,1,,,,,556201005,,
5,53,262,2,11,3,77.54134,1,"01",2500,0,0,0,0,1,,556201105,,
5,53,262,2,13,3,77.54134,1,"02",2500,0,0,0,0,1,,556201305,,
5,53,262,2,14,3,77.54134,1,"01",2500,0,0,0,0,1,,556201405,,
5,53,262,2,15,3,77.54134,1,"01",7500,0,0,0,0,1,,556201505,,
5,53,262,2,16,3,77.54134,,,,,,,,,,556201605,,
5,53,262,2,17,3,77.54134,1,"01",7500,1,,,,,,556201705,,
5,53,262,2,18,3,77.54134,,,,,,,,,,556201805,,
5,53,263,2,1,3,73.47207,1,"01",7500,1,,,,,,556300105,,
5,53,263,2,2,3,73.47207,1,"01",7500,0,0,0,0,1,,556300205,,
5,53,263,2,3,3,73.47207,1,"02",7500,0,0,0,0,1,,556300305,,
5,53,263,2,4,3,73.47207,1,"01",2500,0,1,,,,,556300405,,
5,53,263,2,5,3,73.47207,1,"02",7500,0,0,0,0,1,,556300505,,
5,53,263,2,6,3,73.47207,1,"01",7500,0,0,0,0,1,,556300605,,
5,53,263,2,7,3,73.47207,1,"01",2500,0,0,0,0,1,,556300705,,
5,53,263,2,8,3,73.47207,,,,,,,,,,556300805,,
5,53,263,2,9,3,73.47207,1,"01",7500,1,,,,,,556300905,,
5,53,263,2,10,3,73.47207,1,"01",2500,0,0,0,0,1,,556301005,,
5,53,263,2,11,3,73.47207,1,"02",7500,1,,,,,,556301105,,
5,53,263,2,12,3,73.47207,1,"01",7500,0,0,0,0,1,,556301205,,
5,53,263,2,13,3,73.47207,1,"02",7500,1,,,,,,556301305,,
5,53,263,2,14,3,73.47207,,,,,,,,,,556301405,,
5,53,263,2,15,3,73.47207,1,"02",2500,0,1,,,,,556301505,,
5,53,263,2,16,3,73.47207,1,"02",2500,0,0,0,0,1,,556301605,,
5,53,263,2,17,3,73.47207,1,"02",7500,0,1,,,,,556301705,,
5,53,263,2,18,3,73.47207,1,"02",2500,1,,,,,,556301805,,
5,53,264,1,1,1,58.9189307692308,1,"01",45100,0,0,0,0,1,,556400105,,
5,53,264,1,2,1,58.9189307692308,1,"01",2500,0,1,,,,,556400205,,
5,53,264,1,3,1,58.9189307692308,,,,,,,,,,556400305,,
5,53,264,1,4,1,58.9189307692308,,,,,,,,,,556400405,,
5,53,264,1,5,1,356.254,2,"01",21000,0,0,1,,,,556400505,,
5,53,264,1,6,1,58.9189307692308,1,"01",7500,0,0,0,0,1,,556400605,,
5,53,264,1,7,1,356.254,,,,,,,,,,556400705,,
5,53,264,1,8,1,58.9189307692308,1,"01",24600,0,0,0,0,1,,556400805,,
5,53,264,1,9,1,356.254,2,"02",24600,0,1,,,,,556400905,,
5,53,264,1,10,1,356.254,,,,,,,,,,556401005,,
5,53,264,1,11,1,356.254,,,,,,,,,,556401105,,
5,53,264,1,12,1,58.9189307692308,1,"02",2500,0,0,1,,,,556401205,,
5,53,264,1,13,1,356.254,,,,,,,,,,556401305,,
5,53,264,1,14,1,356.254,,,,,,,,,,556401405,,
5,53,264,1,15,1,356.254,,,,,,,,,,556401505,,
5,53,264,1,16,1,58.9189307692308,1,"02",7500,1,,,,,,556401605,,
5,53,264,1,17,1,356.254,2,"01",16000,0,1,,,,,556401705,,
5,53,264,1,18,1,58.9189307692308,,,,,,,,,,556401805,,
5,53,265,2,1,1,716.050453125,1,"01",2500,1,,,,,,556500105,,
5,53,265,2,2,1,716.050453125,1,"01",2500,1,,,,,,556500205,,
5,53,265,2,3,1,716.050453125,1,"01",7500,0,0,0,1,,,556500305,,
5,53,265,2,4,1,716.050453125,1,"02",7500,1,,,,,,556500405,,
5,53,265,2,5,1,218.2249,,,,,,,,,,556500505,,
5,53,265,2,6,1,218.2249,1,"02",7500,0,0,0,1,,,556500605,,
5,53,265,2,7,1,218.2249,1,"01",2500,0,1,,,,,556500705,,
5,53,265,2,8,1,716.050453125,1,"01",7500,0,0,0,0,1,,556500805,,
5,53,265,2,9,1,716.050453125,1,"01",7500,0,0,0,0,1,,556500905,,
5,53,265,2,10,1,716.050453125,1,"02",7500,1,,,,,,556501005,,
5,53,265,2,11,1,716.050453125,1,"01",2500,1,,,,,,556501105,,
5,53,265,2,12,1,218.2249,1,"02",2500,0,1,,,,,556501205,,
5,53,265,2,13,1,218.2249,1,"01",2500,0,0,1,,,,556501305,,
5,53,265,2,14,1,218.2249,1,"02",7500,0,0,0,1,,,556501405,,
5,53,265,2,15,1,218.2249,1,"01",2500,1,,,,,,556501505,,
5,53,265,2,16,1,218.2249,1,"01",7500,0,0,1,,,,556501605,,
5,53,265,2,17,1,218.2249,,,,,,,,,,556501705,,
5,53,265,2,18,1,218.2249,1,"02",7500,1,,,,,,556501805,,
5,53,266,2,1,1,1278.00605950413,1,"02",7500,0,0,0,0,1,,556600105,,
5,53,266,2,2,1,1278.00605950413,,,,,,,,,,556600205,,
5,53,266,2,3,1,1278.00605950413,1,"02",7500,1,,,,,,556600305,,
5,53,266,2,4,1,1278.00605950413,1,"01",2500,1,,,,,,556600405,,
5,53,266,2,5,1,1278.00605950413,1,"01",7500,0,0,0,0,1,,556600505,,
5,53,266,2,6,1,1810.758,1,"02",7500,0,1,,,,,556600605,,
5,53,266,2,7,1,1278.00605950413,1,"01",7500,0,0,0,0,1,,556600705,,
5,53,266,2,8,1,1810.758,1,"01",7500,0,0,888,888,,,556600805,,
5,53,266,2,9,1,1810.758,1,"02",2500,0,1,,,,,556600905,,
5,53,266,2,10,1,1278.00605950413,1,"02",7500,0,0,1,,,,556601005,,
5,53,266,2,11,1,1278.00605950413,1,"01",2500,1,,,,,,556601105,,
5,53,266,2,12,1,1810.758,1,"01",7500,1,,,,,,556601205,,
5,53,266,2,13,1,1810.758,1,"02",7500,1,,,,,,556601305,,
5,53,266,2,14,1,1278.00605950413,1,"01",2500,0,1,,,,,556601405,,
5,53,266,2,15,1,1278.00605950413,1,"02",2500,1,,,,,,556601505,,
5,53,266,2,16,1,1810.758,,,,,,,,,,556601605,,
5,53,266,2,17,1,1278.00605950413,,,,,,,,,,556601705,,
5,53,266,2,18,1,1810.758,1,"01",2500,1,,,,,,556601805,,
5,53,267,1,1,1,38.3749383333333,1,"01",7500,0,0,0,0,1,,556700105,,
5,53,267,1,2,1,177.1151,,,,,,,,,,556700205,,
5,53,267,1,3,1,38.3749383333333,1,"01",8200,0,0,0,0,1,,556700305,,
5,53,267,1,4,1,177.1151,,,,,,,,,,556700405,,
5,53,267,1,5,1,38.3749383333333,,,,,,,,,,556700505,,
5,53,267,1,6,1,38.3749383333333,1,"01",2500,0,0,0,0,1,,556700605,,
5,53,267,1,7,1,177.1151,,,,,,,,,,556700705,,
5,53,267,1,8,1,177.1151,2,"08",8200,1,,,,,,556700805,,
5,53,267,1,9,1,38.3749383333333,1,"01",24600,0,0,0,1,,,556700905,,
5,53,267,1,10,1,177.1151,,,,,,,,,,556701005,,
5,53,267,1,11,1,177.1151,,,,,,,,,,556701105,,
5,53,267,1,12,1,177.1151,,,,,,,,,,556701205,,
5,53,267,1,13,1,177.1151,2,"02",21000,0,0,0,0,1,,556701305,,
5,53,267,1,14,1,177.1151,1,"02",45100,0,0,0,0,2,,556701405,,
5,53,267,1,15,1,177.1151,2,"01",8200,0,1,,,,,556701505,,
5,53,267,1,16,1,177.1151,,,,,,,,,,556701605,,
5,53,267,1,17,1,177.1151,2,"01",8200,1,,,,,,556701705,,
5,53,267,1,18,1,177.1151,,,,,,,,,,556701805,,
5,53,268,1,1,3,30.9653638297872,1,"02",8200,1,,,,,,556800105,,
5,53,268,1,2,3,30.9653638297872,1,"02",7500,0,0,0,0,1,,556800205,,
5,53,268,1,3,3,83.16412,,,,,,,,,,556800305,,
5,53,268,1,4,3,30.9653638297872,1,"03",45100,0,0,0,0,1,,556800405,,
5,53,268,1,5,3,83.16412,,,,,,,,,,556800505,,
5,53,268,1,6,3,83.16412,,,,,,,,,,556800605,,
5,53,268,1,7,3,83.16412,,,,,,,,,,556800705,,
5,53,268,1,8,3,83.16412,2,"03",45100,0,0,0,0,1,,556800805,,
5,53,268,1,9,3,30.9653638297872,1,"01",24600,0,0,0,0,1,,556800905,,
5,53,268,1,10,3,83.16412,2,"01",8200,1,,,,,,556801005,,
5,53,268,1,11,3,83.16412,,,,,,,,,,556801105,,
5,53,268,1,12,3,83.16412,1,"04",8200,1,,,,,,556801205,,
5,53,268,1,13,3,83.16412,,,,,,,,,,556801305,,
5,53,268,1,14,3,83.16412,,,,,,,,,,556801405,,
5,53,268,1,15,3,83.16412,1,"01",8200,0,0,0,0,2,,556801505,,
5,53,268,1,16,3,83.16412,1,"02",2500,1,,,,,,556801605,,
5,53,268,1,17,3,83.16412,,,,,,,,,,556801705,,
5,53,268,1,18,3,83.16412,,,,,,,,,,556801805,,
5,53,269,2,1,3,71.40509,1,"02",7500,1,,,,,,556900105,,
5,53,269,2,2,3,71.40509,1,"02",2500,1,,,,,,556900205,,
5,53,269,2,3,3,71.40509,1,"02",7500,1,,,,,,556900305,,
5,53,269,2,4,3,71.40509,1,"01",7500,0,0,0,1,,,556900405,,
5,53,269,2,5,3,71.40509,1,"02",2500,0,0,1,,,,556900505,,
5,53,269,2,6,3,71.40509,1,"02",7500,0,1,,,,,556900605,,
5,53,269,2,7,3,71.40509,1,"01",2500,0,0,0,1,,,556900705,,
5,53,269,2,8,3,71.40509,,,,,,,,,,556900805,,
5,53,269,2,9,3,71.40509,1,"02",7500,0,1,,,,,556900905,,
5,53,269,2,10,3,71.40509,1,"02",2500,0,0,1,,,,556901005,,
5,53,269,2,11,3,71.40509,1,"01",2500,0,1,,,,,556901105,,
5,53,269,2,12,3,71.40509,1,"02",7500,0,0,0,0,1,,556901205,,
5,53,269,2,13,3,71.40509,1,"01",7500,0,0,0,0,1,,556901305,,
5,53,269,2,14,3,71.40509,1,"01",7500,0,0,0,1,,,556901405,,
5,53,269,2,15,3,71.40509,1,"02",2500,1,,,,,,556901505,,
5,53,269,2,16,3,71.40509,1,"01",2500,1,,,,,,556901605,,
5,53,269,2,17,3,71.40509,1,"01",7500,0,0,0,1,,,556901705,,
5,53,269,2,18,3,71.40509,1,"01",7500,0,0,0,1,,,556901805,,
5,53,270,2,1,3,75.75729,1,"02",7500,1,,,,,,557000105,,
5,53,270,2,2,3,53.9244598958333,1,"02",2500,0,1,,,,,557000205,,
5,53,270,2,3,3,53.9244598958333,1,"01",2500,0,1,,,,,557000305,,
5,53,270,2,4,3,53.9244598958333,1,"02",7500,0,0,0,1,,,557000405,,
5,53,270,2,5,3,53.9244598958333,1,"01",7500,0,0,0,0,1,,557000505,,
5,53,270,2,6,3,53.9244598958333,,,,,,,,,,557000605,,
5,53,270,2,7,3,53.9244598958333,1,"02",2500,1,,,,,,557000705,,
5,53,270,2,8,3,53.9244598958333,1,"02",7500,1,,,,,,557000805,,
5,53,270,2,9,3,53.9244598958333,,,,,,,,,,557000905,,
5,53,270,2,10,3,75.75729,1,"02",7500,1,,,,,,557001005,,
5,53,270,2,11,3,75.75729,1,"02",2500,1,,,,,,557001105,,
5,53,270,2,12,3,75.75729,1,"02",2500,1,,,,,,557001205,,
5,53,270,2,13,3,75.75729,1,"02",7500,1,,,,,,557001305,,
5,53,270,2,14,3,75.75729,1,"01",2500,1,,,,,,557001405,,
5,53,270,2,15,3,75.75729,1,"01",7500,0,1,,,,,557001505,,
5,53,270,2,16,3,75.75729,1,"01",2500,0,0,1,,,,557001605,,
5,53,270,2,17,3,75.75729,1,"02",7500,0,1,,,,,557001705,,
5,53,270,2,18,3,75.75729,1,"02",7500,0,1,,,,,557001805,,
5,53,271,2,1,1,215.810832847991,,,,,,,,,,557100105,,
5,53,271,2,2,1,215.810832847991,1,"01",7500,1,,,,,,557100205,,
5,53,271,2,3,1,215.810832847991,2,"02",21000,1,,,,,,557100305,,
5,53,271,2,4,1,215.810832847991,1,"02",7500,0,0,0,0,1,,557100405,,
5,53,271,2,5,1,215.810832847991,1,"02",7500,1,,,,,,557100505,,
5,53,271,2,6,1,215.810832847991,1,"02",2500,1,,,,,,557100605,,
5,53,271,2,7,1,215.810832847991,1,"02",7500,0,1,,,,,557100705,,
5,53,271,2,8,1,215.810832847991,1,"02",2500,0,1,,,,,557100805,,
5,53,271,2,9,1,215.810832847991,1,"01",7500,0,1,,,,,557100905,,
5,53,271,2,10,1,215.810832847991,1,"01",2500,0,0,0,1,,,557101005,,
5,53,271,2,11,1,215.810832847991,,,,,,,,,,557101105,,
5,53,271,2,12,1,215.810832847991,1,"02",7500,0,0,1,,,,557101205,,
5,53,271,2,13,1,215.810832847991,,,,,,,,,,557101305,,
5,53,271,2,14,1,215.810832847991,1,"02",7500,0,0,0,0,1,,557101405,,
5,53,271,2,15,1,18527.36,2,"02",16000,0,1,,,,,557101505,,
5,53,271,2,16,1,215.810832847991,1,"02",2500,1,,,,,,557101605,,
5,53,271,2,17,1,215.810832847991,1,"01",2500,1,,,,,,557101705,,
5,53,271,2,18,1,215.810832847991,,,,,,,,,,557101805,,
5,53,272,2,1,2,,,,,,,,,,,557200105,5,18.5555553436279
5,53,272,2,2,2,,1,"01",2500,0,0,1,,,,557200205,5,18.5555553436279
5,53,272,2,3,2,,1,"01",2500,0,0,0,0,1,,557200305,5,18.5555553436279
5,53,272,2,4,2,,,,,,,,,,,557200405,5,18.5555553436279
5,53,272,2,5,2,,1,"01",7500,0,0,1,,,,557200505,5,18.5555553436279
5,53,272,2,6,2,,1,"01",7500,0,0,1,,,,557200605,5,18.5555553436279
5,53,272,2,7,2,,,,,,,,,,,557200705,5,18.5555553436279
5,53,272,2,8,2,,,,,,,,,,,557200805,5,18.5555553436279
5,53,272,2,9,2,,,,,,,,,,,557200905,5,18.5555553436279
5,53,272,2,10,2,,1,"01",7500,0,0,1,,,,557201005,5,18.5555553436279
5,53,272,2,11,2,,,,,,,,,,,557201105,5,18.5555553436279
5,53,272,2,12,2,,1,"01",2500,0,0,1,,,,557201205,5,18.5555553436279
5,53,272,2,13,2,,,,,,,,,,,557201305,5,18.5555553436279
5,53,272,2,14,2,,1,"01",2500,0,0,1,,,,557201405,5,18.5555553436279
5,53,272,2,15,2,,,,,,,,,,,557201505,5,18.5555553436279
5,53,272,2,16,2,,1,"01",7500,0,1,,,,,557201605,5,18.5555553436279
5,53,272,2,17,2,,1,"01",2500,1,,,,,,557201705,5,18.5555553436279
5,53,272,2,18,2,,,,,,,,,,,557201805,5,18.5555553436279
5,53,273,2,1,2,,2,"01",21000,0,0,0,1,,,557300105,5,18.5555553436279
5,53,273,2,2,2,,1,"01",2500,0,1,,,,,557300205,5,18.5555553436279
5,53,273,2,3,2,,,,,,,,,,,557300305,5,18.5555553436279
5,53,273,2,4,2,,1,"01",2500,0,0,0,0,1,,557300405,5,18.5555553436279
5,53,273,2,5,2,,2,"01",21000,0,0,0,0,1,,557300505,5,18.5555553436279
5,53,273,2,6,2,,2,"01",21000,0,0,0,0,1,,557300605,5,18.5555553436279
5,53,273,2,7,2,,,,,,,,,,,557300705,5,18.5555553436279
5,53,273,2,8,2,,2,"02",21000,0,0,0,0,1,,557300805,5,18.5555553436279
5,53,273,2,9,2,,1,"01",7500,0,0,0,0,1,,557300905,5,18.5555553436279
5,53,273,2,10,2,,,,,,,,,,,557301005,5,18.5555553436279
5,53,273,2,11,2,,2,"01",16000,0,0,0,1,,,557301105,5,18.5555553436279
5,53,273,2,12,2,,,,,,,,,,,557301205,5,18.5555553436279
5,53,273,2,13,2,,2,"03",16000,0,0,0,1,,,557301305,5,18.5555553436279
5,53,273,2,14,2,,,,,,,,,,,557301405,5,18.5555553436279
5,53,273,2,15,2,,,,,,,,,,,557301505,5,18.5555553436279
5,53,273,2,16,2,,,,,,,,,,,557301605,5,18.5555553436279
5,53,273,2,17,2,,,,,,,,,,,557301705,5,18.5555553436279
5,53,273,2,18,2,,2,"01",21000,0,0,0,0,1,,557301805,5,18.5555553436279
5,53,274,2,1,2,,1,"01",2500,0,0,1,,,,557400105,5,18.5555553436279
5,53,274,2,2,2,,,,,,,,,,,557400205,5,18.5555553436279
5,53,274,2,3,2,,1,"01",2500,1,,,,,,557400305,5,18.5555553436279
5,53,274,2,4,2,,2,"01",16000,1,,,,,,557400405,5,18.5555553436279
5,53,274,2,5,2,,,,,,,,,,,557400505,5,18.5555553436279
5,53,274,2,6,2,,1,"01",7500,0,0,1,,,,557400605,5,18.5555553436279
5,53,274,2,7,2,,1,"01",7500,0,0,1,,,,557400705,5,18.5555553436279
5,53,274,2,8,2,,,,,,,,,,,557400805,5,18.5555553436279
5,53,274,2,9,2,,1,"01",7500,0,0,1,,,,557400905,5,18.5555553436279
5,53,274,2,10,2,,2,"01",21000,1,,,,,,557401005,5,18.5555553436279
5,53,274,2,11,2,,2,"01",16000,0,0,0,1,,,557401105,5,18.5555553436279
5,53,274,2,12,2,,2,"01",21000,0,0,0,0,1,,557401205,5,18.5555553436279
5,53,274,2,13,2,,2,"01",16000,1,,,,,,557401305,5,18.5555553436279
5,53,274,2,14,2,,2,"01",16000,0,0,0,0,1,,557401405,5,18.5555553436279
5,53,274,2,15,2,,2,"01",21000,0,0,1,,,,557401505,5,18.5555553436279
5,53,274,2,16,2,,2,"01",21000,0,0,0,0,1,,557401605,5,18.5555553436279
5,53,274,2,17,2,,2,"01",21000,1,,,,,,557401705,5,18.5555553436279
5,53,274,2,18,2,,1,"01",7500,0,0,1,,,,557401805,5,18.5555553436279
5,53,275,2,1,2,,1,"01",2500,0,0,1,,,,557500105,5,18.5555553436279
5,53,275,2,2,2,,,,,,,,,,,557500205,5,18.5555553436279
5,53,275,2,3,2,,,,,,,,,,,557500305,5,18.5555553436279
5,53,275,2,4,2,,,,,,,,,,,557500405,5,18.5555553436279
5,53,275,2,5,2,,,,,,,,,,,557500505,5,18.5555553436279
5,53,275,2,6,2,,,,,,,,,,,557500605,5,18.5555553436279
5,53,275,2,7,2,,,,,,,,,,,557500705,5,18.5555553436279
5,53,275,2,8,2,,,,,,,,,,,557500805,5,18.5555553436279
5,53,275,2,9,2,,,,,,,,,,,557500905,5,18.5555553436279
5,53,275,2,10,2,,,,,,,,,,,557501005,5,18.5555553436279
5,53,275,2,11,2,,,,,,,,,,,557501105,5,18.5555553436279
5,53,275,2,12,2,,,,,,,,,,,557501205,5,18.5555553436279
5,53,275,2,13,2,,,,,,,,,,,557501305,5,18.5555553436279
5,53,275,2,14,2,,,,,,,,,,,557501405,5,18.5555553436279
5,53,275,2,15,2,,,,,,,,,,,557501505,5,18.5555553436279
5,53,275,2,16,2,,,,,,,,,,,557501605,5,18.5555553436279
5,53,275,2,17,2,,,,,,,,,,,557501705,5,18.5555553436279
5,53,275,2,18,2,,1,"01",2500,1,,,,,,557501805,5,18.5555553436279
5,53,276,2,1,2,,,,,,,,,,,557600105,5,18.5555553436279
5,53,276,2,2,2,,,,,,,,,,,557600205,5,18.5555553436279
5,53,276,2,3,2,,,,,,,,,,,557600305,5,18.5555553436279
5,53,276,2,4,2,,,,,,,,,,,557600405,5,18.5555553436279
5,53,276,2,5,2,,,,,,,,,,,557600505,5,18.5555553436279
5,53,276,2,6,2,,,,,,,,,,,557600605,5,18.5555553436279
5,53,276,2,7,2,,,,,,,,,,,557600705,5,18.5555553436279
5,53,276,2,8,2,,,,,,,,,,,557600805,5,18.5555553436279
5,53,276,2,9,2,,,,,,,,,,,557600905,5,18.5555553436279
5,53,276,2,10,2,,,,,,,,,,,557601005,5,18.5555553436279
5,53,276,2,11,2,,,,,,,,,,,557601105,5,18.5555553436279
5,53,276,2,12,2,,1,"01",7500,0,0,0,0,1,,557601205,5,18.5555553436279
5,53,276,2,13,2,,,,,,,,,,,557601305,5,18.5555553436279
5,53,276,2,14,2,,,,,,,,,,,557601405,5,18.5555553436279
5,53,276,2,15,2,,,,,,,,,,,557601505,5,18.5555553436279
5,53,276,2,16,2,,1,"02",7500,0,0,0,0,2,,557601605,5,18.5555553436279
5,53,276,2,17,2,,,,,,,,,,,557601705,5,18.5555553436279
5,53,276,2,18,2,,,,,,,,,,,557601805,5,18.5555553436279
5,53,277,2,1,2,,2,"01",16000,1,,,,,,557700105,5,18.5555553436279
5,53,277,2,2,2,,2,"01",21000,0,0,0,0,1,,557700205,5,18.5555553436279
5,53,277,2,3,2,,2,"01",16000,0,0,0,0,1,,557700305,5,18.5555553436279
5,53,277,2,4,2,,2,"01",21000,0,0,0,0,1,,557700405,5,18.5555553436279
5,53,277,2,5,2,,2,"02",16000,0,0,1,,,,557700505,5,18.5555553436279
5,53,277,2,6,2,,1,"02",2500,0,0,1,,,,557700605,5,18.5555553436279
5,53,277,2,7,2,,2,"01",21000,0,0,0,1,,,557700705,5,18.5555553436279
5,53,277,2,8,2,,2,"01",16000,0,0,0,0,1,,557700805,5,18.5555553436279
5,53,277,2,9,2,,2,"01",21000,0,0,1,,,,557700905,5,18.5555553436279
5,53,277,2,10,2,,,,,,,,,,,557701005,5,18.5555553436279
5,53,277,2,11,2,,1,"02",2500,0,1,,,,,557701105,5,18.5555553436279
5,53,277,2,12,2,,,,,,,,,,,557701205,5,18.5555553436279
5,53,277,2,13,2,,,,,,,,,,,557701305,5,18.5555553436279
5,53,277,2,14,2,,,,,,,,,,,557701405,5,18.5555553436279
5,53,277,2,15,2,,,,,,,,,,,557701505,5,18.5555553436279
5,53,277,2,16,2,,,,,,,,,,,557701605,5,18.5555553436279
5,53,277,2,17,2,,,,,,,,,,,557701705,5,18.5555553436279
5,53,277,2,18,2,,,,,,,,,,,557701805,5,18.5555553436279
5,53,278,2,1,2,,,,,,,,,,,557800105,5,18.5555553436279
5,53,278,2,2,2,,,,,,,,,,,557800205,5,18.5555553436279
5,53,278,2,3,2,,1,"02",2500,1,,,,,,557800305,5,18.5555553436279
5,53,278,2,4,2,,,,,,,,,,,557800405,5,18.5555553436279
5,53,278,2,5,2,,,,,,,,,,,557800505,5,18.5555553436279
5,53,278,2,6,2,,1,"01",7500,0,0,0,1,,,557800605,5,18.5555553436279
5,53,278,2,7,2,,,,,,,,,,,557800705,5,18.5555553436279
5,53,278,2,8,2,,,,,,,,,,,557800805,5,18.5555553436279
5,53,278,2,9,2,,1,"01",2500,0,0,1,,,,557800905,5,18.5555553436279
5,53,278,2,10,2,,1,"01",2500,0,0,1,,,,557801005,5,18.5555553436279
5,53,278,2,11,2,,2,"02",16000,0,0,0,0,1,,557801105,5,18.5555553436279
5,53,278,2,12,2,,1,"01",2500,1,,,,,,557801205,5,18.5555553436279
5,53,278,2,13,2,,2,"01",21000,0,0,0,0,1,,557801305,5,18.5555553436279
5,53,278,2,14,2,,1,"01",7500,1,,,,,,557801405,5,18.5555553436279
5,53,278,2,15,2,,2,"01",16000,0,0,1,,,,557801505,5,18.5555553436279
5,53,278,2,16,2,,2,"01",16000,1,,,,,,557801605,5,18.5555553436279
5,53,278,2,17,2,,1,"01",2500,0,0,1,,,,557801705,5,18.5555553436279
5,53,278,2,18,2,,2,"01",21000,0,0,0,0,1,,557801805,5,18.5555553436279
5,53,279,2,1,2,,,,,,,,,,,557900105,5,18.5555553436279
5,53,279,2,2,2,,,,,,,,,,,557900205,5,18.5555553436279
5,53,279,2,3,2,,2,"02",21000,0,0,1,,,,557900305,5,18.5555553436279
5,53,279,2,4,2,,2,"01",16000,1,,,,,,557900405,5,18.5555553436279
5,53,279,2,5,2,,1,"01",7500,0,0,0,0,1,,557900505,5,18.5555553436279
5,53,279,2,6,2,,2,"01",21000,0,0,0,0,1,,557900605,5,18.5555553436279
5,53,279,2,7,2,,1,"01",2500,0,0,0,0,1,,557900705,5,18.5555553436279
5,53,279,2,8,2,,1,"01",7500,0,0,0,0,1,,557900805,5,18.5555553436279
5,53,279,2,9,2,,1,"01",2500,0,0,0,0,1,,557900905,5,18.5555553436279
5,53,279,2,10,2,,,,,,,,,,,557901005,5,18.5555553436279
5,53,279,2,11,2,,,,,,,,,,,557901105,5,18.5555553436279
5,53,279,2,12,2,,,,,,,,,,,557901205,5,18.5555553436279
5,53,279,2,13,2,,,,,,,,,,,557901305,5,18.5555553436279
5,53,279,2,14,2,,,,,,,,,,,557901405,5,18.5555553436279
5,53,279,2,15,2,,1,"01",7500,0,0,0,0,1,,557901505,5,18.5555553436279
5,53,279,2,16,2,,,,,,,,,,,557901605,5,18.5555553436279
5,53,279,2,17,2,,,,,,,,,,,557901705,5,18.5555553436279
5,53,279,2,18,2,,,,,,,,,,,557901805,5,18.5555553436279
5,54,280,2,2,1,628.5525,1,"01",7500,1,,,,,,568000205,,
5,54,280,2,3,1,1508.526,1,"02",7500,1,,,,,,568000305,,
5,54,280,2,4,1,628.5525,1,"01",2500,1,,,,,,568000405,,
5,54,280,2,6,1,628.5525,1,"01",7500,0,0,0,0,2,,568000605,,
5,54,280,2,7,1,628.5525,1,"01",2500,0,0,0,0,2,,568000705,,
5,54,280,2,8,1,628.5525,1,"04",7500,0,0,0,0,1,,568000805,,
5,54,280,2,9,1,628.5525,1,"01",7500,0,0,0,1,,,568000905,,
5,54,280,2,10,1,1508.526,,,,,,,,,,568001005,,
5,54,280,2,11,1,1508.526,2,"01",16000,1,,,,,,568001105,,
5,54,280,2,12,1,1508.526,,,,,,,,,,568001205,,
5,54,280,2,14,1,1508.526,1,"02",7500,1,,,,,,568001405,,
5,54,280,2,15,1,1508.526,1,"01",7500,0,0,1,,,,568001505,,
5,54,280,2,16,1,1508.526,1,"01",2500,1,,,,,,568001605,,
5,54,280,2,17,1,1508.526,1,"02",2500,1,,,,,,568001705,,
5,54,280,2,18,1,1508.526,1,"02",2500,1,,,,,,568001805,,
5,54,280,2,20,1,628.5525,1,"01",2500,1,,,,,,568002005,,
5,54,280,2,21,1,1508.526,1,"01",7500,0,0,1,,,,568002105,,
5,54,280,2,22,1,628.5525,1,"01",2500,1,,,,,,568002205,,
5,54,281,1,1,1,48.5068913672217,1,"02",8200,0,0,0,0,1,,568100105,,
5,54,281,1,2,1,271.9723,,,,,,,,,,568100205,,
5,54,281,1,3,1,48.5068913672217,1,"02",7500,0,0,0,0,1,,568100305,,
5,54,281,1,4,1,48.5068913672217,1,"02",2500,0,0,0,0,1,,568100405,,
5,54,281,1,5,1,48.5068913672217,1,"01",24600,0,0,0,0,1,,568100505,,
5,54,281,1,6,1,271.9723,,,,,,,,,,568100605,,
5,54,281,1,7,1,48.5068913672217,,,,,,,,,,568100705,,
5,54,281,1,8,1,271.9723,,,,,,,,,,568100805,,
5,54,281,1,9,1,271.9723,,,,,,,,,,568100905,,
5,54,281,1,10,1,271.9723,,,,,,,,,,568101005,,
5,54,281,1,11,1,271.9723,,,,,,,,,,568101105,,
5,54,281,1,12,1,48.5068913672217,1,"01",8200,1,,,,,,568101205,,
5,54,281,1,13,1,271.9723,,,,,,,,,,568101305,,
5,54,281,1,14,1,271.9723,,,,,,,,,,568101405,,
5,54,281,1,15,1,271.9723,,,,,,,,,,568101505,,
5,54,281,1,16,1,48.5068913672217,1,"02",7500,1,,,,,,568101605,,
5,54,281,1,17,1,271.9723,,,,,,,,,,568101705,,
5,54,281,1,18,1,271.9723,,,,,,,,,,568101805,,
5,54,282,1,2,1,155.5122,,,,,,,,,,568200205,,
5,54,282,1,3,1,155.5122,,,,,,,,,,568200305,,
5,54,282,1,4,1,155.5122,,,,,,,,,,568200405,,
5,54,282,1,5,1,155.5122,,,,,,,,,,568200505,,
5,54,282,1,6,1,155.5122,2,"04",21000,0,0,0,0,2,,568200605,,
5,54,282,1,7,1,155.5122,,,,,,,,,,568200705,,
5,54,282,1,8,1,155.5122,,,,,,,,,,568200805,,
5,54,282,1,9,1,130.323604225352,1,"01",7500,1,,,,,,568200905,,
5,54,282,1,10,1,155.5122,,,,,,,,,,568201005,,
5,54,282,1,11,1,155.5122,2,"01",16000,0,0,0,0,1,,568201105,,
5,54,282,1,12,1,155.5122,2,"03",8200,0,0,0,0,1,,568201205,,
5,54,282,1,13,1,155.5122,2,"01",8200,1,,,,,,568201305,,
5,54,282,1,14,1,155.5122,,,,,,,,,,568201405,,
5,54,282,1,16,1,155.5122,,,,,,,,,,568201605,,
5,54,282,1,17,1,155.5122,,,,,,,,,,568201705,,
5,54,282,1,18,1,155.5122,,,,,,,,,,568201805,,
5,54,282,1,19,1,155.5122,,,,,,,,,,568201905,,
5,54,282,1,20,1,155.5122,,,,,,,,,,568202005,,
5,54,283,1,1,1,277.2759,,,,,,,,,,568300105,,
5,54,283,1,2,1,26.4913280254777,1,"01",7500,1,,,,,,568300205,,
5,54,283,1,3,1,26.4913280254777,2,"01",8200,1,,,,,,568300305,,
5,54,283,1,4,1,277.2759,,,,,,,,,,568300405,,
5,54,283,1,5,1,277.2759,2,"01",45100,0,0,0,1,,,568300505,,
5,54,283,1,6,1,277.2759,,,,,,,,,,568300605,,
5,54,283,1,7,1,277.2759,,,,,,,,,,568300705,,
5,54,283,1,8,1,277.2759,,,,,,,,,,568300805,,
5,54,283,1,9,1,277.2759,2,"01",24600,0,0,0,0,1,,568300905,,
5,54,283,1,10,1,277.2759,2,"01",21000,0,0,0,0,1,,568301005,,
5,54,283,1,11,1,277.2759,,,,,,,,,,568301105,,
5,54,283,1,12,1,26.4913280254777,2,"01",24600,1,,,,,,568301205,,
5,54,283,1,13,1,277.2759,,,,,,,,,,568301305,,
5,54,283,1,14,1,277.2759,,,,,,,,,,568301405,,
5,54,283,1,15,1,277.2759,,,,,,,,,,568301505,,
5,54,283,1,16,1,277.2759,,,,,,,,,,568301605,,
5,54,283,1,17,1,277.2759,,,,,,,,,,568301705,,
5,54,283,1,19,1,277.2759,,,,,,,,,,568301905,,
5,54,284,2,1,1,485.925,1,"01",2500,0,0,0,0,2,,568400105,,
5,54,284,2,2,1,504.9064453125,1,"02",7500,0,0,1,,,,568400205,,
5,54,284,2,3,1,485.925,,,,,,,,,,568400305,,
5,54,284,2,4,1,485.925,1,"01",7500,0,0,0,0,1,,568400405,,
5,54,284,2,5,1,504.9064453125,1,"02",7500,0,0,1,,,,568400505,,
5,54,284,2,6,1,504.9064453125,2,"02",16000,0,1,,,,,568400605,,
5,54,284,2,7,1,485.925,1,"01",7500,0,1,,,,,568400705,,
5,54,284,2,8,1,485.925,1,"02",7500,0,1,,,,,568400805,,
5,54,284,2,9,1,504.9064453125,1,"02",2500,1,,,,,,568400905,,
5,54,284,2,10,1,485.925,1,"01",7500,1,,,,,,568401005,,
5,54,284,2,11,1,485.925,1,"02",7500,1,,,,,,568401105,,
5,54,284,2,12,1,485.925,1,"02",2500,1,,,,,,568401205,,
5,54,284,2,13,1,485.925,1,"01",7500,1,,,,,,568401305,,
5,54,284,2,14,1,485.925,1,"02",2500,0,1,,,,,568401405,,
5,54,284,2,15,1,485.925,2,"01",21000,0,1,,,,,568401505,,
5,54,284,2,16,1,485.925,1,"02",7500,1,,,,,,568401605,,
5,54,284,2,17,1,485.925,1,"01",2500,1,,,,,,568401705,,
5,54,284,2,18,1,485.925,1,"01",2500,0,0,0,0,2,,568401805,,
5,54,285,2,1,1,974.5554,1,"02",2500,0,0,0,0,2,,568500105,,
5,54,285,2,2,1,974.5554,1,"01",7500,0,0,1,,,,568500205,,
5,54,285,2,3,1,1710.344727,1,"01",2500,0,0,0,1,,,568500305,,
5,54,285,2,4,1,974.5554,1,"02",7500,0,0,0,0,1,,568500405,,
5,54,285,2,5,1,974.5554,1,"01",2500,0,0,0,0,2,,568500505,,
5,54,285,2,6,1,1710.344727,1,"01",2500,0,0,0,0,2,,568500605,,
5,54,285,2,7,1,974.5554,1,"01",2500,0,0,0,0,2,,568500705,,
5,54,285,2,8,1,974.5554,1,"01",2500,0,0,1,,,,568500805,,
5,54,285,2,9,1,1710.344727,1,"04",7500,0,888,888,888,,,568500905,,
5,54,285,2,10,1,974.5554,1,"01",7500,0,0,1,,,,568501005,,
5,54,285,2,11,1,1710.344727,1,"01",2500,0,0,0,0,1,,568501105,,
5,54,285,2,12,1,974.5554,1,"02",2500,0,0,1,,,,568501205,,
5,54,285,2,13,1,974.5554,,,,,,,,,,568501305,,
5,54,285,2,14,1,1710.344727,1,"02",7500,1,,,,,,568501405,,
5,54,285,2,15,1,974.5554,1,"02",7500,0,0,0,0,2,,568501505,,
5,54,285,2,17,1,974.5554,1,"02",7500,1,,,,,,568501705,,
5,54,285,2,18,1,974.5554,1,"01",2500,1,,,,,,568501805,,
5,54,285,2,19,1,974.5554,1,"01",7500,0,1,,,,,568501905,,
5,54,286,2,1,1,1101.067,1,"01",2500,1,,,,,,568600105,,
5,54,286,2,2,1,1101.067,1,"01",2500,1,,,,,,568600205,,
5,54,286,2,3,1,1101.067,1,"02",7500,0,0,0,0,2,,568600305,,
5,54,286,2,4,1,1101.067,1,"01",2500,0,1,,,,,568600405,,
5,54,286,2,6,1,1101.067,1,"02",7500,0,1,,,,,568600605,,
5,54,286,2,8,1,1101.067,1,"02",7500,0,1,,,,,568600805,,
5,54,286,2,9,1,1101.067,1,"02",7500,1,,,,,,568600905,,
5,54,286,2,10,1,1101.067,2,"01",21000,1,,,,,,568601005,,
5,54,286,2,11,1,1101.067,1,"02",2500,1,,,,,,568601105,,
5,54,286,2,12,1,1101.067,1,"01",2500,1,,,,,,568601205,,
5,54,286,2,13,1,1101.067,1,"02",7500,1,,,,,,568601305,,
5,54,286,2,14,1,1101.067,1,"02",7500,1,,,,,,568601405,,
5,54,286,2,15,1,1101.067,1,"02",2500,1,,,,,,568601505,,
5,54,286,2,16,1,1101.067,1,"02",2500,1,,,,,,568601605,,
5,54,286,2,17,1,1101.067,1,"02",7500,1,,,,,,568601705,,
5,54,286,2,18,1,1101.067,,,,,,,,,,568601805,,
5,54,286,2,19,1,1101.067,,,,,,,,,,568601905,,
5,54,286,2,21,1,1101.067,1,"02",7500,1,,,,,,568602105,,
5,55,287,2,1,1,266.495759398496,1,"01",7500,0,0,0,0,1,,578700105,,
5,55,287,2,2,1,266.495759398496,1,"02",2500,1,,,,,,578700205,,
5,55,287,2,3,1,266.495759398496,1,"02",2500,0,0,0,0,1,,578700305,,
5,55,287,2,4,1,266.495759398496,1,"02",7500,0,0,0,0,1,,578700405,,
5,55,287,2,5,1,266.495759398496,1,"02",2500,0,1,,,,,578700505,,
5,55,287,2,6,1,266.495759398496,1,"01",7500,1,,,,,,578700605,,
5,55,287,2,7,1,266.495759398496,1,"01",7500,0,0,0,0,3,,578700705,,
5,55,287,2,8,1,266.495759398496,2,"02",21000,1,,,,,,578700805,,
5,55,287,2,9,1,266.495759398496,1,"01",2500,0,1,,,,,578700905,,
5,55,287,2,10,1,2013.86,1,"01",7500,0,0,1,,,,578701005,,
5,55,287,2,11,1,2013.86,1,"01",7500,0,0,1,,,,578701105,,
5,55,287,2,12,1,266.495759398496,1,"02",2500,1,,,,,,578701205,,
5,55,287,2,13,1,2013.86,1,"01",7500,0,0,0,0,3,,578701305,,
5,55,287,2,14,1,2013.86,1,"01",2500,0,0,0,0,3,,578701405,,
5,55,287,2,15,1,2013.86,,,,,,,,,,578701505,,
5,55,287,2,16,1,2013.86,1,"02",2500,1,,,,,,578701605,,
5,55,287,2,17,1,2013.86,1,"02",7500,1,,,,,,578701705,,
5,55,287,2,18,1,2013.86,1,"02",2500,1,,,,,,578701805,,
5,55,288,1,1,1,23.3553164556962,1,"01",2500,1,,,,,,578800105,,
5,55,288,1,2,1,23.3553164556962,2,"01",16000,1,,,,,,578800205,,
5,55,288,1,3,1,23.3553164556962,1,"02",8200,0,1,,,,,578800305,,
5,55,288,1,4,1,23.3553164556962,,,,,,,,,,578800405,,
5,55,288,1,5,1,221.4084,,,,,,,,,,578800505,,
5,55,288,1,6,1,23.3553164556962,,,,,,,,,,578800605,,
5,55,288,1,7,1,23.3553164556962,1,"01",45100,0,0,0,0,1,,578800705,,
5,55,288,1,8,1,23.3553164556962,1,"02",24600,0,0,0,0,1,,578800805,,
5,55,288,1,9,1,23.3553164556962,1,"01",8200,0,0,0,0,1,,578800905,,
5,55,288,1,10,1,221.4084,,,,,,,,,,578801005,,
5,55,288,1,11,1,221.4084,,,,,,,,,,578801105,,
5,55,288,1,12,1,221.4084,,,,,,,,,,578801205,,
5,55,288,1,13,1,221.4084,,,,,,,,,,578801305,,
5,55,288,1,15,1,221.4084,2,"02",21000,0,0,1,,,,578801505,,
5,55,288,1,16,1,221.4084,2,"02",16000,0,0,1,,,,578801605,,
5,55,288,1,17,1,221.4084,,,,,,,,,,578801705,,
5,55,288,1,18,1,221.4084,,,,,,,,,,578801805,,
5,55,288,1,19,1,221.4084,1,"01",8200,0,0,0,0,3,,578801905,,
5,55,289,2,1,1,1183.564,1,"02",2500,1,,,,,,578900105,,
5,55,289,2,2,1,1183.564,,,,,,,,,,578900205,,
5,55,289,2,3,1,1183.564,1,"01",2500,0,0,0,0,3,,578900305,,
5,55,289,2,4,1,1183.564,1,"02",7500,0,1,,,,,578900405,,
5,55,289,2,5,1,1183.564,1,"02",2500,0,0,0,1,,,578900505,,
5,55,289,2,6,1,1183.564,1,"01",7500,0,0,0,1,,,578900605,,
5,55,289,2,7,1,1183.564,1,"01",2500,0,0,1,,,,578900705,,
5,55,289,2,9,1,1183.564,1,"02",7500,0,0,1,,,,578900905,,
5,55,289,2,10,1,1183.564,1,"03",7500,1,,,,,,578901005,,
5,55,289,2,11,1,1183.564,1,"01",2500,1,,,,,,578901105,,
5,55,289,2,12,1,1183.564,,,,,,,,,,578901205,,
5,55,289,2,13,1,1183.564,1,"01",2500,1,,,,,,578901305,,
5,55,289,2,14,1,1183.564,1,"02",2500,0,1,,,,,578901405,,
5,55,289,2,16,1,1183.564,1,"01",2500,0,0,1,,,,578901605,,
5,55,289,2,17,1,1183.564,1,"02",7500,0,0,0,888,1,,578901705,,
5,55,289,2,18,1,1183.564,1,"01",2500,0,0,0,0,3,,578901805,,
5,55,289,2,19,1,1183.564,1,"02",7500,1,,,,,,578901905,,
5,55,289,2,20,1,1183.564,1,"01",7500,1,,,,,,578902005,,
5,55,290,2,1,3,14.105018212766,1,"02",2500,0,0,0,0,3,,579000105,,
5,55,290,2,2,3,14.105018212766,1,"01",2500,0,1,,,,,579000205,,
5,55,290,2,3,3,14.105018212766,1,"01",2500,0,0,1,,,,579000305,,
5,55,290,2,4,3,14.105018212766,1,"02",2500,0,0,1,,,,579000405,,
5,55,290,2,5,3,75.33362,1,"02",7500,0,0,0,1,,,579000505,,
5,55,290,2,6,3,14.105018212766,1,"01",7500,0,0,0,1,,,579000605,,
5,55,290,2,7,3,14.105018212766,,,,,,,,,,579000705,,
5,55,290,2,8,3,14.105018212766,1,"02",7500,0,1,,,,,579000805,,
5,55,290,2,9,3,14.105018212766,1,"02",2500,1,,,,,,579000905,,
5,55,290,2,11,3,75.33362,1,"02",2500,1,,,,,,579001105,,
5,55,290,2,12,3,14.105018212766,1,"02",2500,0,0,1,,,,579001205,,
5,55,290,2,13,3,75.33362,1,"01",2500,0,0,0,0,3,,579001305,,
5,55,290,2,14,3,75.33362,1,"01",7500,0,0,0,1,,,579001405,,
5,55,290,2,15,3,75.33362,1,"02",7500,0,0,0,1,,,579001505,,
5,55,290,2,16,3,75.33362,1,"03",7500,1,,,,,,579001605,,
5,55,290,2,17,3,75.33362,1,"01",7500,0,0,0,0,3,,579001705,,
5,55,290,2,18,3,75.33362,1,"03",2500,1,,,,,,579001805,,
5,55,290,2,21,3,14.105018212766,1,"01",2500,0,0,0,1,,,579002105,,
5,55,291,2,2,3,59.21156,1,"01",2500,1,,,,,,579100205,,
5,55,291,2,3,3,59.8551639130435,1,"02",7500,0,1,,,,,579100305,,
5,55,291,2,4,3,59.8551639130435,1,"02",7500,1,,,,,,579100405,,
5,55,291,2,5,3,59.8551639130435,1,"01",2500,0,0,0,0,1,,579100505,,
5,55,291,2,6,3,59.8551639130435,1,"02",7500,0,0,1,,,,579100605,,
5,55,291,2,7,3,59.8551639130435,1,"01",7500,0,0,1,,,,579100705,,
5,55,291,2,8,3,59.8551639130435,1,"03",2500,1,,,,,,579100805,,
5,55,291,2,9,3,59.8551639130435,1,"02",7500,0,0,0,0,1,,579100905,,
5,55,291,2,11,3,59.21156,1,"01",7500,0,0,0,0,3,,579101105,,
5,55,291,2,13,3,59.21156,1,"01",2500,1,,,,,,579101305,,
5,55,291,2,14,3,59.21156,1,"01",7500,0,0,1,,,,579101405,,
5,55,291,2,15,3,59.21156,1,"01",7500,0,0,1,,,,579101505,,
5,55,291,2,16,3,59.21156,1,"01",2500,0,1,,,,,579101605,,
5,55,291,2,17,3,59.21156,,,,,,,,,,579101705,,
5,55,291,2,18,3,59.21156,1,"01",7500,0,1,,,,,579101805,,
5,55,291,2,19,3,59.8551639130435,1,"01",2500,0,0,0,0,1,,579101905,,
5,55,291,2,21,3,59.21156,1,"01",2500,1,,,,,,579102105,,
5,55,291,2,22,3,59.21156,1,"01",7500,1,,,,,,579102205,,
5,55,292,2,1,3,24.87571,1,"01",2500,1,,,,,,579200105,,
5,55,292,2,3,3,24.87571,1,"03",7500,1,,,,,,579200305,,
5,55,292,2,4,3,24.87571,1,"01",2500,1,,,,,,579200405,,
5,55,292,2,5,3,24.87571,,,,,,,,,,579200505,,
5,55,292,2,6,3,24.87571,,,,,,,,,,579200605,,
5,55,292,2,7,3,24.87571,1,"03",7500,0,1,,,,,579200705,,
5,55,292,2,8,3,24.87571,1,"01",7500,1,,,,,,579200805,,
5,55,292,2,9,3,24.87571,1,"01",7500,1,,,,,,579200905,,
5,55,292,2,10,3,24.87571,1,"01",7500,0,1,,,,,579201005,,
5,55,292,2,11,3,24.87571,1,"02",7500,1,,,,,,579201105,,
5,55,292,2,12,3,24.87571,,,,,,,,,,579201205,,
5,55,292,2,13,3,24.87571,1,"02",2500,1,,,,,,579201305,,
5,55,292,2,14,3,24.87571,,,,,,,,,,579201405,,
5,55,292,2,16,3,24.87571,1,"01",7500,1,,,,,,579201605,,
5,55,292,2,17,3,24.87571,,,,,,,,,,579201705,,
5,55,292,2,18,3,24.87571,1,"02",2500,1,,,,,,579201805,,
5,55,292,2,19,3,24.87571,,,,,,,,,,579201905,,
5,55,292,2,20,3,24.87571,,,,,,,,,,579202005,,
5,55,293,2,1,3,6.88020618556701,1,"01",7500,0,1,,,,,579300105,,
5,55,293,2,2,3,6.88020618556701,1,"01",2500,1,,,,,,579300205,,
5,55,293,2,4,3,44.492,,,,,,,,,,579300405,,
5,55,293,2,5,3,44.492,,,,,,,,,,579300505,,
5,55,293,2,6,3,44.492,1,"01",7500,0,1,,,,,579300605,,
5,55,293,2,7,3,44.492,,,,,,,,,,579300705,,
5,55,293,2,8,3,44.492,,,,,,,,,,579300805,,
5,55,293,2,9,3,44.492,,,,,,,,,,579300905,,
5,55,293,2,10,3,6.88020618556701,1,"01",2500,0,1,,,,,579301005,,
5,55,293,2,12,3,44.492,,,,,,,,,,579301205,,
5,55,293,2,13,3,44.492,,,,,,,,,,579301305,,
5,55,293,2,14,3,44.492,1,"02",2500,0,1,,,,,579301405,,
5,55,293,2,15,3,44.492,,,,,,,,,,579301505,,
5,55,293,2,16,3,44.492,,,,,,,,,,579301605,,
5,55,293,2,17,3,44.492,2,"01",21000,0,0,1,,,,579301705,,
5,55,293,2,18,3,44.492,,,,,,,,,,579301805,,
5,55,293,2,19,3,44.492,,,,,,,,,,579301905,,
5,55,293,2,20,3,44.492,,,,,,,,,,579302005,,
5,55,294,2,1,1,630.286,1,"03",7500,0,0,0,0,1,,579400105,,
5,55,294,2,2,1,630.286,1,"02",7500,0,0,0,0,1,,579400205,,
5,55,294,2,3,1,630.286,1,"01",7500,1,,,,,,579400305,,
5,55,294,2,4,1,630.286,1,"02",2500,0,1,,,,,579400405,,
5,55,294,2,5,1,630.286,1,"01",7500,0,1,,,,,579400505,,
5,55,294,2,6,1,630.286,,,,,,,,,,579400605,,
5,55,294,2,7,1,630.286,1,"02",7500,0,1,,,,,579400705,,
5,55,294,2,8,1,630.286,1,"02",2500,0,0,0,0,1,,579400805,,
5,55,294,2,9,1,630.286,1,"02",2500,0,1,,,,,579400905,,
5,55,294,2,10,1,2260.336,1,"01",2500,1,,,,,,579401005,,
5,55,294,2,11,1,2260.336,,,,,,,,,,579401105,,
5,55,294,2,12,1,2260.336,1,"01",7500,1,,,,,,579401205,,
5,55,294,2,13,1,2260.336,1,"01",2500,0,0,0,0,1,,579401305,,
5,55,294,2,14,1,2260.336,1,"01",7500,0,1,,,,,579401405,,
5,55,294,2,15,1,2260.336,1,"02",2500,1,,,,,,579401505,,
5,55,294,2,16,1,2260.336,1,"02",7500,0,0,0,0,1,,579401605,,
5,55,294,2,17,1,2260.336,1,"01",7500,0,1,,,,,579401705,,
5,55,294,2,18,1,2260.336,1,"01",7500,0,0,0,1,,,579401805,,
5,55,295,2,1,3,13.9957238392857,1,"01",7500,0,1,,,,,579500105,,
5,55,295,2,2,3,13.9957238392857,1,"01",2500,0,1,,,,,579500205,,
5,55,295,2,3,3,68.15309,1,"02",2500,1,,,,,,579500305,,
5,55,295,2,4,3,13.9957238392857,1,"01",2500,0,0,0,0,1,,579500405,,
5,55,295,2,5,3,13.9957238392857,1,"01",7500,0,1,,,,,579500505,,
5,55,295,2,6,3,13.9957238392857,,,,,,,,,,579500605,,
5,55,295,2,7,3,13.9957238392857,1,"02",2500,0,0,0,0,1,,579500705,,
5,55,295,2,8,3,13.9957238392857,,,,,,,,,,579500805,,
5,55,295,2,9,3,13.9957238392857,1,"01",7500,0,0,0,0,1,,579500905,,
5,55,295,2,10,3,68.15309,,,,,,,,,,579501005,,
5,55,295,2,11,3,68.15309,1,"01",7500,0,0,1,,,,579501105,,
5,55,295,2,12,3,68.15309,1,"02",2500,1,,,,,,579501205,,
5,55,295,2,13,3,68.15309,1,"01",7500,0,0,1,,,,579501305,,
5,55,295,2,14,3,68.15309,,,,,,,,,,579501405,,
5,55,295,2,15,3,68.15309,,,,,,,,,,579501505,,
5,55,295,2,16,3,68.15309,1,"02",7500,0,0,1,,,,579501605,,
5,55,295,2,17,3,13.9957238392857,1,"01",7500,0,1,,,,,579501705,,
5,55,295,2,18,3,68.15309,1,"01",2500,0,0,0,0,1,,579501805,,
5,55,296,2,1,3,7.95912688172043,1,"01",2500,0,1,,,,,579600105,,
5,55,296,2,2,3,7.95912688172043,1,"01",2500,0,1,,,,,579600205,,
5,55,296,2,3,3,7.95912688172043,,,,,,,,,,579600305,,
5,55,296,2,4,3,7.95912688172043,1,"01",7500,1,,,,,,579600405,,
5,55,296,2,5,3,7.95912688172043,1,"01",2500,0,1,,,,,579600505,,
5,55,296,2,6,3,7.95912688172043,1,"01",7500,0,1,,,,,579600605,,
5,55,296,2,7,3,67.2908,,,,,,,,,,579600705,,
5,55,296,2,8,3,67.2908,,,,,,,,,,579600805,,
5,55,296,2,9,3,67.2908,,,,,,,,,,579600905,,
5,55,296,2,10,3,67.2908,1,"02",7500,0,1,,,,,579601005,,
5,55,296,2,11,3,67.2908,,,,,,,,,,579601105,,
5,55,296,2,12,3,67.2908,1,"01",7500,1,,,,,,579601205,,
5,55,296,2,13,3,7.95912688172043,,,,,,,,,,579601305,,
5,55,296,2,14,3,67.2908,1,"01",7500,0,1,,,,,579601405,,
5,55,296,2,15,3,67.2908,1,"01",7500,0,1,,,,,579601505,,
5,55,296,2,16,3,67.2908,1,"01",7500,0,1,,,,,579601605,,
5,55,296,2,17,3,67.2908,1,"01",7500,0,1,,,,,579601705,,
5,55,296,2,18,3,67.2908,1,"01",2500,1,,,,,,579601805,,
5,55,297,2,1,3,54.5306142265193,,,,,,,,,,579700105,,
5,55,297,2,2,3,54.5306142265193,1,"02",7500,0,0,0,0,1,,579700205,,
5,55,297,2,3,3,54.5306142265193,1,"01",2500,0,0,0,0,1,,579700305,,
5,55,297,2,5,3,54.5306142265193,1,"02",7500,0,0,0,0,1,,579700505,,
5,55,297,2,7,3,54.5306142265193,1,"01",7500,0,0,0,0,1,,579700705,,
5,55,297,2,8,3,54.5306142265193,1,"02",2500,0,0,0,0,1,,579700805,,
5,55,297,2,9,3,54.5306142265193,1,"01",7500,0,0,0,0,1,,579700905,,
5,55,297,2,10,3,42.45179,1,"02",2500,1,,,,,,579701005,,
5,55,297,2,11,3,42.45179,1,"02",7500,0,0,1,,,,579701105,,
5,55,297,2,12,3,42.45179,,,,,,,,,,579701205,,
5,55,297,2,13,3,42.45179,1,"02",7500,0,1,,,,,579701305,,
5,55,297,2,14,3,42.45179,1,"02",2500,1,,,,,,579701405,,
5,55,297,2,15,3,42.45179,1,"02",7500,0,1,,,,,579701505,,
5,55,297,2,16,3,42.45179,,,,,,,,,,579701605,,
5,55,297,2,17,3,42.45179,,,,,,,,,,579701705,,
5,55,297,2,18,3,42.45179,1,"02",7500,0,1,,,,,579701805,,
5,55,297,2,20,3,42.45179,1,"02",2500,1,,,,,,579702005,,
5,55,297,2,22,3,54.5306142265193,1,"01",7500,0,0,0,0,1,,579702205,,
5,55,298,2,1,1,579.352976190476,1,"01",2500,0,1,,,,,579800105,,
5,55,298,2,2,1,579.352976190476,1,"01",7500,0,1,,,,,579800205,,
5,55,298,2,3,1,579.352976190476,1,"01",2500,0,1,,,,,579800305,,
5,55,298,2,4,1,579.352976190476,1,"01",2500,0,0,0,0,1,,579800405,,
5,55,298,2,5,1,579.352976190476,,,,,,,,,,579800505,,
5,55,298,2,6,1,579.352976190476,1,"02",7500,0,1,,,,,579800605,,
5,55,298,2,7,1,1769.66,,,,,,,,,,579800705,,
5,55,298,2,8,1,579.352976190476,,,,,,,,,,579800805,,
5,55,298,2,9,1,579.352976190476,1,"01",7500,0,0,1,,,,579800905,,
5,55,298,2,10,1,1769.66,,,,,,,,,,579801005,,
5,55,298,2,11,1,1769.66,1,"02",7500,0,1,,,,,579801105,,
5,55,298,2,12,1,1769.66,,,,,,,,,,579801205,,
5,55,298,2,13,1,1769.66,,,,,,,,,,579801305,,
5,55,298,2,14,1,1769.66,,,,,,,,,,579801405,,
5,55,298,2,15,1,1769.66,1,"02",7500,1,,,,,,579801505,,
5,55,298,2,16,1,1769.66,1,"02",7500,1,,,,,,579801605,,
5,55,298,2,17,1,1769.66,,,,,,,,,,579801705,,
5,55,298,2,18,1,1769.66,1,"01",7500,0,0,0,0,1,,579801805,,
5,55,299,2,1,2,,,,,,,,,,,579900105,3,106.034248352051
5,55,299,2,2,2,,,,,,,,,,,579900205,3,106.034248352051
5,55,299,2,3,2,,,,,,,,,,,579900305,3,106.034248352051
5,55,299,2,4,2,,,,,,,,,,,579900405,3,106.034248352051
5,55,299,2,5,2,,,,,,,,,,,579900505,3,106.034248352051
5,55,299,2,6,2,,,,,,,,,,,579900605,3,106.034248352051
5,55,299,2,7,2,,,,,,,,,,,579900705,3,106.034248352051
5,55,299,2,8,2,,,,,,,,,,,579900805,3,106.034248352051
5,55,299,2,9,2,,,,,,,,,,,579900905,3,106.034248352051
5,55,299,2,10,2,,,,,,,,,,,579901005,3,106.034248352051
5,55,299,2,11,2,,,,,,,,,,,579901105,3,106.034248352051
5,55,299,2,12,2,,,,,,,,,,,579901205,3,106.034248352051
5,55,299,2,13,2,,,,,,,,,,,579901305,3,106.034248352051
5,55,299,2,14,2,,,,,,,,,,,579901405,3,106.034248352051
5,55,299,2,15,2,,,,,,,,,,,579901505,3,106.034248352051
5,55,299,2,16,2,,,,,,,,,,,579901605,3,106.034248352051
5,55,299,2,17,2,,,,,,,,,,,579901705,3,106.034248352051
5,55,299,2,18,2,,,,,,,,,,,579901805,3,106.034248352051
5,55,300,2,1,2,,,,,,,,,,,580000105,3,106.034248352051
5,55,300,2,2,2,,,,,,,,,,,580000205,3,106.034248352051
5,55,300,2,3,2,,,,,,,,,,,580000305,3,106.034248352051
5,55,300,2,4,2,,,,,,,,,,,580000405,3,106.034248352051
5,55,300,2,6,2,,,,,,,,,,,580000605,3,106.034248352051
5,55,300,2,7,2,,,,,,,,,,,580000705,3,106.034248352051
5,55,300,2,8,2,,,,,,,,,,,580000805,3,106.034248352051
5,55,300,2,9,2,,,,,,,,,,,580000905,3,106.034248352051
5,55,300,2,10,2,,,,,,,,,,,580001005,3,106.034248352051
5,55,300,2,11,2,,,,,,,,,,,580001105,3,106.034248352051
5,55,300,2,12,2,,,,,,,,,,,580001205,3,106.034248352051
5,55,300,2,13,2,,,,,,,,,,,580001305,3,106.034248352051
5,55,300,2,14,2,,,,,,,,,,,580001405,3,106.034248352051
5,55,300,2,15,2,,,,,,,,,,,580001505,3,106.034248352051
5,55,300,2,16,2,,,,,,,,,,,580001605,3,106.034248352051
5,55,300,2,17,2,,,,,,,,,,,580001705,3,106.034248352051
5,55,300,2,18,2,,1,"01",2500,0,0,1,,,,580001805,3,106.034248352051
5,55,300,2,20,2,,1,"01",2500,0,0,1,,,,580002005,3,106.034248352051
5,55,301,2,1,2,,,,,,,,,,,580100105,3,106.034248352051
5,55,301,2,2,2,,,,,,,,,,,580100205,3,106.034248352051
5,55,301,2,3,2,,,,,,,,,,,580100305,3,106.034248352051
5,55,301,2,4,2,,1,"01",7500,0,0,1,,,,580100405,3,106.034248352051
5,55,301,2,5,2,,,,,,,,,,,580100505,3,106.034248352051
5,55,301,2,6,2,,,,,,,,,,,580100605,3,106.034248352051
5,55,301,2,7,2,,,,,,,,,,,580100705,3,106.034248352051
5,55,301,2,8,2,,,,,,,,,,,580100805,3,106.034248352051
5,55,301,2,9,2,,,,,,,,,,,580100905,3,106.034248352051
5,55,301,2,10,2,,,,,,,,,,,580101005,3,106.034248352051
5,55,301,2,11,2,,,,,,,,,,,580101105,3,106.034248352051
5,55,301,2,12,2,,,,,,,,,,,580101205,3,106.034248352051
5,55,301,2,13,2,,,,,,,,,,,580101305,3,106.034248352051
5,55,301,2,14,2,,,,,,,,,,,580101405,3,106.034248352051
5,55,301,2,15,2,,,,,,,,,,,580101505,3,106.034248352051
5,55,301,2,16,2,,1,"01",2500,0,0,1,,,,580101605,3,106.034248352051
5,55,301,2,17,2,,,,,,,,,,,580101705,3,106.034248352051
5,55,301,2,18,2,,,,,,,,,,,580101805,3,106.034248352051
5,55,302,2,1,2,,,,,,,,,,,580200105,3,106.034248352051
5,55,302,2,2,2,,,,,,,,,,,580200205,3,106.034248352051
5,55,302,2,3,2,,,,,,,,,,,580200305,3,106.034248352051
5,55,302,2,4,2,,,,,,,,,,,580200405,3,106.034248352051
5,55,302,2,5,2,,,,,,,,,,,580200505,3,106.034248352051
5,55,302,2,6,2,,,,,,,,,,,580200605,3,106.034248352051
5,55,302,2,7,2,,,,,,,,,,,580200705,3,106.034248352051
5,55,302,2,8,2,,,,,,,,,,,580200805,3,106.034248352051
5,55,302,2,9,2,,,,,,,,,,,580200905,3,106.034248352051
5,55,302,2,10,2,,,,,,,,,,,580201005,3,106.034248352051
5,55,302,2,11,2,,,,,,,,,,,580201105,3,106.034248352051
5,55,302,2,12,2,,,,,,,,,,,580201205,3,106.034248352051
5,55,302,2,13,2,,,,,,,,,,,580201305,3,106.034248352051
5,55,302,2,14,2,,,,,,,,,,,580201405,3,106.034248352051
5,55,302,2,15,2,,1,"01",7500,0,0,1,,,,580201505,3,106.034248352051
5,55,302,2,16,2,,,,,,,,,,,580201605,3,106.034248352051
5,55,302,2,17,2,,,,,,,,,,,580201705,3,106.034248352051
5,55,302,2,18,2,,,,,,,,,,,580201805,3,106.034248352051
5,55,303,2,1,2,,,,,,,,,,,580300105,3,106.034248352051
5,55,303,2,2,2,,,,,,,,,,,580300205,3,106.034248352051
5,55,303,2,3,2,,,,,,,,,,,580300305,3,106.034248352051
5,55,303,2,4,2,,,,,,,,,,,580300405,3,106.034248352051
5,55,303,2,5,2,,,,,,,,,,,580300505,3,106.034248352051
5,55,303,2,6,2,,,,,,,,,,,580300605,3,106.034248352051
5,55,303,2,7,2,,,,,,,,,,,580300705,3,106.034248352051
5,55,303,2,8,2,,,,,,,,,,,580300805,3,106.034248352051
5,55,303,2,9,2,,,,,,,,,,,580300905,3,106.034248352051
5,55,303,2,10,2,,,,,,,,,,,580301005,3,106.034248352051
5,55,303,2,11,2,,,,,,,,,,,580301105,3,106.034248352051
5,55,303,2,12,2,,,,,,,,,,,580301205,3,106.034248352051
5,55,303,2,13,2,,,,,,,,,,,580301305,3,106.034248352051
5,55,303,2,14,2,,,,,,,,,,,580301405,3,106.034248352051
5,55,303,2,15,2,,,,,,,,,,,580301505,3,106.034248352051
5,55,303,2,16,2,,,,,,,,,,,580301605,3,106.034248352051
5,55,303,2,17,2,,,,,,,,,,,580301705,3,106.034248352051
5,55,303,2,18,2,,,,,,,,,,,580301805,3,106.034248352051
5,55,304,2,1,2,,1,"01",7500,0,0,1,,,,580400105,3,106.034248352051
5,55,304,2,2,2,,,,,,,,,,,580400205,3,106.034248352051
5,55,304,2,3,2,,,,,,,,,,,580400305,3,106.034248352051
5,55,304,2,4,2,,,,,,,,,,,580400405,3,106.034248352051
5,55,304,2,5,2,,,,,,,,,,,580400505,3,106.034248352051
5,55,304,2,6,2,,,,,,,,,,,580400605,3,106.034248352051
5,55,304,2,7,2,,,,,,,,,,,580400705,3,106.034248352051
5,55,304,2,8,2,,,,,,,,,,,580400805,3,106.034248352051
5,55,304,2,9,2,,,,,,,,,,,580400905,3,106.034248352051
5,55,304,2,10,2,,1,"01",7500,0,0,1,,,,580401005,3,106.034248352051
5,55,304,2,11,2,,,,,,,,,,,580401105,3,106.034248352051
5,55,304,2,12,2,,,,,,,,,,,580401205,3,106.034248352051
5,55,304,2,13,2,,,,,,,,,,,580401305,3,106.034248352051
5,55,304,2,14,2,,,,,,,,,,,580401405,3,106.034248352051
5,55,304,2,15,2,,,,,,,,,,,580401505,3,106.034248352051
5,55,304,2,16,2,,,,,,,,,,,580401605,3,106.034248352051
5,55,304,2,17,2,,1,"01",2500,0,0,1,,,,580401705,3,106.034248352051
5,55,304,2,18,2,,,,,,,,,,,580401805,3,106.034248352051
5,55,305,2,1,2,,,,,,,,,,,580500105,3,106.034248352051
5,55,305,2,4,2,,,,,,,,,,,580500405,3,106.034248352051
5,55,305,2,6,2,,,,,,,,,,,580500605,3,106.034248352051
5,55,305,2,7,2,,,,,,,,,,,580500705,3,106.034248352051
5,55,305,2,8,2,,,,,,,,,,,580500805,3,106.034248352051
5,55,305,2,9,2,,,,,,,,,,,580500905,3,106.034248352051
5,55,305,2,10,2,,,,,,,,,,,580501005,3,106.034248352051
5,55,305,2,11,2,,,,,,,,,,,580501105,3,106.034248352051
5,55,305,2,12,2,,,,,,,,,,,580501205,3,106.034248352051
5,55,305,2,16,2,,,,,,,,,,,580501605,3,106.034248352051
5,55,305,2,17,2,,,,,,,,,,,580501705,3,106.034248352051
5,55,305,2,18,2,,,,,,,,,,,580501805,3,106.034248352051
5,55,306,2,1,2,,,,,,,,,,,580600105,3,106.034248352051
5,55,306,2,2,2,,,,,,,,,,,580600205,3,106.034248352051
5,55,306,2,3,2,,,,,,,,,,,580600305,3,106.034248352051
5,55,306,2,4,2,,,,,,,,,,,580600405,3,106.034248352051
5,55,306,2,5,2,,,,,,,,,,,580600505,3,106.034248352051
5,55,306,2,6,2,,,,,,,,,,,580600605,3,106.034248352051
5,55,306,2,7,2,,,,,,,,,,,580600705,3,106.034248352051
5,55,306,2,8,2,,,,,,,,,,,580600805,3,106.034248352051
5,55,306,2,9,2,,,,,,,,,,,580600905,3,106.034248352051
5,55,306,2,10,2,,,,,,,,,,,580601005,3,106.034248352051
5,55,306,2,11,2,,,,,,,,,,,580601105,3,106.034248352051
5,55,306,2,12,2,,,,,,,,,,,580601205,3,106.034248352051
5,55,306,2,13,2,,,,,,,,,,,580601305,3,106.034248352051
5,55,306,2,14,2,,,,,,,,,,,580601405,3,106.034248352051
5,55,307,2,1,2,,,,,,,,,,,580700105,3,106.034248352051
5,55,307,2,2,2,,,,,,,,,,,580700205,3,106.034248352051
5,55,307,2,3,2,,,,,,,,,,,580700305,3,106.034248352051
5,55,307,2,4,2,,,,,,,,,,,580700405,3,106.034248352051
5,55,307,2,5,2,,,,,,,,,,,580700505,3,106.034248352051
5,55,307,2,6,2,,,,,,,,,,,580700605,3,106.034248352051
5,55,307,2,7,2,,,,,,,,,,,580700705,3,106.034248352051
5,55,307,2,8,2,,,,,,,,,,,580700805,3,106.034248352051
5,55,307,2,9,2,,,,,,,,,,,580700905,3,106.034248352051
5,55,307,2,10,2,,,,,,,,,,,580701005,3,106.034248352051
5,55,307,2,11,2,,,,,,,,,,,580701105,3,106.034248352051
5,55,307,2,12,2,,,,,,,,,,,580701205,3,106.034248352051
5,56,308,2,1,1,1039.469,,,,,,,,,,590800105,,
5,56,308,2,2,1,1039.469,1,"02",7500,0,0,0,888,1,,590800205,,
5,56,308,2,3,1,1039.469,1,"01",7500,0,0,0,0,555,3,590800305,,
5,56,308,2,4,1,1039.469,1,"01",7500,0,1,,,,,590800405,,
5,56,308,2,5,1,1039.469,1,"01",7500,0,0,0,0,1,,590800505,,
5,56,308,2,7,1,1039.469,1,"01",2500,0,0,0,0,3,,590800705,,
5,56,308,2,8,1,1039.469,1,"02",2500,0,1,,,,,590800805,,
5,56,308,2,9,1,1039.469,,,,,,,,,,590800905,,
5,56,308,2,10,1,1039.469,1,"02",2500,1,,,,,,590801005,,
5,56,308,2,11,1,1039.469,1,"02",7500,0,0,0,0,1,,590801105,,
5,56,308,2,12,1,1039.469,1,"01",2500,1,,,,,,590801205,,
5,56,308,2,13,1,1039.469,,,,,,,,,,590801305,,
5,56,308,2,14,1,1039.469,1,"01",7500,0,0,0,0,3,,590801405,,
5,56,308,2,15,1,1039.469,1,"01",2500,1,,,,,,590801505,,
5,56,308,2,16,1,1039.469,1,"02",2500,0,0,0,1,,,590801605,,
5,56,308,2,17,1,1039.469,1,"02",7500,0,0,1,,,,590801705,,
5,56,308,2,18,1,1039.469,1,"01",2500,0,0,0,0,2,,590801805,,
5,56,308,2,19,1,1039.469,1,"01",7500,0,0,0,0,1,,590801905,,
5,56,309,1,1,1,25.3374697674419,2,"02",45100,1,,,,,,590900105,,
5,56,309,1,2,1,25.3374697674419,1,"01",8200,0,0,0,0,1,,590900205,,
5,56,309,1,3,1,25.3374697674419,1,"01",7500,1,,,,,,590900305,,
5,56,309,1,4,1,25.3374697674419,2,"01",21000,1,,,,,,590900405,,
5,56,309,1,5,1,25.3374697674419,1,"02",2500,1,,,,,,590900505,,
5,56,309,1,6,1,242.1136,,,,,,,,,,590900605,,
5,56,309,1,7,1,25.3374697674419,1,"01",2500,1,,,,,,590900705,,
5,56,309,1,8,1,25.3374697674419,1,"01",7500,1,,,,,,590900805,,
5,56,309,1,9,1,25.3374697674419,1,"02",45100,0,0,0,1,,,590900905,,
5,56,309,1,10,1,242.1136,,,,,,,,,,590901005,,
5,56,309,1,11,1,242.1136,,,,,,,,,,590901105,,
5,56,309,1,12,1,242.1136,2,"01",45100,0,0,0,0,1,,590901205,,
5,56,309,1,13,1,242.1136,,,,,,,,,,590901305,,
5,56,309,1,14,1,242.1136,1,"02",7500,1,,,,,,590901405,,
5,56,309,1,15,1,242.1136,,,,,,,,,,590901505,,
5,56,309,1,16,1,242.1136,,,,,,,,,,590901605,,
5,56,309,1,17,1,242.1136,,,,,,,,,,590901705,,
5,56,309,1,18,1,242.1136,2,"02",24600,1,,,,,,590901805,,
5,56,310,2,1,1,1300.178,1,"01",7500,0,0,0,0,3,,591000105,,
5,56,310,2,2,1,1300.178,1,"02",7500,1,,,,,,591000205,,
5,56,310,2,3,1,1300.178,1,"01",7500,1,,,,,,591000305,,
5,56,310,2,4,1,1300.178,1,"02",7500,1,,,,,,591000405,,
5,56,310,2,5,1,1300.178,1,"02",2500,1,,,,,,591000505,,
5,56,310,2,6,1,1300.178,1,"01",2500,0,1,,,,,591000605,,
5,56,310,2,7,1,1300.178,1,"02",2500,1,,,,,,591000705,,
5,56,310,2,8,1,1300.178,1,"01",2500,0,0,0,0,3,,591000805,,
5,56,310,2,9,1,1300.178,1,"01",7500,0,0,0,1,,,591000905,,
5,56,310,2,10,1,1300.178,1,"01",2500,0,0,0,0,3,,591001005,,
5,56,310,2,11,1,1300.178,1,"01",7500,0,0,0,1,,,591001105,,
5,56,310,2,12,1,1300.178,1,"03",2500,1,,,,,,591001205,,
5,56,310,2,13,1,1300.178,1,"01",2500,1,,,,,,591001305,,
5,56,310,2,14,1,1300.178,1,"02",2500,1,,,,,,591001405,,
5,56,310,2,15,1,1300.178,1,"01",2500,1,,,,,,591001505,,
5,56,310,2,16,1,1300.178,1,"01",7500,0,0,0,0,1,,591001605,,
5,56,310,2,17,1,1300.178,1,"02",7500,0,1,,,,,591001705,,
5,56,310,2,18,1,1300.178,1,"01",2500,0,1,,,,,591001805,,
5,56,311,2,1,1,1505.08703561644,1,"01",2500,0,1,,,,,591100105,,
5,56,311,2,2,1,1505.08703561644,1,"02",2500,0,0,1,,,,591100205,,
5,56,311,2,3,1,1505.08703561644,1,"02",2500,0,0,0,0,3,,591100305,,
5,56,311,2,4,1,1505.08703561644,1,"01",2500,0,0,0,0,3,,591100405,,
5,56,311,2,5,1,1505.08703561644,1,"02",7500,0,0,1,,,,591100505,,
5,56,311,2,6,1,1505.08703561644,1,"01",7500,0,0,0,0,1,,591100605,,
5,56,311,2,7,1,1505.08703561644,1,"02",7500,0,0,0,0,3,,591100705,,
5,56,311,2,8,1,1505.08703561644,1,"01",7500,0,0,0,0,3,,591100805,,
5,56,311,2,9,1,1505.08703561644,1,"01",7500,0,0,0,0,3,,591100905,,
5,56,311,2,10,1,1009.847,1,"02",7500,0,0,1,,,,591101005,,
5,56,311,2,11,1,1009.847,1,"02",7500,1,,,,,,591101105,,
5,56,311,2,12,1,1505.08703561644,1,"01",2500,0,0,0,0,2,,591101205,,
5,56,311,2,13,1,1009.847,1,"02",2500,0,1,,,,,591101305,,
5,56,311,2,14,1,1009.847,1,"02",2500,0,0,1,,,,591101405,,
5,56,311,2,15,1,1009.847,1,"01",7500,0,0,1,,,,591101505,,
5,56,311,2,16,1,1009.847,1,"01",7500,0,0,0,0,1,,591101605,,
5,56,311,2,17,1,1009.847,1,"01",7500,0,0,0,0,1,,591101705,,
5,56,311,2,18,1,1009.847,1,"02",7500,0,0,1,,,,591101805,,
5,56,312,2,1,1,1016.90338604651,1,"02",2500,1,,,,,,591200105,,
5,56,312,2,2,1,1016.90338604651,1,"02",2500,1,,,,,,591200205,,
5,56,312,2,3,1,1016.90338604651,1,"01",7500,0,0,1,,,,591200305,,
5,56,312,2,4,1,1016.90338604651,1,"01",2500,0,0,1,,,,591200405,,
5,56,312,2,5,1,1016.90338604651,1,"02",2500,1,,,,,,591200505,,
5,56,312,2,6,1,1016.90338604651,1,"01",7500,0,0,0,0,1,,591200605,,
5,56,312,2,7,1,1016.90338604651,1,"02",2500,1,,,,,,591200705,,
5,56,312,2,8,1,1016.90338604651,1,"02",2500,1,,,,,,591200805,,
5,56,312,2,9,1,1016.90338604651,2,"01",16000,0,0,1,,,,591200905,,
5,56,312,2,10,1,2024.391,,,,,,,,,,591201005,,
5,56,312,2,11,1,2024.391,1,"02",7500,0,0,0,0,1,,591201105,,
5,56,312,2,12,1,2024.391,1,"02",2500,1,,,,,,591201205,,
5,56,312,2,13,1,1016.90338604651,1,"01",2500,1,,,,,,591201305,,
5,56,312,2,14,1,2024.391,1,"01",7500,0,0,0,0,1,,591201405,,
5,56,312,2,15,1,2024.391,1,"02",2500,0,0,1,,,,591201505,,
5,56,312,2,16,1,2024.391,1,"02",2500,1,,,,,,591201605,,
5,56,312,2,17,1,2024.391,1,"02",7500,1,,,,,,591201705,,
5,56,312,2,18,1,2024.391,,,,,,,,,,591201805,,
5,57,313,1,1,1,20.3719658823529,1,"01",7500,0,1,,,,,601300105,,
5,57,313,1,2,1,20.3719658823529,1,"01",7500,1,,,,,,601300205,,
5,57,313,1,3,1,20.3719658823529,1,"02",45100,0,0,0,0,1,,601300305,,
5,57,313,1,4,1,20.3719658823529,1,"01",8200,0,0,0,0,1,,601300405,,
5,57,313,1,5,1,192.4019,,,,,,,,,,601300505,,
5,57,313,1,6,1,20.3719658823529,1,"01",8200,0,0,0,0,1,,601300605,,
5,57,313,1,7,1,192.4019,,,,,,,,,,601300705,,
5,57,313,1,8,1,192.4019,,,,,,,,,,601300805,,
5,57,313,1,9,1,192.4019,,,,,,,,,,601300905,,
5,57,313,1,10,1,192.4019,,,,,,,,,,601301005,,
5,57,313,1,11,1,192.4019,1,"02",8200,0,1,,,,,601301105,,
5,57,313,1,12,1,192.4019,,,,,,,,,,601301205,,
5,57,313,1,14,1,192.4019,2,"01",21000,0,0,0,0,2,,601301405,,
5,57,313,1,15,1,192.4019,,,,,,,,,,601301505,,
5,57,313,1,16,1,192.4019,,,,,,,,,,601301605,,
5,57,313,1,17,1,192.4019,,,,,,,,,,601301705,,
5,57,313,1,18,1,192.4019,,,,,,,,,,601301805,,
5,57,314,2,1,1,1890.69909118541,1,"02",7500,1,,,,,,601400105,,
5,57,314,2,2,1,1037.598,1,"01",2500,0,0,1,,,,601400205,,
5,57,314,2,3,1,1890.69909118541,1,"01",2500,1,,,,,,601400305,,
5,57,314,2,4,1,1890.69909118541,1,"01",7500,0,0,0,0,1,,601400405,,
5,57,314,2,5,1,1037.598,1,"01",2500,1,,,,,,601400505,,
5,57,314,2,6,1,1890.69909118541,1,"01",7500,0,0,0,0,1,,601400605,,
5,57,314,2,7,1,1890.69909118541,1,"02",2500,1,,,,,,601400705,,
5,57,314,2,8,1,1890.69909118541,,,,,,,,,,601400805,,
5,57,314,2,9,1,1890.69909118541,1,"01",7500,1,,,,,,601400905,,
5,57,314,2,10,1,1037.598,1,"01",7500,0,0,0,0,1,,601401005,,
5,57,314,2,11,1,1037.598,1,"02",7500,1,,,,,,601401105,,
5,57,314,2,12,1,1037.598,1,"02",2500,1,,,,,,601401205,,
5,57,314,2,13,1,1037.598,1,"02",7500,1,,,,,,601401305,,
5,57,314,2,14,1,1037.598,1,"01",7500,1,,,,,,601401405,,
5,57,314,2,15,1,1037.598,1,"01",2500,1,,,,,,601401505,,
5,57,314,2,16,1,1037.598,1,"01",7500,0,0,0,0,1,,601401605,,
5,57,314,2,17,1,1037.598,1,"01",7500,1,,,,,,601401705,,
5,57,314,2,18,1,1037.598,1,"02",7500,1,,,,,,601401805,,
5,57,315,2,1,1,995.355,1,"01",7500,0,1,,,,,601500105,,
5,57,315,2,2,1,2205.92189189189,1,"01",2500,1,,,,,,601500205,,
5,57,315,2,3,1,995.355,1,"01",2500,1,,,,,,601500305,,
5,57,315,2,4,1,2205.92189189189,1,"02",7500,0,0,1,,,,601500405,,
5,57,315,2,5,1,2205.92189189189,1,"01",2500,1,,,,,,601500505,,
5,57,315,2,6,1,995.355,1,"02",2500,1,,,,,,601500605,,
5,57,315,2,7,1,2205.92189189189,1,"02",2500,1,,,,,,601500705,,
5,57,315,2,8,1,2205.92189189189,1,"02",7500,0,0,0,0,1,,601500805,,
5,57,315,2,9,1,2205.92189189189,1,"01",2500,1,,,,,,601500905,,
5,57,315,2,10,1,995.355,1,"01",7500,1,,,,,,601501005,,
5,57,315,2,11,1,995.355,1,"02",7500,1,,,,,,601501105,,
5,57,315,2,12,1,995.355,1,"02",2500,1,,,,,,601501205,,
5,57,315,2,13,1,995.355,1,"02",2500,1,,,,,,601501305,,
5,57,315,2,14,1,995.355,,,,,,,,,,601501405,,
5,57,315,2,15,1,995.355,1,"02",2500,1,,,,,,601501505,,
5,57,315,2,16,1,995.355,1,"01",7500,1,,,,,,601501605,,
5,57,315,2,17,1,995.355,1,"01",7500,0,0,0,0,1,,601501705,,
5,57,315,2,18,1,995.355,1,"01",7500,1,,,,,,601501805,,
5,57,316,2,2,1,2188.705078125,1,"01",7500,0,0,0,0,1,,601600205,,
5,57,316,2,3,1,1120.617,1,"02",2500,1,,,,,,601600305,,
5,57,316,2,4,1,1120.617,,,,,,,,,,601600405,,
5,57,316,2,5,1,2188.705078125,1,"01",2500,1,,,,,,601600505,,
5,57,316,2,6,1,1120.617,1,"01",2500,1,,,,,,601600605,,
5,57,316,2,7,1,1120.617,1,"02",7500,1,,,,,,601600705,,
5,57,316,2,8,1,2188.705078125,,,,,,,,,,601600805,,
5,57,316,2,9,1,2188.705078125,1,"01",7500,1,,,,,,601600905,,
5,57,316,2,11,1,1120.617,1,"01",2500,0,0,0,0,1,,601601105,,
5,57,316,2,13,1,1120.617,1,"01",7500,0,0,0,0,555,10,601601305,,
5,57,316,2,14,1,1120.617,1,"01",2500,1,,,,,,601601405,,
5,57,316,2,15,1,2188.705078125,,,,,,,,,,601601505,,
5,57,316,2,16,1,1120.617,1,"01",7500,0,0,0,0,1,,601601605,,
5,57,316,2,17,1,2188.705078125,,,,,,,,,,601601705,,
5,57,316,2,18,1,1120.617,1,"01",2500,1,,,,,,601601805,,
5,57,316,2,19,1,2188.705078125,1,"01",7500,1,,,,,,601601905,,
5,57,316,2,20,1,1120.617,1,"02",7500,1,,,,,,601602005,,
5,57,316,2,22,1,2188.705078125,1,"03",7500,1,,,,,,601602205,,
5,57,317,1,1,1,104.2921,,,,,,,,,,601700105,,
5,57,317,1,2,1,104.2921,,,,,,,,,,601700205,,
5,57,317,1,3,1,104.2921,,,,,,,,,,601700305,,
5,57,317,1,4,1,104.2921,,,,,,,,,,601700405,,
5,57,317,1,5,1,104.2921,,,,,,,,,,601700505,,
5,57,317,1,6,1,104.2921,,,,,,,,,,601700605,,
5,57,317,1,7,1,104.2921,,,,,,,,,,601700705,,
5,57,317,1,8,1,104.2921,,,,,,,,,,601700805,,
5,57,317,1,9,1,104.2921,,,,,,,,,,601700905,,
5,57,317,1,10,1,104.2921,,,,,,,,,,601701005,,
5,57,317,1,11,1,104.2921,,,,,,,,,,601701105,,
5,57,317,1,12,1,104.2921,,,,,,,,,,601701205,,
5,57,317,1,13,1,104.2921,,,,,,,,,,601701305,,
5,57,317,1,14,1,10.6805162650602,1,"01",8200,0,0,0,0,1,,601701405,,
5,57,317,1,15,1,104.2921,,,,,,,,,,601701505,,
5,57,317,1,16,1,104.2921,,,,,,,,,,601701605,,
5,57,317,1,17,1,104.2921,2,"01",21000,0,0,0,0,1,,601701705,,
5,57,317,1,18,1,104.2921,,,,,,,,,,601701805,,
5,57,318,1,1,1,189.1859,,,,,,,,,,601800105,,
5,57,318,1,2,1,14.9964432926829,,,,,,,,,,601800205,,
5,57,318,1,3,1,14.9964432926829,1,"02",7500,0,0,0,0,2,,601800305,,
5,57,318,1,4,1,14.9964432926829,1,"01",8200,0,0,1,,,,601800405,,
5,57,318,1,5,1,189.1859,,,,,,,,,,601800505,,
5,57,318,1,6,1,14.9964432926829,,,,,,,,,,601800605,,
5,57,318,1,7,1,189.1859,,,,,,,,,,601800705,,
5,57,318,1,8,1,189.1859,,,,,,,,,,601800805,,
5,57,318,1,9,1,189.1859,,,,,,,,,,601800905,,
5,57,318,1,10,1,189.1859,,,,,,,,,,601801005,,
5,57,318,1,11,1,14.9964432926829,2,"01",8200,1,,,,,,601801105,,
5,57,318,1,12,1,189.1859,,,,,,,,,,601801205,,
5,57,318,1,13,1,189.1859,,,,,,,,,,601801305,,
5,57,318,1,14,1,189.1859,,,,,,,,,,601801405,,
5,57,318,1,15,1,189.1859,,,,,,,,,,601801505,,
5,57,318,1,16,1,189.1859,,,,,,,,,,601801605,,
5,57,318,1,17,1,189.1859,,,,,,,,,,601801705,,
5,57,318,1,18,1,189.1859,,,,,,,,,,601801805,,
5,57,319,2,1,1,2566.11,,,,,,,,,,601900105,,
5,57,319,2,2,1,2566.11,,,,,,,,,,601900205,,
5,57,319,2,3,1,2566.11,1,"02",7500,1,,,,,,601900305,,
5,57,319,2,4,1,2566.11,,,,,,,,,,601900405,,
5,57,319,2,5,1,2566.11,1,"01",2500,1,,,,,,601900505,,
5,57,319,2,6,1,2566.11,1,"01",7500,0,0,0,0,1,,601900605,,
5,57,319,2,7,1,2566.11,1,"01",7500,1,,,,,,601900705,,
5,57,319,2,8,1,2566.11,,,,,,,,,,601900805,,
5,57,319,2,9,1,2566.11,,,,,,,,,,601900905,,
5,57,319,2,10,1,2566.11,,,,,,,,,,601901005,,
5,57,319,2,11,1,2566.11,,,,,,,,,,601901105,,
5,57,319,2,12,1,2566.11,,,,,,,,,,601901205,,
5,57,319,2,13,1,2566.11,,,,,,,,,,601901305,,
5,57,319,2,14,1,2566.11,1,"01",2500,0,0,0,0,1,,601901405,,
5,57,319,2,15,1,2566.11,,,,,,,,,,601901505,,
5,57,319,2,16,1,2566.11,1,"01",7500,0,1,,,,,601901605,,
5,57,319,2,17,1,2566.11,,,,,,,,,,601901705,,
5,57,319,2,18,1,2566.11,,,,,,,,,,601901805,,
