"Cluster","HI05","HH_WT","PROVINCE","DISTRICT","HI04","TYPEHH","C128","C135_6","C135_Other","C144","C144_OTHER","C149A","C149B","C149_OTHER","C129","C130","C131","C132","C133","C134","C135_1","C135_2","C135_3","C135_4","C135_5","C136","C137_1","C137_2","C137_3","C137_4","C137_5","C137_6","C138","C139","C140","C141","C142","C143","C145","C146","C147","C148","C150","C151","hhid","camp","ref_weight"
2,6,105.421975,1,11,2,1,2,,,,,111,111,,2,0,1,0,1,0,,,,,111,0,,,,,111,,1,,,1,"01",1,10000,0,1,1,,1,110200601,,
2,6,105.421975,1,11,2,1,1,,,,,7,3,,3,1,1,1,3,1,1,,,,,1,,,,,,,3,888,1,1,"01",1,11400,1,1,12,0,1,110200601,,
3,4,179.50659375,1,11,2,1,1,555,18,2,,1,111,,3,1,1,1,4,0,,,,,,1,,,,,,,2,17,1,5,"01",2,,,1,4,,1,110300401,,
12,7,73.1642186123348,1,12,2,1,1,555,9,,,1,111,,1,1,1,1,1,0,,,,,,1,,,,,,,1,,,1,"01",1,5000,1,0,3,,3,121200701,,
18,2,947.7518,1,12,2,1,1,,,2,,111,111,,2,1,1,1,3,0,,,,,111,0,,,,,111,,2,888,0,5,"01",2,,,0,12,,2,121800201,,
18,3,143.598757575758,1,12,2,1,3,,,3,,111,111,,3,0,1,0,1,0,,,,,111,0,,,,,111,,1,,,1,"01",2,,,0,1,,4,121800301,,
18,3,143.598757575758,1,12,2,1,1,,,,,3,4,,3,1,1,1,5,1,1,,,,,1,,,,,,,3,100,1,1,"01",1,30000,1,1,24,1,1,121800301,,
18,3,143.598757575758,1,12,2,1,2,,,,,111,111,,1,0,1,0,1,0,,,,,111,0,,,,,111,,1,,,1,"01",1,10000,0,0,2,,3,121800301,,
18,12,947.7518,1,12,2,1,1,,,,,111,111,,2,1,1,1,4,0,,,,,111,0,,,,,111,,2,10,0,7,"01",1,130000,1,0,4,,3,121801201,,
18,13,143.598757575758,1,12,2,1,1,,,,,111,111,,3,1,1,1,3,0,,,,,111,0,,,,,111,,2,17,0,8,"01",1,250000,1,0,3,,1,121801301,,
19,4,44.8755496875,1,12,1,1,1,,,,,111,111,,3,1,1,0,3,0,1,,,,,1,,,,,,,3,888,0,3,"02",1,485000,1,1,12,,1,121900401,,
20,2,604.193264109589,1,12,2,1,1,,,,,2,111,,3,1,1,1,4,1,1,,,,,1,,,,,,,3,50,0,1,"0102",1,30000,1,1,16,,1,122000201,,
20,14,604.193264109589,1,12,2,1,1,,,2,,111,111,,3,1,1,1,3,1,,,,,111,0,,,,,111,,2,12,1,5,"01",2,,,0,12,,2,122001401,,
22,3,16.4555545454545,1,12,1,1,1,,,,,1,3,,3,1,1,1,3,1,1,,,1,,1,,,,,,,3,888,0,3,"01",1,2000,1,1,3,,1,122200301,,
22,13,16.4555545454545,1,12,1,1,2,555,3,1,,111,111,,2,0,1,0,1,0,,,,,,1,,,,,,,2,12,0,3,"01",2,,,0,888,,555,122201301,,
22,13,16.4555545454545,1,12,1,1,3,555,3,555,4,111,111,,3,0,1,0,1,0,,,,,,1,,,,,,,3,888,0,1,"01",2,,,0,2,,555,122201301,,
22,13,16.4555545454545,1,12,1,1,1,,,,,1,3,,3,1,1,1,2,0,1,,,,,1,,,,,,,3,888,0,3,"01",1,30000,1,0,888,,1,122201301,,
27,3,4.94499531914893,1,12,1,1,1,,,,,3,555,12,2,1,1,1,4,1,,,,,111,0,,,,,111,,2,22,0,5,"01",1,285000,1,0,5,,1,122700301,,
27,3,4.94499531914893,1,12,1,1,2,,,,,111,111,,1,0,1,0,1,0,,,,,111,0,,,,,111,,1,,,5,"01",1,285000,1,0,3,,1,122700301,,
29,5,467.7392,1,12,1,1,1,,,,,3,6,,2,1,1,1,3,0,,,,1,,1,,,,,,,3,888,0,3,"01",1,180000,1,1,1,,3,122900501,,
34,1,597.105425,1,12,2,1,1,555,18,2,,111,111,,1,1,1,1,3,0,,,,,,1,,,,,,,2,82,0,5,"01",2,,,0,12,,2,123400101,,
40,6,637.3517,1,13,1,1,1,,,,,111,111,,1,1,1,1,1,1,1,,,1,,1,,,,,,,3,888,1,6,"0102",1,8000,1,1,888,,1,134000601,,
44,8,288.16761849711,1,13,1,1,1,,,,,7,1,,2,1,1,1,2,1,,,,,111,0,,,,,111,,2,12,0,2,"01",1,15000,1,0,3,0,2,134400801,,
45,1,25.6564893103448,1,13,1,1,1,555,14,,,1,111,,2,1,1,1,4,1,,,,,,1,,,,,,,2,888,1,6,"01",1,130000,1,1,6,,1,134500101,,
48,15,1223.457,1,13,1,1,1,555,20,,,111,111,,3,1,1,0,1,0,,,,,,1,,,,,,,3,60,0,1,"01",1,900000,1,1,1,,1,134801501,,
50,7,70.7120706467662,2,21,1,1,1,555,17,555,5,111,111,,3,1,1,0,3,1,,,,,,1,,,,,,,3,888,1,5,"01",2,,,0,12,,1,215000702,,
52,4,1357.81097435897,2,21,2,1,1,,,,,111,111,,1,1,1,1,1,1,,,,,111,0,,,,,111,,1,,,3,"02",1,25000,1,0,3,,3,215200402,,
52,18,1357.81097435897,2,21,2,1,1,,,,,4,111,,1,1,1,1,1,1,,,,,111,0,,,,,111,,1,,,3,"01",1,25000,1,0,5,0,4,215201802,,
53,8,1158.7450875,2,21,2,1,2,555,14,3,,111,111,,2,0,1,0,2,0,,,,,,1,,,,,,,2,888,0,1,"01",2,,,0,2,,3,215300802,,
53,8,1158.7450875,2,21,2,1,1,,,3,,111,111,,1,1,1,0,1,0,,,,,111,0,,,,,111,,1,,,1,"01",2,,,0,2,,3,215300802,,
54,10,429.702488636364,2,21,2,1,1,,,,,2,3,,2,1,1,1,4,1,,,,,111,0,,,,,111,,2,15,0,2,"01",1,240000,1,1,12,,1,215401002,,
54,12,995.1005,2,21,2,1,1,555,3,,,111,111,,2,1,1,0,3,0,,,,,,1,,,,,,,2,888,0,2,"01",1,80000,1,1,3,,2,215401202,,
55,4,1326.08,2,21,2,1,1,,,,,3,111,,2,1,1,0,3,0,,,,,111,0,,,,,111,,2,32,1,1,"02",1,31460,0,1,12,,4,215500402,,
55,9,1326.08,2,21,2,1,2,,,,,111,111,,2,0,1,1,3,1,,,,,111,0,,,,,111,,2,6,0,1,"0102",1,18700,1,1,24,,3,215500902,,
55,9,1326.08,2,21,2,1,3,,,,,111,111,,1,0,1,0,1,0,,,,,111,0,,,,,111,,1,,,1,"0102",1,18700,1,1,3,,3,215500902,,
55,9,1326.08,2,21,2,1,1,,,,,111,111,,3,1,1,1,3,1,,,,,111,0,,,,,111,,2,6,0,1,"0102",1,18700,1,1,24,,3,215500902,,
55,14,1326.08,2,21,2,1,2,555,3,,,111,111,,3,1,1,1,3,1,,,,,,1,,,,,,,2,34,0,1,"01",1,2300,1,0,3,,1,215501402,,
55,14,1326.08,2,21,2,1,1,555,18,,,2,111,,1,0,1,1,2,0,,,,,,1,,,,,,,2,34,0,1,"01",1,2300,1,0,3,,1,215501402,,
55,16,1326.08,2,21,2,1,1,,,,,6,3,,2,1,1,1,3,1,,,,,111,0,,,,,111,,2,32,0,1,"01",1,72000,1,1,11,,1,215501602,,
55,18,1326.08,2,21,2,1,2,555,3,,,111,111,,3,1,1,1,3,0,,,,,,1,,,,,,,2,34,0,1,"01",1,2100,1,0,4,,1,215501802,,
55,18,1326.08,2,21,2,1,3,555,14,,,111,111,,1,0,1,0,2,0,,,,,,1,,,,,,,1,,,1,"01",1,2100,1,0,4,,1,215501802,,
55,18,1326.08,2,21,2,1,1,555,18,,,111,111,,2,0,1,0,3,0,,,,,,1,,,,,,,2,888,0,1,"01",1,2100,1,0,3,,1,215501802,,
55,18,1326.08,2,21,2,1,4,,,,,111,111,,1,0,1,0,1,0,,,,,111,0,,,,,111,,1,,,3,"01",1,2100,1,0,3,,1,215501802,,
56,10,169.8456,2,22,2,3,1,,,,,111,111,,1,1,1,0,1,0,,,,,111,0,,,,,111,,1,,,5,"01",1,27000,0,1,2,,3,225601002,,
56,16,169.8456,2,22,2,3,1,,,,,7,111,,2,1,1,1,3,1,,,,,111,0,,,,,111,,2,888,0,3,"0102",1,75000,0,1,2,1,1,225601602,,
57,2,92.0452122916667,2,22,2,3,1,,,,,111,111,,2,1,1,1,6,1,,,,1,,1,,,,,,,3,888,0,1,"01",1,25000,0,0,12,,3,225700202,,
57,3,92.0452122916667,2,22,2,3,1,,,,,6,4,,3,1,1,0,2,0,,,,,111,0,,,,,111,,1,,,1,"01",1,16000,1,1,3,0,1,225700302,,
57,7,92.0452122916667,2,22,2,3,1,,,,,1,6,,2,1,1,1,3,1,,,,,111,0,,,,,111,,2,10,0,1,"01",1,30000,0,0,1,,1,225700702,,
57,8,92.0452122916667,2,22,2,3,1,,,,,3,1,,3,1,3,1,4,1,,,,,111,0,,,,,111,,2,20,1,1,"0102",1,95000,1,1,4,,2,225700802,,
57,11,33.72649,2,22,2,3,1,,,,,2,111,,3,1,1,1,3,1,1,,,,,1,,,,,,,3,888,1,4,"01",1,300000,1,1,12,,1,225701102,,
58,2,837.580654350997,2,22,2,1,1,,,,,111,111,,1,1,1,1,1,0,,,,,111,0,,,,,111,,2,12,1,1,"01",1,5000,0,1,12,,2,225800202,,
58,5,837.580654350997,2,22,2,1,1,555,3,,,1,111,,1,1,1,0,2,0,,,,,,1,,,,,,,1,,,1,"01",1,16000,0,0,3,,3,225800502,,
58,6,837.580654350997,2,22,2,1,1,,,,,5,111,,2,1,1,0,3,0,,,,,111,0,,,,,111,,2,7,0,1,"02",1,30000,0,0,11,1,1,225800602,,
58,10,837.580654350997,2,22,2,1,1,555,14,,,111,111,,2,1,1,0,2,1,,,,,,1,,,,,,,2,888,1,1,"01",1,16000,0,1,4,,4,225801002,,
58,11,837.580654350997,2,22,2,1,1,555,14,,,1,6,,2,1,1,0,2,0,,,,,,1,,,,,,,2,888,1,1,"01",1,16000,0,1,2,,2,225801102,,
59,1,90.6259082417582,2,22,2,3,1,,,,,1,111,,2,1,1,1,2,0,,,,,111,0,,,,,111,,2,888,0,1,"0102",1,20000,0,0,1,,3,225900102,,
59,2,90.6259082417582,2,22,2,3,1,555,9,,,111,111,,2,1,1,0,3,0,,,,,,1,,,,,,,2,7,1,1,"01",1,16000,0,1,4,,3,225900202,,
59,8,90.6259082417582,2,22,2,3,2,,,1,,111,111,,1,0,1,0,1,0,,,,,111,0,,,,,111,,1,,,1,"02",2,,,0,2,,2,225900802,,
59,8,90.6259082417582,2,22,2,3,1,,,1,,7,1,,3,1,1,1,3,1,,,,,111,0,,,,,111,,2,20,1,1,"02",2,,,0,3,0,1,225900802,,
59,10,90.6259082417582,2,22,2,3,1,555,9,,,7,6,,3,1,1,0,3,0,,,,,,1,,,,,,,3,888,0,1,"01",1,15000,0,0,3,0,1,225901002,,
60,6,41.5805368421053,2,22,2,3,1,555,9,,,111,111,,2,1,1,0,3,0,,,,,,1,,,,,,,2,888,1,2,"0102",1,16000,0,0,5,,4,226000602,,
60,8,41.5805368421053,2,22,2,3,3,555,15,,,111,111,,2,0,3,1,2,0,,,,,,1,,,,,,,2,12,0,1,"01",1,10000,0,1,8,,2,226000802,,
60,8,41.5805368421053,2,22,2,3,2,555,15,,,111,111,,3,1,3,1,2,1,,,,,,1,,,,,,,2,20,0,1,"01",1,23000,0,1,12,,2,226000802,,
60,8,41.5805368421053,2,22,2,3,1,555,15,,,111,111,,3,0,3,1,2,1,,,,,,1,,,,,,,2,20,1,1,"01",1,12500,0,1,12,,2,226000802,,
60,14,131.6717,2,22,2,3,1,,,,,1,111,,1,1,1,0,1,0,,,,,111,0,,,,,111,,1,,,9,"02",1,25000,0,1,3,,3,226001402,,
60,17,41.5805368421053,2,22,2,3,1,,,,,111,111,,2,1,1,1,2,0,,,,,111,0,,,,,111,,2,888,0,1,"02",1,30000,0,1,1,,3,226001702,,
61,1,32.6064994871795,2,22,2,3,1,,,,,5,1,,1,1,1,0,1,0,,,,,111,0,,,,,111,,1,,,3,"02",1,29500,0,0,11,0,3,226100102,,
61,4,32.6064994871795,2,22,2,3,2,555,9,,,6,111,,1,0,1,0,1,0,,,,,,1,,,,,,,1,,,2,"01",1,7000,0,0,2,,3,226100402,,
61,4,32.6064994871795,2,22,2,3,1,555,9,,,111,111,,2,1,1,1,2,1,,,,,,1,,,,,,,2,7,1,1,"0102",1,24000,0,1,6,,3,226100402,,
61,8,32.6064994871795,2,22,2,3,1,,,,,111,111,,1,1,1,0,1,0,,,,,111,0,,,,,111,,1,,,1,"01",1,25000,0,1,6,,555,226100802,,
61,14,32.6064994871795,2,22,2,3,1,,,,,1,4,,1,1,1,0,1,0,,,,,111,0,,,,,111,,1,,,5,"01",1,30000,0,1,4,0,3,226101402,,
62,4,40.3062986666667,2,22,2,3,1,555,9,,,111,111,,2,1,1,1,2,1,,,,,,1,,,,,,,2,8,1,1,"01",1,16000,0,0,4,,3,226200402,,
62,5,40.3062986666667,2,22,2,3,1,555,9,,,6,111,,2,1,1,0,2,0,,,,,,1,,,,,,,2,8,1,1,"0102",1,25000,0,1,4,,3,226200502,,
63,6,71.2982583974359,2,22,2,3,1,,,1,,111,111,,1,1,3,0,1,0,,,,,111,0,,,,,111,,1,,,1,"01",2,,,0,3,,1,226300602,,
63,7,71.2982583974359,2,22,2,3,1,,,,,111,111,,1,1,1,1,1,1,,,,,111,0,,,,,111,,2,12,1,1,"01",1,16200,1,1,12,,4,226300702,,
63,8,71.2982583974359,2,22,2,3,1,555,8,,,111,111,,2,1,1,1,3,1,,,,,,1,,,,,,,2,888,0,1,"02",1,45000,0,0,4,,4,226300802,,
63,9,71.2982583974359,2,22,2,3,1,,,3,,111,111,,2,1,1,1,3,1,,,,,111,0,,,,,111,,2,888,0,1,"02",2,,,0,4,,4,226300902,,
63,13,71.2982583974359,2,22,2,3,1,,,,,1,111,,2,1,1,0,3,0,,,,,111,0,,,,,111,,2,888,0,2,"0102",1,15000,0,0,12,,1,226301302,,
63,16,71.2982583974359,2,22,2,3,1,,,,,111,111,,1,1,1,1,1,1,,,,,111,0,,,,,111,,2,12,1,1,"01",1,5000,1,1,12,,4,226301602,,
66,9,36.8900172727273,2,22,2,3,1,,,,,111,111,,3,1,1,1,3,0,,,,,111,0,,,,,111,,2,888,0,1,"02",1,30000,1,0,3,,555,226600902,,
66,13,36.8900172727273,2,22,2,3,1,555,14,,,2,111,,1,1,1,0,1,0,,,,,,1,,,,,,,1,,,5,"02",1,28000,1,0,3,,3,226601302,,
67,4,105.216928510638,2,22,2,3,1,555,3,,,111,111,,1,1,1,1,1,1,,,,,,1,,,,,,,1,,,2,"01",1,5000,1,0,12,,2,226700402,,
67,5,105.216928510638,2,22,2,3,2,,,,,1,111,,3,1,1,1,2,1,,,,,111,0,,,,,111,,2,888,0,1,"01",1,12000,0,0,4,,3,226700502,,
67,5,105.216928510638,2,22,2,3,1,,,,,3,1,,3,0,1,0,2,1,,,,,111,0,,,,,111,,1,,,1,"01",1,5000,1,0,1,,3,226700502,,
67,8,105.216928510638,2,22,2,3,1,,,2,,1,111,,2,1,1,1,3,1,,,,,111,0,,,,,111,,2,12,0,1,"02",2,,,0,3,,4,226700802,,
67,14,105.216928510638,2,22,2,3,1,,,,,111,111,,3,1,1,1,3,1,,,,,111,0,,,,,111,,2,17,0,1,"01",1,66000,1,1,8,,1,226701402,,
68,8,311.598,2,22,2,1,1,555,14,,,1,6,,2,1,1,1,2,1,,,,,,1,,,,,,,2,10,1,1,"01",1,15000,0,1,6,,3,226800802,,
69,4,123.808337946429,2,22,2,3,1,,,,,111,111,,2,1,1,1,3,0,,,,,111,0,,,,,111,,2,12,0,1,"01",1,74000,0,1,6,,2,226900402,,
69,5,123.808337946429,2,22,2,3,1,555,14,,,7,111,,2,1,1,1,2,1,,,,,,1,,,,,,,2,9,1,1,"0102",1,15000,0,0,7,0,1,226900502,,
70,1,80.0988717419355,2,22,2,3,1,555,9,,,2,111,,2,1,1,1,3,0,,,,,,1,,,,,,,2,7,1,4,"01",1,91000,1,1,5,,1,227000102,,
70,5,80.0988717419355,2,22,2,3,1,,,,,111,111,,1,1,1,0,1,0,,,,,111,0,,,,,111,,1,,,2,"0102",1,28000,1,1,5,,3,227000502,,
70,6,80.0988717419355,2,22,2,3,1,555,9,555,6,111,111,,2,1,1,0,3,0,,,,,,1,,,,,,,2,888,1,2,"01",2,,,0,3,,4,227000602,,
71,5,1344.70940821918,2,22,2,1,1,,,,,3,1,,3,1,3,1,3,1,,,,,111,0,,,,,111,,2,20,1,1,"01",1,95000,1,1,3,,2,227100502,,
71,9,1344.70940821918,2,22,2,1,1,,,,,2,111,,2,1,1,1,2,1,,,,,111,0,,,,,111,,2,888,0,1,"01",1,50000,1,1,4,,3,227100902,,
73,2,,2,22,2,2,1,,,,,6,111,,2,1,1,1,3,0,,,,1,,1,,,,,,,3,888,0,1,"01",1,35000,1,1,3,,3,227300202,4,18.0079364776611
73,10,,2,22,2,2,1,555,3,,,111,111,,3,1,1,0,4,0,,,,,,1,,,,,,,3,60,1,2,"01",1,9800,1,1,888,,1,227301002,4,18.0079364776611
73,11,,2,22,2,2,1,555,3,,,1,111,,3,1,1,0,2,0,,,,,,1,,,,,,,3,888,0,1,"01",1,12000,1,1,3,,4,227301102,4,18.0079364776611
74,10,,2,22,2,2,1,,,1,,111,111,,1,1,1,0,1,0,,,,,111,0,,,,,111,,1,,,2,"0102",2,,,0,3,,4,227401002,4,18.0079364776611
76,4,,2,22,2,2,1,555,3,,,111,111,,1,1,1,0,1,0,,,,,,1,,,,,,,1,,,1,"01",1,5000,0,1,3,,3,227600402,4,18.0079364776611
76,5,,2,22,2,2,1,555,3,,,111,111,,3,1,1,1,3,0,,,,,,1,,,,,,,2,60,1,2,"01",1,115200,1,1,24,,1,227600502,4,18.0079364776611
76,6,,2,22,2,2,1,555,14,,,7,1,,3,1,1,1,3,0,,,,,,1,,,,,,,2,60,1,3,"02",1,169200,1,1,4,0,1,227600602,4,18.0079364776611
76,9,,2,22,2,2,1,555,3,,,111,111,,3,1,1,1,3,1,,,,,,1,,,,,,,2,60,1,3,"0102",1,172800,1,1,4,,1,227600902,4,18.0079364776611
76,13,,2,22,2,2,1,,,,,2,7,,3,1,1,1,3,1,,,,1,,1,,,,,,,3,888,0,2,"01",1,172800,1,1,3,0,1,227601302,4,18.0079364776611
76,15,,2,22,2,2,1,,,,,6,7,,2,1,1,0,3,0,,,,1,,1,,,,,,,3,888,0,1,"01",1,20000,0,1,2,0,1,227601502,4,18.0079364776611
77,16,,2,22,2,2,1,,,,,1,6,,2,1,1,0,1,0,,,,1,,1,,,,,,,3,888,0,1,"01",1,13000,0,0,2,,1,227701602,4,18.0079364776611
78,14,,2,22,2,2,1,,,,,6,2,,3,1,1,1,3,1,,,,1,,1,,,,,,,3,888,0,2,"01",1,300000,1,1,3,,1,227801402,4,18.0079364776611
78,15,,2,22,2,2,1,,,,,7,4,,2,1,1,1,2,0,,,,1,,1,,,,,,,3,888,0,1,"01",1,20000,0,0,2,0,1,227801502,4,18.0079364776611
78,18,,2,22,2,2,1,555,14,,,111,111,,3,1,1,0,3,0,,,,,,1,,,,,,,3,60,1,1,"01",1,12000,1,1,4,,3,227801802,4,18.0079364776611
79,3,191.269876666667,2,23,1,1,1,,,,,111,111,,3,1,1,1,4,1,,,,,111,0,,,,,111,,2,888,0,4,"02",1,15000,1,1,3,,2,237900302,,
79,5,191.269876666667,2,23,1,1,1,555,14,555,2,4,111,,3,1,1,1,3,1,,,,,,1,,,,,,,2,888,0,2,"01",2,,,1,15,1,1,237900502,,
79,8,133.4441,2,23,1,1,1,555,9,,,1,111,,1,1,1,0,1,0,,,,,,1,,,,,,,1,,,5,"01",1,30000,1,1,2,,555,237900802,,
80,6,943.521016042781,2,23,2,1,1,555,18,2,,1,111,,3,1,1,1,3,0,,,,,,1,,,,,,,2,888,0,3,"02",2,,,0,1,,555,238000602,,
80,13,943.521016042781,2,23,2,1,3,,,2,,7,6,,3,0,1,0,2,0,,,,,111,0,,,,,111,,3,888,1,3,"01",2,,,0,3,0,1,238001302,,
80,13,943.521016042781,2,23,2,1,2,,,2,,6,7,,3,0,1,0,2,0,,,,,111,0,,,,,111,,1,,,3,"01",2,,,0,3,0,1,238001302,,
80,13,943.521016042781,2,23,2,1,1,,,2,,1,2,,3,1,1,0,2,0,,,,,111,0,,,,,111,,3,60,1,3,"0102",2,,,0,3,,1,238001302,,
80,14,943.521016042781,2,23,2,1,2,,,2,,111,111,,2,1,1,0,1,0,,,,,111,0,,,,,111,,1,,,2,"01",2,,,0,2,,1,238001402,,
80,14,943.521016042781,2,23,2,1,3,,,2,,6,7,,2,0,1,0,1,0,,,,,111,0,,,,,111,,1,,,2,"01",2,,,0,2,,1,238001402,,
80,14,943.521016042781,2,23,2,1,4,,,2,,6,7,,2,0,1,0,1,0,,,,,111,0,,,,,111,,1,,,2,"01",2,,,0,1,0,1,238001402,,
80,14,943.521016042781,2,23,2,1,1,,,2,,1,2,,3,0,1,0,1,0,,,,,111,0,,,,,111,,1,,,2,"01",2,,,0,2,0,1,238001402,,
81,1,1569.95834545455,2,23,2,1,1,,,,,6,3,,2,1,1,1,3,0,,,,1,,1,,,,,,,3,70,0,1,"01",1,20000,0,1,3,,1,238100102,,
81,3,1569.95834545455,2,23,2,1,1,,,2,,6,111,,2,1,1,1,4,0,,,,1,,1,,,,,,,3,70,1,1,"01",2,,,0,3,,2,238100302,,
81,4,1569.95834545455,2,23,2,1,1,,,2,,111,111,,3,1,1,1,3,0,,,,1,,1,,,,,,,3,50,1,1,"01",2,,,0,2,,2,238100402,,
82,2,2203.36932666667,2,23,2,1,1,,,2,,111,111,,3,1,1,1,3,0,1,,,,,1,,,,,,,3,888,0,3,"01",2,,,0,3,,3,238200202,,
82,4,2203.36932666667,2,23,2,1,1,,,2,,111,111,,3,1,1,1,4,0,,,,,111,0,,,,,111,,2,12,0,1,"01",2,,,0,4,,2,238200402,,
82,17,2203.36932666667,2,23,2,1,1,,,,,6,2,,1,1,1,0,1,0,,,,,111,0,,,,,111,,1,,,1,"0102",1,12000,0,0,3,,3,238201702,,
82,18,2203.36932666667,2,23,2,1,1,,,2,,7,1,,2,0,1,0,2,0,,,,,111,0,,,,,111,,2,888,0,1,"01",2,,,0,3,0,2,238201802,,
82,18,2203.36932666667,2,23,2,1,2,,,2,,1,7,,2,1,1,0,4,0,,,,,111,0,,,,,111,,2,888,0,1,"01",2,,,0,3,0,2,238201802,,
83,1,1305.621,2,24,2,1,1,,,,,111,111,,2,1,1,1,3,1,1,,1,,,1,,,,,,,3,888,1,3,"01",1,75000,1,1,3,,2,248300102,,
83,5,1305.621,2,24,2,1,1,555,18,,,2,111,,3,1,1,1,3,1,,,,,,1,,,,,,,2,32,0,1,"01",1,2100,1,0,5,,555,248300502,,
83,6,1305.621,2,24,2,1,1,555,17,,,2,111,,3,1,1,1,3,1,,,,,,1,,,,,,,2,34,0,1,"01",1,1400,1,0,4,,3,248300602,,
83,8,1305.621,2,24,2,1,1,,,,,2,5,,2,1,1,1,3,1,,,,,111,0,,,,,111,,2,12,1,1,"02",1,63000,1,1,4,1,2,248300802,,
83,18,1305.621,2,24,2,1,1,,,2,,1,111,,3,1,1,1,3,0,,,,,111,0,,,,,111,,2,34,0,1,"01",2,,,0,3,,1,248301802,,
84,10,1044.35,2,24,2,1,2,,,,,3,6,,1,1,1,1,1,0,,,,,111,0,,,,,111,,1,,,4,"02",1,30000,1,0,24,,1,248401002,,
84,10,1044.35,2,24,2,1,1,,,,,111,111,,3,0,1,1,3,0,,,,,111,0,,,,,111,,2,888,1,3,"02",1,40000,1,1,2,,1,248401002,,
85,18,176.1393,2,24,1,1,4,555,18,2,,111,111,,1,0,1,0,2,0,,,,,,1,,,,,,,1,,,4,"01",2,,,0,888,,1,248501802,,
85,18,176.1393,2,24,1,1,3,555,18,2,,111,111,,3,0,1,0,2,0,,,,,,1,,,,,,,3,888,0,5,"01",2,,,0,888,,1,248501802,,
85,18,176.1393,2,24,1,1,1,,,,,111,111,,2,0,1,0,1,0,,,,,111,0,,,,,111,,1,,,4,"01",1,130000,0,1,888,,1,248501802,,
85,18,176.1393,2,24,1,1,2,,,,,111,111,,3,1,1,1,4,1,,,,,111,0,,,,,111,,2,888,0,5,"01",1,136000,0,0,888,,1,248501802,,
87,13,1630.48,2,24,2,1,1,,,,,111,111,,1,1,1,1,1,0,,,,,111,0,,,,,111,,1,,,2,"0102",1,35000,1,0,4,,3,248701302,,
87,14,1630.48,2,24,2,1,1,,,,,7,6,,3,1,1,0,2,0,,,,,111,0,,,,,111,,3,888,0,1,"01",1,15000,0,1,5,1,1,248701402,,
90,1,2393.83153777778,2,25,2,1,1,,,2,,6,111,,2,1,3,1,3,1,,,,,111,0,,,,,111,,2,12,1,6,"01",2,,,1,12,,2,259000102,,
91,5,85.1704951111111,2,25,2,3,2,,,,,3,5,,1,0,1,1,4,1,1,,,,,1,,,,,,,3,888,0,1,"02",1,4000,1,1,4,0,1,259100502,,
91,5,85.1704951111111,2,25,2,3,1,,,,,3,2,,2,1,1,1,4,1,1,,,,,1,,,,,,,3,888,0,1,"02",1,4000,1,1,4,,1,259100502,,
91,9,85.1704951111111,2,25,2,3,1,,,,,3,6,,2,1,1,1,3,1,,,,,111,0,,,,,111,,2,888,0,2,"0102",1,85000,1,0,4,,2,259100902,,
93,10,60.3000852631579,2,25,2,3,1,,,,,4,3,,2,1,1,1,3,1,,,,,111,0,,,,,111,,2,888,0,1,"01",1,10000,1,1,12,1,2,259301002,,
94,10,84.76505,2,25,2,3,1,,,,,6,5,,1,1,1,0,1,0,,,,,111,0,,,,,111,,1,,,4,"01",1,74000,1,0,3,1,1,259401002,,
94,11,84.76505,2,25,2,3,2,,,,,111,111,,2,0,1,1,2,1,,,,,111,0,,,,,111,,2,60,0,2,"0102",1,78000,0,0,3,,4,259401102,,
94,11,84.76505,2,25,2,3,1,,,,,111,111,,2,1,1,1,2,1,,,,,111,0,,,,,111,,2,60,0,2,"0102",1,78000,1,0,3,,4,259401102,,
94,12,84.76505,2,25,2,3,1,,,,,2,7,,2,1,1,1,3,1,,,,,111,0,,,,,111,,2,5,0,1,"02",1,170000,1,0,4,1,1,259401202,,
94,15,84.76505,2,25,2,3,1,,,,,1,3,,2,1,1,1,3,1,1,,,,,1,,,,,,,3,50,0,1,"01",1,10000,1,1,6,,3,259401502,,
94,18,84.76505,2,25,2,3,1,,,,,2,1,,1,1,1,1,1,1,,,,,111,0,,,,,111,,2,60,0,2,"0102",1,85000,1,0,3,,3,259401802,,
94,19,84.76505,2,25,2,3,1,555,18,,,1,2,,2,0,1,1,2,0,,,,,,1,,,,,,,2,60,0,3,"0102",1,84000,1,1,2,,1,259401902,,
94,19,84.76505,2,25,2,3,2,555,18,,,1,2,,2,1,1,1,2,0,,,,,,1,,,,,,,2,60,0,3,"0102",1,84000,1,1,2,,1,259401902,,
95,5,64.8652657239057,2,25,2,3,1,555,18,,,1,3,,2,1,1,1,1,0,,,,,,1,,,,,,,2,10,0,2,"0102",1,74000,0,1,12,,1,259500502,,
95,6,64.8652657239057,2,25,2,3,1,555,18,,,1,3,,2,1,1,1,2,0,,,,,,1,,,,,,,2,10,0,1,"01",1,23000,0,1,4,,3,259500602,,
95,6,64.8652657239057,2,25,2,3,2,555,18,,,1,3,,2,0,1,1,2,0,,,,,,1,,,,,,,2,10,0,1,"01",1,23000,0,1,4,,3,259500602,,
95,6,64.8652657239057,2,25,2,3,3,555,18,,,1,3,,2,0,1,1,2,0,,,,,,1,,,,,,,2,10,0,1,"01",1,23000,0,1,4,,3,259500602,,
95,10,64.8652657239057,2,25,2,3,1,,,3,,6,4,,2,1,1,1,3,1,,,,,111,0,,,,,111,,2,30,0,1,"02",2,,,0,12,1,4,259501002,,
96,1,160.396731614907,2,25,2,3,1,,,,,2,1,,1,1,1,1,1,0,,,,,111,0,,,,,111,,1,,,3,"01",1,46000,1,1,5,,1,259600102,,
96,3,160.396731614907,2,25,2,3,1,555,3,,,4,3,,2,0,1,0,3,0,,,,,,1,,,,,,,2,888,0,10,"0102",1,30000,0,0,4,0,3,259600302,,
96,3,160.396731614907,2,25,2,3,3,555,3,,,3,4,,2,0,1,0,3,0,,,,,,1,,,,,,,2,888,0,10,"0102",1,30000,0,0,4,0,3,259600302,,
96,3,160.396731614907,2,25,2,3,2,555,3,,,3,4,,2,1,1,0,3,0,,,,,,1,,,,,,,2,888,0,10,"0102",1,30000,0,1,4,0,3,259600302,,
96,16,11.79711,2,25,2,3,1,,,,,6,3,,2,1,1,1,3,1,1,,,,,1,,,,,,,3,50,0,2,"02",1,400000,1,1,4,,1,259601602,,
97,4,66.53046,2,25,2,3,1,,,,,1,2,,3,1,1,1,3,1,1,,,,,1,,,,,,,3,888,1,1,"01",1,555000,1,1,4,,1,259700402,,
97,10,66.53046,2,25,2,3,2,,,,,1,7,,2,0,1,0,5,1,1,,,,,1,,,,,,,3,60,0,7,"01",1,208000,1,0,888,0,1,259701002,,
97,10,66.53046,2,25,2,3,3,,,,,1,7,,2,0,1,1,5,1,1,,,,,1,,,,,,,3,60,0,7,"01",1,208000,1,0,888,0,1,259701002,,
97,10,66.53046,2,25,2,3,1,,,,,7,1,,2,1,1,1,5,1,1,,,,,1,,,,,,,3,60,0,5,"01",1,208000,1,1,888,0,1,259701002,,
97,13,66.53046,2,25,2,3,1,,,,,3,1,,2,1,1,1,3,1,,,,,111,0,,,,,111,,2,50,0,2,"0102",1,240000,1,1,12,,1,259701302,,
97,14,66.53046,2,25,2,3,1,555,16,,,111,111,,3,1,1,1,7,1,1,,,,,1,,,,,,,3,888,0,4,"0102",1,600000,1,1,10,,1,259701402,,
97,15,66.53046,2,25,2,3,1,,,,,3,111,,2,1,1,1,5,1,1,,,,,1,,,,,,,3,100,0,6,"01",1,728000,1,1,12,,1,259701502,,
97,16,66.53046,2,25,2,3,1,555,18,,,3,6,,2,1,1,1,3,0,,,,,,1,,,,,,,2,10,0,2,"0102",1,85000,1,1,4,,3,259701602,,
97,18,66.53046,2,25,2,3,1,,,,,3,1,,2,1,1,1,3,1,,,,,111,0,,,,,111,,2,120,0,4,"0102",1,141000,1,1,5,,1,259701802,,
99,11,950.1539,2,25,2,1,1,,,4,,111,111,,3,1,1,0,2,0,,,,,111,0,,,,,111,,3,888,1,1,"01",2,,,1,3,,2,259901102,,
99,12,950.1539,2,25,2,1,1,,,1,,111,111,,2,1,1,1,3,0,,,,,111,0,,,,,111,,2,888,0,1,"01",2,,,1,24,,2,259901202,,
99,13,950.1539,2,25,2,1,2,,,1,,1,6,,2,0,1,0,3,0,,,,,111,0,,,,,111,,2,9,0,6,"02",2,,,0,3,,2,259901302,,
99,13,950.1539,2,25,2,1,1,,,,,1,6,,1,1,1,0,1,0,,,,,111,0,,,,,111,,1,,,1,"0102",1,20000,0,1,12,,3,259901302,,
99,16,950.1539,2,25,2,1,1,,,2,,111,111,,3,1,1,1,3,0,,,,,111,0,,,,,111,,2,12,0,1,"01",2,,,1,4,,555,259901602,,
99,17,950.1539,2,25,2,1,1,,,1,,111,111,,2,1,1,0,3,1,,,,,111,0,,,,,111,,2,888,0,1,"0102",2,,,1,12,,3,259901702,,
99,18,950.1539,2,25,2,1,1,,,1,,111,111,,1,1,1,0,1,0,,,,,111,0,,,,,111,,1,,,2,"01",2,,,0,5,,1,259901802,,
100,1,1790.81928947368,2,25,2,1,1,555,16,,,555,6,2,2,1,1,1,3,1,,,,,,1,,,,,,,2,20,0,3,"01",1,95000,1,1,3,,1,260000102,,
100,7,1790.81928947368,2,25,2,1,1,,,3,,1,3,,1,1,1,0,1,0,,,,,111,0,,,,,111,,1,,,1,"01",2,,,0,2,,2,260000702,,
100,9,1790.81928947368,2,25,2,1,1,,,,,111,111,,1,1,1,1,1,0,,,,,111,0,,,,,111,,2,20,0,1,"01",1,70000,1,0,3,,3,260000902,,
100,14,756.1237,2,25,2,1,1,,,,,111,111,,2,1,1,1,3,1,,,,,111,0,,,,,111,,2,12,0,4,"0102",1,172000,1,1,4,,1,260001402,,
100,22,1790.81928947368,2,25,2,1,1,,,,,111,111,,2,1,1,1,3,1,,,,,111,0,,,,,111,,2,888,0,1,"0102",1,95000,1,1,24,,1,260002202,,
101,1,75.79504,2,25,2,3,1,555,14,,,1,111,,2,1,1,1,2,0,,,,,,1,,,,,,,2,20,0,2,"01",1,120000,1,0,2,,1,260100102,,
101,6,75.79504,2,25,2,3,1,,,,,3,2,,2,1,1,1,3,0,,,,,111,0,,,,,111,,2,20,0,3,"01",1,178770,1,1,10,,1,260100602,,
101,8,75.79504,2,25,2,3,1,555,18,555,1,3,6,,2,1,1,1,3,0,,,,,,1,,,,,,,2,10,0,2,"0102",2,,,1,2,,3,260100802,,
102,9,58.1195744863014,2,25,1,3,2,555,3,,,111,111,,2,0,1,0,3,0,,,,,,1,,,,,,,2,20,0,2,"01",1,70000,1,1,1,,1,260200902,,
102,9,58.1195744863014,2,25,1,3,1,555,3,,,111,111,,2,0,1,0,3,0,,,,,,1,,,,,,,2,20,0,2,"01",1,70000,1,1,1,,1,260200902,,
102,9,58.1195744863014,2,25,1,3,3,555,3,,,111,111,,2,1,1,0,3,1,,,,,,1,,,,,,,2,20,0,2,"01",1,70000,1,1,1,,1,260200902,,
105,15,68.69241,2,25,2,3,1,555,18,,,4,3,,2,1,1,1,5,1,,,,,,1,,,,,,,2,12,0,2,"01",1,270000,1,1,10,0,1,260501502,,
105,16,68.69241,2,25,2,3,1,,,,,1,3,,2,1,1,1,5,1,,,,,111,0,,,,,111,,2,50,0,4,"01",1,400000,1,1,2,,1,260501602,,
105,18,68.69241,2,25,2,3,1,555,18,,,4,3,,2,1,1,1,4,0,,,,,,1,,,,,,,2,10,0,2,"0102",1,350000,1,1,24,1,1,260501802,,
106,1,,2,25,2,2,1,555,14,1,,7,5,,3,1,1,1,3,1,,,,,,1,,,,,,,2,60,1,1,"01",2,,,1,6,1,1,260600102,1,21.6071434020996
107,3,,2,25,2,2,2,,,1,,111,111,,2,0,1,1,2,1,,,,,111,0,,,,,111,,2,888,0,1,"01",2,,,0,3,,1,260700302,1,21.6071434020996
107,3,,2,25,2,2,1,,,,,7,1,,2,1,1,1,3,0,,,,,111,0,,,,,111,,2,6,0,1,"02",1,2600,1,0,5,1,1,260700302,1,21.6071434020996
107,4,,2,25,2,2,1,,,1,,111,111,,2,1,1,0,1,1,,,,,111,0,,,,,111,,1,,,1,"01",2,,,0,3,,1,260700402,1,21.6071434020996
108,11,,2,25,2,2,1,555,14,,,4,111,,3,1,1,0,3,0,,,,,,1,,,,,,,3,60,1,2,"02",1,93600,1,0,4,1,1,260801102,1,21.6071434020996
108,15,,2,25,2,2,1,555,14,,,4,111,,3,1,1,0,1,0,,,,,,1,,,,,,,3,60,1,3,"02",1,75000,1,1,5,1,1,260801502,1,21.6071434020996
108,16,,2,25,2,2,1,555,14,1,,111,111,,3,1,1,1,3,1,,,,,,1,,,,,,,2,60,0,1,"01",2,,,0,888,,555,260801602,1,21.6071434020996
108,18,,2,25,2,2,1,555,14,,,111,111,,3,1,3,1,3,0,,,,,,1,,,,,,,2,60,1,1,"01",1,30000,1,1,6,,1,260801802,1,21.6071434020996
109,11,,2,25,2,2,1,,,,,6,3,,2,1,1,0,1,0,,,,,111,0,,,,,111,,1,,,2,"01",1,1500,0,1,2,,3,260901102,1,21.6071434020996
109,12,,2,25,2,2,1,,,,,111,111,,3,1,1,0,3,1,,,,,111,0,,,,,111,,2,888,0,5,"02",1,40000,1,1,3,,1,260901202,1,21.6071434020996
109,13,,2,25,2,2,1,,,1,,6,7,,2,1,1,1,3,1,,,,,111,0,,,,,111,,2,60,0,1,"01",2,,,1,1,0,1,260901302,1,21.6071434020996
109,13,,2,25,2,2,2,,,1,,6,111,,2,0,1,1,3,1,,,,,111,0,,,,,111,,2,888,0,1,"01",2,,,1,1,,1,260901302,1,21.6071434020996
109,14,,2,25,2,2,1,,,1,,6,7,,2,1,1,1,3,1,,,,1,,1,,,,,,,3,888,0,1,"01",2,,,1,2,0,4,260901402,1,21.6071434020996
109,15,,2,25,2,2,1,,,,,7,111,,2,1,1,1,3,1,,,,,111,0,,,,,111,,2,100,0,2,"01",1,250000,1,1,3,0,1,260901502,1,21.6071434020996
109,17,,2,25,2,2,1,555,16,,,2,111,,2,1,1,1,3,1,,,,,,1,,,,,,,2,888,0,1,"0102",1,260000,1,1,2,,1,260901702,1,21.6071434020996
109,18,,2,25,2,2,1,,,,,7,4,,2,1,1,1,3,1,1,,,,,1,,,,,,,3,100,0,2,"01",1,500000,0,1,4,0,3,260901802,1,21.6071434020996
110,3,,2,25,2,2,1,555,14,,,111,111,,3,1,1,1,3,0,,,,,,1,,,,,,,2,60,1,3,"02",1,30000,1,0,888,,1,261000302,1,21.6071434020996
111,11,,2,25,2,2,1,,,,,2,111,,3,1,1,1,3,0,,,,1,,1,,,,,,,3,888,0,2,"01",1,248400,1,1,4,,1,261101102,1,21.6071434020996
111,12,,2,25,2,2,1,,,2,,6,111,,2,1,1,1,3,0,,,,1,,1,,,,,,,3,888,0,1,"01",2,,,0,2,,4,261101202,1,21.6071434020996
111,13,,2,25,2,2,1,,,2,,6,111,,2,1,1,1,3,0,,,,1,,1,,,,,,,3,888,0,1,"0102",2,,,1,3,,4,261101302,1,21.6071434020996
111,14,,2,25,2,2,1,,,,,7,6,,3,1,1,1,3,0,,,,1,,1,,,,,,,3,888,0,2,"02",1,93600,1,1,3,0,1,261101402,1,21.6071434020996
111,15,,2,25,2,2,1,,,,,7,6,,3,1,1,1,3,1,,,,1,,1,,,,,,,3,888,0,1,"0102",1,93600,1,1,3,1,1,261101502,1,21.6071434020996
111,16,,2,25,2,2,1,,,,,6,7,,2,1,1,1,3,0,,,,1,,1,,,,,,,3,888,0,1,"01",1,93600,1,1,3,1,1,261101602,1,21.6071434020996
111,17,,2,25,2,2,1,,,,,2,7,,3,1,1,1,4,0,,,,1,,1,,,,,,,3,888,1,2,"01",1,248300,1,1,3,1,1,261101702,1,21.6071434020996
112,12,,2,25,2,2,1,555,3,,,555,3,3,3,1,1,1,3,0,,,,,,1,,,,,,,2,60,1,1,"01",1,30000,1,1,888,,1,261201202,1,21.6071434020996
112,14,,2,25,2,2,1,555,3,,,111,111,,3,1,1,1,3,0,,,,,,1,,,,,,,2,60,0,2,"02",1,30000,1,1,4,,1,261201402,1,21.6071434020996
112,16,,2,25,2,2,1,555,3,,,111,111,,3,1,1,0,3,0,,,,,,1,,,,,,,3,60,1,3,"01",1,91000,1,1,888,,1,261201602,1,21.6071434020996
112,18,,2,25,2,2,1,555,14,1,,111,111,,3,1,1,0,3,0,,,,,,1,,,,,,,3,60,0,1,"01",2,,,1,888,,555,261201802,1,21.6071434020996
113,6,,2,25,2,2,1,,,,,4,6,,2,1,1,1,2,0,,,,1,,1,,,,,,,3,888,0,4,"04",1,30000,0,1,12,0,1,261300602,1,21.6071434020996
113,8,,2,25,2,2,1,,,,,6,111,,3,1,1,1,3,1,,,,1,,1,,,,,,,3,888,1,2,"01",1,93600,1,1,3,,1,261300802,1,21.6071434020996
113,9,,2,25,2,2,1,555,3,,,111,111,,3,1,1,1,3,1,,,,,,1,,,,,,,2,60,1,2,"01",1,2600,1,1,4,,1,261300902,1,21.6071434020996
113,10,,2,25,2,2,1,555,3,,,2,1,,3,1,1,0,3,0,,,,,,1,,,,,,,3,60,1,2,"0102",1,2900,1,1,4,,1,261301002,1,21.6071434020996
113,11,,2,25,2,2,1,555,3,,,2,111,,3,1,1,1,3,0,,,,,,1,,,,,,,2,60,1,2,"01",1,2900,1,1,888,,1,261301102,1,21.6071434020996
113,12,,2,25,2,2,1,555,3,1,,111,111,,3,1,1,1,3,0,,,,,,1,,,,,,,2,60,1,1,"01",2,,,0,888,,555,261301202,1,21.6071434020996
114,5,277.370968,2,26,2,1,1,,,,,111,111,,3,1,1,1,3,0,,,,,111,0,,,,,111,,2,12,1,3,"01",1,90000,0,0,3,,555,271400502,,
115,7,47.3494545964912,2,26,1,1,1,555,3,,,111,111,,3,1,1,1,4,1,,,,,,1,,,,,,,2,120,1,5,"01",1,140000,1,1,12,,1,271500702,,
118,12,1072.90390045249,2,26,2,1,1,555,3,,,1,4,,3,1,3,1,3,1,,,,,,1,,,,,,,2,12,1,1,"01",1,30000,0,0,888,0,1,271801202,,
120,7,466.49658,2,27,1,1,1,,,,,111,111,,1,1,3,1,1,0,,,,,111,0,,,,,111,,1,,,1,"02",1,25000,1,0,3,,4,282000702,,
120,15,466.49658,2,27,1,1,1,,,3,,111,111,,3,1,1,1,9,0,1,,,,,1,,,,,,,3,888,1,1,"01",2,,,0,12,,3,282001502,,
121,9,1083.059,2,27,2,1,1,,,,,3,111,,3,1,1,1,5,1,,,,,111,0,,,,,111,,2,888,1,2,"01",1,35000,1,0,4,,4,282100902,,
121,11,1083.059,2,27,2,1,1,,,,,111,111,,1,1,1,0,1,0,,,,,111,0,,,,,111,,1,,,2,"02",1,25000,1,1,3,,555,282101102,,
121,12,1083.059,2,27,2,1,1,,,,,111,111,,2,1,1,1,4,1,1,,,,,1,,,,,,,3,100,1,8,"01",1,466800,1,1,12,,1,282101202,,
122,3,1119.49942857143,2,27,2,1,1,555,3,,,4,3,,3,1,1,1,3,0,,,,,,1,,,,,,,2,25,1,2,"01",1,30000,1,1,5,1,1,282200302,,
122,18,1119.49942857143,2,27,2,1,1,,,,,111,111,,1,1,1,1,1,1,1,,,,,1,,,,,,,3,888,1,3,"01",1,2750,1,1,4,,555,282201802,,
124,5,52.301571,2,27,1,1,1,,,3,,111,111,,3,1,1,1,2,1,,,,,111,0,,,,,111,,2,12,1,1,"0102",2,,,0,12,,4,282400502,,
124,12,249.0551,2,27,1,1,1,,,,,111,111,,3,1,1,1,4,1,,,,,111,0,,,,,111,,2,12,1,4,"02",1,5000,1,1,2,,1,282401202,,
125,10,1360.23511077158,2,27,2,1,1,555,3,1,,111,111,,3,1,1,1,3,1,,,,,,1,,,,,,,2,50,1,1,"01",2,,,1,5,,3,282501002,,
125,12,1360.23511077158,2,27,2,1,1,555,3,1,,111,111,,3,1,1,1,3,1,,,,,,1,,,,,,,2,50,1,1,"01",2,,,1,4,,3,282501202,,
125,13,1360.23511077158,2,27,2,1,1,555,18,,,4,1,,3,1,1,1,3,0,,,,,,1,,,,,,,2,50,1,5,"0102",1,145000,1,1,5,0,1,282501302,,
125,15,1360.23511077158,2,27,2,1,1,,,,,111,111,,3,1,1,1,6,1,1,,,,,1,,,,,,,3,100,1,1,"01",1,580000,0,0,12,,2,282501502,,
125,16,1360.23511077158,2,27,2,1,2,,,3,,111,111,,1,0,1,0,2,1,1,,,,,1,,,,,,,3,100,1,2,"0102",2,,,0,888,,3,282501602,,
125,16,1360.23511077158,2,27,2,1,1,,,,,2,4,,3,1,1,1,2,1,1,,,,,1,,,,,,,3,100,1,6,"0102",1,250000,1,0,10,0,1,282501602,,
127,4,1240.29181333333,2,28,2,1,1,555,16,2,,6,5,,2,1,1,1,2,1,,,,,,1,,,,,,,2,888,0,2,"01",2,,,0,6,1,3,292700402,,
127,4,1240.29181333333,2,28,2,1,2,,,,,111,111,,1,0,1,0,1,0,,,,,111,0,,,,,111,,1,,,2,"01",1,15000,1,0,2,,1,292700402,,
127,13,1500.353,2,28,2,1,1,555,17,,,4,6,,2,1,1,1,3,1,,,,,,1,,,,,,,2,12,0,2,"0102",1,2500,0,0,1,1,3,292701302,,
127,13,1500.353,2,28,2,1,2,,,3,,111,111,,2,0,1,1,1,0,,,,,111,0,,,,,111,,1,,,2,"01",2,,,0,3,,4,292701302,,
127,15,1240.29181333333,2,28,2,1,1,,,2,,3,4,,2,1,1,0,3,0,,,,,111,0,,,,,111,,2,10,0,5,"0102",2,,,1,5,0,2,292701502,,
127,18,1240.29181333333,2,28,2,1,1,,,,,7,1,,3,1,1,0,3,0,,,,,111,0,,,,,111,,3,888,1,4,"01",1,30000,1,0,4,0,1,292701802,,
128,5,343.71137921458,2,28,1,1,1,,,,,3,6,,1,1,1,0,1,0,,,,,111,0,,,,,111,,1,,,1,"02",1,5000,0,0,3,,555,292800502,,
128,11,343.71137921458,2,28,1,1,1,,,,,1,6,,2,1,1,1,3,1,,,,,111,0,,,,,111,,2,70,0,3,"01",1,90000,1,1,4,,2,292801102,,
128,13,343.71137921458,2,28,1,1,1,,,1,,555,111,5,1,0,1,0,1,0,,,,,111,0,,,,,111,,1,,,2,"02",2,,,0,7,,555,292801302,,
128,13,343.71137921458,2,28,1,1,2,,,1,,3,111,,1,1,1,0,1,0,,,,,111,0,,,,,111,,1,,,5,"0304",2,,,0,7,,555,292801302,,
129,3,892.101,2,28,2,1,1,555,18,,,4,1,,1,1,1,1,1,0,,,,,,1,,,,,,,1,,,1,"01",1,5000,1,0,3,0,1,292900302,,
129,3,892.101,2,28,2,1,2,,,1,,1,3,,3,0,1,1,1,0,,,,,111,0,,,,,111,,1,,,1,"01",2,,,0,2,,2,292900302,,
129,4,892.101,2,28,2,1,1,,,,,1,3,,1,1,3,0,1,0,,,,,111,0,,,,,111,,1,,,1,"01",1,2000,0,0,3,,3,292900402,,
129,9,892.101,2,28,2,1,1,555,15,1,,1,3,,1,1,3,0,1,0,,,,,,1,,,,,,,1,,,2,"01",2,,,0,1,,2,292900902,,
129,10,892.101,2,28,2,1,1,555,18,,,7,111,,3,1,1,1,3,0,,,,,,1,,,,,,,2,50,0,2,"01",1,30000,1,1,3,0,1,292901002,,
129,10,892.101,2,28,2,1,2,,,1,,111,111,,1,0,1,0,1,0,,,,,111,0,,,,,111,,1,,,1,"04",2,,,0,1,,4,292901002,,
129,10,892.101,2,28,2,1,3,,,,,7,111,,3,0,1,1,3,0,,,,,111,0,,,,,111,,2,50,0,2,"01",1,243600,1,0,3,0,1,292901002,,
129,12,892.101,2,28,2,1,2,,,,,1,4,,2,1,1,1,3,1,,,,,111,0,,,,,111,,2,888,0,2,"0102",1,84000,1,1,4,,1,292901202,,
129,12,892.101,2,28,2,1,1,,,,,1,111,,1,0,1,0,1,0,,,,,111,0,,,,,111,,1,,,4,"0102",1,5000,0,0,3,0,1,292901202,,
129,14,892.101,2,28,2,1,1,555,18,,,2,3,,2,0,1,1,3,0,,,,,,1,,,,,,,2,24,0,3,"01",1,80000,1,0,12,,1,292901402,,
129,14,892.101,2,28,2,1,2,555,18,,,2,3,,2,1,1,1,3,0,,,,,,1,,,,,,,2,24,0,3,"0102",1,80000,1,0,12,,1,292901402,,
129,14,892.101,2,28,2,1,3,,,,,2,3,,2,0,1,1,3,0,,,,,111,0,,,,,111,,2,24,0,3,"0102",1,80000,1,0,12,,1,292901402,,
129,17,892.101,2,28,2,1,1,,,4,,111,111,,1,1,1,0,1,1,,,,,111,0,,,,,111,,1,,,2,"01",2,,,0,2,,3,292901702,,
130,1,229.0288,2,28,1,1,1,,,1,,1,4,,1,1,1,0,1,0,,,,,111,0,,,,,111,,1,,,1,"01",2,,,0,2,0,555,293000102,,
130,3,229.0288,2,28,1,1,1,,,2,,6,111,,1,1,1,0,1,0,,,,,111,0,,,,,111,,1,,,2,"02",2,,,1,4,,555,293000302,,
130,5,229.0288,2,28,1,1,1,,,,,2,5,,2,1,1,1,3,1,,,,,111,0,,,,,111,,2,888,0,2,"01",1,85000,1,0,12,0,4,293000502,,
130,8,229.0288,2,28,1,1,1,,,4,,6,7,,1,1,1,0,1,0,,,,,111,0,,,,,111,,1,,,3,"01",2,,,0,4,0,3,293000802,,
130,10,229.0288,2,28,1,1,1,,,,,2,4,,2,1,1,1,3,1,,,,,111,0,,,,,111,,2,17,0,3,"0102",1,180000,1,1,24,1,1,293001002,,
130,11,229.0288,2,28,1,1,1,,,,,111,111,,2,0,1,0,3,0,,,,,111,0,,,,,111,,1,,,7,"01",1,8000,1,0,3,,1,293001102,,
130,11,229.0288,2,28,1,1,3,,,,,111,111,,2,0,1,0,2,0,,,,,111,0,,,,,111,,3,50,0,7,"01",1,14000,1,0,3,,1,293001102,,
130,11,229.0288,2,28,1,1,2,,,,,111,111,,1,1,3,1,3,0,1,,,,,1,,,,,,,3,50,0,7,"01",1,14000,1,0,4,,1,293001102,,
130,12,229.0288,2,28,1,1,1,,,1,,2,111,,3,1,1,1,4,1,1,,,1,,1,,,,,,,3,50,0,1,"02",2,,,0,24,,1,293001202,,
130,14,229.0288,2,28,1,1,1,,,,,3,7,,2,1,1,1,4,0,,,,,111,0,,,,,111,,2,17,1,4,"01",1,4800,1,1,4,0,1,293001402,,
130,15,229.0288,2,28,1,1,1,,,2,,111,111,,2,1,1,1,2,0,,,,,111,0,,,,,111,,2,60,0,2,"01",2,,,0,8,,3,293001502,,
130,18,229.0288,2,28,1,1,1,,,,,2,111,,3,0,1,1,5,0,1,,,1,,1,,,,,,,3,50,0,5,"01",1,26000,1,0,24,,1,293001802,,
130,18,229.0288,2,28,1,1,2,,,,,2,111,,3,1,1,1,5,1,1,,,1,,1,,,,,,,3,50,0,5,"0102",1,26000,1,0,24,,1,293001802,,
130,20,229.0288,2,28,1,1,2,555,3,,,4,7,,1,0,1,0,3,0,,,,,,1,,,,,,,1,,,2,"0102",1,37000,1,0,3,0,1,293002002,,
130,20,229.0288,2,28,1,1,1,555,14,,,3,6,,3,1,1,1,3,0,,,,,,1,,,,,,,2,32,0,2,"0102",1,37000,1,0,4,,1,293002002,,
130,20,229.0288,2,28,1,1,3,,,,,111,111,,1,0,1,0,1,0,,,,,111,0,,,,,111,,1,,,2,"0102",1,5000,0,0,3,,1,293002002,,
130,21,229.0288,2,28,1,1,1,555,14,4,,1,7,,2,1,1,1,3,0,,,,,,1,,,,,,,2,32,0,1,"0102",2,,,0,4,0,3,293002102,,
131,10,1149.95715066964,2,28,2,1,1,555,18,,,111,111,,3,1,1,1,3,1,,,,,,1,,,,,,,2,50,0,1,"01",1,7200,1,0,4,,1,293101002,,
131,11,1149.95715066964,2,28,2,1,1,,,2,,1,3,,3,1,1,0,2,0,,,,,111,0,,,,,111,,3,888,0,2,"01",2,,,0,1,,1,293101102,,
131,12,1149.95715066964,2,28,2,1,1,,,,,2,4,,2,1,3,1,4,0,,,,,111,0,,,,,111,,2,5,0,5,"01",1,220000,1,1,6,0,1,293101202,,
131,13,1149.95715066964,2,28,2,1,1,,,1,,1,6,,1,1,1,0,1,0,,,,,111,0,,,,,111,,1,,,4,"030405",2,,,0,2,,3,293101302,,
131,13,1149.95715066964,2,28,2,1,2,,,,,2,4,,3,0,3,1,3,0,,,,,111,0,,,,,111,,2,12,0,1,"01",1,100000,1,1,3,0,1,293101302,,
131,15,1149.95715066964,2,28,2,1,4,,,555,1,111,111,,1,0,1,0,1,1,,,,,111,0,,,,,111,,1,,,2,"0102",2,,,1,2,,4,293101502,,
131,15,1149.95715066964,2,28,2,1,5,,,,,6,7,,2,0,3,0,1,0,,,,,111,0,,,,,111,,1,,,2,"01",1,15000,0,0,1,,3,293101502,,
131,15,1149.95715066964,2,28,2,1,1,,,,,111,111,,3,1,1,1,3,1,,,,,111,0,,,,,111,,2,888,0,3,"0102",1,6000,1,1,9,,1,293101502,,
131,15,1149.95715066964,2,28,2,1,2,,,,,111,111,,1,0,1,0,1,0,,,,,111,0,,,,,111,,1,,,1,"01",1,2000,1,1,2,,3,293101502,,
131,15,1149.95715066964,2,28,2,1,3,,,,,111,111,,1,0,1,0,1,0,,,,,111,0,,,,,111,,1,,,2,"01",1,20000,0,1,3,0,1,293101502,,
131,17,1149.95715066964,2,28,2,1,1,,,,,111,111,,2,1,1,0,2,0,,,,,111,0,,,,,111,,2,20,0,1,"01",1,10000,1,0,3,,1,293101702,,
132,10,1520.222,2,28,2,1,2,,,,,1,111,,3,1,1,1,3,1,,,,,111,0,,,,,111,,2,14,0,2,"01",1,80000,1,0,4,0,1,293201002,,
132,10,1520.222,2,28,2,1,1,,,,,6,4,,1,0,1,0,1,0,,,,,111,0,,,,,111,,1,,,2,"01",1,7000,1,0,2,,555,293201002,,
132,12,1520.222,2,28,2,1,2,,,3,,111,111,,3,0,1,0,2,0,,,,,111,0,,,,,111,,3,888,0,6,"01",2,,,0,1,,4,293201202,,
132,12,1520.222,2,28,2,1,1,,,,,6,111,,2,1,1,1,2,1,,,,,111,0,,,,,111,,2,17,0,6,"01",1,2000,1,0,5,,1,293201202,,
132,16,1520.222,2,28,2,1,1,555,16,,,4,111,,3,1,1,1,3,1,,,,,,1,,,,,,,2,50,0,1,"01",1,5700,1,0,888,0,1,293201602,,
133,1,239.098475138122,2,28,1,1,1,555,17,,,3,111,,3,1,1,1,3,1,,,,,,1,,,,,,,2,12,1,3,"0102",1,75000,1,1,4,,1,293300102,,
133,20,239.098475138122,2,28,1,1,1,555,16,,,4,1,,2,1,1,0,3,0,,,,,,1,,,,,,,2,17,1,3,"01",1,10000,1,1,6,0,1,293302002,,
134,2,13.9770985339988,2,28,1,1,2,,,,,111,111,,3,1,1,1,4,1,1,,,,,1,,,,,,,3,888,1,2,"01",1,5700,1,1,12,,1,293400202,,
134,2,13.9770985339988,2,28,1,1,1,,,,,3,111,,1,0,1,0,1,0,,,,,111,0,,,,,111,,1,,,3,"02",1,7000,0,1,8,,3,293400202,,
135,1,69.0437322727273,3,31,2,3,1,,,,,111,111,,3,1,1,0,3,0,,,,,111,0,,,,,111,,3,888,0,1,"02",1,20000,0,0,12,,3,323500103,,
135,2,69.0437322727273,3,31,2,3,1,,,,,111,111,,3,1,1,1,1,0,,,,,111,0,,,,,111,,1,,,3,"0102",1,4500,0,0,6,,3,323500203,,
135,3,69.0437322727273,3,31,2,3,2,555,18,,,111,111,,3,0,1,1,2,1,,,,,,1,,,,,,,2,15,0,1,"01",1,12000,0,0,888,,555,323500303,,
135,3,69.0437322727273,3,31,2,3,1,,,,,7,3,,2,1,1,0,3,0,,,,,111,0,,,,,111,,2,15,0,1,"01",1,25000,0,0,20,0,1,323500303,,
135,15,69.0437322727273,3,31,2,3,1,,,1,,3,1,,2,1,1,1,3,1,,,,,111,0,,,,,111,,2,888,0,6,"01",2,,,0,3,,1,323501503,,
135,16,69.0437322727273,3,31,2,3,1,,,2,,1,3,,2,1,1,1,3,1,,,,,111,0,,,,,111,,2,50,0,3,"01",2,,,0,2,,1,323501603,,
136,1,55.98943,3,31,2,3,2,555,17,1,,111,111,,1,0,1,0,3,0,,,,,,1,,,,,,,,888,0,1,"01",2,,,0,3,,1,323600103,,
136,1,55.98943,3,31,2,3,1,,,,,3,5,,2,1,3,1,3,1,,,,,111,0,,,,,111,,2,888,0,1,"01",1,10000,1,1,2,1,1,323600103,,
136,3,55.98943,3,31,2,3,1,555,14,,,111,111,,3,1,1,1,6,1,,,,,,1,,,,,,,2,12,0,7,"0102",1,30000,1,0,24,,3,323600303,,
136,3,55.98943,3,31,2,3,2,555,14,,,111,111,,3,0,1,1,3,1,,,,,,1,,,,,,,2,12,0,5,"0102",1,43000,1,0,12,,3,323600303,,
136,8,55.98943,3,31,2,3,1,,,,,1,3,,2,1,1,0,3,0,,,,,111,0,,,,,111,,2,50,0,5,"01",1,80000,1,0,7,,1,323600803,,
136,14,55.98943,3,31,2,3,1,,,,,111,111,,1,1,1,1,1,1,,,,,111,0,,,,,111,,1,,,1,"01",1,2500,0,0,2,,555,323601403,,
137,9,185.2749,3,31,1,1,1,,,,,111,111,,3,1,1,1,3,1,,,,1,,1,,,,,,,3,888,0,1,"01",1,24000,1,0,4,,1,323700903,,
138,9,67.64816,3,31,2,3,1,,,,,1,6,,2,1,1,0,2,0,,,,,111,0,,,,,111,,2,888,0,2,"02",1,30000,0,1,3,,4,323800903,,
138,10,67.64816,3,31,2,3,1,555,17,,,111,111,,1,1,1,1,1,1,,,,,,1,,,,,,,1,,,20,"01",1,28000,1,1,12,,3,323801003,,
138,16,67.64816,3,31,2,3,1,555,14,2,,6,111,,2,1,1,1,3,1,,,,,,1,,,,,,,2,60,0,5,"0102",2,,,1,12,,4,323801603,,
138,17,67.64816,3,31,2,3,1,,,2,,111,111,,2,1,1,1,3,0,,,,,111,0,,,,,111,,2,888,0,20,"01",2,,,1,12,,2,323801703,,
138,18,67.64816,3,31,2,3,1,,,,,111,111,,3,1,1,1,4,0,,,,,111,0,,,,,111,,2,888,0,6,"01",1,130000,1,1,4,,1,323801803,,
138,19,67.64816,3,31,2,3,1,555,18,,,6,1,,1,1,1,0,1,0,,,,,,1,,,,,,,1,,,1,"02",1,15000,0,1,2,,4,323801903,,
139,5,24.5736306818182,3,31,2,3,1,555,9,,,4,3,,1,1,3,0,1,0,,,,,,1,,,,,,,1,,,1,"02",1,25000,0,0,4,0,1,323900503,,
139,7,24.5736306818182,3,31,2,3,1,,,4,,1,111,,2,1,1,1,3,1,,,,,111,0,,,,,111,,2,20,0,1,"01",2,,,1,6,,555,323900703,,
139,9,24.5736306818182,3,31,2,3,1,,,,,7,6,,1,1,1,0,1,0,,,,,111,0,,,,,111,,1,,,7,"01",1,29000,1,1,4,0,555,323900903,,
139,11,24.5736306818182,3,31,2,3,1,,,,,4,7,,1,1,1,1,1,1,,,,,111,0,,,,,111,,1,,,3,"01",1,18000,1,1,2,0,4,323901103,,
140,1,84.8561658385093,3,31,2,3,1,,,,,111,111,,1,1,1,0,1,0,,,,,111,0,,,,,111,,1,,,3,"01",1,27500,1,0,4,,555,324000103,,
141,8,65.05402,3,31,2,3,1,,,,,1,111,,1,1,1,0,1,0,,,,,111,0,,,,,111,,1,,,7,"01",1,31000,1,1,3,,3,324100803,,
141,9,65.05402,3,31,2,3,1,,,,,111,111,,1,1,1,1,1,0,,,,,111,0,,,,,111,,1,,,1,"01",1,25000,1,1,12,,3,324100903,,
141,14,65.05402,3,31,2,3,1,555,14,,,3,4,,2,1,1,1,4,0,,,,,,1,,,,,,,2,50,0,6,"02",1,130000,1,1,12,1,2,324101403,,
141,15,65.05402,3,31,2,3,1,,,,,1,3,,3,1,1,1,4,1,1,,,,,1,,,,,,,3,50,0,2,"01",1,402000,1,1,6,,1,324101503,,
141,16,65.05402,3,31,2,3,1,,,,,1,6,,2,1,1,1,3,1,,,,,111,0,,,,,111,,2,888,0,1,"01",1,260000,1,1,5,,1,324101603,,
141,17,65.05402,3,31,2,3,1,,,,,1,4,,1,1,1,0,1,0,,,,,111,0,,,,,111,,1,,,5,"01",1,30000,1,1,4,1,2,324101703,,
141,18,65.05402,3,31,2,3,1,555,3,,,6,1,,1,1,1,0,1,0,,,,,,1,,,,,,,1,,,3,"02",1,30000,1,1,12,,555,324101803,,
142,3,56.9154581043956,3,31,2,3,1,555,3,,,4,111,,1,1,1,0,1,0,,,,,,1,,,,,,,1,,,2,"01",1,20000,0,0,888,0,1,324200303,,
142,7,56.9154581043956,3,31,2,3,1,,,,,2,6,,1,1,1,0,1,0,,,,,111,0,,,,,111,,1,,,2,"01",1,29500,1,0,3,,4,324200703,,
142,9,75.33537,3,31,2,3,1,,,,,111,111,,3,1,1,1,6,1,1,,,,,1,,,,,,,3,55,1,5,"01",1,764000,1,1,24,,2,324200903,,
142,13,75.33537,3,31,2,3,1,,,,,555,111,5,3,1,1,1,5,1,1,,,,,1,,,,,,,3,55,1,7,"01",1,720000,0,1,24,,2,324201303,,
142,16,56.9154581043956,3,31,2,3,1,555,3,,,3,2,,1,1,1,1,1,0,,,,,,1,,,,,,,1,,,2,"01",1,20000,1,0,4,,555,324201603,,
142,17,75.33537,3,31,2,3,1,555,9,,,3,2,,2,1,1,1,3,0,,,,,,1,,,,,,,2,20,0,4,"01",1,450000,1,1,3,,1,324201703,,
143,4,2033.97452747253,3,31,2,1,1,,,3,,3,111,,2,1,1,0,3,0,,,,,111,0,,,,,111,,2,888,0,1,"02",2,,,0,12,,4,324300403,,
143,8,2033.97452747253,3,31,2,1,1,,,,,111,111,,1,1,1,0,1,0,,,,,111,0,,,,,111,,1,,,5,"01",1,31000,1,1,6,,3,324300803,,
143,10,2033.97452747253,3,31,2,1,1,,,,,111,111,,1,1,1,0,1,0,,,,,111,0,,,,,111,,1,,,3,"01",1,29000,1,1,5,,3,324301003,,
144,8,85.5889524210526,3,31,2,3,1,555,9,,,1,6,,1,1,1,0,1,0,,,,,,1,,,,,,,1,,,7,"01",1,16000,1,0,5,,1,324400803,,
144,16,85.5889524210526,3,31,2,3,1,555,18,,,111,111,,1,1,1,1,1,0,,,,,,1,,,,,,,1,,,2,"04",1,18000,0,0,5,,3,324401603,,
145,5,1774.622,3,31,2,1,1,,,,,111,111,,1,1,1,1,1,0,,,,,111,0,,,,,111,,1,,,7,"01",1,19000,1,1,5,,3,324500503,,
146,6,259.8435,3,31,1,1,1,555,3,,,111,111,,3,0,1,0,3,1,,,,,,1,,,,,,,3,888,0,2,"01",1,95000,0,0,5,,2,324600603,,
146,6,259.8435,3,31,1,1,2,555,17,,,111,111,,3,1,1,0,4,1,,,,,,1,,,,,,,3,888,0,1,"01",1,80000,1,0,4,,2,324600603,,
146,10,259.8435,3,31,1,1,1,555,18,,,111,111,,3,1,1,1,2,1,,,,,,1,,,,,,,2,888,1,1,"01",1,95000,1,1,4,,1,324601003,,
146,13,259.8435,3,31,1,1,3,,,1,,111,111,,2,0,1,0,1,1,,,,,111,0,,,,,111,,1,,,1,"01",2,,,0,3,,1,324601303,,
146,13,259.8435,3,31,1,1,1,,,,,1,111,,2,0,1,1,6,1,1,,,,,1,,,,,,,3,888,0,4,"01",1,10000,0,1,12,,1,324601303,,
146,13,259.8435,3,31,1,1,2,,,,,1,111,,2,1,1,1,13,1,1,,,,,1,,,,,,,3,888,1,5,"01",1,10000,0,1,12,,1,324601303,,
147,2,58.42857,3,31,2,3,1,555,8,,,4,6,,1,1,1,0,1,0,,,,,,1,,,,,,,1,,,3,"01",1,20000,0,0,2,0,2,324700203,,
147,7,58.42857,3,31,2,3,1,555,3,,,6,1,,1,1,1,0,3,0,,,,,,1,,,,,,,1,,,3,"01",1,30000,1,0,4,,1,324700703,,
147,8,58.42857,3,31,2,3,1,555,3,,,1,4,,1,1,1,0,1,0,,,,,,1,,,,,,,1,,,5,"01",1,15000,1,0,10,0,1,324700803,,
147,9,58.42857,3,31,2,3,1,555,3,,,6,4,,1,1,1,0,3,0,,,,,,1,,,,,,,1,,,1,"01",1,8000,1,0,4,0,1,324700903,,
147,15,58.42857,3,31,2,3,1,,,,,111,111,,3,1,1,1,4,1,,,,1,,1,,,,,,,3,888,0,2,"01",1,150000,1,1,4,,4,324701503,,
147,16,58.42857,3,31,2,3,1,,,,,111,111,,3,1,1,1,3,0,,,,1,,1,,,,,,,3,220,0,1,"02",1,8000,1,0,4,,3,324701603,,
147,18,58.42857,3,31,2,3,1,,,,,111,111,,3,1,1,1,3,0,,,,1,,1,,,,,,,3,888,0,2,"02",1,85000,1,1,3,,3,324701803,,
149,2,19.84271,3,31,2,3,1,,,,,111,111,,1,1,1,0,1,0,,,,,111,0,,,,,111,,1,,,4,"01",1,72000,1,1,4,,1,324900203,,
149,5,19.84271,3,31,2,3,1,555,14,,,111,111,,1,1,1,1,3,0,,,,,,1,,,,,,,2,10,0,5,"0102",1,74500,1,1,4,,1,324900503,,
149,7,19.84271,3,31,2,3,1,,,,,3,6,,2,1,1,1,3,0,,,,,111,0,,,,,111,,2,888,0,1,"0102",1,95000,1,0,12,,3,324900703,,
149,14,19.84271,3,31,2,3,1,,,,,111,111,,2,1,1,0,3,0,,,,,111,0,,,,,111,,2,888,1,1,"01",1,75000,1,0,3,,1,324901403,,
150,4,1244.887,3,31,2,1,1,,,3,,111,111,,3,1,1,0,3,0,,,,,111,0,,,,,111,,3,888,0,3,"01",2,,,0,8,,2,325000403,,
150,9,1244.887,3,31,2,1,1,555,16,,,111,111,,3,1,1,1,3,0,,,,,,1,,,,,,,2,11,0,1,"01",1,45000,0,1,12,,3,325000903,,
150,9,1244.887,3,31,2,1,2,555,16,,,111,111,,2,0,1,1,2,1,,,,,,1,,,,,,,2,888,0,5,"01",1,25000,1,1,4,,3,325000903,,
150,10,1244.887,3,31,2,1,1,555,9,,,555,555,10,1,1,1,0,1,0,,,,,,1,,,,,,,1,,,5,"01",1,74000,1,1,12,,1,325001003,,
150,11,1244.887,3,31,2,1,3,,,,,6,111,,2,0,1,1,4,1,,,,,111,0,,,,,111,,2,888,1,2,"01",1,100000,0,0,4,,1,325001103,,
150,11,1244.887,3,31,2,1,4,,,,,6,111,,2,0,1,1,3,1,,,,,111,0,,,,,111,,2,888,1,2,"01",1,100000,0,0,3,,1,325001103,,
150,11,1244.887,3,31,2,1,5,,,,,111,111,,2,0,1,1,3,1,,,,,111,0,,,,,111,,2,888,1,2,"01",1,100000,0,0,4,,1,325001103,,
150,11,1244.887,3,31,2,1,2,,,,,111,111,,2,0,1,1,3,1,,,,,111,0,,,,,111,,2,888,0,2,"01",1,100000,0,0,4,,1,325001103,,
150,11,1244.887,3,31,2,1,1,,,,,6,111,,2,1,1,1,4,1,,,,,111,0,,,,,111,,2,888,1,2,"01",1,100000,0,1,3,,1,325001103,,
150,13,1244.887,3,31,2,1,1,,,,,111,111,,1,1,1,0,1,0,,,,,111,0,,,,,111,,1,,,1,"0102",1,30000,1,0,4,,1,325001303,,
150,14,1244.887,3,31,2,1,1,,,,,111,111,,3,1,1,1,2,1,,,,,111,0,,,,,111,,2,15,0,1,"01",1,200000,1,1,10,,1,325001403,,
150,15,1244.887,3,31,2,1,1,,,,,111,111,,1,1,1,0,1,0,,,,,111,0,,,,,111,,1,,,5,"01",1,22000,1,1,3,,1,325001503,,
150,20,1244.887,3,31,2,1,1,,,,,1,3,,2,1,1,1,3,1,,,,,111,0,,,,,111,,2,72,0,2,"01",1,85000,1,1,3,,2,325002003,,
151,1,,3,31,2,2,1,555,15,,,6,1,,1,1,1,0,1,0,,,,,,1,,,,,,,1,,,1,"01",1,15000,0,0,3,,3,325100103,2,22.3819446563721
151,3,,3,31,2,2,2,555,15,,,1,7,,1,1,3,0,4,0,,,,,,1,,,,,,,1,,,1,"0102",1,30000,1,0,4,,1,325100303,2,22.3819446563721
151,3,,3,31,2,2,1,555,15,,,6,1,,3,0,1,0,1,0,,,,,,1,,,,,,,3,888,0,1,"01",1,25000,0,1,4,0,1,325100303,2,22.3819446563721
151,9,,3,31,2,2,1,555,3,,,111,111,,3,1,1,0,2,0,,,,,,1,,,,,,,3,888,0,1,"01",1,10000,0,1,2,,3,325100903,2,22.3819446563721
151,10,,3,31,2,2,1,,,,,7,111,,3,1,1,0,3,1,1,,,,,1,,,,,,,3,888,0,3,"01",1,85000,1,0,2,0,1,325101003,2,22.3819446563721
151,11,,3,31,2,2,1,555,3,,,111,111,,3,1,1,0,1,0,,,,,,1,,,,,,,3,888,0,1,"01",1,8000,1,0,2,,3,325101103,2,22.3819446563721
151,14,,3,31,2,2,1,555,9,,,2,111,,2,1,1,1,4,1,,,,,,1,,,,,,,2,20,0,5,"01",1,95000,1,1,12,,1,325101403,2,22.3819446563721
151,15,,3,31,2,2,1,,,,,1,6,,2,1,1,0,2,0,,,,,111,0,,,,,111,,2,6,0,4,"01",1,33500,1,1,3,,1,325101503,2,22.3819446563721
152,8,,3,31,2,2,1,,,,,111,111,,3,1,1,0,4,0,,,,,111,0,,,,,111,,3,888,0,3,"02",1,95000,1,1,4,,3,325200803,2,22.3819446563721
152,9,,3,31,2,2,1,,,,,1,111,,1,1,1,0,1,0,,,,,111,0,,,,,111,,1,,,1,"01",1,3000,1,0,2,,555,325200903,2,22.3819446563721
152,12,,3,31,2,2,1,,,,,1,111,,3,1,1,0,3,0,,,,,111,0,,,,,111,,3,888,0,1,"01",1,30000,1,1,3,,3,325201203,2,22.3819446563721
152,15,,3,31,2,2,1,555,3,2,,1,3,,3,1,1,0,3,0,,,,,,1,,,,,,,3,888,0,3,"01",2,,,0,3,,4,325201503,2,22.3819446563721
152,16,,3,31,2,2,1,,,3,,111,111,,3,1,1,0,3,0,,,,,111,0,,,,,111,,3,60,0,1,"02",2,,,0,3,,2,325201603,2,22.3819446563721
152,17,,3,31,2,2,1,,,,,111,111,,3,1,1,1,4,0,,,,,111,0,,,,,111,,2,888,0,1,"01",1,30000,1,0,4,,2,325201703,2,22.3819446563721
153,1,,3,31,2,2,1,555,3,,,6,4,,2,1,1,0,3,0,,,,,,1,,,,,,,2,12,0,1,"04",1,10000,0,0,3,0,1,325300103,2,22.3819446563721
153,2,,3,31,2,2,1,555,3,,,4,2,,2,1,1,0,3,0,,,,,,1,,,,,,,2,20,0,2,"02",1,50000,1,1,6,0,1,325300203,2,22.3819446563721
153,4,,3,31,2,2,1,,,,,2,4,,2,1,1,0,3,0,,,,,111,0,,,,,111,,2,20,0,5,"03",1,10000,0,0,24,1,1,325300403,2,22.3819446563721
153,7,,3,31,2,2,1,555,15,,,4,1,,1,1,1,0,1,0,,,,,,1,,,,,,,1,,,1,"01",1,10000,0,0,6,0,1,325300703,2,22.3819446563721
153,8,,3,31,2,2,1,555,3,3,,6,4,,1,1,1,0,1,0,,,,,,1,,,,,,,1,,,5,"01",2,,,0,5,0,4,325300803,2,22.3819446563721
153,9,,3,31,2,2,1,555,9,,,4,111,,1,1,1,0,3,0,,,,,,1,,,,,,,1,,,2,"01",1,30000,1,0,888,0,1,325300903,2,22.3819446563721
153,10,,3,31,2,2,1,555,3,,,4,111,,1,1,1,0,1,0,,,,,,1,,,,,,,1,,,1,"01",1,10000,1,0,888,0,1,325301003,2,22.3819446563721
153,11,,3,31,2,2,1,555,14,3,,6,1,,1,1,1,0,1,0,,,,,,1,,,,,,,1,,,5,"01",2,,,0,15,,4,325301103,2,22.3819446563721
153,12,,3,31,2,2,1,555,3,3,,4,6,,1,1,1,0,1,0,,,,,,1,,,,,,,1,,,5,"01",2,,,0,3,0,4,325301203,2,22.3819446563721
153,15,,3,31,2,2,1,555,3,3,,555,111,10,3,1,1,0,2,0,,,,,,1,,,,,,,3,888,0,2,"01",2,,,0,2,,3,325301503,2,22.3819446563721
154,1,,3,31,2,2,1,,,3,,1,111,,3,1,1,1,2,0,,,,,111,0,,,,,111,,2,888,0,2,"02",2,,,0,3,,4,325400103,2,22.3819446563721
154,3,,3,31,2,2,1,,,1,,1,111,,1,1,1,0,1,0,,,,,111,0,,,,,111,,1,,,8,"01",2,,,1,4,,3,325400303,2,22.3819446563721
155,1,,3,31,2,2,1,,,,,1,4,,2,1,1,0,2,0,,,,,111,0,,,,,111,,2,888,0,1,"01",1,30000,1,0,2,0,1,325500103,2,22.3819446563721
155,2,,3,31,2,2,1,,,3,,111,111,,1,1,1,0,1,0,,,,,111,0,,,,,111,,1,,,2,"01",2,,,0,3,,3,325500203,2,22.3819446563721
155,4,,3,31,2,2,1,,,3,,4,111,,2,1,1,1,6,1,,,,,111,0,,,,,111,,2,888,0,1,"01",2,,,0,6,0,3,325500403,2,22.3819446563721
155,5,,3,31,2,2,1,,,,,4,1,,2,1,1,0,2,0,,,,,111,0,,,,,111,,2,888,0,1,"01",1,25000,1,0,2,0,4,325500503,2,22.3819446563721
155,6,,3,31,2,2,1,,,,,111,111,,2,1,1,1,3,1,,,,,111,0,,,,,111,,2,888,0,2,"01",1,30100,0,0,6,,1,325500603,2,22.3819446563721
155,9,,3,31,2,2,1,555,9,1,,111,111,,1,1,1,0,1,0,,,,,,1,,,,,,,1,,,2,"0102",2,,,0,3,,4,325500903,2,22.3819446563721
155,12,,3,31,2,2,1,555,9,,,1,6,,1,1,1,0,1,0,,,,,,1,,,,,,,1,,,2,"01",1,30000,0,0,4,,1,325501203,2,22.3819446563721
155,14,,3,31,2,2,1,,,,,1,111,,1,1,1,0,1,0,,,,,111,0,,,,,111,,1,,,3,"01",1,5000,0,0,1,,3,325501403,2,22.3819446563721
155,15,,3,31,2,2,1,,,1,,111,111,,1,1,1,0,1,0,,,,,111,0,,,,,111,,1,,,8,"01",2,,,0,3,,3,325501503,2,22.3819446563721
155,16,,3,31,2,2,1,,,,,111,111,,3,1,1,1,3,0,,,,,111,0,,,,,111,,2,888,0,3,"01",1,110000,0,0,4,,3,325501603,2,22.3819446563721
155,18,,3,31,2,2,1,,,3,,1,111,,1,1,1,0,1,0,,,,,111,0,,,,,111,,1,,,1,"01",2,,,0,2,,3,325501803,2,22.3819446563721
156,7,,3,31,2,2,1,555,18,,,111,111,,3,1,1,1,5,1,,,,1,,1,,,,,,,3,888,1,4,"01",1,85000,0,1,6,,2,325600703,2,22.3819446563721
156,8,,3,31,2,2,1,555,16,,,7,111,,3,1,1,1,4,1,,,,,,1,,,,,,,2,17,1,2,"02",1,85000,0,1,6,0,1,325600803,2,22.3819446563721
156,9,,3,31,2,2,1,555,16,,,7,111,,3,1,1,1,2,0,,,,,,1,,,,,,,2,888,1,2,"01",1,40000,1,1,5,0,1,325600903,2,22.3819446563721
156,11,,3,31,2,2,1,555,3,3,,7,111,,3,1,1,0,3,0,,,,,,1,,,,,,,3,888,0,1,"01",2,,,0,3,0,1,325601103,2,22.3819446563721
156,12,,3,31,2,2,1,555,3,,,7,111,,3,1,1,0,2,0,,,,,,1,,,,,,,3,888,0,1,"01",1,9000,0,0,3,0,1,325601203,2,22.3819446563721
156,17,,3,31,2,2,1,,,,,111,111,,2,1,1,1,3,1,,,,,111,0,,,,,111,,2,20,0,1,"01",1,30000,1,1,24,,1,325601703,2,22.3819446563721
156,18,,3,31,2,2,1,555,3,,,3,6,,2,1,1,0,2,0,,,,,,1,,,,,,,2,12,0,1,"01",1,10000,0,0,2,,1,325601803,2,22.3819446563721
157,1,,3,31,2,2,1,555,3,,,1,2,,2,1,1,0,3,0,,,,,,1,,,,,,,2,20,0,2,"01",1,120000,1,1,12,,1,325700103,2,22.3819446563721
157,2,,3,31,2,2,1,555,9,,,4,6,,2,1,1,1,5,1,,,,,,1,,,,,,,2,20,0,3,"02",1,10000,1,1,6,1,1,325700203,2,22.3819446563721
157,3,,3,31,2,2,1,555,15,,,6,4,,2,1,1,0,2,0,,,,,,1,,,,,,,2,12,0,3,"02",1,50000,1,1,3,1,1,325700303,2,22.3819446563721
157,4,,3,31,2,2,1,555,3,,,2,4,,1,1,1,0,3,0,,,,,,1,,,,,,,1,,,3,"01",1,100000,1,1,12,1,1,325700403,2,22.3819446563721
157,6,,3,31,2,2,1,,,,,3,6,,1,1,1,0,1,0,,,,,111,0,,,,,111,,1,,,4,"01",1,30000,0,0,3,,555,325700603,2,22.3819446563721
157,8,,3,31,2,2,1,555,3,,,111,111,,1,1,1,0,2,0,,,,,,1,,,,,,,1,,,3,"0102",1,50000,1,0,23,,1,325700803,2,22.3819446563721
157,9,,3,31,2,2,1,555,3,3,,111,111,,1,1,1,1,3,0,,,,,,1,,,,,,,2,888,0,4,"01",2,,,0,6,,4,325700903,2,22.3819446563721
157,11,,3,31,2,2,1,555,14,3,,111,111,,1,1,1,0,2,0,,,,,,1,,,,,,,1,,,1,"01",2,,,0,24,,4,325701103,2,22.3819446563721
157,12,,3,31,2,2,1,555,9,,,6,1,,1,1,1,0,1,0,,,,,,1,,,,,,,1,,,1,"01",1,8000,0,0,4,,1,325701203,2,22.3819446563721
157,14,,3,31,2,2,1,555,3,3,,7,111,,2,1,1,0,3,0,,,,,,1,,,,,,,1,,,3,"01",2,,,0,5,0,4,325701403,2,22.3819446563721
157,15,,3,31,2,2,1,,,,,111,111,,3,1,1,1,4,0,,,,1,,1,,,,,,,3,888,1,4,"01",1,85000,1,1,6,,2,325701503,2,22.3819446563721
157,16,,3,31,2,2,1,,,,,7,4,,3,1,1,1,3,1,,,,1,,1,,,,,,,3,888,0,1,"01",1,85000,0,0,6,0,1,325701603,2,22.3819446563721
158,1,,3,31,2,2,1,555,9,,,1,111,,1,1,1,0,1,0,,,,,,1,,,,,,,1,,,2,"01",1,10000,0,0,1,,4,325800103,2,22.3819446563721
158,7,,3,31,2,2,1,555,9,1,,1,111,,1,1,1,0,1,0,,,,,,1,,,,,,,1,,,6,"01",2,,,0,3,,555,325800703,2,22.3819446563721
158,8,,3,31,2,2,1,,,,,4,1,,1,1,1,0,1,0,,,,,111,0,,,,,111,,1,,,4,"01",1,3000,0,0,2,0,555,325800803,2,22.3819446563721
158,10,,3,31,2,2,1,555,18,1,,1,4,,1,1,1,1,3,0,,,,,,1,,,,,,,2,888,0,4,"02",2,,,0,3,0,2,325801003,2,22.3819446563721
158,12,,3,31,2,2,1,,,,,111,111,,2,1,1,0,3,0,,,,,111,0,,,,,111,,2,888,0,1,"03",1,30000,0,0,4,,4,325801203,2,22.3819446563721
158,17,,3,31,2,2,1,555,17,,,111,111,,3,1,1,1,3,1,,,,,,1,,,,,,,2,888,0,2,"01",1,30000,1,1,12,,1,325801703,2,22.3819446563721
158,18,,3,31,2,2,1,,,,,1,111,,1,1,1,0,1,0,,,,,111,0,,,,,111,,1,,,2,"01",1,3000,0,0,2,,3,325801803,2,22.3819446563721
161,1,1397.90642222222,3,32,2,1,1,,,2,,111,111,,3,1,1,1,3,1,1,,,,,1,,,,,,,3,50,0,1,"0102",2,,,0,12,,2,336100103,,
161,3,331.0831,3,32,2,1,1,,,2,,3,1,,2,1,1,0,3,0,,,,,111,0,,,,,111,,2,10,0,1,"01",2,,,0,5,,4,336100303,,
161,12,1397.90642222222,3,32,2,1,1,,,2,,4,111,,3,1,1,1,3,1,,,,,111,0,,,,,111,,2,50,0,1,"0102",2,,,0,4,0,1,336101203,,
161,13,331.0831,3,32,2,1,1,,,,,111,111,,2,1,1,1,4,1,,,,,111,0,,,,,111,,2,120,0,3,"01",1,170000,1,1,24,,4,336101303,,
161,17,1397.90642222222,3,32,2,1,1,,,,,111,111,,2,1,1,1,3,1,,,,,111,0,,,,,111,,2,20,0,1,"0102",1,25000,0,0,6,,1,336101703,,
162,14,1184.27806451613,3,33,2,1,1,,,,,111,111,,3,1,1,1,3,1,1,,,,,1,,,,,,,3,50,0,1,"0102",1,243000,1,1,4,,1,346201403,,
162,15,1184.27806451613,3,33,2,1,1,,,,,1,3,,3,1,1,1,3,1,1,,,,,1,,,,,,,3,50,0,2,"0102",1,243600,1,1,6,,1,346201503,,
163,10,39.26535,3,33,1,1,1,,,,,111,111,,3,1,1,1,5,1,,,,,111,0,,,,,111,,2,125,1,2,"01",1,45000,0,0,1,,2,346301003,,
165,7,303.6827,3,33,1,1,1,,,,,111,111,,2,1,1,1,5,1,1,,,,,1,,,,,,,3,50,0,2,"0102",1,52000,1,1,12,,1,346500703,,
167,1,1067.15995098039,3,33,2,1,1,,,2,,111,111,,2,1,1,1,3,1,,,,,111,0,,,,,111,,2,10,0,3,"01",2,,,0,3,,1,346700103,,
167,2,1067.15995098039,3,33,2,1,1,555,3,,,3,1,,2,1,1,0,1,0,,,,,,1,,,,,,,2,5,0,1,"01",1,20000,0,0,1,,4,346700203,,
167,5,1067.15995098039,3,33,2,1,1,,,,,6,111,,2,1,1,1,4,0,,,,,111,0,,,,,111,,2,10,0,4,"01",1,148000,0,1,5,,1,346700503,,
167,9,1067.15995098039,3,33,2,1,1,555,14,2,,111,111,,2,1,1,1,3,1,,,,,,1,,,,,,,2,888,0,2,"01",2,,,0,3,,1,346700903,,
167,11,1067.15995098039,3,33,2,1,1,,,,,111,111,,2,1,1,1,3,1,1,,,,,1,,,,,,,3,888,0,1,"0102",1,450000,1,0,4,,1,346701103,,
167,14,1067.15995098039,3,33,2,1,1,,,,,6,1,,2,1,1,1,3,0,,,,,111,0,,,,,111,,2,10,0,3,"02",1,138000,1,1,4,,1,346701403,,
167,15,1067.15995098039,3,33,2,1,1,555,14,2,,1,111,,2,1,1,1,3,1,,,,,,1,,,,,,,2,888,0,2,"02",2,,,0,3,,1,346701503,,
167,16,1067.15995098039,3,33,2,1,1,,,,,4,111,,3,1,1,1,3,1,1,,,,,1,,,,,,,3,888,0,3,"02",1,223000,1,1,12,1,1,346701603,,
167,17,1067.15995098039,3,33,2,1,1,,,,,6,1,,2,1,1,1,3,0,,,,,111,0,,,,,111,,2,10,0,2,"02",1,138000,1,1,2,,1,346701703,,
170,3,1065.687,3,33,2,1,1,555,18,,,1,3,,2,1,1,1,2,1,,,,,,1,,,,,,,2,5,0,1,"01",1,20000,1,1,4,,3,347000303,,
170,13,1375.08,3,33,2,1,1,,,,,111,111,,2,1,1,1,4,1,,,,1,,1,,,,,,,3,888,0,3,"0102",1,225000,1,1,3,,1,347001303,,
172,6,451.5992,3,33,1,1,1,,,,,2,7,,3,1,1,1,3,1,1,,,,,1,,,,,,,3,888,1,5,"0102",1,460000,1,1,12,0,1,347200603,,
173,15,681.81784,3,33,1,1,1,,,,,6,111,,2,1,1,1,3,0,,,,,111,0,,,,,111,,2,10,0,10,"01",1,218000,1,1,12,,1,347301503,,
175,1,148.1571,3,33,1,1,1,,,2,,111,111,,2,1,1,1,3,0,,,,,111,0,,,,,111,,2,15,0,10,"0102",2,,,0,6,,1,347500103,,
178,5,308.448741489362,3,34,1,1,1,,,,,1,7,,2,1,1,1,3,0,,,,,111,0,,,,,111,,2,10,0,1,"0102",1,120000,0,1,4,0,1,357800503,,
178,7,308.448741489362,3,34,1,1,1,,,555,3,1,3,,2,1,1,1,3,0,,,,,111,0,,,,,111,,2,12,0,3,"01",2,,,0,24,,2,357800703,,
178,15,308.448741489362,3,34,1,1,1,,,,,6,111,,2,1,1,1,3,1,,,,,111,0,,,,,111,,2,10,0,4,"01",1,10000,1,1,4,,1,357801503,,
178,16,308.448741489362,3,34,1,1,1,555,16,,,2,111,,2,1,1,1,3,1,,,,,,1,,,,,,,2,6,1,1,"01",1,36000,1,0,6,,1,357801603,,
178,22,308.448741489362,3,34,1,1,1,555,18,,,1,111,,2,1,1,1,3,0,,,,,,1,,,,,,,2,888,1,1,"01",1,6000,1,1,3,,1,357802203,,
179,2,1415.74600588235,3,34,2,1,1,555,3,,,3,111,,2,1,1,0,3,0,,,,,,1,,,,,,,2,30,1,5,"01",1,100000,1,0,4,,1,357900203,,
179,6,1415.74600588235,3,34,2,1,1,,,,,6,111,,2,1,1,1,3,1,,,,,111,0,,,,,111,,2,120,0,3,"01",1,130000,1,1,12,,1,357900603,,
179,7,1415.74600588235,3,34,2,1,1,,,,,4,7,,2,1,1,1,3,1,,,,,111,0,,,,,111,,2,17,0,2,"0102",1,26200,1,1,12,0,1,357900703,,
179,12,729.3237,3,34,2,1,1,,,,,2,1,,1,0,1,1,1,0,,,,,111,0,,,,,111,,1,,,8,"01",1,10000,1,0,5,,2,357901203,,
179,12,729.3237,3,34,2,1,2,,,,,1,111,,3,0,1,1,5,0,,,,,111,0,,,,,111,,2,17,0,1,"01",1,20000,1,0,2,,2,357901203,,
179,12,729.3237,3,34,2,1,3,,,,,111,111,,3,1,1,1,7,1,1,,,,,1,,,,,,,3,234,1,8,"01",1,900000,1,0,16,,1,357901203,,
179,13,1415.74600588235,3,34,2,1,1,555,3,,,1,3,,2,1,1,1,4,0,,,,,,1,,,,,,,2,12,0,1,"01",1,60000,0,1,2,,1,357901303,,
179,15,1415.74600588235,3,34,2,1,1,,,,,2,6,,3,1,1,1,5,1,1,,,,,1,,,,,,,3,888,1,5,"0102",1,774000,1,1,5,,1,357901503,,
179,16,1415.74600588235,3,34,2,1,1,,,,,2,1,,3,1,1,1,5,1,1,,,,,1,,,,,,,3,888,1,7,"01",1,774000,1,1,3,,1,357901603,,
179,17,1415.74600588235,3,34,2,1,1,555,3,,,1,555,5,2,1,1,1,3,0,,,,,,1,,,,,,,2,12,0,3,"01",1,120000,1,1,24,,1,357901703,,
179,18,1415.74600588235,3,34,2,1,1,555,3,,,3,2,,2,1,1,0,3,0,,,,,,1,,,,,,,2,12,1,1,"0102",1,22000,1,1,6,,1,357901803,,
179,21,1415.74600588235,3,34,2,1,1,555,3,,,1,555,5,2,1,1,1,3,0,,,,,,1,,,,,,,2,12,0,1,"0102",1,120000,1,1,4,,1,357902103,,
180,5,76.2036629213483,3,34,1,1,1,,,,,3,111,,2,1,1,1,4,1,,,,1,,1,,,,,,,3,888,0,5,"0102",1,120000,1,1,24,,1,358000503,,
180,7,76.2036629213483,3,34,1,1,1,555,18,,,3,1,,2,1,1,1,3,0,,,,,,1,,,,,,,2,888,1,5,"0102",1,130000,1,1,3,,1,358000703,,
180,20,76.2036629213483,3,34,1,1,1,555,16,,,1,3,,2,1,1,1,4,1,,,,,,1,,,,,,,2,888,1,3,"0102",1,130000,1,1,3,,1,358002003,,
181,7,1090.555,3,34,2,1,1,,,,,4,5,,2,1,1,1,3,1,,,,1,,1,,,,,,,3,888,0,1,"0102",1,11700,1,1,3,0,1,358100703,,
181,10,1090.555,3,34,2,1,1,555,18,,,6,111,,2,1,1,1,3,0,,,,,,1,,,,,,,2,10,0,1,"0102",1,97200,1,1,4,,1,358101003,,
181,14,1090.555,3,34,2,1,1,555,3,,,1,2,,2,1,1,1,3,0,,,,,,1,,,,,,,2,12,0,1,"01",1,172000,1,1,24,,1,358101403,,
181,17,1090.555,3,34,2,1,1,555,16,,,2,111,,2,1,1,1,3,1,,,,,,1,,,,,,,2,17,1,1,"02",1,1700,1,1,12,,1,358101703,,
181,18,1090.555,3,34,2,1,1,555,16,,,1,3,,2,1,1,1,3,1,,,,,,1,,,,,,,2,17,1,3,"0102",1,57600,1,1,3,,1,358101803,,
181,22,1090.555,3,34,2,1,1,555,18,,,1,111,,2,1,1,1,3,0,,,,,,1,,,,,,,2,17,1,1,"0102",1,50000,1,0,3,,1,358102203,,
182,3,1370.70923611111,3,35,2,1,1,,,,,555,111,9,3,1,1,0,2,0,,,,,111,0,,,,,111,,3,888,0,2,"01",1,5000,0,0,2,,3,368200303,,
182,6,1370.70923611111,3,35,2,1,3,,,1,,111,111,,2,0,1,0,1,0,,,,,111,0,,,,,111,,1,,,1,"01",2,,,0,3,,1,368200603,,
182,6,1370.70923611111,3,35,2,1,1,,,,,111,111,,2,1,1,1,4,1,,,,,111,0,,,,,111,,2,888,1,1,"0102",1,20000,1,1,18,,1,368200603,,
182,6,1370.70923611111,3,35,2,1,2,,,,,111,111,,2,0,1,1,4,1,,,,,111,0,,,,,111,,2,888,0,1,"0102",1,20000,0,0,888,,1,368200603,,
182,8,1370.70923611111,3,35,2,1,1,,,,,111,111,,1,1,1,1,1,0,,,,,111,0,,,,,111,,1,,,3,"01",1,70000,1,1,4,,3,368200803,,
182,13,897.1915,3,35,2,1,1,,,2,,1,4,,2,1,1,1,3,0,,,,,111,0,,,,,111,,2,9,1,5,"01",2,,,0,4,0,3,368201303,,
183,1,162.5009,3,35,2,1,1,,,,,555,555,9,3,1,1,1,3,1,,,,,111,0,,,,,111,,2,15,0,2,"01",1,20000,0,1,3,,3,368300103,,
183,1,162.5009,3,35,2,1,2,,,,,111,111,,3,0,1,0,3,0,,,,,111,0,,,,,111,,3,888,0,1,"01",1,20000,0,0,3,,555,368300103,,
184,7,1540.114,3,35,2,1,1,,,3,,6,4,,3,1,1,0,2,0,,,,,111,0,,,,,111,,3,888,0,1,"01",2,,,0,2,0,1,368400703,,
184,14,1540.114,3,35,2,1,1,,,,,3,111,,2,1,1,1,3,1,,,,,111,0,,,,,111,,2,72,0,4,"0102",1,172800,1,1,12,,1,368401403,,
184,17,1540.114,3,35,2,1,1,,,,,1,3,,2,1,1,1,3,1,,,,,111,0,,,,,111,,2,72,0,3,"01",1,172800,1,1,8,,1,368401703,,
186,4,743.521949216301,3,35,2,1,1,,,,,111,111,,1,1,1,1,1,1,,,,,111,0,,,,,111,,1,,,4,"02",1,37000,1,0,3,,4,368600403,,
186,5,743.521949216301,3,35,2,1,2,,,3,,111,111,,2,0,1,0,1,0,,,,,111,0,,,,,111,,1,,,1,"01",2,,,0,888,,2,368600503,,
186,5,743.521949216301,3,35,2,1,4,,,3,,111,111,,2,0,1,0,1,0,,,,,111,0,,,,,111,,1,,,1,"01",2,,,0,888,,2,368600503,,
186,5,743.521949216301,3,35,2,1,3,,,3,,111,111,,2,1,1,1,4,0,,,,,111,0,,,,,111,,2,888,0,4,"01",2,,,0,3,1,1,368600503,,
186,5,743.521949216301,3,35,2,1,1,,,3,,3,5,,2,0,1,0,1,0,,,,,111,0,,,,,111,,1,,,1,"01",2,,,0,888,,2,368600503,,
188,3,1563.48593814433,3,36,2,1,1,,,,,2,111,,2,1,1,1,3,0,,,,,111,0,,,,,111,,2,888,0,2,"01",1,19200,1,0,6,,3,378800303,,
188,6,1563.48593814433,3,36,2,1,1,555,3,3,,555,111,10,3,1,1,1,3,1,,,,,,1,,,,,,,2,888,0,2,"01",2,,,1,4,,2,378800603,,
188,6,1563.48593814433,3,36,2,1,5,,,3,,111,111,,1,0,1,0,1,0,,,,,111,0,,,,,111,,1,,,1,"01",2,,,0,3,,2,378800603,,
188,6,1563.48593814433,3,36,2,1,4,,,3,,111,111,,3,0,1,0,1,1,,,,,111,0,,,,,111,,1,,,1,"01",2,,,0,3,,4,378800603,,
188,6,1563.48593814433,3,36,2,1,3,,,555,4,111,111,,1,0,3,0,1,0,,,,,111,0,,,,,111,,1,,,1,"01",2,,,0,3,,555,378800603,,
188,6,1563.48593814433,3,36,2,1,2,,,,,7,111,,1,0,1,0,1,1,,,,,111,0,,,,,111,,1,,,4,"01",1,30000,1,0,4,0,2,378800603,,
188,7,1563.48593814433,3,36,2,1,1,555,3,,,4,1,,1,1,1,1,1,0,,,,,,1,,,,,,,1,,,7,"01",1,29000,1,0,5,0,555,378800703,,
188,10,1563.48593814433,3,36,2,1,1,,,,,3,6,,1,1,1,0,1,0,,,,,111,0,,,,,111,,1,,,10,"01",1,30000,0,0,3,,555,378801003,,
188,18,1563.48593814433,3,36,2,1,1,555,3,,,2,6,,3,1,3,0,3,0,,,,,,1,,,,,,,3,888,0,3,"01",1,7200,1,1,4,,1,378801803,,
189,10,255.983,3,36,1,1,1,555,3,,,7,111,,1,1,1,0,3,0,,,,,,1,,,,,,,1,,,10,"01",1,30000,0,1,888,0,555,378901003,,
192,2,107.948450657895,3,36,1,1,1,,,,,555,555,8,3,1,1,0,1,0,,,,,111,0,,,,,111,,1,,,1,"03",1,4000,0,0,2,,1,379200203,,
193,5,2612.02521568627,3,36,2,1,1,555,4,,,2,4,,1,1,1,0,1,0,,,,,,1,,,,,,,1,,,6,"01",1,30000,1,1,3,1,2,379300503,,
194,2,1837.83892,3,36,2,1,2,555,16,,,3,111,,2,0,1,0,1,0,,,,,,1,,,,,,,2,25,0,1,"01",1,1500,0,0,1,,1,379400203,,
194,2,1837.83892,3,36,2,1,1,,,,,111,111,,2,1,1,0,3,0,,,,,111,0,,,,,111,,2,25,0,2,"01",1,10000,1,0,2,,1,379400203,,
196,9,1899.352575,3,37,2,1,1,,,,,1,3,,3,1,1,0,2,0,,,,,111,0,,,,,111,,3,888,1,1,"01",1,15000,0,0,3,,4,389600903,,
196,10,2665.758,3,37,2,1,1,555,3,,,111,111,,3,1,1,1,3,1,,,,,,1,,,,,,,2,20,0,1,"01",1,15000,0,1,2,,3,389601003,,
196,15,2665.758,3,37,2,1,1,555,3,,,111,111,,1,1,1,0,1,0,,,,,,1,,,,,,,1,,,10,"01",1,26000,1,0,1,,555,389601503,,
197,2,1118.39064615385,3,37,2,1,1,555,14,,,3,7,,2,1,1,0,3,0,,,,,,1,,,,,,,2,50,0,3,"01",1,170000,1,0,3,1,1,389700203,,
197,2,1118.39064615385,3,37,2,1,2,,,1,,3,7,,1,0,1,1,1,1,,,,,111,0,,,,,111,,2,50,0,3,"01",2,,,0,888,1,1,389700203,,
197,3,1118.39064615385,3,37,2,1,1,555,3,,,1,4,,1,1,1,1,1,0,,,,,,1,,,,,,,1,,,6,"01",1,30000,1,0,1,1,4,389700303,,
197,15,1118.39064615385,3,37,2,1,1,,,,,111,111,,3,1,1,1,3,1,,,,,111,0,,,,,111,,2,20,0,1,"01",1,10000,0,1,11,,1,389701503,,
198,2,821.3362,3,37,2,1,2,555,3,,,2,111,,2,0,1,0,3,0,,,,,,1,,,,,,,3,320,0,1,"01",1,20800,1,1,3,,1,389800203,,
198,2,821.3362,3,37,2,1,3,555,14,,,111,111,,2,0,1,0,3,0,,,,,,1,,,,,,,3,320,0,1,"01",1,20800,1,0,3,,1,389800203,,
198,2,821.3362,3,37,2,1,4,,,,,111,111,,3,0,3,1,3,1,,,,,111,0,,,,,111,,2,888,0,1,"01",1,20800,1,1,3,,1,389800203,,
198,2,821.3362,3,37,2,1,1,,,,,2,111,,3,1,1,1,3,1,,,,,111,0,,,,,111,,2,888,0,1,"01",1,20800,1,1,3,,1,389800203,,
198,10,821.3362,3,37,2,1,1,555,14,,,2,111,,1,1,1,0,1,0,,,,,,1,,,,,,,1,,,2,"01",1,31000,1,0,1,,555,389801003,,
198,12,821.3362,3,37,2,1,1,,,,,111,111,,1,1,1,0,1,0,,,,,111,0,,,,,111,,1,,,1,"01",1,30000,1,0,3,,555,389801203,,
199,1,1265.783775,4,41,2,1,1,,,2,,4,6,,1,1,1,0,1,0,,,,,111,0,,,,,111,,1,,,1,"01",2,,,0,1,0,2,429900104,,
199,12,1265.783775,4,41,2,1,1,555,16,,,111,111,,3,1,3,1,3,1,,,,,,1,,,,,,,2,32,1,2,"0102",1,100000,1,1,10,,1,429901204,,
200,13,2302.37658151261,4,41,2,1,1,555,17,,,111,111,,2,1,1,1,3,1,,,,,,1,,,,,,,2,888,0,11,"01",1,10000,1,1,12,,1,430001304,,
201,8,297.574147783251,4,41,2,1,4,555,13,,,111,111,,3,0,1,0,1,0,,,,,,1,,,,,,,3,888,0,1,"01",1,27100,0,0,3,,3,430100804,,
201,8,297.574147783251,4,41,2,1,1,555,16,,,3,111,,3,0,1,0,1,0,,,,,,1,,,,,,,3,888,0,1,"01",1,27100,0,0,3,,3,430100804,,
201,8,297.574147783251,4,41,2,1,5,555,15,,,111,111,,3,0,1,0,1,0,,,,,,1,,,,,,,3,888,0,1,"01",1,27100,0,0,3,,3,430100804,,
201,8,297.574147783251,4,41,2,1,3,555,14,,,111,111,,3,0,1,0,1,0,,,,,,1,,,,,,,3,888,0,1,"01",1,27100,0,0,3,,3,430100804,,
201,8,297.574147783251,4,41,2,1,2,555,14,,,111,111,,2,1,1,1,5,1,,,,,,1,,,,,,,2,17,0,2,"0102",1,27100,0,0,4,,3,430100804,,
201,10,297.574147783251,4,41,2,1,1,555,16,,,6,111,,3,0,1,1,4,1,,,,,,1,,,,,,,2,888,1,5,"01",1,50000,0,1,4,,1,430101004,,
201,10,297.574147783251,4,41,2,1,4,555,16,,,111,111,,3,0,1,1,4,1,,,,,,1,,,,,,,2,888,1,5,"01",1,50000,0,1,4,,1,430101004,,
201,10,297.574147783251,4,41,2,1,3,555,18,,,1,6,,2,1,1,1,4,1,,,,,,1,,,,,,,2,17,1,5,"01",1,50000,0,1,4,,1,430101004,,
201,10,297.574147783251,4,41,2,1,2,555,18,,,6,1,,3,0,1,1,4,1,,,,,,1,,,,,,,2,888,1,5,"01",1,30000,0,1,4,,1,430101004,,
201,11,297.574147783251,4,41,2,1,1,555,16,,,4,6,,2,1,1,0,3,1,,,,,,1,,,,,,,2,17,0,2,"02",1,40000,0,0,4,0,4,430101104,,
201,14,297.574147783251,4,41,2,1,4,555,13,,,111,111,,3,0,1,0,3,0,,,,,,1,,,,,,,3,888,0,1,"01",1,27100,0,0,3,,3,430101404,,
201,14,297.574147783251,4,41,2,1,1,555,16,,,3,111,,2,1,1,1,3,1,,,,,,1,,,,,,,2,17,0,2,"0102",1,27100,1,1,4,,3,430101404,,
201,14,297.574147783251,4,41,2,1,2,,,,,7,111,,3,0,1,1,2,1,,,,,111,0,,,,,111,,2,50,0,1,"0102",1,27100,0,1,3,1,3,430101404,,
201,14,297.574147783251,4,41,2,1,3,,,,,111,111,,3,0,1,0,3,0,,,,,111,0,,,,,111,,3,888,0,1,"01",1,27100,0,0,3,,3,430101404,,
201,16,297.574147783251,4,41,2,1,1,555,9,,,1,7,,1,1,1,0,3,0,,,,,,1,,,,,,,1,,,4,"0102",1,60000,0,0,3,0,1,430101604,,
202,2,192.898030534351,4,41,1,1,1,555,17,,,1,555,8,2,1,1,1,3,1,,,,,,1,,,,,,,2,12,0,2,"01",1,80000,1,1,2,,1,430200204,,
202,12,192.898030534351,4,41,1,1,1,,,,,4,6,,2,1,1,0,4,0,,,,,111,0,,,,,111,,2,60,0,3,"01",1,55000,0,0,12,0,4,430201204,,
202,14,140.3869,4,41,1,1,2,,,,,7,1,,1,0,1,0,1,0,,,,,111,0,,,,,111,,1,,,1,"01",1,24000,0,0,3,0,3,430201404,,
202,14,140.3869,4,41,1,1,1,,,,,1,7,,1,1,1,0,1,0,,,,,111,0,,,,,111,,1,,,1,"01",1,24000,0,0,3,0,3,430201404,,
202,15,192.898030534351,4,41,1,1,4,555,18,,,1,2,,2,0,1,1,3,1,,,,,,1,,,,,,,2,888,0,2,"01",1,50000,0,0,4,,3,430201504,,
202,15,192.898030534351,4,41,1,1,2,555,18,,,1,3,,2,0,1,1,3,1,,,,,,1,,,,,,,2,888,0,2,"01",1,50000,0,0,4,,3,430201504,,
202,15,192.898030534351,4,41,1,1,3,555,16,,,1,3,,2,0,1,1,3,1,,,,,,1,,,,,,,2,888,0,2,"01",1,50000,0,0,4,,3,430201504,,
202,15,192.898030534351,4,41,1,1,1,555,16,,,1,3,,2,1,1,1,3,1,,,,,,1,,,,,,,2,888,0,2,"01",1,50000,0,0,4,,3,430201504,,
203,4,741.469008403361,4,41,2,1,1,555,16,,,6,3,,2,1,1,0,2,0,,,,,,1,,,,,,,2,17,0,1,"0102",1,15000,0,0,8,,3,430300404,,
203,10,741.469008403361,4,41,2,1,1,,,,,111,111,,3,1,1,1,3,1,,,,,111,0,,,,,111,,2,17,0,1,"01",1,180000,1,1,5,,1,430301004,,
203,11,741.469008403361,4,41,2,1,1,555,3,,,1,4,,2,1,1,0,2,0,,,,,,1,,,,,,,2,888,0,1,"01",1,3000,0,0,2,0,3,430301104,,
203,12,741.469008403361,4,41,2,1,1,555,14,2,,7,1,,2,1,1,1,3,1,,,,,,1,,,,,,,2,10,0,1,"01",2,,,0,12,0,1,430301204,,
203,14,741.469008403361,4,41,2,1,1,,,2,,3,111,,2,1,1,1,3,1,,,,1,,1,,,,,,,3,888,0,1,"01",2,,,0,24,,2,430301404,,
203,15,741.469008403361,4,41,2,1,2,555,3,,,1,111,,1,0,1,0,1,0,,,,,,1,,,,,,,1,,,2,"0102",1,6000,0,0,1,,3,430301504,,
203,15,741.469008403361,4,41,2,1,1,555,18,,,6,111,,2,1,1,1,2,0,,,,,,1,,,,,,,2,17,1,2,"0102",1,90000,0,1,4,,2,430301504,,
203,17,741.469008403361,4,41,2,1,1,,,,,111,111,,2,1,1,1,4,1,,,,,111,0,,,,,111,,2,10,0,2,"0102",1,135000,1,0,4,,1,430301704,,
203,18,741.469008403361,4,41,2,1,1,,,2,,111,111,,2,1,1,1,3,1,,,,,111,0,,,,,111,,2,10,0,1,"02",2,,,1,3,,1,430301804,,
205,14,1266.853,4,42,2,1,1,555,16,,,3,111,,2,1,1,1,3,1,,,,,,1,,,,,,,2,6,0,1,"01",1,85000,1,1,4,,1,440501404,,
205,15,1266.853,4,42,2,1,1,,,,,1,4,,2,1,3,0,3,0,,,,,111,0,,,,,111,,2,60,0,2,"02",1,45000,0,1,3,0,2,440501504,,
205,17,1266.853,4,42,2,1,1,555,18,,,1,3,,3,1,1,1,3,0,,,,,,1,,,,,,,2,34,0,1,"01",1,3500,1,1,3,,1,440501704,,
205,18,1266.853,4,42,2,1,1,555,16,,,1,111,,2,1,1,1,3,1,,,,,,1,,,,,,,2,6,0,2,"01",1,31500,0,1,3,,1,440501804,,
206,10,811.818,4,42,2,1,1,,,,,1,3,,1,1,1,1,1,0,,,,,111,0,,,,,111,,1,,,2,"01",1,25000,1,0,2,,3,440601004,,
208,7,17.4388363636364,4,42,1,1,2,555,16,,,111,111,,2,1,1,1,3,1,,,,,,1,,,,,,,2,13,0,4,"01",1,90000,1,1,4,,1,440800704,,
208,7,17.4388363636364,4,42,1,1,1,555,16,,,111,111,,2,0,1,1,3,1,,,,,,1,,,,,,,2,13,0,4,"01",1,90000,1,1,4,,1,440800704,,
208,14,17.4388363636364,4,42,1,1,1,,,,,3,111,,3,1,1,1,3,1,,,,,111,0,,,,,111,,2,70,0,1,"01",1,80000,1,1,3,,1,440801404,,
210,8,1820.559,4,43,2,1,1,,,3,,111,111,,2,1,1,1,2,0,,,,,111,0,,,,,111,,2,12,0,3,"01",2,,,0,2,,4,451000804,,
214,6,77.8124084705883,4,43,1,1,1,,,,,111,111,,1,1,1,0,1,0,,,,,111,0,,,,,111,,1,,,1,"01",1,50000,0,0,1,,2,451400604,,
219,11,1401.212,4,43,2,1,1,,,,,111,111,,3,1,1,1,5,1,1,,,,,1,,,,,,,3,888,1,3,"01",1,90000,0,1,24,,1,451901104,,
219,15,1401.212,4,43,2,1,2,,,2,,111,111,,2,1,1,0,3,0,,,,,111,0,,,,,111,,2,19,1,3,"02",2,,,0,3,,2,451901504,,
219,15,1401.212,4,43,2,1,3,,,2,,111,111,,2,0,3,0,3,0,,,,1,,1,,,,,,,3,888,1,3,"02",2,,,0,3,,2,451901504,,
219,15,1401.212,4,43,2,1,1,,,2,,111,111,,2,0,1,0,3,0,,,,1,,1,,,,,,,3,888,1,3,"01",2,,,0,3,,2,451901504,,
219,16,1401.212,4,43,2,1,1,,,,,111,111,,3,1,1,1,5,1,1,,,,,1,,,,,,,3,888,1,2,"01",1,240000,0,1,24,,1,451901604,,
219,17,1401.212,4,43,2,1,1,,,,,4,3,,1,1,1,1,3,1,1,,,,,1,,,,,,,3,50,0,3,"01",1,42000,0,0,11,0,4,451901704,,
219,18,1401.212,4,43,2,1,1,,,,,111,111,,1,1,1,0,1,0,,,,,111,0,,,,,111,,1,,,4,"0102",1,120000,0,0,4,,1,451901804,,
224,14,148.1425,4,44,1,1,1,,,,,6,4,,3,1,1,1,2,1,1,,,,,1,,,,,,,3,888,0,3,"01",1,5000,1,0,888,0,1,462401404,,
225,5,1044.116,4,44,2,1,1,,,,,2,111,,3,1,1,1,3,1,,,,,111,0,,,,,111,,2,888,1,1,"02",1,80000,1,0,888,,2,462500504,,
225,14,1044.116,4,44,2,1,1,555,18,,,555,6,10,3,1,1,1,4,1,,,,,,1,,,,,,,2,50,0,3,"01",1,45000,1,0,888,,3,462501404,,
225,14,1044.116,4,44,2,1,3,,,555,8,111,111,,3,0,1,1,4,1,,,,1,,1,,,,,,,3,50,0,3,"01",2,,,1,4,,3,462501404,,
225,14,1044.116,4,44,2,1,2,,,,,6,1,,3,0,1,1,4,1,,,,1,,1,,,,,,,3,50,0,3,"01",1,47000,1,0,5,,3,462501404,,
225,14,1044.116,4,44,2,1,4,,,,,111,111,,1,0,1,1,4,1,1,,,,,1,,,,,,,3,50,0,5,"01",1,10000,0,0,888,,3,462501404,,
225,15,1044.116,4,44,2,1,1,555,18,3,,111,111,,3,1,1,1,2,0,,,,,,1,,,,,,,2,100,1,3,"02",2,,,0,4,,3,462501504,,
225,16,1044.116,4,44,2,1,1,555,18,,,111,111,,3,1,1,1,3,0,,,,,,1,,,,,,,2,15,1,2,"02",1,12000,0,0,4,,2,462501604,,
225,17,1044.116,4,44,2,1,1,,,,,1,111,,3,1,1,1,3,0,,,,,111,0,,,,,111,,2,60,0,3,"01",1,65000,0,1,4,,1,462501704,,
225,18,1044.116,4,44,2,1,2,,,3,,1,7,,1,0,1,1,1,0,1,,,,,1,,,,,,,3,60,1,4,"01",2,,,0,3,0,4,462501804,,
225,18,1044.116,4,44,2,1,4,,,3,,1,111,,3,0,1,0,3,0,1,,,,,1,,,,,,,3,60,1,4,"01",2,,,0,3,,4,462501804,,
225,18,1044.116,4,44,2,1,1,,,,,3,7,,3,1,1,1,7,0,1,,,,,1,,,,,,,3,60,1,4,"01",1,267500,0,0,3,0,1,462501804,,
225,18,1044.116,4,44,2,1,3,,,,,111,111,,1,0,1,0,5,0,1,,,,,1,,,,,,,3,888,0,4,"01",1,56000,1,0,3,,3,462501804,,
225,18,1044.116,4,44,2,1,5,,,,,1,111,,2,0,1,0,2,1,1,,,,,1,,,,,,,3,60,0,4,"0102",1,10000,1,0,3,,1,462501804,,
229,5,28.8529368421053,4,45,1,1,2,,,2,,1,4,,1,0,1,0,1,0,,,,,111,0,,,,,111,,1,,,1,"01",2,,,0,2,,3,472900504,,
229,5,28.8529368421053,4,45,1,1,3,,,2,,111,111,,2,0,1,1,1,1,,,,,111,0,,,,,111,,1,,,2,"01",2,,,0,4,0,3,472900504,,
229,5,28.8529368421053,4,45,1,1,4,,,,,111,111,,2,1,3,1,3,1,,,,,111,0,,,,,111,,2,12,0,2,"01",1,85000,1,1,3,,1,472900504,,
229,5,28.8529368421053,4,45,1,1,1,,,,,111,111,,1,0,1,0,1,0,,,,,111,0,,,,,111,,1,,,1,"01",1,1000,1,0,2,,3,472900504,,
233,14,1946.098,4,45,2,1,1,,,,,111,111,,3,1,1,1,3,1,,,,,111,0,,,,,111,,2,60,0,1,"0102",1,21000,1,1,4,,3,473301404,,
233,20,1946.098,4,45,2,1,1,,,,,4,1,,3,1,1,1,3,0,,,,,111,0,,,,,111,,2,60,0,1,"01",1,80000,1,1,3,1,1,473302004,,
234,2,1475.391,4,45,2,1,1,555,3,,,1,111,,2,1,1,0,4,0,,,,,,1,,,,,,,2,6,0,1,"01",1,30000,1,1,2,,1,473400204,,
234,4,1475.391,4,45,2,1,1,555,3,,,1,111,,2,1,1,0,4,0,,,,,,1,,,,,,,2,6,0,1,"01",1,30000,1,1,3,,1,473400404,,
234,8,1475.391,4,45,2,1,1,555,18,3,,3,7,,3,1,1,1,3,0,,,,,,1,,,,,,,2,12,0,2,"01",2,,,0,4,0,1,473400804,,
234,10,1475.391,4,45,2,1,1,,,,,111,111,,3,1,1,1,3,1,,,,,111,0,,,,,111,,2,50,0,1,"02",1,30000,1,1,5,,1,473401004,,
234,14,1475.391,4,45,2,1,1,,,,,1,7,,3,1,1,1,3,0,,,,,111,0,,,,,111,,2,50,0,1,"02",1,30000,1,1,3,0,1,473401404,,
235,14,1095.94107236842,4,45,2,1,1,,,2,,1,3,,3,1,1,0,3,0,,,,,111,0,,,,,111,,3,50,0,4,"02",2,,,0,4,,2,473501404,,
236,10,467.384330985915,4,45,2,1,1,,,,,3,1,,1,1,1,0,1,0,,,,,111,0,,,,,111,,1,,,3,"0102",1,30000,1,1,5,,3,473601004,,
236,15,467.384330985915,4,45,2,1,1,555,3,,,3,111,,2,1,1,0,1,0,,,,,,1,,,,,,,1,,,1,"01",1,9000,0,0,3,,4,473601504,,
237,4,464.106144278607,5,51,2,1,1,555,17,,,1,555,5,3,1,1,1,4,1,,,,,,1,,,,,,,2,888,0,1,"02",1,95000,1,1,4,,3,533700405,,
237,4,464.106144278607,5,51,2,1,3,,,1,,111,111,,3,0,1,0,1,0,,,,,111,0,,,,,111,,1,,,1,"01",2,,,0,3,,1,533700405,,
237,4,464.106144278607,5,51,2,1,2,,,3,,111,111,,1,0,1,0,1,0,,,,,111,0,,,,,111,,1,,,1,"01",2,,,0,2,,3,533700405,,
238,8,146.0346,5,51,1,1,1,555,18,,,6,1,,2,1,1,1,1,0,,,,,,1,,,,,,,2,888,0,1,"01",1,65000,0,1,2,,1,533800805,,
239,9,169.8891,5,51,1,1,4,555,3,555,4,111,111,,2,0,1,0,1,0,,,,,,1,,,,,,,3,888,0,1,"0102",2,181400,,0,888,,555,533900905,,
239,9,169.8891,5,51,1,1,2,,,,,6,111,,3,0,1,0,2,0,,,,,111,0,,,,,111,,3,888,0,1,"0102",1,181400,0,0,888,,555,533900905,,
239,9,169.8891,5,51,1,1,3,,,,,111,111,,3,1,1,1,3,1,1,,,,,1,,,,,,,3,888,0,2,"0102",1,181400,1,1,4,,1,533900905,,
239,9,169.8891,5,51,1,1,1,,,,,2,111,,2,0,1,0,1,0,,,,,111,0,,,,,111,,1,,,2,"0102",1,181400,0,0,2,,555,533900905,,
239,18,169.8891,5,51,1,1,2,,,4,,111,111,,3,0,3,0,2,0,,,,,111,0,,,,,111,,3,888,0,1,"02",2,,,0,3,,555,533901805,,
239,18,169.8891,5,51,1,1,3,,,555,1,111,111,,3,0,3,0,1,0,,,,,111,0,,,,,111,,1,,,1,"02",2,,,0,888,,555,533901805,,
239,18,169.8891,5,51,1,1,1,,,,,5,111,,3,1,1,1,4,0,,,,,111,0,,,,,111,,2,888,0,2,"02",1,160000,1,1,3,0,1,533901805,,
240,2,133.191276619718,5,51,1,1,1,555,16,1,,111,111,,2,1,1,1,3,1,,,,,,1,,,,,,,2,12,0,1,"01",2,,,0,888,,3,534000205,,
240,2,133.191276619718,5,51,1,1,2,,,3,,111,111,,2,0,1,0,3,0,,,,,111,0,,,,,111,,2,888,0,1,"01",2,,,0,2,,3,534000205,,
241,1,530.112216748768,5,51,2,1,1,555,9,,,1,6,,1,1,1,0,1,0,,,,,,1,,,,,,,1,,,1,"01",1,5000,1,1,3,,3,534100105,,
241,9,1262.32,5,51,2,1,1,555,16,,,111,111,,3,1,1,1,3,1,,,,,,1,,,,,,,2,888,0,1,"01",1,80000,1,1,6,,2,534100905,,
242,1,974.180936170213,5,51,2,1,1,,,,,111,111,,3,1,1,1,3,1,,,,,111,0,,,,,111,,2,6,0,1,"01",1,85000,1,1,3,,4,534200105,,
242,4,974.180936170213,5,51,2,1,1,555,15,,,3,6,,2,0,1,1,2,1,,,,,,1,,,,,,,2,12,0,1,"02",1,10000,1,1,2,,1,534200405,,
242,4,974.180936170213,5,51,2,1,2,555,15,,,6,3,,2,1,1,1,3,1,,,,,,1,,,,,,,2,12,0,1,"02",1,97000,1,1,2,,1,534200405,,
242,8,974.180936170213,5,51,2,1,3,555,14,,,111,111,,1,0,1,0,1,0,,,,,,1,,,,,,,1,,,7,"01",1,165100,1,1,2,,1,534200805,,
242,8,974.180936170213,5,51,2,1,1,555,18,,,2,111,,3,1,1,1,5,1,1,,,,,1,,,,,,,3,120,1,7,"01",1,165100,1,1,3,,1,534200805,,
242,8,974.180936170213,5,51,2,1,2,555,3,,,111,111,,2,0,1,0,3,0,,,,,,1,,,,,,,3,120,1,7,"01",1,165100,1,1,3,,1,534200805,,
242,9,974.180936170213,5,51,2,1,1,555,15,,,1,111,,3,1,1,1,3,0,,,,,,1,,,,,,,2,60,1,2,"01",1,74000,1,1,3,,1,534200905,,
242,11,974.180936170213,5,51,2,1,1,,,,,6,111,,3,1,1,1,3,1,,,,,111,0,,,,,111,,2,60,1,2,"01",1,950000,0,1,3,,1,534201105,,
242,13,974.180936170213,5,51,2,1,2,,,2,,1,4,,1,0,1,0,1,0,,,,,111,0,,,,,111,,1,,,1,"01",2,,,1,2,0,3,534201305,,
242,13,974.180936170213,5,51,2,1,1,,,,,111,111,,3,1,1,1,4,1,,,,,111,0,,,,,111,,2,100,1,5,"01",1,230000,1,1,5,,1,534201305,,
243,5,1062.52385542169,5,52,2,1,1,555,18,,,111,111,,2,1,1,1,3,0,,,,,,1,,,,,,,2,888,0,1,"01",1,25000,0,1,12,,1,544300505,,
243,8,1062.52385542169,5,52,2,1,1,,,,,1,555,9,1,1,1,0,1,0,,,,,111,0,,,,,111,,1,,,2,"01",1,8000,0,0,3,,4,544300805,,
243,9,1062.52385542169,5,52,2,1,1,555,3,,,1,7,,1,1,1,0,1,0,,,,,,1,,,,,,,1,,,1,"01",1,15000,0,0,3,0,4,544300905,,
244,1,1700.2,5,52,2,1,1,,,,,555,111,4,3,1,1,1,3,1,,,,,111,0,,,,,111,,2,7,1,3,"01",1,30000,1,1,2,,1,544400105,,
244,3,1700.2,5,52,2,1,1,,,,,4,7,,3,1,1,1,3,1,,,1,,,1,,,,,,,3,888,1,2,"02",1,30000,0,1,3,0,1,544400305,,
244,6,1700.2,5,52,2,1,1,,,,,3,111,,3,1,1,1,3,1,,,,1,,1,,,,,,,3,888,0,2,"02",1,178000,1,1,12,,1,544400605,,
244,11,1700.2,5,52,2,1,1,,,,,1,111,,3,1,1,1,3,1,1,,,,,1,,,,,,,3,888,1,3,"0102",1,172800,1,1,3,,1,544401105,,
244,12,1700.2,5,52,2,1,1,,,,,3,111,,3,1,1,1,8,1,1,,,,,1,,,,,,,3,888,0,5,"02",1,708000,1,1,12,,1,544401205,,
244,13,1700.2,5,52,2,1,1,,,,,2,6,,2,1,1,1,3,0,1,,,,,1,,,,,,,3,50,1,1,"01",1,565500,1,1,4,,1,544401305,,
244,14,1700.2,5,52,2,1,1,,,,,1,2,,2,1,1,1,3,1,1,,,,,1,,,,,,,3,50,1,1,"01",1,450000,1,1,16,,1,544401405,,
244,15,1700.2,5,52,2,1,1,,,,,111,111,,3,1,1,1,5,1,1,,,,,1,,,,,,,3,888,1,2,"02",1,70000,1,0,12,,2,544401505,,
244,16,1700.2,5,52,2,1,1,555,3,,,1,6,,3,1,1,0,6,1,,,,,,1,,,,,,,3,888,0,11,"01",1,50000,0,0,3,,3,544401605,,
244,17,1700.2,5,52,2,1,1,,,,,555,111,10,3,1,1,1,5,0,,,,,111,0,,,,,111,,2,7,1,5,"01",1,35000,1,1,12,,1,544401705,,
244,18,1700.2,5,52,2,1,1,,,,,111,111,,3,1,1,1,2,0,1,,,,,1,,,,,,,3,888,0,1,"02",1,560000,1,1,12,,1,544401805,,
245,1,18.1200197260274,5,52,1,1,1,555,15,,,111,111,,2,1,1,0,2,0,,,,,,1,,,,,,,2,5,0,1,"01",1,13000,0,1,12,,4,544500105,,
245,3,18.1200197260274,5,52,1,1,1,,,,,7,111,,3,1,1,1,3,0,,,,,111,0,,,,,111,,2,6,0,2,"0102",1,57000,1,0,3,0,1,544500305,,
246,1,392.274947368421,5,52,2,1,1,555,3,,,3,1,,3,1,1,1,3,0,,,,,,1,,,,,,,2,5,0,1,"01",1,12000,1,1,4,,1,544600105,,
246,3,392.274947368421,5,52,2,1,2,,,,,111,111,,3,1,1,1,4,1,,,,,111,0,,,,,111,,2,15,0,2,"01",1,130000,1,1,12,,1,544600305,,
246,3,392.274947368421,5,52,2,1,1,,,,,555,111,4,3,0,1,0,1,0,,,,,111,0,,,,,111,,1,,,1,"01",1,130000,1,0,888,,1,544600305,,
246,10,392.274947368421,5,52,2,1,1,,,2,,6,111,,3,1,1,1,3,0,,,,,111,0,,,,,111,,2,5,0,1,"01",2,,,0,3,,1,544601005,,
247,5,70.5821635756677,5,52,1,1,1,,,,,2,1,,2,1,1,1,4,1,1,,,,,1,,,,,,,3,888,1,1,"01",1,350000,0,1,12,,1,544700505,,
247,6,70.5821635756677,5,52,1,1,1,555,18,,,6,1,,1,1,1,0,3,0,,,,,,1,,,,,,,2,888,1,1,"01",1,2100,1,1,4,,1,544700605,,
247,7,70.5821635756677,5,52,1,1,1,,,,,7,111,,2,1,1,1,11,1,1,,,,,1,,,,,,,3,888,1,6,"01",1,42000,1,1,4,1,1,544700705,,
247,13,70.5821635756677,5,52,1,1,1,,,,,1,7,,2,1,1,1,4,1,1,,,,,1,,,,,,,3,888,1,1,"01",1,24000,1,1,2,1,1,544701305,,
248,4,1727.22825,5,52,2,1,1,555,15,,,1,111,,1,0,3,0,1,0,,,,,,1,,,,,,,1,,,1,"01",1,43000,0,1,2,,1,544800405,,
248,4,1727.22825,5,52,2,1,2,555,15,,,111,111,,1,1,3,0,1,0,,,,,,1,,,,,,,1,,,1,"01",1,43000,0,1,2,,1,544800405,,
248,5,1727.22825,5,52,2,1,1,,,,,1,6,,1,1,1,0,1,0,,,,,111,0,,,,,111,,1,,,2,"01",1,8000,0,0,3,,1,544800505,,
248,6,1727.22825,5,52,2,1,2,,,,,111,111,,2,0,3,0,1,0,,,,,111,0,,,,,111,,1,,,1,"0102",1,60000,0,0,3,,3,544800605,,
248,6,1727.22825,5,52,2,1,1,,,,,1,6,,3,1,3,1,3,1,,,,,111,0,,,,,111,,2,12,1,1,"0102",1,60000,0,0,3,,3,544800605,,
248,6,1727.22825,5,52,2,1,3,,,,,111,111,,1,0,3,0,1,0,,,,,111,0,,,,,111,,1,,,1,"01",1,1000,0,0,2,,3,544800605,,
248,7,1465.527,5,52,2,1,1,555,3,,,111,111,,3,1,1,0,4,0,,,,,,1,,,,,,,3,888,0,2,"01",1,75000,0,0,4,,3,544800705,,
248,8,1727.22825,5,52,2,1,1,555,3,,,111,111,,3,1,1,0,2,0,,,,,,1,,,,,,,3,888,0,3,"01",1,125000,1,1,12,,2,544800805,,
248,18,1465.527,5,52,2,1,1,555,3,1,,111,111,,3,1,1,0,2,0,,,,,,1,,,,,,,3,888,0,1,"01",2,,,0,888,,555,544801805,,
250,1,1069.161,5,52,2,1,1,555,15,,,7,111,,2,1,1,1,3,0,,,,,,1,,,,,,,2,5,1,4,"01",1,205000,1,1,12,1,1,545000105,,
250,3,1069.161,5,52,2,1,1,,,,,1,111,,2,1,1,1,3,0,,,,,111,0,,,,,111,,2,888,1,1,"01",1,45000,1,1,12,,1,545000305,,
250,5,1069.161,5,52,2,1,1,,,,,1,2,,2,1,1,1,3,0,,,,,111,0,,,,,111,,2,5,1,3,"01",1,91000,1,1,4,,1,545000505,,
250,6,1069.161,5,52,2,1,1,,,,,1,2,,2,1,1,1,3,0,,,,,111,0,,,,,111,,2,888,1,1,"01",1,33000,1,1,4,,1,545000605,,
250,8,1069.161,5,52,2,1,1,555,15,1,,3,1,,2,1,1,1,3,0,,,,,,1,,,,,,,2,888,1,1,"01",2,,,1,5,,4,545000805,,
250,11,1069.161,5,52,2,1,1,555,15,,,3,111,,2,1,1,1,3,0,,,,,,1,,,,,,,2,17,0,1,"01",1,85000,1,1,12,,4,545001105,,
250,14,1069.161,5,52,2,1,1,555,15,2,,3,111,,2,1,1,1,3,0,,,,,,1,,,,,,,2,5,1,1,"02",2,,,0,12,,2,545001405,,
250,15,1069.161,5,52,2,1,1,,,,,2,4,,3,1,1,1,3,1,1,,,,,1,,,,,,,3,888,1,4,"0102",1,270000,1,1,12,1,1,545001505,,
250,16,1069.161,5,52,2,1,1,,,,,2,111,,3,1,1,1,10,1,1,,,1,,1,,,,,,,3,888,1,2,"01",1,250000,0,1,24,,3,545001605,,
250,17,1069.161,5,52,2,1,1,,,,,1,2,,3,1,1,1,3,1,1,,,,,1,,,,,,,3,888,1,1,"01",1,568000,1,1,12,,1,545001705,,
250,18,1069.161,5,52,2,1,1,555,15,,,7,111,,2,1,1,1,4,0,,,,,,1,,,,,,,2,5,1,4,"01",1,75000,1,1,12,1,1,545001805,,
251,1,219.926676666667,5,52,1,1,1,,,1,,111,111,,3,1,1,1,3,1,,,,,111,0,,,,,111,,2,888,0,1,"01",2,,,0,3,,1,545100105,,
251,9,219.926676666667,5,52,1,1,1,555,3,,,111,111,,3,1,1,1,2,0,,,,,,1,,,,,,,2,5,0,2,"02",1,70000,0,0,14,,1,545100905,,
251,10,219.926676666667,5,52,1,1,1,,,,,111,111,,3,1,1,1,2,1,,,,1,,1,,,,,,,3,888,0,1,"02",1,28000,0,0,12,,3,545101005,,
251,12,219.926676666667,5,52,1,1,1,,,2,,111,111,,3,1,1,1,3,1,,,,1,,1,,,,,,,3,888,0,1,"01",2,,,1,12,,2,545101205,,
251,13,219.926676666667,5,52,1,1,1,555,3,,,1,111,,3,1,1,1,3,0,,,,,,1,,,,,,,2,5,0,3,"01",1,130000,1,0,15,,1,545101305,,
252,2,73.2140102316602,5,52,1,1,1,555,14,,,4,7,,3,1,1,0,3,0,,,,,,1,,,,,,,3,888,0,11,"01",1,85000,1,1,3,1,1,545200205,,
252,16,73.2140102316602,5,52,1,1,1,555,3,2,,4,6,,3,1,1,1,2,0,,,,,,1,,,,,,,2,12,0,2,"0102",2,,,1,3,0,1,545201605,,
253,2,16.8411008888889,5,53,2,3,1,,,,,3,1,,3,1,1,1,3,1,1,,,,,1,,,,,,,3,888,0,1,"02",1,75000,1,0,9,,1,555300205,,
253,4,16.8411008888889,5,53,2,3,1,,,,,111,111,,3,1,1,0,3,0,,,,,111,0,,,,,111,,3,888,0,1,"01",1,30000,0,0,3,,1,555300405,,
253,7,16.8411008888889,5,53,2,3,1,555,3,,,1,6,,1,1,1,0,1,0,,,,,,1,,,,,,,1,,,2,"01",1,25000,0,0,8,,3,555300705,,
253,8,16.8411008888889,5,53,2,3,1,,,,,3,1,,3,1,1,1,3,0,,,,1,,1,,,,,,,3,888,0,1,"01",1,31500,0,0,12,,1,555300805,,
253,14,16.8411008888889,5,53,2,3,1,,,,,3,111,,3,1,1,1,3,0,1,,,,,1,,,,,,,3,888,0,1,"01",1,12500,0,0,12,,1,555301405,,
253,16,16.8411008888889,5,53,2,3,1,,,,,6,7,,3,1,1,1,3,0,,,,,111,0,,,,,111,,2,5,0,1,"01",1,30000,1,1,2,0,1,555301605,,
254,1,17.5170951871658,5,53,2,3,1,555,15,2,,7,3,,2,1,1,1,3,1,,,,,,1,,,,,,,2,7,0,3,"02",2,,,0,12,1,555,555400105,,
254,4,17.5170951871658,5,53,2,3,1,555,15,,,1,3,,2,1,1,0,3,0,,,,,,1,,,,,,,2,5,0,1,"01",1,134400,1,1,3,,1,555400405,,
254,7,17.5170951871658,5,53,2,3,1,,,,,111,111,,3,1,1,1,3,1,,,,,111,0,,,,,111,,2,5,0,3,"01",1,30000,1,1,3,,1,555400705,,
254,9,17.5170951871658,5,53,2,3,1,,,2,,1,111,,3,1,1,0,3,0,,,,1,,1,,,,,,,3,888,0,7,"01",2,,,0,4,,3,555400905,,
254,18,17.5170951871658,5,53,2,3,1,,,2,,1,111,,3,1,1,1,3,1,1,,,,,1,,,,,,,3,888,0,4,"01",2,,,0,12,,2,555401805,,
255,7,44.9545909677419,5,53,2,3,1,,,,,6,1,,1,1,1,1,1,0,,,,,111,0,,,,,111,,1,,,3,"01",1,16000,0,0,1,,3,555500705,,
255,10,44.9545909677419,5,53,2,3,1,555,9,,,1,111,,1,1,1,0,1,0,,,,,,1,,,,,,,1,,,5,"0102",1,30000,1,0,4,,1,555501005,,
255,18,44.9545909677419,5,53,2,3,1,,,,,1,6,,1,1,1,0,1,0,,,,,111,0,,,,,111,,1,,,2,"02",1,16000,0,0,1,,3,555501805,,
256,12,29.970521875,5,53,2,3,1,,,,,111,111,,2,1,1,0,3,0,,,,1,,1,,,,,,,3,888,0,4,"0102",1,80000,1,1,5,,3,555601205,,
256,18,29.970521875,5,53,2,3,1,,,4,,111,111,,2,1,1,0,3,0,,,,,111,0,,,,,111,,2,20,0,2,"01",2,,,0,4,,3,555601805,,
257,1,113.698288,5,53,2,3,1,,,,,111,111,,2,1,1,1,3,0,,,,,111,0,,,,,111,,2,17,1,3,"0102",1,75000,1,0,888,,2,555700105,,
257,5,113.698288,5,53,2,3,1,,,,,1,6,,1,1,1,0,1,0,,,,,111,0,,,,,111,,1,,,1,"0102",1,9000,0,0,888,,3,555700505,,
257,9,113.698288,5,53,2,3,1,,,,,6,1,,1,1,1,0,1,0,,,,,111,0,,,,,111,,1,,,3,"0102",1,16000,0,0,4,,3,555700905,,
257,13,113.698288,5,53,2,3,1,,,,,4,111,,2,1,1,0,3,0,,,,,111,0,,,,,111,,2,17,0,3,"02",1,75000,1,0,3,1,555,555701305,,
257,16,113.698288,5,53,2,3,1,,,,,111,111,,2,1,1,0,3,0,,,,,111,0,,,,,111,,2,17,0,3,"01",1,74000,1,0,3,,4,555701605,,
259,3,127.7213,5,53,2,3,1,,,,,111,111,,2,1,1,1,3,1,,,,,111,0,,,,,111,,2,16,0,4,"01",1,80000,1,0,4,,555,555900305,,
259,4,127.7213,5,53,2,3,1,,,,,111,111,,1,1,1,0,1,1,,,,,111,0,,,,,111,,1,,,2,"01",1,29000,1,0,3,,555,555900405,,
259,7,127.7213,5,53,2,3,1,,,,,111,111,,2,1,1,1,3,0,,,,,111,0,,,,,111,,2,9,0,3,"01",1,72000,1,0,12,,3,555900705,,
259,14,127.7213,5,53,2,3,1,,,,,1,6,,2,1,1,1,3,1,,,,,111,0,,,,,111,,2,9,0,2,"01",1,85000,1,1,12,,1,555901405,,
259,15,127.7213,5,53,2,3,1,,,,,1,6,,1,1,1,1,3,0,,,,1,,1,,,,,,,3,888,0,3,"01",1,5000,1,0,888,,3,555901505,,
259,16,127.7213,5,53,2,3,1,,,,,1,7,,2,1,1,1,3,0,,,,,111,0,,,,,111,,2,9,0,1,"01",1,85000,1,1,12,0,3,555901605,,
260,4,85.58195,5,53,2,3,1,,,,,1,111,,1,1,1,1,1,0,,,,,111,0,,,,,111,,1,,,1,"01",1,25000,1,0,1,,3,556000405,,
260,5,85.58195,5,53,2,3,1,,,,,1,6,,1,1,1,0,1,0,,,,,111,0,,,,,111,,1,,,3,"01",1,25000,0,0,3,,1,556000505,,
260,8,85.58195,5,53,2,3,1,,,,,3,6,,2,1,1,1,2,0,,,,,111,0,,,,,111,,2,888,1,1,"01",1,45000,0,0,888,,1,556000805,,
260,10,85.58195,5,53,2,3,1,,,,,111,111,,2,1,1,1,3,1,,,,,111,0,,,,,111,,2,50,0,3,"01",1,172000,1,1,24,,1,556001005,,
260,14,85.58195,5,53,2,3,1,,,,,1,111,,1,1,1,1,1,1,,,,,111,0,,,,,111,,2,888,1,2,"0102",1,30000,0,0,888,,1,556001405,,
261,7,51.7246999148936,5,53,2,3,1,555,17,,,3,111,,2,1,1,1,3,1,,,,,,1,,,,,,,2,17,0,6,"0102",1,26800,1,0,5,,1,556100705,,
261,8,51.7246999148936,5,53,2,3,1,,,,,4,1,,3,1,1,1,3,1,1,,,,,1,,,,,,,3,40,1,2,"02",1,45500,1,0,888,0,1,556100805,,
261,10,51.7246999148936,5,53,2,3,1,555,17,2,,3,111,,2,1,1,1,3,1,,,,,,1,,,,,,,2,8,0,1,"0102",2,,,0,6,,3,556101005,,
261,11,51.7246999148936,5,53,2,3,1,,,555,5,111,111,,2,1,1,1,3,0,,,,,111,0,,,,,111,,2,11,0,1,"02",2,,,1,12,,3,556101105,,
261,14,51.7246999148936,5,53,2,3,1,555,3,2,,3,111,,2,1,1,1,3,1,,,,,,1,,,,,,,2,8,0,1,"01",2,,,0,5,,4,556101405,,
261,16,51.7246999148936,5,53,2,3,1,,,,,7,4,,2,1,1,1,4,0,,,,,111,0,,,,,111,,2,20,0,7,"01",1,100000,1,1,3,0,3,556101605,,
262,1,77.54134,5,53,2,3,1,,,,,111,111,,1,1,1,0,1,0,,,,,111,0,,,,,111,,1,,,1,"02",1,19000,1,0,888,,1,556200105,,
262,6,77.54134,5,53,2,3,1,,,,,111,111,,1,1,1,1,1,1,,,,,111,0,,,,,111,,1,,,1,"0102",1,25000,0,0,4,,555,556200605,,
262,7,77.54134,5,53,2,3,1,555,3,,,1,2,,2,1,1,1,3,1,,,,,,1,,,,,,,2,6,0,1,"0102",1,3600,1,0,12,,1,556200705,,
262,8,77.54134,5,53,2,3,1,,,,,111,111,,2,1,1,1,1,0,,,,,111,0,,,,,111,,1,,,1,"0102",1,66600,1,0,8,,4,556200805,,
262,17,77.54134,5,53,2,3,1,,,,,1,6,,2,1,1,1,3,1,,,,,111,0,,,,,111,,2,9,1,1,"01",1,26000,0,0,4,,3,556201705,,
263,2,73.47207,5,53,2,3,1,,,2,,111,111,,2,1,1,1,3,1,,,,,111,0,,,,,111,,2,8,0,1,"01",2,,,0,4,,2,556300205,,
263,6,73.47207,5,53,2,3,1,555,18,2,,3,6,,2,1,1,1,3,0,,,,,,1,,,,,,,2,20,1,1,"01",2,,,0,8,,3,556300605,,
263,10,73.47207,5,53,2,3,1,555,9,,,111,111,,2,1,1,1,3,1,,,,,,1,,,,,,,2,10,0,2,"01",1,10500,0,0,12,,1,556301005,,
263,11,73.47207,5,53,2,3,1,,,555,5,1,111,,2,1,1,1,3,1,,,,,111,0,,,,,111,,2,17,0,1,"0102",2,,,1,4,,3,556301105,,
263,12,73.47207,5,53,2,3,1,,,3,,1,111,,1,1,1,1,1,0,,,,,111,0,,,,,111,,1,,,1,"01",2,,,0,5,,4,556301205,,
263,14,73.47207,5,53,2,3,1,,,3,,111,111,,3,1,1,1,3,0,,,,,111,0,,,,,111,,2,20,0,1,"01",2,,,0,3,,4,556301405,,
263,15,73.47207,5,53,2,3,1,,,2,,1,4,,3,1,1,0,3,1,,,,,111,0,,,,,111,,3,888,1,1,"0102",2,,,0,15,0,1,556301505,,
264,4,58.9189307692308,5,53,1,1,1,,,,,111,111,,2,1,1,1,1,0,,,,1,,1,,,,,,,3,50,1,2,"01",1,4500,1,1,24,,3,556400405,,
264,12,58.9189307692308,5,53,1,1,1,555,14,,,111,111,,1,1,1,0,1,0,,,,,,1,,,,,,,1,,,1,"01",1,7000,0,0,3,,3,556401205,,
266,2,1278.00605950413,5,53,2,1,1,,,,,4,111,,3,1,1,1,5,1,,,,,111,0,,,,,111,,2,12,1,5,"01",1,150000,1,0,888,0,1,556600205,,
266,7,1278.00605950413,5,53,2,1,1,,,,,111,111,,1,1,1,0,1,0,,,,,111,0,,,,,111,,1,,,4,"01",1,32000,1,0,888,,1,556600705,,
266,10,1278.00605950413,5,53,2,1,1,555,18,,,4,111,,1,1,1,1,1,0,,,,,,1,,,,,,,1,,,4,"0102",1,29500,1,0,4,0,1,556601005,,
266,15,1278.00605950413,5,53,2,1,1,,,,,1,111,,3,1,1,1,3,0,,,,,111,0,,,,,111,,2,12,0,1,"01",1,250000,1,1,8,,1,556601505,,
269,6,71.40509,5,53,2,3,1,555,3,,,1,111,,2,1,1,1,3,1,,,,,,1,,,,,,,2,10,0,1,"0102",1,75600,1,0,6,,1,556900605,,
269,8,71.40509,5,53,2,3,1,,,,,1,3,,2,1,1,1,1,0,,,,,111,0,,,,,111,,1,,,5,"0102",1,31000,0,1,6,,3,556900805,,
269,9,71.40509,5,53,2,3,1,555,3,,,111,111,,1,1,1,0,1,0,,,,,,1,,,,,,,1,,,2,"0102",1,10000,0,0,12,,3,556900905,,
269,11,71.40509,5,53,2,3,1,555,3,,,3,111,,2,1,1,1,3,1,,,,,,1,,,,,,,2,8,0,1,"0102",1,10000,0,0,12,,1,556901105,,
269,14,71.40509,5,53,2,3,1,,,,,111,111,,3,1,1,1,3,1,1,,,,,1,,,,,,,3,40,1,1,"0102",1,2000,1,1,12,,1,556901405,,
269,18,71.40509,5,53,2,3,1,,,,,4,111,,2,1,1,1,3,1,,,,,111,0,,,,,111,,2,12,1,1,"0102",1,5000,1,0,3,0,1,556901805,,
270,2,53.9244598958333,5,53,2,3,1,555,3,,,1,3,,1,1,1,1,1,0,,,,,,1,,,,,,,1,,,2,"0102",1,25000,1,0,4,,3,557000205,,
270,3,53.9244598958333,5,53,2,3,1,555,3,,,3,111,,2,1,1,1,3,1,,,,,,1,,,,,,,2,10,0,1,"01",1,75600,1,0,5,,1,557000305,,
270,6,53.9244598958333,5,53,2,3,1,,,,,111,111,,1,1,1,0,1,0,,,,,111,0,,,,,111,,1,,,4,"01",1,25000,0,0,6,,1,557000605,,
270,8,53.9244598958333,5,53,2,3,1,,,,,4,6,,2,1,1,0,1,0,,,,,111,0,,,,,111,,1,,,1,"02",1,7000,1,0,1,0,4,557000805,,
271,1,215.810832847991,5,53,2,1,1,,,,,3,2,,2,1,1,1,3,1,,,,1,,1,,,,,,,3,888,0,3,"02",1,130000,1,1,3,,3,557100105,,
271,3,215.810832847991,5,53,2,1,1,555,14,,,111,111,,2,1,1,1,3,0,,,,,,1,,,,,,,2,16,0,1,"01",1,95000,1,1,12,,555,557100305,,
271,5,215.810832847991,5,53,2,1,1,,,,,1,111,,2,1,1,1,4,0,,,,,111,0,,,,,111,,2,17,0,1,"02",1,95000,1,1,4,,3,557100505,,
271,13,215.810832847991,5,53,2,1,1,,,,,4,2,,3,1,1,1,3,1,1,,,,,1,,,,,,,3,90,0,3,"01",1,560000,1,1,3,0,1,557101305,,
272,2,,5,53,2,2,1,555,15,3,,1,111,,3,1,1,0,3,0,,,,,,1,,,,,,,2,7,1,2,"01",2,,,0,2,,555,557200205,5,18.5555553436279
272,2,,5,53,2,2,2,,,3,,1,111,,3,0,1,0,3,0,,,,,111,0,,,,,111,,2,7,1,2,"01",2,,,0,2,,1,557200205,5,18.5555553436279
272,2,,5,53,2,2,3,,,3,,1,111,,3,0,1,0,3,0,,,,,111,0,,,,,111,,3,888,1,2,"01",2,,,0,2,,1,557200205,5,18.5555553436279
272,3,,5,53,2,2,1,,,1,,111,111,,3,1,1,1,3,0,,,,,111,0,,,,,111,,2,12,0,1,"01",2,,,1,888,,1,557200305,5,18.5555553436279
272,5,,5,53,2,2,3,555,15,,,2,3,,3,1,1,0,3,0,,,,,,1,,,,,,,3,888,1,1,"01",1,90000,1,0,3,,1,557200505,5,18.5555553436279
272,5,,5,53,2,2,1,555,15,,,2,3,,2,0,1,0,3,0,,,,,,1,,,,,,,2,5,1,1,"01",1,90000,1,1,3,,1,557200505,5,18.5555553436279
272,5,,5,53,2,2,2,555,15,,,2,3,,2,0,1,0,3,0,,,,,,1,,,,,,,2,5,1,1,"01",1,90000,1,0,3,,1,557200505,5,18.5555553436279
272,6,,5,53,2,2,1,555,19,1,,111,111,,3,1,1,1,3,1,,,,,,1,,,,,,,2,5,1,1,"01",2,,,1,3,,555,557200605,5,18.5555553436279
272,6,,5,53,2,2,3,,,1,,111,111,,2,0,1,1,3,1,,,,,111,0,,,,,111,,2,5,1,1,"01",2,,,1,3,,555,557200605,5,18.5555553436279
272,6,,5,53,2,2,2,,,1,,111,111,,2,0,1,0,3,1,,,,,111,0,,,,,111,,2,5,1,1,"01",2,,,1,3,,555,557200605,5,18.5555553436279
272,7,,5,53,2,2,1,,,,,1,111,,3,1,1,0,3,0,,,,1,,1,,,,,,,3,888,0,3,"01",1,50000,1,0,20,,2,557200705,5,18.5555553436279
272,9,,5,53,2,2,1,555,14,,,1,3,,3,1,1,1,3,0,,,,,,1,,,,,,,2,5,0,1,"03",1,33500,1,0,12,,1,557200905,5,18.5555553436279
272,10,,5,53,2,2,1,,,,,1,111,,3,1,1,0,3,1,,,,,111,0,,,,,111,,3,888,1,3,"01",1,90000,1,1,3,,1,557201005,5,18.5555553436279
272,11,,5,53,2,2,1,,,,,1,111,,3,1,1,1,3,0,,,,1,,1,,,,,,,3,888,0,1,"01",1,93000,1,0,15,,3,557201105,5,18.5555553436279
272,12,,5,53,2,2,1,,,,,3,111,,3,1,1,1,4,1,,,,,111,0,,,,,111,,2,7,1,4,"02",1,162000,1,1,4,,1,557201205,5,18.5555553436279
272,13,,5,53,2,2,1,555,14,,,1,111,,3,1,1,0,2,0,,,,,,1,,,,,,,3,888,0,1,"01",1,93000,1,1,15,,1,557201305,5,18.5555553436279
272,14,,5,53,2,2,1,,,,,111,111,,3,1,1,1,3,1,,,,,111,0,,,,,111,,2,8,1,3,"0102",1,90000,1,1,12,,1,557201405,5,18.5555553436279
272,15,,5,53,2,2,1,555,3,,,1,111,,3,1,1,1,2,0,,,,,,1,,,,,,,2,5,0,2,"01",1,93000,1,0,10,,1,557201505,5,18.5555553436279
272,16,,5,53,2,2,1,555,3,,,1,6,,1,1,1,0,2,0,,,,,,1,,,,,,,1,,,1,"01",1,15000,0,0,6,,2,557201605,5,18.5555553436279
272,18,,5,53,2,2,1,555,3,,,1,111,,3,1,1,0,3,0,,,,,,1,,,,,,,3,888,0,1,"02",1,22000,0,0,16,,1,557201805,5,18.5555553436279
273,1,,5,53,2,2,1,,,4,,111,111,,3,1,1,0,2,0,,,,,111,0,,,,,111,,3,888,0,2,"01",2,,,1,3,,1,557300105,5,18.5555553436279
273,2,,5,53,2,2,1,,,4,,111,111,,3,1,1,1,3,1,,,,,111,0,,,,,111,,2,7,0,3,"02",2,,,1,3,,1,557300205,5,18.5555553436279
273,5,,5,53,2,2,1,,,4,,111,111,,3,1,1,1,3,0,,,,,111,0,,,,,111,,2,7,0,3,"01",2,,,1,3,,1,557300505,5,18.5555553436279
273,6,,5,53,2,2,1,,,4,,111,111,,3,1,1,1,3,1,,,,,111,0,,,,,111,,2,7,0,2,"01",2,,,1,3,,1,557300605,5,18.5555553436279
273,7,,5,53,2,2,1,,,1,,1,111,,3,1,1,1,3,0,,,,,111,0,,,,,111,,2,10,0,1,"02",2,,,0,4,,3,557300705,5,18.5555553436279
273,8,,5,53,2,2,1,,,4,,111,111,,3,1,1,1,3,0,,,,,111,0,,,,,111,,2,7,0,3,"02",2,,,1,3,,1,557300805,5,18.5555553436279
273,9,,5,53,2,2,1,,,3,,1,111,,3,1,1,0,3,0,,,,,111,0,,,,,111,,3,888,0,1,"0102",2,,,0,3,,1,557300905,5,18.5555553436279
273,12,,5,53,2,2,1,,,1,,1,111,,3,1,1,1,3,0,,,,,111,0,,,,,111,,2,8,0,1,"01",2,,,1,888,,3,557301205,5,18.5555553436279
273,13,,5,53,2,2,1,,,4,,111,111,,3,1,1,0,3,0,,,,,111,0,,,,,111,,3,888,0,2,"01",2,,,1,3,,1,557301305,5,18.5555553436279
273,16,,5,53,2,2,1,,,4,,7,111,,3,1,1,1,3,0,,,,,111,0,,,,,111,,2,7,0,2,"01",2,,,1,2,0,1,557301605,5,18.5555553436279
273,18,,5,53,2,2,1,,,4,,111,111,,3,1,1,1,4,0,,,,,111,0,,,,,111,,2,7,0,3,"01",2,,,1,3,,1,557301805,5,18.5555553436279
274,1,,5,53,2,2,1,,,,,1,111,,3,1,1,1,3,0,,,,,111,0,,,,,111,,2,17,0,3,"01",1,105000,1,1,12,,1,557400105,5,18.5555553436279
274,4,,5,53,2,2,1,,,,,1,4,,3,1,1,1,3,1,,,,,111,0,,,,,111,,2,50,0,1,"01",1,52200,1,1,12,1,1,557400405,5,18.5555553436279
274,6,,5,53,2,2,1,,,,,111,111,,3,1,1,1,3,0,,,,,111,0,,,,,111,,2,17,0,4,"0102",1,270000,1,1,18,,1,557400605,5,18.5555553436279
274,7,,5,53,2,2,1,555,15,,,1,111,,3,1,1,1,3,0,,,,,,1,,,,,,,2,17,0,3,"01",1,104000,1,1,3,,1,557400705,5,18.5555553436279
274,9,,5,53,2,2,1,555,15,,,4,111,,3,1,1,0,3,0,,,,,,1,,,,,,,3,888,0,1,"01",1,90000,1,1,6,0,1,557400905,5,18.5555553436279
274,10,,5,53,2,2,1,555,16,1,,111,111,,3,1,1,1,3,1,,,,,,1,,,,,,,2,50,0,1,"01",2,,,1,24,,3,557401005,5,18.5555553436279
274,11,,5,53,2,2,1,555,16,,,6,2,,3,1,1,1,2,1,,,,,,1,,,,,,,2,22,0,3,"01",1,208800,1,1,12,,1,557401105,5,18.5555553436279
274,12,,5,53,2,2,1,,,,,2,6,,3,1,1,1,3,1,,,,,111,0,,,,,111,,2,50,0,1,"01",1,90000,1,1,3,,1,557401205,5,18.5555553436279
274,13,,5,53,2,2,1,555,18,,,2,6,,3,1,1,1,3,1,,,,,,1,,,,,,,2,5,0,4,"01",1,172000,1,1,24,,1,557401305,5,18.5555553436279
274,14,,5,53,2,2,1,,,,,1,2,,2,1,1,0,1,0,,,,,111,0,,,,,111,,1,,,1,"01",1,93600,1,1,12,,1,557401405,5,18.5555553436279
274,16,,5,53,2,2,1,555,18,,,1,2,,3,1,1,1,2,1,,,,,,1,,,,,,,2,888,0,3,"02",1,104400,1,1,12,,1,557401605,5,18.5555553436279
274,17,,5,53,2,2,1,,,,,7,1,,3,1,1,1,7,1,,,,,111,0,,,,,111,,2,50,0,6,"02",1,60000,1,1,12,1,1,557401705,5,18.5555553436279
274,18,,5,53,2,2,2,555,3,1,,111,111,,2,0,1,1,3,0,,,,,,1,,,,,,,2,888,0,1,"01",2,,,0,3,,1,557401805,5,18.5555553436279
274,18,,5,53,2,2,1,,,,,3,111,,3,1,1,1,6,1,1,,,1,,1,,,,,,,3,50,0,1,"01",1,200000,0,0,20,,3,557401805,5,18.5555553436279
275,1,,5,53,2,2,1,,,4,,6,111,,2,1,3,0,1,0,,,,,111,0,,,,,111,,1,,,1,"01",2,,,0,3,,2,557500105,5,18.5555553436279
275,2,,5,53,2,2,1,555,15,,,1,111,,2,1,1,0,3,0,,,,,,1,,,,,,,2,7,0,1,"01",1,62000,1,1,4,,1,557500205,5,18.5555553436279
275,3,,5,53,2,2,1,555,3,,,3,1,,3,1,1,1,1,0,,,,,,1,,,,,,,3,888,0,2,"01",1,93000,1,0,9,,1,557500305,5,18.5555553436279
275,4,,5,53,2,2,1,555,14,4,,1,3,,1,1,1,0,1,0,,,,,,1,,,,,,,1,,,2,"02",2,,,0,4,,4,557500405,5,18.5555553436279
275,7,,5,53,2,2,1,,,4,,111,111,,2,1,1,1,3,0,,,,,111,0,,,,,111,,2,6,0,1,"01",2,,,0,24,,2,557500705,5,18.5555553436279
275,9,,5,53,2,2,1,,,,,2,111,,3,1,1,1,4,1,1,,,1,,1,,,,,,,3,888,0,4,"0102",1,216000,1,1,12,,1,557500905,5,18.5555553436279
275,10,,5,53,2,2,1,,,4,,6,7,,2,1,1,0,3,0,,,,,111,0,,,,,111,,2,12,0,3,"01",2,,,0,3,0,555,557501005,5,18.5555553436279
275,11,,5,53,2,2,1,555,15,,,3,1,,2,1,1,1,3,0,,,,,,1,,,,,,,2,7,0,2,"0102",1,87000,1,1,4,,1,557501105,5,18.5555553436279
275,12,,5,53,2,2,1,555,15,,,3,111,,2,1,1,0,3,0,,,,,,1,,,,,,,2,7,0,2,"01",1,62400,1,1,4,,1,557501205,5,18.5555553436279
275,13,,5,53,2,2,1,,,,,111,111,,3,1,1,1,3,1,1,,,1,,1,,,,,,,3,888,0,3,"01",1,104400,1,1,24,,1,557501305,5,18.5555553436279
275,15,,5,53,2,2,1,555,3,,,3,111,,1,1,1,0,2,0,,,,,,1,,,,,,,2,7,0,1,"01",1,20800,1,1,12,,1,557501505,5,18.5555553436279
275,17,,5,53,2,2,1,,,,,6,7,,2,1,3,1,2,0,,,,,111,0,,,,,111,,2,17,0,3,"03",1,2900,1,1,3,0,1,557501705,5,18.5555553436279
276,1,,5,53,2,2,1,555,15,,,1,4,,2,1,1,0,2,0,,,,,,1,,,,,,,2,5,0,1,"01",1,12000,0,0,3,1,4,557600105,5,18.5555553436279
276,3,,5,53,2,2,1,555,15,,,1,3,,2,1,1,1,3,0,,,,,,1,,,,,,,2,7,0,2,"01",1,93600,1,1,3,,1,557600305,5,18.5555553436279
276,4,,5,53,2,2,1,555,18,,,1,7,,2,1,1,0,3,0,,,,,,1,,,,,,,2,7,0,2,"02",1,93600,1,1,4,1,1,557600405,5,18.5555553436279
276,6,,5,53,2,2,1,555,15,,,3,111,,2,1,1,0,3,0,,,,,,1,,,,,,,2,7,0,2,"01",1,93600,1,1,10,,1,557600605,5,18.5555553436279
276,7,,5,53,2,2,1,555,15,,,3,111,,2,1,1,1,3,0,,,,,,1,,,,,,,2,17,0,2,"01",1,93600,1,1,12,,1,557600705,5,18.5555553436279
276,8,,5,53,2,2,1,,,,,3,1,,3,1,1,1,5,1,1,,,1,,1,,,,,,,3,888,0,2,"0102",1,104400,1,1,6,,1,557600805,5,18.5555553436279
276,9,,5,53,2,2,1,555,15,,,1,3,,2,1,1,0,3,0,,,,,,1,,,,,,,2,7,0,2,"01",1,93600,1,1,3,,1,557600905,5,18.5555553436279
276,10,,5,53,2,2,1,,,,,6,1,,3,1,1,1,3,0,,,,,111,0,,,,,111,,2,8,0,2,"02",1,1333400,1,0,888,,1,557601005,5,18.5555553436279
276,11,,5,53,2,2,1,,,,,2,4,,3,1,1,1,2,0,,,,,111,0,,,,,111,,2,8,0,2,"01",1,115000,1,0,888,0,1,557601105,5,18.5555553436279
276,13,,5,53,2,2,1,,,,,6,3,,3,1,1,0,3,0,,,,,111,0,,,,,111,,3,888,0,2,"01",1,119600,1,0,888,,1,557601305,5,18.5555553436279
276,15,,5,53,2,2,1,,,,,1,6,,3,1,1,1,3,0,,,,,111,0,,,,,111,,2,8,0,2,"01",1,119600,1,0,888,,1,557601505,5,18.5555553436279
276,16,,5,53,2,2,1,,,,,1,4,,3,1,1,1,3,0,,,,,111,0,,,,,111,,2,8,0,2,"02",1,133400,1,0,888,0,1,557601605,5,18.5555553436279
276,17,,5,53,2,2,1,,,,,6,111,,3,1,1,0,1,0,,,,,111,0,,,,,111,,1,,,1,"01",1,3000,0,0,888,,4,557601705,5,18.5555553436279
276,18,,5,53,2,2,1,,,,,6,2,,3,1,1,0,3,0,,,,,111,0,,,,,111,,3,888,0,1,"01",1,119600,1,0,888,,1,557601805,5,18.5555553436279
277,1,,5,53,2,2,1,,,3,,111,111,,3,1,1,0,1,0,,,,,111,0,,,,,111,,1,,,1,"01",2,,,0,3,,2,557700105,5,18.5555553436279
277,2,,5,53,2,2,1,,,,,111,111,,3,1,1,0,3,1,,,,,111,0,,,,,111,,3,888,0,1,"01",1,35000,0,0,3,,1,557700205,5,18.5555553436279
277,3,,5,53,2,2,1,,,4,,111,111,,3,1,1,0,2,0,,,,,111,0,,,,,111,,3,888,0,3,"01",2,,,1,4,,1,557700305,5,18.5555553436279
277,5,,5,53,2,2,1,,,4,,111,111,,3,1,1,1,3,1,,,,,111,0,,,,,111,,2,7,0,5,"0102",2,,,1,6,,1,557700505,5,18.5555553436279
277,9,,5,53,2,2,1,,,4,,555,111,7,3,1,1,1,3,0,,,,,111,0,,,,,111,,2,7,0,1,"01",2,,,1,4,,1,557700905,5,18.5555553436279
277,10,,5,53,2,2,1,,,,,3,111,,3,1,1,1,3,0,,,,1,,1,,,,,,,3,888,0,3,"01",1,104400,1,1,12,,1,557701005,5,18.5555553436279
277,11,,5,53,2,2,1,555,3,1,,1,3,,3,1,1,0,3,0,,,,,,1,,,,,,,3,888,0,1,"02",2,,,0,9,,2,557701105,5,18.5555553436279
277,13,,5,53,2,2,1,,,3,,1,3,,3,1,1,1,1,0,,,,1,,1,,,,,,,3,888,0,1,"02",2,,,0,10,,4,557701305,5,18.5555553436279
277,14,,5,53,2,2,1,,,,,3,111,,3,1,1,1,3,0,,,,1,,1,,,,,,,3,888,0,1,"02",1,10300,1,1,12,,1,557701405,5,18.5555553436279
277,15,,5,53,2,2,1,555,3,,,2,1,,3,1,1,1,3,1,,,,,,1,,,,,,,2,5,0,1,"03",1,93000,1,0,12,,1,557701505,5,18.5555553436279
277,17,,5,53,2,2,1,,,,,1,111,,1,1,1,0,1,0,,,,1,,1,,,,,,,3,888,0,3,"01",1,22000,1,0,1,,1,557701705,5,18.5555553436279
278,2,,5,53,2,2,1,555,15,,,555,111,6,1,1,1,0,1,0,,,,,,1,,,,,,,1,,,7,"01",1,15000,0,0,24,,555,557800205,5,18.5555553436279
278,3,,5,53,2,2,1,555,15,,,3,111,,2,1,1,1,3,1,,,,,,1,,,,,,,2,12,0,2,"02",1,115200,1,1,12,,1,557800305,5,18.5555553436279
278,9,,5,53,2,2,1,,,,,2,111,,3,1,1,0,3,0,,,,,111,0,,,,,111,,3,888,0,1,"01",1,93000,1,1,6,,1,557800905,5,18.5555553436279
278,10,,5,53,2,2,1,555,15,,,1,111,,3,1,1,0,3,0,,,,,,1,,,,,,,3,888,0,3,"0102",1,104000,1,1,3,,1,557801005,5,18.5555553436279
278,15,,5,53,2,2,1,555,18,,,7,4,,2,1,1,1,3,0,,,,,,1,,,,,,,2,5,0,3,"01",1,104400,1,1,24,0,1,557801505,5,18.5555553436279
279,1,,5,53,2,2,1,,,,,3,111,,3,1,1,1,3,0,,,,1,,1,,,,,,,3,888,0,2,"01",1,93000,1,0,12,,1,557900105,5,18.5555553436279
279,2,,5,53,2,2,1,555,3,,,1,3,,3,1,1,1,3,0,,,,,,1,,,,,,,2,5,0,4,"02",1,10600,1,1,12,,1,557900205,5,18.5555553436279
279,3,,5,53,2,2,1,,,,,1,6,,2,1,1,0,2,0,,,,,111,0,,,,,111,,2,50,0,1,"02",1,11000,0,1,2,,1,557900305,5,18.5555553436279
279,4,,5,53,2,2,1,555,16,,,1,6,,3,1,1,1,3,1,,,,,,1,,,,,,,2,5,0,1,"02",1,93600,1,1,3,,1,557900405,5,18.5555553436279
279,6,,5,53,2,2,1,,,,,3,111,,3,1,1,0,3,0,,,,,111,0,,,,,111,,3,888,0,3,"01",1,22000,1,1,3,,1,557900605,5,18.5555553436279
279,8,,5,53,2,2,1,,,3,,111,111,,3,1,1,1,3,0,,,,,111,0,,,,,111,,2,8,0,2,"01",2,,,0,888,,1,557900805,5,18.5555553436279
279,10,,5,53,2,2,1,,,4,,6,1,,2,1,1,1,3,0,,,,,111,0,,,,,111,,2,60,0,1,"01",2,,,0,10,,2,557901005,5,18.5555553436279
279,16,,5,53,2,2,1,,,,,6,4,,2,1,1,1,3,1,,,,,111,0,,,,,111,,2,12,0,3,"05",1,2900,1,1,3,0,1,557901605,5,18.5555553436279
279,17,,5,53,2,2,1,,,,,1,4,,1,1,1,0,1,0,,,,,111,0,,,,,111,,1,,,1,"01",1,9000,0,1,4,0,4,557901705,5,18.5555553436279
280,4,628.5525,5,54,2,1,1,555,3,,,111,111,,3,1,1,0,2,0,,,,,,1,,,,,,,3,888,0,1,"01",1,28000,0,0,4,,3,568000405,,
280,7,628.5525,5,54,2,1,1,,,2,,4,6,,2,1,3,1,1,0,,,,,111,0,,,,,111,,1,,,4,"01",2,,,0,12,0,555,568000705,,
280,9,628.5525,5,54,2,1,1,555,14,1,,3,111,,3,1,1,0,2,0,,,,,,1,,,,,,,3,888,0,6,"01",2,,,0,3,,2,568000905,,
280,20,628.5525,5,54,2,1,1,,,,,111,111,,3,1,1,0,2,0,,,,,111,0,,,,,111,,3,888,0,4,"01",1,55000,0,0,12,,1,568002005,,
282,11,155.5122,5,54,1,1,1,,,,,111,111,,2,1,1,1,4,0,,,,,111,0,,,,,111,,2,888,1,5,"01",1,130000,1,1,4,,1,568201105,,
283,2,26.4913280254777,5,54,1,1,1,,,,,111,111,,1,1,1,0,1,0,,,,,111,0,,,,,111,,1,,,1,"01",1,8000,0,0,12,,555,568300205,,
283,3,26.4913280254777,5,54,1,1,1,,,4,,6,7,,1,1,1,0,1,0,,,,,111,0,,,,,111,,1,,,2,"01",2,,,0,3,0,3,568300305,,
284,2,504.9064453125,5,54,2,1,1,555,3,,,6,111,,2,1,1,0,1,0,,,,,,1,,,,,,,2,20,0,1,"02",1,1000,0,0,2,,1,568400205,,
285,12,974.5554,5,54,2,1,1,555,14,,,2,7,,3,1,1,1,3,1,,,,,,1,,,,,,,2,12,0,2,"01",1,75000,1,0,2,0,1,568501205,,
286,2,1101.067,5,54,2,1,1,,,2,,1,3,,3,1,1,0,3,0,,,,,111,0,,,,,111,,3,888,0,6,"01",2,,,0,3,,3,568600205,,
286,6,1101.067,5,54,2,1,1,,,,,4,3,,2,1,1,1,3,1,,,,,111,0,,,,,111,,2,888,0,2,"01",1,75000,1,0,15,0,2,568600605,,
286,8,1101.067,5,54,2,1,1,,,,,111,111,,2,1,1,1,3,1,,,,,111,0,,,,,111,,2,888,0,5,"01",1,130000,1,0,12,,2,568600805,,
286,10,1101.067,5,54,2,1,1,,,,,111,111,,3,1,1,0,2,0,,,,,111,0,,,,,111,,3,888,0,2,"01",1,15000,0,1,12,,2,568601005,,
286,11,1101.067,5,54,2,1,1,,,,,3,111,,3,1,1,1,3,0,,,,,111,0,,,,,111,,2,888,0,2,"01",1,91000,1,0,3,,1,568601105,,
286,12,1101.067,5,54,2,1,1,,,,,111,111,,3,1,1,1,3,0,1,,,,,1,,,,,,,3,50,1,3,"01",1,9000,1,1,12,,1,568601205,,
286,13,1101.067,5,54,2,1,1,,,,,1,2,,2,1,1,1,4,0,,,,,111,0,,,,,111,,2,888,0,2,"01",1,240000,1,1,14,,1,568601305,,
286,14,1101.067,5,54,2,1,1,,,,,4,7,,3,1,1,1,1,0,1,,,,,1,,,,,,,3,50,0,2,"01",1,48000,1,1,3,0,1,568601405,,
286,15,1101.067,5,54,2,1,1,,,,,2,111,,2,1,1,0,3,0,,,,,111,0,,,,,111,,3,50,0,2,"01",1,439000,1,1,4,,1,568601505,,
286,16,1101.067,5,54,2,1,1,,,,,111,111,,3,1,1,0,4,1,,,,,111,0,,,,,111,,3,888,0,4,"01",1,80000,1,0,4,,1,568601605,,
286,17,1101.067,5,54,2,1,1,,,,,111,111,,3,1,1,1,3,1,,,,,111,0,,,,,111,,2,12,0,5,"01",1,215000,1,0,24,,1,568601705,,
286,18,1101.067,5,54,2,1,1,,,,,4,111,,2,1,1,1,3,1,,,,,111,0,,,,,111,,2,888,0,5,"0102",1,130000,1,0,24,0,1,568601805,,
286,19,1101.067,5,54,2,1,1,,,,,111,111,,2,1,1,1,3,0,,,,,111,0,,,,,111,,2,888,0,4,"02",1,75000,1,0,4,,2,568601905,,
286,21,1101.067,5,54,2,1,1,,,,,555,555,11,3,1,1,1,1,1,1,,,,,1,,,,,,,3,55,1,3,"01",1,68000,1,1,4,,1,568602105,,
287,8,266.495759398496,5,55,2,1,1,,,,,5,2,,2,1,1,1,2,0,,,,,111,0,,,,,111,,2,17,0,5,"02",1,96000,1,0,4,0,1,578700805,,
287,9,266.495759398496,5,55,2,1,1,,,,,7,111,,3,1,1,0,3,0,1,,,,,1,,,,,,,3,888,0,3,"0102",1,30000,1,0,3,0,1,578700905,,
288,2,23.3553164556962,5,55,1,1,1,,,,,111,111,,3,1,1,1,3,1,1,,,,,1,,,,,,,3,50,0,1,"01",1,95000,1,1,4,,1,578800205,,
288,4,23.3553164556962,5,55,1,1,1,,,,,4,3,,3,1,1,1,5,0,1,,,,,1,,,,,,,3,55,0,6,"0102",1,740000,1,1,15,0,1,578800405,,
288,6,23.3553164556962,5,55,1,1,1,,,,,2,1,,2,1,1,1,3,1,1,,,,,1,,,,,,,3,888,0,3,"01",1,700000,1,1,18,,1,578800605,,
288,9,23.3553164556962,5,55,1,1,1,,,,,1,3,,3,1,1,0,1,0,,,,,111,0,,,,,111,,1,,,1,"01",1,9000,1,0,1,,4,578800905,,
289,2,1183.564,5,55,2,1,1,,,1,,6,111,,2,1,1,1,3,1,,,,,111,0,,,,,111,,2,12,0,1,"01",2,,,0,4,,1,578900205,,
289,3,1183.564,5,55,2,1,1,,,2,,111,111,,2,1,1,1,3,1,,,,1,,1,,,,,,,3,888,0,1,"01",2,,,1,2,,1,578900305,,
289,6,1183.564,5,55,2,1,1,,,,,7,1,,3,1,1,1,2,0,,,,,111,0,,,,,111,,2,888,0,5,"01",1,70000,1,1,4,0,1,578900605,,
289,10,1183.564,5,55,2,1,1,,,,,111,111,,2,1,1,1,4,1,,,,1,,1,,,,,,,3,888,0,7,"03",1,5000,1,1,24,,1,578901005,,
289,11,1183.564,5,55,2,1,1,,,4,,111,111,,3,1,1,1,3,1,,,,,111,0,,,,,111,,2,888,0,1,"01",2,,,1,2,,1,578901105,,
289,16,1183.564,5,55,2,1,1,,,2,,111,111,,2,1,1,1,3,1,,,,,111,0,,,,,111,,2,10,0,1,"0102",2,,,1,24,,1,578901605,,
290,8,14.105018212766,5,55,2,3,1,,,,,111,111,,2,1,1,1,3,1,,,,,111,0,,,,,111,,2,10,0,3,"0102",1,40000,0,1,24,,1,579000805,,
291,7,59.8551639130435,5,55,2,3,1,555,18,,,1,2,,1,1,1,1,3,0,,,,,,1,,,,,,,2,888,0,3,"0102",1,75000,1,1,3,,555,579100705,,
291,7,59.8551639130435,5,55,2,3,2,,,,,2,1,,1,0,1,1,1,0,,,,,111,0,,,,,111,,2,888,0,3,"0102",1,75000,1,1,3,,555,579100705,,
291,11,59.21156,5,55,2,3,3,,,,,1,2,,1,0,1,1,1,1,,,,,111,0,,,,,111,,2,12,0,1,"01",1,3800,1,0,6,,1,579101105,,
291,11,59.21156,5,55,2,3,1,,,,,2,1,,1,1,1,1,1,1,,,,,111,0,,,,,111,,2,12,0,1,"01",1,3800,1,0,6,,1,579101105,,
291,11,59.21156,5,55,2,3,2,,,,,1,2,,1,0,1,1,3,1,1,,1,,,1,,,,,,,3,888,0,1,"01",1,3800,1,0,6,,1,579101105,,
291,21,59.21156,5,55,2,3,1,,,,,2,3,,2,1,1,1,3,1,,,,,111,0,,,,,111,,2,888,0,2,"0102",1,74000,1,0,12,,2,579102105,,
291,21,59.21156,5,55,2,3,2,,,,,2,3,,3,0,1,1,3,0,,,,,111,0,,,,,111,,2,888,0,2,"0102",1,74000,1,0,12,,1,579102105,,
293,13,44.492,5,55,2,3,1,,,,,1,2,,2,1,1,1,3,0,,,,,111,0,,,,,111,,2,12,0,1,"01",1,80000,1,0,3,,1,579301305,,
293,13,44.492,5,55,2,3,2,,,,,1,2,,2,0,1,1,3,1,,,,,111,0,,,,,111,,2,12,0,1,"01",1,80000,1,0,3,,1,579301305,,
294,6,630.286,5,55,2,1,1,,,,,3,2,,1,0,1,1,1,0,,,,,111,0,,,,,111,,2,6,1,1,"0102",1,5000,1,1,888,,555,579400605,,
294,6,630.286,5,55,2,1,2,,,,,2,1,,1,1,1,1,1,0,,,,,111,0,,,,,111,,2,6,0,1,"0102",1,5000,1,1,12,,555,579400605,,
296,6,7.95912688172043,5,55,2,3,1,,,,,4,6,,2,0,1,1,3,0,,,,,111,0,,,,,111,,2,888,0,2,"01",1,2000,1,0,3,,2,579600605,,
296,6,7.95912688172043,5,55,2,3,2,,,,,6,1,,1,1,1,1,1,0,,,,,111,0,,,,,111,,2,888,0,2,"01",1,2000,1,0,3,0,4,579600605,,
296,17,67.2908,5,55,2,3,1,,,2,,5,3,,2,1,1,0,3,0,,,,,111,0,,,,,111,,2,8,0,6,"0102",2,,,0,7,0,555,579601705,,
297,1,54.5306142265193,5,55,2,3,1,,,,,111,111,,3,1,1,1,4,0,1,,,,,1,,,,,,,3,888,1,3,"02",1,130000,1,0,3,,1,579700105,,
298,8,579.352976190476,5,55,2,1,2,,,,,2,1,,2,1,1,1,2,0,,,,,111,0,,,,,111,,2,17,0,3,"01",1,80000,1,0,3,,2,579800805,,
298,8,579.352976190476,5,55,2,1,1,,,,,1,2,,2,0,1,1,2,0,,,,,111,0,,,,,111,,2,17,0,3,"01",1,80000,1,0,3,,2,579800805,,
299,2,,5,55,2,2,1,,,4,,1,4,,1,1,1,0,1,0,,,,,111,0,,,,,111,,1,,,4,"01",2,,,0,3,0,4,579900205,3,106.034248352051
299,3,,5,55,2,2,1,555,18,,,4,3,,1,1,1,1,1,0,,,,,,1,,,,,,,1,,,3,"02",1,10000,0,0,12,0,2,579900305,3,106.034248352051
299,7,,5,55,2,2,1,,,1,,4,111,,1,1,1,0,1,0,,,,,111,0,,,,,111,,1,,,3,"01",2,,,0,3,1,3,579900705,3,106.034248352051
299,10,,5,55,2,2,1,,,1,,4,111,,1,1,1,0,1,0,,,,,111,0,,,,,111,,1,,,3,"01",2,,,0,3,0,3,579901005,3,106.034248352051
299,11,,5,55,2,2,1,555,9,1,,111,111,,3,1,1,1,3,1,,,,,,1,,,,,,,2,12,0,3,"01",2,,,0,5,,2,579901105,3,106.034248352051
299,16,,5,55,2,2,1,,,,,3,4,,1,1,1,0,1,0,,,,,111,0,,,,,111,,1,,,1,"02",1,9000,0,0,3,0,3,579901605,3,106.034248352051
300,1,,5,55,2,2,3,,,,,111,111,,3,0,1,1,3,0,,,,,111,0,,,,,111,,2,10,0,3,"02",1,130000,0,0,24,,3,580000105,3,106.034248352051
300,1,,5,55,2,2,1,,,,,111,111,,1,1,1,1,1,0,,,,,111,0,,,,,111,,2,10,0,3,"01",1,5000,1,0,24,,3,580000105,3,106.034248352051
300,1,,5,55,2,2,2,,,,,111,111,,2,0,1,1,3,0,,,,,111,0,,,,,111,,2,10,0,3,"02",1,5000,1,0,24,,3,580000105,3,106.034248352051
300,2,,5,55,2,2,1,,,,,111,111,,1,1,1,0,1,0,,,,,111,0,,,,,111,,1,,,1,"01",1,10000,0,0,4,,3,580000205,3,106.034248352051
300,3,,5,55,2,2,2,,,,,111,111,,2,0,1,1,3,1,,,,,111,0,,,,,111,,2,17,0,1,"01",1,5000,1,0,3,,2,580000305,3,106.034248352051
300,3,,5,55,2,2,3,,,,,111,111,,1,1,1,1,1,1,,,,,111,0,,,,,111,,2,17,0,1,"01",1,5000,1,0,12,,2,580000305,3,106.034248352051
300,3,,5,55,2,2,1,,,,,111,111,,3,0,1,1,3,0,,,,,111,0,,,,,111,,2,17,0,1,"01",1,5000,1,0,12,,2,580000305,3,106.034248352051
300,4,,5,55,2,2,1,,,1,,1,4,,1,1,1,1,1,0,,,,,111,0,,,,,111,,2,50,0,2,"01",2,,,0,1,0,3,580000405,3,106.034248352051
300,14,,5,55,2,2,1,,,,,1,2,,3,0,1,1,3,0,,,,,111,0,,,,,111,,2,17,0,1,"01",1,45000,1,0,4,,1,580001405,3,106.034248352051
300,14,,5,55,2,2,2,,,,,1,2,,3,1,1,1,2,0,,,,,111,0,,,,,111,,2,17,0,1,"01",1,45000,1,0,4,,3,580001405,3,106.034248352051
300,15,,5,55,2,2,1,,,,,1,2,,3,0,1,1,3,0,,,,,111,0,,,,,111,,2,17,0,1,"01",1,45000,1,0,3,,1,580001505,3,106.034248352051
300,15,,5,55,2,2,2,,,,,1,2,,3,1,1,1,3,0,,,,,111,0,,,,,111,,2,17,0,1,"01",1,45000,1,0,3,,1,580001505,3,106.034248352051
300,17,,5,55,2,2,1,555,14,1,,111,111,,1,1,1,0,1,1,,,,,,1,,,,,,,1,,,4,"01",2,,,0,3,,2,580001705,3,106.034248352051
301,2,,5,55,2,2,1,,,,,111,111,,1,1,1,1,1,1,,,,,111,0,,,,,111,,2,17,0,1,"01",1,2600,1,0,15,,2,580100205,3,106.034248352051
301,2,,5,55,2,2,2,,,,,111,111,,2,0,1,1,3,1,,,,,111,0,,,,,111,,2,17,0,1,"01",1,2600,1,0,15,,2,580100205,3,106.034248352051
301,3,,5,55,2,2,1,,,,,4,2,,1,1,1,1,1,0,,,,,111,0,,,,,111,,2,888,0,1,"01",1,2600,1,0,8,1,1,580100305,3,106.034248352051
301,6,,5,55,2,2,2,,,,,3,2,,3,0,1,1,6,0,,,,,111,0,,,,,111,,2,6,0,3,"01",1,8000,0,0,6,,1,580100605,3,106.034248352051
301,6,,5,55,2,2,1,,,,,2,3,,3,1,1,1,1,0,,,,,111,0,,,,,111,,1,,,3,"01",1,8000,0,0,6,,2,580100605,3,106.034248352051
301,10,,5,55,2,2,1,,,,,1,2,,3,1,1,1,1,0,,,,,111,0,,,,,111,,1,,,1,"01",1,30000,0,0,1,,2,580101005,3,106.034248352051
301,11,,5,55,2,2,1,555,16,,,4,3,,2,1,1,0,3,0,,,,,,1,,,,,,,2,17,0,1,"01",1,10000,1,1,24,1,1,580101105,3,106.034248352051
301,12,,5,55,2,2,1,,,,,1,3,,1,1,1,0,1,0,,,,,111,0,,,,,111,,1,,,1,"01",1,7000,0,0,4,,555,580101205,3,106.034248352051
301,14,,5,55,2,2,1,555,18,,,3,555,1,1,1,1,1,1,0,,,,,,1,,,,,,,1,,,1,"01",1,8000,0,0,12,,1,580101405,3,106.034248352051
301,16,,5,55,2,2,2,555,9,1,,111,111,,3,0,1,0,1,0,,,,,,1,,,,,,,1,,,2,"01",2,,,0,888,,555,580101605,3,106.034248352051
301,16,,5,55,2,2,3,,,1,,111,111,,1,0,1,0,1,0,,,,,111,0,,,,,111,,1,,,2,"01",2,,,0,888,,555,580101605,3,106.034248352051
301,16,,5,55,2,2,1,,,,,111,111,,1,1,1,1,1,1,,,,,111,0,,,,,111,,1,,,1,"01",1,5000,0,0,888,,555,580101605,3,106.034248352051
302,1,,5,55,2,2,1,,,1,,3,4,,2,1,1,0,2,0,,,,,111,0,,,,,111,,2,17,0,2,"02",2,,,0,6,0,3,580200105,3,106.034248352051
302,2,,5,55,2,2,1,555,17,1,,3,4,,2,1,1,1,2,1,,,,,,1,,,,,,,2,17,0,4,"02",2,,,1,24,1,3,580200205,3,106.034248352051
302,11,,5,55,2,2,1,,,,,3,4,,1,1,1,0,1,0,,,,,111,0,,,,,111,,1,,,1,"01",1,4000,1,0,3,0,3,580201105,3,106.034248352051
302,16,,5,55,2,2,1,,,,,1,4,,1,1,1,0,1,0,,,,,111,0,,,,,111,,1,,,2,"01",1,6000,0,0,3,0,3,580201605,3,106.034248352051
302,18,,5,55,2,2,1,,,,,111,111,,2,1,1,1,3,1,1,,,1,,1,,,,,,,3,888,0,2,"02",1,200000,1,1,15,,3,580201805,3,106.034248352051
303,3,,5,55,2,2,1,,,1,,1,3,,3,1,1,0,1,0,,,,,111,0,,,,,111,,1,,,4,"0102",2,,,0,3,,3,580300305,3,106.034248352051
303,4,,5,55,2,2,1,,,,,1,2,,3,0,1,1,1,0,,,,,111,0,,,,,111,,1,,,3,"01",1,139200,1,0,4,,1,580300405,3,106.034248352051
303,4,,5,55,2,2,2,,,,,1,2,,3,1,1,1,1,0,,,,,111,0,,,,,111,,1,,,3,"01",1,139200,1,0,4,,2,580300405,3,106.034248352051
303,7,,5,55,2,2,1,,,1,,111,111,,3,1,1,0,1,0,,,,,111,0,,,,,111,,1,,,3,"01",2,,,0,12,,3,580300705,3,106.034248352051
303,10,,5,55,2,2,1,,,1,,1,6,,1,1,1,0,1,0,,,,,111,0,,,,,111,,1,,,4,"02",2,,,0,5,,3,580301005,3,106.034248352051
303,13,,5,55,2,2,1,,,1,,4,1,,1,1,1,0,1,0,,,,,111,0,,,,,111,,1,,,3,"01",2,,,0,4,1,3,580301305,3,106.034248352051
303,14,,5,55,2,2,1,,,,,111,111,,1,1,1,0,1,0,,,,,111,0,,,,,111,,1,,,1,"01",1,10000,0,0,12,,3,580301405,3,106.034248352051
303,15,,5,55,2,2,1,,,,,111,111,,1,1,1,0,1,0,,,,,111,0,,,,,111,,1,,,1,"02",1,9000,0,0,12,,3,580301505,3,106.034248352051
304,11,,5,55,2,2,1,,,,,111,111,,3,1,1,0,3,0,,,,,111,0,,,,,111,,3,888,0,1,"01",1,30000,0,0,4,,2,580401105,3,106.034248352051
304,13,,5,55,2,2,1,,,,,4,3,,1,1,1,0,1,0,,,,,111,0,,,,,111,,1,,,1,"01",1,6000,1,0,3,0,3,580401305,3,106.034248352051
304,16,,5,55,2,2,1,,,1,,3,4,,1,1,1,0,1,0,,,,,111,0,,,,,111,,1,,,2,"02",2,,,0,6,1,3,580401605,3,106.034248352051
304,18,,5,55,2,2,1,,,1,,4,6,,1,1,1,0,1,0,,,,,111,0,,,,,111,,1,,,2,"02",2,,,0,3,0,3,580401805,3,106.034248352051
305,1,,5,55,2,2,1,,,1,,3,4,,1,1,1,1,1,0,,,,,111,0,,,,,111,,1,,,4,"01",2,,,0,24,1,2,580500105,3,106.034248352051
305,6,,5,55,2,2,1,555,3,,,6,1,,3,1,1,0,3,0,,,,,,1,,,,,,,3,888,0,3,"0102",1,93600,1,0,4,,1,580500605,3,106.034248352051
305,9,,5,55,2,2,1,,,,,1,3,,3,1,1,1,3,0,,,,,111,0,,,,,111,,2,17,0,2,"0102",1,93600,1,0,5,,3,580500905,3,106.034248352051
305,9,,5,55,2,2,2,,,,,3,1,,3,0,1,1,3,0,,,,,111,0,,,,,111,,2,17,0,2,"0102",1,93600,1,0,5,,3,580500905,3,106.034248352051
305,10,,5,55,2,2,1,,,1,,1,111,,1,1,1,0,1,0,,,,,111,0,,,,,111,,1,,,1,"02",2,,,0,4,,3,580501005,3,106.034248352051
305,11,,5,55,2,2,1,,,,,111,111,,2,1,1,1,3,0,,,,,111,0,,,,,111,,2,12,0,1,"02",1,93600,1,1,15,,4,580501105,3,106.034248352051
305,12,,5,55,2,2,1,555,18,,,3,7,,2,1,1,1,3,0,,,,,,1,,,,,,,2,17,0,3,"0102",1,104400,1,1,13,0,1,580501205,3,106.034248352051
305,16,,5,55,2,2,1,,,,,4,3,,2,1,1,1,3,0,,,,,111,0,,,,,111,,2,888,0,3,"02",1,10000,0,0,6,0,3,580501605,3,106.034248352051
305,17,,5,55,2,2,1,,,,,4,3,,2,1,1,1,3,1,1,,,1,,1,,,,,,,3,888,0,3,"01",1,139200,1,0,6,0,1,580501705,3,106.034248352051
305,18,,5,55,2,2,1,,,3,,1,4,,1,1,1,0,1,0,,,,,111,0,,,,,111,,1,,,2,"01",2,,,0,6,0,3,580501805,3,106.034248352051
306,2,,5,55,2,2,1,,,,,4,1,,1,1,1,0,1,0,,,,,111,0,,,,,111,,1,,,1,"01",1,3000,0,0,2,1,3,580600205,3,106.034248352051
306,3,,5,55,2,2,2,,,,,111,111,,2,0,1,1,3,1,,,,,111,0,,,,,111,,2,17,1,1,"01",1,15900,1,0,12,,2,580600305,3,106.034248352051
306,3,,5,55,2,2,1,,,,,111,111,,1,1,1,1,1,1,,,,,111,0,,,,,111,,2,17,1,1,"01",1,15900,1,0,12,,2,580600305,3,106.034248352051
306,4,,5,55,2,2,1,,,,,6,1,,1,1,1,0,1,0,,,,,111,0,,,,,111,,1,,,5,"02",1,7000,0,0,3,,3,580600405,3,106.034248352051
306,6,,5,55,2,2,1,,,,,4,1,,2,0,1,1,3,1,,,,,111,0,,,,,111,,2,50,1,2,"01",1,15900,1,0,3,0,1,580600605,3,106.034248352051
306,6,,5,55,2,2,2,,,,,1,4,,1,1,1,1,1,1,,,,,111,0,,,,,111,,2,50,1,2,"01",1,15900,1,0,3,0,1,580600605,3,106.034248352051
306,14,,5,55,2,2,1,,,,,4,3,,2,1,1,1,3,1,,,,1,,1,,,,,,,3,888,0,2,"01",1,93600,1,1,12,1,1,580601405,3,106.034248352051
307,2,,5,55,2,2,1,555,16,,,111,111,,3,1,1,1,1,1,,,,,,1,,,,,,,3,888,0,1,"01",1,15000,0,1,888,,4,580700205,3,106.034248352051
307,9,,5,55,2,2,1,,,1,,3,1,,1,1,1,1,1,0,,,,,111,0,,,,,111,,1,,,4,"01",2,,,0,4,,3,580700905,3,106.034248352051
307,10,,5,55,2,2,1,,,1,,1,111,,1,1,1,0,1,0,,,,,111,0,,,,,111,,1,,,1,"01",2,,,0,3,,3,580701005,3,106.034248352051
307,11,,5,55,2,2,1,,,,,1,6,,3,1,1,1,3,1,1,,,1,,1,,,,,,,3,888,0,2,"01",1,30000,1,0,6,,3,580701105,3,106.034248352051
307,12,,5,55,2,2,1,,,1,,3,4,,1,1,1,0,1,0,,,,,111,0,,,,,111,,1,,,2,"02",2,,,0,3,1,3,580701205,3,106.034248352051
308,1,1039.469,5,56,2,1,1,,,,,6,111,,3,1,1,1,4,1,1,,,,,1,,,,,,,3,60,0,1,"01",1,4200,1,0,24,,3,590800105,,
308,4,1039.469,5,56,2,1,1,555,3,,,6,1,,1,1,1,0,1,0,,,,,,1,,,,,,,1,,,1,"01",1,6000,0,0,2,,3,590800405,,
308,8,1039.469,5,56,2,1,1,,,,,111,111,,3,1,1,1,3,1,,,,,111,0,,,,,111,,2,40,0,1,"01",1,3750,1,1,24,,2,590800805,,
308,9,1039.469,5,56,2,1,1,,,,,111,111,,2,1,1,1,3,1,,,,,111,0,,,,,111,,2,888,0,1,"01",1,30000,0,0,2,,3,590800905,,
308,10,1039.469,5,56,2,1,1,,,,,111,111,,3,1,1,0,2,0,1,,,,,1,,,,,,,3,888,0,1,"01",1,3500,1,0,3,,2,590801005,,
308,13,1039.469,5,56,2,1,1,,,,,4,1,,1,1,1,0,1,0,,,,,111,0,,,,,111,,1,,,2,"01",1,3500,1,1,3,0,3,590801305,,
308,14,1039.469,5,56,2,1,1,,,,,6,111,,1,1,1,0,1,0,,,,,111,0,,,,,111,,1,,,1,"01",1,2000,0,0,3,,4,590801405,,
308,15,1039.469,5,56,2,1,2,,,1,,111,111,,3,0,1,0,1,1,,,,,111,0,,,,,111,,1,,,1,"01",2,,,0,3,,1,590801505,,
308,15,1039.469,5,56,2,1,1,,,,,6,3,,2,1,1,0,3,0,,,,,111,0,,,,,111,,2,40,0,3,"01",1,65000,1,0,3,,4,590801505,,
308,17,1039.469,5,56,2,1,1,555,3,,,111,111,,2,1,1,1,3,1,,,,,,1,,,,,,,2,40,0,1,"01",1,20000,0,0,24,,3,590801705,,
308,18,1039.469,5,56,2,1,1,555,3,,,6,3,,2,1,1,0,1,0,,,,,,1,,,,,,,2,888,0,3,"01",1,15000,1,0,2,,3,590801805,,
309,1,25.3374697674419,5,56,1,1,1,,,,,111,111,,3,1,1,1,3,0,,,,,111,0,,,,,111,,2,50,1,1,"0102",1,50000,0,0,11,,1,590900105,,
310,1,1300.178,5,56,2,1,1,,,,,2,7,,3,1,1,1,4,1,1,,,1,,1,,,,,,,3,888,0,5,"01",1,10800,1,1,6,0,1,591000105,,
310,2,1300.178,5,56,2,1,1,,,4,,111,111,,3,1,1,0,3,1,1,,,,,1,,,,,,,3,50,0,1,"01",2,,,1,3,,3,591000205,,
310,4,1300.178,5,56,2,1,1,,,,,111,111,,3,1,1,1,3,0,,,,,111,0,,,,,111,,2,888,0,4,"02",1,34000,1,1,1,,3,591000405,,
310,6,1300.178,5,56,2,1,1,555,3,,,111,111,,3,1,1,1,3,1,,,,,,1,,,,,,,2,60,0,1,"0102",1,165000,1,0,2,,1,591000605,,
310,7,1300.178,5,56,2,1,1,,,3,,1,6,,2,1,1,0,3,1,,,,,111,0,,,,,111,,2,888,0,1,"01",2,,,1,12,,2,591000705,,
310,9,1300.178,5,56,2,1,1,,,,,1,111,,3,1,1,1,3,0,,,,,111,0,,,,,111,,2,888,0,1,"01",1,6000,1,1,24,,3,591000905,,
310,13,1300.178,5,56,2,1,1,,,2,,111,111,,2,1,1,1,3,1,,,,,111,0,,,,,111,,2,7,0,1,"01",2,,,0,24,,3,591001305,,
310,14,1300.178,5,56,2,1,1,,,555,8,6,2,,2,1,1,1,3,1,,,,,111,0,,,,,111,,2,12,0,1,"01",2,,,0,24,,1,591001405,,
310,15,1300.178,5,56,2,1,1,,,4,,4,7,,3,1,1,1,3,1,1,,,,,1,,,,,,,3,50,0,1,"01",2,,,1,4,0,1,591001505,,
310,17,1300.178,5,56,2,1,1,,,,,6,4,,2,1,1,0,2,0,,,,,111,0,,,,,111,,2,7,0,4,"02",1,30000,0,0,3,0,1,591001705,,
311,3,1505.08703561644,5,56,2,1,1,,,,,111,111,,2,1,1,1,3,1,,,,1,,1,,,,,,,3,888,0,1,"01",1,10500,0,0,24,,1,591100305,,
311,5,1505.08703561644,5,56,2,1,1,,,555,7,6,3,,2,1,1,1,3,1,,,,,111,0,,,,,111,,2,888,0,3,"01",2,,,0,4,,1,591100505,,
311,6,1505.08703561644,5,56,2,1,1,,,,,6,2,,2,1,1,1,3,1,,,,,111,0,,,,,111,,2,888,0,2,"01",1,5800,1,0,24,,1,591100605,,
311,7,1505.08703561644,5,56,2,1,1,555,3,,,6,111,,2,1,1,0,3,0,,,,,,1,,,,,,,2,10,0,1,"01",1,91000,0,0,24,,1,591100705,,
311,8,1505.08703561644,5,56,2,1,1,,,,,6,111,,2,1,1,1,3,1,,,,1,,1,,,,,,,3,888,0,1,"01",1,10480,0,1,24,,1,591100805,,
311,9,1505.08703561644,5,56,2,1,1,555,3,,,111,111,,2,1,1,0,1,0,,,,,,1,,,,,,,2,888,0,3,"01",1,25000,0,1,24,,3,591100905,,
312,1,1016.90338604651,5,56,2,1,1,,,,,111,111,,2,1,1,0,1,0,,,,,111,0,,,,,111,,1,,,3,"01",1,28000,0,0,3,,3,591200105,,
312,5,1016.90338604651,5,56,2,1,1,,,,,111,111,,2,1,1,1,3,1,,,,,111,0,,,,,111,,2,10,0,1,"0102",1,21000,1,0,5,,1,591200505,,
312,15,2024.391,5,56,2,1,1,,,3,,111,111,,3,1,1,0,5,0,,,,,111,0,,,,,111,,3,888,0,2,"02",2,,,0,2,,4,591201505,,
314,3,1890.69909118541,5,57,2,1,1,,,,,111,111,,3,1,1,1,3,1,,,,,111,0,,,,,111,,2,10,0,1,"01",1,52500,1,1,6,,1,601400305,,
314,7,1890.69909118541,5,57,2,1,2,,,1,,111,111,,3,0,1,1,3,1,,,,,111,0,,,,,111,,2,888,0,1,"01",2,,,0,3,,1,601400705,,
314,7,1890.69909118541,5,57,2,1,1,,,,,111,111,,2,1,1,1,3,0,,,,,111,0,,,,,111,,2,888,0,1,"01",1,10000,1,1,3,,1,601400705,,
315,7,2205.92189189189,5,57,2,1,1,,,2,,1,4,,1,1,1,0,1,0,,,,,111,0,,,,,111,,1,,,4,"01",2,,,0,3,1,2,601500705,,
315,7,2205.92189189189,5,57,2,1,2,,,2,,4,1,,1,0,1,0,1,0,,,,,111,0,,,,,111,,1,,,4,"01",2,,,0,3,1,2,601500705,,
316,5,2188.705078125,5,57,2,1,2,,,,,1,4,,3,1,1,1,4,1,1,,,,,1,,,,,,,3,888,0,4,"0102",1,30000,1,1,888,,1,601600505,,
316,5,2188.705078125,5,57,2,1,3,,,,,111,111,,2,0,1,0,1,0,,,,,111,0,,,,,111,,1,,,4,"0102",1,10000,0,1,888,0,3,601600505,,
316,5,2188.705078125,5,57,2,1,1,,,,,6,2,,1,0,1,0,1,0,,,,,111,0,,,,,111,,1,,,4,"0102",1,5000,0,0,2,,3,601600505,,
316,17,2188.705078125,5,57,2,1,1,,,4,,111,111,,3,1,1,1,3,0,1,,,,,1,,,,,,,3,50,0,1,"01",2,,,0,18,,1,601601705,,
318,2,14.9964432926829,5,57,1,1,2,555,18,,,1,2,,2,0,1,1,3,0,,,,,,1,,,,,,,2,20,0,2,"01",1,21000,0,0,2,,1,601800205,,
318,2,14.9964432926829,5,57,1,1,1,555,18,,,1,2,,2,1,1,1,3,0,,,,,,1,,,,,,,2,20,0,2,"01",1,21000,0,0,2,,1,601800205,,
318,2,14.9964432926829,5,57,1,1,3,555,18,,,1,2,,2,0,1,1,3,0,,,,,,1,,,,,,,2,20,0,2,"01",1,21000,0,0,2,,1,601800205,,
318,11,14.9964432926829,5,57,1,1,2,,,,,2,4,,2,0,1,1,2,0,,,,,111,0,,,,,111,,2,888,1,1,"01",1,50000,1,1,2,0,2,601801105,,
318,11,14.9964432926829,5,57,1,1,1,,,,,1,4,,2,1,1,1,2,0,,,,,111,0,,,,,111,,2,12,1,1,"01",1,50000,1,1,1,0,1,601801105,,
318,11,14.9964432926829,5,57,1,1,3,,,,,1,2,,3,0,1,1,2,1,,,,,111,0,,,,,111,,2,12,1,2,"01",1,50000,1,1,2,,1,601801105,,
319,9,2566.11,5,57,2,1,1,,,1,,111,111,,3,1,1,1,3,1,,,,,111,0,,,,,111,,2,888,0,1,"01",2,,,0,3,,1,601900905,,
