"Cluster","HL_ID","CI01","CI02","CI06","CI07","CI08","HL_B01","HL_B02","HL_B04","HL_B05","HL_B06","HL_B07","HL_B08","HL_B11","HL_B12","HL_B13","HL_B14A","HL_B14B","HL_B15A","HL_B15","HL_B16A","HL_B16B","HL_B17A","HL_B17B","HL_B18","HL_B19","HL_B20","HL_B21","HL_B22","HL_B23","HL_B24","HL_B25","HL_B26","HL_B26_UNITY","HL_B27","HL_B28A","HL_B28B","HL_B29","HL_B30","HL_B31A","HL_B31B","HL_B32","HL_B33_1","HL_B33_2","HL_B33_3","HL_B34","HL_B35","HL_B36","HL_B37","HL_B38","HL_B39","HL_B40","HL_B41","HL_B42","HL_B43","HL_B44","HL_B45","HL_B46","HL_B47","HL_B48","HL_B49","HL_B50","HL_B51","HL_B52A","HL_B52B","HL_B53","HL_B54","HL_B55","HL_B56","HL_B57","HL_B58","HL_B59","HL_B60","HL_B61A","HL_B61B","HL_B61C","HL_B61D","HL_B62A","HL_B62B","HL_B62C","HL_B62D","HL_B63A","HL_B63B","HL_B63C","HL_B63D","HL_B64A","HL_B64B","HL_B64C","HL_B64D","HL_B65A","HL_B65B","HL_B65C","HL_B65D","HL_B66A","HL_B66B","HL_B66C","HL_B66D","HL_B67A","HL_B67B","HL_B67C","HL_B67D","HL_B68A","HL_B68B","HL_B68C","HL_B68D","HL_B69A","HL_B69B","HL_B69C","HL_B69D","HL_B70A","HL_B70B","HL_B70C","HL_B70D","HL_B71A","HL_B71B","HL_B71C","HL_B71D","HL_B72A","HL_B72B","HL_B72C","HL_B72D","HL_B73A","HL_B73B","HL_B73C","HL_B73D","HL_B74A","HL_B74B","HL_B74C","HL_B74D","HL_B75A","HL_B75B","HL_B75C","HL_B75D","HL_B76A","HL_B76B","HL_B76C","HL_B76D","HL_B77A","HL_B77B","HL_B77C","HL_B77D","HL_B78A","HL_B78B","HL_B78C","HL_B78D","HL_B79A","HL_B79B","HL_B79C","HL_B79D","HL_B80A","HL_B80B","HL_B80C","HL_B80D","HL_B81A","HL_B81B","HL_B81C","HL_B81D","HL_B82A","HL_B82B","HL_B82C","HL_B82D","HL_B83A","HL_B83B","HL_B83C","HL_B83D","HL_B84A","HL_B84B","HL_B84C","HL_B84D","HL_B85A","HL_B85B","HL_B85C","HL_B85D","HL_B86A","HL_B86B","HL_B86C","HL_B86D","HL_B87A","HL_B87B","HL_B87C","HL_B87D","HL_B88A","HL_B88B","HL_B88C","HL_B88D","HL_B89A","HL_B89B","HL_B89C","HL_B89D","HL_B90A","HL_B90B","HL_B90C","HL_B90D","HL_B91A","HL_B91B","HL_B91C","HL_B91D","HL_B92A","HL_B92B","HL_B92C","HL_B92D","HL_B93A","HL_B93B","HL_B93C","HL_B93D","HL_B94_01","HL_B94_02","HL_B94_03","HL_B94_04","HL_B94_05","HL_B94_06","HL_B94_07","HL_B94_08","HL_B94_09","HL_B94_10","HL_B94_11","HL_B94_12","HL_B94_13","HL_B94_14","HL_B94_15","HL_B94_16","HL_B94_17","HL_B94_18","HL_B94_19","HL_B94_20","HL_B94_21","HL_B94_22","HL_B94_23","HL_B94_24","HL_B94_25","HL_B94_26","HL_B94_27","HL_B94_28","HL_B94_29","HL_B94_30","HL_B94_31","HL_B94_32","HL_B94_33","HL_B95","HL_B95_OTHER","HL_B96","HL_B97","Basicweight"
2,1,1,1,2,3,1,"14:31","08/06/2022",1,6,4,5,,1,1,24,80,30,12,1,,,,,1,,1,24,0,,1,1,30,2,0,1,399990,1,900000,300,1,0,,,,,,,,,,,,,,,,,,,,,,0,,0,0,,,,1,3,7,0,,,,1,99,1,1,0,,,,0,,,,1,2,1,1,0,,,,1,8,1,0,1,3,1,0,1,4,3,1,0,,,,0,,,,0,,,,1,6,1,1,1,5,1,0,0,,,,1,99,1,0,1,1,1,0,1,4,1,0,1,3,1,0,0,,,,1,2,1,0,1,1,1,0,1,6,1,0,1,1,1,0,1,1,1,0,1,1,1,0,1,2,1,0,1,20,1,0,0,,,,0,,,,0,,,,1,8,1,0,0,,,,,1,,,1,,,,1,,,,1,,,,,,,,,,,,,,,,,,,,,2," ",1,"15:15",33.29115
3,2,1,1,2,3,1,"14:41","09/06/2022",1,6,13,5,,1,1,30,60,19,12,1,,,,,1,,1,24,0,,1,0,,2,,1,300000,1,1500000,300,1,0,,,,,,,,,,,,,,,,,,,,,,0,,0,0,,,,1,4,7,1,30,2,0,1,10,2,0,0,,,,0,,,,1,1,2,0,0,,,,1,6,2,0,1,1,2,0,1,2,2,0,0,,,,0,,,,0,,,,1,3,2,0,0,,,,0,,,,0,,,,0,,,,1,2,888,0,1,2,888,0,0,,,,1,2,888,0,1,1,888,0,1,2,2,0,0,,,,0,,,,0,,,,1,1,1,0,0,,,,0,,,,0,,,,0,,,,1,1,888,0,0,,,,,,,,,,,,,,,,,,,,,,,,,,,,,,,,,,,,,," ",1,"15:12",65.275125
4,3,1,1,1,3,1,"10:19","09/06/2022",1,6,3,4,,1,3,49,300,30,12,1,,,,,1,,1,23,0,,1,1,30,2,0,1,399000,1,750000,283,1,1,,,,,,,,,,,,,,,,,,,,,,1,1,1,0,,,,1,3,7,0,,,,1,20,888,0,0,,,,1,15,888,0,1,3,888,0,1,1,888,0,1,32,888,0,1,6,888,0,1,2,888,0,0,,,,1,1,888,0,0,,,,1,5,888,0,1,2,888,0,0,,,,1,32,888,0,0,,,,1,3,888,0,1,2,888,0,0,,,,1,3,888,0,1,1,888,0,1,1,888,0,0,,,,1,5,888,0,0,,,,1,4,888,0,1,1,888,0,0,,,,0,,,,0,,,,1,3,888,0,1,1,888,0,,,,,,,,,,,,,,,,,,,,,,,,,,,,,,,,,,," ",1,"15:05",32.3729260273973
6,4,1,1,1,3,6,"12:42","08/06/2022",2,6,4,5,,1,1,36,300,0,12,1,,,,,1,,1,20,1,1,1,2,45,2,0,1,240000,1,300000,213,1,0,,,,,,,,,,,,,,,,,,,,,,0,,0,0,,,,1,3,2,0,,,,1,3,1,0,0,,,,0,,,,1,1,1,0,1,1,1,0,1,15,1,0,1,5,1,0,1,3,1,1,0,,,,0,,,,0,,,,1,4,1,1,0,,,,0,,,,0,,,,0,,,,1,2,888,0,1,1,1,1,0,,,,1,3,1,1,1,1,1,0,1,3,1,1,0,,,,0,,,,0,,,,1,1,3,1,0,,,,0,,,,0,,,,0,,,,0,,,,0,,,,,,,,,,,,1,,,,1,,,,,,1,,1,,1,,,,1,,,,,,,555,"donation",1,"13:13",34.7765724137931
8,5,1,1,1,3,1,"12:15","10/06/2022",2,6,3,4,,1,1,37,150,17,12,1,,,,,1,,1,22,0,,1,5,60,2,0,1,450000,1,1200000,294,1,1,,,,,,,,,,,,,,,,,,,,,,1,1,0,0,,,,1,3,2,1,60,1,0,1,10,1,0,0,,,,0,,,,1,2,1,1,1,1,1,0,1,11,1,0,1,4,1,0,1,3,3,1,0,,,,0,,,,0,,,,1,4,1,0,0,,,,0,,,,1,20,1,1,0,,,,1,3,888,0,0,,,,0,,,,1,2,1,0,1,1,1,0,1,1,1,0,0,,,,0,,,,0,,,,1,1,3,0,0,,,,0,,,,0,,,,0,,,,1,3,1,1,0,,,,,,,,1,,,,1,,,,,,,1,,,,,,,,,,,,,,,,1,,2," ",1,"13:09",28.8663050239234
9,6,1,1,1,3,1,"14:05","08/06/2022",2,6,4,5,,1,1,33,100,10,12,1,,,,,1,,1,24,0,,1,4,2,1,0,1,349980,1,349980,300,1,0,,,,,,,,,,,,,,,,,,,,,,1,1,0,0,,,,1,3,7,0,,,,1,99,2,0,0,,,,0,,,,1,1,2,0,1,1,2,0,1,20,2,0,1,7,2,0,1,1,2,0,0,,,,0,,,,0,,,,1,7,2,0,1,7,2,0,1,1,888,0,1,99,2,0,1,1,2,0,1,3,2,0,0,,,,0,,,,1,3,2,0,1,2,2,0,1,2,2,0,1,1,2,0,1,1,2,0,1,1,2,0,1,2,2,0,1,3,2,0,0,,,,1,1,2,0,0,,,,1,1,2,0,1,1,2,0,,,,,,,,,,,,,,,,,,,,,,,,,,,,,,,,,,," ",1,"14:23",19.4070469002695
10,7,1,1,1,3,1,"12:44","09/06/2022",1,7,1,5,,1,3,50,300,9,12,0,700,1200,1200,1700,1,,1,10,1,2,1,1,30,2,0,1,399990,1,450000,220,1,1,,,,,,,,,,,,,,,,,,,,,,0,,0,0,,,,1,3,3,1,2,1,0,1,50,1,0,0,,,,0,,,,1,1,1,0,1,1,3,0,1,18,1,0,1,2,3,0,0,,,,0,,,,0,,,,0,,,,1,3,1,0,0,,,,0,,,,1,50,1,1,1,1,1,0,1,4,3,0,1,2,3,0,1,1,1,0,1,1,3,0,1,3,3,0,1,1,1,0,1,1,1,0,1,1,3,0,0,,,,0,,,,0,,,,0,,,,0,,,,0,,,,0,,,,1,1,1,0,,,,,,,,,,,,,,,,1,,,,,,,,,,,,,,,,,,555,"It's not planned",1,"13:38",45.3452229357798
12,8,1,2,2,3,1,"11:55","09/06/2022",2,6,7,5,,1,1,20,100,12,12,1,,,,,1,,1,24,0,,1,0,,2,,1,600000,1,180000,300,1,1,,,,,,,,,,,,,,,,,,,,,,0,,0,0,,,,1,4,7,0,,,,0,,,,0,,,,0,,,,1,1,1,0,1,1,1,0,1,10,1,0,1,2,1,0,0,,,,0,,,,0,,,,0,,,,1,3,1,0,0,,,,0,,,,1,18,1,0,0,,,,1,2,888,0,1,1,1,0,0,,,,1,2,1,0,1,1,1,0,0,,,,1,1,1,0,0,,,,0,,,,1,1,1,0,1,1,1,0,1,1,1,0,0,,,,0,,,,1,2,1,0,0,,,,,,,,,,,,,,,,,,,,,,,,,,,,,,,,,,,,,," ",1,"13:13",30.805986784141
14,9,1,2,1,3,1,"11:32","09/06/2022",1,6,3,5,,1,1,32,170,9,12,1,,,,,1,,1,24,0,,1,0,,2,,1,150000,1,450000,226,1,0,,,,,,,,,,,,,,,,,,,,,,1,1,1,0,,,,0,,7,0,,,,0,,,,0,,,,0,,,,1,1,1,0,0,,,,1,13,1,0,1,3,1,0,1,3,1,0,0,,,,0,,,,0,,,,1,2,1,0,0,,,,0,,,,1,21,1,0,0,,,,1,3,3,0,1,2,1,0,0,,,,1,2,1,0,1,1,1,0,1,1,1,0,0,,,,0,,,,0,,,,1,2,3,0,0,,,,0,,,,0,,,,0,,,,1,3,1,0,0,,,,,,,,,,,,,,,,,,,,,,,,,,,,,,,,,,,,,," ",1,"11:59",27.6634577777778
18,10,1,2,2,3,1,"13:54","06/06/2022",2,6,20,5,,1,1,63,3500,13,12,1,,,,,1,,1,24,0,,1,1,5,2,0,1,150000,1,1200000,250,1,0,,,,,,,,,,,,,,,,,,,,,,0,,1,0,,,,1,3,5,1,69,1,0,1,16,1,0,0,,,,0,,,,1,1,1,0,0,,,,1,17,1,0,1,1,1,0,1,3,1,0,0,,,,0,,,,0,,,,1,3,1,0,0,,,,0,,,,1,5,1,0,0,,,,1,3,888,0,1,1,1,0,0,,,,1,3,1,0,1,1,1,0,1,2,1,0,0,,,,0,,,,1,1,888,0,1,4,3,0,0,,,,0,,,,0,,,,0,,,,1,1,1,0,0,,,,,,,,,,,,,,,,,,,,,,,,,,,,,,,,,,,,,," ",1,"14:06",41.0282164502164
20,11,1,2,2,3,1,"14:23","08/06/2022",2,6,20,5,,1,1,32,150,10,12,1,,,,,1,,1,24,0,,1,1,30,2,0,1,199980,1,180000,220,1,1,,,,,,,,,,,,,,,,,,,,,,0,,1,1,0,,,0,,3,1,50,1,0,1,8,1,0,0,,,,1,5,1,0,1,1,1,0,0,,,,1,13,1,0,1,4,1,0,1,4,1,0,0,,,,0,,,,0,,,,1,2,1,1,0,,,,0,,,,0,,,,0,,,,1,4,888,0,1,1,1,1,0,,,,1,2,1,0,1,1,1,0,1,1,1,0,0,,,,0,,,,0,,,,1,2,3,0,0,,,,0,,,,0,,,,0,,,,1,1,1,0,0,,,,,,,,,,,,,,,,1,,,,,,1,,,,,,,,,,,,,,,2," ",1,"14:45",39.7495568493151
21,12,1,2,1,3,1,"11:40","10/06/2022",2,6,4,5,,1,1,44,4500,2,12,1,,,,,1,,1,24,0,,1,1,20,2,0,1,999990,2,300000,300,1,0,,,,,,,,,,,,,,,,,,,,,,0,,0,0,,,,0,,7,0,,,,1,15,2,1,0,,,,0,,,,1,1,1,0,0,,,,1,13,1,0,1,3,1,0,1,8,3,0,1,1,2,0,0,,,,0,,,,1,3,1,0,0,,,,1,1,1,0,1,1,1,1,0,,,,1,2,1,0,0,,,,1,1,3,0,1,1,3,0,1,1,1,0,1,3,1,0,1,1,3,0,1,4,3,0,0,,,,1,2,3,0,1,20,1,0,0,,,,0,,,,0,,,,0,,,,1,1,3,0,,1,,,,,,,,,,,,,,1,,,,,,,,,,,,,,,,,,2," ",1,"12:01",92.4598432989691
24,13,1,2,1,3,1,"16:40","10/06/2022",1,6,3,5,,2,1,350,100,140,12,1,,,,,1,,1,21,0,,1,4,40,2,0,1,2700000,1,2700000,250,1,0,,,,,,,,,,,,,,,,,,,,,,0,,0,1,0,,,1,3,555,0,,,,1,70,888,1,1,67,888,1,0,,,,1,1,888,0,1,1,888,0,1,50,888,0,1,20,888,0,1,1,888,0,1,20,888,1,1,20,888,0,1,20,888,0,1,18,888,0,0,,,,0,,,,1,20,888,0,0,,,,1,10,888,0,1,1,888,1,0,,,,1,10,888,0,1,1,888,0,1,10,888,0,1,6,888,0,1,10,888,0,1,12,888,0,1,20,888,0,1,4,888,0,1,10,888,1,0,,,,1,2,888,0,1,2,888,0,1,1,888,0,,1,1,,,,,,,1,,,,,,,,,1,,,,,,,,,,1,,,,,2," ",1,"16:44",21.1205211428571
26,14,1,2,1,3,1,"16:43","10/06/2022",1,6,6,5,,1,1,60,1500,19,12,1,,,,,1,,1,24,0,,1,2,1,1,0,1,450000,1,150000,300,1,0,,,,,,,,,,,,,,,,,,,,,,0,,0,0,,,,1,3,7,1,45,1,1,1,10,1,0,0,,,,1,1,1,0,0,,,,0,,,,1,14,2,0,1,4,2,0,1,1,2,0,0,,,,0,,,,0,,,,1,4,2,0,0,,,,0,,,,1,26,2,0,0,,,,1,1,888,0,0,,,,0,,,,1,3,2,0,1,1,2,0,1,1,2,0,0,,,,1,5,2,0,0,,,,1,2,2,0,0,,,,0,,,,0,,,,0,,,,1,1,2,0,0,,,,1,,,,,,,,,,,,,,,,,,,,,,,,,,,,,,,,,555,"in plan",1,"17:24",15.1199458740018
29,15,1,2,1,3,2,"18:09","10/06/2022",2,7,7,5,,1,3,42,200,15,12,1,,,,,1,,1,24,0,,1,0,,2,,1,450000,1,450000,300,1,0,1,,,,,,,,,,,,,,,,,,,,,1,1,0,0,,,,0,,5,0,,,,1,15,1,0,0,,,,0,,,,1,1,1,0,0,,,,1,10,1,0,1,3,1,0,1,3,1,0,0,,,,0,,,,0,,,,1,2,1,0,0,,,,0,,,,1,20,1,0,0,,,,1,4,888,0,1,1,1,0,0,,,,1,3,1,0,1,2,1,0,1,2,1,0,0,,,,0,,,,0,,,,0,,,,1,2,3,0,0,,,,0,,,,0,,,,1,1,1,0,0,,,,,,,,,,,,,,,,,,,,,,,,,,,,,,,,,,,,,," ",1,"17:52",65.775825
29,16,1,2,1,3,3,"17:28","10/06/2022",2,6,8,4,,4,2,40,80,0,12,0,700,1200,1200,1700,1,,1,10,0,,1,0,,2,,1,210000,1,600000,300,1,1,,,,,,,,,,,,,,,,,,,,,,0,,0,0,,,,0,,7,0,,,,1,10,1,0,0,,,,0,,,,1,1,1,0,1,1,1,0,1,15,1,0,1,1,1,1,1,2,1,1,1,1,1,0,0,,,,0,,,,0,,,,1,2,1,0,0,,,,1,25,1,0,0,,,,0,,,,1,5,1,0,0,,,,0,,,,0,,,,0,,,,1,5,1,0,0,,,,1,1,1,0,1,1,1,0,0,,,,0,,,,0,,,,0,,,,0,,,,1,1,1,0,,,,,,,,1,1,,,,,,,,,,,,,,,,,,,,,,,,,1," ",0,"17:51",65.775825
30,17,1,2,2,3,1,"11:57","07/06/2022",2,6,18,5,,1,1,27,60,16,12,1,,,,,1,,1,24,1,2,1,1,180,2,0,1,150000,1,180000,264,1,1,,,,,,,,,,,,,,,,,,,,,,0,,0,0,,,,0,,5,1,41,1,1,1,30,1,1,0,,,,0,,,,0,,,,0,,,,1,9,1,0,1,1,1,0,1,3,1,0,0,,,,0,,,,0,,,,1,5,1,0,0,,,,1,1,3,0,0,,,,1,1,1,0,1,4,888,0,1,1,1,0,0,,,,1,2,1,0,1,1,1,0,1,2,1,0,0,,,,1,2,3,0,0,,,,1,2,3,0,0,,,,0,,,,0,,,,0,,,,1,1,1,0,0,,,,1,1,,,,,,,,,,,,,,,,,,,,,,,,,,,,,,,,2," ",1,"11:53",27.3053669724771
34,18,1,2,2,3,2,"07:56","08/06/2022",2,6,4,5,,1,1,34,150,0,12,1,,,,,1,,1,24,0,,1,2,30,2,0,1,600000,1,600000,888,1,0,,,,,,,,,,,,,,,,,,,,,,1,1,1,1,0,,,1,3,7,0,,,,1,6,1,0,0,,,,1,22,1,0,0,,,,1,1,1,0,1,9,1,0,1,2,1,0,1,3,1,0,0,,,,0,,,,0,,,,1,5,1,1,0,,,,0,,,,1,20,1,0,0,,,,1,2,3,0,1,3,1,0,0,,,,1,2,1,0,1,1,1,0,1,2,1,0,1,1,1,0,0,,,,0,,,,0,,,,0,,,,0,,,,0,,,,0,,,,0,,,,0,,,,,,,,,,,,,,,,1,,,,,,,,,,,,,,,,,,,,,555,"It's not planned",1,"08:40",48.7433
35,19,1,3,1,3,1,"12:05","09/06/2022",2,6,17,5,,1,1,32,170,16,12,1,,,,,1,,1,24,0,,1,0,,2,,1,199980,1,300000,220,1,1,,,,,,,,,,,,,,,,,,,,,,0,,1,1,0,,,1,3,7,1,29,1,1,1,76,1,0,0,,,,0,,,,1,3,1,0,0,,,,1,15,1,0,1,4,1,0,1,5,1,0,0,,,,0,,,,0,,,,1,2,1,0,0,,,,0,,,,0,,,,1,1,1,0,1,8,888,0,0,,,,0,,,,1,2,1,0,1,1,1,0,1,2,1,0,0,,,,0,,,,0,,,,1,1,3,0,0,,,,0,,,,0,,,,0,,,,1,1,1,1,0,,,,1,,,,,,,,,,,,,,,,,,,,,,,,,,,,,,,1,,2," ",1,"12:47",39.1813092105263
37,20,1,3,1,3,1,"10:44","10/06/2022",1,6,4,5,,1,1,39,150,54,12,1,,,,,1,,1,24,0,,1,0,,2,,1,300000,1,349980,250,1,0,,,,,,,,,,,,,,,,,,,,,,0,,0,0,,,,1,3,7,0,,,,1,60,1,1,0,,,,0,,,,1,1,1,0,1,1,1,0,1,12,3,1,1,2,1,1,0,,,,0,,,,0,,,,0,,,,1,3,1,0,0,,,,0,,,,0,,,,0,,,,1,2,888,0,0,,,,1,1,1,0,0,,,,0,,,,1,1,1,0,0,,,,0,,,,0,,,,0,,,,1,2,1,0,1,2,1,0,0,,,,0,,,,1,1,888,0,0,,,,,1,,,,,1,1,,,,,,,,,,,,,,,,,,,,,,,,,,555,"It's not planned",1,"11:06",13.9474928131417
39,21,1,3,1,3,5,"10:08","09/06/2022",2,6,3,5,,1,555,42,150,6,12,1,,,,,1,,1,24,1,3,1,1,45,2,0,1,150000,1,450000,220,1,1,,,,,,,,,,,,,,,,,,,,,,1,555,1,0,,,,1,3,7,0,,,,1,5,1,0,1,10,1,0,1,4,1,0,1,1,1,0,1,3,1,0,1,16,1,0,1,3,1,0,1,6,1,0,0,,,,1,1,1,1,0,,,,1,2,1,1,0,,,,0,,,,0,,,,0,,,,1,3,3,1,1,1,1,1,0,,,,1,3,1,1,1,1,1,0,1,1,1,0,0,,,,1,3,3,0,0,,,,1,1,3,0,0,,,,0,,,,0,,,,0,,,,1,1,1,0,1,1,1,0,,,,,,,,,,,1,,1,,,,,1,1,,1,,,,,,,,,,,,,555,"donation",1,"11:01",28.5102728323699
40,22,1,3,1,3,1,"10:42","08/06/2022",2,4,6,2,,1,1,30,200,20,12,1,,,,,1,,1,24,0,,1,0,,2,,1,199980,1,600000,250,1,0,,,,,,,,,,,,,,,,,,,,,,0,,0,0,,,,1,3,7,1,99,2,0,1,30,2,0,0,,,,0,,,,1,3,2,0,0,,,,1,15,2,0,1,5,2,0,1,1,3,0,0,,,,0,,,,0,,,,0,,,,0,,,,0,,,,1,99,2,0,0,,,,1,5,3,0,1,2,2,0,0,,,,1,2,2,0,1,1,2,0,1,1,2,1,0,,,,0,,,,0,,,,1,4,2,0,1,30,3,0,0,,,,0,,,,0,,,,1,6,3,0,0,,,,,,,,,,,,,,,,,,,,,,,,,,1,,,,,,,,,,,555,"in plan",1,"11:06",46.9627568421053
42,23,1,3,1,3,1,"14:21","10/06/2022",1,6,20,5,,1,1,38,350,16,12,1,,,,,1,,1,24,1,3,1,3,60,2,0,1,600000,1,600000,300,1,1,,,,,,,,,,,,,,,,,,,,,,1,4,0,1,1,3,0,1,3,3,1,10,888,1,0,,,,0,,,,0,,,,1,1,888,0,1,1,3,1,1,25,3,1,1,4,3,1,1,2,3,0,0,,,,0,,,,0,,,,1,5,888,1,0,,,,0,,,,1,50,3,1,0,,,,1,2,888,1,0,,,,0,,,,1,3,3,1,0,,,,1,1,3,1,0,,,,0,,,,1,6,3,1,1,1,3,0,0,,,,0,,,,0,,,,0,,,,1,2,888,1,0,,,,1,,,,,1,1,1,,,,,1,,,1,,1,,,1,,1,,,1,,,,,,1,,3," ",1,"14:58",23.9960368421053
45,24,1,3,1,3,1,"12:59","08/06/2022",2,4,20,555,,1,1,40,150,31,12,1,,,,,1,,1,24,0,,1,2,1,1,0,1,300000,1,450000,300,1,0,,,,,,,,,,,,,,,,,,,,,,0,,0,0,,,,1,3,3,1,47,2,0,1,11,2,0,1,8,2,0,0,,,,0,,,,0,,,,1,10,1,0,1,2,1,0,1,2,3,0,0,,,,0,,,,0,,,,1,3,1,0,0,,,,0,,,,1,50,2,0,1,1,1,0,1,5,2,0,1,2,1,0,0,,,,1,2,1,1,1,2,1,1,1,1,1,0,0,,,,0,,,,0,,,,1,4,3,1,0,,,,0,,,,0,,,,0,,,,1,3,1,0,0,,,,,,,,,,,,,,,,,,,,,,,,1,1,,,,,1,,,,,,,555,"It's not planned",1,"13:02",17.1043262068966
47,25,1,3,1,3,1,"10:39","10/06/2022",1,6,9,5,,1,3,53,150,30,12,1,,,,,1,,1,24,0,,1,1,30,2,0,1,219990,1,750000,260,1,0,,,,,,,,,,,,,,,,,,,,,,0,,0,0,,,,1,3,5,0,,,,1,20,888,0,0,,,,1,10,2,0,1,1,2,0,1,1,3,0,1,22,3,0,1,4,3,0,1,3,1,0,0,,,,0,,,,0,,,,0,,,,0,,,,0,,,,1,20,2,0,0,,,,1,7,2,0,1,2,3,0,0,,,,1,3,3,0,1,1,3,0,1,3,3,0,0,,,,1,6,3,0,0,,,,1,3,3,0,0,,,,0,,,,1,2,3,0,0,,,,1,1,2,0,0,,,,,,,,,,,,,,,,,,,,,,,,,,,,,,,,,,,,,," ",1,"11:07",88.8850588235294
48,26,1,3,1,3,1,"10:37","08/06/2022",2,6,20,5,,1,1,30,150,14,12,1,,,,,1,,1,24,0,,1,0,,2,,1,150000,1,300000,265,1,0,,,,,,,,,,,,,,,,,,,,,,0,,0,0,,,,1,3,7,0,,,,0,,,,0,,,,1,40,888,0,1,1,888,0,0,,,,1,10,888,0,1,3,888,0,1,3,3,0,0,,,,0,,,,0,,,,1,5,3,0,0,,,,0,,,,1,40,888,0,0,,,,1,5,2,0,1,2,3,0,0,,,,1,2,3,0,1,1,3,0,1,2,3,0,0,,,,1,4,3,0,0,,,,1,1,3,0,0,,,,0,,,,0,,,,0,,,,1,1,2,0,0,,,,,,,,,,,,,,,,,,,,,,,,,,,,,,,,,,,,,," ",1,"11:07",24.1846151162791
50,27,2,1,1,3,1,"12:02","23/06/2022",2,6,3,5,,1,1,32,97,23,12,1,,,,,1,,1,24,0,,1,0,,2,,1,900000,1,600000,250,1,0,,,,,,,,,,,,,,,,,,,,,,0,,0,1,1,3,1,0,,7,1,20,2,0,1,2,2,0,0,,,,0,,,,1,1,2,1,0,,,,1,7,3,0,1,2,2,1,1,1,3,0,1,1,2,0,0,,,,0,,,,1,2,2,0,0,,,,1,1,3,0,1,10,2,0,0,,,,1,2,2,0,0,,,,0,,,,1,1,2,0,0,,,,1,1,2,0,0,,,,0,,,,0,,,,0,,,,0,,,,0,,,,0,,,,0,,,,1,5,2,0,0,,,,,,,,1,,,1,,,,,,,,,,,,,,,,,,,,,,,,,,2," ",1,"12:17",20.2034487562189
52,28,2,1,2,3,1,"14:37","23/06/2022",1,6,4,5,,1,1,33,100,16,12,1,,,,,1,,1,24,0,,1,0,,2,,1,750000,1,150000,300,1,0,,,,,,,,,,,,,,,,,,,,,,0,,0,0,,,,0,,7,1,28,1,0,0,,,,0,,,,0,,,,1,1,1,0,0,,,,1,3,1,0,1,2,1,0,1,1,1,0,0,,,,0,,,,0,,,,1,3,1,0,0,,,,0,,,,0,,,,0,,,,1,4,2,0,1,2,1,0,1,5,2,0,1,1,1,0,0,,,,1,1,888,0,1,3,1,0,0,,,,0,,,,0,,,,1,1,2,0,1,1,3,0,0,,,,0,,,,1,5,2,0,0,,,,,,,,,,,,,,,,,,,,,,,,,,,,,,,,,,,,,," ",1,"14:56",90.9873333333333
53,29,2,1,2,3,1,"11:22","23/06/2022",2,6,3,4,,1,1,27,120,25,12,1,,,,,1,,1,24,1,2,1,0,,2,,1,900000,1,1200000,300,1,0,,,,,,,,,,,,,,,,,,,,,,0,,0,0,,,,1,3,7,1,12,1,1,0,,,,0,,,,0,,,,1,2,1,0,0,,,,1,5,1,0,1,3,1,0,0,,,,0,,,,0,,,,0,,,,1,3,1,0,0,,,,1,1,1,0,0,,,,0,,,,1,4,2,0,0,,,,1,5,1,0,1,2,1,0,0,,,,1,3,1,0,0,,,,1,2,1,0,0,,,,0,,,,1,1,1,0,1,1,1,0,0,,,,0,,,,1,3,2,0,0,,,,1,,,,,,,,,,,,,,,,,,,,,,,,,,,,,,,,,2," ",1,"11:45",152.80155
54,30,2,1,2,3,1,"13:57","21/06/2022",1,6,3,1,,1,1,28,50,27,12,1,,,,,1,,1,24,1,2,1,1,120,2,0,1,300000,1,150000,300,1,0,,,,,,,,,,,,,,,,,,,,,,0,,1,0,,,,1,3,5,0,,,,1,20,1,0,0,,,,0,,,,1,1,2,0,0,,,,1,10,2,0,1,1,2,0,1,1,2,0,0,,,,0,,,,0,,,,1,1,2,0,0,,,,0,,,,1,10,2,0,0,,,,1,5,1,0,0,,,,0,,,,1,2,2,0,0,,,,0,,,,0,,,,0,,,,0,,,,0,,,,0,,,,0,,,,0,,,,0,,,,1,1,1,0,0,,,,,,,,,,,,,,,,,,,,,,,,,,,,,,,,,,,,,," ",1,"14:36",45.2318409090909
55,31,2,1,2,3,1,"14:55","21/06/2022",1,6,6,5,,1,1,26,60,14,12,1,,,,,1,,1,24,0,,1,0,,2,,1,1200000,1,300000,300,1,0,,,,,,,,,,,,,,,,,,,,,,0,,0,0,,,,1,7,7,1,30,1,0,1,3,1,0,0,,,,0,,,,1,1,1,1,0,,,,1,10,1,0,1,2,1,0,1,2,1,0,0,,,,0,,,,0,,,,0,,,,0,,,,0,,,,0,,,,0,,,,1,3,2,0,1,1,1,0,1,1,1,0,1,2,1,0,0,,,,1,2,1,1,0,,,,0,,,,0,,,,0,,,,0,,,,1,1,1,0,0,,,,0,,,,1,3,2,0,0,,,,,,,,1,,,,,,,,,,,,,,,,,,1,,,,,,,,,,,3," ",1,"15:15",207.560347826087
58,32,2,2,2,3,10,"17:28","13/06/2022",1,6,3,5,,1,1,25,135,26,12,1,,,,,1,,1,22,0,,1,7,20,2,0,1,150000,1,600000,300,1,1,,,,,,,,,,,,,,,,,,,,,,0,,0,0,,,,0,,2,1,40,888,0,1,12,888,0,0,,,,0,,,,1,2,888,0,0,,,,1,12,3,0,1,3,888,0,1,2,3,0,0,,,,0,,,,0,,,,1,4,2,0,0,,,,0,,,,1,50,2,0,0,,,,1,1,2,0,1,2,1,0,0,,,,1,2,2,0,0,,,,1,3,2,0,1,2,2,0,0,,,,0,,,,0,,,,1,2,2,0,1,1,2,0,0,,,,0,,,,1,1,2,0,0,,,,,,,,,,,,,,,,,,,,,,,,,,,,,,,,,,,,,," ",1,"17:47",94.0141550802139
68,33,2,2,2,3,1,"12:35","14/06/2022",1,6,14,5,,1,1,24,600,21,12,1,,,,,1,,1,24,1,2,1,2,1,1,0,1,150000,1,300000,300,1,0,,,,,,,,,,,,,,,,,,,,,,0,,1,0,,,,1,4,3,1,50,1,1,1,14,1,0,0,,,,0,,,,1,1,1,0,0,,,,1,8,1,0,1,4,1,0,1,2,1,0,0,,,,0,,,,0,,,,1,1,1,1,0,,,,0,,,,0,,,,0,,,,1,5,888,0,0,,,,0,,,,1,3,1,0,1,2,1,0,1,1,2,0,0,,,,1,2,3,0,0,,,,1,2,3,0,0,,,,0,,,,0,,,,0,,,,1,1,1,0,0,,,,1,,,,,,,,,,,,1,,,,,,,,,,,,,,,,,,,,,1," ",1,"12:50",138.488
71,34,2,2,2,3,10,"15:58","21/06/2022",2,6,8,5,,1,1,35,300,50,12,1,,,,,1,,1,24,0,,1,5,2,1,0,1,180000,1,1200000,300,1,1,,,,,,,,,,,,,,,,,,,,,,0,,0,0,,,,0,,7,0,,,,1,30,3,1,0,,,,0,,,,0,,,,0,,,,1,4,3,0,1,2,3,0,1,2,3,0,0,,,,0,,,,0,,,,1,1,1,0,0,,,,0,,,,0,,,,0,,,,1,2,1,0,0,,,,1,1,1,0,1,2,3,1,0,,,,0,,,,1,2,3,0,0,,,,1,2,3,0,1,2,3,1,1,2,1,0,1,1,1,0,1,4,1,1,0,,,,1,1,1,1,0,,,,,1,,,,,,,,,,,,,,,,,,,1,,,,,,1,,,1,,1,,2," ",1,"16:41",111.031052054795
79,35,2,3,1,3,2,"10:00","15/06/2022",1,6,20,5,,1,3,38,100,19,12,1,,,,,1,,1,24,0,,1,3,30,2,0,1,519990,1,450000,225,1,0,,,,,,,,,,,,,,,,,,,,,,0,,0,0,,,,0,,5,1,30,1,0,1,4,1,0,0,,,,0,,,,1,3,1,0,1,1,1,0,1,7,3,0,1,2,1,0,1,1,3,0,0,,,,0,,,,0,,,,1,3,1,0,0,,,,0,,,,1,8,1,0,0,,,,1,7,2,0,1,2,1,0,0,,,,1,2,1,0,1,2,1,0,1,2,1,0,0,,,,1,3,3,0,0,,,,1,3,3,0,1,13,3,0,0,,,,0,,,,0,,,,1,3,888,0,1,1,1,0,,,,,,,,,,,,,,,,,,,,,,,,,,,,,,,,,,," ",1,"10:21",13.34441
80,36,2,3,2,3,3,"13:23","13/06/2022",2,6,2,1,,1,1,6,70,15,12,1,,,,,1,,1,24,0,,1,1,30,2,0,1,888,1,300000,220,1,0,,,,,,,,,,,,,,,,,,,,,,0,,0,1,0,,,0,,5,1,17,888,0,0,,,,0,,,,0,,,,1,1,1,0,0,,,,1,13,3,0,0,,,,1,3,3,0,0,,,,0,,,,0,,,,1,3,888,0,0,,,,0,,,,1,15,1,0,0,,,,1,4,1,0,1,1,3,0,1,1,3,0,1,1,3,0,0,,,,1,2,1,0,1,3,3,0,1,5,3,0,0,,,,1,3,3,0,1,50,3,0,0,,,,0,,,,0,,,,1,1,2,0,0,,,,,,,,,,,,,,,,,,,,,,,,,,,,,,,,,,,,,," ",1,"14:16",104.835668449198
81,37,2,3,2,3,1,"09:43","18/06/2022",2,6,20,1,,1,1,24,150,18,12,1,,,,,1,,1,24,1,2,1,1,2,1,0,1,888,1,750000,230,1,0,,,,,,,,,,,,,,,,,,,,,,0,,0,0,,,,0,,3,1,26,1,0,1,15,1,0,1,5,1,0,0,,,,1,1,1,0,0,,,,0,,,,1,1,1,0,1,1,3,0,0,,,,0,,,,0,,,,1,3,1,0,0,,,,0,,,,1,6,1,0,0,,,,0,,,,0,,,,0,,,,1,1,1,0,0,,,,1,1,1,0,0,,,,0,,,,1,1,3,0,1,1,3,0,1,50,3,0,0,,,,0,,,,0,,,,1,1,1,0,0,,,,,,,,,,,,,,,,,,,,,,,,,,,,,,,,,,,,,," ",1,"10:05",112.872822222222
82,38,2,3,2,3,3,"13:15","14/06/2022",2,4,2,555,,1,1,24,120,13,12,1,,,,,1,,1,24,0,,1,5,30,2,0,1,369990,1,1200000,200,1,0,,,,,,,,,,,,,,,,,,,,,,0,,0,1,0,,,0,,3,0,,,,1,45,1,0,0,,,,0,,,,0,,,,0,,,,1,32,3,0,1,3,1,0,1,3,3,0,0,,,,0,,,,0,,,,1,3,1,0,0,,,,0,,,,0,,,,0,,,,1,3,888,0,1,1,1,0,1,4,1,0,1,2,1,0,0,,,,1,1,1,0,0,,,,1,2,3,1,0,,,,1,1,1,0,0,,,,0,,,,0,,,,1,1,1,0,1,1,1,0,0,,,,,,,,,,,,,,,,,,,,,,,,,,,,1,,,,,,,,,555,"No space",1,"13:37",198.80024
84,39,2,4,2,3,1,"11:23","15/06/2022",1,3,6,4,,1,1,27,100,24,12,1,,,,,1,,1,24,0,,1,0,,2,,1,199980,1,300000,300,1,0,,,,,,,,,,,,,,,,,,,,,,0,,0,0,,,,0,,7,1,20,1,0,1,4,1,0,0,,,,0,,,,1,1,1,0,0,,,,1,15,1,0,1,2,2,0,1,1,1,0,1,1,1,0,0,,,,0,,,,1,5,1,0,0,,,,0,,,,0,,,,0,,,,1,5,2,1,0,,,,1,1,1,1,1,2,1,0,0,,,,1,2,1,1,1,2,1,0,0,,,,0,,,,1,1,1,0,0,,,,0,,,,0,,,,0,,,,1,3,2,0,0,,,,,,,,,,,,,,,,,,,,,1,,1,,,1,,,,,,,,,,,3," ",1,"11:46",72.2506289308176
86,40,2,4,1,3,1,"09:41","20/06/2022",1,6,6,5,,1,1,23,70,8,12,1,,,,,1,,1,24,0,,1,0,,2,,1,1050000,1,900000,300,1,0,,,,,,,,,,,,,,,,,,,,,,0,,0,0,,,,0,,7,1,40,1,0,1,3,1,0,0,,,,1,2,1,0,0,,,,0,,,,1,12,1,0,1,3,1,0,1,3,1,0,0,,,,0,,,,0,,,,1,3,1,0,0,,,,0,,,,0,,,,0,,,,1,2,2,0,0,,,,1,3,1,0,1,2,1,0,0,,,,1,2,1,0,1,1,1,0,0,,,,0,,,,1,1,1,0,1,1,1,0,0,,,,0,,,,0,,,,0,,,,0,,,,,,,,,,,,,,,,,,,,,,,,,,,,,,,,,,,,,," ",1,"09:55",18.0087829787234
87,41,2,4,2,3,1,"15:42","20/06/2022",2,6,6,1,,1,1,30,100,21,12,1,,,,,1,,1,24,0,,1,0,,2,,1,750000,1,750000,300,1,0,,,,,,,,,,,,,,,,,,,,,,0,,0,0,,,,0,,7,1,30,1,0,1,3,1,0,0,,,,0,,,,1,1,1,0,0,,,,1,4,1,0,1,2,1,0,1,3,1,0,0,,,,0,,,,0,,,,1,3,1,0,0,,,,0,,,,0,,,,0,,,,1,3,2,0,0,,,,0,,,,0,,,,0,,,,1,3,1,0,0,,,,0,,,,0,,,,1,2,1,0,1,1,1,0,1,1,2,0,0,,,,0,,,,0,,,,0,,,,,,,,,,,,,,,,,,,,,,,,,,,,,,,,,,,,,," ",1,"16:00",102.260069686411
89,42,2,4,1,3,1,"12:23","16/06/2022",2,4,6,555,,1,1,30,105,14,12,1,,,,,1,,1,24,0,,1,0,,2,,1,159990,1,450000,300,1,0,,,,,,,,,,,,,,,,,,,,,,0,,0,0,,,,0,,7,1,67,1,0,0,,,,0,,,,0,,,,1,2,1,0,0,,,,1,9,1,1,1,5,1,1,1,1,1,0,1,3,1,0,1,2,1,0,0,,,,1,2,1,1,0,,,,0,,,,0,,,,0,,,,1,2,2,0,1,1,1,0,0,,,,1,2,1,0,0,,,,1,1,1,0,0,,,,1,3,1,0,0,,,,0,,,,0,,,,0,,,,0,,,,0,,,,1,3,2,0,0,,,,,,,,,,1,1,,,,,1,,,,,,,,,,,,,,,,,,,,,2," ",0,"12:33",15.4509974137931
90,43,2,5,2,3,1,"16:03","13/06/2022",1,6,6,5,,1,1,22,50,18,12,1,,,,,1,,1,24,0,,1,1,1,1,0,1,1050000,1,1200000,300,1,0,,,,,,,,,,,,,,,,,,,,,,0,,0,0,,,,0,,7,1,5,888,0,1,10,1,0,0,,,,0,,,,1,1,2,0,0,,,,1,12,1,0,1,3,1,0,1,1,3,0,0,,,,0,,,,0,,,,1,2,1,0,0,,,,0,,,,0,,,,0,,,,1,5,1,0,1,1,1,0,1,5,2,0,1,1,1,0,0,,,,1,3,1,0,0,,,,1,1,3,0,1,1,2,0,1,1,3,0,0,,,,0,,,,0,,,,0,,,,0,,,,0,,,,,,,,,,,,,,,,,,,,,,,,,,,,,,,,,,,,,," ",1,"16:27",124.678725925926
91,44,2,5,2,3,1,"15:26","14/06/2022",1,3,6,4,,1,1,32,150,30,12,1,,,,,1,,1,24,0,,1,0,,2,,1,1200000,1,900000,300,1,0,,,,,,,,,,,,,,,,,,,,,,0,,0,0,,,,1,4,7,1,6,1,0,0,,,,0,,,,0,,,,1,2,1,0,0,,,,1,12,1,0,1,2,1,0,1,1,1,0,0,,,,0,,,,0,,,,1,2,1,0,0,,,,0,,,,0,,,,0,,,,1,7,2,0,0,,,,0,,,,1,3,1,0,0,,,,1,1,1,0,1,3,1,0,0,,,,0,,,,0,,,,0,,,,0,,,,0,,,,0,,,,0,,,,0,,,,,,,,,,,,,,,,,,,,,,,,,,,,,,,,,,,,,," ",1,"15:52",5.83359555555556
92,45,2,5,1,3,1,"08:00","20/06/2022",1,6,3,5,,1,1,26,80,10,12,1,,,,,1,,1,24,0,,1,1,15,2,0,1,750000,1,750000,260,1,0,,,,,,,,,,,,,,,,,,,,,,0,,0,0,,,,1,3,7,0,,,,0,,,,0,,,,1,32,1,0,1,1,1,1,0,,,,1,10,1,0,1,1,1,0,1,1,1,0,0,,,,0,,,,0,,,,1,2,1,0,0,,,,1,1,3,0,1,15,1,0,0,,,,1,3,1,0,1,1,1,0,0,,,,1,1,1,0,0,,,,1,1,1,0,0,,,,0,,,,0,,,,1,4,3,0,0,,,,0,,,,0,,,,0,,,,1,1,1,0,0,,,,,,,,1,,,,,,,,,,,,,,,,,,,,,,,,,,,,,555,"It's not planned",1,"08:30",6.58144009096816
99,46,2,5,2,3,1,"10:02","20/06/2022",1,6,3,1,,1,1,22,50,18,12,1,,,,,1,,1,24,0,,1,0,,2,,1,450000,1,180000,216,1,0,,,,,,,,,,,,,,,,,,,,,,0,,0,0,,,,1,3,7,0,,,,0,,,,0,,,,1,50,1,0,1,2,1,0,0,,,,1,7,1,0,1,2,1,0,1,1,1,0,0,,,,0,,,,0,,,,1,3,1,0,0,,,,1,1,1,0,1,10,1,0,0,,,,1,3,888,0,1,2,1,0,0,,,,1,1,1,0,0,,,,1,1,1,0,1,1,1,0,1,2,1,0,0,,,,0,,,,1,1,1,1,0,,,,0,,,,0,,,,1,1,1,0,0,,,,,,,,,,,,,,,,,,,,,,,,,,,,,,,1,,,,,,555,"It's not planned",1,"10:23",134.667481889764
100,47,2,5,2,3,1,"15:02","20/06/2022",1,6,4,5,,1,1,23,100,34,12,1,,,,,1,,1,24,0,,1,0,,2,,1,300000,1,300000,220,1,0,,,,,,,,,,,,,,,,,,,,,,0,,1,0,,,,1,4,2,0,,,,0,,,,0,,,,0,,,,1,3,1,0,0,,,,1,13,1,0,1,4,1,0,1,1,1,0,0,,,,0,,,,0,,,,1,3,1,0,0,,,,1,1,1,0,0,,,,0,,,,1,3,888,0,1,1,1,0,0,,,,1,2,1,0,0,,,,0,,,,0,,,,1,3,888,1,0,,,,0,,,,0,,,,0,,,,0,,,,0,,,,1,1,1,0,0,,,,,,,,,,,,,,,,,,,,,,,,,,,,1,,,,,,,,,555,"No space",1,"15:15",179.081928947368
114,48,2,6,2,3,1,"14:25","22/06/2022",1,6,5,4,,1,1,32,120,12,12,1,,,,,1,,1,24,1,1,1,2,30,2,0,1,1200000,1,900000,300,1,0,,,,,,,,,,,,,,,,,,,,,,0,,0,0,,,,1,3,3,1,34,1,0,1,10,1,0,0,,,,0,,,,1,2,1,1,0,,,,1,20,1,1,1,2,1,1,1,2,3,1,1,1,1,0,1,1,1,0,0,,,,1,5,1,0,0,,,,0,,,,0,,,,0,,,,1,5,1,0,1,3,1,1,0,,,,1,2,1,0,0,,,,1,5,1,0,0,,,,1,3,3,1,1,3,3,1,1,1,3,1,1,20,3,1,0,,,,0,,,,0,,,,1,1,888,0,0,,,,,,,,1,,1,1,1,,,,,,,,,,1,,,,,,1,1,1,1,,,,,,3," ",1,"15:02",109.48854
115,49,2,6,1,3,1,"14:23","21/06/2022",2,6,3,1,,1,1,36,120,20,12,1,,,,,1,,1,23,0,,1,1,1,1,0,1,600000,1,600000,250,1,0,,,,,,,,,,,,,,,,,,,,,,0,,0,0,,,,0,,5,1,15,2,1,1,5,2,0,0,,,,0,,,,1,2,2,1,0,,,,1,9,1,1,1,2,2,1,1,1,1,1,0,,,,0,,,,0,,,,1,2,2,1,0,,,,1,2,3,0,1,8,2,0,0,,,,1,3,2,1,1,1,2,0,0,,,,1,1,2,0,1,1,2,0,1,1,2,0,0,,,,0,,,,0,,,,0,,,,1,1,2,0,0,,,,0,,,,0,,,,1,10,2,0,0,,,,1,,,,1,,1,1,1,,,,1,,,,,1,,,,,,,,,,,,,,,,2," ",1,"14:42",6.9631550877193
117,50,2,6,2,3,1,"16:25","18/06/2022",2,6,2,1,,1,3,40,80,21,12,1,,,,,1,,1,23,0,,1,1,30,2,0,1,150000,1,1500000,300,1,0,,,,,,,,,,,,,,,,,,,,,,0,,1,0,,,,0,,2,0,,,,0,,,,0,,,,1,40,2,0,1,1,2,0,0,,,,1,15,2,0,1,1,2,0,1,1,2,0,0,,,,0,,,,0,,,,1,4,2,0,0,,,,0,,,,1,40,2,0,0,,,,1,5,2,0,0,,,,1,1,2,0,1,1,2,0,1,1,2,0,1,1,2,0,1,1,2,0,0,,,,1,1,2,0,1,1,2,0,1,1,2,0,0,,,,0,,,,0,,,,1,3,2,0,0,,,,,,,,,,,,,,,,,,,,,,,,,,,,,,,,,,,,,," ",1,"16:50",121.078246153846
118,51,2,6,2,3,2,"14:27","23/06/2022",1,6,4,5,,1,1,43,100,22,12,1,,,,,1,,1,24,0,,1,1,1,1,0,1,900000,1,450000,250,1,0,,,,,,,,,,,,,,,,,,,,,,0,,1,0,,,,0,,3,1,2,1,1,1,18,2,1,0,,,,0,,,,1,2,2,0,1,1,3,0,1,16,2,0,1,6,2,0,1,1,3,0,0,,,,0,,,,0,,,,1,3,2,0,0,,,,1,1,3,0,1,15,2,0,0,,,,1,5,2,0,1,2,2,0,0,,,,1,2,2,0,1,1,2,0,1,3,2,0,0,,,,0,,,,0,,,,0,,,,0,,,,0,,,,0,,,,1,1,2,0,1,2,2,0,0,,,,1,1,,,,,,,,,,,,,,,,,,,,,,,,,,,,,,,,1," ",1,"14:49",164.318615384615
120,52,2,7,1,3,1,"13:43","13/06/2022",2,6,2,5,,1,2,36,110,45,12,1,,,,,1,,1,24,0,,1,1,1,1,0,1,150000,1,150000,300,1,0,,,,,,,,,,,,,,,,,,,,,,0,,1,0,,,,0,,2,1,99,2,0,0,,,,0,,,,0,,,,1,3,2,0,0,,,,1,24,2,0,1,1,2,0,1,2,3,0,0,,,,0,,,,0,,,,1,2,2,0,0,,,,0,,,,1,99,2,0,0,,,,1,2,2,0,1,1,2,0,0,,,,1,3,2,0,1,1,2,0,1,1,2,0,0,,,,1,1,2,0,0,,,,1,1,2,0,1,1,2,0,0,,,,1,1,2,0,0,,,,1,6,2,0,0,,,,,,,,,,,,,,,,,,,,,,,,,,,,,,,,,,,,,," ",1,"14:10",10.14123
121,53,2,7,2,3,1,"13:21","14/06/2022",2,6,4,4,,1,1,22,200,40,12,1,,,,,1,,4,24,1,3,0,,,,1,,,,,,,,1,1,,1,1,12017,1,,0,1,,0,,,,1500000,1,1,2,8,1,0,,0,0,,,,1,3,2,1,7,888,0,0,,,,0,,,,0,,,,1,1,2,1,0,,,,1,6,2,0,1,2,3,1,1,1,3,0,0,,,,0,,,,0,,,,1,4,2,1,0,,,,1,1,3,0,1,5,888,0,0,,,,1,4,1,0,1,1,1,1,0,,,,1,2,1,1,1,1,1,0,1,1,3,0,0,,,,0,,,,0,,,,1,2,1,0,1,1,3,0,0,,,,0,,,,0,,,,1,3,2,0,0,,,,,,,,1,,,1,,,,,1,,,,,,1,,1,,,,,,,,,,,,,3," ",0,"13:55",90.2549166666667
122,54,2,7,2,3,1,"15:26","15/06/2022",2,6,2,5,,1,3,37,100,20,12,1,,,,,1,,1,24,0,,1,1,1,1,0,1,150000,1,150000,300,1,0,,,,,,,,,,,,,,,,,,,,,,0,,1,0,,,,0,,3,0,,,,1,99,2,0,0,,,,0,,,,1,2,2,0,0,,,,1,12,2,0,1,1,2,0,1,1,2,0,0,,,,0,,,,0,,,,1,3,2,0,0,,,,1,1,2,0,1,99,2,0,0,,,,1,4,2,0,0,,,,0,,,,1,3,2,0,0,,,,1,1,2,0,0,,,,1,1,1,0,0,,,,1,1,2,0,1,1,2,0,0,,,,0,,,,0,,,,1,2,2,0,1,1,2,0,,,,,,,,,,,,,,,,,,,,,,,,,,,,,,,,,,," ",1,"15:42",53.5930577507599
125,55,2,7,2,3,1,"13:15","16/06/2022",2,6,4,5,,1,1,28,150,21,12,1,,,,,1,,4,20,1,2,0,,,,1,,,,,,,,1,1,,1,2,32021,1,,1,2,1,0,,,,,1,1,4,1,1,1,1,0,0,,,,1,3,7,0,,,,1,3,1,1,0,,,,0,,,,1,2,1,0,0,,,,1,10,1,0,1,2,1,0,1,1,1,0,0,,,,0,,,,0,,,,1,5,1,1,0,,,,1,1,3,0,1,32,1,0,0,,,,1,10,1,0,1,2,1,0,0,,,,1,2,1,0,1,1,1,0,1,1,1,0,0,,,,0,,,,0,,,,0,,,,0,,,,0,,,,0,,,,0,,,,1,2,1,0,0,,,,,1,,,,,,,,,,,1,,,,,,,,,,,,,,,,,,,,,3," ",0,"13:34",100.539116883117
126,56,2,7,1,3,1,"12:08","14/06/2022",2,6,4,4,,1,1,27,80,12,12,1,,,,,1,,1,24,0,,1,1,30,2,0,1,199980,2,900000,220,1,1,,,,,,,,,,,,,,,,,,,,,,0,,0,0,,,,1,3,7,0,,,,1,20,1,1,0,,,,1,5,1,0,1,2,1,0,0,,,,1,9,3,1,1,3,1,0,1,4,3,0,0,,,,0,,,,0,,,,1,3,1,0,0,,,,0,,,,1,20,1,0,0,,,,1,4,888,0,1,1,1,0,0,,,,1,1,1,0,1,1,1,0,1,1,1,0,0,,,,1,2,3,0,0,,,,1,2,3,1,0,,,,0,,,,1,2,1,0,0,,,,1,1,1,0,0,,,,,1,,,,,1,,,,,,,,,,,,,,,,,,,,1,,,,,,,555,"No space",1,"12:55",16.0080777777778
127,57,2,8,2,3,2,"09:44","07/06/2022",2,6,4,5,,1,1,21,80,20,12,1,,,,,1,,1,24,0,,1,0,,2,,1,150000,2,900000,313,1,1,,,,,,,,,,,,,,,,,,,,,,1,1,0,0,,,,1,3,7,0,,,,1,1,888,0,0,,,,1,50,888,0,1,2,888,0,0,,,,1,12,888,0,1,1,888,0,1,5,888,0,0,,,,0,,,,0,,,,1,3,888,0,0,,,,0,,,,0,,,,0,,,,0,,,,1,2,888,0,0,,,,1,4,888,0,0,,,,1,3,888,0,0,,,,0,,,,0,,,,1,2,888,0,0,,,,0,,,,0,,,,0,,,,1,1,888,0,0,,,,,,,,,,,,,,,,,,,,,,,,,,,,,,,,,,,,,," ",1,"10:23",60.01412
130,58,2,8,1,3,1,"13:23","07/06/2022",1,6,3,5,,1,1,20,80,17,12,1,,,,,1,,1,24,0,,1,2,2,1,0,1,900000,1,150000,300,1,1,,,,,,,,,,,,,,,,,,,,,,0,,0,0,,,,1,3,5,1,44,2,1,0,,,,1,3,2,0,0,,,,1,1,2,0,0,,,,1,21,3,1,1,8,2,0,1,5,3,0,0,,,,0,,,,0,,,,1,2,2,0,0,,,,0,,,,1,31,2,0,0,,,,1,5,2,0,1,2,3,0,0,,,,1,2,3,0,1,2,3,0,1,2,2,1,1,1,3,0,0,,,,0,,,,1,3,3,1,0,,,,0,,,,0,,,,0,,,,1,1,2,0,0,,,,1,,,,,,1,,,,,,,,,,,,,,,,1,,,,1,,,,,,,555,"Replacement",1,"14:47",9.81552
131,59,2,8,2,3,1,"16:18","07/06/2022",2,6,6,5,,1,1,23,100,18,12,1,,,,,1,,1,22,1,2,1,2,1,1,0,1,450000,1,600000,220,1,1,,,,,,,,,,,,,,,,,,,,,,0,,0,0,,,,0,,3,1,27,1,0,0,,,,0,,,,0,,,,0,,,,0,,,,1,4,1,0,1,1,1,0,1,2,1,0,0,,,,0,,,,0,,,,1,3,1,0,0,,,,0,,,,1,21,1,0,1,1,1,0,1,5,888,0,1,1,1,0,0,,,,1,2,1,0,1,1,1,0,1,2,1,0,1,1,1,0,0,,,,0,,,,1,1,1,0,0,,,,0,,,,0,,,,0,,,,1,2,1,0,0,,,,,,,,,,,,,,,,,,,,,,,,,,,,,,,,,,,,,," ",1,"17:02",82.8797946428571
132,60,2,8,2,3,1,"12:24","07/06/2022",2,6,4,5,,1,1,30,1500,25,12,1,,,,,1,,1,24,0,,1,3,10,2,0,1,1200000,1,750000,175,1,0,,,,,,,,,,,,,,,,,,,,,,0,,0,0,,,,1,3,7,1,25,1,0,0,,,,0,,,,0,,,,0,,,,0,,,,1,16,3,0,1,2,2,0,0,,,,0,,,,0,,,,0,,,,1,2,2,0,0,,,,0,,,,1,17,2,0,0,,,,1,2,888,0,0,,,,0,,,,1,2,3,0,1,1,2,0,0,,,,0,,,,0,,,,0,,,,1,1,3,0,1,30,3,0,0,,,,0,,,,0,,,,1,3,3,0,1,1,2,0,,,,,,,,,,,,,,,,,,,,,,,,,,,,,,,,,,," ",1,"12:46",95.6783076923077
134,61,2,8,1,3,1,"14:19","07/06/2022",2,6,2,5,,1,3,30,300,10,12,1,,,,,1,,1,21,1,3,1,3,1,1,0,1,499980,1,900000,331,1,1,,,,,,,,,,,,,,,,,,,,,,0,,1,0,,,,0,,3,1,55,1,0,1,20,1,0,0,,,,1,5,1,0,0,,,,0,,,,1,7,1,0,1,1,3,1,1,1,3,0,0,,,,0,,,,0,,,,1,1,1,0,0,,,,0,,,,0,,,,0,,,,1,4,1,0,0,,,,0,,,,1,1,1,0,0,,,,1,1,1,0,1,1,3,0,0,,,,0,,,,1,1,3,0,0,,,,0,,,,0,,,,0,,,,1,1,1,0,0,,,,,,,,,,,1,,,,,,,,,,,,,,,,,,,,,,,,,,555,"donation",0,"14:52",5.43553831877729
137,62,3,1,1,3,1,"09:33","23/06/2022",1,6,3,5,,1,1,24,95,20,12,1,,,,,1,,1,24,0,,1,0,,2,,1,300000,2,450000,300,1,1,,,,,,,,,,,,,,,,,,,,,,0,,0,0,,,,0,,7,0,,,,1,99,1,0,0,,,,0,,,,0,,,,0,,,,1,11,1,0,1,1,1,0,1,4,3,0,0,,,,0,,,,0,,,,1,3,1,0,0,,,,0,,,,0,,,,0,,,,1,6,888,0,0,,,,0,,,,1,2,1,0,1,1,1,0,1,2,1,1,1,1,1,0,1,1,3,0,1,3,3,0,1,1,3,0,1,20,3,1,0,,,,0,,,,0,,,,1,1,888,1,0,,,,,,,,,,,,,,,,,,,,,,,,,,1,,,,,1,,,,1,,555,"Don't know",1,"10:06",23.9924330935252
143,63,3,1,2,3,1,"10:47","22/06/2022",1,6,4,2,,1,3,24,40,20,12,1,,,,,1,,1,24,1,3,1,2,1,1,0,1,180000,2,1200000,300,1,1,,,,,,,,,,,,,,,,,,,,,,1,1,0,0,,,,0,,3,1,25,1,0,1,2,1,0,0,,,,0,,,,0,,,,0,,,,1,16,1,0,1,3,1,0,1,3,1,0,1,1,1,0,0,,,,0,,,,1,1,1,0,0,,,,0,,,,0,,,,0,,,,1,4,888,0,0,,,,0,,,,1,2,3,0,1,1,1,0,1,1,1,0,1,1,3,0,1,1,3,0,0,,,,1,1,3,0,1,1,1,1,0,,,,0,,,,0,,,,1,3,3,0,0,,,,,,,,,,,,,,,,,,,,,,,,,,,,,,,1,,,,,,555,"Don't know",0,"11:34",129.616023809524
145,64,3,1,2,3,1,"08:33","24/06/2022",1,6,4,5,,1,3,50,180,46,12,1,,,,,1,,1,24,0,,1,0,,2,,1,150000,2,600000,220,1,1,,,,,,,,,,,,,,,,,,,,,,0,,0,0,,,,0,,7,1,60,1,0,1,45,1,0,0,,,,0,,,,1,2,1,0,1,1,1,0,1,24,1,0,1,5,1,0,1,3,3,0,0,,,,0,,,,0,,,,1,2,1,0,0,,,,0,,,,0,,,,0,,,,1,6,3,0,0,,,,0,,,,1,3,1,0,1,1,1,0,1,2,1,0,1,1,1,0,0,,,,0,,,,1,1,3,0,1,50,3,1,0,,,,0,,,,0,,,,1,2,3,0,0,,,,,,,,,,,,,,,,,,,,,,,,,,,,,,,1,,,,,,555,"It is planned",1,"08:35",143.114677419355
159,65,3,2,2,3,3,"16:02","22/06/2022",1,6,3,1,,1,3,49,100,45,12,1,,,,,1,,1,24,0,,1,1,1,1,0,1,199980,1,150000,220,1,1,,,,,,,,,,,,,,,,,,,,,,0,,1,0,,,,0,,5,0,,,,1,15,1,0,0,,,,1,25,1,0,1,2,1,1,1,1,1,1,1,10,1,1,1,4,1,1,1,1,1,1,0,,,,0,,,,0,,,,1,2,1,1,0,,,,0,,,,0,,,,0,,,,1,4,3,1,1,1,1,1,0,,,,1,3,1,1,0,,,,1,1,1,1,0,,,,0,,,,0,,,,1,1,3,1,1,1,1,1,0,,,,0,,,,0,,,,1,4,1,1,1,1,1,1,,,,,1,1,1,1,1,,,,1,,,,,1,1,,1,,1,,,,1,1,,,,1,1,555,"It is planned",1,"16:46",112.320421052632
160,66,3,2,2,3,1,"15:42","21/06/2022",1,6,4,5,,1,1,26,50,25,12,1,,,,,1,,1,24,0,,1,2,1,1,0,1,199980,1,1200000,250,1,0,,,,,,,,,,,,,,,,,,,,,,0,,0,0,,,,1,3,5,0,,,,0,,,,0,,,,1,60,1,0,1,3,1,0,0,,,,1,4,1,0,0,,,,0,,,,0,,,,0,,,,0,,,,1,2,1,0,0,,,,0,,,,1,50,1,0,0,,,,1,2,888,0,1,1,1,0,0,,,,1,2,1,0,1,1,1,0,1,2,1,0,1,3,1,0,1,3,1,0,0,,,,1,2,1,0,0,,,,0,,,,0,,,,0,,,,1,1,1,0,0,,,,,,,,,,,,,,,,,,,,,,,,,,,,,,,,,,,,,," ",1,"16:04",147.572481927711
161,67,3,2,2,3,1,"12:52","24/06/2022",1,6,4,1,,1,1,35,300,26,12,1,,,,,1,,1,24,1,2,1,0,,2,,1,1200000,1,900000,250,1,0,,,,,,,,,,,,,,,,,,,,,,0,,0,0,,,,0,,3,0,,,,1,6,1,0,0,,,,1,80,1,0,1,2,1,0,0,,,,1,20,1,0,1,2,1,0,1,2,1,0,0,,,,0,,,,0,,,,1,3,1,0,0,,,,0,,,,1,90,1,0,0,,,,1,4,3,0,1,1,1,0,0,,,,1,2,1,0,1,1,1,0,1,1,1,0,1,2,1,0,0,,,,0,,,,1,2,1,0,1,1,1,0,0,,,,0,,,,0,,,,1,1,1,0,1,1,1,0,,,,,,,,,,,,,,,,,,,,,,,,,,,,,,,,,,," ",1,"13:19",165.54155
162,68,3,3,2,3,4,"10:01","23/06/2022",2,6,4,5,,1,1,19,50,12,12,1,,,,,1,,1,24,0,,1,0,,2,,1,900000,1,600000,220,1,1,,,,,,,,,,,,,,,,,,,,,,1,1,1,0,,,,1,3,7,0,,,,1,10,1,1,0,,,,1,15,1,1,1,3,1,1,0,,,,1,10,1,1,1,2,1,1,1,3,1,1,0,,,,0,,,,0,,,,1,1,1,1,0,,,,0,,,,0,,,,0,,,,1,8,3,1,1,1,1,1,0,,,,1,2,1,1,1,1,1,1,1,1,1,1,0,,,,0,,,,0,,,,1,5,2,0,0,,,,0,,,,0,,,,0,,,,1,1,1,1,0,,,,,1,,1,1,,1,1,1,,,,1,,,,,1,1,,1,1,1,,,,,,,,,1,,555,"Don't know",1,"10:37",184.221032258065
163,69,3,3,1,3,2,"09:24","22/06/2022",1,6,4,5,,1,1,32,100,14,12,1,,,,,1,,1,24,0,,1,3,2,1,0,1,180000,1,420000,292,1,1,,,,,,,,,,,,,,,,,,,,,,1,1,1,0,,,,1,3,3,0,,,,1,15,1,0,0,,,,1,20,1,0,1,3,1,0,0,,,,1,12,1,0,1,3,1,0,1,6,1,0,0,,,,0,,,,0,,,,0,,,,0,,,,0,,,,0,,,,0,,,,1,3,3,0,1,2,1,1,0,,,,1,2,1,1,1,1,1,1,1,3,1,0,0,,,,1,1,3,0,0,,,,1,3,3,1,1,1,1,1,0,,,,1,1,1,1,0,,,,1,10,888,0,0,,,,,,,,,,,,,,,,,,,,,,1,,1,1,,,,,1,1,,1,,,,2," ",1,"09:56",17.2384463414634
167,70,3,3,2,3,1,"17:33","21/06/2022",2,6,3,1,,1,1,31,70,14,12,1,,,,,1,,1,22,1,2,1,2,2,1,0,3,180000,1,450000,220,1,0,,,,,,,,,,,,,,,,,,,,,,0,,0,0,,,,0,,3,0,,,,0,,,,0,,,,1,67,1,0,1,1,1,1,0,,,,1,7,1,0,1,2,1,0,1,3,1,0,0,,,,0,,,,0,,,,1,1,1,0,0,,,,0,,,,0,,,,0,,,,1,5,888,0,1,1,1,0,0,,,,1,1,1,0,1,1,1,0,1,1,1,0,0,,,,1,5,2,0,0,,,,1,1,2,0,0,,,,0,,,,0,,,,0,,,,1,1,888,0,0,,,,,,,,1,,,,,,,,,,,,,,,,,,,,,,,,,,,,,555,"It is planned",0,"17:36",121.961137254902
168,71,3,3,1,3,1,"08:16","20/06/2022",1,6,4,4,,1,1,25,90,24,12,1,,,,,1,,1,24,1,1,1,4,2,1,0,1,210000,1,450000,227,1,1,,,,,,,,,,,,,,,,,,,,,,0,,0,0,,,,0,,3,0,,,,1,28,1,0,1,40,1,1,0,,,,1,2,1,0,0,,,,1,12,1,1,1,2,1,0,1,3,1,1,0,,,,1,1,1,0,0,,,,1,1,1,0,0,,,,0,,,,0,,,,0,,,,1,7,888,0,1,2,1,0,0,,,,1,3,1,0,1,1,1,0,1,2,1,0,0,,,,1,4,2,0,0,,,,1,2,2,0,0,,,,0,,,,0,,,,0,,,,1,1,1,0,0,,,,,,1,,,,1,,1,,,,,,,,,,,,,,,,,,,,,,,,,555,"It is planned",0,"08:48",7.21586578366446
169,72,3,3,1,3,1,"10:14","22/06/2022",1,6,4,5,,1,1,23,125,26,12,1,,,,,1,,1,24,0,,1,1,10,2,0,1,249990,1,750000,250,1,1,,,,,,,,,,,,,,,,,,,,,,1,4,0,0,,,,1,3,7,1,10,2,0,1,15,2,0,0,,,,1,2,1,0,1,2,2,0,0,,,,1,14,2,0,1,5,1,1,1,2,888,0,1,4,1,0,0,,,,0,,,,1,1,2,0,0,,,,0,,,,0,,,,0,,,,1,3,2,0,0,,,,1,3,2,0,1,2,1,0,0,,,,1,4,2,0,1,3,2,0,0,,,,1,2,1,0,1,4,2,0,0,,,,0,,,,0,,,,0,,,,1,2,2,0,1,1,2,0,,,,,,,,1,,,,,,,,,,,,,,,,,,,,,,,,,,555,"It's not planned",1,"11:01",22.0445028571429
170,73,3,3,2,3,1,"10:26","21/06/2022",2,6,4,4,,1,3,29,100,33,12,1,,,,,1,,1,24,0,,1,1,30,2,0,1,1500000,1,450000,300,1,1,,,,,,,,,,,,,,,,,,,,,,1,1,0,0,,,,0,,7,0,,,,1,40,1,1,1,20,1,0,0,,,,1,2,1,0,0,,,,1,12,1,0,1,4,1,0,1,5,2,0,0,,,,0,,,,0,,,,1,2,2,0,0,,,,0,,,,1,40,1,0,0,,,,1,5,2,0,1,2,2,0,0,,,,1,1,2,0,0,,,,1,1,2,0,0,,,,1,5,2,1,1,5,2,1,1,1,2,0,1,2,2,0,0,,,,0,,,,0,,,,1,1,2,0,1,1,2,0,,1,,,,,,,,,,,,,,,,,,,,,,,1,1,,,,,,,,2," ",1,"11:31",137.508
172,74,3,3,1,3,1,"16:45","17/06/2022",1,6,3,1,,1,1,33,150,12,12,1,,,,,1,,1,24,0,,1,0,,2,,1,402000,1,900000,320,1,0,,,,,,,,,,,,,,,,,,,,,,0,,0,0,,,,1,3,7,0,,,,0,,,,0,,,,1,48,1,0,1,1,1,0,0,,,,1,6,1,0,1,4,1,0,1,1,1,0,0,,,,0,,,,0,,,,1,3,1,0,0,,,,0,,,,0,,,,0,,,,1,9,888,0,1,1,1,0,0,,,,1,1,1,0,1,1,1,0,1,2,1,0,0,,,,1,5,2,0,1,1,1,0,1,2,2,0,0,,,,0,,,,0,,,,0,,,,1,1,888,0,0,,,,,,,,,,,,,,,,,,,,,,,,,,,,,,,,,,,,,," ",1,"17:08",8.8548862745098
176,75,3,4,1,3,1,"08:55","20/06/2022",1,6,3,4,,1,1,16,16,11,12,1,,,,,1,,1,24,0,,1,3,60,2,0,1,300000,1,1200000,250,1,0,,,,,,,,,,,,,,,,,,,,,,1,4,0,0,,,,0,,7,0,,,,1,6,1,0,0,,,,0,,,,0,,,,0,,,,1,5,1,0,0,,,,1,1,1,0,0,,,,0,,,,0,,,,1,2,1,0,0,,,,0,,,,1,35,1,0,0,,,,1,6,3,0,1,1,1,0,0,,,,1,2,1,0,1,3,1,0,1,1,1,0,0,,,,0,,,,0,,,,1,2,2,0,0,,,,0,,,,0,,,,0,,,,1,2,1,0,0,,,,,,,,,,,,,,,,,,,,,,,,,,,,,,,,,,,,,," ",1,"09:26",25.1660547945205
177,76,3,4,2,3,1,"13:57","13/06/2022",1,6,4,4,,1,1,32,50,12,12,1,,,,,1,,1,24,1,1,1,1,1,1,0,1,900000,1,150000,213,1,1,,,,,,,,,,,,,,,,,,,,,,0,,0,0,,,,0,,5,0,,,,1,20,2,0,0,,,,1,50,2,0,0,,,,0,,,,1,6,2,0,1,2,2,0,1,4,3,0,0,,,,0,,,,0,,,,1,3,2,0,0,,,,0,,,,0,,,,0,,,,1,4,888,0,0,,,,0,,,,1,2,2,0,1,1,2,0,1,1,2,0,0,,,,0,,,,0,,,,1,1,3,0,0,,,,0,,,,0,,,,0,,,,1,3,2,0,0,,,,,,,,,,,,,,,,,,,,,,,,,,,,,,,,,,,,,," ",1,"14:28",113.6677875
180,77,3,4,1,3,1,"08:38","14/06/2022",1,6,4,4,,1,1,40,60,25,12,1,,,,,1,,1,24,1,2,1,1,1,1,0,1,900000,1,180000,220,1,1,,,,,,,,,,,,,,,,,,,,,,0,,1,0,,,,1,3,3,0,,,,0,,,,1,68,2,0,0,,,,1,1,2,1,1,1,2,0,1,18,2,0,1,3,2,0,1,6,3,0,0,,,,0,,,,0,,,,1,1,2,0,0,,,,0,,,,0,,,,0,,,,1,8,3,0,1,3,2,0,0,,,,1,3,2,0,1,1,2,0,1,3,2,0,0,,,,0,,,,0,,,,1,2,3,0,0,,,,0,,,,0,,,,0,,,,1,4,2,0,0,,,,,,,,1,,,,,,,,,,,,,,,,,,,,,,,,,,,,,555,"in plan",1,"09:12",24.0643146067416
181,78,3,4,2,3,1,"17:10","15/06/2022",1,7,2,1,,1,1,25,67,34,12,1,,,,,1,,1,24,0,,1,2,30,2,0,1,240000,1,150000,250,1,0,,,,,,,,,,,,,,,,,,,,,,0,,0,0,,,,1,3,7,0,,,,1,70,1,0,0,,,,1,30,1,0,1,1,1,0,0,,,,1,10,1,0,1,2,1,0,1,3,1,0,0,,,,0,,,,0,,,,1,1,1,0,0,,,,1,1,888,0,0,,,,0,,,,1,11,1,0,1,1,1,0,0,,,,1,2,1,0,1,1,1,0,1,1,1,0,0,,,,1,5,1,1,0,,,,1,3,1,0,0,,,,0,,,,0,,,,0,,,,1,1,1,0,0,,,,,,,,,,,,,,,,,,,,,,,,,,,,1,,,,,,,,,555,"in plan",1,"17:01",175.267767857143
182,79,3,5,2,3,1,"08:47","14/06/2022",1,6,4,4,,2,1,140,70,138,12,1,,,,,1,,1,24,1,3,1,7,1,1,0,1,2250000,1,1500000,220,1,1,,,,,,,,,,,,,,,,,,,,,,0,,0,0,,,,1,3,3,0,,,,1,50,888,0,0,,,,1,30,888,0,1,2,888,0,1,2,888,0,1,70,888,0,1,13,888,0,1,3,888,0,1,6,888,0,0,,,,0,,,,1,6,888,0,1,2,888,0,1,1,888,0,1,50,888,0,0,,,,1,5,888,0,1,5,888,0,1,1,888,0,1,5,888,0,1,3,888,0,1,4,888,0,1,2,888,0,1,3,888,0,0,,,,1,2,888,0,1,1,888,0,1,1,888,0,1,3,888,0,1,2,888,0,1,1,888,0,1,2,888,0,,,,,,,,,,,,,,,,,,,,,,,,,,,,,,,,,,," ",1,"09:24",166.146574074074
183,80,3,5,2,3,1,"15:52","15/06/2022",2,4,8,1,,1,1,31,120,25,12,1,,,,,1,,1,24,0,,1,0,,2,,1,210000,1,900000,243,1,1,,,,,,,,,,,,,,,,,,,,,,0,,0,0,,,,1,3,7,0,,,,0,,,,0,,,,1,50,1,1,1,1,1,1,0,,,,1,15,1,1,0,,,,1,2,1,0,0,,,,0,,,,0,,,,0,,,,0,,,,0,,,,0,,,,0,,,,1,3,1,0,1,2,1,0,0,,,,1,2,1,0,0,,,,1,3,1,0,0,,,,1,4,3,1,0,,,,1,1,1,0,0,,,,0,,,,0,,,,0,,,,1,1,1,0,0,,,,,,,1,1,,1,,,,,,,,,,,,,,,,,,1,,,,,,,,,2," ",1,"16:27",142.1882875
184,81,3,5,2,3,1,"15:55","13/06/2022",2,3,12,1,,1,1,100,100,30,12,1,,,,,1,,1,24,0,,1,0,,2,,1,300000,1,1200000,300,1,0,,,,,,,,,,,,,,,,,,,,,,0,,0,0,,,,0,,7,0,,,,0,,,,0,,,,0,,,,1,3,2,0,0,,,,1,8,3,1,0,,,,0,,,,0,,,,0,,,,0,,,,0,,,,0,,,,0,,,,0,,,,0,,,,1,10,2,1,1,1,3,1,0,,,,1,1,2,1,1,1,2,1,1,2,2,0,0,,,,0,,,,0,,,,1,2,2,0,1,30,3,0,0,,,,0,,,,0,,,,1,1,2,0,0,,,,,,,,,,1,,,,,,,,,,,1,1,,1,1,,,,,,,,,,,,3," ",1,"16:17",132.641397129187
185,82,3,5,1,3,7,"09:16","16/06/2022",1,6,4,5,,1,3,36,100,15,12,1,,,,,1,,1,24,0,,1,1,15,2,0,1,450000,1,180000,220,1,1,,,,,,,,,,,,,,,,,,,,,,1,1,1,0,,,,0,,7,0,,,,1,6,1,0,1,26,1,1,0,,,,1,3,1,1,0,,,,1,22,1,1,1,3,1,1,1,6,1,1,0,,,,0,,,,0,,,,1,1,1,1,0,,,,0,,,,0,,,,0,,,,1,2,3,1,1,2,1,1,0,,,,1,5,1,1,1,1,1,1,1,1,1,1,0,,,,1,1,1,1,0,,,,1,1,1,1,0,,,,0,,,,0,,,,0,,,,1,1,888,1,0,,,,,,1,,1,,1,1,1,,,,1,,,,,1,1,,1,1,1,,1,,1,,,,,1,,555,"Don't know",1,"09:47",6.94327538461538
186,83,3,5,2,3,3,"14:21","17/06/2022",2,6,4,1,,1,1,37,150,32,12,1,,,,,1,,1,21,1,3,1,2,1,1,0,1,150000,1,300000,220,1,1,,,,,,,,,,,,,,,,,,,,,,0,,0,0,,,,0,,5,0,,,,1,5,1,0,0,,,,1,53,1,0,1,2,1,0,0,,,,1,12,1,0,1,2,1,0,1,1,1,0,0,,,,0,,,,0,,,,1,2,1,0,0,,,,0,,,,1,52,1,0,1,2,888,0,1,2,1,0,1,1,1,0,0,,,,1,2,1,0,1,1,1,0,1,1,1,0,1,4,1,0,0,,,,0,,,,1,5,1,0,1,10,1,0,0,,,,0,,,,0,,,,1,1,1,0,1,1,1,0,,,,,,,,,,,,,,,,,,,,,,,,,,,,,,,,,,," ",1,"15:06",71.7433459770115
187,84,3,6,1,3,1,"12:48","13/06/2022",1,6,4,5,,1,3,42,230,28,12,1,,,,,1,,1,21,1,3,1,0,,2,,1,150000,1,150000,300,1,0,,,,,,,,,,,,,,,,,,,,,,0,,0,1,0,,,0,,2,0,,,,0,,,,0,,,,1,10,1,0,0,,,,0,,,,1,20,1,0,1,2,1,0,1,2,1,0,0,,,,0,,,,0,,,,1,4,1,0,0,,,,0,,,,1,20,1,0,0,,,,1,3,888,0,1,1,1,0,0,,,,1,2,1,1,1,1,1,0,1,2,1,0,1,1,1,0,0,,,,1,6,1,0,1,2,1,1,0,,,,0,,,,0,,,,0,,,,1,7,1,0,0,,,,,,,,,,,,,,,,,,,,,,,,1,,,,,,1,,,,,,,3," ",0,"13:33",18.0034357798165
188,85,3,6,2,3,1,"13:35","14/06/2022",2,6,4,5,,1,3,30,80,23,12,1,,,,,1,,1,24,0,,1,0,,2,,1,180000,1,180000,307,1,0,,,,,,,,,,,,,,,,,,,,,,0,,0,0,,,,0,,7,0,,,,1,10,1,0,0,,,,0,,,,1,2,1,0,0,,,,1,10,3,0,1,4,1,1,1,3,3,0,0,,,,0,,,,0,,,,1,3,1,1,0,,,,0,,,,1,40,1,0,0,,,,0,,,,0,,,,0,,,,1,2,1,0,0,,,,0,,,,1,1,1,0,1,2,1,0,0,,,,1,2,1,0,0,,,,0,,,,0,,,,0,,,,0,,,,0,,,,,,,,,,,1,,,,,1,,,,,,,,,,,,,,,,,,,,,555,"No space",1,"14:05",130.290494845361
189,86,3,6,1,3,1,"12:59","17/06/2022",1,6,3,5,,2,1,45,24,64,12,1,,,,,1,,1,24,0,,1,2,30,2,0,1,1350000,1,1350000,307,1,1,,,,,,,,,,,,,,,,,,,,,,0,,1,0,,,,1,3,2,0,,,,1,60,1,1,0,,,,1,40,1,0,1,1,1,1,0,,,,1,53,1,0,1,30,1,0,1,4,1,0,1,3,1,0,0,,,,0,,,,1,3,1,0,0,,,,1,1,2,0,0,,,,0,,,,1,5,1,0,1,2,1,0,1,1,1,0,1,3,1,0,1,3,1,0,1,1,1,0,1,2,1,0,1,2,1,0,1,2,1,0,1,2,1,0,1,2,1,0,1,1,1,0,1,12,1,0,1,1,1,0,1,5,2,0,0,,,,,1,,,1,,,,,,,,,,,,,,,,,,,,,,,,,,,,,3," ",0,"13:42",16.2242746478873
192,87,3,6,1,3,1,"12:34","16/06/2022",1,6,3,5,,1,1,26,380,37,12,1,,,,,1,,1,22,1,3,1,3,30,2,0,1,600000,1,450000,207,1,1,,,,,,,,,,,,,,,,,,,,,,0,,0,0,,,,1,3,2,0,,,,1,14,1,0,0,,,,0,,,,1,2,1,1,1,1,1,0,1,9,1,0,1,5,1,0,1,3,1,0,0,,,,0,,,,0,,,,1,3,1,0,0,,,,0,,,,1,70,1,0,0,,,,1,6,888,0,1,1,1,0,0,,,,1,3,1,0,0,,,,1,1,1,0,1,1,1,0,0,,,,0,,,,1,1,2,0,0,,,,0,,,,0,,,,0,,,,1,3,1,0,0,,,,,,,,1,,,,,,,,,,,,,,,,,,,,,,,,,,,,,555,"It is planned",1,"16:18",27.7581730263158
193,88,3,6,2,3,1,"15:48","16/06/2022",1,6,4,4,,1,1,27,80,20,12,1,,,,,1,,1,24,0,,1,1,2,1,0,1,750000,1,180000,307,1,1,,,,,,,,,,,,,,,,,,,,,,0,,1,0,,,,0,,7,0,,,,0,,,,0,,,,0,,,,1,1,2,0,0,,,,1,14,2,0,1,3,2,0,1,4,2,0,0,,,,0,,,,0,,,,1,2,2,0,0,,,,0,,,,1,25,2,0,0,,,,1,4,888,0,0,,,,0,,,,1,1,1,0,0,,,,0,,,,1,1,1,0,1,2,1,0,0,,,,1,2,1,0,0,,,,0,,,,1,1,1,0,0,,,,0,,,,0,,,,,,,,,,,,,,,,,,,,,,,,,,,,,,,,,,,,,," ",1,"15:40",233.912705882353
194,89,3,6,2,3,1,"15:31","15/06/2022",2,6,3,1,,1,3,29,150,52,12,1,,,,,1,,1,23,1,2,1,3,20,2,0,1,249990,2,249990,300,1,0,,,,,,,,,,,,,,,,,,,,,,0,,0,0,,,,0,,3,0,,,,1,20,1,0,0,,,,1,10,1,0,0,,,,0,,,,1,7,1,0,1,1,1,0,1,1,1,0,0,,,,0,,,,0,,,,1,2,1,0,0,,,,0,,,,0,,,,0,,,,1,4,2,0,1,1,1,0,0,,,,1,2,1,0,0,,,,1,1,1,0,1,1,1,0,1,2,1,0,0,,,,1,1,1,0,0,,,,0,,,,0,,,,0,,,,1,1,2,0,0,,,,,,,,,,,,,,,,,,,,,,,,,,,,,,,,,,,,,," ",1,"16:11",159.81208
195,90,3,7,2,3,1,"15:57","22/06/2022",1,6,4,5,,1,1,28,80,35,12,1,,,,,1,,1,24,0,,1,5,30,2,0,1,600000,2,600000,287,1,1,,,,,,,,,,,,,,,,,,,,,,0,,1,0,,,,0,,3,0,,,,1,20,1,0,0,,,,0,,,,1,1,1,0,0,,,,1,18,1,0,1,3,1,0,1,5,1,0,0,,,,0,,,,0,,,,1,2,1,0,0,,,,0,,,,0,,,,0,,,,1,2,2,0,0,,,,1,1,1,0,1,2,1,0,1,1,1,0,0,,,,1,1,1,0,1,1,1,0,1,1,1,0,1,1,2,0,0,,,,0,,,,1,1,1,0,0,,,,1,1,2,0,0,,,,,,,,,,,,,,,,,,,,,,,,,,,,,,,,,,,,,," ",1,"16:48",79.1392834437086
196,91,3,7,2,3,1,"12:48","21/06/2022",1,6,4,5,,1,1,17,50,10,12,1,,,,,1,,1,24,0,,1,2,5,2,0,1,450000,1,1500000,307,1,1,,,,,,,,,,,,,,,,,,,,,,0,,0,0,,,,0,,2,0,,,,1,3,1,0,0,,,,1,20,1,0,0,,,,0,,,,1,7,1,0,1,1,1,0,1,2,1,0,0,,,,0,,,,0,,,,1,2,1,0,0,,,,0,,,,1,10,1,0,0,,,,1,3,3,0,0,,,,0,,,,1,1,1,0,1,1,1,0,1,2,1,0,0,,,,1,2,2,0,0,,,,1,1,1,0,1,10,3,0,0,,,,0,,,,0,,,,1,1,1,0,0,,,,,,,,,,,,,,,,,,,,,,,,,,,,,,,,,,,,,," ",1,"13:15",266.5758
197,92,3,7,2,3,1,"14:11","21/06/2022",1,3,6,555,,1,1,30,70,24,12,1,,,,,1,,1,24,1,1,1,1,1,1,0,1,249990,1,450000,307,1,1,,,,,,,,,,,,,,,,,,,,,,0,,1,0,,,,0,,7,0,,,,1,3,1,0,0,,,,1,40,1,0,0,,,,0,,,,1,14,1,0,1,2,1,0,1,6,1,0,0,,,,0,,,,0,,,,1,2,1,0,0,,,,0,,,,1,25,1,0,0,,,,1,3,3,0,1,1,1,0,0,,,,1,2,1,0,1,1,1,0,1,2,1,0,0,,,,1,5,1,0,0,,,,1,5,2,0,1,88,3,0,1,2,3,0,1,1,1,0,0,,,,1,3,1,0,1,2,1,0,,,,,,,,,,,,,,,,,,,,,,,,,,,,,,,,,,," ",1,"14:46",159.770092307692
198,93,3,7,2,3,1,"13:35","20/06/2022",1,6,3,1,,1,1,20,30,20,12,1,,,,,1,,1,24,1,2,1,1,1,1,0,1,198000,1,150000,307,1,1,,,,,,,,,,,,,,,,,,,,,,0,,0,0,,,,0,,7,0,,,,0,,,,0,,,,1,20,1,0,1,1,1,0,0,,,,1,12,1,0,1,3,1,0,1,2,1,0,0,,,,0,,,,0,,,,1,2,1,0,0,,,,0,,,,1,30,1,0,0,,,,1,4,3,0,1,1,1,0,0,,,,1,2,1,0,1,1,1,0,1,2,1,0,1,1,1,0,1,1,1,0,0,,,,1,1,1,0,0,,,,0,,,,0,,,,0,,,,1,3,888,0,0,,,,,,,,,,,,,,,,,,,,,,,,,,,,,,,,,,,,,," ",1,"14:10",134.400469090909
199,94,4,1,2,3,1,"16:14","06/06/2022",2,4,20,1,,1,1,23,70,12,12,0,700,1200,1200,1700,1,,1,11,0,,1,1,15,2,0,1,1200000,1,300000,220,1,0,,,,,,,,,,,,,,,,,,,,,,0,,0,0,,,,1,3,7,1,25,888,0,0,,,,0,,,,0,,,,1,1,3,0,0,,,,1,6,888,0,1,2,1,0,1,3,1,0,0,,,,0,,,,0,,,,1,2,2,0,0,,,,0,,,,1,18,2,0,0,,,,1,8,888,0,1,1,888,0,0,,,,1,2,1,0,1,1,2,0,0,,,,0,,,,1,3,2,0,1,1,1,0,1,1,2,0,0,,,,0,,,,0,,,,0,,,,1,3,1,0,0,,,,,,,,,,,,,,,,,,,,,,,,,,,,,,,,,,,,,," ",1,"17:02",185.23665
200,95,4,1,2,3,1,"10:20","07/06/2022",2,6,4,1,,1,1,19,50,13,12,1,,,,,1,,1,24,1,1,1,1,30,2,0,1,300000,1,300000,250,1,0,,,,,,,,,,,,,,,,,,,,,,0,,0,0,,,,1,4,2,1,20,1,1,1,10,3,1,0,,,,0,,,,0,,,,0,,,,1,6,3,0,1,2,888,0,1,4,1,0,0,,,,0,,,,0,,,,1,3,1,0,0,,,,0,,,,1,30,1,0,0,,,,1,6,888,0,0,,,,0,,,,1,1,1,0,1,1,1,0,1,2,1,0,0,,,,1,3,2,0,0,,,,1,2,1,0,1,1,1,0,0,,,,0,,,,0,,,,1,1,1,0,1,1,1,0,1,1,,,,,,,,,,,,,,,,,,,,,,,,,,,,,,,,555,"Replacement",1,"10:44",76.3218756302521
201,96,4,1,2,3,1,"18:35","06/06/2022",1,6,4,4,,1,1,26,90,30,12,1,,,,,1,,1,22,1,3,1,5,30,2,0,1,450000,1,600000,300,1,1,,,,,,,,,,,,,,,,,,,,,,0,,0,0,,,,1,3,3,0,,,,1,4,1,0,0,,,,1,98,1,0,1,1,2,0,0,,,,1,15,2,1,1,3,2,1,0,,,,0,,,,0,,,,0,,,,1,3,2,0,0,,,,0,,,,0,,,,0,,,,1,3,2,0,0,,,,0,,,,1,2,2,1,0,,,,1,1,2,0,0,,,,0,,,,0,,,,1,1,2,0,0,,,,0,,,,0,,,,0,,,,1,1,888,0,0,,,,,,,,,,1,1,,,,,,,,,,,,,1,,,,,,,,,,,,,555,"donation",1,"17:02",65.0943448275862
202,97,4,1,1,3,1,"12:05","07/06/2022",1,6,2,2,,1,1,33,180,21,12,1,,,,,1,,1,23,1,1,1,1,1,1,0,1,150000,1,180000,300,1,0,,,1,,,,,,,,,,,,,,,,,,,0,,0,0,,,,1,3,7,1,70,1,1,0,,,,0,,,,0,,,,1,1,1,0,0,,,,1,8,1,0,1,2,1,0,1,4,1,0,0,,,,0,,,,0,,,,1,3,1,0,0,,,,0,,,,1,50,1,0,0,,,,1,2,1,0,1,1,1,0,1,2,1,0,1,2,1,0,1,1,1,0,1,2,1,0,1,1,1,0,1,3,1,0,1,2,1,0,1,2,1,0,1,15,1,0,1,1,1,0,0,,,,0,,,,1,1,1,0,1,2,1,0,1,,,,,,,,,,,,,,,,,,,,,,,,,,,,,,,,,2," ",1,"12:34",9.64490152671756
203,98,4,1,2,3,1,"17:07","07/06/2022",2,6,4,4,,1,1,30,120,22,12,1,,,,,1,,1,24,0,,1,1,30,2,0,1,150000,1,600000,220,1,1,,,,,,,,,,,,,,,,,,,,,,0,,0,0,,,,1,3,5,1,2,2,1,1,15,2,0,0,,,,1,25,2,0,1,1,2,0,0,,,,1,8,2,0,1,4,2,0,1,5,2,0,0,,,,0,,,,0,,,,1,2,2,0,0,,,,0,,,,0,,,,0,,,,1,8,2,0,0,,,,0,,,,1,2,2,0,1,1,2,0,1,2,2,0,0,,,,0,,,,0,,,,1,1,2,0,0,,,,0,,,,0,,,,0,,,,1,1,2,0,1,1,2,0,1,,,,,,,,,,,,,,,,,,,,,,,,,,,,,,,,,555,"It is planned",1,"17:33",116.712714285714
204,99,4,2,2,3,1,"15:52","20/06/2022",2,6,4,5,,1,1,23,60,20,12,1,,,,,1,,1,24,0,,1,0,,2,,1,200010,2,180000,888,1,0,,,,,,,,,,,,,,,,,,,,,,0,,0,1,0,,,0,,3,0,,,,1,50,1,0,0,,,,1,45,1,0,0,,,,0,,,,1,9,1,0,1,2,1,0,1,2,1,0,0,,,,0,,,,0,,,,1,5,1,0,0,,,,0,,,,0,,,,0,,,,1,7,888,0,1,1,1,0,0,,,,1,5,1,0,1,4,1,0,1,5,3,0,0,,,,0,,,,0,,,,0,,,,0,,,,0,,,,0,,,,0,,,,1,3,888,0,0,,,,,,,,,,,,,,,,,,,,,,,,,,,,,,,,,,,,,," ",1,"16:29",88.2872234042553
205,100,4,2,2,3,1,"10:21","20/06/2022",2,6,6,5,,1,1,23,130,20,12,1,,,,,1,,1,24,1,1,1,2,180,2,0,1,180000,2,1200000,220,1,1,,,,,,,,,,,,,,,,,,,,,,0,,0,0,,,,0,,3,0,,,,0,,,,0,,,,1,70,1,1,0,,,,0,,,,1,13,1,0,1,3,1,0,1,3,1,0,0,,,,0,,,,0,,,,1,3,1,0,0,,,,0,,,,0,,,,0,,,,1,3,888,0,1,4,1,1,0,,,,1,2,1,0,1,1,1,0,1,4,3,0,0,,,,0,,,,0,,,,0,,,,0,,,,0,,,,0,,,,0,,,,1,3,888,0,0,,,,,,,1,,,,,,,,,,,,,,,1,,,,,,,,,,,,,,,555,"Replacement",1,"11:53",182.426832
206,101,4,2,2,3,1,"16:20","21/06/2022",1,6,5,5,,1,1,24,60,18,12,1,,,,,1,,1,24,0,,1,0,,2,,1,300000,2,180000,292,1,1,,,,,,,,,,,,,,,,,,,,,,0,,0,0,,,,0,,7,0,,,,0,,,,0,,,,1,45,1,0,1,1,1,0,1,1,1,0,1,15,1,0,1,3,1,0,1,3,1,0,0,,,,0,,,,0,,,,1,2,1,0,0,,,,0,,,,0,,,,0,,,,1,2,888,0,1,1,1,0,0,,,,1,2,1,0,1,1,1,0,1,6,3,0,0,,,,0,,,,0,,,,0,,,,0,,,,0,,,,0,,,,0,,,,1,3,888,0,0,,,,,,,,,,,,,,,,,,,,,,,,,,,,,,,,,,,,,," ",1,"16:52",139.53121875
207,102,4,2,2,3,1,"08:48","21/06/2022",2,4,20,1,,1,3,39,200,31,12,1,,,,,1,,1,24,0,,1,0,,2,,1,600000,1,600000,300,1,1,,,,,,,,,,,,,,,,,,,,,,0,,1,0,,,,1,3,7,1,20,2,1,1,5,2,0,0,,,,0,,,,1,1,1,1,1,1,1,0,1,15,2,1,1,2,1,1,1,2,1,1,0,,,,0,,,,0,,,,1,2,2,1,0,,,,1,1,2,1,1,22,1,1,0,,,,1,3,2,1,1,2,2,1,0,,,,1,1,1,1,1,1,2,1,1,5,1,1,0,,,,1,6,2,1,1,6,1,1,1,1,1,0,0,,,,0,,,,0,,,,0,,,,1,1,2,1,0,,,,1,,,,1,,1,1,1,,,,1,,1,1,,1,1,,1,1,1,,1,1,,,,,,1,,2," ",1,"09:12",151.801378881988
208,103,4,2,1,3,1,"10:39","13/06/2022",2,6,5,5,,1,1,18,200,18,12,1,,,,,1,,1,24,0,,1,0,,2,,1,249930,2,180000,290,1,1,,,,,,,,,,,,,,,,,,,,,,0,,0,0,,,,0,,7,0,,,,1,15,1,0,0,,,,1,12,1,0,1,1,1,0,1,1,1,0,1,4,1,0,1,1,1,0,1,2,1,0,0,,,,0,,,,0,,,,1,1,1,0,0,,,,0,,,,0,,,,0,,,,1,1,888,0,0,,,,0,,,,1,1,1,0,0,,,,1,1,888,0,0,,,,0,,,,0,,,,0,,,,0,,,,0,,,,0,,,,0,,,,1,1,888,0,0,,,,,,,,,,,,,,,,,,,,,,,,,,,,,,,,,,,,,," ",1,"11:21",11.9892
210,104,4,3,2,3,1,"17:00","14/06/2022",2,6,4,5,,1,1,30,100,18,12,1,,,,,1,,1,24,0,,1,1,1,1,0,1,600000,1,900000,300,1,0,,,,,,,,,,,,,,,,,,,,,,0,,1,0,,,,0,,7,1,30,2,0,1,7,2,0,0,,,,0,,,,0,,,,0,,,,1,12,2,0,1,1,2,0,1,3,2,0,0,,,,0,,,,0,,,,0,,,,0,,,,0,,,,1,15,2,0,0,,,,1,4,888,0,1,3,2,0,0,,,,1,1,2,0,1,1,2,1,1,1,2,0,0,,,,0,,,,1,2,2,0,1,5,2,0,0,,,,0,,,,0,,,,0,,,,1,2,2,0,0,,,,,,,,,,,,,,,,,,,,,,,,,1,,,,,,,,,,,,555,"in plan",1,"17:19",52.2024086021505
214,105,4,3,1,3,1,"09:46","15/06/2022",1,6,20,5,,1,1,27,60,20,12,1,,,,,1,,1,24,0,,1,1,60,2,0,1,199980,1,180000,245,1,0,,,,,,,,,,,,,,,,,,,,,,0,,0,0,,,,0,,7,1,72,1,1,0,,,,0,,,,0,,,,1,1,1,1,0,,,,1,6,2,0,1,1,2,1,1,3,2,1,0,,,,0,,,,0,,,,0,,,,0,,,,0,,,,1,5,1,0,0,,,,1,4,888,0,0,,,,0,,,,1,2,2,0,1,1,1,0,1,1,2,0,1,1,2,0,1,1,888,0,1,2,2,1,1,2,2,0,0,,,,0,,,,0,,,,0,,,,1,2,888,1,0,,,,1,,,,1,,,1,1,,,,,,,,,,,,,,,,,1,,,,,,1,,555,"donation",1,"10:31",12.1581888235294
215,106,4,3,1,3,1,"14:10","16/06/2022",1,6,4,5,,1,1,34,520,12,12,1,,,,,1,,1,24,0,,1,1,1,1,0,1,300000,1,150000,300,1,0,,,,,,,,,,,,,,,,,,,,,,1,1,1,0,,,,1,3,3,1,32,2,0,1,6,2,0,0,,,,0,,,,1,2,2,0,1,1,2,0,1,20,2,0,1,4,2,0,1,2,2,0,1,1,2,0,0,,,,0,,,,1,5,2,0,0,,,,1,1,888,0,1,18,2,0,0,,,,1,3,2,0,1,1,2,0,0,,,,1,3,2,1,1,1,2,0,1,1,2,0,0,,,,0,,,,0,,,,1,2,2,0,0,,,,0,,,,0,,,,0,,,,1,1,2,0,0,,,,,,,,,,,,,,,,,,,,,,,,1,,,,,,,,,,,,,1," ",1,"14:21",5.1521799689441
220,107,4,3,1,3,1,"11:35","22/06/2022",2,6,4,5,,1,1,21,50,16,12,1,,,,,1,,1,23,0,,1,2,6,2,0,1,150000,1,600000,301,1,1,,,,,,,,,,,,,,,,,,,,,,0,,1,0,,,,0,,2,1,26,1,0,0,,,,0,,,,0,,,,1,1,1,0,0,,,,1,7,1,0,1,3,1,0,1,1,1,0,0,,,,0,,,,0,,,,1,3,1,0,0,,,,0,,,,1,29,1,0,0,,,,1,2,888,0,0,,,,0,,,,1,3,1,0,1,1,1,0,1,3,1,0,0,,,,1,4,1,0,0,,,,1,2,1,0,1,50,888,0,0,,,,0,,,,0,,,,1,2,1,0,0,,,,,,,,,,,,,,,,,,,,,,,,,,,,,,,,,,,,,," ",1,"12:17",7.68185333333333
221,108,4,3,1,3,1,"16:40","15/06/2022",1,6,20,4,,1,1,29,85,13,12,1,,,,,1,,1,24,0,,1,0,,2,,1,750000,1,150000,232,1,1,,,,,,,,,,,,,,,,,,,,,,0,,0,1,0,,,1,3,7,0,,,,0,,,,0,,,,1,90,1,0,0,,,,0,,,,1,5,2,1,1,1,2,0,1,3,2,1,0,,,,0,,,,0,,,,1,2,1,1,0,,,,0,,,,0,,,,0,,,,0,,,,1,1,1,1,0,,,,1,10,1,1,0,,,,0,,,,0,,,,1,1,1,1,0,,,,0,,,,0,,,,0,,,,1,1,1,0,0,,,,0,,,,0,,,,,,,,,,1,,1,,,,1,,,,,,1,,1,,,,1,,,,,,,,,555,"donation",1,"16:56",15.9206272727273
222,109,4,3,2,3,1,"10:06","21/06/2022",1,6,4,5,,1,1,25,30,18,12,1,,,,,1,,1,24,0,,1,1,1,1,0,1,990000,1,450000,189,1,1,,,,,,,,,,,,,,,,,,,,,,0,,1,0,,,,0,,7,1,15,2,0,1,6,2,1,0,,,,0,,,,0,,,,0,,,,1,6,2,0,1,3,2,0,1,3,2,0,0,,,,0,,,,0,,,,1,2,2,0,0,,,,0,,,,1,8,2,0,0,,,,1,5,2,0,1,2,2,0,0,,,,1,4,2,0,1,1,2,0,1,2,2,0,0,,,,0,,,,0,,,,1,3,2,0,1,1,888,0,0,,,,0,,,,1,2,2,0,1,1,2,0,0,,,,,1,,,,,,,,,,,,,,,,,,,,,,,,,,,,,,,,555,"donation",1,"10:20",102.326509433962
223,110,4,4,2,3,1,"14:42","13/06/2022",1,6,3,5,,1,2,51,180,34,12,1,,,,,1,,1,24,0,,1,3,30,2,0,1,208320,1,1200000,292,1,1,,,,,,,,,,,,,,,,,,,,,,0,,1,0,,,,0,,2,1,25,2,0,0,,,,1,6,2,0,0,,,,1,1,2,0,0,,,,1,8,2,0,1,3,2,0,1,2,2,0,0,,,,0,,,,0,,,,1,2,2,0,0,,,,0,,,,1,40,2,0,0,,,,1,1,1,0,0,,,,0,,,,1,2,2,0,0,,,,1,1,2,0,1,5,2,0,1,2,2,0,0,,,,1,1,3,0,0,,,,0,,,,0,,,,0,,,,1,2,888,0,0,,,,,,,,,,,,,,,,,,,,,,,,,,,,,,,,,,,,,," ",1,"15:20",325.358129032258
225,111,4,4,2,3,1,"13:44","14/06/2022",2,6,4,1,,1,1,37,150,21,12,1,,,,,1,,1,24,0,,1,1,1,1,0,1,999000,7,450000,250,1,0,,,,,,,,,,,,,,,,,,,,,,0,,1,0,,,,0,,3,1,17,2,0,1,5,2,0,0,,,,0,,,,0,,,,0,,,,1,16,2,0,1,1,2,0,1,7,2,0,0,,,,0,,,,0,,,,1,2,2,0,0,,,,0,,,,1,30,2,0,0,,,,1,6,888,0,1,2,2,1,0,,,,1,2,2,0,1,1,2,0,1,2,2,0,0,,,,0,,,,0,,,,0,,,,0,,,,0,,,,0,,,,1,1,2,0,1,1,2,0,0,,,,,,,,,,,,,,,,,,,,,,1,,,,,,,,,,,,,,,3," ",1,"14:10",90.7926956521739
226,112,4,4,2,3,1,"14:36","22/06/2022",1,6,4,2,,1,3,29,60,25,12,1,,,,,1,,1,24,0,,1,1,60,2,0,1,1200000,2,450000,293,1,1,,,,,,,,,,,,,,,,,,,,,,0,,0,0,,,,0,,7,0,,,,1,10,1,0,0,,,,1,30,1,0,1,1,1,0,0,,,,1,10,1,0,1,2,1,0,1,2,1,0,0,,,,0,,,,0,,,,1,4,1,0,0,,,,0,,,,0,,,,0,,,,1,5,888,0,1,1,1,0,0,,,,1,2,1,0,1,1,1,0,1,2,3,0,0,,,,0,,,,0,,,,0,,,,0,,,,0,,,,0,,,,0,,,,1,3,888,0,0,,,,,,,,,,,,,,,,,,,,,,,,,,,,,,,,,,,,,," ",1,"14:56",129.102220588235
227,113,4,4,2,3,1,"10:08","22/06/2022",1,6,4,4,,1,1,27,120,25,12,1,,,,,1,,1,24,0,,1,0,,2,,1,180000,2,1200000,283,1,1,,,,,,,,,,,,,,,,,,,,,,0,,0,0,,,,1,3,7,0,,,,0,,,,1,12,1,0,1,24,1,0,1,1,1,0,0,,,,1,12,1,0,1,1,1,0,1,2,1,0,0,,,,0,,,,0,,,,1,3,1,0,0,,,,0,,,,0,,,,0,,,,1,8,3,0,1,1,1,0,0,,,,1,2,1,1,1,1,1,0,1,4,3,0,0,,,,0,,,,0,,,,0,,,,0,,,,0,,,,0,,,,0,,,,1,3,888,0,0,,,,,,,,,,,,,,,,,,,,,,,,1,,,,,,,,,,,,,555,"donation",1,"10:45",81.5528605263158
228,114,4,4,2,3,1,"10:18","23/06/2022",1,6,4,5,,1,1,25,75,20,12,1,,,,,1,,1,24,1,3,1,3,60,2,0,1,900000,2,750000,293,1,1,,,,,,,,,,,,,,,,,,,,,,0,,0,0,,,,0,,3,0,,,,0,,,,0,,,,1,40,1,0,1,1,1,0,0,,,,1,10,1,0,1,2,1,0,1,4,1,0,0,,,,0,,,,0,,,,1,2,1,0,0,,,,0,,,,0,,,,0,,,,1,5,3,0,1,1,1,0,0,,,,1,2,1,1,1,1,1,0,1,5,3,0,0,,,,0,,,,0,,,,0,,,,0,,,,0,,,,0,,,,0,,,,1,3,888,0,0,,,,,,,,,,,,,,,,,,,,,,,,1,,,,,,,,,,,,,555,"It's not planned",1,"10:46",119.497333333333
229,115,4,5,1,3,1,"14:15","14/06/2022",1,6,4,5,,1,1,27,120,24,12,1,,,,,1,,1,24,0,,1,0,,2,,1,250020,2,450000,220,1,1,,,,,,,,,,,,,,,,,,,,,,0,,0,0,,,,1,3,7,0,,,,0,,,,0,,,,1,45,1,1,1,1,1,0,1,1,1,0,1,17,1,0,1,6,1,0,1,2,1,0,0,,,,1,1,1,0,0,,,,1,2,1,0,0,,,,0,,,,0,,,,0,,,,1,2,888,0,1,1,1,0,0,,,,1,2,1,0,1,1,1,0,1,2,1,0,0,,,,1,2,2,1,0,,,,1,2,2,0,0,,,,0,,,,0,,,,0,,,,1,1,888,0,0,,,,,,,1,,,,,,,,,,,,,,,,,,,,,1,,,,,,,,,555,"It's not planned",1,"10:32",8.65588105263158
231,116,4,5,2,3,1,"13:16","18/06/2022",1,6,4,5,,1,1,25,120,20,12,1,,,,,1,,1,24,0,,1,0,,2,,1,1200000,2,600000,888,1,0,,,,,,,,,,,,,,,,,,,,,,0,,0,0,,,,0,,7,0,,,,0,,,,0,,,,1,27,1,0,0,,,,0,,,,1,5,1,0,1,1,1,0,1,2,1,0,0,,,,0,,,,0,,,,1,3,1,0,0,,,,0,,,,0,,,,0,,,,1,2,888,0,1,2,1,0,0,,,,1,3,1,0,0,,,,0,,,,0,,,,0,,,,0,,,,0,,,,0,,,,0,,,,0,,,,0,,,,1,1,888,0,0,,,,,,,,,,,,,,,,,,,,,,,,,,,,,,,,,,,,,," ",1,"13:40",73.3824504504504
233,117,4,5,2,3,1,"13:29","15/06/2022",1,7,2,4,,1,1,20,150,13,12,1,,,,,1,,1,23,0,,1,1,20,2,0,1,750000,1,750000,268,1,1,,,,,,,,,,,,,,,,,,,,,,0,,0,0,,,,1,3,7,1,70,888,0,1,4,888,0,0,,,,0,,,,1,2,888,1,0,,,,1,13,888,1,1,1,888,1,1,7,888,0,0,,,,0,,,,0,,,,1,3,888,0,0,,,,0,,,,1,48,888,1,0,,,,1,7,888,0,1,1,888,0,0,,,,1,3,888,0,1,1,888,0,1,2,888,0,0,,,,0,,,,0,,,,1,2,888,0,0,,,,0,,,,0,,,,0,,,,1,1,888,0,0,,,,,,,,1,,1,1,,,,,,,,1,,,,,,,,,,,,,,,,,,555,"It's not planned",1,"14:48",165.234735849057
235,118,4,5,2,3,1,"12:41","16/06/2022",1,6,5,5,,1,3,34,200,40,12,1,,,,,1,,1,24,0,,1,0,,2,,1,1200000,2,750000,282,1,1,,,,,,,,,,,,,,,,,,,,,,1,1,0,0,,,,1,3,7,0,,,,0,,,,0,,,,1,50,1,0,1,2,1,0,0,,,,1,16,1,0,1,5,1,0,1,3,1,0,0,,,,0,,,,0,,,,1,4,1,0,0,,,,0,,,,0,,,,0,,,,1,5,3,1,1,2,1,0,0,,,,1,4,1,0,1,1,1,0,0,,,,0,,,,0,,,,0,,,,0,,,,0,,,,0,,,,0,,,,0,,,,1,1,888,0,0,,,,,,,,,,,,,,,,,,,,,1,,,,,,,,,,,,,,,,555,"It's not planned",1,"13:04",190.598447368421
236,119,4,5,2,3,1,"10:13","17/06/2022",1,6,5,5,,1,3,25,150,21,12,1,,,,,1,,1,24,0,,1,0,,2,,1,900000,2,750000,295,1,1,,,,,,,,,,,,,,,,,,,,,,0,,0,0,,,,0,,7,0,,,,0,,,,0,,,,1,80,1,1,1,2,1,0,1,1,1,0,1,15,1,0,1,4,1,0,1,4,1,0,0,,,,0,,,,0,,,,1,3,1,0,0,,,,0,,,,0,,,,0,,,,1,4,3,0,1,1,1,0,0,,,,1,2,1,0,1,1,1,0,0,,,,0,,,,0,,,,0,,,,0,,,,0,,,,0,,,,0,,,,0,,,,1,3,888,0,0,,,,,,,1,,,,,,,,,,,,,,,,,,,,,,,,,,,,,,555,"It's not planned",1,"10:28",93.4768661971831
237,120,5,1,2,3,1,"08:54","07/06/2022",2,6,4,4,,1,1,39,98,13,12,1,,,,,1,,1,24,0,,1,3,20,2,0,1,600000,2,600000,300,1,0,,,,,,,,,,,,,,,,,,,,,,0,,0,0,,,,0,,3,1,12,1,0,1,1,1,1,0,,,,0,,,,1,1,3,0,1,1,3,0,1,10,3,0,1,1,3,0,1,2,3,0,0,,,,0,,,,0,,,,1,3,3,0,0,,,,0,,,,1,6,3,0,0,,,,1,1,3,0,0,,,,1,1,3,0,1,1,3,0,1,1,3,0,1,1,3,0,1,2,3,0,1,1,3,0,1,1,3,0,1,2,3,0,0,,,,0,,,,0,,,,0,,,,1,2,888,0,0,,,,,1,,,,,,,,,,,,,,,,,,,,,,,,,,,,,,,,3," ",1,"09:25",75.9446417910448
238,121,5,1,1,3,1,"11:56","06/06/2022",1,6,20,5,,1,1,28,120,21,12,1,,,,,1,,1,24,0,,1,0,,2,,1,450000,1,300000,265,1,0,,,,,,,,,,,,,,,,,,,,,,1,1,0,0,,,,0,,7,0,,,,1,10,888,0,0,,,,0,,,,1,2,888,0,0,,,,1,15,888,0,1,3,888,0,1,2,888,0,0,,,,0,,,,0,,,,1,3,888,0,0,,,,1,2,888,0,1,40,888,0,0,,,,1,4,888,0,1,2,2,0,0,,,,1,3,3,0,1,1,3,0,1,3,3,0,1,1,3,0,0,,,,0,,,,1,2,3,0,0,,,,0,,,,1,1,888,0,0,,,,1,2,2,0,0,,,,,,,,,,,,,,,,,,,,,,,,,,,,,,,,,,,,,," ",1,"12:22",20.0439647058824
239,122,5,1,1,3,1,"10:59","07/06/2022",1,4,6,2,,1,1,36,180,6,12,1,,,,,1,,1,24,0,,1,0,,2,,1,180000,2,300000,300,1,1,,,,,,,,,,,,,,,,,,,,,,0,,1,0,,,,1,3,7,0,,,,0,,,,0,,,,0,,,,0,,,,1,1,1,0,1,25,1,0,1,1,1,0,0,,,,0,,,,0,,,,0,,,,1,3,1,0,0,,,,0,,,,0,,,,0,,,,1,2,2,0,0,,,,0,,,,1,3,1,0,1,1,1,0,1,1,1,0,0,,,,0,,,,0,,,,0,,,,0,,,,0,,,,0,,,,0,,,,1,1,888,0,0,,,,,,,,,,,,,,,,,,,,,,,,,,,,,,,,,,,,,," ",1,"11:33",4.94822621359223
241,123,5,1,2,3,1,"10:58","06/06/2022",2,6,3,5,,1,1,35,70,32,12,1,,,,,1,,1,24,0,,1,0,,2,,1,600000,2,1200000,300,1,0,,,,,,,,,,,,,,,,,,,,,,0,,0,0,,,,1,4,7,0,,,,1,5,1,0,0,,,,0,,,,0,,,,0,,,,1,4,3,0,1,1,888,0,1,1,3,0,0,,,,0,,,,0,,,,0,,,,0,,,,1,1,3,0,1,3,3,0,0,,,,0,,,,1,1,3,0,0,,,,1,1,3,0,0,,,,0,,,,0,,,,1,1,3,0,1,1,3,0,1,1,3,0,1,1,3,0,0,,,,0,,,,0,,,,1,4,3,0,0,,,,,,,,,,,,,,,,,,,,,,,,,,,,,,,,,,,,,," ",1,"11:33",119.70275862069
243,124,5,2,2,3,1,"17:58","21/06/2022",2,6,4,5,,1,1,24,90,20,12,1,,,,,1,,1,24,1,3,1,4,1,1,0,1,900000,1,150000,300,1,0,,,,,,,,,,,,,,,,,,,,,,0,,0,0,,,,0,,7,0,,,,1,8,888,0,0,,,,1,30,1,0,1,1,2,0,0,,,,1,8,888,0,1,2,888,0,1,1,888,0,0,,,,0,,,,0,,,,0,,,,0,,,,0,,,,1,10,888,0,0,,,,1,4,888,0,1,1,888,0,0,,,,1,1,888,0,0,,,,1,1,888,1,0,,,,0,,,,0,,,,0,,,,0,,,,0,,,,0,,,,0,,,,1,1,888,0,1,1,888,0,,,,,,,,,,,,,,,,,,,,,,,1,,,,,,,,,,,555,"donation",1,"18:09",119.53393373494
244,125,5,2,2,3,1,"14:47","16/06/2022",1,6,20,5,,1,1,16,80,21,12,1,,,,,1,,1,24,0,,1,4,1,1,0,1,750000,1,150000,245,1,0,,,,,,,,,,,,,,,,,,,,,,0,,1,0,,,,1,4,3,1,30,2,0,1,20,2,0,0,,,,0,,,,1,2,2,1,0,,,,1,8,2,0,1,2,2,0,1,3,2,0,0,,,,0,,,,0,,,,1,5,2,0,0,,,,0,,,,0,,,,0,,,,1,6,888,0,1,1,888,0,0,,,,1,2,888,0,1,1,2,0,1,2,2,0,0,,,,1,1,888,0,0,,,,1,2,888,0,0,,,,0,,,,0,,,,0,,,,1,1,888,0,0,,,,,,,,1,,,,,,,,,,,,,,,,,,,,,,,,,,,,,555,"donation",1,"15:16",50.6682119205298
245,126,5,2,1,3,2,"16:46","19/06/2022",1,3,3,1,,1,1,37,170,30,12,1,,,,,1,,1,24,0,,1,2,1,1,0,3,150000,1,300000,220,1,0,,,,,,,,,,,,,,,,,,,,,,1,4,0,0,,,,1,3,3,1,15,1,1,1,5,2,1,0,,,,0,,,,1,1,1,1,0,,,,1,9,2,0,1,1,1,0,1,3,1,1,0,,,,0,,,,0,,,,1,3,1,1,0,,,,0,,,,1,10,2,0,0,,,,1,8,1,1,0,,,,0,,,,1,2,1,0,0,,,,1,1,1,0,0,,,,1,4,1,0,0,,,,1,3,1,1,0,,,,0,,,,0,,,,0,,,,1,3,1,0,0,,,,1,1,,,1,,,,1,,,,1,,,,,1,,,,,,,,,1,,,,,,,555,"donation",1,"17:20",15.1000164383562
246,127,5,2,2,3,1,"15:18","15/06/2022",1,6,4,4,,1,1,34,90,14,12,1,,,,,1,,1,24,0,,1,5,20,2,0,1,900000,1,300000,300,1,0,,,,,,,,,,,,,,,,,,,,,,0,,0,0,,,,1,3,3,0,,,,0,,,,0,,,,1,99,1,0,1,2,1,0,0,,,,1,13,1,0,1,3,1,0,1,4,888,0,0,,,,0,,,,0,,,,1,2,1,0,0,,,,0,,,,1,21,888,0,0,,,,1,6,888,0,1,2,1,0,0,,,,0,,,,0,,,,1,2,1,0,0,,,,1,1,1,0,0,,,,1,2,888,0,0,,,,1,1,888,0,1,1,3,0,0,,,,1,3,888,0,0,,,,,,,,,,,,,,,,,,,,,,,,,,,,,,,,,,,,,," ",1,"15:39",235.364968421053
247,128,5,2,1,3,1,"10:47","15/06/2022",2,6,3,1,,1,1,23,150,21,12,1,,,,,1,,1,24,0,,1,2,1,1,0,1,600000,1,180000,300,1,1,,,,,,,,,,,,,,,,,,,,,,1,1,0,0,,,,1,4,3,0,,,,0,,,,0,,,,1,10,1,1,1,1,1,0,1,1,2,0,1,10,1,0,1,2,2,0,1,1,2,0,0,,,,1,1,1,0,0,,,,1,2,1,0,0,,,,1,1,3,0,1,50,1,0,0,,,,1,3,888,0,1,1,1,0,0,,,,1,2,888,0,1,1,1,0,1,2,1,0,0,,,,0,,,,0,,,,0,,,,0,,,,0,,,,0,,,,0,,,,1,1,888,0,0,,,,,,,1,,,,,,,,,,,,,,,,,,,,,,,,,,,,,,555,"Don't know",1,"11:15",5.48210979228487
250,129,5,2,2,3,2,"16:39","17/06/2022",1,3,11,4,,1,1,24,100,15,12,1,,,,,1,,1,24,0,,1,2,30,2,0,1,1200000,1,750000,186,1,0,,,,,,,,,,,,,,,,,,,,,,0,,1,1,0,,,0,,7,1,30,1,1,0,,,,0,,,,1,10,1,0,1,2,1,0,0,,,,1,12,1,0,1,2,1,1,1,3,1,0,1,1,1,1,0,,,,0,,,,1,3,1,1,0,,,,0,,,,1,30,1,1,0,,,,1,3,888,0,0,,,,0,,,,1,1,1,1,0,,,,1,1,2,0,0,,,,1,2,1,0,0,,,,1,4,2,1,0,,,,0,,,,0,,,,0,,,,1,3,1,1,0,,,,1,,,,,,,1,,1,,,1,,,1,,,,,1,,,,,,1,,,,,1,,555,"Don't know",1,"17:10",61.0949142857143
252,130,5,2,1,3,2,"13:29","13/06/2022",1,6,10,5,,1,1,19,80,38,12,1,,,,,1,,1,23,0,,1,0,,2,,1,501000,1,450000,186,1,1,,,,,,,,,,,,,,,,,,,,,,0,,1,0,,,,1,3,2,0,,,,1,99,1,0,0,,,,0,,,,1,2,1,1,0,,,,1,17,1,0,1,3,1,0,1,2,1,0,0,,,,0,,,,0,,,,1,5,1,1,0,,,,1,1,1,0,1,99,1,1,0,,,,1,4,2,0,1,2,1,0,0,,,,1,3,1,0,1,1,1,0,1,1,1,1,0,,,,0,,,,0,,,,0,,,,0,,,,0,,,,0,,,,0,,,,1,3,1,0,0,,,,,,,,1,,,,,,,,1,,,1,,,,,,,1,,,,,,,,,,,555,"Don't know",1,"14:10",8.83617364864865
258,131,5,3,2,3,1,"16:18","17/06/2022",2,6,3,5,,1,1,26,110,32,12,1,,,,,1,,1,24,0,,1,0,,2,,1,249000,1,750000,186,1,1,,,,,,,,,,,,,,,,,,,,,,0,,0,0,,,,0,,7,0,,,,1,10,1,0,0,,,,1,45,1,0,1,2,1,0,0,,,,1,14,1,0,1,3,1,0,1,2,1,1,0,,,,0,,,,0,,,,0,,,,0,,,,0,,,,0,,,,0,,,,1,8,888,0,1,1,1,0,0,,,,1,2,1,0,1,1,1,0,1,2,1,0,0,,,,1,2,2,0,0,,,,1,2,2,0,0,,,,0,,,,0,,,,0,,,,1,1,888,0,0,,,,,,,,,,,,1,,,,,,,,,,,,,,,,,,,,,,,,,555,"in plan",1,"16:45",137.657460869565
264,132,5,3,1,3,1,"15:05","17/06/2022",1,6,4,5,,1,1,34,150,22,12,1,,,,,1,,1,24,0,,1,1,1,1,0,1,450000,1,1200000,300,1,0,,,,,,,,,,,,,,,,,,,,,,0,,0,0,,,,0,,7,0,,,,1,22,1,0,0,,,,1,40,1,0,1,2,1,0,0,,,,1,16,1,1,1,4,1,1,1,2,1,0,0,,,,0,,,,0,,,,1,3,1,0,0,,,,0,,,,1,35,1,0,0,,,,1,5,888,1,0,,,,0,,,,1,2,1,0,1,2,1,0,1,2,1,0,0,,,,1,1,1,0,0,,,,1,2,1,0,0,,,,0,,,,0,,,,0,,,,1,1,1,0,0,,,,,,,,,,1,1,,,,,,,,,,1,,,,,,,,,,,,,,,,555,"donation",1,"15:31",12.3318692307692
266,133,5,3,2,3,1,"12:42","18/06/2022",2,6,15,5,,1,1,24,70,17,12,1,,,,,1,,1,24,0,,1,0,,2,,1,199980,1,450000,300,1,0,,,,,,,,,,,,,,,,,,,,,,0,,0,0,,,,1,3,7,0,,,,1,16,1,0,1,1,1,0,1,30,1,0,1,2,1,0,0,,,,1,14,1,0,1,2,1,1,1,2,1,1,0,,,,0,,,,0,,,,1,3,1,0,0,,,,0,,,,1,26,1,0,0,,,,1,5,888,0,1,1,1,0,0,,,,1,3,1,1,1,1,1,0,1,1,1,0,0,,,,1,5,1,0,0,,,,0,,,,0,,,,1,1,1,0,0,,,,0,,,,1,1,1,0,0,,,,,,,,,,,1,1,,,,,,,,,,,,1,,,,,,,,,,,,,555,"donation",1,"13:16",115.230054545455
267,134,5,3,1,3,1,"10:09","14/06/2022",1,6,14,5,,1,1,43,180,24,12,1,,,,,1,,1,24,0,,1,1,1,1,0,1,699990,1,300000,300,1,1,,,,,,,,,,,,,,,,,,,,,,1,1,0,0,,,,0,,3,0,,,,1,50,1,0,0,,,,1,11,1,0,1,1,1,0,0,,,,1,16,1,0,1,4,1,0,1,3,1,0,0,,,,0,,,,0,,,,1,4,1,0,0,,,,0,,,,0,,,,0,,,,1,7,888,0,1,2,1,0,0,,,,1,7,1,1,0,,,,1,1,1,0,0,,,,1,3,3,0,1,2,3,0,1,1,3,0,0,,,,0,,,,1,1,1,0,0,,,,1,6,1,0,0,,,,,,,,,,,,,,,,,,,,,,,,1,,,,,,,,,,,,,555,"donation",1,"10:10",31.9791152777778
271,135,5,3,2,3,1,"10:20","20/06/2022",1,6,21,5,,1,1,32,60,9,12,1,,,,,1,,1,24,0,,1,0,,2,,1,199980,1,300000,227,1,1,,,,,,,,,,,,,,,,,,,,,,0,,0,0,,,,1,3,7,0,,,,1,9,1,1,1,5,1,1,1,49,1,1,1,3,1,1,0,,,,1,14,1,0,1,5,1,0,1,2,1,0,0,,,,0,,,,0,,,,1,3,1,0,0,,,,0,,,,1,35,1,0,0,,,,1,9,1,0,1,2,1,0,0,,,,1,2,1,0,1,1,1,0,1,1,1,0,0,,,,1,1,3,0,0,,,,1,1,3,0,0,,,,0,,,,0,,,,0,,,,1,1,888,0,0,,,,,1,1,1,1,,,,,,,,,,,,,,,,,,,,,,,,,,,,,555,"donation",1,"10:44",61.146402640264
280,136,5,4,2,3,1,"15:29","16/06/2022",2,6,3,4,,1,1,40,200,40,12,1,,,,,1,,1,24,0,,1,1,40,2,0,1,600000,1,1200000,300,1,0,,,,,,,,,,,,,,,,,,,,,,1,1,0,0,,,,1,3,7,0,,,,1,7,1,1,0,,,,0,,,,0,,,,0,,,,1,15,1,0,1,5,1,0,1,1,1,0,1,1,1,0,0,,,,0,,,,1,4,1,0,0,,,,1,1,1,0,1,90,1,0,0,,,,1,4,888,0,0,,,,0,,,,1,1,1,0,0,,,,1,1,1,0,1,1,1,0,1,3,2,0,1,1,1,0,1,2,1,0,1,1,1,0,0,,,,1,1,1,0,1,1,1,0,1,1,1,0,0,,,,,1,,,,,,,,,,,,,,,,,,,,,,,,,,,,,,,,3," ",0,"16:06",83.807
281,137,5,4,1,3,1,"14:49","15/06/2022",2,6,3,4,,1,1,21,200,21,12,1,,,,,1,,1,23,0,,1,1,1,1,0,1,150000,1,180000,289,1,1,,,,,,,,,,,,,,,,,,,,,,0,,0,0,,,,1,3,7,1,4,1,1,1,18,1,0,1,30,1,0,0,,,,1,2,1,0,0,,,,1,11,1,0,1,4,1,0,1,1,1,0,0,,,,0,,,,0,,,,1,2,1,0,1,1,888,0,0,,,,1,35,1,0,0,,,,1,6,888,0,0,,,,0,,,,1,1,1,0,0,,,,1,1,1,0,0,,,,0,,,,1,2,1,0,1,1,1,0,0,,,,0,,,,0,,,,0,,,,1,2,888,0,0,,,,1,,,,,,,,,,,,,,,,,,,,,,,,,,,,,,,,,555,"No space",1,"15:38",9.17697944785276
282,138,5,4,1,3,1,"17:03","13/06/2022",2,6,3,4,,1,1,30,250,22,12,1,,,,,1,,1,23,0,,1,1,60,2,0,1,180000,1,750000,220,1,1,,,,,,,,,,,,,,,,,,,,,,0,,0,0,,,,1,3,5,0,,,,1,30,1,0,1,40,1,0,0,,,,1,1,1,0,0,,,,1,11,1,0,1,4,1,1,1,5,1,0,0,,,,0,,,,0,,,,1,3,1,0,0,,,,0,,,,1,37,1,0,0,,,,1,7,888,0,1,1,1,0,0,,,,1,1,1,1,1,1,1,0,1,1,1,0,1,2,1,1,1,1,1,0,0,,,,1,5,1,0,0,,,,0,,,,0,,,,0,,,,1,3,888,0,0,,,,,,,,,,,1,,,,,,,,,,,,,1,,,1,,,,,,,,,,555,"Replacement",1,"17:38",9.30882887323944
285,139,5,4,2,3,3,"13:48","14/06/2022",1,6,3,5,,1,1,30,120,18,12,1,,,,,1,,1,23,0,,1,1,1,1,0,1,600000,7,300000,287,1,1,,,,,,,,,,,,,,,,,,,,,,0,,0,0,,,,1,3,5,1,80,1,1,1,20,1,0,1,20,1,0,0,,,,1,1,1,1,1,1,1,0,1,14,1,0,1,1,1,0,1,2,1,0,0,,,,0,,,,0,,,,1,6,1,0,0,,,,0,,,,1,85,1,0,0,,,,1,5,1,0,1,4,1,0,0,,,,1,2,1,0,1,1,1,0,1,6,1,0,0,,,,0,,,,1,4,1,0,0,,,,0,,,,0,,,,0,,,,0,,,,1,5,1,0,0,,,,1,,,,1,,,,,,,,,,,,,,,,,,,,,,,,,,,,,555,"in plan",1,"14:26",79.18262625
286,140,5,4,2,3,1,"11:48","15/06/2022",1,6,4,5,,1,1,27,75,6,12,1,,,,,1,,1,24,0,,1,0,,2,,1,150000,1,300000,300,1,0,,,,,,,,,,,,,,,,,,,,,,0,,0,0,,,,1,3,7,0,,,,0,,,,0,,,,0,,,,1,1,1,0,0,,,,1,10,1,0,1,2,1,0,1,2,1,0,0,,,,0,,,,0,,,,0,,,,0,,,,0,,,,1,15,1,0,0,,,,1,5,888,0,0,,,,0,,,,1,1,1,0,1,1,1,0,1,2,1,0,0,,,,1,4,1,0,0,,,,0,,,,0,,,,0,,,,0,,,,0,,,,1,1,888,0,0,,,,,,,,,,,,,,,,,,,,,,,,,,,,,,,,,,,,,," ",1,"12:14",133.014805369128
287,141,5,5,2,3,1,"19:12","20/06/2022",1,6,3,4,,1,1,37,160,15,12,1,,,,,1,,1,23,1,3,1,2,60,2,0,1,180000,1,300000,225,1,1,,,,,,,,,,,,,,,,,,,,,,0,,0,0,,,,0,,2,1,20,1,0,1,3,1,0,0,,,,1,9,1,0,1,2,1,0,0,,,,1,16,1,0,1,2,1,0,1,1,1,0,0,,,,0,,,,0,,,,1,3,1,0,0,,,,0,,,,1,20,1,0,0,,,,1,5,888,0,1,2,1,1,0,,,,1,3,1,0,1,1,1,0,1,1,1,0,0,,,,0,,,,0,,,,0,,,,0,,,,0,,,,0,,,,0,,,,1,3,888,0,0,,,,,,,,,,,,,,,,,,,,,,1,,,,,,,,,,,,,,,3," ",0,"19:19",121.134436090226
289,142,5,5,2,3,1,"14:25","22/06/2022",2,6,3,5,,1,1,53,100,20,12,1,,,,,1,,1,23,0,,1,1,1,1,0,1,300000,7,600000,286,1,1,,,,,,,,,,,,,,,,,,,,,,0,,0,0,,,,0,,5,1,36,1,0,0,,,,1,10,1,0,0,,,,0,,,,0,,,,1,11,1,0,1,2,1,0,1,3,1,0,0,,,,0,,,,0,,,,1,2,1,0,0,,,,0,,,,1,30,1,0,0,,,,1,4,888,0,1,1,1,0,0,,,,1,5,1,0,1,2,1,0,1,1,1,0,0,,,,0,,,,0,,,,0,,,,0,,,,0,,,,0,,,,0,,,,1,3,888,0,0,,,,,,,,,,,,,,,,,,,,,,,,,,,,,,,,,,,,,," ",1,"14:48",160.181593984962
294,143,5,5,2,3,1,"14:44","15/06/2022",2,3,1,1,,1,1,26,85,16,12,1,,,,,1,,1,22,0,,1,5,30,2,0,1,999990,3,1200000,200,1,0,,,,,,,,,,,,,,,,,,,,,,0,,1,0,,,,0,,6,1,19,1,1,1,8,1,1,0,,,,0,,,,1,2,1,0,0,,,,1,12,1,1,1,2,1,1,1,2,3,0,0,,,,0,,,,0,,,,1,3,1,1,0,,,,0,,,,0,,,,0,,,,1,4,888,1,0,,,,0,,,,1,9,1,1,1,2,1,1,1,2,1,1,0,,,,1,2,2,0,0,,,,1,3,2,0,1,15,888,0,0,,,,0,,,,0,,,,1,2,888,0,0,,,,1,1,,,,,1,1,,,,,1,,,,,1,,,1,1,1,,,,,,,,,,,3," ",1,"15:45",195.606
298,144,5,5,2,3,1,"13:37","17/06/2022",1,6,3,2,,1,1,20,24,24,12,1,,,,,1,,1,24,0,,1,3,1,1,0,1,300000,1,900000,300,1,0,,,,,,,,,,,,,,,,,,,,,,0,,0,0,,,,0,,3,1,27,888,0,1,6,888,1,0,,,,1,27,888,0,0,,,,0,,,,1,11,2,0,1,2,2,0,1,4,3,0,0,,,,0,,,,0,,,,1,3,2,0,0,,,,0,,,,0,,,,0,,,,1,5,2,0,0,,,,0,,,,1,2,2,0,0,,,,1,1,2,0,0,,,,0,,,,1,4,3,0,1,3,3,1,0,,,,0,,,,0,,,,0,,,,1,4,2,0,1,1,2,0,,1,,,,,,,,,,,,,,,,,,,,,,,,,1,,,,,,,555,"No space",1,"14:18",421.347619047619
,145,5,5,2,3,1,"14:06","23/06/2022",1,6,4,5,,1,4,80,200,70,12,1,,,,,1,,1,24,0,,1,5,30,2,0,1,300000,1,750000,300,1,0,,,,,,,,,,,,,,,,,,,,,,1,1,0,0,,,,1,3,7,0,,,,0,,,,0,,,,0,,,,0,,,,0,,,,0,,,,0,,,,0,,,,0,,,,0,,,,0,,,,0,,,,0,,,,0,,,,0,,,,0,,,,0,,,,0,,,,0,,,,0,,,,0,,,,0,,,,0,,,,0,,,,0,,,,0,,,,0,,,,0,,,,0,,,,0,,,,0,,,,0,,,,,,,,,,,,,,,,,,,,,,,,,,,,,,,,,,,,,," ",1,"15:08",
309,146,5,6,1,3,1,"10:14","17/06/2022",2,6,8,5,,1,1,32,250,12,12,1,,,,,1,,1,24,0,,1,1,20,2,0,1,1200000,1,300000,300,1,0,,,,,,,,,,,,,,,,,,,,,,0,,0,0,,,,1,3,5,0,,,,1,4,1,0,0,,,,0,,,,1,3,1,0,1,1,1,0,1,15,1,0,1,3,1,0,1,1,1,0,0,,,,0,,,,0,,,,0,,,,0,,,,0,,,,1,25,1,0,0,,,,1,4,888,0,1,1,1,0,0,,,,1,2,1,0,1,1,1,0,1,2,1,0,0,,,,0,,,,0,,,,1,2,1,0,0,,,,0,,,,1,1,1,0,0,,,,1,3,1,0,0,,,,,,,,,,,,,,,,,,,,,,,,,,,,,,,,,,,,,," ",1,"10:40",11.2610976744186
310,147,5,6,2,3,1,"12:30","20/06/2022",1,6,4,5,,1,1,28,120,26,12,1,,,,,1,,1,23,0,,1,1,1,1,0,1,159990,1,1200000,298,1,1,,,,,,,,,,,,,,,,,,,,,,0,,0,0,,,,1,3,7,1,50,1,0,1,5,1,0,0,,,,0,,,,1,1,1,0,0,,,,1,15,1,0,1,1,1,0,1,2,1,0,0,,,,0,,,,0,,,,1,2,1,0,0,,,,0,,,,1,50,1,0,0,,,,1,7,888,0,1,1,1,0,0,,,,1,4,1,1,1,1,1,0,1,2,1,0,0,,,,0,,,,0,,,,1,2,1,0,0,,,,0,,,,0,,,,0,,,,1,6,888,0,0,,,,,,,,,,,,,,,,,,,,,,,,1,,,,,,,,,,,,,555,"donation",1,"13:00",265.9455
311,148,5,6,2,3,1,"16:03","18/06/2022",1,6,4,5,,1,1,24,120,20,12,1,,,,,1,,1,23,0,,1,1,30,2,0,1,150000,1,900000,289,1,1,,,,,,,,,,,,,,,,,,,,,,0,,0,0,,,,1,3,5,1,90,1,0,0,,,,0,,,,0,,,,1,1,1,0,0,,,,1,10,1,1,1,3,1,0,1,2,1,0,1,1,1,0,0,,,,0,,,,1,1,1,0,0,,,,0,,,,1,25,1,0,0,,,,1,9,888,0,1,1,1,1,0,,,,1,3,1,0,1,1,1,0,1,1,1,0,0,,,,0,,,,1,4,1,0,1,1,1,0,0,,,,0,,,,0,,,,0,,,,1,7,888,0,0,,,,,,,,,,1,,,,,,,,,,,,1,,,,,,,,,,,,,,,3," ",0,"16:43",110.668164383562
312,149,5,6,2,3,1,"11:44","18/06/2022",2,6,4,4,,1,3,30,80,30,12,1,,,,,1,,1,24,0,,1,1,1,1,0,1,750000,1,150000,287,1,1,,,,,,,,,,,,,,,,,,,,,,0,,0,0,,,,0,,7,1,40,1,0,1,5,1,0,0,,,,0,,,,1,1,1,0,0,,,,1,8,1,0,1,3,1,0,0,,,,0,,,,0,,,,0,,,,1,3,1,0,0,,,,0,,,,1,28,1,0,0,,,,1,3,888,0,1,1,1,0,0,,,,1,1,1,0,1,1,1,0,1,1,1,0,1,1,1,0,0,,,,1,2,1,0,1,3,1,0,0,,,,0,,,,0,,,,0,,,,1,3,888,0,0,,,,,,,,,,,,,,,,,,,,,,,,,,,,,,,,,,,,,," ",1,"11:58",188.315441860465
313,150,5,7,1,3,1,"13:24","06/06/2022",1,6,22,4,,1,1,18,60,25,12,1,,,,,1,,1,24,0,,1,0,,2,,1,300000,1,450000,300,1,1,,,,,,,,,,,,,,,,,,,,,,1,1,1,0,,,,0,,7,0,,,,1,5,888,1,0,,,,0,,,,1,2,2,1,0,,,,1,2,2,0,1,4,2,0,1,2,2,0,0,,,,0,,,,0,,,,1,4,1,0,1,4,1,0,0,,,,1,20,1,0,0,,,,1,3,1,0,1,1,1,0,1,3,1,0,1,2,1,0,0,,,,1,1,1,0,1,1,1,0,1,2,1,1,0,,,,0,,,,1,3,1,0,1,2,1,0,0,,,,0,,,,1,1,1,0,0,,,,,1,,,1,,,,,,,,,,,,,,,,,,,,1,,,,,,,,,555,"Replacement",1,"16:57",16.9766382352941
314,151,5,7,2,3,1,"16:32","06/06/2022",1,6,15,5,,1,1,22,90,26,12,1,,,,,1,,1,24,0,,1,1,30,2,0,1,360000,1,900000,300,1,0,,,,,,,,,,,,,,,,,,,,,,0,,1,0,,,,1,3,3,0,,,,1,5,1,0,0,,,,1,40,1,0,1,2,1,0,0,,,,1,10,1,0,1,3,1,0,1,2,1,0,0,,,,0,,,,0,,,,1,4,1,0,0,,,,0,,,,0,,,,0,,,,1,5,888,0,1,1,1,0,0,,,,1,1,1,0,1,1,1,0,1,2,1,0,0,,,,0,,,,0,,,,1,3,2,0,0,,,,0,,,,0,,,,0,,,,1,1,888,0,0,,,,,,,,,,,,,,,,,,,,,,,,,,,,,,,,,,,,,," ",1,"17:01",121.421042553191
315,152,5,7,2,3,1,"15:29","07/06/2022",1,6,1,5,,1,1,20,80,15,12,1,,,,,1,,1,24,0,,1,1,10,2,0,1,450000,3,750000,200,1,0,,,,,,,,,,,,,,,,,,,,,,0,,1,0,,,,0,,555,0,,,,1,10,1,1,0,,,,0,,,,1,2,1,0,0,,,,1,5,1,1,1,2,1,0,1,5,1,0,0,,,,0,,,,0,,,,1,3,1,0,1,1,1,0,0,,,,0,,,,0,,,,1,3,888,0,1,3,1,0,0,,,,1,2,1,0,1,1,1,0,1,4,1,1,0,,,,1,4,1,0,1,3,2,0,1,2,1,0,0,,,,0,,,,0,,,,0,,,,1,15,888,0,0,,,,,1,,,,,1,,,,,,,,,,,,,,,,1,,,,,,,,,,,555,"Replacement",1,"16:57",161.408918918919
316,153,5,7,2,3,1,"15:16","07/06/2022",1,6,4,4,,2,1,224,230,214,12,1,,,,,1,,1,24,1,2,1,1,1,1,0,1,2250000,1,1800000,228,1,1,,,,,,,,,,,,,,,,,,,,,,1,1,1,0,,,,1,3,2,0,,,,1,99,888,0,0,,,,1,99,888,1,1,2,888,1,1,2,888,1,1,50,888,0,1,10,888,0,1,1,888,0,1,5,888,1,1,8,888,0,0,,,,1,4,888,0,1,2,888,0,1,2,888,0,1,99,888,0,1,4,888,0,1,10,888,0,1,2,888,0,1,1,888,1,1,4,888,0,1,3,888,0,1,16,888,0,1,3,888,1,1,3,888,0,1,1,888,0,1,3,888,0,1,2,888,0,1,2,888,0,1,8,888,0,1,1,888,0,1,1,888,0,0,,,,,,,1,1,1,,,,1,,,,,,,,,,1,,,,1,,,,,,,,,,555,"donation",1,"16:21",140.077125
1,154,,,,,,,,,,,,,,,,,,,,,,,,,,,,,,,,,,,,,,,,,,,,,,,,,,,,,,,,,,,,,,,,,,,,,,,,,,,,,,,,,,,,,,,,,,,,,,,,,,,,,,,,,,,,,,,,,,,,,,,,,,,,,,,,,,,,,,,,,,,,,,,,,,,,,,,,,,,,,,,,,,,,,,,,,,,,,,,,,,,,,,,,,,,,,,,,,,,,,,,,,,,,,,,,,,,,,,,,,,,,,,,,,,,,,,,,,,,,,,,,,,50.5471009009009
5,155,,,,,,,,,,,,,,,,,,,,,,,,,,,,,,,,,,,,,,,,,,,,,,,,,,,,,,,,,,,,,,,,,,,,,,,,,,,,,,,,,,,,,,,,,,,,,,,,,,,,,,,,,,,,,,,,,,,,,,,,,,,,,,,,,,,,,,,,,,,,,,,,,,,,,,,,,,,,,,,,,,,,,,,,,,,,,,,,,,,,,,,,,,,,,,,,,,,,,,,,,,,,,,,,,,,,,,,,,,,,,,,,,,,,,,,,,,,,,,,,,,10.1755732217573
7,156,,,,,,,,,,,,,,,,,,,,,,,,,,,,,,,,,,,,,,,,,,,,,,,,,,,,,,,,,,,,,,,,,,,,,,,,,,,,,,,,,,,,,,,,,,,,,,,,,,,,,,,,,,,,,,,,,,,,,,,,,,,,,,,,,,,,,,,,,,,,,,,,,,,,,,,,,,,,,,,,,,,,,,,,,,,,,,,,,,,,,,,,,,,,,,,,,,,,,,,,,,,,,,,,,,,,,,,,,,,,,,,,,,,,,,,,,,,,,,,,,,22.7114407894737
11,157,,,,,,,,,,,,,,,,,,,,,,,,,,,,,,,,,,,,,,,,,,,,,,,,,,,,,,,,,,,,,,,,,,,,,,,,,,,,,,,,,,,,,,,,,,,,,,,,,,,,,,,,,,,,,,,,,,,,,,,,,,,,,,,,,,,,,,,,,,,,,,,,,,,,,,,,,,,,,,,,,,,,,,,,,,,,,,,,,,,,,,,,,,,,,,,,,,,,,,,,,,,,,,,,,,,,,,,,,,,,,,,,,,,,,,,,,,,,,,,,,,24.2731346260388
13,158,,,,,,,,,,,,,,,,,,,,,,,,,,,,,,,,,,,,,,,,,,,,,,,,,,,,,,,,,,,,,,,,,,,,,,,,,,,,,,,,,,,,,,,,,,,,,,,,,,,,,,,,,,,,,,,,,,,,,,,,,,,,,,,,,,,,,,,,,,,,,,,,,,,,,,,,,,,,,,,,,,,,,,,,,,,,,,,,,,,,,,,,,,,,,,,,,,,,,,,,,,,,,,,,,,,,,,,,,,,,,,,,,,,,,,,,,,,,,,,,,,13.4902167539267
15,159,,,,,,,,,,,,,,,,,,,,,,,,,,,,,,,,,,,,,,,,,,,,,,,,,,,,,,,,,,,,,,,,,,,,,,,,,,,,,,,,,,,,,,,,,,,,,,,,,,,,,,,,,,,,,,,,,,,,,,,,,,,,,,,,,,,,,,,,,,,,,,,,,,,,,,,,,,,,,,,,,,,,,,,,,,,,,,,,,,,,,,,,,,,,,,,,,,,,,,,,,,,,,,,,,,,,,,,,,,,,,,,,,,,,,,,,,,,,,,,,,,20.4148122137405
16,160,,,,,,,,,,,,,,,,,,,,,,,,,,,,,,,,,,,,,,,,,,,,,,,,,,,,,,,,,,,,,,,,,,,,,,,,,,,,,,,,,,,,,,,,,,,,,,,,,,,,,,,,,,,,,,,,,,,,,,,,,,,,,,,,,,,,,,,,,,,,,,,,,,,,,,,,,,,,,,,,,,,,,,,,,,,,,,,,,,,,,,,,,,,,,,,,,,,,,,,,,,,,,,,,,,,,,,,,,,,,,,,,,,,,,,,,,,,,,,,,,,7.50649791666667
17,161,,,,,,,,,,,,,,,,,,,,,,,,,,,,,,,,,,,,,,,,,,,,,,,,,,,,,,,,,,,,,,,,,,,,,,,,,,,,,,,,,,,,,,,,,,,,,,,,,,,,,,,,,,,,,,,,,,,,,,,,,,,,,,,,,,,,,,,,,,,,,,,,,,,,,,,,,,,,,,,,,,,,,,,,,,,,,,,,,,,,,,,,,,,,,,,,,,,,,,,,,,,,,,,,,,,,,,,,,,,,,,,,,,,,,,,,,,,,,,,,,,3.57904556634304
19,162,,,,,,,,,,,,,,,,,,,,,,,,,,,,,,,,,,,,,,,,,,,,,,,,,,,,,,,,,,,,,,,,,,,,,,,,,,,,,,,,,,,,,,,,,,,,,,,,,,,,,,,,,,,,,,,,,,,,,,,,,,,,,,,,,,,,,,,,,,,,,,,,,,,,,,,,,,,,,,,,,,,,,,,,,,,,,,,,,,,,,,,,,,,,,,,,,,,,,,,,,,,,,,,,,,,,,,,,,,,,,,,,,,,,,,,,,,,,,,,,,,19.94468875
22,163,,,,,,,,,,,,,,,,,,,,,,,,,,,,,,,,,,,,,,,,,,,,,,,,,,,,,,,,,,,,,,,,,,,,,,,,,,,,,,,,,,,,,,,,,,,,,,,,,,,,,,,,,,,,,,,,,,,,,,,,,,,,,,,,,,,,,,,,,,,,,,,,,,,,,,,,,,,,,,,,,,,,,,,,,,,,,,,,,,,,,,,,,,,,,,,,,,,,,,,,,,,,,,,,,,,,,,,,,,,,,,,,,,,,,,,,,,,,,,,,,,9.87333272727273
23,164,,,,,,,,,,,,,,,,,,,,,,,,,,,,,,,,,,,,,,,,,,,,,,,,,,,,,,,,,,,,,,,,,,,,,,,,,,,,,,,,,,,,,,,,,,,,,,,,,,,,,,,,,,,,,,,,,,,,,,,,,,,,,,,,,,,,,,,,,,,,,,,,,,,,,,,,,,,,,,,,,,,,,,,,,,,,,,,,,,,,,,,,,,,,,,,,,,,,,,,,,,,,,,,,,,,,,,,,,,,,,,,,,,,,,,,,,,,,,,,,,,15.03859
25,165,,,,,,,,,,,,,,,,,,,,,,,,,,,,,,,,,,,,,,,,,,,,,,,,,,,,,,,,,,,,,,,,,,,,,,,,,,,,,,,,,,,,,,,,,,,,,,,,,,,,,,,,,,,,,,,,,,,,,,,,,,,,,,,,,,,,,,,,,,,,,,,,,,,,,,,,,,,,,,,,,,,,,,,,,,,,,,,,,,,,,,,,,,,,,,,,,,,,,,,,,,,,,,,,,,,,,,,,,,,,,,,,,,,,,,,,,,,,,,,,,,16.7416508571429
27,166,,,,,,,,,,,,,,,,,,,,,,,,,,,,,,,,,,,,,,,,,,,,,,,,,,,,,,,,,,,,,,,,,,,,,,,,,,,,,,,,,,,,,,,,,,,,,,,,,,,,,,,,,,,,,,,,,,,,,,,,,,,,,,,,,,,,,,,,,,,,,,,,,,,,,,,,,,,,,,,,,,,,,,,,,,,,,,,,,,,,,,,,,,,,,,,,,,,,,,,,,,,,,,,,,,,,,,,,,,,,,,,,,,,,,,,,,,,,,,,,,,4.12082943262411
28,167,,,,,,,,,,,,,,,,,,,,,,,,,,,,,,,,,,,,,,,,,,,,,,,,,,,,,,,,,,,,,,,,,,,,,,,,,,,,,,,,,,,,,,,,,,,,,,,,,,,,,,,,,,,,,,,,,,,,,,,,,,,,,,,,,,,,,,,,,,,,,,,,,,,,,,,,,,,,,,,,,,,,,,,,,,,,,,,,,,,,,,,,,,,,,,,,,,,,,,,,,,,,,,,,,,,,,,,,,,,,,,,,,,,,,,,,,,,,,,,,,,11.2538897515528
31,168,,,,,,,,,,,,,,,,,,,,,,,,,,,,,,,,,,,,,,,,,,,,,,,,,,,,,,,,,,,,,,,,,,,,,,,,,,,,,,,,,,,,,,,,,,,,,,,,,,,,,,,,,,,,,,,,,,,,,,,,,,,,,,,,,,,,,,,,,,,,,,,,,,,,,,,,,,,,,,,,,,,,,,,,,,,,,,,,,,,,,,,,,,,,,,,,,,,,,,,,,,,,,,,,,,,,,,,,,,,,,,,,,,,,,,,,,,,,,,,,,,7.984714375
32,169,,,,,,,,,,,,,,,,,,,,,,,,,,,,,,,,,,,,,,,,,,,,,,,,,,,,,,,,,,,,,,,,,,,,,,,,,,,,,,,,,,,,,,,,,,,,,,,,,,,,,,,,,,,,,,,,,,,,,,,,,,,,,,,,,,,,,,,,,,,,,,,,,,,,,,,,,,,,,,,,,,,,,,,,,,,,,,,,,,,,,,,,,,,,,,,,,,,,,,,,,,,,,,,,,,,,,,,,,,,,,,,,,,,,,,,,,,,,,,,,,,4.23082260869565
33,170,,,,,,,,,,,,,,,,,,,,,,,,,,,,,,,,,,,,,,,,,,,,,,,,,,,,,,,,,,,,,,,,,,,,,,,,,,,,,,,,,,,,,,,,,,,,,,,,,,,,,,,,,,,,,,,,,,,,,,,,,,,,,,,,,,,,,,,,,,,,,,,,,,,,,,,,,,,,,,,,,,,,,,,,,,,,,,,,,,,,,,,,,,,,,,,,,,,,,,,,,,,,,,,,,,,,,,,,,,,,,,,,,,,,,,,,,,,,,,,,,,21.1555548
36,171,,,,,,,,,,,,,,,,,,,,,,,,,,,,,,,,,,,,,,,,,,,,,,,,,,,,,,,,,,,,,,,,,,,,,,,,,,,,,,,,,,,,,,,,,,,,,,,,,,,,,,,,,,,,,,,,,,,,,,,,,,,,,,,,,,,,,,,,,,,,,,,,,,,,,,,,,,,,,,,,,,,,,,,,,,,,,,,,,,,,,,,,,,,,,,,,,,,,,,,,,,,,,,,,,,,,,,,,,,,,,,,,,,,,,,,,,,,,,,,,,,33.7477419354839
38,172,,,,,,,,,,,,,,,,,,,,,,,,,,,,,,,,,,,,,,,,,,,,,,,,,,,,,,,,,,,,,,,,,,,,,,,,,,,,,,,,,,,,,,,,,,,,,,,,,,,,,,,,,,,,,,,,,,,,,,,,,,,,,,,,,,,,,,,,,,,,,,,,,,,,,,,,,,,,,,,,,,,,,,,,,,,,,,,,,,,,,,,,,,,,,,,,,,,,,,,,,,,,,,,,,,,,,,,,,,,,,,,,,,,,,,,,,,,,,,,,,,12.3686712765957
41,173,,,,,,,,,,,,,,,,,,,,,,,,,,,,,,,,,,,,,,,,,,,,,,,,,,,,,,,,,,,,,,,,,,,,,,,,,,,,,,,,,,,,,,,,,,,,,,,,,,,,,,,,,,,,,,,,,,,,,,,,,,,,,,,,,,,,,,,,,,,,,,,,,,,,,,,,,,,,,,,,,,,,,,,,,,,,,,,,,,,,,,,,,,,,,,,,,,,,,,,,,,,,,,,,,,,,,,,,,,,,,,,,,,,,,,,,,,,,,,,,,,43.053996
43,174,,,,,,,,,,,,,,,,,,,,,,,,,,,,,,,,,,,,,,,,,,,,,,,,,,,,,,,,,,,,,,,,,,,,,,,,,,,,,,,,,,,,,,,,,,,,,,,,,,,,,,,,,,,,,,,,,,,,,,,,,,,,,,,,,,,,,,,,,,,,,,,,,,,,,,,,,,,,,,,,,,,,,,,,,,,,,,,,,,,,,,,,,,,,,,,,,,,,,,,,,,,,,,,,,,,,,,,,,,,,,,,,,,,,,,,,,,,,,,,,,,27.0597727969349
44,175,,,,,,,,,,,,,,,,,,,,,,,,,,,,,,,,,,,,,,,,,,,,,,,,,,,,,,,,,,,,,,,,,,,,,,,,,,,,,,,,,,,,,,,,,,,,,,,,,,,,,,,,,,,,,,,,,,,,,,,,,,,,,,,,,,,,,,,,,,,,,,,,,,,,,,,,,,,,,,,,,,,,,,,,,,,,,,,,,,,,,,,,,,,,,,,,,,,,,,,,,,,,,,,,,,,,,,,,,,,,,,,,,,,,,,,,,,,,,,,,,,25.2778612716763
46,176,,,,,,,,,,,,,,,,,,,,,,,,,,,,,,,,,,,,,,,,,,,,,,,,,,,,,,,,,,,,,,,,,,,,,,,,,,,,,,,,,,,,,,,,,,,,,,,,,,,,,,,,,,,,,,,,,,,,,,,,,,,,,,,,,,,,,,,,,,,,,,,,,,,,,,,,,,,,,,,,,,,,,,,,,,,,,,,,,,,,,,,,,,,,,,,,,,,,,,,,,,,,,,,,,,,,,,,,,,,,,,,,,,,,,,,,,,,,,,,,,,34.238744813278
49,177,,,,,,,,,,,,,,,,,,,,,,,,,,,,,,,,,,,,,,,,,,,,,,,,,,,,,,,,,,,,,,,,,,,,,,,,,,,,,,,,,,,,,,,,,,,,,,,,,,,,,,,,,,,,,,,,,,,,,,,,,,,,,,,,,,,,,,,,,,,,,,,,,,,,,,,,,,,,,,,,,,,,,,,,,,,,,,,,,,,,,,,,,,,,,,,,,,,,,,,,,,,,,,,,,,,,,,,,,,,,,,,,,,,,,,,,,,,,,,,,,,22.5478852941176
51,178,,,,,,,,,,,,,,,,,,,,,,,,,,,,,,,,,,,,,,,,,,,,,,,,,,,,,,,,,,,,,,,,,,,,,,,,,,,,,,,,,,,,,,,,,,,,,,,,,,,,,,,,,,,,,,,,,,,,,,,,,,,,,,,,,,,,,,,,,,,,,,,,,,,,,,,,,,,,,,,,,,,,,,,,,,,,,,,,,,,,,,,,,,,,,,,,,,,,,,,,,,,,,,,,,,,,,,,,,,,,,,,,,,,,,,,,,,,,,,,,,,8.52196355140187
56,179,,,,,,,,,,,,,,,,,,,,,,,,,,,,,,,,,,,,,,,,,,,,,,,,,,,,,,,,,,,,,,,,,,,,,,,,,,,,,,,,,,,,,,,,,,,,,,,,,,,,,,,,,,,,,,,,,,,,,,,,,,,,,,,,,,,,,,,,,,,,,,,,,,,,,,,,,,,,,,,,,,,,,,,,,,,,,,,,,,,,,,,,,,,,,,,,,,,,,,,,,,,,,,,,,,,,,,,,,,,,,,,,,,,,,,,,,,,,,,,,,,11.9489366834171
57,180,,,,,,,,,,,,,,,,,,,,,,,,,,,,,,,,,,,,,,,,,,,,,,,,,,,,,,,,,,,,,,,,,,,,,,,,,,,,,,,,,,,,,,,,,,,,,,,,,,,,,,,,,,,,,,,,,,,,,,,,,,,,,,,,,,,,,,,,,,,,,,,,,,,,,,,,,,,,,,,,,,,,,,,,,,,,,,,,,,,,,,,,,,,,,,,,,,,,,,,,,,,,,,,,,,,,,,,,,,,,,,,,,,,,,,,,,,,,,,,,,,6.323716875
59,181,,,,,,,,,,,,,,,,,,,,,,,,,,,,,,,,,,,,,,,,,,,,,,,,,,,,,,,,,,,,,,,,,,,,,,,,,,,,,,,,,,,,,,,,,,,,,,,,,,,,,,,,,,,,,,,,,,,,,,,,,,,,,,,,,,,,,,,,,,,,,,,,,,,,,,,,,,,,,,,,,,,,,,,,,,,,,,,,,,,,,,,,,,,,,,,,,,,,,,,,,,,,,,,,,,,,,,,,,,,,,,,,,,,,,,,,,,,,,,,,,,11.4382214285714
60,182,,,,,,,,,,,,,,,,,,,,,,,,,,,,,,,,,,,,,,,,,,,,,,,,,,,,,,,,,,,,,,,,,,,,,,,,,,,,,,,,,,,,,,,,,,,,,,,,,,,,,,,,,,,,,,,,,,,,,,,,,,,,,,,,,,,,,,,,,,,,,,,,,,,,,,,,,,,,,,,,,,,,,,,,,,,,,,,,,,,,,,,,,,,,,,,,,,,,,,,,,,,,,,,,,,,,,,,,,,,,,,,,,,,,,,,,,,,,,,,,,,15.5927013157895
61,183,,,,,,,,,,,,,,,,,,,,,,,,,,,,,,,,,,,,,,,,,,,,,,,,,,,,,,,,,,,,,,,,,,,,,,,,,,,,,,,,,,,,,,,,,,,,,,,,,,,,,,,,,,,,,,,,,,,,,,,,,,,,,,,,,,,,,,,,,,,,,,,,,,,,,,,,,,,,,,,,,,,,,,,,,,,,,,,,,,,,,,,,,,,,,,,,,,,,,,,,,,,,,,,,,,,,,,,,,,,,,,,,,,,,,,,,,,,,,,,,,,10.5182256410256
62,184,,,,,,,,,,,,,,,,,,,,,,,,,,,,,,,,,,,,,,,,,,,,,,,,,,,,,,,,,,,,,,,,,,,,,,,,,,,,,,,,,,,,,,,,,,,,,,,,,,,,,,,,,,,,,,,,,,,,,,,,,,,,,,,,,,,,,,,,,,,,,,,,,,,,,,,,,,,,,,,,,,,,,,,,,,,,,,,,,,,,,,,,,,,,,,,,,,,,,,,,,,,,,,,,,,,,,,,,,,,,,,,,,,,,,,,,,,,,,,,,,,9.59673777777778
63,185,,,,,,,,,,,,,,,,,,,,,,,,,,,,,,,,,,,,,,,,,,,,,,,,,,,,,,,,,,,,,,,,,,,,,,,,,,,,,,,,,,,,,,,,,,,,,,,,,,,,,,,,,,,,,,,,,,,,,,,,,,,,,,,,,,,,,,,,,,,,,,,,,,,,,,,,,,,,,,,,,,,,,,,,,,,,,,,,,,,,,,,,,,,,,,,,,,,,,,,,,,,,,,,,,,,,,,,,,,,,,,,,,,,,,,,,,,,,,,,,,,5.68636416666667
64,186,,,,,,,,,,,,,,,,,,,,,,,,,,,,,,,,,,,,,,,,,,,,,,,,,,,,,,,,,,,,,,,,,,,,,,,,,,,,,,,,,,,,,,,,,,,,,,,,,,,,,,,,,,,,,,,,,,,,,,,,,,,,,,,,,,,,,,,,,,,,,,,,,,,,,,,,,,,,,,,,,,,,,,,,,,,,,,,,,,,,,,,,,,,,,,,,,,,,,,,,,,,,,,,,,,,,,,,,,,,,,,,,,,,,,,,,,,,,,,,,,,7.20332459016393
65,187,,,,,,,,,,,,,,,,,,,,,,,,,,,,,,,,,,,,,,,,,,,,,,,,,,,,,,,,,,,,,,,,,,,,,,,,,,,,,,,,,,,,,,,,,,,,,,,,,,,,,,,,,,,,,,,,,,,,,,,,,,,,,,,,,,,,,,,,,,,,,,,,,,,,,,,,,,,,,,,,,,,,,,,,,,,,,,,,,,,,,,,,,,,,,,,,,,,,,,,,,,,,,,,,,,,,,,,,,,,,,,,,,,,,,,,,,,,,,,,,,,10.1865876923077
66,188,,,,,,,,,,,,,,,,,,,,,,,,,,,,,,,,,,,,,,,,,,,,,,,,,,,,,,,,,,,,,,,,,,,,,,,,,,,,,,,,,,,,,,,,,,,,,,,,,,,,,,,,,,,,,,,,,,,,,,,,,,,,,,,,,,,,,,,,,,,,,,,,,,,,,,,,,,,,,,,,,,,,,,,,,,,,,,,,,,,,,,,,,,,,,,,,,,,,,,,,,,,,,,,,,,,,,,,,,,,,,,,,,,,,,,,,,,,,,,,,,,4.40477818181818
67,189,,,,,,,,,,,,,,,,,,,,,,,,,,,,,,,,,,,,,,,,,,,,,,,,,,,,,,,,,,,,,,,,,,,,,,,,,,,,,,,,,,,,,,,,,,,,,,,,,,,,,,,,,,,,,,,,,,,,,,,,,,,,,,,,,,,,,,,,,,,,,,,,,,,,,,,,,,,,,,,,,,,,,,,,,,,,,,,,,,,,,,,,,,,,,,,,,,,,,,,,,,,,,,,,,,,,,,,,,,,,,,,,,,,,,,,,,,,,,,,,,,6.27120765957447
69,190,,,,,,,,,,,,,,,,,,,,,,,,,,,,,,,,,,,,,,,,,,,,,,,,,,,,,,,,,,,,,,,,,,,,,,,,,,,,,,,,,,,,,,,,,,,,,,,,,,,,,,,,,,,,,,,,,,,,,,,,,,,,,,,,,,,,,,,,,,,,,,,,,,,,,,,,,,,,,,,,,,,,,,,,,,,,,,,,,,,,,,,,,,,,,,,,,,,,,,,,,,,,,,,,,,,,,,,,,,,,,,,,,,,,,,,,,,,,,,,,,,6.55938214285714
70,191,,,,,,,,,,,,,,,,,,,,,,,,,,,,,,,,,,,,,,,,,,,,,,,,,,,,,,,,,,,,,,,,,,,,,,,,,,,,,,,,,,,,,,,,,,,,,,,,,,,,,,,,,,,,,,,,,,,,,,,,,,,,,,,,,,,,,,,,,,,,,,,,,,,,,,,,,,,,,,,,,,,,,,,,,,,,,,,,,,,,,,,,,,,,,,,,,,,,,,,,,,,,,,,,,,,,,,,,,,,,,,,,,,,,,,,,,,,,,,,,,,5.97752774193548
83,192,,,,,,,,,,,,,,,,,,,,,,,,,,,,,,,,,,,,,,,,,,,,,,,,,,,,,,,,,,,,,,,,,,,,,,,,,,,,,,,,,,,,,,,,,,,,,,,,,,,,,,,,,,,,,,,,,,,,,,,,,,,,,,,,,,,,,,,,,,,,,,,,,,,,,,,,,,,,,,,,,,,,,,,,,,,,,,,,,,,,,,,,,,,,,,,,,,,,,,,,,,,,,,,,,,,,,,,,,,,,,,,,,,,,,,,,,,,,,,,,,,283.146722891566
85,193,,,,,,,,,,,,,,,,,,,,,,,,,,,,,,,,,,,,,,,,,,,,,,,,,,,,,,,,,,,,,,,,,,,,,,,,,,,,,,,,,,,,,,,,,,,,,,,,,,,,,,,,,,,,,,,,,,,,,,,,,,,,,,,,,,,,,,,,,,,,,,,,,,,,,,,,,,,,,,,,,,,,,,,,,,,,,,,,,,,,,,,,,,,,,,,,,,,,,,,,,,,,,,,,,,,,,,,,,,,,,,,,,,,,,,,,,,,,,,,,,,18.0142465909091
88,194,,,,,,,,,,,,,,,,,,,,,,,,,,,,,,,,,,,,,,,,,,,,,,,,,,,,,,,,,,,,,,,,,,,,,,,,,,,,,,,,,,,,,,,,,,,,,,,,,,,,,,,,,,,,,,,,,,,,,,,,,,,,,,,,,,,,,,,,,,,,,,,,,,,,,,,,,,,,,,,,,,,,,,,,,,,,,,,,,,,,,,,,,,,,,,,,,,,,,,,,,,,,,,,,,,,,,,,,,,,,,,,,,,,,,,,,,,,,,,,,,,12.1381444776119
93,195,,,,,,,,,,,,,,,,,,,,,,,,,,,,,,,,,,,,,,,,,,,,,,,,,,,,,,,,,,,,,,,,,,,,,,,,,,,,,,,,,,,,,,,,,,,,,,,,,,,,,,,,,,,,,,,,,,,,,,,,,,,,,,,,,,,,,,,,,,,,,,,,,,,,,,,,,,,,,,,,,,,,,,,,,,,,,,,,,,,,,,,,,,,,,,,,,,,,,,,,,,,,,,,,,,,,,,,,,,,,,,,,,,,,,,,,,,,,,,,,,,6.03000852631579
94,196,,,,,,,,,,,,,,,,,,,,,,,,,,,,,,,,,,,,,,,,,,,,,,,,,,,,,,,,,,,,,,,,,,,,,,,,,,,,,,,,,,,,,,,,,,,,,,,,,,,,,,,,,,,,,,,,,,,,,,,,,,,,,,,,,,,,,,,,,,,,,,,,,,,,,,,,,,,,,,,,,,,,,,,,,,,,,,,,,,,,,,,,,,,,,,,,,,,,,,,,,,,,,,,,,,,,,,,,,,,,,,,,,,,,,,,,,,,,,,,,,,5.1029127090301
95,197,,,,,,,,,,,,,,,,,,,,,,,,,,,,,,,,,,,,,,,,,,,,,,,,,,,,,,,,,,,,,,,,,,,,,,,,,,,,,,,,,,,,,,,,,,,,,,,,,,,,,,,,,,,,,,,,,,,,,,,,,,,,,,,,,,,,,,,,,,,,,,,,,,,,,,,,,,,,,,,,,,,,,,,,,,,,,,,,,,,,,,,,,,,,,,,,,,,,,,,,,,,,,,,,,,,,,,,,,,,,,,,,,,,,,,,,,,,,,,,,,,8.59660148148148
96,198,,,,,,,,,,,,,,,,,,,,,,,,,,,,,,,,,,,,,,,,,,,,,,,,,,,,,,,,,,,,,,,,,,,,,,,,,,,,,,,,,,,,,,,,,,,,,,,,,,,,,,,,,,,,,,,,,,,,,,,,,,,,,,,,,,,,,,,,,,,,,,,,,,,,,,,,,,,,,,,,,,,,,,,,,,,,,,,,,,,,,,,,,,,,,,,,,,,,,,,,,,,,,,,,,,,,,,,,,,,,,,,,,,,,,,,,,,,,,,,,,,5.64209608695652
97,199,,,,,,,,,,,,,,,,,,,,,,,,,,,,,,,,,,,,,,,,,,,,,,,,,,,,,,,,,,,,,,,,,,,,,,,,,,,,,,,,,,,,,,,,,,,,,,,,,,,,,,,,,,,,,,,,,,,,,,,,,,,,,,,,,,,,,,,,,,,,,,,,,,,,,,,,,,,,,,,,,,,,,,,,,,,,,,,,,,,,,,,,,,,,,,,,,,,,,,,,,,,,,,,,,,,,,,,,,,,,,,,,,,,,,,,,,,,,,,,,,,4.88795216326531
98,200,,,,,,,,,,,,,,,,,,,,,,,,,,,,,,,,,,,,,,,,,,,,,,,,,,,,,,,,,,,,,,,,,,,,,,,,,,,,,,,,,,,,,,,,,,,,,,,,,,,,,,,,,,,,,,,,,,,,,,,,,,,,,,,,,,,,,,,,,,,,,,,,,,,,,,,,,,,,,,,,,,,,,,,,,,,,,,,,,,,,,,,,,,,,,,,,,,,,,,,,,,,,,,,,,,,,,,,,,,,,,,,,,,,,,,,,,,,,,,,,,,7.90328774193548
101,201,,,,,,,,,,,,,,,,,,,,,,,,,,,,,,,,,,,,,,,,,,,,,,,,,,,,,,,,,,,,,,,,,,,,,,,,,,,,,,,,,,,,,,,,,,,,,,,,,,,,,,,,,,,,,,,,,,,,,,,,,,,,,,,,,,,,,,,,,,,,,,,,,,,,,,,,,,,,,,,,,,,,,,,,,,,,,,,,,,,,,,,,,,,,,,,,,,,,,,,,,,,,,,,,,,,,,,,,,,,,,,,,,,,,,,,,,,,,,,,,,,11.0025058064516
102,202,,,,,,,,,,,,,,,,,,,,,,,,,,,,,,,,,,,,,,,,,,,,,,,,,,,,,,,,,,,,,,,,,,,,,,,,,,,,,,,,,,,,,,,,,,,,,,,,,,,,,,,,,,,,,,,,,,,,,,,,,,,,,,,,,,,,,,,,,,,,,,,,,,,,,,,,,,,,,,,,,,,,,,,,,,,,,,,,,,,,,,,,,,,,,,,,,,,,,,,,,,,,,,,,,,,,,,,,,,,,,,,,,,,,,,,,,,,,,,,,,,6.93965068493151
103,203,,,,,,,,,,,,,,,,,,,,,,,,,,,,,,,,,,,,,,,,,,,,,,,,,,,,,,,,,,,,,,,,,,,,,,,,,,,,,,,,,,,,,,,,,,,,,,,,,,,,,,,,,,,,,,,,,,,,,,,,,,,,,,,,,,,,,,,,,,,,,,,,,,,,,,,,,,,,,,,,,,,,,,,,,,,,,,,,,,,,,,,,,,,,,,,,,,,,,,,,,,,,,,,,,,,,,,,,,,,,,,,,,,,,,,,,,,,,,,,,,,7.06769470588235
104,204,,,,,,,,,,,,,,,,,,,,,,,,,,,,,,,,,,,,,,,,,,,,,,,,,,,,,,,,,,,,,,,,,,,,,,,,,,,,,,,,,,,,,,,,,,,,,,,,,,,,,,,,,,,,,,,,,,,,,,,,,,,,,,,,,,,,,,,,,,,,,,,,,,,,,,,,,,,,,,,,,,,,,,,,,,,,,,,,,,,,,,,,,,,,,,,,,,,,,,,,,,,,,,,,,,,,,,,,,,,,,,,,,,,,,,,,,,,,,,,,,,11.688666
105,205,,,,,,,,,,,,,,,,,,,,,,,,,,,,,,,,,,,,,,,,,,,,,,,,,,,,,,,,,,,,,,,,,,,,,,,,,,,,,,,,,,,,,,,,,,,,,,,,,,,,,,,,,,,,,,,,,,,,,,,,,,,,,,,,,,,,,,,,,,,,,,,,,,,,,,,,,,,,,,,,,,,,,,,,,,,,,,,,,,,,,,,,,,,,,,,,,,,,,,,,,,,,,,,,,,,,,,,,,,,,,,,,,,,,,,,,,,,,,,,,,,7.49371745454545
116,206,,,,,,,,,,,,,,,,,,,,,,,,,,,,,,,,,,,,,,,,,,,,,,,,,,,,,,,,,,,,,,,,,,,,,,,,,,,,,,,,,,,,,,,,,,,,,,,,,,,,,,,,,,,,,,,,,,,,,,,,,,,,,,,,,,,,,,,,,,,,,,,,,,,,,,,,,,,,,,,,,,,,,,,,,,,,,,,,,,,,,,,,,,,,,,,,,,,,,,,,,,,,,,,,,,,,,,,,,,,,,,,,,,,,,,,,,,,,,,,,,,138.22532038835
119,207,,,,,,,,,,,,,,,,,,,,,,,,,,,,,,,,,,,,,,,,,,,,,,,,,,,,,,,,,,,,,,,,,,,,,,,,,,,,,,,,,,,,,,,,,,,,,,,,,,,,,,,,,,,,,,,,,,,,,,,,,,,,,,,,,,,,,,,,,,,,,,,,,,,,,,,,,,,,,,,,,,,,,,,,,,,,,,,,,,,,,,,,,,,,,,,,,,,,,,,,,,,,,,,,,,,,,,,,,,,,,,,,,,,,,,,,,,,,,,,,,,26.6755114503817
123,208,,,,,,,,,,,,,,,,,,,,,,,,,,,,,,,,,,,,,,,,,,,,,,,,,,,,,,,,,,,,,,,,,,,,,,,,,,,,,,,,,,,,,,,,,,,,,,,,,,,,,,,,,,,,,,,,,,,,,,,,,,,,,,,,,,,,,,,,,,,,,,,,,,,,,,,,,,,,,,,,,,,,,,,,,,,,,,,,,,,,,,,,,,,,,,,,,,,,,,,,,,,,,,,,,,,,,,,,,,,,,,,,,,,,,,,,,,,,,,,,,,6.04231948051948
124,209,,,,,,,,,,,,,,,,,,,,,,,,,,,,,,,,,,,,,,,,,,,,,,,,,,,,,,,,,,,,,,,,,,,,,,,,,,,,,,,,,,,,,,,,,,,,,,,,,,,,,,,,,,,,,,,,,,,,,,,,,,,,,,,,,,,,,,,,,,,,,,,,,,,,,,,,,,,,,,,,,,,,,,,,,,,,,,,,,,,,,,,,,,,,,,,,,,,,,,,,,,,,,,,,,,,,,,,,,,,,,,,,,,,,,,,,,,,,,,,,,,7.471653
128,210,,,,,,,,,,,,,,,,,,,,,,,,,,,,,,,,,,,,,,,,,,,,,,,,,,,,,,,,,,,,,,,,,,,,,,,,,,,,,,,,,,,,,,,,,,,,,,,,,,,,,,,,,,,,,,,,,,,,,,,,,,,,,,,,,,,,,,,,,,,,,,,,,,,,,,,,,,,,,,,,,,,,,,,,,,,,,,,,,,,,,,,,,,,,,,,,,,,,,,,,,,,,,,,,,,,,,,,,,,,,,,,,,,,,,,,,,,,,,,,,,,4.83481479713604
129,211,,,,,,,,,,,,,,,,,,,,,,,,,,,,,,,,,,,,,,,,,,,,,,,,,,,,,,,,,,,,,,,,,,,,,,,,,,,,,,,,,,,,,,,,,,,,,,,,,,,,,,,,,,,,,,,,,,,,,,,,,,,,,,,,,,,,,,,,,,,,,,,,,,,,,,,,,,,,,,,,,,,,,,,,,,,,,,,,,,,,,,,,,,,,,,,,,,,,,,,,,,,,,,,,,,,,,,,,,,,,,,,,,,,,,,,,,,,,,,,,,,72.9900818181818
133,212,,,,,,,,,,,,,,,,,,,,,,,,,,,,,,,,,,,,,,,,,,,,,,,,,,,,,,,,,,,,,,,,,,,,,,,,,,,,,,,,,,,,,,,,,,,,,,,,,,,,,,,,,,,,,,,,,,,,,,,,,,,,,,,,,,,,,,,,,,,,,,,,,,,,,,,,,,,,,,,,,,,,,,,,,,,,,,,,,,,,,,,,,,,,,,,,,,,,,,,,,,,,,,,,,,,,,,,,,,,,,,,,,,,,,,,,,,,,,,,,,,9.9624364640884
135,213,,,,,,,,,,,,,,,,,,,,,,,,,,,,,,,,,,,,,,,,,,,,,,,,,,,,,,,,,,,,,,,,,,,,,,,,,,,,,,,,,,,,,,,,,,,,,,,,,,,,,,,,,,,,,,,,,,,,,,,,,,,,,,,,,,,,,,,,,,,,,,,,,,,,,,,,,,,,,,,,,,,,,,,,,,,,,,,,,,,,,,,,,,,,,,,,,,,,,,,,,,,,,,,,,,,,,,,,,,,,,,,,,,,,,,,,,,,,,,,,,,9.30926727272727
136,214,,,,,,,,,,,,,,,,,,,,,,,,,,,,,,,,,,,,,,,,,,,,,,,,,,,,,,,,,,,,,,,,,,,,,,,,,,,,,,,,,,,,,,,,,,,,,,,,,,,,,,,,,,,,,,,,,,,,,,,,,,,,,,,,,,,,,,,,,,,,,,,,,,,,,,,,,,,,,,,,,,,,,,,,,,,,,,,,,,,,,,,,,,,,,,,,,,,,,,,,,,,,,,,,,,,,,,,,,,,,,,,,,,,,,,,,,,,,,,,,,,8.84043631578947
138,215,,,,,,,,,,,,,,,,,,,,,,,,,,,,,,,,,,,,,,,,,,,,,,,,,,,,,,,,,,,,,,,,,,,,,,,,,,,,,,,,,,,,,,,,,,,,,,,,,,,,,,,,,,,,,,,,,,,,,,,,,,,,,,,,,,,,,,,,,,,,,,,,,,,,,,,,,,,,,,,,,,,,,,,,,,,,,,,,,,,,,,,,,,,,,,,,,,,,,,,,,,,,,,,,,,,,,,,,,,,,,,,,,,,,,,,,,,,,,,,,,,6.05804417910448
139,216,,,,,,,,,,,,,,,,,,,,,,,,,,,,,,,,,,,,,,,,,,,,,,,,,,,,,,,,,,,,,,,,,,,,,,,,,,,,,,,,,,,,,,,,,,,,,,,,,,,,,,,,,,,,,,,,,,,,,,,,,,,,,,,,,,,,,,,,,,,,,,,,,,,,,,,,,,,,,,,,,,,,,,,,,,,,,,,,,,,,,,,,,,,,,,,,,,,,,,,,,,,,,,,,,,,,,,,,,,,,,,,,,,,,,,,,,,,,,,,,,,8.73729090909091
140,217,,,,,,,,,,,,,,,,,,,,,,,,,,,,,,,,,,,,,,,,,,,,,,,,,,,,,,,,,,,,,,,,,,,,,,,,,,,,,,,,,,,,,,,,,,,,,,,,,,,,,,,,,,,,,,,,,,,,,,,,,,,,,,,,,,,,,,,,,,,,,,,,,,,,,,,,,,,,,,,,,,,,,,,,,,,,,,,,,,,,,,,,,,,,,,,,,,,,,,,,,,,,,,,,,,,,,,,,,,,,,,,,,,,,,,,,,,,,,,,,,,8.86556956521739
141,218,,,,,,,,,,,,,,,,,,,,,,,,,,,,,,,,,,,,,,,,,,,,,,,,,,,,,,,,,,,,,,,,,,,,,,,,,,,,,,,,,,,,,,,,,,,,,,,,,,,,,,,,,,,,,,,,,,,,,,,,,,,,,,,,,,,,,,,,,,,,,,,,,,,,,,,,,,,,,,,,,,,,,,,,,,,,,,,,,,,,,,,,,,,,,,,,,,,,,,,,,,,,,,,,,,,,,,,,,,,,,,,,,,,,,,,,,,,,,,,,,,7.22822444444444
142,219,,,,,,,,,,,,,,,,,,,,,,,,,,,,,,,,,,,,,,,,,,,,,,,,,,,,,,,,,,,,,,,,,,,,,,,,,,,,,,,,,,,,,,,,,,,,,,,,,,,,,,,,,,,,,,,,,,,,,,,,,,,,,,,,,,,,,,,,,,,,,,,,,,,,,,,,,,,,,,,,,,,,,,,,,,,,,,,,,,,,,,,,,,,,,,,,,,,,,,,,,,,,,,,,,,,,,,,,,,,,,,,,,,,,,,,,,,,,,,,,,,7.96816413461539
144,220,,,,,,,,,,,,,,,,,,,,,,,,,,,,,,,,,,,,,,,,,,,,,,,,,,,,,,,,,,,,,,,,,,,,,,,,,,,,,,,,,,,,,,,,,,,,,,,,,,,,,,,,,,,,,,,,,,,,,,,,,,,,,,,,,,,,,,,,,,,,,,,,,,,,,,,,,,,,,,,,,,,,,,,,,,,,,,,,,,,,,,,,,,,,,,,,,,,,,,,,,,,,,,,,,,,,,,,,,,,,,,,,,,,,,,,,,,,,,,,,,,6.52797094736842
146,221,,,,,,,,,,,,,,,,,,,,,,,,,,,,,,,,,,,,,,,,,,,,,,,,,,,,,,,,,,,,,,,,,,,,,,,,,,,,,,,,,,,,,,,,,,,,,,,,,,,,,,,,,,,,,,,,,,,,,,,,,,,,,,,,,,,,,,,,,,,,,,,,,,,,,,,,,,,,,,,,,,,,,,,,,,,,,,,,,,,,,,,,,,,,,,,,,,,,,,,,,,,,,,,,,,,,,,,,,,,,,,,,,,,,,,,,,,,,,,,,,,19.6108301886792
147,222,,,,,,,,,,,,,,,,,,,,,,,,,,,,,,,,,,,,,,,,,,,,,,,,,,,,,,,,,,,,,,,,,,,,,,,,,,,,,,,,,,,,,,,,,,,,,,,,,,,,,,,,,,,,,,,,,,,,,,,,,,,,,,,,,,,,,,,,,,,,,,,,,,,,,,,,,,,,,,,,,,,,,,,,,,,,,,,,,,,,,,,,,,,,,,,,,,,,,,,,,,,,,,,,,,,,,,,,,,,,,,,,,,,,,,,,,,,,,,,,,,12.8257836585366
148,223,,,,,,,,,,,,,,,,,,,,,,,,,,,,,,,,,,,,,,,,,,,,,,,,,,,,,,,,,,,,,,,,,,,,,,,,,,,,,,,,,,,,,,,,,,,,,,,,,,,,,,,,,,,,,,,,,,,,,,,,,,,,,,,,,,,,,,,,,,,,,,,,,,,,,,,,,,,,,,,,,,,,,,,,,,,,,,,,,,,,,,,,,,,,,,,,,,,,,,,,,,,,,,,,,,,,,,,,,,,,,,,,,,,,,,,,,,,,,,,,,,5.20940357142857
149,224,,,,,,,,,,,,,,,,,,,,,,,,,,,,,,,,,,,,,,,,,,,,,,,,,,,,,,,,,,,,,,,,,,,,,,,,,,,,,,,,,,,,,,,,,,,,,,,,,,,,,,,,,,,,,,,,,,,,,,,,,,,,,,,,,,,,,,,,,,,,,,,,,,,,,,,,,,,,,,,,,,,,,,,,,,,,,,,,,,,,,,,,,,,,,,,,,,,,,,,,,,,,,,,,,,,,,,,,,,,,,,,,,,,,,,,,,,,,,,,,,,7.28915877551021
150,225,,,,,,,,,,,,,,,,,,,,,,,,,,,,,,,,,,,,,,,,,,,,,,,,,,,,,,,,,,,,,,,,,,,,,,,,,,,,,,,,,,,,,,,,,,,,,,,,,,,,,,,,,,,,,,,,,,,,,,,,,,,,,,,,,,,,,,,,,,,,,,,,,,,,,,,,,,,,,,,,,,,,,,,,,,,,,,,,,,,,,,,,,,,,,,,,,,,,,,,,,,,,,,,,,,,,,,,,,,,,,,,,,,,,,,,,,,,,,,,,,,84.5583622641509
164,226,,,,,,,,,,,,,,,,,,,,,,,,,,,,,,,,,,,,,,,,,,,,,,,,,,,,,,,,,,,,,,,,,,,,,,,,,,,,,,,,,,,,,,,,,,,,,,,,,,,,,,,,,,,,,,,,,,,,,,,,,,,,,,,,,,,,,,,,,,,,,,,,,,,,,,,,,,,,,,,,,,,,,,,,,,,,,,,,,,,,,,,,,,,,,,,,,,,,,,,,,,,,,,,,,,,,,,,,,,,,,,,,,,,,,,,,,,,,,,,,,,27.1421528455285
165,227,,,,,,,,,,,,,,,,,,,,,,,,,,,,,,,,,,,,,,,,,,,,,,,,,,,,,,,,,,,,,,,,,,,,,,,,,,,,,,,,,,,,,,,,,,,,,,,,,,,,,,,,,,,,,,,,,,,,,,,,,,,,,,,,,,,,,,,,,,,,,,,,,,,,,,,,,,,,,,,,,,,,,,,,,,,,,,,,,,,,,,,,,,,,,,,,,,,,,,,,,,,,,,,,,,,,,,,,,,,,,,,,,,,,,,,,,,,,,,,,,,30.559265408805
166,228,,,,,,,,,,,,,,,,,,,,,,,,,,,,,,,,,,,,,,,,,,,,,,,,,,,,,,,,,,,,,,,,,,,,,,,,,,,,,,,,,,,,,,,,,,,,,,,,,,,,,,,,,,,,,,,,,,,,,,,,,,,,,,,,,,,,,,,,,,,,,,,,,,,,,,,,,,,,,,,,,,,,,,,,,,,,,,,,,,,,,,,,,,,,,,,,,,,,,,,,,,,,,,,,,,,,,,,,,,,,,,,,,,,,,,,,,,,,,,,,,,12.4060407960199
171,229,,,,,,,,,,,,,,,,,,,,,,,,,,,,,,,,,,,,,,,,,,,,,,,,,,,,,,,,,,,,,,,,,,,,,,,,,,,,,,,,,,,,,,,,,,,,,,,,,,,,,,,,,,,,,,,,,,,,,,,,,,,,,,,,,,,,,,,,,,,,,,,,,,,,,,,,,,,,,,,,,,,,,,,,,,,,,,,,,,,,,,,,,,,,,,,,,,,,,,,,,,,,,,,,,,,,,,,,,,,,,,,,,,,,,,,,,,,,,,,,,,16.8267534626039
173,230,,,,,,,,,,,,,,,,,,,,,,,,,,,,,,,,,,,,,,,,,,,,,,,,,,,,,,,,,,,,,,,,,,,,,,,,,,,,,,,,,,,,,,,,,,,,,,,,,,,,,,,,,,,,,,,,,,,,,,,,,,,,,,,,,,,,,,,,,,,,,,,,,,,,,,,,,,,,,,,,,,,,,,,,,,,,,,,,,,,,,,,,,,,,,,,,,,,,,,,,,,,,,,,,,,,,,,,,,,,,,,,,,,,,,,,,,,,,,,,,,,7.74793
174,231,,,,,,,,,,,,,,,,,,,,,,,,,,,,,,,,,,,,,,,,,,,,,,,,,,,,,,,,,,,,,,,,,,,,,,,,,,,,,,,,,,,,,,,,,,,,,,,,,,,,,,,,,,,,,,,,,,,,,,,,,,,,,,,,,,,,,,,,,,,,,,,,,,,,,,,,,,,,,,,,,,,,,,,,,,,,,,,,,,,,,,,,,,,,,,,,,,,,,,,,,,,,,,,,,,,,,,,,,,,,,,,,,,,,,,,,,,,,,,,,,,11.7204483568075
175,232,,,,,,,,,,,,,,,,,,,,,,,,,,,,,,,,,,,,,,,,,,,,,,,,,,,,,,,,,,,,,,,,,,,,,,,,,,,,,,,,,,,,,,,,,,,,,,,,,,,,,,,,,,,,,,,,,,,,,,,,,,,,,,,,,,,,,,,,,,,,,,,,,,,,,,,,,,,,,,,,,,,,,,,,,,,,,,,,,,,,,,,,,,,,,,,,,,,,,,,,,,,,,,,,,,,,,,,,,,,,,,,,,,,,,,,,,,,,,,,,,,13.050107253886
178,233,,,,,,,,,,,,,,,,,,,,,,,,,,,,,,,,,,,,,,,,,,,,,,,,,,,,,,,,,,,,,,,,,,,,,,,,,,,,,,,,,,,,,,,,,,,,,,,,,,,,,,,,,,,,,,,,,,,,,,,,,,,,,,,,,,,,,,,,,,,,,,,,,,,,,,,,,,,,,,,,,,,,,,,,,,,,,,,,,,,,,,,,,,,,,,,,,,,,,,,,,,,,,,,,,,,,,,,,,,,,,,,,,,,,,,,,,,,,,,,,,,19.7935021276596
179,234,,,,,,,,,,,,,,,,,,,,,,,,,,,,,,,,,,,,,,,,,,,,,,,,,,,,,,,,,,,,,,,,,,,,,,,,,,,,,,,,,,,,,,,,,,,,,,,,,,,,,,,,,,,,,,,,,,,,,,,,,,,,,,,,,,,,,,,,,,,,,,,,,,,,,,,,,,,,,,,,,,,,,,,,,,,,,,,,,,,,,,,,,,,,,,,,,,,,,,,,,,,,,,,,,,,,,,,,,,,,,,,,,,,,,,,,,,,,,,,,,,91.1654625
190,235,,,,,,,,,,,,,,,,,,,,,,,,,,,,,,,,,,,,,,,,,,,,,,,,,,,,,,,,,,,,,,,,,,,,,,,,,,,,,,,,,,,,,,,,,,,,,,,,,,,,,,,,,,,,,,,,,,,,,,,,,,,,,,,,,,,,,,,,,,,,,,,,,,,,,,,,,,,,,,,,,,,,,,,,,,,,,,,,,,,,,,,,,,,,,,,,,,,,,,,,,,,,,,,,,,,,,,,,,,,,,,,,,,,,,,,,,,,,,,,,,,118.891666666667
191,236,,,,,,,,,,,,,,,,,,,,,,,,,,,,,,,,,,,,,,,,,,,,,,,,,,,,,,,,,,,,,,,,,,,,,,,,,,,,,,,,,,,,,,,,,,,,,,,,,,,,,,,,,,,,,,,,,,,,,,,,,,,,,,,,,,,,,,,,,,,,,,,,,,,,,,,,,,,,,,,,,,,,,,,,,,,,,,,,,,,,,,,,,,,,,,,,,,,,,,,,,,,,,,,,,,,,,,,,,,,,,,,,,,,,,,,,,,,,,,,,,,14.223983490566
209,237,,,,,,,,,,,,,,,,,,,,,,,,,,,,,,,,,,,,,,,,,,,,,,,,,,,,,,,,,,,,,,,,,,,,,,,,,,,,,,,,,,,,,,,,,,,,,,,,,,,,,,,,,,,,,,,,,,,,,,,,,,,,,,,,,,,,,,,,,,,,,,,,,,,,,,,,,,,,,,,,,,,,,,,,,,,,,,,,,,,,,,,,,,,,,,,,,,,,,,,,,,,,,,,,,,,,,,,,,,,,,,,,,,,,,,,,,,,,,,,,,,6.75759981412639
211,238,,,,,,,,,,,,,,,,,,,,,,,,,,,,,,,,,,,,,,,,,,,,,,,,,,,,,,,,,,,,,,,,,,,,,,,,,,,,,,,,,,,,,,,,,,,,,,,,,,,,,,,,,,,,,,,,,,,,,,,,,,,,,,,,,,,,,,,,,,,,,,,,,,,,,,,,,,,,,,,,,,,,,,,,,,,,,,,,,,,,,,,,,,,,,,,,,,,,,,,,,,,,,,,,,,,,,,,,,,,,,,,,,,,,,,,,,,,,,,,,,,15.0635503571429
212,239,,,,,,,,,,,,,,,,,,,,,,,,,,,,,,,,,,,,,,,,,,,,,,,,,,,,,,,,,,,,,,,,,,,,,,,,,,,,,,,,,,,,,,,,,,,,,,,,,,,,,,,,,,,,,,,,,,,,,,,,,,,,,,,,,,,,,,,,,,,,,,,,,,,,,,,,,,,,,,,,,,,,,,,,,,,,,,,,,,,,,,,,,,,,,,,,,,,,,,,,,,,,,,,,,,,,,,,,,,,,,,,,,,,,,,,,,,,,,,,,,,6.1324285046729
213,240,,,,,,,,,,,,,,,,,,,,,,,,,,,,,,,,,,,,,,,,,,,,,,,,,,,,,,,,,,,,,,,,,,,,,,,,,,,,,,,,,,,,,,,,,,,,,,,,,,,,,,,,,,,,,,,,,,,,,,,,,,,,,,,,,,,,,,,,,,,,,,,,,,,,,,,,,,,,,,,,,,,,,,,,,,,,,,,,,,,,,,,,,,,,,,,,,,,,,,,,,,,,,,,,,,,,,,,,,,,,,,,,,,,,,,,,,,,,,,,,,,80.2201796407186
216,241,,,,,,,,,,,,,,,,,,,,,,,,,,,,,,,,,,,,,,,,,,,,,,,,,,,,,,,,,,,,,,,,,,,,,,,,,,,,,,,,,,,,,,,,,,,,,,,,,,,,,,,,,,,,,,,,,,,,,,,,,,,,,,,,,,,,,,,,,,,,,,,,,,,,,,,,,,,,,,,,,,,,,,,,,,,,,,,,,,,,,,,,,,,,,,,,,,,,,,,,,,,,,,,,,,,,,,,,,,,,,,,,,,,,,,,,,,,,,,,,,,10.5304336363636
217,242,,,,,,,,,,,,,,,,,,,,,,,,,,,,,,,,,,,,,,,,,,,,,,,,,,,,,,,,,,,,,,,,,,,,,,,,,,,,,,,,,,,,,,,,,,,,,,,,,,,,,,,,,,,,,,,,,,,,,,,,,,,,,,,,,,,,,,,,,,,,,,,,,,,,,,,,,,,,,,,,,,,,,,,,,,,,,,,,,,,,,,,,,,,,,,,,,,,,,,,,,,,,,,,,,,,,,,,,,,,,,,,,,,,,,,,,,,,,,,,,,,5.16715702479339
218,243,,,,,,,,,,,,,,,,,,,,,,,,,,,,,,,,,,,,,,,,,,,,,,,,,,,,,,,,,,,,,,,,,,,,,,,,,,,,,,,,,,,,,,,,,,,,,,,,,,,,,,,,,,,,,,,,,,,,,,,,,,,,,,,,,,,,,,,,,,,,,,,,,,,,,,,,,,,,,,,,,,,,,,,,,,,,,,,,,,,,,,,,,,,,,,,,,,,,,,,,,,,,,,,,,,,,,,,,,,,,,,,,,,,,,,,,,,,,,,,,,,12.095536
219,244,,,,,,,,,,,,,,,,,,,,,,,,,,,,,,,,,,,,,,,,,,,,,,,,,,,,,,,,,,,,,,,,,,,,,,,,,,,,,,,,,,,,,,,,,,,,,,,,,,,,,,,,,,,,,,,,,,,,,,,,,,,,,,,,,,,,,,,,,,,,,,,,,,,,,,,,,,,,,,,,,,,,,,,,,,,,,,,,,,,,,,,,,,,,,,,,,,,,,,,,,,,,,,,,,,,,,,,,,,,,,,,,,,,,,,,,,,,,,,,,,,151.93865060241
224,245,,,,,,,,,,,,,,,,,,,,,,,,,,,,,,,,,,,,,,,,,,,,,,,,,,,,,,,,,,,,,,,,,,,,,,,,,,,,,,,,,,,,,,,,,,,,,,,,,,,,,,,,,,,,,,,,,,,,,,,,,,,,,,,,,,,,,,,,,,,,,,,,,,,,,,,,,,,,,,,,,,,,,,,,,,,,,,,,,,,,,,,,,,,,,,,,,,,,,,,,,,,,,,,,,,,,,,,,,,,,,,,,,,,,,,,,,,,,,,,,,,10.216724137931
230,246,,,,,,,,,,,,,,,,,,,,,,,,,,,,,,,,,,,,,,,,,,,,,,,,,,,,,,,,,,,,,,,,,,,,,,,,,,,,,,,,,,,,,,,,,,,,,,,,,,,,,,,,,,,,,,,,,,,,,,,,,,,,,,,,,,,,,,,,,,,,,,,,,,,,,,,,,,,,,,,,,,,,,,,,,,,,,,,,,,,,,,,,,,,,,,,,,,,,,,,,,,,,,,,,,,,,,,,,,,,,,,,,,,,,,,,,,,,,,,,,,,19.01165
232,247,,,,,,,,,,,,,,,,,,,,,,,,,,,,,,,,,,,,,,,,,,,,,,,,,,,,,,,,,,,,,,,,,,,,,,,,,,,,,,,,,,,,,,,,,,,,,,,,,,,,,,,,,,,,,,,,,,,,,,,,,,,,,,,,,,,,,,,,,,,,,,,,,,,,,,,,,,,,,,,,,,,,,,,,,,,,,,,,,,,,,,,,,,,,,,,,,,,,,,,,,,,,,,,,,,,,,,,,,,,,,,,,,,,,,,,,,,,,,,,,,,17.4207321917808
234,248,,,,,,,,,,,,,,,,,,,,,,,,,,,,,,,,,,,,,,,,,,,,,,,,,,,,,,,,,,,,,,,,,,,,,,,,,,,,,,,,,,,,,,,,,,,,,,,,,,,,,,,,,,,,,,,,,,,,,,,,,,,,,,,,,,,,,,,,,,,,,,,,,,,,,,,,,,,,,,,,,,,,,,,,,,,,,,,,,,,,,,,,,,,,,,,,,,,,,,,,,,,,,,,,,,,,,,,,,,,,,,,,,,,,,,,,,,,,,,,,,,76.9769217391304
240,249,,,,,,,,,,,,,,,,,,,,,,,,,,,,,,,,,,,,,,,,,,,,,,,,,,,,,,,,,,,,,,,,,,,,,,,,,,,,,,,,,,,,,,,,,,,,,,,,,,,,,,,,,,,,,,,,,,,,,,,,,,,,,,,,,,,,,,,,,,,,,,,,,,,,,,,,,,,,,,,,,,,,,,,,,,,,,,,,,,,,,,,,,,,,,,,,,,,,,,,,,,,,,,,,,,,,,,,,,,,,,,,,,,,,,,,,,,,,,,,,,,14.4773126760563
242,250,,,,,,,,,,,,,,,,,,,,,,,,,,,,,,,,,,,,,,,,,,,,,,,,,,,,,,,,,,,,,,,,,,,,,,,,,,,,,,,,,,,,,,,,,,,,,,,,,,,,,,,,,,,,,,,,,,,,,,,,,,,,,,,,,,,,,,,,,,,,,,,,,,,,,,,,,,,,,,,,,,,,,,,,,,,,,,,,,,,,,,,,,,,,,,,,,,,,,,,,,,,,,,,,,,,,,,,,,,,,,,,,,,,,,,,,,,,,,,,,,,110.882382978723
248,251,,,,,,,,,,,,,,,,,,,,,,,,,,,,,,,,,,,,,,,,,,,,,,,,,,,,,,,,,,,,,,,,,,,,,,,,,,,,,,,,,,,,,,,,,,,,,,,,,,,,,,,,,,,,,,,,,,,,,,,,,,,,,,,,,,,,,,,,,,,,,,,,,,,,,,,,,,,,,,,,,,,,,,,,,,,,,,,,,,,,,,,,,,,,,,,,,,,,,,,,,,,,,,,,,,,,,,,,,,,,,,,,,,,,,,,,,,,,,,,,,,117.7655625
249,252,,,,,,,,,,,,,,,,,,,,,,,,,,,,,,,,,,,,,,,,,,,,,,,,,,,,,,,,,,,,,,,,,,,,,,,,,,,,,,,,,,,,,,,,,,,,,,,,,,,,,,,,,,,,,,,,,,,,,,,,,,,,,,,,,,,,,,,,,,,,,,,,,,,,,,,,,,,,,,,,,,,,,,,,,,,,,,,,,,,,,,,,,,,,,,,,,,,,,,,,,,,,,,,,,,,,,,,,,,,,,,,,,,,,,,,,,,,,,,,,,,8.0922816
251,253,,,,,,,,,,,,,,,,,,,,,,,,,,,,,,,,,,,,,,,,,,,,,,,,,,,,,,,,,,,,,,,,,,,,,,,,,,,,,,,,,,,,,,,,,,,,,,,,,,,,,,,,,,,,,,,,,,,,,,,,,,,,,,,,,,,,,,,,,,,,,,,,,,,,,,,,,,,,,,,,,,,,,,,,,,,,,,,,,,,,,,,,,,,,,,,,,,,,,,,,,,,,,,,,,,,,,,,,,,,,,,,,,,,,,,,,,,,,,,,,,,8.45871833333333
253,254,,,,,,,,,,,,,,,,,,,,,,,,,,,,,,,,,,,,,,,,,,,,,,,,,,,,,,,,,,,,,,,,,,,,,,,,,,,,,,,,,,,,,,,,,,,,,,,,,,,,,,,,,,,,,,,,,,,,,,,,,,,,,,,,,,,,,,,,,,,,,,,,,,,,,,,,,,,,,,,,,,,,,,,,,,,,,,,,,,,,,,,,,,,,,,,,,,,,,,,,,,,,,,,,,,,,,,,,,,,,,,,,,,,,,,,,,,,,,,,,,,6.01467888888889
254,255,,,,,,,,,,,,,,,,,,,,,,,,,,,,,,,,,,,,,,,,,,,,,,,,,,,,,,,,,,,,,,,,,,,,,,,,,,,,,,,,,,,,,,,,,,,,,,,,,,,,,,,,,,,,,,,,,,,,,,,,,,,,,,,,,,,,,,,,,,,,,,,,,,,,,,,,,,,,,,,,,,,,,,,,,,,,,,,,,,,,,,,,,,,,,,,,,,,,,,,,,,,,,,,,,,,,,,,,,,,,,,,,,,,,,,,,,,,,,,,,,,5.61869090909091
255,256,,,,,,,,,,,,,,,,,,,,,,,,,,,,,,,,,,,,,,,,,,,,,,,,,,,,,,,,,,,,,,,,,,,,,,,,,,,,,,,,,,,,,,,,,,,,,,,,,,,,,,,,,,,,,,,,,,,,,,,,,,,,,,,,,,,,,,,,,,,,,,,,,,,,,,,,,,,,,,,,,,,,,,,,,,,,,,,,,,,,,,,,,,,,,,,,,,,,,,,,,,,,,,,,,,,,,,,,,,,,,,,,,,,,,,,,,,,,,,,,,,5.61932387096774
256,257,,,,,,,,,,,,,,,,,,,,,,,,,,,,,,,,,,,,,,,,,,,,,,,,,,,,,,,,,,,,,,,,,,,,,,,,,,,,,,,,,,,,,,,,,,,,,,,,,,,,,,,,,,,,,,,,,,,,,,,,,,,,,,,,,,,,,,,,,,,,,,,,,,,,,,,,,,,,,,,,,,,,,,,,,,,,,,,,,,,,,,,,,,,,,,,,,,,,,,,,,,,,,,,,,,,,,,,,,,,,,,,,,,,,,,,,,,,,,,,,,,6.850405
257,258,,,,,,,,,,,,,,,,,,,,,,,,,,,,,,,,,,,,,,,,,,,,,,,,,,,,,,,,,,,,,,,,,,,,,,,,,,,,,,,,,,,,,,,,,,,,,,,,,,,,,,,,,,,,,,,,,,,,,,,,,,,,,,,,,,,,,,,,,,,,,,,,,,,,,,,,,,,,,,,,,,,,,,,,,,,,,,,,,,,,,,,,,,,,,,,,,,,,,,,,,,,,,,,,,,,,,,,,,,,,,,,,,,,,,,,,,,,,,,,,,,10.336208
259,259,,,,,,,,,,,,,,,,,,,,,,,,,,,,,,,,,,,,,,,,,,,,,,,,,,,,,,,,,,,,,,,,,,,,,,,,,,,,,,,,,,,,,,,,,,,,,,,,,,,,,,,,,,,,,,,,,,,,,,,,,,,,,,,,,,,,,,,,,,,,,,,,,,,,,,,,,,,,,,,,,,,,,,,,,,,,,,,,,,,,,,,,,,,,,,,,,,,,,,,,,,,,,,,,,,,,,,,,,,,,,,,,,,,,,,,,,,,,,,,,,,8.26972446043165
260,260,,,,,,,,,,,,,,,,,,,,,,,,,,,,,,,,,,,,,,,,,,,,,,,,,,,,,,,,,,,,,,,,,,,,,,,,,,,,,,,,,,,,,,,,,,,,,,,,,,,,,,,,,,,,,,,,,,,,,,,,,,,,,,,,,,,,,,,,,,,,,,,,,,,,,,,,,,,,,,,,,,,,,,,,,,,,,,,,,,,,,,,,,,,,,,,,,,,,,,,,,,,,,,,,,,,,,,,,,,,,,,,,,,,,,,,,,,,,,,,,,,5.48211779359431
261,261,,,,,,,,,,,,,,,,,,,,,,,,,,,,,,,,,,,,,,,,,,,,,,,,,,,,,,,,,,,,,,,,,,,,,,,,,,,,,,,,,,,,,,,,,,,,,,,,,,,,,,,,,,,,,,,,,,,,,,,,,,,,,,,,,,,,,,,,,,,,,,,,,,,,,,,,,,,,,,,,,,,,,,,,,,,,,,,,,,,,,,,,,,,,,,,,,,,,,,,,,,,,,,,,,,,,,,,,,,,,,,,,,,,,,,,,,,,,,,,,,,1.95926893617021
262,262,,,,,,,,,,,,,,,,,,,,,,,,,,,,,,,,,,,,,,,,,,,,,,,,,,,,,,,,,,,,,,,,,,,,,,,,,,,,,,,,,,,,,,,,,,,,,,,,,,,,,,,,,,,,,,,,,,,,,,,,,,,,,,,,,,,,,,,,,,,,,,,,,,,,,,,,,,,,,,,,,,,,,,,,,,,,,,,,,,,,,,,,,,,,,,,,,,,,,,,,,,,,,,,,,,,,,,,,,,,,,,,,,,,,,,,,,,,,,,,,,,7.84644511904762
263,263,,,,,,,,,,,,,,,,,,,,,,,,,,,,,,,,,,,,,,,,,,,,,,,,,,,,,,,,,,,,,,,,,,,,,,,,,,,,,,,,,,,,,,,,,,,,,,,,,,,,,,,,,,,,,,,,,,,,,,,,,,,,,,,,,,,,,,,,,,,,,,,,,,,,,,,,,,,,,,,,,,,,,,,,,,,,,,,,,,,,,,,,,,,,,,,,,,,,,,,,,,,,,,,,,,,,,,,,,,,,,,,,,,,,,,,,,,,,,,,,,,13.49487
265,264,,,,,,,,,,,,,,,,,,,,,,,,,,,,,,,,,,,,,,,,,,,,,,,,,,,,,,,,,,,,,,,,,,,,,,,,,,,,,,,,,,,,,,,,,,,,,,,,,,,,,,,,,,,,,,,,,,,,,,,,,,,,,,,,,,,,,,,,,,,,,,,,,,,,,,,,,,,,,,,,,,,,,,,,,,,,,,,,,,,,,,,,,,,,,,,,,,,,,,,,,,,,,,,,,,,,,,,,,,,,,,,,,,,,,,,,,,,,,,,,,,90.9270416666667
268,265,,,,,,,,,,,,,,,,,,,,,,,,,,,,,,,,,,,,,,,,,,,,,,,,,,,,,,,,,,,,,,,,,,,,,,,,,,,,,,,,,,,,,,,,,,,,,,,,,,,,,,,,,,,,,,,,,,,,,,,,,,,,,,,,,,,,,,,,,,,,,,,,,,,,,,,,,,,,,,,,,,,,,,,,,,,,,,,,,,,,,,,,,,,,,,,,,,,,,,,,,,,,,,,,,,,,,,,,,,,,,,,,,,,,,,,,,,,,,,,,,,6.19307276595745
269,266,,,,,,,,,,,,,,,,,,,,,,,,,,,,,,,,,,,,,,,,,,,,,,,,,,,,,,,,,,,,,,,,,,,,,,,,,,,,,,,,,,,,,,,,,,,,,,,,,,,,,,,,,,,,,,,,,,,,,,,,,,,,,,,,,,,,,,,,,,,,,,,,,,,,,,,,,,,,,,,,,,,,,,,,,,,,,,,,,,,,,,,,,,,,,,,,,,,,,,,,,,,,,,,,,,,,,,,,,,,,,,,,,,,,,,,,,,,,,,,,,,7.10105867403315
270,267,,,,,,,,,,,,,,,,,,,,,,,,,,,,,,,,,,,,,,,,,,,,,,,,,,,,,,,,,,,,,,,,,,,,,,,,,,,,,,,,,,,,,,,,,,,,,,,,,,,,,,,,,,,,,,,,,,,,,,,,,,,,,,,,,,,,,,,,,,,,,,,,,,,,,,,,,,,,,,,,,,,,,,,,,,,,,,,,,,,,,,,,,,,,,,,,,,,,,,,,,,,,,,,,,,,,,,,,,,,,,,,,,,,,,,,,,,,,,,,,,,10.5218458333333
283,268,,,,,,,,,,,,,,,,,,,,,,,,,,,,,,,,,,,,,,,,,,,,,,,,,,,,,,,,,,,,,,,,,,,,,,,,,,,,,,,,,,,,,,,,,,,,,,,,,,,,,,,,,,,,,,,,,,,,,,,,,,,,,,,,,,,,,,,,,,,,,,,,,,,,,,,,,,,,,,,,,,,,,,,,,,,,,,,,,,,,,,,,,,,,,,,,,,,,,,,,,,,,,,,,,,,,,,,,,,,,,,,,,,,,,,,,,,,,,,,,,,13.2456640127389
284,269,,,,,,,,,,,,,,,,,,,,,,,,,,,,,,,,,,,,,,,,,,,,,,,,,,,,,,,,,,,,,,,,,,,,,,,,,,,,,,,,,,,,,,,,,,,,,,,,,,,,,,,,,,,,,,,,,,,,,,,,,,,,,,,,,,,,,,,,,,,,,,,,,,,,,,,,,,,,,,,,,,,,,,,,,,,,,,,,,,,,,,,,,,,,,,,,,,,,,,,,,,,,,,,,,,,,,,,,,,,,,,,,,,,,,,,,,,,,,,,,,,21.25921875
288,270,,,,,,,,,,,,,,,,,,,,,,,,,,,,,,,,,,,,,,,,,,,,,,,,,,,,,,,,,,,,,,,,,,,,,,,,,,,,,,,,,,,,,,,,,,,,,,,,,,,,,,,,,,,,,,,,,,,,,,,,,,,,,,,,,,,,,,,,,,,,,,,,,,,,,,,,,,,,,,,,,,,,,,,,,,,,,,,,,,,,,,,,,,,,,,,,,,,,,,,,,,,,,,,,,,,,,,,,,,,,,,,,,,,,,,,,,,,,,,,,,,9.34212658227848
290,271,,,,,,,,,,,,,,,,,,,,,,,,,,,,,,,,,,,,,,,,,,,,,,,,,,,,,,,,,,,,,,,,,,,,,,,,,,,,,,,,,,,,,,,,,,,,,,,,,,,,,,,,,,,,,,,,,,,,,,,,,,,,,,,,,,,,,,,,,,,,,,,,,,,,,,,,,,,,,,,,,,,,,,,,,,,,,,,,,,,,,,,,,,,,,,,,,,,,,,,,,,,,,,,,,,,,,,,,,,,,,,,,,,,,,,,,,,,,,,,,,,6.41137191489362
291,272,,,,,,,,,,,,,,,,,,,,,,,,,,,,,,,,,,,,,,,,,,,,,,,,,,,,,,,,,,,,,,,,,,,,,,,,,,,,,,,,,,,,,,,,,,,,,,,,,,,,,,,,,,,,,,,,,,,,,,,,,,,,,,,,,,,,,,,,,,,,,,,,,,,,,,,,,,,,,,,,,,,,,,,,,,,,,,,,,,,,,,,,,,,,,,,,,,,,,,,,,,,,,,,,,,,,,,,,,,,,,,,,,,,,,,,,,,,,,,,,,,5.14883130434783
292,273,,,,,,,,,,,,,,,,,,,,,,,,,,,,,,,,,,,,,,,,,,,,,,,,,,,,,,,,,,,,,,,,,,,,,,,,,,,,,,,,,,,,,,,,,,,,,,,,,,,,,,,,,,,,,,,,,,,,,,,,,,,,,,,,,,,,,,,,,,,,,,,,,,,,,,,,,,,,,,,,,,,,,,,,,,,,,,,,,,,,,,,,,,,,,,,,,,,,,,,,,,,,,,,,,,,,,,,,,,,,,,,,,,,,,,,,,,,,,,,,,,4.10791541284404
293,274,,,,,,,,,,,,,,,,,,,,,,,,,,,,,,,,,,,,,,,,,,,,,,,,,,,,,,,,,,,,,,,,,,,,,,,,,,,,,,,,,,,,,,,,,,,,,,,,,,,,,,,,,,,,,,,,,,,,,,,,,,,,,,,,,,,,,,,,,,,,,,,,,,,,,,,,,,,,,,,,,,,,,,,,,,,,,,,,,,,,,,,,,,,,,,,,,,,,,,,,,,,,,,,,,,,,,,,,,,,,,,,,,,,,,,,,,,,,,,,,,,6.88020618556701
295,275,,,,,,,,,,,,,,,,,,,,,,,,,,,,,,,,,,,,,,,,,,,,,,,,,,,,,,,,,,,,,,,,,,,,,,,,,,,,,,,,,,,,,,,,,,,,,,,,,,,,,,,,,,,,,,,,,,,,,,,,,,,,,,,,,,,,,,,,,,,,,,,,,,,,,,,,,,,,,,,,,,,,,,,,,,,,,,,,,,,,,,,,,,,,,,,,,,,,,,,,,,,,,,,,,,,,,,,,,,,,,,,,,,,,,,,,,,,,,,,,,,5.47658758928572
296,276,,,,,,,,,,,,,,,,,,,,,,,,,,,,,,,,,,,,,,,,,,,,,,,,,,,,,,,,,,,,,,,,,,,,,,,,,,,,,,,,,,,,,,,,,,,,,,,,,,,,,,,,,,,,,,,,,,,,,,,,,,,,,,,,,,,,,,,,,,,,,,,,,,,,,,,,,,,,,,,,,,,,,,,,,,,,,,,,,,,,,,,,,,,,,,,,,,,,,,,,,,,,,,,,,,,,,,,,,,,,,,,,,,,,,,,,,,,,,,,,,,7.95912688172043
297,277,,,,,,,,,,,,,,,,,,,,,,,,,,,,,,,,,,,,,,,,,,,,,,,,,,,,,,,,,,,,,,,,,,,,,,,,,,,,,,,,,,,,,,,,,,,,,,,,,,,,,,,,,,,,,,,,,,,,,,,,,,,,,,,,,,,,,,,,,,,,,,,,,,,,,,,,,,,,,,,,,,,,,,,,,,,,,,,,,,,,,,,,,,,,,,,,,,,,,,,,,,,,,,,,,,,,,,,,,,,,,,,,,,,,,,,,,,,,,,,,,,2.34540276243094
308,278,,,,,,,,,,,,,,,,,,,,,,,,,,,,,,,,,,,,,,,,,,,,,,,,,,,,,,,,,,,,,,,,,,,,,,,,,,,,,,,,,,,,,,,,,,,,,,,,,,,,,,,,,,,,,,,,,,,,,,,,,,,,,,,,,,,,,,,,,,,,,,,,,,,,,,,,,,,,,,,,,,,,,,,,,,,,,,,,,,,,,,,,,,,,,,,,,,,,,,,,,,,,,,,,,,,,,,,,,,,,,,,,,,,,,,,,,,,,,,,,,,65.4211258741259
317,279,,,,,,,,,,,,,,,,,,,,,,,,,,,,,,,,,,,,,,,,,,,,,,,,,,,,,,,,,,,,,,,,,,,,,,,,,,,,,,,,,,,,,,,,,,,,,,,,,,,,,,,,,,,,,,,,,,,,,,,,,,,,,,,,,,,,,,,,,,,,,,,,,,,,,,,,,,,,,,,,,,,,,,,,,,,,,,,,,,,,,,,,,,,,,,,,,,,,,,,,,,,,,,,,,,,,,,,,,,,,,,,,,,,,,,,,,,,,,,,,,,10.6805162650602
318,280,,,,,,,,,,,,,,,,,,,,,,,,,,,,,,,,,,,,,,,,,,,,,,,,,,,,,,,,,,,,,,,,,,,,,,,,,,,,,,,,,,,,,,,,,,,,,,,,,,,,,,,,,,,,,,,,,,,,,,,,,,,,,,,,,,,,,,,,,,,,,,,,,,,,,,,,,,,,,,,,,,,,,,,,,,,,,,,,,,,,,,,,,,,,,,,,,,,,,,,,,,,,,,,,,,,,,,,,,,,,,,,,,,,,,,,,,,,,,,,,,,14.9964432926829
319,281,,,,,,,,,,,,,,,,,,,,,,,,,,,,,,,,,,,,,,,,,,,,,,,,,,,,,,,,,,,,,,,,,,,,,,,,,,,,,,,,,,,,,,,,,,,,,,,,,,,,,,,,,,,,,,,,,,,,,,,,,,,,,,,,,,,,,,,,,,,,,,,,,,,,,,,,,,,,,,,,,,,,,,,,,,,,,,,,,,,,,,,,,,,,,,,,,,,,,,,,,,,,,,,,,,,,,,,,,,,,,,,,,,,,,,,,,,,,,,,,,,156.04722972973
