"Cluster","CO_ID","CI01","CI02","CI06","CI07","CI08","CO_F01","CO_F01_YON","CO_F02","CO_F02B","CO_F02_OTHER","CO_F03","CO_F04","CO_F05","CO_F06","Basicweight"
2,1,1,1,2,1,1,12,1,1,,,20,0,,,33.29115
2,1,1,1,2,1,1,3,1,4,,,888,0,,,33.29115
2,1,1,1,2,1,1,6,1,1,,,350,1,300,320,33.29115
2,1,1,1,2,1,1,11,0,,,,,,,,33.29115
2,1,1,1,2,1,1,7,1,2,,,1500,1,1000,1100,33.29115
2,1,1,1,2,1,1,1,0,,,,,,,,33.29115
2,1,1,1,2,1,1,10,0,,,,,,,,33.29115
2,1,1,1,2,1,1,8,1,2,,,1550,1,1080,1250,33.29115
2,1,1,1,2,1,1,5,1,5,6,,900,1,780,800,33.29115
2,1,1,1,2,1,1,13,0,,,,,,,,33.29115
2,1,1,1,2,1,1,2,0,,,,,,,,33.29115
2,1,1,1,2,1,1,4,1,3,,,250,0,,,33.29115
2,1,1,1,2,1,1,9,0,,,,,,,,33.29115
3,2,1,1,2,1,1,11,0,,,,,,,,65.275125
3,2,1,1,2,1,1,3,1,4,,,888,0,,,65.275125
3,2,1,1,2,1,1,13,0,,,,,,,,65.275125
3,2,1,1,2,1,1,2,0,,,,,,,,65.275125
3,2,1,1,2,1,1,4,1,3,,,222,0,,,65.275125
3,2,1,1,2,1,1,9,0,,,,,,,,65.275125
3,2,1,1,2,1,1,10,0,,,,,,,,65.275125
3,2,1,1,2,1,1,6,1,1,,,350,1,300,330,65.275125
3,2,1,1,2,1,1,1,0,,,,,,,,65.275125
3,2,1,1,2,1,1,8,0,,,,,,,,65.275125
3,2,1,1,2,1,1,12,1,555,0,8,0,0,,,65.275125
3,2,1,1,2,1,1,5,1,5,8,,1200,1,1100,1150,65.275125
3,2,1,1,2,1,1,7,1,2,,,1500,0,,,65.275125
4,3,1,1,1,1,1,11,0,,,,,,,,32.3729260273973
4,3,1,1,1,1,1,2,0,,,,,,,,32.3729260273973
4,3,1,1,1,1,1,5,1,555,0,11,0,0,,,32.3729260273973
4,3,1,1,1,1,1,7,0,,,,,,,,32.3729260273973
4,3,1,1,1,1,1,6,1,7,1,,350,1,300,350,32.3729260273973
4,3,1,1,1,1,1,10,0,,,,,,,,32.3729260273973
4,3,1,1,1,1,1,3,1,4,,,888,0,,,32.3729260273973
4,3,1,1,1,1,1,1,1,1,,,1667,1,1400,1500,32.3729260273973
4,3,1,1,1,1,1,8,0,,,,,,,,32.3729260273973
4,3,1,1,1,1,1,12,0,,,,,,,,32.3729260273973
4,3,1,1,1,1,1,9,0,,,,,,,,32.3729260273973
4,3,1,1,1,1,1,13,0,,,,,,,,32.3729260273973
4,3,1,1,1,1,1,4,0,,,,,,,,32.3729260273973
5,4,1,1,1,1,5,1,1,1,,,1200,1,1000,1300,10.1755732217573
5,4,1,1,1,1,5,7,0,,,,,,,,10.1755732217573
5,4,1,1,1,1,5,12,0,,,,,,,,10.1755732217573
5,4,1,1,1,1,5,3,1,4,,,888,0,,,10.1755732217573
5,4,1,1,1,1,5,5,0,,,,,,,,10.1755732217573
5,4,1,1,1,1,5,4,0,,,,,,,,10.1755732217573
5,4,1,1,1,1,5,13,0,,,,,,,,10.1755732217573
5,4,1,1,1,1,5,6,1,8,33,,11000,1,10000,11000,10.1755732217573
5,4,1,1,1,1,5,9,0,,,,,,,,10.1755732217573
5,4,1,1,1,1,5,2,0,,,,,,,,10.1755732217573
5,4,1,1,1,1,5,8,0,,,,,,,,10.1755732217573
5,4,1,1,1,1,5,11,0,,,,,,,,10.1755732217573
5,4,1,1,1,1,5,10,0,,,,,,,,10.1755732217573
6,5,1,1,1,1,1,9,0,,,,,,,,34.7765724137931
6,5,1,1,1,1,1,11,0,,,,,,,,34.7765724137931
6,5,1,1,1,1,1,5,0,,,,,,,,34.7765724137931
6,5,1,1,1,1,1,13,0,,,,,,,,34.7765724137931
6,5,1,1,1,1,1,2,0,,,,,,,,34.7765724137931
6,5,1,1,1,1,1,7,0,,,,,,,,34.7765724137931
6,5,1,1,1,1,1,12,0,,,,,,,,34.7765724137931
6,5,1,1,1,1,1,3,1,4,,,888,0,,,34.7765724137931
6,5,1,1,1,1,1,6,1,1,,,400,0,,,34.7765724137931
6,5,1,1,1,1,1,4,0,,,,,,,,34.7765724137931
6,5,1,1,1,1,1,8,0,,,,,,,,34.7765724137931
6,5,1,1,1,1,1,1,1,1,,,1200,1,1000,1200,34.7765724137931
6,5,1,1,1,1,1,10,0,,,,,,,,34.7765724137931
7,6,1,1,1,1,1,3,1,4,,,888,0,,,22.7114407894737
7,6,1,1,1,1,1,8,0,,,,,,,,22.7114407894737
7,6,1,1,1,1,1,9,0,,,,,,,,22.7114407894737
7,6,1,1,1,1,1,11,0,,,,,,,,22.7114407894737
7,6,1,1,1,1,1,7,0,,,,,,,,22.7114407894737
7,6,1,1,1,1,1,1,1,1,,,1500,1,1250,1450,22.7114407894737
7,6,1,1,1,1,1,12,0,,,,,,,,22.7114407894737
7,6,1,1,1,1,1,10,0,,,,,,,,22.7114407894737
7,6,1,1,1,1,1,4,0,,,,,,,,22.7114407894737
7,6,1,1,1,1,1,13,0,,,,,,,,22.7114407894737
7,6,1,1,1,1,1,5,0,,,,,,,,22.7114407894737
7,6,1,1,1,1,1,6,1,8,35,,12000,1,11000,12000,22.7114407894737
7,6,1,1,1,1,1,2,0,,,,,,,,22.7114407894737
8,7,1,1,1,1,1,1,1,1,,,1500,1,1350,1450,28.8663050239234
8,7,1,1,1,1,1,7,0,,,,,,,,28.8663050239234
8,7,1,1,1,1,1,9,0,,,,,,,,28.8663050239234
8,7,1,1,1,1,1,4,0,,,,,,,,28.8663050239234
8,7,1,1,1,1,1,11,0,,,,,,,,28.8663050239234
8,7,1,1,1,1,1,12,0,,,,,,,,28.8663050239234
8,7,1,1,1,1,1,13,0,,,,,,,,28.8663050239234
8,7,1,1,1,1,1,2,0,,,,,,,,28.8663050239234
8,7,1,1,1,1,1,6,1,8,35,,11500,1,10500,11500,28.8663050239234
8,7,1,1,1,1,1,5,0,,,,,,,,28.8663050239234
8,7,1,1,1,1,1,10,0,,,,,,,,28.8663050239234
8,7,1,1,1,1,1,3,1,4,,,888,0,,,28.8663050239234
8,7,1,1,1,1,1,8,0,,,,,,,,28.8663050239234
9,8,1,1,1,1,1,2,0,,,,,,,,19.4070469002695
9,8,1,1,1,1,1,3,1,4,,,888,0,,,19.4070469002695
9,8,1,1,1,1,1,9,0,,,,,,,,19.4070469002695
9,8,1,1,1,1,1,7,0,,,,,,,,19.4070469002695
9,8,1,1,1,1,1,8,0,,,,,,,,19.4070469002695
9,8,1,1,1,1,1,4,0,,,,,,,,19.4070469002695
9,8,1,1,1,1,1,6,1,1,,,300,1,200,250,19.4070469002695
9,8,1,1,1,1,1,5,0,,,,,,,,19.4070469002695
9,8,1,1,1,1,1,13,0,,,,,,,,19.4070469002695
9,8,1,1,1,1,1,12,0,,,,,,,,19.4070469002695
9,8,1,1,1,1,1,1,1,1,,,1660,0,,,19.4070469002695
9,8,1,1,1,1,1,11,0,,,,,,,,19.4070469002695
9,8,1,1,1,1,1,10,0,,,,,,,,19.4070469002695
10,9,1,1,1,1,1,1,1,1,,,1660,1,1500,1600,45.3452229357798
10,9,1,1,1,1,1,2,0,,,,,,,,45.3452229357798
10,9,1,1,1,1,1,10,0,,,,,,,,45.3452229357798
10,9,1,1,1,1,1,5,1,5,6,,1100,1,1000,1050,45.3452229357798
10,9,1,1,1,1,1,8,0,,,,,,,,45.3452229357798
10,9,1,1,1,1,1,12,0,,,,,,,,45.3452229357798
10,9,1,1,1,1,1,9,0,,,,,,,,45.3452229357798
10,9,1,1,1,1,1,13,0,,,,,,,,45.3452229357798
10,9,1,1,1,1,1,4,0,,,,,,,,45.3452229357798
10,9,1,1,1,1,1,11,0,,,,,,,,45.3452229357798
10,9,1,1,1,1,1,6,1,8,33,,11000,1,10000,10500,45.3452229357798
10,9,1,1,1,1,1,3,1,4,,,888,0,,,45.3452229357798
10,9,1,1,1,1,1,7,0,,,,,,,,45.3452229357798
11,10,1,1,1,1,1,11,0,,,,,,,,24.2731346260388
11,10,1,1,1,1,1,4,0,,,,,,,,24.2731346260388
11,10,1,1,1,1,1,1,1,1,,,1667,1,1400,1500,24.2731346260388
11,10,1,1,1,1,1,10,0,,,,,,,,24.2731346260388
11,10,1,1,1,1,1,7,1,2,,,1000,0,,,24.2731346260388
11,10,1,1,1,1,1,5,1,5,7,,1200,1,1080,1100,24.2731346260388
11,10,1,1,1,1,1,13,0,,,,,,,,24.2731346260388
11,10,1,1,1,1,1,3,1,4,,,888,0,,,24.2731346260388
11,10,1,1,1,1,1,12,0,,,,,,,,24.2731346260388
11,10,1,1,1,1,1,6,1,7,1,,300,1,250,300,24.2731346260388
11,10,1,1,1,1,1,8,0,,,,,,,,24.2731346260388
11,10,1,1,1,1,1,2,0,,,,,,,,24.2731346260388
11,10,1,1,1,1,1,9,0,,,,,,,,24.2731346260388
12,11,1,2,2,1,1,11,0,,,,,,,,30.805986784141
12,11,1,2,2,1,1,4,0,,,,,,,,30.805986784141
12,11,1,2,2,1,1,3,1,4,,,888,0,,,30.805986784141
12,11,1,2,2,1,1,8,0,,,,,,,,30.805986784141
12,11,1,2,2,1,1,5,1,555,0,15,0,0,,,30.805986784141
12,11,1,2,2,1,1,12,0,,,,,,,,30.805986784141
12,11,1,2,2,1,1,2,0,,,,,,,,30.805986784141
12,11,1,2,2,1,1,10,0,,,,,,,,30.805986784141
12,11,1,2,2,1,1,9,0,,,,,,,,30.805986784141
12,11,1,2,2,1,1,6,1,8,34,,13000,1,10000,10500,30.805986784141
12,11,1,2,2,1,1,7,0,,,,,,,,30.805986784141
12,11,1,2,2,1,1,1,1,1,,,1666,1,1450,1650,30.805986784141
12,11,1,2,2,1,1,13,0,,,,,,,,30.805986784141
13,12,1,2,2,1,1,3,1,4,,,888,0,,,13.4902167539267
13,12,1,2,2,1,1,7,0,,,,,,,,13.4902167539267
13,12,1,2,2,1,1,13,0,,,,,,,,13.4902167539267
13,12,1,2,2,1,1,2,0,,,,,,,,13.4902167539267
13,12,1,2,2,1,1,5,0,,,,,,,,13.4902167539267
13,12,1,2,2,1,1,4,0,,,,,,,,13.4902167539267
13,12,1,2,2,1,1,11,0,,,,,,,,13.4902167539267
13,12,1,2,2,1,1,12,0,,,,,,,,13.4902167539267
13,12,1,2,2,1,1,10,0,,,,,,,,13.4902167539267
13,12,1,2,2,1,1,6,1,1,,,300,1,230,250,13.4902167539267
13,12,1,2,2,1,1,1,1,1,,,1250,1,1100,1300,13.4902167539267
13,12,1,2,2,1,1,8,0,,,,,,,,13.4902167539267
13,12,1,2,2,1,1,9,0,,,,,,,,13.4902167539267
14,13,1,2,1,1,2,10,0,,,,,,,,27.6634577777778
14,13,1,2,1,1,2,12,0,,,,,,,,27.6634577777778
14,13,1,2,1,1,2,4,1,3,,,250,0,,,27.6634577777778
14,13,1,2,1,1,2,6,1,1,,,350,1,300,320,27.6634577777778
14,13,1,2,1,1,2,2,0,,,,,,,,27.6634577777778
14,13,1,2,1,1,2,9,0,,,,,,,,27.6634577777778
14,13,1,2,1,1,2,11,0,,,,,,,,27.6634577777778
14,13,1,2,1,1,2,5,0,,,,,,,,27.6634577777778
14,13,1,2,1,1,2,8,0,,,,,,,,27.6634577777778
14,13,1,2,1,1,2,1,1,1,,,1500,1,1250,1333,27.6634577777778
14,13,1,2,1,1,2,7,0,,,,,,,,27.6634577777778
14,13,1,2,1,1,2,13,0,,,,,,,,27.6634577777778
14,13,1,2,1,1,2,3,1,4,,,888,0,,,27.6634577777778
15,14,1,2,1,1,1,11,0,,,,,,,,20.4148122137405
15,14,1,2,1,1,1,4,1,3,,,100,0,,,20.4148122137405
15,14,1,2,1,1,1,8,0,,,,,,,,20.4148122137405
15,14,1,2,1,1,1,2,0,,,,,,,,20.4148122137405
15,14,1,2,1,1,1,13,0,,,,,,,,20.4148122137405
15,14,1,2,1,1,1,5,0,,,,,,,,20.4148122137405
15,14,1,2,1,1,1,10,0,,,,,,,,20.4148122137405
15,14,1,2,1,1,1,7,0,,,,,,,,20.4148122137405
15,14,1,2,1,1,1,12,0,,,,,,,,20.4148122137405
15,14,1,2,1,1,1,1,1,1,,,1500,0,,,20.4148122137405
15,14,1,2,1,1,1,9,0,,,,,,,,20.4148122137405
15,14,1,2,1,1,1,3,1,4,,,888,0,,,20.4148122137405
15,14,1,2,1,1,1,6,1,8,34,,13000,0,,,20.4148122137405
16,15,1,2,1,1,1,6,1,8,35,,13000,1,10000,11000,7.50649791666667
16,15,1,2,1,1,1,1,1,1,,,1560,1,1350,1450,7.50649791666667
16,15,1,2,1,1,1,10,0,,,,,,,,7.50649791666667
16,15,1,2,1,1,1,12,0,,,,,,,,7.50649791666667
16,15,1,2,1,1,1,11,0,,,,,,,,7.50649791666667
16,15,1,2,1,1,1,5,0,,,,,,,,7.50649791666667
16,15,1,2,1,1,1,3,1,4,,,888,0,,,7.50649791666667
16,15,1,2,1,1,1,7,0,,,,,,,,7.50649791666667
16,15,1,2,1,1,1,2,0,,,,,,,,7.50649791666667
16,15,1,2,1,1,1,4,1,3,,,250,0,,,7.50649791666667
16,15,1,2,1,1,1,9,0,,,,,,,,7.50649791666667
16,15,1,2,1,1,1,8,0,,,,,,,,7.50649791666667
16,15,1,2,1,1,1,13,0,,,,,,,,7.50649791666667
17,16,1,2,1,1,1,9,0,,,,,,,,3.57904556634304
17,16,1,2,1,1,1,12,0,,,,,,,,3.57904556634304
17,16,1,2,1,1,1,1,1,1,,,1300,1,1250,1333,3.57904556634304
17,16,1,2,1,1,1,6,1,1,,,300,1,240,260,3.57904556634304
17,16,1,2,1,1,1,10,0,,,,,,,,3.57904556634304
17,16,1,2,1,1,1,8,0,,,,,,,,3.57904556634304
17,16,1,2,1,1,1,2,0,,,,,,,,3.57904556634304
17,16,1,2,1,1,1,7,0,,,,,,,,3.57904556634304
17,16,1,2,1,1,1,3,1,4,,,888,0,,,3.57904556634304
17,16,1,2,1,1,1,11,0,,,,,,,,3.57904556634304
17,16,1,2,1,1,1,4,0,,,,,,,,3.57904556634304
17,16,1,2,1,1,1,13,0,,,,,,,,3.57904556634304
17,16,1,2,1,1,1,5,1,5,5,,850,1,700,800,3.57904556634304
18,17,1,2,2,1,1,7,0,,,,,,,,41.0282164502164
18,17,1,2,2,1,1,8,0,,,,,,,,41.0282164502164
18,17,1,2,2,1,1,13,0,,,,,,,,41.0282164502164
18,17,1,2,2,1,1,5,1,5,8,,1300,1,1200,1270,41.0282164502164
18,17,1,2,2,1,1,12,0,,,,,,,,41.0282164502164
18,17,1,2,2,1,1,4,1,3,,,250,0,,,41.0282164502164
18,17,1,2,2,1,1,6,1,8,888,,11000,1,10000,11000,41.0282164502164
18,17,1,2,2,1,1,10,0,,,,,,,,41.0282164502164
18,17,1,2,2,1,1,2,0,,,,,,,,41.0282164502164
18,17,1,2,2,1,1,1,1,1,,,1200,1,1000,1200,41.0282164502164
18,17,1,2,2,1,1,3,1,4,,,888,0,,,41.0282164502164
18,17,1,2,2,1,1,11,0,,,,,,,,41.0282164502164
18,17,1,2,2,1,1,9,0,,,,,,,,41.0282164502164
19,18,1,2,1,1,1,4,0,,,,,,,,19.94468875
19,18,1,2,1,1,1,12,0,,,,,,,,19.94468875
19,18,1,2,1,1,1,1,1,1,,,1625,1,1450,1550,19.94468875
19,18,1,2,1,1,1,7,0,,,,,,,,19.94468875
19,18,1,2,1,1,1,6,1,1,,,400,1,340,390,19.94468875
19,18,1,2,1,1,1,2,0,,,,,,,,19.94468875
19,18,1,2,1,1,1,9,0,,,,,,,,19.94468875
19,18,1,2,1,1,1,11,0,,,,,,,,19.94468875
19,18,1,2,1,1,1,5,0,,,,,,,,19.94468875
19,18,1,2,1,1,1,13,0,,,,,,,,19.94468875
19,18,1,2,1,1,1,8,0,,,,,,,,19.94468875
19,18,1,2,1,1,1,10,0,,,,,,,,19.94468875
19,18,1,2,1,1,1,3,1,4,,,888,0,,,19.94468875
20,19,1,2,2,1,1,6,1,1,,,350,1,290,340,39.7495568493151
20,19,1,2,2,1,1,11,0,,,,,,,,39.7495568493151
20,19,1,2,2,1,1,7,0,,,,,,,,39.7495568493151
20,19,1,2,2,1,1,1,1,1,,,1250,1,1200,1300,39.7495568493151
20,19,1,2,2,1,1,8,0,,,,,,,,39.7495568493151
20,19,1,2,2,1,1,13,0,,,,,,,,39.7495568493151
20,19,1,2,2,1,1,9,0,,,,,,,,39.7495568493151
20,19,1,2,2,1,1,3,1,4,,,888,0,,,39.7495568493151
20,19,1,2,2,1,1,5,1,5,7,,1170,1,1100,1150,39.7495568493151
20,19,1,2,2,1,1,4,1,3,,,200,0,,,39.7495568493151
20,19,1,2,2,1,1,12,0,,,,,,,,39.7495568493151
20,19,1,2,2,1,1,2,0,,,,,,,,39.7495568493151
20,19,1,2,2,1,1,10,0,,,,,,,,39.7495568493151
21,20,1,2,1,1,1,5,0,,,,,,,,92.4598432989691
21,20,1,2,1,1,1,12,0,,,,,,,,92.4598432989691
21,20,1,2,1,1,1,1,1,1,,,1700,1,1400,1500,92.4598432989691
21,20,1,2,1,1,1,10,0,,,,,,,,92.4598432989691
21,20,1,2,1,1,1,11,0,,,,,,,,92.4598432989691
21,20,1,2,1,1,1,3,1,4,,,888,0,,,92.4598432989691
21,20,1,2,1,1,1,9,0,,,,,,,,92.4598432989691
21,20,1,2,1,1,1,2,0,,,,,,,,92.4598432989691
21,20,1,2,1,1,1,13,0,,,,,,,,92.4598432989691
21,20,1,2,1,1,1,7,0,,,,,,,,92.4598432989691
21,20,1,2,1,1,1,8,0,,,,,,,,92.4598432989691
21,20,1,2,1,1,1,6,0,,,,,,,,92.4598432989691
21,20,1,2,1,1,1,4,0,,,,,,,,92.4598432989691
22,21,1,2,1,1,1,3,1,4,,,888,0,,,9.87333272727273
22,21,1,2,1,1,1,11,0,,,,,,,,9.87333272727273
22,21,1,2,1,1,1,9,0,,,,,,,,9.87333272727273
22,21,1,2,1,1,1,5,1,555,0,8,0,0,,,9.87333272727273
22,21,1,2,1,1,1,6,1,8,35,,12000,1,11000,12000,9.87333272727273
22,21,1,2,1,1,1,1,1,1,,,1500,1,1250,1300,9.87333272727273
22,21,1,2,1,1,1,4,0,,,,,,,,9.87333272727273
22,21,1,2,1,1,1,13,0,,,,,,,,9.87333272727273
22,21,1,2,1,1,1,7,0,,,,,,,,9.87333272727273
22,21,1,2,1,1,1,8,0,,,,,,,,9.87333272727273
22,21,1,2,1,1,1,12,0,,,,,,,,9.87333272727273
22,21,1,2,1,1,1,2,0,,,,,,,,9.87333272727273
22,21,1,2,1,1,1,10,0,,,,,,,,9.87333272727273
23,22,1,2,1,1,1,8,0,,,,,,,,15.03859
23,22,1,2,1,1,1,11,0,,,,,,,,15.03859
23,22,1,2,1,1,1,6,1,8,33,,12000,1,10000,10500,15.03859
23,22,1,2,1,1,1,7,0,,,,,,,,15.03859
23,22,1,2,1,1,1,9,0,,,,,,,,15.03859
23,22,1,2,1,1,1,4,0,,,,,,,,15.03859
23,22,1,2,1,1,1,3,1,4,,,888,0,,,15.03859
23,22,1,2,1,1,1,5,1,555,0,8,0,0,,,15.03859
23,22,1,2,1,1,1,13,0,,,,,,,,15.03859
23,22,1,2,1,1,1,12,0,,,,,,,,15.03859
23,22,1,2,1,1,1,2,0,,,,,,,,15.03859
23,22,1,2,1,1,1,1,1,1,,,1666,1,1500,1550,15.03859
23,22,1,2,1,1,1,10,0,,,,,,,,15.03859
24,23,1,2,1,1,1,4,1,3,,,100,0,,,21.1205211428571
24,23,1,2,1,1,1,6,1,8,35,,11000,1,10000,11000,21.1205211428571
24,23,1,2,1,1,1,2,0,,,,,,,,21.1205211428571
24,23,1,2,1,1,1,13,0,,,,,,,,21.1205211428571
24,23,1,2,1,1,1,1,1,1,,,1667,1,1500,1600,21.1205211428571
24,23,1,2,1,1,1,5,0,,,,,,,,21.1205211428571
24,23,1,2,1,1,1,10,0,,,,,,,,21.1205211428571
24,23,1,2,1,1,1,3,1,4,,,888,0,,,21.1205211428571
24,23,1,2,1,1,1,8,0,,,,,,,,21.1205211428571
24,23,1,2,1,1,1,9,0,,,,,,,,21.1205211428571
24,23,1,2,1,1,1,7,0,,,,,,,,21.1205211428571
24,23,1,2,1,1,1,12,0,,,,,,,,21.1205211428571
24,23,1,2,1,1,1,11,0,,,,,,,,21.1205211428571
25,24,1,2,1,1,1,6,1,8,33.5,,11000,1,10000,11000,16.7416508571429
25,24,1,2,1,1,1,5,0,,,,,,,,16.7416508571429
25,24,1,2,1,1,1,1,1,1,,,1300,1,1000,1300,16.7416508571429
25,24,1,2,1,1,1,13,0,,,,,,,,16.7416508571429
25,24,1,2,1,1,1,4,0,,,,,,,,16.7416508571429
25,24,1,2,1,1,1,9,0,,,,,,,,16.7416508571429
25,24,1,2,1,1,1,2,0,,,,,,,,16.7416508571429
25,24,1,2,1,1,1,8,0,,,,,,,,16.7416508571429
25,24,1,2,1,1,1,3,1,4,,,888,0,,,16.7416508571429
25,24,1,2,1,1,1,7,0,,,,,,,,16.7416508571429
25,24,1,2,1,1,1,12,0,,,,,,,,16.7416508571429
25,24,1,2,1,1,1,10,0,,,,,,,,16.7416508571429
25,24,1,2,1,1,1,11,0,,,,,,,,16.7416508571429
26,25,1,2,1,1,1,12,1,5,888,,0,0,,,15.1199458740018
26,25,1,2,1,1,1,7,1,2,,,1200,1,1000,1200,15.1199458740018
26,25,1,2,1,1,1,10,0,,,,,,,,15.1199458740018
26,25,1,2,1,1,1,11,0,,,,,,,,15.1199458740018
26,25,1,2,1,1,1,1,1,1,,,1500,0,,,15.1199458740018
26,25,1,2,1,1,1,6,1,7,1,,300,1,250,300,15.1199458740018
26,25,1,2,1,1,1,3,1,4,,,888,0,,,15.1199458740018
26,25,1,2,1,1,1,4,1,3,,,250,0,,,15.1199458740018
26,25,1,2,1,1,1,9,0,,,,,,,,15.1199458740018
26,25,1,2,1,1,1,2,0,,,,,,,,15.1199458740018
26,25,1,2,1,1,1,8,0,,,,,,,,15.1199458740018
26,25,1,2,1,1,1,13,0,,,,,,,,15.1199458740018
26,25,1,2,1,1,1,5,1,5,7,,1200,0,,,15.1199458740018
27,26,1,2,1,1,1,13,0,,,,,,,,4.12082943262411
27,26,1,2,1,1,1,8,0,,,,,,,,4.12082943262411
27,26,1,2,1,1,1,6,1,8,32.3,,11500,1,10500,11500,4.12082943262411
27,26,1,2,1,1,1,7,0,,,,,,,,4.12082943262411
27,26,1,2,1,1,1,9,0,,,,,,,,4.12082943262411
27,26,1,2,1,1,1,11,0,,,,,,,,4.12082943262411
27,26,1,2,1,1,1,10,0,,,,,,,,4.12082943262411
27,26,1,2,1,1,1,3,1,4,,,888,0,,,4.12082943262411
27,26,1,2,1,1,1,12,0,,,,,,,,4.12082943262411
27,26,1,2,1,1,1,4,1,3,,,250,0,,,4.12082943262411
27,26,1,2,1,1,1,1,1,1,,,1635,1,1450,1500,4.12082943262411
27,26,1,2,1,1,1,5,1,5,8,,1300,1,1200,1300,4.12082943262411
27,26,1,2,1,1,1,2,0,,,,,,,,4.12082943262411
28,27,1,2,1,1,4,2,0,,,,,,,,11.2538897515528
28,27,1,2,1,1,4,4,1,3,,,142,0,,,11.2538897515528
28,27,1,2,1,1,4,5,1,5,8,,1150,1,1080,1100,11.2538897515528
28,27,1,2,1,1,4,12,0,,,,,,,,11.2538897515528
28,27,1,2,1,1,4,8,0,,,,,,,,11.2538897515528
28,27,1,2,1,1,4,6,1,7,1.5,,350,1,250,300,11.2538897515528
28,27,1,2,1,1,4,11,0,,,,,,,,11.2538897515528
28,27,1,2,1,1,4,9,0,,,,,,,,11.2538897515528
28,27,1,2,1,1,4,7,0,,,,,,,,11.2538897515528
28,27,1,2,1,1,4,13,0,,,,,,,,11.2538897515528
28,27,1,2,1,1,4,1,1,1,,,1250,1,1200,1300,11.2538897515528
28,27,1,2,1,1,4,10,0,,,,,,,,11.2538897515528
28,27,1,2,1,1,4,3,1,4,,,888,0,,,11.2538897515528
29,28,1,2,1,1,1,8,0,,,,,,,,65.775825
29,28,1,2,1,1,1,9,0,,,,,,,,65.775825
29,28,1,2,1,1,1,4,0,,,,,,,,65.775825
29,28,1,2,1,1,1,3,1,4,,,888,0,,,65.775825
29,28,1,2,1,1,1,2,0,,,,,,,,65.775825
29,28,1,2,1,1,1,11,0,,,,,,,,65.775825
29,28,1,2,1,1,1,1,1,1,,,1666,1,1350,1500,65.775825
29,28,1,2,1,1,1,10,0,,,,,,,,65.775825
29,28,1,2,1,1,1,7,0,,,,,,,,65.775825
29,28,1,2,1,1,1,5,1,5,5,,900,1,780,850,65.775825
29,28,1,2,1,1,1,13,0,,,,,,,,65.775825
29,28,1,2,1,1,1,6,1,8,33,,12000,1,11000,11500,65.775825
29,28,1,2,1,1,1,12,0,,,,,,,,65.775825
30,29,1,2,2,1,1,2,0,,,,,,,,27.3053669724771
30,29,1,2,2,1,1,9,0,,,,,,,,27.3053669724771
30,29,1,2,2,1,1,5,1,5,6,,1000,0,,,27.3053669724771
30,29,1,2,2,1,1,4,1,3,,,250,0,,,27.3053669724771
30,29,1,2,2,1,1,8,0,,,,,,,,27.3053669724771
30,29,1,2,2,1,1,1,1,1,,,1700,1,1550,1700,27.3053669724771
30,29,1,2,2,1,1,6,1,1,,,400,1,330,380,27.3053669724771
30,29,1,2,2,1,1,12,0,,,,,,,,27.3053669724771
30,29,1,2,2,1,1,13,0,,,,,,,,27.3053669724771
30,29,1,2,2,1,1,11,0,,,,,,,,27.3053669724771
30,29,1,2,2,1,1,10,0,,,,,,,,27.3053669724771
30,29,1,2,2,1,1,7,0,,,,,,,,27.3053669724771
30,29,1,2,2,1,1,3,1,4,,,888,0,,,27.3053669724771
31,30,1,2,1,1,1,12,0,,,,,,,,7.984714375
31,30,1,2,1,1,1,9,0,,,,,,,,7.984714375
31,30,1,2,1,1,1,8,0,,,,,,,,7.984714375
31,30,1,2,1,1,1,5,1,555,0,19,0,0,,,7.984714375
31,30,1,2,1,1,1,2,0,,,,,,,,7.984714375
31,30,1,2,1,1,1,11,0,,,,,,,,7.984714375
31,30,1,2,1,1,1,6,1,8,33,,11000,1,10000,10500,7.984714375
31,30,1,2,1,1,1,13,0,,,,,,,,7.984714375
31,30,1,2,1,1,1,4,0,,,,,,,,7.984714375
31,30,1,2,1,1,1,10,0,,,,,,,,7.984714375
31,30,1,2,1,1,1,3,1,4,,,888,0,,,7.984714375
31,30,1,2,1,1,1,1,1,1,,,1666,1,1350,1400,7.984714375
31,30,1,2,1,1,1,7,0,,,,,,,,7.984714375
32,31,1,2,1,1,1,2,0,,,,,,,,4.23082260869565
32,31,1,2,1,1,1,4,0,,,,,,,,4.23082260869565
32,31,1,2,1,1,1,6,1,8,34,,11000,0,,,4.23082260869565
32,31,1,2,1,1,1,12,0,,,,,,,,4.23082260869565
32,31,1,2,1,1,1,1,1,1,,,1520,0,,,4.23082260869565
32,31,1,2,1,1,1,5,0,,,,,,,,4.23082260869565
32,31,1,2,1,1,1,13,0,,,,,,,,4.23082260869565
32,31,1,2,1,1,1,3,1,4,,,888,0,,,4.23082260869565
32,31,1,2,1,1,1,9,0,,,,,,,,4.23082260869565
32,31,1,2,1,1,1,8,0,,,,,,,,4.23082260869565
32,31,1,2,1,1,1,10,0,,,,,,,,4.23082260869565
32,31,1,2,1,1,1,11,0,,,,,,,,4.23082260869565
32,31,1,2,1,1,1,7,0,,,,,,,,4.23082260869565
33,32,1,2,1,1,1,4,0,,,,,,,,21.1555548
33,32,1,2,1,1,1,3,1,4,,,888,0,,,21.1555548
33,32,1,2,1,1,1,7,0,,,,,,,,21.1555548
33,32,1,2,1,1,1,11,0,,,,,,,,21.1555548
33,32,1,2,1,1,1,6,1,8,35,,12000,1,10000,11000,21.1555548
33,32,1,2,1,1,1,13,0,,,,,,,,21.1555548
33,32,1,2,1,1,1,8,0,,,,,,,,21.1555548
33,32,1,2,1,1,1,2,0,,,,,,,,21.1555548
33,32,1,2,1,1,1,9,0,,,,,,,,21.1555548
33,32,1,2,1,1,1,12,0,,,,,,,,21.1555548
33,32,1,2,1,1,1,10,0,,,,,,,,21.1555548
33,32,1,2,1,1,1,1,1,1,,,1563,0,,,21.1555548
33,32,1,2,1,1,1,5,0,,,,,,,,21.1555548
34,33,1,2,2,1,2,5,1,5,7,,1100,0,,,48.7433
34,33,1,2,2,1,2,2,0,,,,,,,,48.7433
34,33,1,2,2,1,2,6,1,1,,,350,1,300,330,48.7433
34,33,1,2,2,1,2,7,0,,,,,,,,48.7433
34,33,1,2,2,1,2,8,0,,,,,,,,48.7433
34,33,1,2,2,1,2,9,0,,,,,,,,48.7433
34,33,1,2,2,1,2,12,1,555,888,6,0,0,,,48.7433
34,33,1,2,2,1,2,13,0,,,,,,,,48.7433
34,33,1,2,2,1,2,11,0,,,,,,,,48.7433
34,33,1,2,2,1,2,1,0,,,,,,,,48.7433
34,33,1,2,2,1,2,3,1,4,,,888,0,,,48.7433
34,33,1,2,2,1,2,4,0,,,,,,,,48.7433
34,33,1,2,2,1,2,10,0,,,,,,,,48.7433
35,34,1,3,1,1,1,3,1,4,,,888,0,,,39.1813092105263
35,34,1,3,1,1,1,1,1,1,,,1541,1,1350,1433,39.1813092105263
35,34,1,3,1,1,1,4,1,3,,,289,0,,,39.1813092105263
35,34,1,3,1,1,1,8,0,,,,,,,,39.1813092105263
35,34,1,3,1,1,1,11,0,,,,,,,,39.1813092105263
35,34,1,3,1,1,1,10,0,,,,,,,,39.1813092105263
35,34,1,3,1,1,1,9,0,,,,,,,,39.1813092105263
35,34,1,3,1,1,1,12,0,,,,,,,,39.1813092105263
35,34,1,3,1,1,1,7,0,,,,,,,,39.1813092105263
35,34,1,3,1,1,1,5,0,,,,,,,,39.1813092105263
35,34,1,3,1,1,1,2,0,,,,,,,,39.1813092105263
35,34,1,3,1,1,1,6,1,1,,,350,1,290,320,39.1813092105263
35,34,1,3,1,1,1,13,0,,,,,,,,39.1813092105263
36,35,1,3,2,1,2,9,0,,,,,,,,33.7477419354839
36,35,1,3,2,1,2,13,0,,,,,,,,33.7477419354839
36,35,1,3,2,1,2,11,0,,,,,,,,33.7477419354839
36,35,1,3,2,1,2,12,0,,,,,,,,33.7477419354839
36,35,1,3,2,1,2,3,1,4,,,888,0,,,33.7477419354839
36,35,1,3,2,1,2,5,1,5,7,,1150,1,1080,1100,33.7477419354839
36,35,1,3,2,1,2,7,0,,,,,,,,33.7477419354839
36,35,1,3,2,1,2,2,0,,,,,,,,33.7477419354839
36,35,1,3,2,1,2,1,1,1,,,1250,1,1000,1300,33.7477419354839
36,35,1,3,2,1,2,4,0,,,,,,,,33.7477419354839
36,35,1,3,2,1,2,10,0,,,,,,,,33.7477419354839
36,35,1,3,2,1,2,8,0,,,,,,,,33.7477419354839
36,35,1,3,2,1,2,6,1,7,1.5,,400,1,350,400,33.7477419354839
37,36,1,3,1,1,1,10,0,,,,,,,,13.9474928131417
37,36,1,3,1,1,1,9,0,,,,,,,,13.9474928131417
37,36,1,3,1,1,1,4,0,,,,,,,,13.9474928131417
37,36,1,3,1,1,1,8,0,,,,,,,,13.9474928131417
37,36,1,3,1,1,1,2,0,,,,,,,,13.9474928131417
37,36,1,3,1,1,1,5,0,,,,,,,,13.9474928131417
37,36,1,3,1,1,1,12,0,,,,,,,,13.9474928131417
37,36,1,3,1,1,1,7,0,,,,,,,,13.9474928131417
37,36,1,3,1,1,1,11,0,,,,,,,,13.9474928131417
37,36,1,3,1,1,1,3,1,4,,,888,0,,,13.9474928131417
37,36,1,3,1,1,1,1,1,1,,,1250,1,1100,1300,13.9474928131417
37,36,1,3,1,1,1,13,0,,,,,,,,13.9474928131417
37,36,1,3,1,1,1,6,1,1,,,300,1,240,270,13.9474928131417
38,37,1,3,1,1,1,12,0,,,,,,,,12.3686712765957
38,37,1,3,1,1,1,3,1,4,,,888,0,,,12.3686712765957
38,37,1,3,1,1,1,10,0,,,,,,,,12.3686712765957
38,37,1,3,1,1,1,9,0,,,,,,,,12.3686712765957
38,37,1,3,1,1,1,5,1,5,7,,1100,1,980,1000,12.3686712765957
38,37,1,3,1,1,1,1,1,1,,,1400,0,,,12.3686712765957
38,37,1,3,1,1,1,6,1,8,30,,13000,1,12000,13000,12.3686712765957
38,37,1,3,1,1,1,2,0,,,,,,,,12.3686712765957
38,37,1,3,1,1,1,11,0,,,,,,,,12.3686712765957
38,37,1,3,1,1,1,8,1,2,,,1580,1,1000,1250,12.3686712765957
38,37,1,3,1,1,1,13,0,,,,,,,,12.3686712765957
38,37,1,3,1,1,1,7,0,,,,,,,,12.3686712765957
38,37,1,3,1,1,1,4,1,3,,,212,0,,,12.3686712765957
39,38,1,3,1,1,7,6,1,7,1.5,,400,1,300,350,28.5102728323699
39,38,1,3,1,1,7,7,0,,,,,,,,28.5102728323699
39,38,1,3,1,1,7,11,0,,,,,,,,28.5102728323699
39,38,1,3,1,1,7,3,1,4,,,888,0,,,28.5102728323699
39,38,1,3,1,1,7,13,0,,,,,,,,28.5102728323699
39,38,1,3,1,1,7,10,0,,,,,,,,28.5102728323699
39,38,1,3,1,1,7,1,1,1,,,1300,1,1000,1300,28.5102728323699
39,38,1,3,1,1,7,5,0,,,,,,,,28.5102728323699
39,38,1,3,1,1,7,8,0,,,,,,,,28.5102728323699
39,38,1,3,1,1,7,4,0,,,,,,,,28.5102728323699
39,38,1,3,1,1,7,2,0,,,,,,,,28.5102728323699
39,38,1,3,1,1,7,12,0,,,,,,,,28.5102728323699
39,38,1,3,1,1,7,9,0,,,,,,,,28.5102728323699
40,39,1,3,1,1,1,6,1,7,1.5,,350,1,300,350,46.9627568421053
40,39,1,3,1,1,1,11,0,,,,,,,,46.9627568421053
40,39,1,3,1,1,1,4,0,,,,,,,,46.9627568421053
40,39,1,3,1,1,1,7,0,,,,,,,,46.9627568421053
40,39,1,3,1,1,1,8,0,,,,,,,,46.9627568421053
40,39,1,3,1,1,1,10,0,,,,,,,,46.9627568421053
40,39,1,3,1,1,1,13,0,,,,,,,,46.9627568421053
40,39,1,3,1,1,1,9,0,,,,,,,,46.9627568421053
40,39,1,3,1,1,1,1,1,1,,,1250,1,1000,1300,46.9627568421053
40,39,1,3,1,1,1,2,0,,,,,,,,46.9627568421053
40,39,1,3,1,1,1,5,1,5,5,,750,1,580,650,46.9627568421053
40,39,1,3,1,1,1,12,0,,,,,,,,46.9627568421053
40,39,1,3,1,1,1,3,1,4,,,888,0,,,46.9627568421053
41,40,1,3,1,1,1,6,1,8,35,,11000,1,10000,11000,43.053996
41,40,1,3,1,1,1,1,1,1,,,1500,1,1200,1300,43.053996
41,40,1,3,1,1,1,3,1,4,,,888,0,,,43.053996
41,40,1,3,1,1,1,9,0,,,,,,,,43.053996
41,40,1,3,1,1,1,13,0,,,,,,,,43.053996
41,40,1,3,1,1,1,5,0,,,,,,,,43.053996
41,40,1,3,1,1,1,7,0,,,,,,,,43.053996
41,40,1,3,1,1,1,12,0,,,,,,,,43.053996
41,40,1,3,1,1,1,4,0,,,,,,,,43.053996
41,40,1,3,1,1,1,8,0,,,,,,,,43.053996
41,40,1,3,1,1,1,2,0,,,,,,,,43.053996
41,40,1,3,1,1,1,10,0,,,,,,,,43.053996
41,40,1,3,1,1,1,11,0,,,,,,,,43.053996
42,41,1,3,1,1,1,6,1,7,1,,350,1,300,330,23.9960368421053
42,41,1,3,1,1,1,13,0,,,,,,,,23.9960368421053
42,41,1,3,1,1,1,5,1,5,5,,800,0,,,23.9960368421053
42,41,1,3,1,1,1,9,0,,,,,,,,23.9960368421053
42,41,1,3,1,1,1,8,0,,,,,,,,23.9960368421053
42,41,1,3,1,1,1,1,1,1,,,1350,1,1275,1450,23.9960368421053
42,41,1,3,1,1,1,3,1,4,,,888,0,,,23.9960368421053
42,41,1,3,1,1,1,11,0,,,,,,,,23.9960368421053
42,41,1,3,1,1,1,7,0,,,,,,,,23.9960368421053
42,41,1,3,1,1,1,10,0,,,,,,,,23.9960368421053
42,41,1,3,1,1,1,12,0,,,,,,,,23.9960368421053
42,41,1,3,1,1,1,4,0,,,,,,,,23.9960368421053
42,41,1,3,1,1,1,2,0,,,,,,,,23.9960368421053
43,42,1,3,1,1,1,10,0,,,,,,,,27.0597727969349
43,42,1,3,1,1,1,5,1,1,,,150,0,,,27.0597727969349
43,42,1,3,1,1,1,4,1,3,,,119,0,,,27.0597727969349
43,42,1,3,1,1,1,12,0,,,,,,,,27.0597727969349
43,42,1,3,1,1,1,3,1,4,,,888,0,,,27.0597727969349
43,42,1,3,1,1,1,13,0,,,,,,,,27.0597727969349
43,42,1,3,1,1,1,6,1,1,,,300,1,240,270,27.0597727969349
43,42,1,3,1,1,1,8,0,,,,,,,,27.0597727969349
43,42,1,3,1,1,1,7,0,,,,,,,,27.0597727969349
43,42,1,3,1,1,1,1,1,1,,,1400,1,1250,1400,27.0597727969349
43,42,1,3,1,1,1,2,0,,,,,,,,27.0597727969349
43,42,1,3,1,1,1,9,0,,,,,,,,27.0597727969349
43,42,1,3,1,1,1,11,0,,,,,,,,27.0597727969349
45,43,1,3,1,1,1,6,1,7,1,,350,1,250,300,17.1043262068966
45,43,1,3,1,1,1,8,0,,,,,,,,17.1043262068966
45,43,1,3,1,1,1,11,0,,,,,,,,17.1043262068966
45,43,1,3,1,1,1,2,0,,,,,,,,17.1043262068966
45,43,1,3,1,1,1,5,1,5,6,,1000,1,900,950,17.1043262068966
45,43,1,3,1,1,1,10,0,,,,,,,,17.1043262068966
45,43,1,3,1,1,1,13,0,,,,,,,,17.1043262068966
45,43,1,3,1,1,1,7,0,,,,,,,,17.1043262068966
45,43,1,3,1,1,1,1,1,1,,,1667,1,1450,1700,17.1043262068966
45,43,1,3,1,1,1,12,0,,,,,,,,17.1043262068966
45,43,1,3,1,1,1,3,1,4,,,888,0,,,17.1043262068966
45,43,1,3,1,1,1,9,0,,,,,,,,17.1043262068966
45,43,1,3,1,1,1,4,1,3,,,228,0,,,17.1043262068966
46,44,1,3,2,1,4,12,1,555,888,6,888,0,,,34.238744813278
46,44,1,3,2,1,4,1,1,1,,,1700,0,,,34.238744813278
46,44,1,3,2,1,4,11,0,,,,,,,,34.238744813278
46,44,1,3,2,1,4,5,1,5,6,,1000,0,,,34.238744813278
46,44,1,3,2,1,4,13,0,,,,,,,,34.238744813278
46,44,1,3,2,1,4,10,0,,,,,,,,34.238744813278
46,44,1,3,2,1,4,6,1,7,1.5,,350,1,300,350,34.238744813278
46,44,1,3,2,1,4,7,0,,,,,,,,34.238744813278
46,44,1,3,2,1,4,8,0,,,,,,,,34.238744813278
46,44,1,3,2,1,4,9,0,,,,,,,,34.238744813278
46,44,1,3,2,1,4,3,1,4,,,888,0,,,34.238744813278
46,44,1,3,2,1,4,4,0,,,,,,,,34.238744813278
46,44,1,3,2,1,4,2,0,,,,,,,,34.238744813278
47,45,1,3,1,1,1,8,0,,,,,,,,88.8850588235294
47,45,1,3,1,1,1,6,0,,,,,,,,88.8850588235294
47,45,1,3,1,1,1,13,0,,,,,,,,88.8850588235294
47,45,1,3,1,1,1,3,1,4,,,888,0,,,88.8850588235294
47,45,1,3,1,1,1,10,0,,,,,,,,88.8850588235294
47,45,1,3,1,1,1,2,0,,,,,,,,88.8850588235294
47,45,1,3,1,1,1,12,0,,,,,,,,88.8850588235294
47,45,1,3,1,1,1,9,0,,,,,,,,88.8850588235294
47,45,1,3,1,1,1,11,0,,,,,,,,88.8850588235294
47,45,1,3,1,1,1,1,1,1,,,1558,1,1250,1300,88.8850588235294
47,45,1,3,1,1,1,4,0,,,,,,,,88.8850588235294
47,45,1,3,1,1,1,5,0,,,,,,,,88.8850588235294
47,45,1,3,1,1,1,7,0,,,,,,,,88.8850588235294
48,46,1,3,1,1,1,12,0,,,,,,,,24.1846151162791
48,46,1,3,1,1,1,11,0,,,,,,,,24.1846151162791
48,46,1,3,1,1,1,3,1,4,,,888,0,,,24.1846151162791
48,46,1,3,1,1,1,2,0,,,,,,,,24.1846151162791
48,46,1,3,1,1,1,6,1,1,,,350,1,200,250,24.1846151162791
48,46,1,3,1,1,1,8,0,,,,,,,,24.1846151162791
48,46,1,3,1,1,1,9,0,,,,,,,,24.1846151162791
48,46,1,3,1,1,1,1,1,1,,,1333,1,1250,1400,24.1846151162791
48,46,1,3,1,1,1,10,0,,,,,,,,24.1846151162791
48,46,1,3,1,1,1,4,1,3,,,285,0,,,24.1846151162791
48,46,1,3,1,1,1,13,0,,,,,,,,24.1846151162791
48,46,1,3,1,1,1,5,1,1,,,180,1,110,120,24.1846151162791
48,46,1,3,1,1,1,7,0,,,,,,,,24.1846151162791
49,47,1,3,1,1,1,9,0,,,,,,,,22.5478852941176
49,47,1,3,1,1,1,8,0,,,,,,,,22.5478852941176
49,47,1,3,1,1,1,13,0,,,,,,,,22.5478852941176
49,47,1,3,1,1,1,4,0,,,,,,,,22.5478852941176
49,47,1,3,1,1,1,5,0,,,,,,,,22.5478852941176
49,47,1,3,1,1,1,3,1,4,,,888,0,,,22.5478852941176
49,47,1,3,1,1,1,7,0,,,,,,,,22.5478852941176
49,47,1,3,1,1,1,2,0,,,,,,,,22.5478852941176
49,47,1,3,1,1,1,1,1,1,,,1300,1,1200,1250,22.5478852941176
49,47,1,3,1,1,1,12,0,,,,,,,,22.5478852941176
49,47,1,3,1,1,1,10,0,,,,,,,,22.5478852941176
49,47,1,3,1,1,1,11,0,,,,,,,,22.5478852941176
49,47,1,3,1,1,1,6,1,1,,,350,0,,,22.5478852941176
50,48,2,1,1,1,1,11,0,,,,,,,,20.2034487562189
50,48,2,1,1,1,1,9,0,,,,,,,,20.2034487562189
50,48,2,1,1,1,1,12,0,,,,,,,,20.2034487562189
50,48,2,1,1,1,1,3,1,4,,,888,0,,,20.2034487562189
50,48,2,1,1,1,1,5,1,5,7,,900,1,800,850,20.2034487562189
50,48,2,1,1,1,1,1,1,1,,,1200,1,1000,1200,20.2034487562189
50,48,2,1,1,1,1,2,0,,,,,,,,20.2034487562189
50,48,2,1,1,1,1,8,0,,,,,,,,20.2034487562189
50,48,2,1,1,1,1,10,0,,,,,,,,20.2034487562189
50,48,2,1,1,1,1,4,0,,,,,,,,20.2034487562189
50,48,2,1,1,1,1,6,1,7,1,,250,1,200,250,20.2034487562189
50,48,2,1,1,1,1,13,0,,,,,,,,20.2034487562189
50,48,2,1,1,1,1,7,0,,,,,,,,20.2034487562189
51,49,2,1,1,1,1,4,0,,,,,,,,8.52196355140187
51,49,2,1,1,1,1,12,0,,,,,,,,8.52196355140187
51,49,2,1,1,1,1,9,0,,,,,,,,8.52196355140187
51,49,2,1,1,1,1,13,0,,,,,,,,8.52196355140187
51,49,2,1,1,1,1,10,0,,,,,,,,8.52196355140187
51,49,2,1,1,1,1,8,0,,,,,,,,8.52196355140187
51,49,2,1,1,1,1,11,0,,,,,,,,8.52196355140187
51,49,2,1,1,1,1,1,1,1,,,1300,0,,,8.52196355140187
51,49,2,1,1,1,1,3,1,4,,,888,0,,,8.52196355140187
51,49,2,1,1,1,1,2,0,,,,,,,,8.52196355140187
51,49,2,1,1,1,1,7,0,,,,,,,,8.52196355140187
51,49,2,1,1,1,1,5,0,,,,,,,,8.52196355140187
51,49,2,1,1,1,1,6,1,7,1,,250,1,200,250,8.52196355140187
52,50,2,1,2,1,1,4,0,,,,,,,,90.9873333333333
52,50,2,1,2,1,1,10,0,,,,,,,,90.9873333333333
52,50,2,1,2,1,1,13,0,,,,,,,,90.9873333333333
52,50,2,1,2,1,1,8,0,,,,,,,,90.9873333333333
52,50,2,1,2,1,1,6,1,7,1,,300,0,,,90.9873333333333
52,50,2,1,2,1,1,3,1,4,,,888,0,,,90.9873333333333
52,50,2,1,2,1,1,5,1,5,7,,800,0,,,90.9873333333333
52,50,2,1,2,1,1,9,0,,,,,,,,90.9873333333333
52,50,2,1,2,1,1,1,0,,,,,,,,90.9873333333333
52,50,2,1,2,1,1,11,1,555,0,8,0,0,,,90.9873333333333
52,50,2,1,2,1,1,7,0,,,,,,,,90.9873333333333
52,50,2,1,2,1,1,2,0,,,,,,,,90.9873333333333
52,50,2,1,2,1,1,12,1,5,888,,0,0,,,90.9873333333333
53,51,2,1,2,1,1,9,0,,,,,,,,152.80155
53,51,2,1,2,1,1,4,0,,,,,,,,152.80155
53,51,2,1,2,1,1,11,0,,,,,,,,152.80155
53,51,2,1,2,1,1,7,0,,,,,,,,152.80155
53,51,2,1,2,1,1,2,0,,,,,,,,152.80155
53,51,2,1,2,1,1,5,1,5,7,,800,1,740,780,152.80155
53,51,2,1,2,1,1,10,0,,,,,,,,152.80155
53,51,2,1,2,1,1,13,0,,,,,,,,152.80155
53,51,2,1,2,1,1,8,0,,,,,,,,152.80155
53,51,2,1,2,1,1,6,0,,,,,,,,152.80155
53,51,2,1,2,1,1,3,1,4,,,888,0,,,152.80155
53,51,2,1,2,1,1,12,1,5,888,,0,0,,,152.80155
53,51,2,1,2,1,1,1,0,,,,,,,,152.80155
54,52,2,1,2,1,1,13,0,,,,,,,,45.2318409090909
54,52,2,1,2,1,1,5,1,5,7,,700,0,,,45.2318409090909
54,52,2,1,2,1,1,4,0,,,,,,,,45.2318409090909
54,52,2,1,2,1,1,10,0,,,,,,,,45.2318409090909
54,52,2,1,2,1,1,12,0,,,,,,,,45.2318409090909
54,52,2,1,2,1,1,7,0,,,,,,,,45.2318409090909
54,52,2,1,2,1,1,9,0,,,,,,,,45.2318409090909
54,52,2,1,2,1,1,8,0,,,,,,,,45.2318409090909
54,52,2,1,2,1,1,2,0,,,,,,,,45.2318409090909
54,52,2,1,2,1,1,6,1,8,35,,8000,0,,,45.2318409090909
54,52,2,1,2,1,1,3,1,4,,,888,0,,,45.2318409090909
54,52,2,1,2,1,1,1,0,,,,,,,,45.2318409090909
54,52,2,1,2,1,1,11,0,,,,,,,,45.2318409090909
55,53,2,1,2,1,1,10,0,,,,,,,,207.560347826087
55,53,2,1,2,1,1,13,0,,,,,,,,207.560347826087
55,53,2,1,2,1,1,1,0,,,,,,,,207.560347826087
55,53,2,1,2,1,1,12,1,555,0,16,0,0,,,207.560347826087
55,53,2,1,2,1,1,7,0,,,,,,,,207.560347826087
55,53,2,1,2,1,1,6,0,,,,,,,,207.560347826087
55,53,2,1,2,1,1,9,0,,,,,,,,207.560347826087
55,53,2,1,2,1,1,11,0,,,,,,,,207.560347826087
55,53,2,1,2,1,1,5,1,5,7,,900,1,800,850,207.560347826087
55,53,2,1,2,1,1,3,1,4,,,888,0,,,207.560347826087
55,53,2,1,2,1,1,8,0,,,,,,,,207.560347826087
55,53,2,1,2,1,1,2,0,,,,,,,,207.560347826087
55,53,2,1,2,1,1,4,0,,,,,,,,207.560347826087
56,54,2,2,2,1,10,13,0,,,,,,,,11.9489366834171
56,54,2,2,2,1,10,12,0,,,,,,,,11.9489366834171
56,54,2,2,2,1,10,2,0,,,,,,,,11.9489366834171
56,54,2,2,2,1,10,11,0,,,,,,,,11.9489366834171
56,54,2,2,2,1,10,7,0,,,,,,,,11.9489366834171
56,54,2,2,2,1,10,4,0,,,,,,,,11.9489366834171
56,54,2,2,2,1,10,5,1,5,7,,700,0,,,11.9489366834171
56,54,2,2,2,1,10,1,0,,,,,,,,11.9489366834171
56,54,2,2,2,1,10,10,0,,,,,,,,11.9489366834171
56,54,2,2,2,1,10,6,1,1,,,300,1,250,280,11.9489366834171
56,54,2,2,2,1,10,8,0,,,,,,,,11.9489366834171
56,54,2,2,2,1,10,3,1,4,,,888,0,,,11.9489366834171
56,54,2,2,2,1,10,9,0,,,,,,,,11.9489366834171
57,55,2,2,2,1,10,11,0,,,,,,,,6.323716875
57,55,2,2,2,1,10,10,0,,,,,,,,6.323716875
57,55,2,2,2,1,10,9,0,,,,,,,,6.323716875
57,55,2,2,2,1,10,7,0,,,,,,,,6.323716875
57,55,2,2,2,1,10,6,0,,,,,,,,6.323716875
57,55,2,2,2,1,10,3,1,4,,,888,0,,,6.323716875
57,55,2,2,2,1,10,5,1,5,7,,700,0,,,6.323716875
57,55,2,2,2,1,10,12,0,,,,,,,,6.323716875
57,55,2,2,2,1,10,8,0,,,,,,,,6.323716875
57,55,2,2,2,1,10,13,0,,,,,,,,6.323716875
57,55,2,2,2,1,10,4,0,,,,,,,,6.323716875
57,55,2,2,2,1,10,2,0,,,,,,,,6.323716875
57,55,2,2,2,1,10,1,0,,,,,,,,6.323716875
58,56,2,2,2,1,10,1,0,,,,,,,,94.0141550802139
58,56,2,2,2,1,10,2,0,,,,,,,,94.0141550802139
58,56,2,2,2,1,10,4,0,,,,,,,,94.0141550802139
58,56,2,2,2,1,10,11,0,,,,,,,,94.0141550802139
58,56,2,2,2,1,10,5,1,5,7,,800,1,700,800,94.0141550802139
58,56,2,2,2,1,10,13,0,,,,,,,,94.0141550802139
58,56,2,2,2,1,10,6,1,1,,,300,1,230,250,94.0141550802139
58,56,2,2,2,1,10,9,0,,,,,,,,94.0141550802139
58,56,2,2,2,1,10,8,0,,,,,,,,94.0141550802139
58,56,2,2,2,1,10,12,0,,,,,,,,94.0141550802139
58,56,2,2,2,1,10,3,1,4,,,888,0,,,94.0141550802139
58,56,2,2,2,1,10,10,0,,,,,,,,94.0141550802139
58,56,2,2,2,1,10,7,0,,,,,,,,94.0141550802139
59,57,2,2,2,1,10,8,0,,,,,,,,11.4382214285714
59,57,2,2,2,1,10,3,1,4,,,888,0,,,11.4382214285714
59,57,2,2,2,1,10,5,1,5,7,,900,1,770,850,11.4382214285714
59,57,2,2,2,1,10,7,0,,,,,,,,11.4382214285714
59,57,2,2,2,1,10,6,0,,,,,,,,11.4382214285714
59,57,2,2,2,1,10,9,0,,,,,,,,11.4382214285714
59,57,2,2,2,1,10,10,0,,,,,,,,11.4382214285714
59,57,2,2,2,1,10,11,0,,,,,,,,11.4382214285714
59,57,2,2,2,1,10,13,0,,,,,,,,11.4382214285714
59,57,2,2,2,1,10,4,0,,,,,,,,11.4382214285714
59,57,2,2,2,1,10,2,0,,,,,,,,11.4382214285714
59,57,2,2,2,1,10,1,0,,,,,,,,11.4382214285714
59,57,2,2,2,1,10,12,0,,,,,,,,11.4382214285714
60,58,2,2,2,1,10,9,0,,,,,,,,15.5927013157895
60,58,2,2,2,1,10,8,0,,,,,,,,15.5927013157895
60,58,2,2,2,1,10,4,0,,,,,,,,15.5927013157895
60,58,2,2,2,1,10,6,0,,,,,,,,15.5927013157895
60,58,2,2,2,1,10,3,1,4,,,888,0,,,15.5927013157895
60,58,2,2,2,1,10,13,0,,,,,,,,15.5927013157895
60,58,2,2,2,1,10,11,0,,,,,,,,15.5927013157895
60,58,2,2,2,1,10,12,0,,,,,,,,15.5927013157895
60,58,2,2,2,1,10,1,0,,,,,,,,15.5927013157895
60,58,2,2,2,1,10,2,0,,,,,,,,15.5927013157895
60,58,2,2,2,1,10,7,0,,,,,,,,15.5927013157895
60,58,2,2,2,1,10,5,1,5,5,,500,1,450,480,15.5927013157895
60,58,2,2,2,1,10,10,0,,,,,,,,15.5927013157895
61,59,2,2,2,1,10,11,0,,,,,,,,10.5182256410256
61,59,2,2,2,1,10,9,0,,,,,,,,10.5182256410256
61,59,2,2,2,1,10,6,0,,,,,,,,10.5182256410256
61,59,2,2,2,1,10,5,1,5,5,,700,1,580,650,10.5182256410256
61,59,2,2,2,1,10,7,0,,,,,,,,10.5182256410256
61,59,2,2,2,1,10,13,0,,,,,,,,10.5182256410256
61,59,2,2,2,1,10,12,1,1,,,0,0,,,10.5182256410256
61,59,2,2,2,1,10,4,0,,,,,,,,10.5182256410256
61,59,2,2,2,1,10,8,0,,,,,,,,10.5182256410256
61,59,2,2,2,1,10,2,0,,,,,,,,10.5182256410256
61,59,2,2,2,1,10,3,1,4,,,888,0,,,10.5182256410256
61,59,2,2,2,1,10,1,0,,,,,,,,10.5182256410256
61,59,2,2,2,1,10,10,0,,,,,,,,10.5182256410256
62,60,2,2,2,1,10,13,0,,,,,,,,9.59673777777778
62,60,2,2,2,1,10,2,0,,,,,,,,9.59673777777778
62,60,2,2,2,1,10,7,0,,,,,,,,9.59673777777778
62,60,2,2,2,1,10,11,0,,,,,,,,9.59673777777778
62,60,2,2,2,1,10,4,0,,,,,,,,9.59673777777778
62,60,2,2,2,1,10,9,0,,,,,,,,9.59673777777778
62,60,2,2,2,1,10,8,0,,,,,,,,9.59673777777778
62,60,2,2,2,1,10,12,0,,,,,,,,9.59673777777778
62,60,2,2,2,1,10,6,0,,,,,,,,9.59673777777778
62,60,2,2,2,1,10,1,0,,,,,,,,9.59673777777778
62,60,2,2,2,1,10,10,0,,,,,,,,9.59673777777778
62,60,2,2,2,1,10,3,1,4,,,888,0,,,9.59673777777778
62,60,2,2,2,1,10,5,1,5,5,,600,1,550,580,9.59673777777778
63,61,2,2,2,1,10,5,1,5,6,,700,1,580,600,5.68636416666667
63,61,2,2,2,1,10,13,0,,,,,,,,5.68636416666667
63,61,2,2,2,1,10,12,0,,,,,,,,5.68636416666667
63,61,2,2,2,1,10,2,0,,,,,,,,5.68636416666667
63,61,2,2,2,1,10,8,0,,,,,,,,5.68636416666667
63,61,2,2,2,1,10,11,0,,,,,,,,5.68636416666667
63,61,2,2,2,1,10,9,0,,,,,,,,5.68636416666667
63,61,2,2,2,1,10,1,0,,,,,,,,5.68636416666667
63,61,2,2,2,1,10,6,0,,,,,,,,5.68636416666667
63,61,2,2,2,1,10,7,0,,,,,,,,5.68636416666667
63,61,2,2,2,1,10,3,1,4,,,888,0,,,5.68636416666667
63,61,2,2,2,1,10,4,0,,,,,,,,5.68636416666667
63,61,2,2,2,1,10,10,0,,,,,,,,5.68636416666667
64,62,2,2,2,1,10,8,0,,,,,,,,7.20332459016393
64,62,2,2,2,1,10,1,0,,,,,,,,7.20332459016393
64,62,2,2,2,1,10,10,0,,,,,,,,7.20332459016393
64,62,2,2,2,1,10,3,1,4,,,888,0,,,7.20332459016393
64,62,2,2,2,1,10,13,0,,,,,,,,7.20332459016393
64,62,2,2,2,1,10,5,1,5,7,,800,1,740,800,7.20332459016393
64,62,2,2,2,1,10,2,0,,,,,,,,7.20332459016393
64,62,2,2,2,1,10,7,0,,,,,,,,7.20332459016393
64,62,2,2,2,1,10,4,0,,,,,,,,7.20332459016393
64,62,2,2,2,1,10,12,1,1,,,0,0,,,7.20332459016393
64,62,2,2,2,1,10,9,0,,,,,,,,7.20332459016393
64,62,2,2,2,1,10,11,0,,,,,,,,7.20332459016393
64,62,2,2,2,1,10,6,0,,,,,,,,7.20332459016393
65,63,2,2,2,1,10,10,0,,,,,,,,10.1865876923077
65,63,2,2,2,1,10,2,0,,,,,,,,10.1865876923077
65,63,2,2,2,1,10,1,0,,,,,,,,10.1865876923077
65,63,2,2,2,1,10,7,0,,,,,,,,10.1865876923077
65,63,2,2,2,1,10,12,0,,,,,,,,10.1865876923077
65,63,2,2,2,1,10,4,0,,,,,,,,10.1865876923077
65,63,2,2,2,1,10,13,0,,,,,,,,10.1865876923077
65,63,2,2,2,1,10,8,0,,,,,,,,10.1865876923077
65,63,2,2,2,1,10,5,1,5,7,,700,1,580,600,10.1865876923077
65,63,2,2,2,1,10,9,0,,,,,,,,10.1865876923077
65,63,2,2,2,1,10,6,1,8,888,,9500,1,8500,9500,10.1865876923077
65,63,2,2,2,1,10,3,1,4,,,888,0,,,10.1865876923077
65,63,2,2,2,1,10,11,0,,,,,,,,10.1865876923077
66,64,2,2,2,1,10,7,0,,,,,,,,4.40477818181818
66,64,2,2,2,1,10,4,0,,,,,,,,4.40477818181818
66,64,2,2,2,1,10,1,0,,,,,,,,4.40477818181818
66,64,2,2,2,1,10,11,0,,,,,,,,4.40477818181818
66,64,2,2,2,1,10,9,0,,,,,,,,4.40477818181818
66,64,2,2,2,1,10,6,1,1,,,300,0,,,4.40477818181818
66,64,2,2,2,1,10,3,1,4,,,888,0,,,4.40477818181818
66,64,2,2,2,1,10,10,0,,,,,,,,4.40477818181818
66,64,2,2,2,1,10,12,0,,,,,,,,4.40477818181818
66,64,2,2,2,1,10,8,0,,,,,,,,4.40477818181818
66,64,2,2,2,1,10,5,1,1,,,100,1,90,100,4.40477818181818
66,64,2,2,2,1,10,13,0,,,,,,,,4.40477818181818
66,64,2,2,2,1,10,2,0,,,,,,,,4.40477818181818
67,65,2,2,2,1,10,6,0,,,,,,,,6.27120765957447
67,65,2,2,2,1,10,11,0,,,,,,,,6.27120765957447
67,65,2,2,2,1,10,10,0,,,,,,,,6.27120765957447
67,65,2,2,2,1,10,12,0,,,,,,,,6.27120765957447
67,65,2,2,2,1,10,7,0,,,,,,,,6.27120765957447
67,65,2,2,2,1,10,3,1,4,,,888,0,,,6.27120765957447
67,65,2,2,2,1,10,4,0,,,,,,,,6.27120765957447
67,65,2,2,2,1,10,13,0,,,,,,,,6.27120765957447
67,65,2,2,2,1,10,2,0,,,,,,,,6.27120765957447
67,65,2,2,2,1,10,9,0,,,,,,,,6.27120765957447
67,65,2,2,2,1,10,1,0,,,,,,,,6.27120765957447
67,65,2,2,2,1,10,5,1,5,7,,900,1,780,850,6.27120765957447
67,65,2,2,2,1,10,8,0,,,,,,,,6.27120765957447
68,66,2,2,2,1,10,11,0,,,,,,,,138.488
68,66,2,2,2,1,10,13,0,,,,,,,,138.488
68,66,2,2,2,1,10,6,0,,,,,,,,138.488
68,66,2,2,2,1,10,2,0,,,,,,,,138.488
68,66,2,2,2,1,10,3,1,4,,,888,0,,,138.488
68,66,2,2,2,1,10,12,1,1,,,0,0,,,138.488
68,66,2,2,2,1,10,5,1,5,6,,700,1,600,650,138.488
68,66,2,2,2,1,10,10,0,,,,,,,,138.488
68,66,2,2,2,1,10,1,0,,,,,,,,138.488
68,66,2,2,2,1,10,4,0,,,,,,,,138.488
68,66,2,2,2,1,10,7,0,,,,,,,,138.488
68,66,2,2,2,1,10,8,0,,,,,,,,138.488
68,66,2,2,2,1,10,9,0,,,,,,,,138.488
69,67,2,2,2,1,10,9,0,,,,,,,,6.55938214285714
69,67,2,2,2,1,10,5,1,5,7,,800,1,700,800,6.55938214285714
69,67,2,2,2,1,10,3,1,4,,,888,0,,,6.55938214285714
69,67,2,2,2,1,10,7,0,,,,,,,,6.55938214285714
69,67,2,2,2,1,10,2,0,,,,,,,,6.55938214285714
69,67,2,2,2,1,10,10,0,,,,,,,,6.55938214285714
69,67,2,2,2,1,10,1,0,,,,,,,,6.55938214285714
69,67,2,2,2,1,10,6,0,,,,,,,,6.55938214285714
69,67,2,2,2,1,10,13,0,,,,,,,,6.55938214285714
69,67,2,2,2,1,10,4,0,,,,,,,,6.55938214285714
69,67,2,2,2,1,10,8,0,,,,,,,,6.55938214285714
69,67,2,2,2,1,10,11,0,,,,,,,,6.55938214285714
69,67,2,2,2,1,10,12,0,,,,,,,,6.55938214285714
70,68,2,2,2,1,10,13,0,,,,,,,,5.97752774193548
70,68,2,2,2,1,10,11,0,,,,,,,,5.97752774193548
70,68,2,2,2,1,10,7,0,,,,,,,,5.97752774193548
70,68,2,2,2,1,10,12,1,555,15,12,1000,0,,,5.97752774193548
70,68,2,2,2,1,10,5,1,5,6,,800,1,700,800,5.97752774193548
70,68,2,2,2,1,10,2,0,,,,,,,,5.97752774193548
70,68,2,2,2,1,10,1,0,,,,,,,,5.97752774193548
70,68,2,2,2,1,10,6,0,,,,,,,,5.97752774193548
70,68,2,2,2,1,10,9,0,,,,,,,,5.97752774193548
70,68,2,2,2,1,10,8,0,,,,,,,,5.97752774193548
70,68,2,2,2,1,10,10,0,,,,,,,,5.97752774193548
70,68,2,2,2,1,10,4,0,,,,,,,,5.97752774193548
70,68,2,2,2,1,10,3,1,4,,,888,0,,,5.97752774193548
71,69,2,2,2,1,10,4,0,,,,,,,,111.031052054795
71,69,2,2,2,1,10,8,0,,,,,,,,111.031052054795
71,69,2,2,2,1,10,13,0,,,,,,,,111.031052054795
71,69,2,2,2,1,10,5,1,5,6,,600,1,500,600,111.031052054795
71,69,2,2,2,1,10,3,1,4,,,888,0,,,111.031052054795
71,69,2,2,2,1,10,12,0,,,,,,,,111.031052054795
71,69,2,2,2,1,10,9,0,,,,,,,,111.031052054795
71,69,2,2,2,1,10,6,1,1,,,300,1,250,280,111.031052054795
71,69,2,2,2,1,10,2,0,,,,,,,,111.031052054795
71,69,2,2,2,1,10,11,0,,,,,,,,111.031052054795
71,69,2,2,2,1,10,7,0,,,,,,,,111.031052054795
71,69,2,2,2,1,10,10,0,,,,,,,,111.031052054795
71,69,2,2,2,1,10,1,1,1,,,1600,1,1500,1550,111.031052054795
79,70,2,3,1,1,1,12,1,555,1,17,0,1,100,140,13.34441
79,70,2,3,1,1,1,1,0,,,,,,,,13.34441
79,70,2,3,1,1,1,5,1,5,6,,800,1,720,780,13.34441
79,70,2,3,1,1,1,2,0,,,,,,,,13.34441
79,70,2,3,1,1,1,3,1,4,,,888,0,,,13.34441
79,70,2,3,1,1,1,7,0,,,,,,,,13.34441
79,70,2,3,1,1,1,11,0,,,,,,,,13.34441
79,70,2,3,1,1,1,9,0,,,,,,,,13.34441
79,70,2,3,1,1,1,6,1,1,,,350,1,280,300,13.34441
79,70,2,3,1,1,1,10,0,,,,,,,,13.34441
79,70,2,3,1,1,1,13,0,,,,,,,,13.34441
79,70,2,3,1,1,1,8,0,,,,,,,,13.34441
79,70,2,3,1,1,1,4,1,3,,,125,0,,,13.34441
80,71,2,3,2,1,2,7,0,,,,,,,,104.835668449198
80,71,2,3,2,1,2,6,1,1,,,350,1,290,310,104.835668449198
80,71,2,3,2,1,2,10,0,,,,,,,,104.835668449198
80,71,2,3,2,1,2,9,0,,,,,,,,104.835668449198
80,71,2,3,2,1,2,8,0,,,,,,,,104.835668449198
80,71,2,3,2,1,2,2,0,,,,,,,,104.835668449198
80,71,2,3,2,1,2,5,1,1,,,100,0,,,104.835668449198
80,71,2,3,2,1,2,11,0,,,,,,,,104.835668449198
80,71,2,3,2,1,2,3,1,4,,,888,0,,,104.835668449198
80,71,2,3,2,1,2,1,0,,,,,,,,104.835668449198
80,71,2,3,2,1,2,12,0,,,,,,,,104.835668449198
80,71,2,3,2,1,2,13,0,,,,,,,,104.835668449198
80,71,2,3,2,1,2,4,0,,,,,,,,104.835668449198
81,72,2,3,2,1,1,8,0,,,,,,,,112.872822222222
81,72,2,3,2,1,1,9,0,,,,,,,,112.872822222222
81,72,2,3,2,1,1,6,0,,,,,,,,112.872822222222
81,72,2,3,2,1,1,2,0,,,,,,,,112.872822222222
81,72,2,3,2,1,1,1,0,,,,,,,,112.872822222222
81,72,2,3,2,1,1,10,0,,,,,,,,112.872822222222
81,72,2,3,2,1,1,12,1,555,0,14,0,0,,,112.872822222222
81,72,2,3,2,1,1,5,1,5,6,,600,1,500,600,112.872822222222
81,72,2,3,2,1,1,3,1,4,,,888,0,,,112.872822222222
81,72,2,3,2,1,1,11,0,,,,,,,,112.872822222222
81,72,2,3,2,1,1,4,1,3,,,215,0,,,112.872822222222
81,72,2,3,2,1,1,13,0,,,,,,,,112.872822222222
81,72,2,3,2,1,1,7,0,,,,,,,,112.872822222222
82,73,2,3,2,1,1,1,0,,,,,,,,198.80024
82,73,2,3,2,1,1,7,0,,,,,,,,198.80024
82,73,2,3,2,1,1,4,0,,,,,,,,198.80024
82,73,2,3,2,1,1,6,0,,,,,,,,198.80024
82,73,2,3,2,1,1,10,0,,,,,,,,198.80024
82,73,2,3,2,1,1,2,0,,,,,,,,198.80024
82,73,2,3,2,1,1,11,0,,,,,,,,198.80024
82,73,2,3,2,1,1,12,0,,,,,,,,198.80024
82,73,2,3,2,1,1,9,0,,,,,,,,198.80024
82,73,2,3,2,1,1,5,1,1,,,100,1,50,55,198.80024
82,73,2,3,2,1,1,3,1,4,,,888,0,,,198.80024
82,73,2,3,2,1,1,13,0,,,,,,,,198.80024
82,73,2,3,2,1,1,8,0,,,,,,,,198.80024
83,74,2,4,2,1,1,6,0,,,,,,,,283.146722891566
83,74,2,4,2,1,1,11,0,,,,,,,,283.146722891566
83,74,2,4,2,1,1,3,1,4,,,888,0,,,283.146722891566
83,74,2,4,2,1,1,13,0,,,,,,,,283.146722891566
83,74,2,4,2,1,1,12,1,5,888,,0,0,,,283.146722891566
83,74,2,4,2,1,1,2,0,,,,,,,,283.146722891566
83,74,2,4,2,1,1,10,0,,,,,,,,283.146722891566
83,74,2,4,2,1,1,8,0,,,,,,,,283.146722891566
83,74,2,4,2,1,1,1,0,,,,,,,,283.146722891566
83,74,2,4,2,1,1,5,1,5,6,,700,0,,,283.146722891566
83,74,2,4,2,1,1,9,0,,,,,,,,283.146722891566
83,74,2,4,2,1,1,7,0,,,,,,,,283.146722891566
83,74,2,4,2,1,1,4,0,,,,,,,,283.146722891566
84,75,2,4,2,1,1,12,0,,,,,,,,72.2506289308176
84,75,2,4,2,1,1,1,1,1,,,1500,1,1350,1500,72.2506289308176
84,75,2,4,2,1,1,8,0,,,,,,,,72.2506289308176
84,75,2,4,2,1,1,11,0,,,,,,,,72.2506289308176
84,75,2,4,2,1,1,6,1,8,34,,11000,1,10000,11000,72.2506289308176
84,75,2,4,2,1,1,13,0,,,,,,,,72.2506289308176
84,75,2,4,2,1,1,2,0,,,,,,,,72.2506289308176
84,75,2,4,2,1,1,4,0,,,,,,,,72.2506289308176
84,75,2,4,2,1,1,5,1,5,5,,500,1,450,480,72.2506289308176
84,75,2,4,2,1,1,9,0,,,,,,,,72.2506289308176
84,75,2,4,2,1,1,7,0,,,,,,,,72.2506289308176
84,75,2,4,2,1,1,3,1,4,,,888,0,,,72.2506289308176
84,75,2,4,2,1,1,10,0,,,,,,,,72.2506289308176
85,76,2,4,1,1,1,4,0,,,,,,,,18.0142465909091
85,76,2,4,1,1,1,5,0,,,,,,,,18.0142465909091
85,76,2,4,1,1,1,7,0,,,,,,,,18.0142465909091
85,76,2,4,1,1,1,1,1,1,,,1250,1,1000,1250,18.0142465909091
85,76,2,4,1,1,1,13,0,,,,,,,,18.0142465909091
85,76,2,4,1,1,1,3,1,4,,,888,0,,,18.0142465909091
85,76,2,4,1,1,1,2,0,,,,,,,,18.0142465909091
85,76,2,4,1,1,1,12,0,,,,,,,,18.0142465909091
85,76,2,4,1,1,1,10,0,,,,,,,,18.0142465909091
85,76,2,4,1,1,1,11,0,,,,,,,,18.0142465909091
85,76,2,4,1,1,1,9,0,,,,,,,,18.0142465909091
85,76,2,4,1,1,1,8,0,,,,,,,,18.0142465909091
85,76,2,4,1,1,1,6,1,7,1,,250,1,200,250,18.0142465909091
86,77,2,4,1,1,1,7,0,,,,,,,,18.0087829787234
86,77,2,4,1,1,1,6,1,7,1,,250,1,200,230,18.0087829787234
86,77,2,4,1,1,1,9,0,,,,,,,,18.0087829787234
86,77,2,4,1,1,1,13,0,,,,,,,,18.0087829787234
86,77,2,4,1,1,1,11,0,,,,,,,,18.0087829787234
86,77,2,4,1,1,1,1,1,1,,,1300,0,,,18.0087829787234
86,77,2,4,1,1,1,12,0,,,,,,,,18.0087829787234
86,77,2,4,1,1,1,4,0,,,,,,,,18.0087829787234
86,77,2,4,1,1,1,10,0,,,,,,,,18.0087829787234
86,77,2,4,1,1,1,3,1,4,,,888,0,,,18.0087829787234
86,77,2,4,1,1,1,5,0,,,,,,,,18.0087829787234
86,77,2,4,1,1,1,8,0,,,,,,,,18.0087829787234
86,77,2,4,1,1,1,2,0,,,,,,,,18.0087829787234
87,78,2,4,2,1,1,1,0,,,,,,,,102.260069686411
87,78,2,4,2,1,1,11,0,,,,,,,,102.260069686411
87,78,2,4,2,1,1,4,0,,,,,,,,102.260069686411
87,78,2,4,2,1,1,9,0,,,,,,,,102.260069686411
87,78,2,4,2,1,1,6,0,,,,,,,,102.260069686411
87,78,2,4,2,1,1,8,0,,,,,,,,102.260069686411
87,78,2,4,2,1,1,12,0,,,,,,,,102.260069686411
87,78,2,4,2,1,1,13,0,,,,,,,,102.260069686411
87,78,2,4,2,1,1,10,0,,,,,,,,102.260069686411
87,78,2,4,2,1,1,7,0,,,,,,,,102.260069686411
87,78,2,4,2,1,1,3,1,4,,,888,0,,,102.260069686411
87,78,2,4,2,1,1,5,1,5,8,,900,1,780,850,102.260069686411
87,78,2,4,2,1,1,2,0,,,,,,,,102.260069686411
88,79,2,4,1,1,1,8,0,,,,,,,,12.1381444776119
88,79,2,4,1,1,1,4,0,,,,,,,,12.1381444776119
88,79,2,4,1,1,1,3,1,4,,,888,0,,,12.1381444776119
88,79,2,4,1,1,1,1,1,1,,,1500,1,1300,1450,12.1381444776119
88,79,2,4,1,1,1,11,0,,,,,,,,12.1381444776119
88,79,2,4,1,1,1,12,0,,,,,,,,12.1381444776119
88,79,2,4,1,1,1,10,0,,,,,,,,12.1381444776119
88,79,2,4,1,1,1,2,0,,,,,,,,12.1381444776119
88,79,2,4,1,1,1,5,1,5,5,,700,0,,,12.1381444776119
88,79,2,4,1,1,1,7,0,,,,,,,,12.1381444776119
88,79,2,4,1,1,1,9,0,,,,,,,,12.1381444776119
88,79,2,4,1,1,1,6,1,7,1.5,,300,1,250,300,12.1381444776119
88,79,2,4,1,1,1,13,0,,,,,,,,12.1381444776119
89,80,2,4,1,1,1,13,0,,,,,,,,15.4509974137931
89,80,2,4,1,1,1,10,0,,,,,,,,15.4509974137931
89,80,2,4,1,1,1,12,0,,,,,,,,15.4509974137931
89,80,2,4,1,1,1,2,0,,,,,,,,15.4509974137931
89,80,2,4,1,1,1,11,0,,,,,,,,15.4509974137931
89,80,2,4,1,1,1,6,1,7,1,,250,1,200,230,15.4509974137931
89,80,2,4,1,1,1,3,1,4,,,888,0,,,15.4509974137931
89,80,2,4,1,1,1,5,1,5,7,,900,1,780,800,15.4509974137931
89,80,2,4,1,1,1,9,0,,,,,,,,15.4509974137931
89,80,2,4,1,1,1,7,0,,,,,,,,15.4509974137931
89,80,2,4,1,1,1,1,1,1,,,1500,0,,,15.4509974137931
89,80,2,4,1,1,1,4,0,,,,,,,,15.4509974137931
89,80,2,4,1,1,1,8,0,,,,,,,,15.4509974137931
90,81,2,5,2,1,1,5,1,5,7,,800,1,740,800,124.678725925926
90,81,2,5,2,1,1,13,0,,,,,,,,124.678725925926
90,81,2,5,2,1,1,11,0,,,,,,,,124.678725925926
90,81,2,5,2,1,1,7,0,,,,,,,,124.678725925926
90,81,2,5,2,1,1,2,0,,,,,,,,124.678725925926
90,81,2,5,2,1,1,10,0,,,,,,,,124.678725925926
90,81,2,5,2,1,1,1,0,,,,,,,,124.678725925926
90,81,2,5,2,1,1,3,1,4,,,888,0,,,124.678725925926
90,81,2,5,2,1,1,12,0,,,,,,,,124.678725925926
90,81,2,5,2,1,1,9,0,,,,,,,,124.678725925926
90,81,2,5,2,1,1,8,0,,,,,,,,124.678725925926
90,81,2,5,2,1,1,4,0,,,,,,,,124.678725925926
90,81,2,5,2,1,1,6,0,,,,,,,,124.678725925926
91,82,2,5,2,1,1,4,0,,,,,,,,5.83359555555556
91,82,2,5,2,1,1,3,1,4,,,888,0,,,5.83359555555556
91,82,2,5,2,1,1,5,1,5,8,,1000,0,,,5.83359555555556
91,82,2,5,2,1,1,9,0,,,,,,,,5.83359555555556
91,82,2,5,2,1,1,1,0,,,,,,,,5.83359555555556
91,82,2,5,2,1,1,2,0,,,,,,,,5.83359555555556
91,82,2,5,2,1,1,13,0,,,,,,,,5.83359555555556
91,82,2,5,2,1,1,12,0,,,,,,,,5.83359555555556
91,82,2,5,2,1,1,10,0,,,,,,,,5.83359555555556
91,82,2,5,2,1,1,8,0,,,,,,,,5.83359555555556
91,82,2,5,2,1,1,11,0,,,,,,,,5.83359555555556
91,82,2,5,2,1,1,6,1,7,1.5,,300,1,250,270,5.83359555555556
91,82,2,5,2,1,1,7,0,,,,,,,,5.83359555555556
92,83,2,5,1,1,1,13,0,,,,,,,,6.58144009096816
92,83,2,5,1,1,1,9,0,,,,,,,,6.58144009096816
92,83,2,5,1,1,1,1,1,1,,,1400,1,1300,1400,6.58144009096816
92,83,2,5,1,1,1,3,1,4,,,888,0,,,6.58144009096816
92,83,2,5,1,1,1,5,1,5,6,,700,0,,,6.58144009096816
92,83,2,5,1,1,1,12,0,,,,,,,,6.58144009096816
92,83,2,5,1,1,1,6,1,7,1.5,,350,1,300,350,6.58144009096816
92,83,2,5,1,1,1,4,0,,,,,,,,6.58144009096816
92,83,2,5,1,1,1,10,0,,,,,,,,6.58144009096816
92,83,2,5,1,1,1,8,0,,,,,,,,6.58144009096816
92,83,2,5,1,1,1,11,0,,,,,,,,6.58144009096816
92,83,2,5,1,1,1,2,0,,,,,,,,6.58144009096816
92,83,2,5,1,1,1,7,0,,,,,,,,6.58144009096816
93,84,2,5,2,1,1,2,0,,,,,,,,6.03000852631579
93,84,2,5,2,1,1,7,0,,,,,,,,6.03000852631579
93,84,2,5,2,1,1,12,0,,,,,,,,6.03000852631579
93,84,2,5,2,1,1,8,0,,,,,,,,6.03000852631579
93,84,2,5,2,1,1,10,0,,,,,,,,6.03000852631579
93,84,2,5,2,1,1,5,0,,,,,,,,6.03000852631579
93,84,2,5,2,1,1,1,1,1,,,1600,0,,,6.03000852631579
93,84,2,5,2,1,1,3,1,4,,,888,0,,,6.03000852631579
93,84,2,5,2,1,1,4,0,,,,,,,,6.03000852631579
93,84,2,5,2,1,1,6,1,7,1,,250,0,,,6.03000852631579
93,84,2,5,2,1,1,11,0,,,,,,,,6.03000852631579
93,84,2,5,2,1,1,13,0,,,,,,,,6.03000852631579
93,84,2,5,2,1,1,9,0,,,,,,,,6.03000852631579
94,85,2,5,2,1,1,2,0,,,,,,,,5.1029127090301
94,85,2,5,2,1,1,8,0,,,,,,,,5.1029127090301
94,85,2,5,2,1,1,9,0,,,,,,,,5.1029127090301
94,85,2,5,2,1,1,7,0,,,,,,,,5.1029127090301
94,85,2,5,2,1,1,10,0,,,,,,,,5.1029127090301
94,85,2,5,2,1,1,5,1,5,6,,700,0,,,5.1029127090301
94,85,2,5,2,1,1,1,0,,,,,,,,5.1029127090301
94,85,2,5,2,1,1,3,1,4,,,888,0,,,5.1029127090301
94,85,2,5,2,1,1,4,0,,,,,,,,5.1029127090301
94,85,2,5,2,1,1,11,0,,,,,,,,5.1029127090301
94,85,2,5,2,1,1,6,0,,,,,,,,5.1029127090301
94,85,2,5,2,1,1,13,0,,,,,,,,5.1029127090301
94,85,2,5,2,1,1,12,0,,,,,,,,5.1029127090301
95,86,2,5,2,1,1,10,0,,,,,,,,8.59660148148148
95,86,2,5,2,1,1,6,0,,,,,,,,8.59660148148148
95,86,2,5,2,1,1,1,0,,,,,,,,8.59660148148148
95,86,2,5,2,1,1,4,0,,,,,,,,8.59660148148148
95,86,2,5,2,1,1,11,0,,,,,,,,8.59660148148148
95,86,2,5,2,1,1,2,0,,,,,,,,8.59660148148148
95,86,2,5,2,1,1,5,1,5,7,,800,0,,,8.59660148148148
95,86,2,5,2,1,1,3,1,4,,,888,0,,,8.59660148148148
95,86,2,5,2,1,1,12,0,,,,,,,,8.59660148148148
95,86,2,5,2,1,1,7,0,,,,,,,,8.59660148148148
95,86,2,5,2,1,1,13,0,,,,,,,,8.59660148148148
95,86,2,5,2,1,1,8,0,,,,,,,,8.59660148148148
95,86,2,5,2,1,1,9,0,,,,,,,,8.59660148148148
96,87,2,5,2,1,1,7,0,,,,,,,,5.64209608695652
96,87,2,5,2,1,1,13,0,,,,,,,,5.64209608695652
96,87,2,5,2,1,1,10,0,,,,,,,,5.64209608695652
96,87,2,5,2,1,1,12,0,,,,,,,,5.64209608695652
96,87,2,5,2,1,1,2,0,,,,,,,,5.64209608695652
96,87,2,5,2,1,1,8,0,,,,,,,,5.64209608695652
96,87,2,5,2,1,1,4,0,,,,,,,,5.64209608695652
96,87,2,5,2,1,1,5,1,5,7,,700,0,,,5.64209608695652
96,87,2,5,2,1,1,3,1,4,,,888,0,,,5.64209608695652
96,87,2,5,2,1,1,9,0,,,,,,,,5.64209608695652
96,87,2,5,2,1,1,11,0,,,,,,,,5.64209608695652
96,87,2,5,2,1,1,1,0,,,,,,,,5.64209608695652
96,87,2,5,2,1,1,6,1,7,1.5,,300,0,,,5.64209608695652
97,88,2,5,2,1,1,13,0,,,,,,,,4.88795216326531
97,88,2,5,2,1,1,8,0,,,,,,,,4.88795216326531
97,88,2,5,2,1,1,10,0,,,,,,,,4.88795216326531
97,88,2,5,2,1,1,1,0,,,,,,,,4.88795216326531
97,88,2,5,2,1,1,9,0,,,,,,,,4.88795216326531
97,88,2,5,2,1,1,4,0,,,,,,,,4.88795216326531
97,88,2,5,2,1,1,3,1,4,,,888,0,,,4.88795216326531
97,88,2,5,2,1,1,6,0,,,,,,,,4.88795216326531
97,88,2,5,2,1,1,2,0,,,,,,,,4.88795216326531
97,88,2,5,2,1,1,5,1,5,7,,800,0,,,4.88795216326531
97,88,2,5,2,1,1,11,0,,,,,,,,4.88795216326531
97,88,2,5,2,1,1,7,0,,,,,,,,4.88795216326531
97,88,2,5,2,1,1,12,0,,,,,,,,4.88795216326531
98,89,2,5,2,1,1,5,1,5,5,,700,0,,,7.90328774193548
98,89,2,5,2,1,1,4,0,,,,,,,,7.90328774193548
98,89,2,5,2,1,1,12,0,,,,,,,,7.90328774193548
98,89,2,5,2,1,1,6,0,,,,,,,,7.90328774193548
98,89,2,5,2,1,1,8,0,,,,,,,,7.90328774193548
98,89,2,5,2,1,1,9,0,,,,,,,,7.90328774193548
98,89,2,5,2,1,1,10,0,,,,,,,,7.90328774193548
98,89,2,5,2,1,1,1,0,,,,,,,,7.90328774193548
98,89,2,5,2,1,1,13,0,,,,,,,,7.90328774193548
98,89,2,5,2,1,1,2,0,,,,,,,,7.90328774193548
98,89,2,5,2,1,1,11,0,,,,,,,,7.90328774193548
98,89,2,5,2,1,1,3,1,4,,,888,0,,,7.90328774193548
98,89,2,5,2,1,1,7,0,,,,,,,,7.90328774193548
99,90,2,5,2,1,1,6,0,,,,,,,,134.667481889764
99,90,2,5,2,1,1,8,0,,,,,,,,134.667481889764
99,90,2,5,2,1,1,9,0,,,,,,,,134.667481889764
99,90,2,5,2,1,1,11,0,,,,,,,,134.667481889764
99,90,2,5,2,1,1,12,0,,,,,,,,134.667481889764
99,90,2,5,2,1,1,1,0,,,,,,,,134.667481889764
99,90,2,5,2,1,1,3,1,4,,,888,0,,,134.667481889764
99,90,2,5,2,1,1,5,1,5,7,,800,0,,,134.667481889764
99,90,2,5,2,1,1,2,0,,,,,,,,134.667481889764
99,90,2,5,2,1,1,7,0,,,,,,,,134.667481889764
99,90,2,5,2,1,1,10,0,,,,,,,,134.667481889764
99,90,2,5,2,1,1,4,0,,,,,,,,134.667481889764
99,90,2,5,2,1,1,13,0,,,,,,,,134.667481889764
100,91,2,5,2,1,1,2,0,,,,,,,,179.081928947368
100,91,2,5,2,1,1,10,0,,,,,,,,179.081928947368
100,91,2,5,2,1,1,7,0,,,,,,,,179.081928947368
100,91,2,5,2,1,1,9,0,,,,,,,,179.081928947368
100,91,2,5,2,1,1,5,1,5,7,,800,0,,,179.081928947368
100,91,2,5,2,1,1,1,0,,,,,,,,179.081928947368
100,91,2,5,2,1,1,3,1,4,,,888,0,,,179.081928947368
100,91,2,5,2,1,1,12,0,,,,,,,,179.081928947368
100,91,2,5,2,1,1,11,0,,,,,,,,179.081928947368
100,91,2,5,2,1,1,13,0,,,,,,,,179.081928947368
100,91,2,5,2,1,1,4,0,,,,,,,,179.081928947368
100,91,2,5,2,1,1,6,1,8,34,,8000,0,,,179.081928947368
100,91,2,5,2,1,1,8,0,,,,,,,,179.081928947368
101,92,2,5,2,1,1,12,0,,,,,,,,11.0025058064516
101,92,2,5,2,1,1,1,0,,,,,,,,11.0025058064516
101,92,2,5,2,1,1,8,0,,,,,,,,11.0025058064516
101,92,2,5,2,1,1,13,0,,,,,,,,11.0025058064516
101,92,2,5,2,1,1,3,1,4,,,888,0,,,11.0025058064516
101,92,2,5,2,1,1,11,0,,,,,,,,11.0025058064516
101,92,2,5,2,1,1,5,1,5,5,,600,0,,,11.0025058064516
101,92,2,5,2,1,1,2,0,,,,,,,,11.0025058064516
101,92,2,5,2,1,1,6,0,,,,,,,,11.0025058064516
101,92,2,5,2,1,1,9,0,,,,,,,,11.0025058064516
101,92,2,5,2,1,1,7,0,,,,,,,,11.0025058064516
101,92,2,5,2,1,1,10,0,,,,,,,,11.0025058064516
101,92,2,5,2,1,1,4,0,,,,,,,,11.0025058064516
102,93,2,5,1,1,1,12,0,,,,,,,,6.93965068493151
102,93,2,5,1,1,1,13,0,,,,,,,,6.93965068493151
102,93,2,5,1,1,1,9,0,,,,,,,,6.93965068493151
102,93,2,5,1,1,1,10,0,,,,,,,,6.93965068493151
102,93,2,5,1,1,1,5,1,5,6,,600,0,,,6.93965068493151
102,93,2,5,1,1,1,1,0,,,,,,,,6.93965068493151
102,93,2,5,1,1,1,8,0,,,,,,,,6.93965068493151
102,93,2,5,1,1,1,11,0,,,,,,,,6.93965068493151
102,93,2,5,1,1,1,4,0,,,,,,,,6.93965068493151
102,93,2,5,1,1,1,7,0,,,,,,,,6.93965068493151
102,93,2,5,1,1,1,2,0,,,,,,,,6.93965068493151
102,93,2,5,1,1,1,6,1,8,888,,10000,0,,,6.93965068493151
102,93,2,5,1,1,1,3,1,4,,,888,0,,,6.93965068493151
103,94,2,5,2,1,1,11,0,,,,,,,,7.06769470588235
103,94,2,5,2,1,1,9,0,,,,,,,,7.06769470588235
103,94,2,5,2,1,1,13,0,,,,,,,,7.06769470588235
103,94,2,5,2,1,1,6,0,,,,,,,,7.06769470588235
103,94,2,5,2,1,1,12,0,,,,,,,,7.06769470588235
103,94,2,5,2,1,1,1,0,,,,,,,,7.06769470588235
103,94,2,5,2,1,1,3,1,4,,,888,0,,,7.06769470588235
103,94,2,5,2,1,1,7,0,,,,,,,,7.06769470588235
103,94,2,5,2,1,1,10,0,,,,,,,,7.06769470588235
103,94,2,5,2,1,1,5,1,5,5,,600,0,,,7.06769470588235
103,94,2,5,2,1,1,4,0,,,,,,,,7.06769470588235
103,94,2,5,2,1,1,8,0,,,,,,,,7.06769470588235
103,94,2,5,2,1,1,2,0,,,,,,,,7.06769470588235
104,95,2,5,2,1,1,5,1,5,7,,900,1,770,800,11.688666
104,95,2,5,2,1,1,1,0,,,,,,,,11.688666
104,95,2,5,2,1,1,6,0,,,,,,,,11.688666
104,95,2,5,2,1,1,13,0,,,,,,,,11.688666
104,95,2,5,2,1,1,10,0,,,,,,,,11.688666
104,95,2,5,2,1,1,9,0,,,,,,,,11.688666
104,95,2,5,2,1,1,12,0,,,,,,,,11.688666
104,95,2,5,2,1,1,8,0,,,,,,,,11.688666
104,95,2,5,2,1,1,2,0,,,,,,,,11.688666
104,95,2,5,2,1,1,7,0,,,,,,,,11.688666
104,95,2,5,2,1,1,4,0,,,,,,,,11.688666
104,95,2,5,2,1,1,3,1,4,,,888,0,,,11.688666
104,95,2,5,2,1,1,11,0,,,,,,,,11.688666
105,96,2,5,2,1,1,6,0,,,,,,,,7.49371745454545
105,96,2,5,2,1,1,5,1,5,6,,700,0,,,7.49371745454545
105,96,2,5,2,1,1,3,1,4,,,888,0,,,7.49371745454545
105,96,2,5,2,1,1,10,0,,,,,,,,7.49371745454545
105,96,2,5,2,1,1,9,0,,,,,,,,7.49371745454545
105,96,2,5,2,1,1,13,0,,,,,,,,7.49371745454545
105,96,2,5,2,1,1,2,0,,,,,,,,7.49371745454545
105,96,2,5,2,1,1,12,0,,,,,,,,7.49371745454545
105,96,2,5,2,1,1,8,0,,,,,,,,7.49371745454545
105,96,2,5,2,1,1,7,0,,,,,,,,7.49371745454545
105,96,2,5,2,1,1,1,0,,,,,,,,7.49371745454545
105,96,2,5,2,1,1,11,0,,,,,,,,7.49371745454545
105,96,2,5,2,1,1,4,0,,,,,,,,7.49371745454545
114,97,2,6,2,1,1,4,0,,,,,,,,109.48854
114,97,2,6,2,1,1,2,0,,,,,,,,109.48854
114,97,2,6,2,1,1,7,0,,,,,,,,109.48854
114,97,2,6,2,1,1,5,1,5,5,,600,1,500,580,109.48854
114,97,2,6,2,1,1,6,0,,,,,,,,109.48854
114,97,2,6,2,1,1,12,0,,,,,,,,109.48854
114,97,2,6,2,1,1,9,0,,,,,,,,109.48854
114,97,2,6,2,1,1,3,1,4,,,888,0,,,109.48854
114,97,2,6,2,1,1,10,0,,,,,,,,109.48854
114,97,2,6,2,1,1,11,0,,,,,,,,109.48854
114,97,2,6,2,1,1,13,0,,,,,,,,109.48854
114,97,2,6,2,1,1,8,0,,,,,,,,109.48854
114,97,2,6,2,1,1,1,0,,,,,,,,109.48854
115,98,2,6,1,1,1,8,0,,,,,,,,6.9631550877193
115,98,2,6,1,1,1,1,1,1,,,1300,0,,,6.9631550877193
115,98,2,6,1,1,1,6,1,8,35,,8000,0,,,6.9631550877193
115,98,2,6,1,1,1,9,0,,,,,,,,6.9631550877193
115,98,2,6,1,1,1,3,1,4,,,888,0,,,6.9631550877193
115,98,2,6,1,1,1,12,0,,,,,,,,6.9631550877193
115,98,2,6,1,1,1,13,0,,,,,,,,6.9631550877193
115,98,2,6,1,1,1,7,0,,,,,,,,6.9631550877193
115,98,2,6,1,1,1,10,0,,,,,,,,6.9631550877193
115,98,2,6,1,1,1,2,0,,,,,,,,6.9631550877193
115,98,2,6,1,1,1,4,0,,,,,,,,6.9631550877193
115,98,2,6,1,1,1,11,0,,,,,,,,6.9631550877193
115,98,2,6,1,1,1,5,1,5,6,,700,0,,,6.9631550877193
116,99,2,6,2,1,1,8,0,,,,,,,,138.22532038835
116,99,2,6,2,1,1,13,0,,,,,,,,138.22532038835
116,99,2,6,2,1,1,11,0,,,,,,,,138.22532038835
116,99,2,6,2,1,1,2,0,,,,,,,,138.22532038835
116,99,2,6,2,1,1,7,0,,,,,,,,138.22532038835
116,99,2,6,2,1,1,6,0,,,,,,,,138.22532038835
116,99,2,6,2,1,1,10,0,,,,,,,,138.22532038835
116,99,2,6,2,1,1,5,1,5,7,,800,1,750,780,138.22532038835
116,99,2,6,2,1,1,1,0,,,,,,,,138.22532038835
116,99,2,6,2,1,1,4,0,,,,,,,,138.22532038835
116,99,2,6,2,1,1,9,0,,,,,,,,138.22532038835
116,99,2,6,2,1,1,12,1,5,888,,0,0,,,138.22532038835
116,99,2,6,2,1,1,3,1,4,,,888,0,,,138.22532038835
117,100,2,6,2,1,1,8,0,,,,,,,,121.078246153846
117,100,2,6,2,1,1,9,0,,,,,,,,121.078246153846
117,100,2,6,2,1,1,1,0,,,,,,,,121.078246153846
117,100,2,6,2,1,1,13,0,,,,,,,,121.078246153846
117,100,2,6,2,1,1,2,0,,,,,,,,121.078246153846
117,100,2,6,2,1,1,3,1,4,,,888,0,,,121.078246153846
117,100,2,6,2,1,1,12,1,5,888,,0,0,,,121.078246153846
117,100,2,6,2,1,1,11,0,,,,,,,,121.078246153846
117,100,2,6,2,1,1,5,1,5,7,,800,1,750,800,121.078246153846
117,100,2,6,2,1,1,7,0,,,,,,,,121.078246153846
117,100,2,6,2,1,1,6,1,1,,,250,0,,,121.078246153846
117,100,2,6,2,1,1,10,0,,,,,,,,121.078246153846
117,100,2,6,2,1,1,4,0,,,,,,,,121.078246153846
118,101,2,6,2,1,2,7,0,,,,,,,,164.318615384615
118,101,2,6,2,1,2,9,0,,,,,,,,164.318615384615
118,101,2,6,2,1,2,12,1,5,888,,0,0,,,164.318615384615
118,101,2,6,2,1,2,6,0,,,,,,,,164.318615384615
118,101,2,6,2,1,2,10,0,,,,,,,,164.318615384615
118,101,2,6,2,1,2,8,0,,,,,,,,164.318615384615
118,101,2,6,2,1,2,13,0,,,,,,,,164.318615384615
118,101,2,6,2,1,2,5,1,555,0,5,0,0,,,164.318615384615
118,101,2,6,2,1,2,11,0,,,,,,,,164.318615384615
118,101,2,6,2,1,2,1,0,,,,,,,,164.318615384615
118,101,2,6,2,1,2,2,0,,,,,,,,164.318615384615
118,101,2,6,2,1,2,4,0,,,,,,,,164.318615384615
118,101,2,6,2,1,2,3,1,4,,,888,0,,,164.318615384615
119,102,2,6,1,1,1,9,0,,,,,,,,26.6755114503817
119,102,2,6,1,1,1,3,1,4,,,888,0,,,26.6755114503817
119,102,2,6,1,1,1,8,0,,,,,,,,26.6755114503817
119,102,2,6,1,1,1,4,0,,,,,,,,26.6755114503817
119,102,2,6,1,1,1,5,1,5,8,,1000,1,900,950,26.6755114503817
119,102,2,6,1,1,1,1,0,,,,,,,,26.6755114503817
119,102,2,6,1,1,1,11,0,,,,,,,,26.6755114503817
119,102,2,6,1,1,1,2,0,,,,,,,,26.6755114503817
119,102,2,6,1,1,1,10,0,,,,,,,,26.6755114503817
119,102,2,6,1,1,1,12,0,,,,,,,,26.6755114503817
119,102,2,6,1,1,1,6,1,8,35,,9000,1,8000,9000,26.6755114503817
119,102,2,6,1,1,1,7,0,,,,,,,,26.6755114503817
119,102,2,6,1,1,1,13,0,,,,,,,,26.6755114503817
120,103,2,7,1,1,1,7,0,,,,,,,,10.14123
120,103,2,7,1,1,1,12,1,5,888,,0,0,,,10.14123
120,103,2,7,1,1,1,3,1,4,,,888,0,,,10.14123
120,103,2,7,1,1,1,2,0,,,,,,,,10.14123
120,103,2,7,1,1,1,9,0,,,,,,,,10.14123
120,103,2,7,1,1,1,1,1,1,,,1666,0,,,10.14123
120,103,2,7,1,1,1,13,0,,,,,,,,10.14123
120,103,2,7,1,1,1,10,0,,,,,,,,10.14123
120,103,2,7,1,1,1,5,0,,,,,,,,10.14123
120,103,2,7,1,1,1,11,0,,,,,,,,10.14123
120,103,2,7,1,1,1,8,0,,,,,,,,10.14123
120,103,2,7,1,1,1,6,1,7,1.5,,300,1,250,300,10.14123
120,103,2,7,1,1,1,4,0,,,,,,,,10.14123
121,104,2,7,2,1,1,4,0,,,,,,,,90.2549166666667
121,104,2,7,2,1,1,3,1,4,,,888,0,,,90.2549166666667
121,104,2,7,2,1,1,13,0,,,,,,,,90.2549166666667
121,104,2,7,2,1,1,6,0,,,,,,,,90.2549166666667
121,104,2,7,2,1,1,5,1,5,6,,800,0,,,90.2549166666667
121,104,2,7,2,1,1,8,0,,,,,,,,90.2549166666667
121,104,2,7,2,1,1,2,0,,,,,,,,90.2549166666667
121,104,2,7,2,1,1,12,0,,,,,,,,90.2549166666667
121,104,2,7,2,1,1,10,0,,,,,,,,90.2549166666667
121,104,2,7,2,1,1,1,0,,,,,,,,90.2549166666667
121,104,2,7,2,1,1,11,0,,,,,,,,90.2549166666667
121,104,2,7,2,1,1,7,0,,,,,,,,90.2549166666667
121,104,2,7,2,1,1,9,0,,,,,,,,90.2549166666667
122,105,2,7,2,1,1,7,0,,,,,,,,53.5930577507599
122,105,2,7,2,1,1,12,1,5,888,,0,0,,,53.5930577507599
122,105,2,7,2,1,1,3,1,4,,,888,0,,,53.5930577507599
122,105,2,7,2,1,1,6,1,1,,,300,1,200,250,53.5930577507599
122,105,2,7,2,1,1,5,1,5,7,,800,0,,,53.5930577507599
122,105,2,7,2,1,1,4,0,,,,,,,,53.5930577507599
122,105,2,7,2,1,1,2,0,,,,,,,,53.5930577507599
122,105,2,7,2,1,1,13,0,,,,,,,,53.5930577507599
122,105,2,7,2,1,1,8,0,,,,,,,,53.5930577507599
122,105,2,7,2,1,1,11,0,,,,,,,,53.5930577507599
122,105,2,7,2,1,1,9,0,,,,,,,,53.5930577507599
122,105,2,7,2,1,1,1,0,,,,,,,,53.5930577507599
122,105,2,7,2,1,1,10,0,,,,,,,,53.5930577507599
123,106,2,7,1,1,1,13,0,,,,,,,,6.04231948051948
123,106,2,7,1,1,1,2,0,,,,,,,,6.04231948051948
123,106,2,7,1,1,1,10,0,,,,,,,,6.04231948051948
123,106,2,7,1,1,1,11,0,,,,,,,,6.04231948051948
123,106,2,7,1,1,1,6,1,7,1,,250,1,200,250,6.04231948051948
123,106,2,7,1,1,1,5,1,555,0,10,0,0,,,6.04231948051948
123,106,2,7,1,1,1,12,0,,,,,,,,6.04231948051948
123,106,2,7,1,1,1,9,0,,,,,,,,6.04231948051948
123,106,2,7,1,1,1,4,1,3,,,212,0,,,6.04231948051948
123,106,2,7,1,1,1,7,0,,,,,,,,6.04231948051948
123,106,2,7,1,1,1,3,1,4,,,888,0,,,6.04231948051948
123,106,2,7,1,1,1,8,0,,,,,,,,6.04231948051948
123,106,2,7,1,1,1,1,1,1,,,1500,1,1350,1400,6.04231948051948
124,107,2,7,1,1,1,6,1,7,1,,300,0,,,7.471653
124,107,2,7,1,1,1,1,1,1,,,1666,0,,,7.471653
124,107,2,7,1,1,1,7,0,,,,,,,,7.471653
124,107,2,7,1,1,1,9,0,,,,,,,,7.471653
124,107,2,7,1,1,1,11,0,,,,,,,,7.471653
124,107,2,7,1,1,1,13,0,,,,,,,,7.471653
124,107,2,7,1,1,1,12,0,,,,,,,,7.471653
124,107,2,7,1,1,1,5,1,5,7,,800,0,,,7.471653
124,107,2,7,1,1,1,10,0,,,,,,,,7.471653
124,107,2,7,1,1,1,8,0,,,,,,,,7.471653
124,107,2,7,1,1,1,4,0,,,,,,,,7.471653
124,107,2,7,1,1,1,3,1,4,,,888,0,,,7.471653
124,107,2,7,1,1,1,2,0,,,,,,,,7.471653
125,108,2,7,2,1,1,3,1,4,,,888,0,,,100.539116883117
125,108,2,7,2,1,1,1,0,,,,,,,,100.539116883117
125,108,2,7,2,1,1,6,0,,,,,,,,100.539116883117
125,108,2,7,2,1,1,13,0,,,,,,,,100.539116883117
125,108,2,7,2,1,1,11,0,,,,,,,,100.539116883117
125,108,2,7,2,1,1,8,0,,,,,,,,100.539116883117
125,108,2,7,2,1,1,10,0,,,,,,,,100.539116883117
125,108,2,7,2,1,1,7,0,,,,,,,,100.539116883117
125,108,2,7,2,1,1,5,1,5,7,,900,1,770,850,100.539116883117
125,108,2,7,2,1,1,12,0,,,,,,,,100.539116883117
125,108,2,7,2,1,1,2,0,,,,,,,,100.539116883117
125,108,2,7,2,1,1,9,0,,,,,,,,100.539116883117
125,108,2,7,2,1,1,4,0,,,,,,,,100.539116883117
126,109,2,7,1,1,1,7,1,2,,,1120,0,,,16.0080777777778
126,109,2,7,1,1,1,9,0,,,,,,,,16.0080777777778
126,109,2,7,1,1,1,3,1,4,,,888,0,,,16.0080777777778
126,109,2,7,1,1,1,11,0,,,,,,,,16.0080777777778
126,109,2,7,1,1,1,12,0,,,,,,,,16.0080777777778
126,109,2,7,1,1,1,4,0,,,,,,,,16.0080777777778
126,109,2,7,1,1,1,2,0,,,,,,,,16.0080777777778
126,109,2,7,1,1,1,6,1,8,33,,10000,0,,,16.0080777777778
126,109,2,7,1,1,1,5,1,5,7,,800,0,,,16.0080777777778
126,109,2,7,1,1,1,13,0,,,,,,,,16.0080777777778
126,109,2,7,1,1,1,10,0,,,,,,,,16.0080777777778
126,109,2,7,1,1,1,8,0,,,,,,,,16.0080777777778
126,109,2,7,1,1,1,1,1,1,,,1400,0,,,16.0080777777778
127,110,2,8,2,1,1,13,0,,,,,,,,60.01412
127,110,2,8,2,1,1,9,0,,,,,,,,60.01412
127,110,2,8,2,1,1,2,0,,,,,,,,60.01412
127,110,2,8,2,1,1,12,1,5,888,,0,0,,,60.01412
127,110,2,8,2,1,1,3,1,4,,,888,0,,,60.01412
127,110,2,8,2,1,1,11,0,,,,,,,,60.01412
127,110,2,8,2,1,1,10,0,,,,,,,,60.01412
127,110,2,8,2,1,1,8,0,,,,,,,,60.01412
127,110,2,8,2,1,1,7,0,,,,,,,,60.01412
127,110,2,8,2,1,1,1,1,1,,,1200,1,1000,1300,60.01412
127,110,2,8,2,1,1,5,1,5,7,,800,1,720,780,60.01412
127,110,2,8,2,1,1,6,1,7,1.5,,350,1,300,350,60.01412
127,110,2,8,2,1,1,4,1,3,,,214,0,,,60.01412
128,111,2,8,1,1,1,3,1,4,,,888,0,,,4.83481479713604
128,111,2,8,1,1,1,11,0,,,,,,,,4.83481479713604
128,111,2,8,1,1,1,9,0,,,,,,,,4.83481479713604
128,111,2,8,1,1,1,2,0,,,,,,,,4.83481479713604
128,111,2,8,1,1,1,6,1,7,1,,250,0,,,4.83481479713604
128,111,2,8,1,1,1,13,0,,,,,,,,4.83481479713604
128,111,2,8,1,1,1,10,0,,,,,,,,4.83481479713604
128,111,2,8,1,1,1,4,0,,,,,,,,4.83481479713604
128,111,2,8,1,1,1,12,1,5,888,,0,0,,,4.83481479713604
128,111,2,8,1,1,1,5,1,5,5,,500,0,,,4.83481479713604
128,111,2,8,1,1,1,8,0,,,,,,,,4.83481479713604
128,111,2,8,1,1,1,7,1,2,,,1500,1,1200,1300,4.83481479713604
128,111,2,8,1,1,1,1,1,1,,,1350,0,,,4.83481479713604
129,112,2,8,2,1,2,13,0,,,,,,,,72.9900818181818
129,112,2,8,2,1,2,4,0,,,,,,,,72.9900818181818
129,112,2,8,2,1,2,5,1,5,8,,900,1,770,850,72.9900818181818
129,112,2,8,2,1,2,3,1,4,,,888,0,,,72.9900818181818
129,112,2,8,2,1,2,10,0,,,,,,,,72.9900818181818
129,112,2,8,2,1,2,1,0,,,,,,,,72.9900818181818
129,112,2,8,2,1,2,9,0,,,,,,,,72.9900818181818
129,112,2,8,2,1,2,8,0,,,,,,,,72.9900818181818
129,112,2,8,2,1,2,12,1,5,888,,0,0,,,72.9900818181818
129,112,2,8,2,1,2,7,0,,,,,,,,72.9900818181818
129,112,2,8,2,1,2,11,0,,,,,,,,72.9900818181818
129,112,2,8,2,1,2,6,0,,,,,,,,72.9900818181818
129,112,2,8,2,1,2,2,0,,,,,,,,72.9900818181818
130,113,2,8,1,1,1,4,0,,,,,,,,9.81552
130,113,2,8,1,1,1,11,0,,,,,,,,9.81552
130,113,2,8,1,1,1,8,0,,,,,,,,9.81552
130,113,2,8,1,1,1,6,1,8,35,,10000,1,9000,9500,9.81552
130,113,2,8,1,1,1,7,0,,,,,,,,9.81552
130,113,2,8,1,1,1,1,0,,,,,,,,9.81552
130,113,2,8,1,1,1,10,0,,,,,,,,9.81552
130,113,2,8,1,1,1,12,0,,,,,,,,9.81552
130,113,2,8,1,1,1,5,1,5,5,,500,1,400,480,9.81552
130,113,2,8,1,1,1,13,0,,,,,,,,9.81552
130,113,2,8,1,1,1,3,1,4,,,888,0,,,9.81552
130,113,2,8,1,1,1,9,0,,,,,,,,9.81552
130,113,2,8,1,1,1,2,0,,,,,,,,9.81552
131,114,2,8,2,1,1,5,1,5,6,,700,1,580,650,82.8797946428571
131,114,2,8,2,1,1,2,0,,,,,,,,82.8797946428571
131,114,2,8,2,1,1,11,0,,,,,,,,82.8797946428571
131,114,2,8,2,1,1,12,0,,,,,,,,82.8797946428571
131,114,2,8,2,1,1,13,0,,,,,,,,82.8797946428571
131,114,2,8,2,1,1,1,0,,,,,,,,82.8797946428571
131,114,2,8,2,1,1,7,0,,,,,,,,82.8797946428571
131,114,2,8,2,1,1,10,0,,,,,,,,82.8797946428571
131,114,2,8,2,1,1,6,0,,,,,,,,82.8797946428571
131,114,2,8,2,1,1,9,0,,,,,,,,82.8797946428571
131,114,2,8,2,1,1,8,0,,,,,,,,82.8797946428571
131,114,2,8,2,1,1,4,0,,,,,,,,82.8797946428571
131,114,2,8,2,1,1,3,1,4,,,888,0,,,82.8797946428571
132,115,2,8,2,1,1,1,0,,,,,,,,95.6783076923077
132,115,2,8,2,1,1,5,1,5,7,,800,1,750,800,95.6783076923077
132,115,2,8,2,1,1,4,0,,,,,,,,95.6783076923077
132,115,2,8,2,1,1,7,0,,,,,,,,95.6783076923077
132,115,2,8,2,1,1,12,1,5,888,,0,0,,,95.6783076923077
132,115,2,8,2,1,1,2,0,,,,,,,,95.6783076923077
132,115,2,8,2,1,1,8,0,,,,,,,,95.6783076923077
132,115,2,8,2,1,1,3,1,4,,,888,0,,,95.6783076923077
132,115,2,8,2,1,1,11,0,,,,,,,,95.6783076923077
132,115,2,8,2,1,1,13,0,,,,,,,,95.6783076923077
132,115,2,8,2,1,1,10,0,,,,,,,,95.6783076923077
132,115,2,8,2,1,1,9,0,,,,,,,,95.6783076923077
132,115,2,8,2,1,1,6,1,7,1.5,,300,1,250,300,95.6783076923077
133,116,2,8,1,1,1,10,0,,,,,,,,9.9624364640884
133,116,2,8,1,1,1,13,0,,,,,,,,9.9624364640884
133,116,2,8,1,1,1,3,1,4,,,888,0,,,9.9624364640884
133,116,2,8,1,1,1,9,0,,,,,,,,9.9624364640884
133,116,2,8,1,1,1,1,1,1,,,1300,1,1275,1400,9.9624364640884
133,116,2,8,1,1,1,5,1,5,7,,800,1,750,780,9.9624364640884
133,116,2,8,1,1,1,6,1,1,,,250,0,,,9.9624364640884
133,116,2,8,1,1,1,11,0,,,,,,,,9.9624364640884
133,116,2,8,1,1,1,8,0,,,,,,,,9.9624364640884
133,116,2,8,1,1,1,12,0,,,,,,,,9.9624364640884
133,116,2,8,1,1,1,2,0,,,,,,,,9.9624364640884
133,116,2,8,1,1,1,7,0,,,,,,,,9.9624364640884
133,116,2,8,1,1,1,4,0,,,,,,,,9.9624364640884
134,117,2,8,1,1,1,5,1,555,0,10,0,0,,,5.43553831877729
134,117,2,8,1,1,1,4,0,,,,,,,,5.43553831877729
134,117,2,8,1,1,1,9,0,,,,,,,,5.43553831877729
134,117,2,8,1,1,1,11,0,,,,,,,,5.43553831877729
134,117,2,8,1,1,1,2,0,,,,,,,,5.43553831877729
134,117,2,8,1,1,1,7,0,,,,,,,,5.43553831877729
134,117,2,8,1,1,1,8,0,,,,,,,,5.43553831877729
134,117,2,8,1,1,1,13,0,,,,,,,,5.43553831877729
134,117,2,8,1,1,1,12,0,,,,,,,,5.43553831877729
134,117,2,8,1,1,1,3,1,4,,,888,0,,,5.43553831877729
134,117,2,8,1,1,1,1,1,1,,,1250,1,1100,1300,5.43553831877729
134,117,2,8,1,1,1,10,0,,,,,,,,5.43553831877729
134,117,2,8,1,1,1,6,1,8,34,,10000,1,8000,9000,5.43553831877729
135,118,3,1,2,1,1,12,0,,,,,,,,9.30926727272727
135,118,3,1,2,1,1,4,0,,,,,,,,9.30926727272727
135,118,3,1,2,1,1,11,0,,,,,,,,9.30926727272727
135,118,3,1,2,1,1,7,0,,,,,,,,9.30926727272727
135,118,3,1,2,1,1,13,0,,,,,,,,9.30926727272727
135,118,3,1,2,1,1,8,0,,,,,,,,9.30926727272727
135,118,3,1,2,1,1,1,0,,,,,,,,9.30926727272727
135,118,3,1,2,1,1,3,1,4,,,888,0,,,9.30926727272727
135,118,3,1,2,1,1,5,1,555,0,8,0,0,,,9.30926727272727
135,118,3,1,2,1,1,10,0,,,,,,,,9.30926727272727
135,118,3,1,2,1,1,6,1,1,,,250,1,200,220,9.30926727272727
135,118,3,1,2,1,1,2,0,,,,,,,,9.30926727272727
135,118,3,1,2,1,1,9,0,,,,,,,,9.30926727272727
136,119,3,1,2,1,1,8,0,,,,,,,,8.84043631578947
136,119,3,1,2,1,1,11,0,,,,,,,,8.84043631578947
136,119,3,1,2,1,1,13,0,,,,,,,,8.84043631578947
136,119,3,1,2,1,1,5,1,555,0,8,0,0,,,8.84043631578947
136,119,3,1,2,1,1,10,0,,,,,,,,8.84043631578947
136,119,3,1,2,1,1,3,1,4,,,888,0,,,8.84043631578947
136,119,3,1,2,1,1,4,0,,,,,,,,8.84043631578947
136,119,3,1,2,1,1,6,1,1,,,300,0,,,8.84043631578947
136,119,3,1,2,1,1,9,0,,,,,,,,8.84043631578947
136,119,3,1,2,1,1,12,1,555,0,6,0,0,,,8.84043631578947
136,119,3,1,2,1,1,1,0,,,,,,,,8.84043631578947
136,119,3,1,2,1,1,2,0,,,,,,,,8.84043631578947
136,119,3,1,2,1,1,7,0,,,,,,,,8.84043631578947
137,120,3,1,1,1,1,1,1,1,,,1666,1,1450,1550,23.9924330935252
137,120,3,1,1,1,1,8,0,,,,,,,,23.9924330935252
137,120,3,1,1,1,1,12,0,,,,,,,,23.9924330935252
137,120,3,1,1,1,1,13,0,,,,,,,,23.9924330935252
137,120,3,1,1,1,1,10,0,,,,,,,,23.9924330935252
137,120,3,1,1,1,1,3,1,4,,,888,0,,,23.9924330935252
137,120,3,1,1,1,1,5,1,5,7,,700,1,580,600,23.9924330935252
137,120,3,1,1,1,1,9,0,,,,,,,,23.9924330935252
137,120,3,1,1,1,1,7,0,,,,,,,,23.9924330935252
137,120,3,1,1,1,1,2,0,,,,,,,,23.9924330935252
137,120,3,1,1,1,1,6,1,1,,,300,1,250,270,23.9924330935252
137,120,3,1,1,1,1,4,0,,,,,,,,23.9924330935252
137,120,3,1,1,1,1,11,0,,,,,,,,23.9924330935252
138,121,3,1,2,1,1,7,0,,,,,,,,6.05804417910448
138,121,3,1,2,1,1,2,0,,,,,,,,6.05804417910448
138,121,3,1,2,1,1,8,0,,,,,,,,6.05804417910448
138,121,3,1,2,1,1,6,0,,,,,,,,6.05804417910448
138,121,3,1,2,1,1,3,1,4,,,888,0,,,6.05804417910448
138,121,3,1,2,1,1,11,0,,,,,,,,6.05804417910448
138,121,3,1,2,1,1,10,0,,,,,,,,6.05804417910448
138,121,3,1,2,1,1,12,1,555,0,6,0,0,,,6.05804417910448
138,121,3,1,2,1,1,5,1,555,0,1,0,0,,,6.05804417910448
138,121,3,1,2,1,1,4,0,,,,,,,,6.05804417910448
138,121,3,1,2,1,1,13,0,,,,,,,,6.05804417910448
138,121,3,1,2,1,1,9,0,,,,,,,,6.05804417910448
138,121,3,1,2,1,1,1,0,,,,,,,,6.05804417910448
139,122,3,1,2,1,1,10,0,,,,,,,,8.73729090909091
139,122,3,1,2,1,1,5,1,5,6,,800,1,740,800,8.73729090909091
139,122,3,1,2,1,1,1,0,,,,,,,,8.73729090909091
139,122,3,1,2,1,1,12,0,,,,,,,,8.73729090909091
139,122,3,1,2,1,1,11,0,,,,,,,,8.73729090909091
139,122,3,1,2,1,1,2,0,,,,,,,,8.73729090909091
139,122,3,1,2,1,1,6,0,,,,,,,,8.73729090909091
139,122,3,1,2,1,1,7,0,,,,,,,,8.73729090909091
139,122,3,1,2,1,1,8,0,,,,,,,,8.73729090909091
139,122,3,1,2,1,1,9,0,,,,,,,,8.73729090909091
139,122,3,1,2,1,1,4,0,,,,,,,,8.73729090909091
139,122,3,1,2,1,1,13,0,,,,,,,,8.73729090909091
139,122,3,1,2,1,1,3,1,4,,,888,0,,,8.73729090909091
140,123,3,1,2,1,1,12,0,,,,,,,,8.86556956521739
140,123,3,1,2,1,1,4,0,,,,,,,,8.86556956521739
140,123,3,1,2,1,1,8,0,,,,,,,,8.86556956521739
140,123,3,1,2,1,1,1,0,,,,,,,,8.86556956521739
140,123,3,1,2,1,1,3,1,4,,,888,0,,,8.86556956521739
140,123,3,1,2,1,1,13,0,,,,,,,,8.86556956521739
140,123,3,1,2,1,1,10,0,,,,,,,,8.86556956521739
140,123,3,1,2,1,1,2,0,,,,,,,,8.86556956521739
140,123,3,1,2,1,1,11,0,,,,,,,,8.86556956521739
140,123,3,1,2,1,1,5,1,5,6,,800,1,750,800,8.86556956521739
140,123,3,1,2,1,1,9,0,,,,,,,,8.86556956521739
140,123,3,1,2,1,1,6,1,1,,,300,1,250,280,8.86556956521739
140,123,3,1,2,1,1,7,0,,,,,,,,8.86556956521739
141,124,3,1,2,1,1,12,0,,,,,,,,7.22822444444444
141,124,3,1,2,1,1,5,1,5,7,,900,1,780,800,7.22822444444444
141,124,3,1,2,1,1,9,0,,,,,,,,7.22822444444444
141,124,3,1,2,1,1,13,0,,,,,,,,7.22822444444444
141,124,3,1,2,1,1,10,0,,,,,,,,7.22822444444444
141,124,3,1,2,1,1,1,0,,,,,,,,7.22822444444444
141,124,3,1,2,1,1,3,1,4,,,888,0,,,7.22822444444444
141,124,3,1,2,1,1,2,0,,,,,,,,7.22822444444444
141,124,3,1,2,1,1,7,0,,,,,,,,7.22822444444444
141,124,3,1,2,1,1,4,0,,,,,,,,7.22822444444444
141,124,3,1,2,1,1,6,1,1,,,300,1,200,250,7.22822444444444
141,124,3,1,2,1,1,11,0,,,,,,,,7.22822444444444
141,124,3,1,2,1,1,8,0,,,,,,,,7.22822444444444
142,125,3,1,2,1,1,3,1,4,,,888,0,,,7.96816413461539
142,125,3,1,2,1,1,11,0,,,,,,,,7.96816413461539
142,125,3,1,2,1,1,5,1,5,5,,600,1,480,580,7.96816413461539
142,125,3,1,2,1,1,6,1,1,,,300,0,,,7.96816413461539
142,125,3,1,2,1,1,1,1,1,,,1250,1,1100,1250,7.96816413461539
142,125,3,1,2,1,1,7,0,,,,,,,,7.96816413461539
142,125,3,1,2,1,1,12,0,,,,,,,,7.96816413461539
142,125,3,1,2,1,1,2,0,,,,,,,,7.96816413461539
142,125,3,1,2,1,1,9,0,,,,,,,,7.96816413461539
142,125,3,1,2,1,1,8,0,,,,,,,,7.96816413461539
142,125,3,1,2,1,1,10,0,,,,,,,,7.96816413461539
142,125,3,1,2,1,1,13,0,,,,,,,,7.96816413461539
142,125,3,1,2,1,1,4,0,,,,,,,,7.96816413461539
143,126,3,1,2,1,1,12,0,,,,,,,,129.616023809524
143,126,3,1,2,1,1,2,0,,,,,,,,129.616023809524
143,126,3,1,2,1,1,10,0,,,,,,,,129.616023809524
143,126,3,1,2,1,1,6,0,,,,,,,,129.616023809524
143,126,3,1,2,1,1,4,0,,,,,,,,129.616023809524
143,126,3,1,2,1,1,13,0,,,,,,,,129.616023809524
143,126,3,1,2,1,1,7,0,,,,,,,,129.616023809524
143,126,3,1,2,1,1,1,0,,,,,,,,129.616023809524
143,126,3,1,2,1,1,3,1,4,,,888,0,,,129.616023809524
143,126,3,1,2,1,1,5,1,5,6,,700,1,580,650,129.616023809524
143,126,3,1,2,1,1,9,0,,,,,,,,129.616023809524
143,126,3,1,2,1,1,11,0,,,,,,,,129.616023809524
143,126,3,1,2,1,1,8,0,,,,,,,,129.616023809524
144,127,3,1,2,1,1,9,0,,,,,,,,6.52797094736842
144,127,3,1,2,1,1,12,0,,,,,,,,6.52797094736842
144,127,3,1,2,1,1,10,0,,,,,,,,6.52797094736842
144,127,3,1,2,1,1,7,0,,,,,,,,6.52797094736842
144,127,3,1,2,1,1,6,1,1,,,300,1,200,280,6.52797094736842
144,127,3,1,2,1,1,8,0,,,,,,,,6.52797094736842
144,127,3,1,2,1,1,5,1,5,7,,700,1,580,600,6.52797094736842
144,127,3,1,2,1,1,4,0,,,,,,,,6.52797094736842
144,127,3,1,2,1,1,1,0,,,,,,,,6.52797094736842
144,127,3,1,2,1,1,3,1,4,,,888,0,,,6.52797094736842
144,127,3,1,2,1,1,13,1,1,,,750,1,350,700,6.52797094736842
144,127,3,1,2,1,1,11,0,,,,,,,,6.52797094736842
144,127,3,1,2,1,1,2,0,,,,,,,,6.52797094736842
145,128,3,1,2,1,1,6,0,,,,,,,,143.114677419355
145,128,3,1,2,1,1,9,0,,,,,,,,143.114677419355
145,128,3,1,2,1,1,4,0,,,,,,,,143.114677419355
145,128,3,1,2,1,1,11,0,,,,,,,,143.114677419355
145,128,3,1,2,1,1,10,0,,,,,,,,143.114677419355
145,128,3,1,2,1,1,13,0,,,,,,,,143.114677419355
145,128,3,1,2,1,1,12,0,,,,,,,,143.114677419355
145,128,3,1,2,1,1,1,0,,,,,,,,143.114677419355
145,128,3,1,2,1,1,5,1,555,0,1,0,0,,,143.114677419355
145,128,3,1,2,1,1,7,0,,,,,,,,143.114677419355
145,128,3,1,2,1,1,8,0,,,,,,,,143.114677419355
145,128,3,1,2,1,1,3,1,4,,,888,0,,,143.114677419355
145,128,3,1,2,1,1,2,0,,,,,,,,143.114677419355
146,129,3,1,1,1,1,4,0,,,,,,,,19.6108301886792
146,129,3,1,1,1,1,1,1,1,,,1250,1,1100,1250,19.6108301886792
146,129,3,1,1,1,1,11,0,,,,,,,,19.6108301886792
146,129,3,1,1,1,1,6,1,1,,,350,1,250,300,19.6108301886792
146,129,3,1,1,1,1,5,0,,,,,,,,19.6108301886792
146,129,3,1,1,1,1,2,0,,,,,,,,19.6108301886792
146,129,3,1,1,1,1,8,0,,,,,,,,19.6108301886792
146,129,3,1,1,1,1,10,0,,,,,,,,19.6108301886792
146,129,3,1,1,1,1,3,1,4,,,888,0,,,19.6108301886792
146,129,3,1,1,1,1,7,0,,,,,,,,19.6108301886792
146,129,3,1,1,1,1,12,0,,,,,,,,19.6108301886792
146,129,3,1,1,1,1,9,0,,,,,,,,19.6108301886792
146,129,3,1,1,1,1,13,0,,,,,,,,19.6108301886792
147,130,3,1,2,1,1,2,0,,,,,,,,12.8257836585366
147,130,3,1,2,1,1,12,0,,,,,,,,12.8257836585366
147,130,3,1,2,1,1,11,0,,,,,,,,12.8257836585366
147,130,3,1,2,1,1,8,0,,,,,,,,12.8257836585366
147,130,3,1,2,1,1,9,0,,,,,,,,12.8257836585366
147,130,3,1,2,1,1,5,1,555,0,1,0,0,,,12.8257836585366
147,130,3,1,2,1,1,4,0,,,,,,,,12.8257836585366
147,130,3,1,2,1,1,3,1,4,,,888,0,,,12.8257836585366
147,130,3,1,2,1,1,7,0,,,,,,,,12.8257836585366
147,130,3,1,2,1,1,1,0,,,,,,,,12.8257836585366
147,130,3,1,2,1,1,6,0,,,,,,,,12.8257836585366
147,130,3,1,2,1,1,13,0,,,,,,,,12.8257836585366
147,130,3,1,2,1,1,10,0,,,,,,,,12.8257836585366
148,131,3,1,2,1,1,13,0,,,,,,,,5.20940357142857
148,131,3,1,2,1,1,3,1,4,,,888,0,,,5.20940357142857
148,131,3,1,2,1,1,1,0,,,,,,,,5.20940357142857
148,131,3,1,2,1,1,6,1,8,35,,10000,1,9000,10000,5.20940357142857
148,131,3,1,2,1,1,10,0,,,,,,,,5.20940357142857
148,131,3,1,2,1,1,2,0,,,,,,,,5.20940357142857
148,131,3,1,2,1,1,5,1,5,6,,700,0,,,5.20940357142857
148,131,3,1,2,1,1,7,0,,,,,,,,5.20940357142857
148,131,3,1,2,1,1,8,0,,,,,,,,5.20940357142857
148,131,3,1,2,1,1,4,0,,,,,,,,5.20940357142857
148,131,3,1,2,1,1,11,0,,,,,,,,5.20940357142857
148,131,3,1,2,1,1,12,0,,,,,,,,5.20940357142857
148,131,3,1,2,1,1,9,0,,,,,,,,5.20940357142857
149,132,3,1,2,1,5,11,0,,,,,,,,7.28915877551021
149,132,3,1,2,1,5,1,0,,,,,,,,7.28915877551021
149,132,3,1,2,1,5,3,1,4,,,888,0,,,7.28915877551021
149,132,3,1,2,1,5,6,1,8,34,,9500,1,8500,9500,7.28915877551021
149,132,3,1,2,1,5,10,0,,,,,,,,7.28915877551021
149,132,3,1,2,1,5,7,0,,,,,,,,7.28915877551021
149,132,3,1,2,1,5,13,0,,,,,,,,7.28915877551021
149,132,3,1,2,1,5,4,0,,,,,,,,7.28915877551021
149,132,3,1,2,1,5,12,0,,,,,,,,7.28915877551021
149,132,3,1,2,1,5,2,0,,,,,,,,7.28915877551021
149,132,3,1,2,1,5,8,0,,,,,,,,7.28915877551021
149,132,3,1,2,1,5,5,1,5,6,,620,1,580,600,7.28915877551021
149,132,3,1,2,1,5,9,0,,,,,,,,7.28915877551021
150,133,3,1,2,1,1,9,0,,,,,,,,84.5583622641509
150,133,3,1,2,1,1,3,1,4,,,888,0,,,84.5583622641509
150,133,3,1,2,1,1,1,0,,,,,,,,84.5583622641509
150,133,3,1,2,1,1,7,0,,,,,,,,84.5583622641509
150,133,3,1,2,1,1,8,0,,,,,,,,84.5583622641509
150,133,3,1,2,1,1,13,0,,,,,,,,84.5583622641509
150,133,3,1,2,1,1,12,0,,,,,,,,84.5583622641509
150,133,3,1,2,1,1,2,0,,,,,,,,84.5583622641509
150,133,3,1,2,1,1,11,0,,,,,,,,84.5583622641509
150,133,3,1,2,1,1,4,0,,,,,,,,84.5583622641509
150,133,3,1,2,1,1,10,0,,,,,,,,84.5583622641509
150,133,3,1,2,1,1,6,1,8,35,,10000,1,9000,10000,84.5583622641509
150,133,3,1,2,1,1,5,1,5,6,,700,1,580,650,84.5583622641509
159,134,3,2,2,1,1,1,0,,,,,,,,112.320421052632
159,134,3,2,2,1,1,7,0,,,,,,,,112.320421052632
159,134,3,2,2,1,1,8,0,,,,,,,,112.320421052632
159,134,3,2,2,1,1,5,1,5,7,,800,1,750,780,112.320421052632
159,134,3,2,2,1,1,9,0,,,,,,,,112.320421052632
159,134,3,2,2,1,1,13,0,,,,,,,,112.320421052632
159,134,3,2,2,1,1,2,0,,,,,,,,112.320421052632
159,134,3,2,2,1,1,6,1,1,,,300,1,240,270,112.320421052632
159,134,3,2,2,1,1,3,1,4,,,888,0,,,112.320421052632
159,134,3,2,2,1,1,4,0,,,,,,,,112.320421052632
159,134,3,2,2,1,1,11,0,,,,,,,,112.320421052632
159,134,3,2,2,1,1,12,0,,,,,,,,112.320421052632
159,134,3,2,2,1,1,10,0,,,,,,,,112.320421052632
160,135,3,2,2,1,1,1,0,,,,,,,,147.572481927711
160,135,3,2,2,1,1,9,0,,,,,,,,147.572481927711
160,135,3,2,2,1,1,2,0,,,,,,,,147.572481927711
160,135,3,2,2,1,1,5,1,5,8,,1000,1,880,900,147.572481927711
160,135,3,2,2,1,1,8,0,,,,,,,,147.572481927711
160,135,3,2,2,1,1,4,0,,,,,,,,147.572481927711
160,135,3,2,2,1,1,3,1,4,,,888,0,,,147.572481927711
160,135,3,2,2,1,1,10,0,,,,,,,,147.572481927711
160,135,3,2,2,1,1,6,1,1,,,300,0,,,147.572481927711
160,135,3,2,2,1,1,13,0,,,,,,,,147.572481927711
160,135,3,2,2,1,1,7,0,,,,,,,,147.572481927711
160,135,3,2,2,1,1,12,0,,,,,,,,147.572481927711
160,135,3,2,2,1,1,11,0,,,,,,,,147.572481927711
161,136,3,2,2,1,4,8,0,,,,,,,,165.54155
161,136,3,2,2,1,4,7,0,,,,,,,,165.54155
161,136,3,2,2,1,4,10,0,,,,,,,,165.54155
161,136,3,2,2,1,4,13,0,,,,,,,,165.54155
161,136,3,2,2,1,4,4,0,,,,,,,,165.54155
161,136,3,2,2,1,4,6,1,7,1,,300,1,200,220,165.54155
161,136,3,2,2,1,4,9,0,,,,,,,,165.54155
161,136,3,2,2,1,4,3,1,4,,,888,0,,,165.54155
161,136,3,2,2,1,4,1,0,,,,,,,,165.54155
161,136,3,2,2,1,4,11,0,,,,,,,,165.54155
161,136,3,2,2,1,4,5,1,5,6,,700,1,600,650,165.54155
161,136,3,2,2,1,4,2,0,,,,,,,,165.54155
161,136,3,2,2,1,4,12,0,,,,,,,,165.54155
162,137,3,3,2,1,6,2,0,,,,,,,,184.221032258065
162,137,3,3,2,1,6,10,0,,,,,,,,184.221032258065
162,137,3,3,2,1,6,6,1,7,1.5,,300,1,200,220,184.221032258065
162,137,3,3,2,1,6,11,0,,,,,,,,184.221032258065
162,137,3,3,2,1,6,13,0,,,,,,,,184.221032258065
162,137,3,3,2,1,6,9,0,,,,,,,,184.221032258065
162,137,3,3,2,1,6,3,1,4,,,888,0,,,184.221032258065
162,137,3,3,2,1,6,7,0,,,,,,,,184.221032258065
162,137,3,3,2,1,6,8,0,,,,,,,,184.221032258065
162,137,3,3,2,1,6,4,0,,,,,,,,184.221032258065
162,137,3,3,2,1,6,1,0,,,,,,,,184.221032258065
162,137,3,3,2,1,6,12,0,,,,,,,,184.221032258065
162,137,3,3,2,1,6,5,1,5,8,,900,1,800,850,184.221032258065
163,138,3,3,1,1,1,7,0,,,,,,,,17.2384463414634
163,138,3,3,1,1,1,10,0,,,,,,,,17.2384463414634
163,138,3,3,1,1,1,11,0,,,,,,,,17.2384463414634
163,138,3,3,1,1,1,12,0,,,,,,,,17.2384463414634
163,138,3,3,1,1,1,5,0,,,,,,,,17.2384463414634
163,138,3,3,1,1,1,2,0,,,,,,,,17.2384463414634
163,138,3,3,1,1,1,13,0,,,,,,,,17.2384463414634
163,138,3,3,1,1,1,9,0,,,,,,,,17.2384463414634
163,138,3,3,1,1,1,1,1,1,,,1500,1,1250,1400,17.2384463414634
163,138,3,3,1,1,1,4,0,,,,,,,,17.2384463414634
163,138,3,3,1,1,1,8,0,,,,,,,,17.2384463414634
163,138,3,3,1,1,1,3,1,4,,,888,0,,,17.2384463414634
163,138,3,3,1,1,1,6,1,8,30,,10000,1,9000,10000,17.2384463414634
164,139,3,3,1,1,1,9,0,,,,,,,,27.1421528455285
164,139,3,3,1,1,1,2,0,,,,,,,,27.1421528455285
164,139,3,3,1,1,1,10,0,,,,,,,,27.1421528455285
164,139,3,3,1,1,1,3,1,4,,,888,0,,,27.1421528455285
164,139,3,3,1,1,1,8,0,,,,,,,,27.1421528455285
164,139,3,3,1,1,1,4,1,3,,,250,0,,,27.1421528455285
164,139,3,3,1,1,1,5,0,,,,,,,,27.1421528455285
164,139,3,3,1,1,1,12,0,,,,,,,,27.1421528455285
164,139,3,3,1,1,1,6,1,8,33,,9500,1,8500,9500,27.1421528455285
164,139,3,3,1,1,1,11,0,,,,,,,,27.1421528455285
164,139,3,3,1,1,1,7,0,,,,,,,,27.1421528455285
164,139,3,3,1,1,1,13,0,,,,,,,,27.1421528455285
164,139,3,3,1,1,1,1,1,1,,,1500,1,1350,1433,27.1421528455285
165,140,3,3,1,1,1,8,0,,,,,,,,30.559265408805
165,140,3,3,1,1,1,1,1,1,,,1350,1,1250,1300,30.559265408805
165,140,3,3,1,1,1,10,0,,,,,,,,30.559265408805
165,140,3,3,1,1,1,2,0,,,,,,,,30.559265408805
165,140,3,3,1,1,1,3,1,4,,,888,0,,,30.559265408805
165,140,3,3,1,1,1,12,0,,,,,,,,30.559265408805
165,140,3,3,1,1,1,11,0,,,,,,,,30.559265408805
165,140,3,3,1,1,1,4,1,3,,,250,0,,,30.559265408805
165,140,3,3,1,1,1,9,0,,,,,,,,30.559265408805
165,140,3,3,1,1,1,7,0,,,,,,,,30.559265408805
165,140,3,3,1,1,1,5,0,,,,,,,,30.559265408805
165,140,3,3,1,1,1,13,0,,,,,,,,30.559265408805
165,140,3,3,1,1,1,6,1,1,,,300,1,200,250,30.559265408805
166,141,3,3,1,1,1,11,0,,,,,,,,12.4060407960199
166,141,3,3,1,1,1,7,0,,,,,,,,12.4060407960199
166,141,3,3,1,1,1,8,0,,,,,,,,12.4060407960199
166,141,3,3,1,1,1,4,1,3,,,212,0,,,12.4060407960199
166,141,3,3,1,1,1,6,1,8,34,,10000,1,9000,10000,12.4060407960199
166,141,3,3,1,1,1,13,0,,,,,,,,12.4060407960199
166,141,3,3,1,1,1,9,0,,,,,,,,12.4060407960199
166,141,3,3,1,1,1,2,0,,,,,,,,12.4060407960199
166,141,3,3,1,1,1,12,0,,,,,,,,12.4060407960199
166,141,3,3,1,1,1,10,0,,,,,,,,12.4060407960199
166,141,3,3,1,1,1,3,1,4,,,888,0,,,12.4060407960199
166,141,3,3,1,1,1,5,0,,,,,,,,12.4060407960199
166,141,3,3,1,1,1,1,1,1,,,1300,1,1200,1250,12.4060407960199
167,142,3,3,2,1,1,8,0,,,,,,,,121.961137254902
167,142,3,3,2,1,1,9,0,,,,,,,,121.961137254902
167,142,3,3,2,1,1,4,1,3,,,220,0,,,121.961137254902
167,142,3,3,2,1,1,12,0,,,,,,,,121.961137254902
167,142,3,3,2,1,1,2,0,,,,,,,,121.961137254902
167,142,3,3,2,1,1,5,1,5,7,,700,1,600,650,121.961137254902
167,142,3,3,2,1,1,6,0,,,,,,,,121.961137254902
167,142,3,3,2,1,1,13,0,,,,,,,,121.961137254902
167,142,3,3,2,1,1,10,0,,,,,,,,121.961137254902
167,142,3,3,2,1,1,1,0,,,,,,,,121.961137254902
167,142,3,3,2,1,1,7,0,,,,,,,,121.961137254902
167,142,3,3,2,1,1,3,1,4,,,888,0,,,121.961137254902
167,142,3,3,2,1,1,11,0,,,,,,,,121.961137254902
168,143,3,3,1,1,1,2,0,,,,,,,,7.21586578366446
168,143,3,3,1,1,1,9,0,,,,,,,,7.21586578366446
168,143,3,3,1,1,1,1,1,1,,,1666,0,,,7.21586578366446
168,143,3,3,1,1,1,8,0,,,,,,,,7.21586578366446
168,143,3,3,1,1,1,6,1,1,,,300,0,,,7.21586578366446
168,143,3,3,1,1,1,3,1,4,,,888,0,,,7.21586578366446
168,143,3,3,1,1,1,4,1,3,,,250,0,,,7.21586578366446
168,143,3,3,1,1,1,5,0,,,,,,,,7.21586578366446
168,143,3,3,1,1,1,13,0,,,,,,,,7.21586578366446
168,143,3,3,1,1,1,7,0,,,,,,,,7.21586578366446
168,143,3,3,1,1,1,12,0,,,,,,,,7.21586578366446
168,143,3,3,1,1,1,10,0,,,,,,,,7.21586578366446
168,143,3,3,1,1,1,11,0,,,,,,,,7.21586578366446
169,144,3,3,1,1,1,3,1,4,,,888,0,,,22.0445028571429
169,144,3,3,1,1,1,7,0,,,,,,,,22.0445028571429
169,144,3,3,1,1,1,5,1,555,0,2,0,0,,,22.0445028571429
169,144,3,3,1,1,1,12,0,,,,,,,,22.0445028571429
169,144,3,3,1,1,1,4,1,3,,,208,0,,,22.0445028571429
169,144,3,3,1,1,1,11,0,,,,,,,,22.0445028571429
169,144,3,3,1,1,1,2,0,,,,,,,,22.0445028571429
169,144,3,3,1,1,1,6,1,1,,,350,0,,,22.0445028571429
169,144,3,3,1,1,1,1,0,,,,,,,,22.0445028571429
169,144,3,3,1,1,1,9,0,,,,,,,,22.0445028571429
169,144,3,3,1,1,1,10,0,,,,,,,,22.0445028571429
169,144,3,3,1,1,1,8,0,,,,,,,,22.0445028571429
169,144,3,3,1,1,1,13,0,,,,,,,,22.0445028571429
170,145,3,3,2,1,1,4,1,3,,,250,0,,,137.508
170,145,3,3,2,1,1,3,1,4,,,888,0,,,137.508
170,145,3,3,2,1,1,5,1,5,6,,700,0,,,137.508
170,145,3,3,2,1,1,13,0,,,,,,,,137.508
170,145,3,3,2,1,1,2,0,,,,,,,,137.508
170,145,3,3,2,1,1,10,0,,,,,,,,137.508
170,145,3,3,2,1,1,12,0,,,,,,,,137.508
170,145,3,3,2,1,1,11,0,,,,,,,,137.508
170,145,3,3,2,1,1,7,0,,,,,,,,137.508
170,145,3,3,2,1,1,6,0,,,,,,,,137.508
170,145,3,3,2,1,1,1,0,,,,,,,,137.508
170,145,3,3,2,1,1,9,0,,,,,,,,137.508
170,145,3,3,2,1,1,8,0,,,,,,,,137.508
171,146,3,3,1,1,1,4,1,3,,,300,0,,,16.8267534626039
171,146,3,3,1,1,1,8,0,,,,,,,,16.8267534626039
171,146,3,3,1,1,1,1,1,1,,,1667,1,1500,1700,16.8267534626039
171,146,3,3,1,1,1,10,0,,,,,,,,16.8267534626039
171,146,3,3,1,1,1,6,1,1,,,300,0,,,16.8267534626039
171,146,3,3,1,1,1,3,1,4,,,888,0,,,16.8267534626039
171,146,3,3,1,1,1,11,0,,,,,,,,16.8267534626039
171,146,3,3,1,1,1,5,0,,,,,,,,16.8267534626039
171,146,3,3,1,1,1,9,0,,,,,,,,16.8267534626039
171,146,3,3,1,1,1,7,0,,,,,,,,16.8267534626039
171,146,3,3,1,1,1,13,0,,,,,,,,16.8267534626039
171,146,3,3,1,1,1,12,0,,,,,,,,16.8267534626039
171,146,3,3,1,1,1,2,0,,,,,,,,16.8267534626039
172,147,3,3,1,1,1,8,0,,,,,,,,8.8548862745098
172,147,3,3,1,1,1,1,1,1,,,1200,1,1000,1200,8.8548862745098
172,147,3,3,1,1,1,13,0,,,,,,,,8.8548862745098
172,147,3,3,1,1,1,5,0,,,,,,,,8.8548862745098
172,147,3,3,1,1,1,10,0,,,,,,,,8.8548862745098
172,147,3,3,1,1,1,3,1,4,,,888,0,,,8.8548862745098
172,147,3,3,1,1,1,2,0,,,,,,,,8.8548862745098
172,147,3,3,1,1,1,12,0,,,,,,,,8.8548862745098
172,147,3,3,1,1,1,6,1,1,,,250,0,,,8.8548862745098
172,147,3,3,1,1,1,9,0,,,,,,,,8.8548862745098
172,147,3,3,1,1,1,7,0,,,,,,,,8.8548862745098
172,147,3,3,1,1,1,11,0,,,,,,,,8.8548862745098
172,147,3,3,1,1,1,4,1,3,,,250,0,,,8.8548862745098
173,148,3,3,1,1,1,2,0,,,,,,,,7.74793
173,148,3,3,1,1,1,3,1,4,,,888,0,,,7.74793
173,148,3,3,1,1,1,11,0,,,,,,,,7.74793
173,148,3,3,1,1,1,4,1,3,,,250,0,,,7.74793
173,148,3,3,1,1,1,9,0,,,,,,,,7.74793
173,148,3,3,1,1,1,7,0,,,,,,,,7.74793
173,148,3,3,1,1,1,10,0,,,,,,,,7.74793
173,148,3,3,1,1,1,8,0,,,,,,,,7.74793
173,148,3,3,1,1,1,5,1,5,7,,900,0,,,7.74793
173,148,3,3,1,1,1,13,0,,,,,,,,7.74793
173,148,3,3,1,1,1,1,1,1,,,1200,0,,,7.74793
173,148,3,3,1,1,1,12,0,,,,,,,,7.74793
173,148,3,3,1,1,1,6,1,8,33,,10000,1,9000,10000,7.74793
174,149,3,3,1,1,1,4,0,,,,,,,,11.7204483568075
174,149,3,3,1,1,1,13,0,,,,,,,,11.7204483568075
174,149,3,3,1,1,1,1,1,1,,,1250,0,,,11.7204483568075
174,149,3,3,1,1,1,6,1,1,,,300,0,,,11.7204483568075
174,149,3,3,1,1,1,2,0,,,,,,,,11.7204483568075
174,149,3,3,1,1,1,5,1,5,7,,800,0,,,11.7204483568075
174,149,3,3,1,1,1,3,1,4,,,888,0,,,11.7204483568075
174,149,3,3,1,1,1,7,0,,,,,,,,11.7204483568075
174,149,3,3,1,1,1,8,0,,,,,,,,11.7204483568075
174,149,3,3,1,1,1,11,0,,,,,,,,11.7204483568075
174,149,3,3,1,1,1,12,0,,,,,,,,11.7204483568075
174,149,3,3,1,1,1,10,0,,,,,,,,11.7204483568075
174,149,3,3,1,1,1,9,0,,,,,,,,11.7204483568075
175,150,3,3,1,1,8,7,0,,,,,,,,13.050107253886
175,150,3,3,1,1,8,3,1,4,,,888,0,,,13.050107253886
175,150,3,3,1,1,8,1,1,1,,,1400,1,1350,1500,13.050107253886
175,150,3,3,1,1,8,2,0,,,,,,,,13.050107253886
175,150,3,3,1,1,8,13,0,,,,,,,,13.050107253886
175,150,3,3,1,1,8,5,1,5,7,,800,1,740,780,13.050107253886
175,150,3,3,1,1,8,6,1,1,,,300,0,,,13.050107253886
175,150,3,3,1,1,8,12,0,,,,,,,,13.050107253886
175,150,3,3,1,1,8,10,0,,,,,,,,13.050107253886
175,150,3,3,1,1,8,11,0,,,,,,,,13.050107253886
175,150,3,3,1,1,8,9,0,,,,,,,,13.050107253886
175,150,3,3,1,1,8,4,0,,,,,,,,13.050107253886
175,150,3,3,1,1,8,8,0,,,,,,,,13.050107253886
176,151,3,4,1,1,1,12,0,,,,,,,,25.1660547945205
176,151,3,4,1,1,1,11,0,,,,,,,,25.1660547945205
176,151,3,4,1,1,1,3,1,4,,,888,0,,,25.1660547945205
176,151,3,4,1,1,1,6,1,8,33,,9000,1,8000,9000,25.1660547945205
176,151,3,4,1,1,1,5,1,5,7,,700,0,,,25.1660547945205
176,151,3,4,1,1,1,4,1,3,,,250,0,,,25.1660547945205
176,151,3,4,1,1,1,2,0,,,,,,,,25.1660547945205
176,151,3,4,1,1,1,8,0,,,,,,,,25.1660547945205
176,151,3,4,1,1,1,9,0,,,,,,,,25.1660547945205
176,151,3,4,1,1,1,7,0,,,,,,,,25.1660547945205
176,151,3,4,1,1,1,13,0,,,,,,,,25.1660547945205
176,151,3,4,1,1,1,1,0,,,,,,,,25.1660547945205
176,151,3,4,1,1,1,10,0,,,,,,,,25.1660547945205
177,152,3,4,2,1,1,2,0,,,,,,,,113.6677875
177,152,3,4,2,1,1,13,0,,,,,,,,113.6677875
177,152,3,4,2,1,1,10,0,,,,,,,,113.6677875
177,152,3,4,2,1,1,8,0,,,,,,,,113.6677875
177,152,3,4,2,1,1,6,1,1,,,250,0,,,113.6677875
177,152,3,4,2,1,1,9,0,,,,,,,,113.6677875
177,152,3,4,2,1,1,5,1,5,7,,800,0,,,113.6677875
177,152,3,4,2,1,1,3,1,4,,,888,0,,,113.6677875
177,152,3,4,2,1,1,11,0,,,,,,,,113.6677875
177,152,3,4,2,1,1,1,0,,,,,,,,113.6677875
177,152,3,4,2,1,1,12,0,,,,,,,,113.6677875
177,152,3,4,2,1,1,7,0,,,,,,,,113.6677875
177,152,3,4,2,1,1,4,1,3,,,250,0,,,113.6677875
178,153,3,4,1,1,1,11,0,,,,,,,,19.7935021276596
178,153,3,4,1,1,1,9,0,,,,,,,,19.7935021276596
178,153,3,4,1,1,1,8,0,,,,,,,,19.7935021276596
178,153,3,4,1,1,1,7,0,,,,,,,,19.7935021276596
178,153,3,4,1,1,1,12,0,,,,,,,,19.7935021276596
178,153,3,4,1,1,1,13,0,,,,,,,,19.7935021276596
178,153,3,4,1,1,1,2,0,,,,,,,,19.7935021276596
178,153,3,4,1,1,1,1,0,,,,,,,,19.7935021276596
178,153,3,4,1,1,1,3,1,4,,,888,0,,,19.7935021276596
178,153,3,4,1,1,1,5,1,5,7,,700,1,580,600,19.7935021276596
178,153,3,4,1,1,1,4,1,3,,,250,0,,,19.7935021276596
178,153,3,4,1,1,1,10,0,,,,,,,,19.7935021276596
178,153,3,4,1,1,1,6,0,,,,,,,,19.7935021276596
179,154,3,4,2,1,1,5,1,5,7,,900,1,770,850,91.1654625
179,154,3,4,2,1,1,7,0,,,,,,,,91.1654625
179,154,3,4,2,1,1,12,0,,,,,,,,91.1654625
179,154,3,4,2,1,1,13,0,,,,,,,,91.1654625
179,154,3,4,2,1,1,6,0,,,,,,,,91.1654625
179,154,3,4,2,1,1,10,0,,,,,,,,91.1654625
179,154,3,4,2,1,1,3,1,4,,,888,0,,,91.1654625
179,154,3,4,2,1,1,4,0,,,,,,,,91.1654625
179,154,3,4,2,1,1,8,0,,,,,,,,91.1654625
179,154,3,4,2,1,1,11,0,,,,,,,,91.1654625
179,154,3,4,2,1,1,9,0,,,,,,,,91.1654625
179,154,3,4,2,1,1,2,0,,,,,,,,91.1654625
179,154,3,4,2,1,1,1,0,,,,,,,,91.1654625
180,155,3,4,1,1,1,7,0,,,,,,,,24.0643146067416
180,155,3,4,1,1,1,6,1,8,35,,11000,1,10000,10500,24.0643146067416
180,155,3,4,1,1,1,8,0,,,,,,,,24.0643146067416
180,155,3,4,1,1,1,11,0,,,,,,,,24.0643146067416
180,155,3,4,1,1,1,10,0,,,,,,,,24.0643146067416
180,155,3,4,1,1,1,2,0,,,,,,,,24.0643146067416
180,155,3,4,1,1,1,5,1,1,,,1100,1,1000,1050,24.0643146067416
180,155,3,4,1,1,1,9,0,,,,,,,,24.0643146067416
180,155,3,4,1,1,1,12,0,,,,,,,,24.0643146067416
180,155,3,4,1,1,1,1,1,1,,,1500,1,1250,1333,24.0643146067416
180,155,3,4,1,1,1,4,1,3,,,300,0,,,24.0643146067416
180,155,3,4,1,1,1,13,0,,,,,,,,24.0643146067416
180,155,3,4,1,1,1,3,1,4,,,888,0,,,24.0643146067416
181,156,3,4,2,1,1,6,0,,,,,,,,175.267767857143
181,156,3,4,2,1,1,13,0,,,,,,,,175.267767857143
181,156,3,4,2,1,1,4,0,,,,,,,,175.267767857143
181,156,3,4,2,1,1,2,0,,,,,,,,175.267767857143
181,156,3,4,2,1,1,9,0,,,,,,,,175.267767857143
181,156,3,4,2,1,1,10,0,,,,,,,,175.267767857143
181,156,3,4,2,1,1,7,0,,,,,,,,175.267767857143
181,156,3,4,2,1,1,3,1,4,,,888,0,,,175.267767857143
181,156,3,4,2,1,1,1,0,,,,,,,,175.267767857143
181,156,3,4,2,1,1,12,0,,,,,,,,175.267767857143
181,156,3,4,2,1,1,8,0,,,,,,,,175.267767857143
181,156,3,4,2,1,1,11,0,,,,,,,,175.267767857143
181,156,3,4,2,1,1,5,1,5,6,,700,0,,,175.267767857143
182,157,3,5,2,1,4,10,0,,,,,,,,166.146574074074
182,157,3,5,2,1,4,1,0,,,,,,,,166.146574074074
182,157,3,5,2,1,4,9,0,,,,,,,,166.146574074074
182,157,3,5,2,1,4,8,0,,,,,,,,166.146574074074
182,157,3,5,2,1,4,3,1,4,,,888,0,,,166.146574074074
182,157,3,5,2,1,4,4,0,,,,,,,,166.146574074074
182,157,3,5,2,1,4,13,0,,,,,,,,166.146574074074
182,157,3,5,2,1,4,11,0,,,,,,,,166.146574074074
182,157,3,5,2,1,4,5,1,5,7,,900,1,780,800,166.146574074074
182,157,3,5,2,1,4,2,0,,,,,,,,166.146574074074
182,157,3,5,2,1,4,7,0,,,,,,,,166.146574074074
182,157,3,5,2,1,4,12,0,,,,,,,,166.146574074074
182,157,3,5,2,1,4,6,0,,,,,,,,166.146574074074
183,158,3,5,2,1,6,5,1,5,6,,800,1,700,800,142.1882875
183,158,3,5,2,1,6,4,0,,,,,,,,142.1882875
183,158,3,5,2,1,6,12,0,,,,,,,,142.1882875
183,158,3,5,2,1,6,3,1,4,,,888,0,,,142.1882875
183,158,3,5,2,1,6,8,0,,,,,,,,142.1882875
183,158,3,5,2,1,6,13,0,,,,,,,,142.1882875
183,158,3,5,2,1,6,9,0,,,,,,,,142.1882875
183,158,3,5,2,1,6,7,0,,,,,,,,142.1882875
183,158,3,5,2,1,6,11,0,,,,,,,,142.1882875
183,158,3,5,2,1,6,6,0,,,,,,,,142.1882875
183,158,3,5,2,1,6,10,0,,,,,,,,142.1882875
183,158,3,5,2,1,6,2,0,,,,,,,,142.1882875
183,158,3,5,2,1,6,1,0,,,,,,,,142.1882875
184,159,3,5,2,1,1,6,1,1,,,300,0,,,132.641397129187
184,159,3,5,2,1,1,11,0,,,,,,,,132.641397129187
184,159,3,5,2,1,1,10,0,,,,,,,,132.641397129187
184,159,3,5,2,1,1,12,0,,,,,,,,132.641397129187
184,159,3,5,2,1,1,3,1,4,,,888,0,,,132.641397129187
184,159,3,5,2,1,1,5,1,555,0,13,7000,0,,,132.641397129187
184,159,3,5,2,1,1,7,0,,,,,,,,132.641397129187
184,159,3,5,2,1,1,2,0,,,,,,,,132.641397129187
184,159,3,5,2,1,1,1,0,,,,,,,,132.641397129187
184,159,3,5,2,1,1,9,0,,,,,,,,132.641397129187
184,159,3,5,2,1,1,13,0,,,,,,,,132.641397129187
184,159,3,5,2,1,1,4,0,,,,,,,,132.641397129187
184,159,3,5,2,1,1,8,0,,,,,,,,132.641397129187
185,160,3,5,1,1,9,7,0,,,,,,,,6.94327538461538
185,160,3,5,1,1,9,11,0,,,,,,,,6.94327538461538
185,160,3,5,1,1,9,12,1,555,888,6,888,0,,,6.94327538461538
185,160,3,5,1,1,9,3,1,4,,,888,0,,,6.94327538461538
185,160,3,5,1,1,9,13,0,,,,,,,,6.94327538461538
185,160,3,5,1,1,9,8,0,,,,,,,,6.94327538461538
185,160,3,5,1,1,9,1,1,1,,,1400,0,,,6.94327538461538
185,160,3,5,1,1,9,2,0,,,,,,,,6.94327538461538
185,160,3,5,1,1,9,5,1,555,0,9,0,0,,,6.94327538461538
185,160,3,5,1,1,9,9,0,,,,,,,,6.94327538461538
185,160,3,5,1,1,9,6,1,1,,,300,0,,,6.94327538461538
185,160,3,5,1,1,9,4,0,,,,,,,,6.94327538461538
185,160,3,5,1,1,9,10,0,,,,,,,,6.94327538461538
186,161,3,5,2,1,10,12,0,,,,,,,,71.7433459770115
186,161,3,5,2,1,10,11,0,,,,,,,,71.7433459770115
186,161,3,5,2,1,10,13,0,,,,,,,,71.7433459770115
186,161,3,5,2,1,10,5,1,5,6,,800,1,740,800,71.7433459770115
186,161,3,5,2,1,10,3,1,4,,,888,0,,,71.7433459770115
186,161,3,5,2,1,10,1,0,,,,,,,,71.7433459770115
186,161,3,5,2,1,10,8,0,,,,,,,,71.7433459770115
186,161,3,5,2,1,10,9,0,,,,,,,,71.7433459770115
186,161,3,5,2,1,10,4,0,,,,,,,,71.7433459770115
186,161,3,5,2,1,10,6,1,8,35,,10000,1,8500,9500,71.7433459770115
186,161,3,5,2,1,10,2,0,,,,,,,,71.7433459770115
186,161,3,5,2,1,10,10,0,,,,,,,,71.7433459770115
186,161,3,5,2,1,10,7,0,,,,,,,,71.7433459770115
187,162,3,6,1,1,1,12,1,555,0,8,0,0,,,18.0034357798165
187,162,3,6,1,1,1,3,1,4,,,888,0,,,18.0034357798165
187,162,3,6,1,1,1,1,0,,,,,,,,18.0034357798165
187,162,3,6,1,1,1,8,0,,,,,,,,18.0034357798165
187,162,3,6,1,1,1,5,1,5,7,,700,1,580,600,18.0034357798165
187,162,3,6,1,1,1,6,1,7,1,,300,0,,,18.0034357798165
187,162,3,6,1,1,1,9,0,,,,,,,,18.0034357798165
187,162,3,6,1,1,1,2,0,,,,,,,,18.0034357798165
187,162,3,6,1,1,1,4,0,,,,,,,,18.0034357798165
187,162,3,6,1,1,1,11,0,,,,,,,,18.0034357798165
187,162,3,6,1,1,1,7,0,,,,,,,,18.0034357798165
187,162,3,6,1,1,1,13,0,,,,,,,,18.0034357798165
187,162,3,6,1,1,1,10,0,,,,,,,,18.0034357798165
188,163,3,6,2,1,1,11,0,,,,,,,,130.290494845361
188,163,3,6,2,1,1,6,1,8,34,,10000,1,9000,10000,130.290494845361
188,163,3,6,2,1,1,12,1,555,0,8,0,0,,,130.290494845361
188,163,3,6,2,1,1,2,0,,,,,,,,130.290494845361
188,163,3,6,2,1,1,13,0,,,,,,,,130.290494845361
188,163,3,6,2,1,1,7,0,,,,,,,,130.290494845361
188,163,3,6,2,1,1,8,0,,,,,,,,130.290494845361
188,163,3,6,2,1,1,5,1,555,0,8,0,0,,,130.290494845361
188,163,3,6,2,1,1,9,0,,,,,,,,130.290494845361
188,163,3,6,2,1,1,10,0,,,,,,,,130.290494845361
188,163,3,6,2,1,1,4,0,,,,,,,,130.290494845361
188,163,3,6,2,1,1,1,0,,,,,,,,130.290494845361
188,163,3,6,2,1,1,3,1,4,,,888,0,,,130.290494845361
189,164,3,6,1,1,1,3,1,4,,,888,0,,,16.2242746478873
189,164,3,6,1,1,1,1,1,1,,,1300,1,1200,1300,16.2242746478873
189,164,3,6,1,1,1,4,0,,,,,,,,16.2242746478873
189,164,3,6,1,1,1,9,0,,,,,,,,16.2242746478873
189,164,3,6,1,1,1,10,0,,,,,,,,16.2242746478873
189,164,3,6,1,1,1,12,0,,,,,,,,16.2242746478873
189,164,3,6,1,1,1,5,1,555,0,8,0,0,,,16.2242746478873
189,164,3,6,1,1,1,7,0,,,,,,,,16.2242746478873
189,164,3,6,1,1,1,11,0,,,,,,,,16.2242746478873
189,164,3,6,1,1,1,13,0,,,,,,,,16.2242746478873
189,164,3,6,1,1,1,8,0,,,,,,,,16.2242746478873
189,164,3,6,1,1,1,6,1,8,35,,10000,1,9000,9500,16.2242746478873
189,164,3,6,1,1,1,2,0,,,,,,,,16.2242746478873
190,165,3,6,2,1,1,2,0,,,,,,,,118.891666666667
190,165,3,6,2,1,1,6,1,7,1,,250,1,200,230,118.891666666667
190,165,3,6,2,1,1,10,0,,,,,,,,118.891666666667
190,165,3,6,2,1,1,7,0,,,,,,,,118.891666666667
190,165,3,6,2,1,1,8,0,,,,,,,,118.891666666667
190,165,3,6,2,1,1,5,1,555,0,4,6000,0,,,118.891666666667
190,165,3,6,2,1,1,1,1,1,,,1250,1,1200,1300,118.891666666667
190,165,3,6,2,1,1,9,0,,,,,,,,118.891666666667
190,165,3,6,2,1,1,4,0,,,,,,,,118.891666666667
190,165,3,6,2,1,1,3,1,4,,,888,0,,,118.891666666667
190,165,3,6,2,1,1,12,0,,,,,,,,118.891666666667
190,165,3,6,2,1,1,13,0,,,,,,,,118.891666666667
190,165,3,6,2,1,1,11,0,,,,,,,,118.891666666667
191,166,3,6,1,1,1,7,0,,,,,,,,14.223983490566
191,166,3,6,1,1,1,10,0,,,,,,,,14.223983490566
191,166,3,6,1,1,1,11,0,,,,,,,,14.223983490566
191,166,3,6,1,1,1,12,0,,,,,,,,14.223983490566
191,166,3,6,1,1,1,5,1,5,5,,600,1,550,580,14.223983490566
191,166,3,6,1,1,1,4,0,,,,,,,,14.223983490566
191,166,3,6,1,1,1,3,1,4,,,888,0,,,14.223983490566
191,166,3,6,1,1,1,6,1,8,35,,9000,1,8000,8500,14.223983490566
191,166,3,6,1,1,1,1,1,1,,,1300,1,1000,1300,14.223983490566
191,166,3,6,1,1,1,9,0,,,,,,,,14.223983490566
191,166,3,6,1,1,1,13,0,,,,,,,,14.223983490566
191,166,3,6,1,1,1,2,0,,,,,,,,14.223983490566
191,166,3,6,1,1,1,8,0,,,,,,,,14.223983490566
192,167,3,6,1,1,1,2,0,,,,,,,,27.7581730263158
192,167,3,6,1,1,1,12,1,555,0,6,0,0,,,27.7581730263158
192,167,3,6,1,1,1,5,1,5,5,,500,1,450,500,27.7581730263158
192,167,3,6,1,1,1,11,0,,,,,,,,27.7581730263158
192,167,3,6,1,1,1,10,0,,,,,,,,27.7581730263158
192,167,3,6,1,1,1,4,0,,,,,,,,27.7581730263158
192,167,3,6,1,1,1,7,0,,,,,,,,27.7581730263158
192,167,3,6,1,1,1,6,1,1,,,350,1,300,320,27.7581730263158
192,167,3,6,1,1,1,13,0,,,,,,,,27.7581730263158
192,167,3,6,1,1,1,8,0,,,,,,,,27.7581730263158
192,167,3,6,1,1,1,1,0,,,,,,,,27.7581730263158
192,167,3,6,1,1,1,3,1,4,,,888,0,,,27.7581730263158
192,167,3,6,1,1,1,9,0,,,,,,,,27.7581730263158
193,168,3,6,2,1,1,8,0,,,,,,,,233.912705882353
193,168,3,6,2,1,1,1,0,,,,,,,,233.912705882353
193,168,3,6,2,1,1,6,0,,,,,,,,233.912705882353
193,168,3,6,2,1,1,2,0,,,,,,,,233.912705882353
193,168,3,6,2,1,1,5,1,555,0,6,0,0,,,233.912705882353
193,168,3,6,2,1,1,13,0,,,,,,,,233.912705882353
193,168,3,6,2,1,1,9,0,,,,,,,,233.912705882353
193,168,3,6,2,1,1,10,0,,,,,,,,233.912705882353
193,168,3,6,2,1,1,7,0,,,,,,,,233.912705882353
193,168,3,6,2,1,1,3,1,4,,,888,0,,,233.912705882353
193,168,3,6,2,1,1,4,0,,,,,,,,233.912705882353
193,168,3,6,2,1,1,11,0,,,,,,,,233.912705882353
193,168,3,6,2,1,1,12,1,555,0,8,0,0,,,233.912705882353
194,169,3,6,2,1,1,12,0,,,,,,,,159.81208
194,169,3,6,2,1,1,6,1,8,35,,9000,1,8000,9000,159.81208
194,169,3,6,2,1,1,9,0,,,,,,,,159.81208
194,169,3,6,2,1,1,10,0,,,,,,,,159.81208
194,169,3,6,2,1,1,8,0,,,,,,,,159.81208
194,169,3,6,2,1,1,7,0,,,,,,,,159.81208
194,169,3,6,2,1,1,3,1,4,,,888,0,,,159.81208
194,169,3,6,2,1,1,1,0,,,,,,,,159.81208
194,169,3,6,2,1,1,5,1,5,6,,600,1,500,580,159.81208
194,169,3,6,2,1,1,2,0,,,,,,,,159.81208
194,169,3,6,2,1,1,11,0,,,,,,,,159.81208
194,169,3,6,2,1,1,4,0,,,,,,,,159.81208
194,169,3,6,2,1,1,13,0,,,,,,,,159.81208
195,170,3,7,2,1,1,12,0,,,,,,,,79.1392834437086
195,170,3,7,2,1,1,9,0,,,,,,,,79.1392834437086
195,170,3,7,2,1,1,7,0,,,,,,,,79.1392834437086
195,170,3,7,2,1,1,8,0,,,,,,,,79.1392834437086
195,170,3,7,2,1,1,10,0,,,,,,,,79.1392834437086
195,170,3,7,2,1,1,3,1,4,,,888,0,,,79.1392834437086
195,170,3,7,2,1,1,5,1,5,8,,800,0,,,79.1392834437086
195,170,3,7,2,1,1,13,0,,,,,,,,79.1392834437086
195,170,3,7,2,1,1,2,0,,,,,,,,79.1392834437086
195,170,3,7,2,1,1,4,0,,,,,,,,79.1392834437086
195,170,3,7,2,1,1,11,0,,,,,,,,79.1392834437086
195,170,3,7,2,1,1,1,1,1,,,1250,1,1000,1300,79.1392834437086
195,170,3,7,2,1,1,6,1,8,32,,10000,1,9000,10000,79.1392834437086
196,171,3,7,2,1,1,12,0,,,,,,,,266.5758
196,171,3,7,2,1,1,7,0,,,,,,,,266.5758
196,171,3,7,2,1,1,3,1,4,,,888,0,,,266.5758
196,171,3,7,2,1,1,8,0,,,,,,,,266.5758
196,171,3,7,2,1,1,1,1,1,,,1350,0,,,266.5758
196,171,3,7,2,1,1,11,0,,,,,,,,266.5758
196,171,3,7,2,1,1,5,1,555,0,8,0,0,,,266.5758
196,171,3,7,2,1,1,10,0,,,,,,,,266.5758
196,171,3,7,2,1,1,6,1,8,888,,9500,1,8500,9500,266.5758
196,171,3,7,2,1,1,2,0,,,,,,,,266.5758
196,171,3,7,2,1,1,9,0,,,,,,,,266.5758
196,171,3,7,2,1,1,13,0,,,,,,,,266.5758
196,171,3,7,2,1,1,4,0,,,,,,,,266.5758
197,172,3,7,2,1,1,1,0,,,,,,,,159.770092307692
197,172,3,7,2,1,1,2,0,,,,,,,,159.770092307692
197,172,3,7,2,1,1,9,0,,,,,,,,159.770092307692
197,172,3,7,2,1,1,3,1,4,,,888,0,,,159.770092307692
197,172,3,7,2,1,1,4,0,,,,,,,,159.770092307692
197,172,3,7,2,1,1,10,0,,,,,,,,159.770092307692
197,172,3,7,2,1,1,13,0,,,,,,,,159.770092307692
197,172,3,7,2,1,1,5,1,555,0,8,0,0,,,159.770092307692
197,172,3,7,2,1,1,8,0,,,,,,,,159.770092307692
197,172,3,7,2,1,1,12,0,,,,,,,,159.770092307692
197,172,3,7,2,1,1,6,1,8,33,,9000,1,8000,8500,159.770092307692
197,172,3,7,2,1,1,11,0,,,,,,,,159.770092307692
197,172,3,7,2,1,1,7,0,,,,,,,,159.770092307692
198,173,3,7,2,1,1,13,0,,,,,,,,134.400469090909
198,173,3,7,2,1,1,9,0,,,,,,,,134.400469090909
198,173,3,7,2,1,1,5,1,555,0,1,0,0,,,134.400469090909
198,173,3,7,2,1,1,10,0,,,,,,,,134.400469090909
198,173,3,7,2,1,1,1,0,,,,,,,,134.400469090909
198,173,3,7,2,1,1,8,0,,,,,,,,134.400469090909
198,173,3,7,2,1,1,11,0,,,,,,,,134.400469090909
198,173,3,7,2,1,1,2,0,,,,,,,,134.400469090909
198,173,3,7,2,1,1,6,0,,,,,,,,134.400469090909
198,173,3,7,2,1,1,7,0,,,,,,,,134.400469090909
198,173,3,7,2,1,1,12,0,,,,,,,,134.400469090909
198,173,3,7,2,1,1,4,0,,,,,,,,134.400469090909
198,173,3,7,2,1,1,3,1,4,,,888,0,,,134.400469090909
199,174,4,1,2,1,1,9,0,,,,,,,,185.23665
199,174,4,1,2,1,1,8,0,,,,,,,,185.23665
199,174,4,1,2,1,1,12,0,,,,,,,,185.23665
199,174,4,1,2,1,1,3,1,4,,,888,0,,,185.23665
199,174,4,1,2,1,1,5,1,5,7,,800,1,700,800,185.23665
199,174,4,1,2,1,1,2,0,,,,,,,,185.23665
199,174,4,1,2,1,1,10,0,,,,,,,,185.23665
199,174,4,1,2,1,1,6,0,,,,,,,,185.23665
199,174,4,1,2,1,1,4,0,,,,,,,,185.23665
199,174,4,1,2,1,1,7,0,,,,,,,,185.23665
199,174,4,1,2,1,1,11,0,,,,,,,,185.23665
199,174,4,1,2,1,1,13,0,,,,,,,,185.23665
199,174,4,1,2,1,1,1,0,,,,,,,,185.23665
200,175,4,1,2,1,1,11,0,,,,,,,,76.3218756302521
200,175,4,1,2,1,1,10,0,,,,,,,,76.3218756302521
200,175,4,1,2,1,1,3,1,4,,,888,0,,,76.3218756302521
200,175,4,1,2,1,1,1,1,1,,,1250,1,1100,1200,76.3218756302521
200,175,4,1,2,1,1,2,0,,,,,,,,76.3218756302521
200,175,4,1,2,1,1,13,0,,,,,,,,76.3218756302521
200,175,4,1,2,1,1,9,0,,,,,,,,76.3218756302521
200,175,4,1,2,1,1,4,0,,,,,,,,76.3218756302521
200,175,4,1,2,1,1,12,0,,,,,,,,76.3218756302521
200,175,4,1,2,1,1,7,0,,,,,,,,76.3218756302521
200,175,4,1,2,1,1,8,0,,,,,,,,76.3218756302521
200,175,4,1,2,1,1,5,1,5,7,,800,1,700,800,76.3218756302521
200,175,4,1,2,1,1,6,1,1,,,350,0,,,76.3218756302521
201,176,4,1,2,1,1,10,0,,,,,,,,65.0943448275862
201,176,4,1,2,1,1,7,0,,,,,,,,65.0943448275862
201,176,4,1,2,1,1,12,0,,,,,,,,65.0943448275862
201,176,4,1,2,1,1,11,0,,,,,,,,65.0943448275862
201,176,4,1,2,1,1,9,0,,,,,,,,65.0943448275862
201,176,4,1,2,1,1,4,1,3,,,263,0,,,65.0943448275862
201,176,4,1,2,1,1,8,0,,,,,,,,65.0943448275862
201,176,4,1,2,1,1,2,0,,,,,,,,65.0943448275862
201,176,4,1,2,1,1,1,1,1,,,1700,0,,,65.0943448275862
201,176,4,1,2,1,1,5,1,5,6,,700,0,,,65.0943448275862
201,176,4,1,2,1,1,13,0,,,,,,,,65.0943448275862
201,176,4,1,2,1,1,6,1,1,,,350,0,,,65.0943448275862
201,176,4,1,2,1,1,3,1,4,,,888,0,,,65.0943448275862
202,177,4,1,1,1,1,4,1,3,,,250,0,,,9.64490152671756
202,177,4,1,1,1,1,11,0,,,,,,,,9.64490152671756
202,177,4,1,1,1,1,7,0,,,,,,,,9.64490152671756
202,177,4,1,1,1,1,13,0,,,,,,,,9.64490152671756
202,177,4,1,1,1,1,6,1,1,,,300,1,240,260,9.64490152671756
202,177,4,1,1,1,1,1,0,,,,,,,,9.64490152671756
202,177,4,1,1,1,1,2,0,,,,,,,,9.64490152671756
202,177,4,1,1,1,1,12,0,,,,,,,,9.64490152671756
202,177,4,1,1,1,1,10,0,,,,,,,,9.64490152671756
202,177,4,1,1,1,1,8,0,,,,,,,,9.64490152671756
202,177,4,1,1,1,1,5,1,5,6,,700,0,,,9.64490152671756
202,177,4,1,1,1,1,9,0,,,,,,,,9.64490152671756
202,177,4,1,1,1,1,3,1,4,,,888,0,,,9.64490152671756
203,178,4,1,2,1,1,1,0,,,,,,,,116.712714285714
203,178,4,1,2,1,1,9,0,,,,,,,,116.712714285714
203,178,4,1,2,1,1,11,0,,,,,,,,116.712714285714
203,178,4,1,2,1,1,10,0,,,,,,,,116.712714285714
203,178,4,1,2,1,1,12,1,5,888,,0,0,,,116.712714285714
203,178,4,1,2,1,1,2,0,,,,,,,,116.712714285714
203,178,4,1,2,1,1,8,0,,,,,,,,116.712714285714
203,178,4,1,2,1,1,6,0,,,,,,,,116.712714285714
203,178,4,1,2,1,1,7,0,,,,,,,,116.712714285714
203,178,4,1,2,1,1,4,1,3,,,263,0,,,116.712714285714
203,178,4,1,2,1,1,3,1,4,,,888,0,,,116.712714285714
203,178,4,1,2,1,1,13,0,,,,,,,,116.712714285714
203,178,4,1,2,1,1,5,1,5,5,,600,0,,,116.712714285714
204,179,4,2,2,1,1,1,0,,,,,,,,88.2872234042553
204,179,4,2,2,1,1,11,0,,,,,,,,88.2872234042553
204,179,4,2,2,1,1,8,0,,,,,,,,88.2872234042553
204,179,4,2,2,1,1,13,0,,,,,,,,88.2872234042553
204,179,4,2,2,1,1,4,0,,,,,,,,88.2872234042553
204,179,4,2,2,1,1,10,0,,,,,,,,88.2872234042553
204,179,4,2,2,1,1,2,0,,,,,,,,88.2872234042553
204,179,4,2,2,1,1,12,1,5,888,,0,0,,,88.2872234042553
204,179,4,2,2,1,1,5,1,5,7,,800,1,740,800,88.2872234042553
204,179,4,2,2,1,1,9,0,,,,,,,,88.2872234042553
204,179,4,2,2,1,1,7,0,,,,,,,,88.2872234042553
204,179,4,2,2,1,1,3,1,4,,,888,0,,,88.2872234042553
204,179,4,2,2,1,1,6,0,,,,,,,,88.2872234042553
205,180,4,2,2,1,1,10,0,,,,,,,,182.426832
205,180,4,2,2,1,1,3,1,4,,,888,0,,,182.426832
205,180,4,2,2,1,1,6,0,,,,,,,,182.426832
205,180,4,2,2,1,1,7,0,,,,,,,,182.426832
205,180,4,2,2,1,1,2,0,,,,,,,,182.426832
205,180,4,2,2,1,1,8,0,,,,,,,,182.426832
205,180,4,2,2,1,1,11,0,,,,,,,,182.426832
205,180,4,2,2,1,1,4,0,,,,,,,,182.426832
205,180,4,2,2,1,1,9,0,,,,,,,,182.426832
205,180,4,2,2,1,1,13,0,,,,,,,,182.426832
205,180,4,2,2,1,1,5,1,5,6,,800,1,700,780,182.426832
205,180,4,2,2,1,1,1,0,,,,,,,,182.426832
205,180,4,2,2,1,1,12,0,,,,,,,,182.426832
206,181,4,2,2,1,1,9,0,,,,,,,,139.53121875
206,181,4,2,2,1,1,12,1,5,888,,0,0,,,139.53121875
206,181,4,2,2,1,1,6,0,,,,,,,,139.53121875
206,181,4,2,2,1,1,8,0,,,,,,,,139.53121875
206,181,4,2,2,1,1,2,0,,,,,,,,139.53121875
206,181,4,2,2,1,1,13,0,,,,,,,,139.53121875
206,181,4,2,2,1,1,4,0,,,,,,,,139.53121875
206,181,4,2,2,1,1,5,1,5,6,,700,1,580,600,139.53121875
206,181,4,2,2,1,1,7,0,,,,,,,,139.53121875
206,181,4,2,2,1,1,3,1,4,,,888,0,,,139.53121875
206,181,4,2,2,1,1,1,0,,,,,,,,139.53121875
206,181,4,2,2,1,1,11,0,,,,,,,,139.53121875
206,181,4,2,2,1,1,10,0,,,,,,,,139.53121875
207,182,4,2,2,1,1,2,0,,,,,,,,151.801378881988
207,182,4,2,2,1,1,6,0,,,,,,,,151.801378881988
207,182,4,2,2,1,1,13,0,,,,,,,,151.801378881988
207,182,4,2,2,1,1,1,0,,,,,,,,151.801378881988
207,182,4,2,2,1,1,5,0,,,,,,,,151.801378881988
207,182,4,2,2,1,1,8,0,,,,,,,,151.801378881988
207,182,4,2,2,1,1,9,0,,,,,,,,151.801378881988
207,182,4,2,2,1,1,11,0,,,,,,,,151.801378881988
207,182,4,2,2,1,1,10,0,,,,,,,,151.801378881988
207,182,4,2,2,1,1,3,1,4,,,888,0,,,151.801378881988
207,182,4,2,2,1,1,4,0,,,,,,,,151.801378881988
207,182,4,2,2,1,1,12,1,5,888,,0,0,,,151.801378881988
207,182,4,2,2,1,1,7,0,,,,,,,,151.801378881988
208,183,4,2,1,1,1,3,1,4,,,888,0,,,11.9892
208,183,4,2,1,1,1,2,0,,,,,,,,11.9892
208,183,4,2,1,1,1,4,0,,,,,,,,11.9892
208,183,4,2,1,1,1,5,1,5,6,,600,1,500,580,11.9892
208,183,4,2,1,1,1,1,1,1,,,1350,1,1000,1300,11.9892
208,183,4,2,1,1,1,11,0,,,,,,,,11.9892
208,183,4,2,1,1,1,8,0,,,,,,,,11.9892
208,183,4,2,1,1,1,12,1,1,,,0,0,,,11.9892
208,183,4,2,1,1,1,6,1,1,,,250,1,200,230,11.9892
208,183,4,2,1,1,1,10,0,,,,,,,,11.9892
208,183,4,2,1,1,1,9,0,,,,,,,,11.9892
208,183,4,2,1,1,1,13,0,,,,,,,,11.9892
208,183,4,2,1,1,1,7,0,,,,,,,,11.9892
209,184,4,3,1,1,1,5,1,5,8,,900,1,770,800,6.75759981412639
209,184,4,3,1,1,1,4,0,,,,,,,,6.75759981412639
209,184,4,3,1,1,1,2,0,,,,,,,,6.75759981412639
209,184,4,3,1,1,1,3,1,4,,,888,0,,,6.75759981412639
209,184,4,3,1,1,1,1,1,1,,,1667,1,1350,1450,6.75759981412639
209,184,4,3,1,1,1,12,1,5,888,,0,0,,,6.75759981412639
209,184,4,3,1,1,1,9,0,,,,,,,,6.75759981412639
209,184,4,3,1,1,1,10,0,,,,,,,,6.75759981412639
209,184,4,3,1,1,1,11,0,,,,,,,,6.75759981412639
209,184,4,3,1,1,1,13,0,,,,,,,,6.75759981412639
209,184,4,3,1,1,1,7,0,,,,,,,,6.75759981412639
209,184,4,3,1,1,1,8,0,,,,,,,,6.75759981412639
209,184,4,3,1,1,1,6,1,1,,,300,1,200,250,6.75759981412639
210,185,4,3,2,1,1,10,0,,,,,,,,52.2024086021505
210,185,4,3,2,1,1,5,1,5,6,,600,1,500,600,52.2024086021505
210,185,4,3,2,1,1,8,0,,,,,,,,52.2024086021505
210,185,4,3,2,1,1,9,0,,,,,,,,52.2024086021505
210,185,4,3,2,1,1,2,0,,,,,,,,52.2024086021505
210,185,4,3,2,1,1,12,0,,,,,,,,52.2024086021505
210,185,4,3,2,1,1,6,1,7,1,,300,1,250,300,52.2024086021505
210,185,4,3,2,1,1,1,1,1,,,1350,1,1100,1250,52.2024086021505
210,185,4,3,2,1,1,4,1,3,,,270,0,,,52.2024086021505
210,185,4,3,2,1,1,3,1,4,,,888,0,,,52.2024086021505
210,185,4,3,2,1,1,7,0,,,,,,,,52.2024086021505
210,185,4,3,2,1,1,11,0,,,,,,,,52.2024086021505
210,185,4,3,2,1,1,13,0,,,,,,,,52.2024086021505
211,186,4,3,1,1,1,4,0,,,,,,,,15.0635503571429
211,186,4,3,1,1,1,12,0,,,,,,,,15.0635503571429
211,186,4,3,1,1,1,2,0,,,,,,,,15.0635503571429
211,186,4,3,1,1,1,1,1,1,,,1275,1,1000,1200,15.0635503571429
211,186,4,3,1,1,1,7,0,,,,,,,,15.0635503571429
211,186,4,3,1,1,1,11,0,,,,,,,,15.0635503571429
211,186,4,3,1,1,1,5,1,5,8,,900,1,780,800,15.0635503571429
211,186,4,3,1,1,1,6,1,1,,,350,1,200,260,15.0635503571429
211,186,4,3,1,1,1,9,0,,,,,,,,15.0635503571429
211,186,4,3,1,1,1,13,0,,,,,,,,15.0635503571429
211,186,4,3,1,1,1,8,0,,,,,,,,15.0635503571429
211,186,4,3,1,1,1,10,0,,,,,,,,15.0635503571429
211,186,4,3,1,1,1,3,1,4,,,888,0,,,15.0635503571429
212,187,4,3,1,1,1,8,0,,,,,,,,6.1324285046729
212,187,4,3,1,1,1,5,1,5,7,,800,1,740,800,6.1324285046729
212,187,4,3,1,1,1,13,0,,,,,,,,6.1324285046729
212,187,4,3,1,1,1,11,0,,,,,,,,6.1324285046729
212,187,4,3,1,1,1,2,0,,,,,,,,6.1324285046729
212,187,4,3,1,1,1,12,0,,,,,,,,6.1324285046729
212,187,4,3,1,1,1,1,1,1,,,1667,0,,,6.1324285046729
212,187,4,3,1,1,1,7,0,,,,,,,,6.1324285046729
212,187,4,3,1,1,1,6,1,1,,,350,1,200,250,6.1324285046729
212,187,4,3,1,1,1,10,0,,,,,,,,6.1324285046729
212,187,4,3,1,1,1,3,1,4,,,888,0,,,6.1324285046729
212,187,4,3,1,1,1,9,0,,,,,,,,6.1324285046729
212,187,4,3,1,1,1,4,0,,,,,,,,6.1324285046729
213,188,4,3,2,1,1,10,0,,,,,,,,80.2201796407186
213,188,4,3,2,1,1,12,0,,,,,,,,80.2201796407186
213,188,4,3,2,1,1,3,1,4,,,888,0,,,80.2201796407186
213,188,4,3,2,1,1,11,0,,,,,,,,80.2201796407186
213,188,4,3,2,1,1,8,0,,,,,,,,80.2201796407186
213,188,4,3,2,1,1,5,1,5,5,,600,1,480,580,80.2201796407186
213,188,4,3,2,1,1,7,0,,,,,,,,80.2201796407186
213,188,4,3,2,1,1,1,0,,,,,,,,80.2201796407186
213,188,4,3,2,1,1,9,0,,,,,,,,80.2201796407186
213,188,4,3,2,1,1,2,0,,,,,,,,80.2201796407186
213,188,4,3,2,1,1,13,0,,,,,,,,80.2201796407186
213,188,4,3,2,1,1,4,0,,,,,,,,80.2201796407186
213,188,4,3,2,1,1,6,1,1,,,300,1,250,270,80.2201796407186
214,189,4,3,1,1,1,13,0,,,,,,,,12.1581888235294
214,189,4,3,1,1,1,8,0,,,,,,,,12.1581888235294
214,189,4,3,1,1,1,4,0,,,,,,,,12.1581888235294
214,189,4,3,1,1,1,7,0,,,,,,,,12.1581888235294
214,189,4,3,1,1,1,10,0,,,,,,,,12.1581888235294
214,189,4,3,1,1,1,9,0,,,,,,,,12.1581888235294
214,189,4,3,1,1,1,6,1,1,,,300,1,250,280,12.1581888235294
214,189,4,3,1,1,1,12,0,,,,,,,,12.1581888235294
214,189,4,3,1,1,1,11,0,,,,,,,,12.1581888235294
214,189,4,3,1,1,1,3,1,4,,,888,0,,,12.1581888235294
214,189,4,3,1,1,1,2,0,,,,,,,,12.1581888235294
214,189,4,3,1,1,1,5,1,5,6,,600,1,550,600,12.1581888235294
214,189,4,3,1,1,1,1,0,,,,,,,,12.1581888235294
215,190,4,3,1,1,1,11,0,,,,,,,,5.1521799689441
215,190,4,3,1,1,1,10,0,,,,,,,,5.1521799689441
215,190,4,3,1,1,1,9,0,,,,,,,,5.1521799689441
215,190,4,3,1,1,1,1,1,1,,,1667,1,1450,1600,5.1521799689441
215,190,4,3,1,1,1,3,1,4,,,888,0,,,5.1521799689441
215,190,4,3,1,1,1,12,0,,,,,,,,5.1521799689441
215,190,4,3,1,1,1,6,1,1,,,350,1,250,300,5.1521799689441
215,190,4,3,1,1,1,7,0,,,,,,,,5.1521799689441
215,190,4,3,1,1,1,13,0,,,,,,,,5.1521799689441
215,190,4,3,1,1,1,8,0,,,,,,,,5.1521799689441
215,190,4,3,1,1,1,4,1,3,,,239,0,,,5.1521799689441
215,190,4,3,1,1,1,2,0,,,,,,,,5.1521799689441
215,190,4,3,1,1,1,5,1,5,5,,600,1,550,580,5.1521799689441
216,191,4,3,1,1,1,10,0,,,,,,,,10.5304336363636
216,191,4,3,1,1,1,3,1,4,,,888,0,,,10.5304336363636
216,191,4,3,1,1,1,8,0,,,,,,,,10.5304336363636
216,191,4,3,1,1,1,1,1,1,,,1200,1,1000,1250,10.5304336363636
216,191,4,3,1,1,1,13,0,,,,,,,,10.5304336363636
216,191,4,3,1,1,1,2,0,,,,,,,,10.5304336363636
216,191,4,3,1,1,1,7,0,,,,,,,,10.5304336363636
216,191,4,3,1,1,1,9,0,,,,,,,,10.5304336363636
216,191,4,3,1,1,1,6,1,1,,,350,1,250,300,10.5304336363636
216,191,4,3,1,1,1,12,0,,,,,,,,10.5304336363636
216,191,4,3,1,1,1,4,0,,,,,,,,10.5304336363636
216,191,4,3,1,1,1,5,0,,,,,,,,10.5304336363636
216,191,4,3,1,1,1,11,0,,,,,,,,10.5304336363636
217,192,4,3,1,1,1,7,0,,,,,,,,5.16715702479339
217,192,4,3,1,1,1,6,1,1,,,350,1,200,250,5.16715702479339
217,192,4,3,1,1,1,9,0,,,,,,,,5.16715702479339
217,192,4,3,1,1,1,1,1,1,,,1667,1,1450,1700,5.16715702479339
217,192,4,3,1,1,1,8,0,,,,,,,,5.16715702479339
217,192,4,3,1,1,1,11,0,,,,,,,,5.16715702479339
217,192,4,3,1,1,1,3,1,4,,,888,0,,,5.16715702479339
217,192,4,3,1,1,1,2,0,,,,,,,,5.16715702479339
217,192,4,3,1,1,1,10,0,,,,,,,,5.16715702479339
217,192,4,3,1,1,1,4,0,,,,,,,,5.16715702479339
217,192,4,3,1,1,1,5,1,5,5,,620,1,580,600,5.16715702479339
217,192,4,3,1,1,1,12,0,,,,,,,,5.16715702479339
217,192,4,3,1,1,1,13,0,,,,,,,,5.16715702479339
218,193,4,3,1,1,1,8,0,,,,,,,,12.095536
218,193,4,3,1,1,1,2,0,,,,,,,,12.095536
218,193,4,3,1,1,1,13,0,,,,,,,,12.095536
218,193,4,3,1,1,1,7,0,,,,,,,,12.095536
218,193,4,3,1,1,1,11,0,,,,,,,,12.095536
218,193,4,3,1,1,1,3,1,4,,,888,0,,,12.095536
218,193,4,3,1,1,1,1,1,1,,,1600,1,1350,1433,12.095536
218,193,4,3,1,1,1,5,1,5,6,,700,1,580,600,12.095536
218,193,4,3,1,1,1,9,0,,,,,,,,12.095536
218,193,4,3,1,1,1,10,0,,,,,,,,12.095536
218,193,4,3,1,1,1,6,1,1,,,350,1,200,220,12.095536
218,193,4,3,1,1,1,4,1,3,,,250,0,,,12.095536
218,193,4,3,1,1,1,12,0,,,,,,,,12.095536
219,194,4,3,2,1,1,12,0,,,,,,,,151.93865060241
219,194,4,3,2,1,1,9,0,,,,,,,,151.93865060241
219,194,4,3,2,1,1,8,0,,,,,,,,151.93865060241
219,194,4,3,2,1,1,1,0,,,,,,,,151.93865060241
219,194,4,3,2,1,1,11,0,,,,,,,,151.93865060241
219,194,4,3,2,1,1,13,0,,,,,,,,151.93865060241
219,194,4,3,2,1,1,5,1,5,6,,700,1,580,600,151.93865060241
219,194,4,3,2,1,1,7,0,,,,,,,,151.93865060241
219,194,4,3,2,1,1,3,1,4,,,888,0,,,151.93865060241
219,194,4,3,2,1,1,10,0,,,,,,,,151.93865060241
219,194,4,3,2,1,1,2,0,,,,,,,,151.93865060241
219,194,4,3,2,1,1,4,0,,,,,,,,151.93865060241
219,194,4,3,2,1,1,6,0,,,,,,,,151.93865060241
220,195,4,3,1,1,1,9,0,,,,,,,,7.68185333333333
220,195,4,3,1,1,1,2,0,,,,,,,,7.68185333333333
220,195,4,3,1,1,1,8,0,,,,,,,,7.68185333333333
220,195,4,3,1,1,1,3,1,4,,,888,0,,,7.68185333333333
220,195,4,3,1,1,1,1,1,1,,,1400,1,1350,1450,7.68185333333333
220,195,4,3,1,1,1,12,0,,,,,,,,7.68185333333333
220,195,4,3,1,1,1,6,1,1,,,350,1,250,300,7.68185333333333
220,195,4,3,1,1,1,4,0,,,,,,,,7.68185333333333
220,195,4,3,1,1,1,5,1,5,7,,800,1,700,800,7.68185333333333
220,195,4,3,1,1,1,7,1,2,,,1500,1,1050,1350,7.68185333333333
220,195,4,3,1,1,1,10,0,,,,,,,,7.68185333333333
220,195,4,3,1,1,1,11,0,,,,,,,,7.68185333333333
220,195,4,3,1,1,1,13,0,,,,,,,,7.68185333333333
221,196,4,3,1,1,1,3,1,4,,,888,0,,,15.9206272727273
221,196,4,3,1,1,1,1,0,,,,,,,,15.9206272727273
221,196,4,3,1,1,1,4,0,,,,,,,,15.9206272727273
221,196,4,3,1,1,1,11,0,,,,,,,,15.9206272727273
221,196,4,3,1,1,1,12,0,,,,,,,,15.9206272727273
221,196,4,3,1,1,1,5,1,5,7,,900,1,780,850,15.9206272727273
221,196,4,3,1,1,1,2,0,,,,,,,,15.9206272727273
221,196,4,3,1,1,1,7,0,,,,,,,,15.9206272727273
221,196,4,3,1,1,1,6,1,1,,,250,0,,,15.9206272727273
221,196,4,3,1,1,1,10,0,,,,,,,,15.9206272727273
221,196,4,3,1,1,1,9,0,,,,,,,,15.9206272727273
221,196,4,3,1,1,1,8,0,,,,,,,,15.9206272727273
221,196,4,3,1,1,1,13,0,,,,,,,,15.9206272727273
222,197,4,3,2,1,1,3,1,4,,,888,0,,,102.326509433962
222,197,4,3,2,1,1,9,0,,,,,,,,102.326509433962
222,197,4,3,2,1,1,12,1,5,888,,0,0,,,102.326509433962
222,197,4,3,2,1,1,13,0,,,,,,,,102.326509433962
222,197,4,3,2,1,1,4,0,,,,,,,,102.326509433962
222,197,4,3,2,1,1,10,0,,,,,,,,102.326509433962
222,197,4,3,2,1,1,11,0,,,,,,,,102.326509433962
222,197,4,3,2,1,1,7,0,,,,,,,,102.326509433962
222,197,4,3,2,1,1,1,0,,,,,,,,102.326509433962
222,197,4,3,2,1,1,2,0,,,,,,,,102.326509433962
222,197,4,3,2,1,1,6,1,1,,,350,0,,,102.326509433962
222,197,4,3,2,1,1,5,1,5,7,,800,0,,,102.326509433962
222,197,4,3,2,1,1,8,0,,,,,,,,102.326509433962
223,198,4,4,2,1,1,1,0,,,,,,,,325.358129032258
223,198,4,4,2,1,1,12,0,,,,,,,,325.358129032258
223,198,4,4,2,1,1,6,1,7,1,,250,1,200,230,325.358129032258
223,198,4,4,2,1,1,9,0,,,,,,,,325.358129032258
223,198,4,4,2,1,1,13,0,,,,,,,,325.358129032258
223,198,4,4,2,1,1,11,0,,,,,,,,325.358129032258
223,198,4,4,2,1,1,3,1,4,,,888,0,,,325.358129032258
223,198,4,4,2,1,1,5,1,5,8,,900,1,770,800,325.358129032258
223,198,4,4,2,1,1,10,0,,,,,,,,325.358129032258
223,198,4,4,2,1,1,4,0,,,,,,,,325.358129032258
223,198,4,4,2,1,1,7,0,,,,,,,,325.358129032258
223,198,4,4,2,1,1,8,0,,,,,,,,325.358129032258
223,198,4,4,2,1,1,2,0,,,,,,,,325.358129032258
224,199,4,4,1,1,1,1,1,1,,,1200,1,1000,1250,10.216724137931
224,199,4,4,1,1,1,8,0,,,,,,,,10.216724137931
224,199,4,4,1,1,1,7,0,,,,,,,,10.216724137931
224,199,4,4,1,1,1,11,0,,,,,,,,10.216724137931
224,199,4,4,1,1,1,10,0,,,,,,,,10.216724137931
224,199,4,4,1,1,1,2,0,,,,,,,,10.216724137931
224,199,4,4,1,1,1,3,1,4,,,888,0,,,10.216724137931
224,199,4,4,1,1,1,5,1,5,5,,620,1,480,600,10.216724137931
224,199,4,4,1,1,1,9,0,,,,,,,,10.216724137931
224,199,4,4,1,1,1,12,1,5,888,,0,0,,,10.216724137931
224,199,4,4,1,1,1,6,1,7,1.5,,300,1,200,220,10.216724137931
224,199,4,4,1,1,1,4,0,,,,,,,,10.216724137931
224,199,4,4,1,1,1,13,0,,,,,,,,10.216724137931
225,200,4,4,2,1,1,7,0,,,,,,,,90.7926956521739
225,200,4,4,2,1,1,9,0,,,,,,,,90.7926956521739
225,200,4,4,2,1,1,8,0,,,,,,,,90.7926956521739
225,200,4,4,2,1,1,3,1,4,,,888,0,,,90.7926956521739
225,200,4,4,2,1,1,6,1,7,1,,300,1,250,270,90.7926956521739
225,200,4,4,2,1,1,2,0,,,,,,,,90.7926956521739
225,200,4,4,2,1,1,11,0,,,,,,,,90.7926956521739
225,200,4,4,2,1,1,4,0,,,,,,,,90.7926956521739
225,200,4,4,2,1,1,12,0,,,,,,,,90.7926956521739
225,200,4,4,2,1,1,1,0,,,,,,,,90.7926956521739
225,200,4,4,2,1,1,5,1,5,8,,900,1,770,800,90.7926956521739
225,200,4,4,2,1,1,13,0,,,,,,,,90.7926956521739
225,200,4,4,2,1,1,10,0,,,,,,,,90.7926956521739
226,201,4,4,2,1,1,9,0,,,,,,,,129.102220588235
226,201,4,4,2,1,1,5,1,5,8,,900,1,800,850,129.102220588235
226,201,4,4,2,1,1,7,0,,,,,,,,129.102220588235
226,201,4,4,2,1,1,6,0,,,,,,,,129.102220588235
226,201,4,4,2,1,1,11,0,,,,,,,,129.102220588235
226,201,4,4,2,1,1,12,1,5,888,,0,0,,,129.102220588235
226,201,4,4,2,1,1,8,0,,,,,,,,129.102220588235
226,201,4,4,2,1,1,2,0,,,,,,,,129.102220588235
226,201,4,4,2,1,1,13,0,,,,,,,,129.102220588235
226,201,4,4,2,1,1,10,0,,,,,,,,129.102220588235
226,201,4,4,2,1,1,4,0,,,,,,,,129.102220588235
226,201,4,4,2,1,1,1,0,,,,,,,,129.102220588235
226,201,4,4,2,1,1,3,1,4,,,888,0,,,129.102220588235
227,202,4,4,2,1,1,10,0,,,,,,,,81.5528605263158
227,202,4,4,2,1,1,13,0,,,,,,,,81.5528605263158
227,202,4,4,2,1,1,3,1,4,,,888,0,,,81.5528605263158
227,202,4,4,2,1,1,6,0,,,,,,,,81.5528605263158
227,202,4,4,2,1,1,7,0,,,,,,,,81.5528605263158
227,202,4,4,2,1,1,4,0,,,,,,,,81.5528605263158
227,202,4,4,2,1,1,12,1,5,888,,0,0,,,81.5528605263158
227,202,4,4,2,1,1,1,0,,,,,,,,81.5528605263158
227,202,4,4,2,1,1,5,0,,,,,,,,81.5528605263158
227,202,4,4,2,1,1,8,0,,,,,,,,81.5528605263158
227,202,4,4,2,1,1,9,0,,,,,,,,81.5528605263158
227,202,4,4,2,1,1,11,0,,,,,,,,81.5528605263158
227,202,4,4,2,1,1,2,0,,,,,,,,81.5528605263158
228,203,4,4,2,1,1,7,0,,,,,,,,119.497333333333
228,203,4,4,2,1,1,13,0,,,,,,,,119.497333333333
228,203,4,4,2,1,1,10,0,,,,,,,,119.497333333333
228,203,4,4,2,1,1,11,0,,,,,,,,119.497333333333
228,203,4,4,2,1,1,12,1,1,,,0,0,,,119.497333333333
228,203,4,4,2,1,1,4,0,,,,,,,,119.497333333333
228,203,4,4,2,1,1,2,0,,,,,,,,119.497333333333
228,203,4,4,2,1,1,5,1,5,6,,700,0,,,119.497333333333
228,203,4,4,2,1,1,8,0,,,,,,,,119.497333333333
228,203,4,4,2,1,1,3,1,4,,,888,0,,,119.497333333333
228,203,4,4,2,1,1,1,0,,,,,,,,119.497333333333
228,203,4,4,2,1,1,6,0,,,,,,,,119.497333333333
228,203,4,4,2,1,1,9,0,,,,,,,,119.497333333333
229,204,4,5,1,1,1,10,0,,,,,,,,8.65588105263158
229,204,4,5,1,1,1,8,0,,,,,,,,8.65588105263158
229,204,4,5,1,1,1,5,1,5,6,,700,1,600,650,8.65588105263158
229,204,4,5,1,1,1,11,0,,,,,,,,8.65588105263158
229,204,4,5,1,1,1,4,0,,,,,,,,8.65588105263158
229,204,4,5,1,1,1,7,0,,,,,,,,8.65588105263158
229,204,4,5,1,1,1,6,0,,,,,,,,8.65588105263158
229,204,4,5,1,1,1,13,0,,,,,,,,8.65588105263158
229,204,4,5,1,1,1,12,1,555,0,1,0,0,,,8.65588105263158
229,204,4,5,1,1,1,1,0,,,,,,,,8.65588105263158
229,204,4,5,1,1,1,9,0,,,,,,,,8.65588105263158
229,204,4,5,1,1,1,2,0,,,,,,,,8.65588105263158
229,204,4,5,1,1,1,3,1,4,,,888,0,,,8.65588105263158
231,205,4,5,2,1,1,5,1,5,7,,700,1,580,600,73.3824504504504
231,205,4,5,2,1,1,12,0,,,,,,,,73.3824504504504
231,205,4,5,2,1,1,7,0,,,,,,,,73.3824504504504
231,205,4,5,2,1,1,6,0,,,,,,,,73.3824504504504
231,205,4,5,2,1,1,10,0,,,,,,,,73.3824504504504
231,205,4,5,2,1,1,2,0,,,,,,,,73.3824504504504
231,205,4,5,2,1,1,13,0,,,,,,,,73.3824504504504
231,205,4,5,2,1,1,8,0,,,,,,,,73.3824504504504
231,205,4,5,2,1,1,11,0,,,,,,,,73.3824504504504
231,205,4,5,2,1,1,4,0,,,,,,,,73.3824504504504
231,205,4,5,2,1,1,3,1,4,,,888,0,,,73.3824504504504
231,205,4,5,2,1,1,1,0,,,,,,,,73.3824504504504
231,205,4,5,2,1,1,9,0,,,,,,,,73.3824504504504
234,206,4,5,2,1,1,6,1,8,33,,10000,1,9000,10000,76.9769217391304
234,206,4,5,2,1,1,7,0,,,,,,,,76.9769217391304
234,206,4,5,2,1,1,1,0,,,,,,,,76.9769217391304
234,206,4,5,2,1,1,11,0,,,,,,,,76.9769217391304
234,206,4,5,2,1,1,4,0,,,,,,,,76.9769217391304
234,206,4,5,2,1,1,3,1,4,,,888,0,,,76.9769217391304
234,206,4,5,2,1,1,8,0,,,,,,,,76.9769217391304
234,206,4,5,2,1,1,5,1,5,5,,620,0,,,76.9769217391304
234,206,4,5,2,1,1,12,0,,,,,,,,76.9769217391304
234,206,4,5,2,1,1,9,0,,,,,,,,76.9769217391304
234,206,4,5,2,1,1,13,0,,,,,,,,76.9769217391304
234,206,4,5,2,1,1,10,0,,,,,,,,76.9769217391304
234,206,4,5,2,1,1,2,0,,,,,,,,76.9769217391304
235,207,4,5,2,1,1,7,0,,,,,,,,190.598447368421
235,207,4,5,2,1,1,9,0,,,,,,,,190.598447368421
235,207,4,5,2,1,1,3,1,4,,,888,0,,,190.598447368421
235,207,4,5,2,1,1,4,0,,,,,,,,190.598447368421
235,207,4,5,2,1,1,1,0,,,,,,,,190.598447368421
235,207,4,5,2,1,1,2,0,,,,,,,,190.598447368421
235,207,4,5,2,1,1,13,0,,,,,,,,190.598447368421
235,207,4,5,2,1,1,12,1,5,888,,0,0,,,190.598447368421
235,207,4,5,2,1,1,11,0,,,,,,,,190.598447368421
235,207,4,5,2,1,1,8,0,,,,,,,,190.598447368421
235,207,4,5,2,1,1,10,0,,,,,,,,190.598447368421
235,207,4,5,2,1,1,5,1,5,6,,700,1,580,600,190.598447368421
235,207,4,5,2,1,1,6,0,,,,,,,,190.598447368421
236,208,4,5,2,1,1,2,0,,,,,,,,93.4768661971831
236,208,4,5,2,1,1,1,1,1,,,1300,1,1100,1200,93.4768661971831
236,208,4,5,2,1,1,9,0,,,,,,,,93.4768661971831
236,208,4,5,2,1,1,11,0,,,,,,,,93.4768661971831
236,208,4,5,2,1,1,6,1,8,34,,11000,1,10000,11000,93.4768661971831
236,208,4,5,2,1,1,4,0,,,,,,,,93.4768661971831
236,208,4,5,2,1,1,7,0,,,,,,,,93.4768661971831
236,208,4,5,2,1,1,3,1,4,,,888,0,,,93.4768661971831
236,208,4,5,2,1,1,10,0,,,,,,,,93.4768661971831
236,208,4,5,2,1,1,8,0,,,,,,,,93.4768661971831
236,208,4,5,2,1,1,12,0,,,,,,,,93.4768661971831
236,208,4,5,2,1,1,5,1,1,,,800,1,700,780,93.4768661971831
236,208,4,5,2,1,1,13,0,,,,,,,,93.4768661971831
237,209,5,1,2,1,1,1,0,,,,,,,,75.9446417910448
237,209,5,1,2,1,1,7,0,,,,,,,,75.9446417910448
237,209,5,1,2,1,1,10,0,,,,,,,,75.9446417910448
237,209,5,1,2,1,1,8,0,,,,,,,,75.9446417910448
237,209,5,1,2,1,1,12,1,555,0,8,0,0,,,75.9446417910448
237,209,5,1,2,1,1,3,1,4,,,888,0,,,75.9446417910448
237,209,5,1,2,1,1,9,0,,,,,,,,75.9446417910448
237,209,5,1,2,1,1,11,0,,,,,,,,75.9446417910448
237,209,5,1,2,1,1,13,0,,,,,,,,75.9446417910448
237,209,5,1,2,1,1,5,1,1,,,110,1,300,400,75.9446417910448
237,209,5,1,2,1,1,6,1,1,,,300,1,200,250,75.9446417910448
237,209,5,1,2,1,1,4,1,3,,,200,0,,,75.9446417910448
237,209,5,1,2,1,1,2,0,,,,,,,,75.9446417910448
238,210,5,1,1,1,1,6,1,1,,,260,0,,,20.0439647058824
238,210,5,1,1,1,1,5,1,1,,,180,0,,,20.0439647058824
238,210,5,1,1,1,1,13,0,,,,,,,,20.0439647058824
238,210,5,1,1,1,1,2,0,,,,,,,,20.0439647058824
238,210,5,1,1,1,1,8,0,,,,,,,,20.0439647058824
238,210,5,1,1,1,1,3,1,4,,,888,0,,,20.0439647058824
238,210,5,1,1,1,1,4,1,3,,,270,0,,,20.0439647058824
238,210,5,1,1,1,1,10,0,,,,,,,,20.0439647058824
238,210,5,1,1,1,1,9,0,,,,,,,,20.0439647058824
238,210,5,1,1,1,1,11,0,,,,,,,,20.0439647058824
238,210,5,1,1,1,1,12,0,,,,,,,,20.0439647058824
238,210,5,1,1,1,1,1,1,1,,,1300,0,,,20.0439647058824
238,210,5,1,1,1,1,7,0,,,,,,,,20.0439647058824
239,211,5,1,1,1,1,7,0,,,,,,,,4.94822621359223
239,211,5,1,1,1,1,8,0,,,,,,,,4.94822621359223
239,211,5,1,1,1,1,4,1,3,,,125,0,,,4.94822621359223
239,211,5,1,1,1,1,2,0,,,,,,,,4.94822621359223
239,211,5,1,1,1,1,3,1,4,,,888,0,,,4.94822621359223
239,211,5,1,1,1,1,1,1,1,,,1300,1,1100,1200,4.94822621359223
239,211,5,1,1,1,1,5,1,5,5,,650,1,480,580,4.94822621359223
239,211,5,1,1,1,1,10,0,,,,,,,,4.94822621359223
239,211,5,1,1,1,1,11,0,,,,,,,,4.94822621359223
239,211,5,1,1,1,1,9,0,,,,,,,,4.94822621359223
239,211,5,1,1,1,1,13,0,,,,,,,,4.94822621359223
239,211,5,1,1,1,1,12,0,,,,,,,,4.94822621359223
239,211,5,1,1,1,1,6,1,8,34,,11000,0,,,4.94822621359223
240,212,5,1,1,1,1,1,1,1,,,1300,1,1275,1400,14.4773126760563
240,212,5,1,1,1,1,3,1,4,,,888,0,,,14.4773126760563
240,212,5,1,1,1,1,9,0,,,,,,,,14.4773126760563
240,212,5,1,1,1,1,2,0,,,,,,,,14.4773126760563
240,212,5,1,1,1,1,12,1,5,888,,0,0,,,14.4773126760563
240,212,5,1,1,1,1,13,0,,,,,,,,14.4773126760563
240,212,5,1,1,1,1,5,1,5,7,,900,1,780,800,14.4773126760563
240,212,5,1,1,1,1,10,0,,,,,,,,14.4773126760563
240,212,5,1,1,1,1,4,1,3,,,238,0,,,14.4773126760563
240,212,5,1,1,1,1,7,0,,,,,,,,14.4773126760563
240,212,5,1,1,1,1,6,1,7,1,,250,0,,,14.4773126760563
240,212,5,1,1,1,1,11,0,,,,,,,,14.4773126760563
240,212,5,1,1,1,1,8,0,,,,,,,,14.4773126760563
241,213,5,1,2,1,1,2,0,,,,,,,,119.70275862069
241,213,5,1,2,1,1,4,1,3,,,150,0,,,119.70275862069
241,213,5,1,2,1,1,3,1,4,,,888,0,,,119.70275862069
241,213,5,1,2,1,1,7,0,,,,,,,,119.70275862069
241,213,5,1,2,1,1,13,0,,,,,,,,119.70275862069
241,213,5,1,2,1,1,6,1,1,,,300,1,200,250,119.70275862069
241,213,5,1,2,1,1,12,1,555,0,7,0,0,,,119.70275862069
241,213,5,1,2,1,1,10,0,,,,,,,,119.70275862069
241,213,5,1,2,1,1,11,0,,,,,,,,119.70275862069
241,213,5,1,2,1,1,8,0,,,,,,,,119.70275862069
241,213,5,1,2,1,1,5,1,5,5,,500,1,450,480,119.70275862069
241,213,5,1,2,1,1,9,0,,,,,,,,119.70275862069
241,213,5,1,2,1,1,1,0,,,,,,,,119.70275862069
242,214,5,1,2,1,1,9,0,,,,,,,,110.882382978723
242,214,5,1,2,1,1,4,1,3,,,265,0,,,110.882382978723
242,214,5,1,2,1,1,3,1,4,,,888,0,,,110.882382978723
242,214,5,1,2,1,1,13,0,,,,,,,,110.882382978723
242,214,5,1,2,1,1,5,1,1,,,110,1,250,300,110.882382978723
242,214,5,1,2,1,1,12,0,,,,,,,,110.882382978723
242,214,5,1,2,1,1,6,1,1,,,300,0,,,110.882382978723
242,214,5,1,2,1,1,11,0,,,,,,,,110.882382978723
242,214,5,1,2,1,1,7,0,,,,,,,,110.882382978723
242,214,5,1,2,1,1,2,0,,,,,,,,110.882382978723
242,214,5,1,2,1,1,8,0,,,,,,,,110.882382978723
242,214,5,1,2,1,1,1,0,,,,,,,,110.882382978723
242,214,5,1,2,1,1,10,0,,,,,,,,110.882382978723
243,215,5,2,2,1,1,3,1,4,,,888,0,,,119.53393373494
243,215,5,2,2,1,1,13,0,,,,,,,,119.53393373494
243,215,5,2,2,1,1,12,1,555,0,8,0,0,,,119.53393373494
243,215,5,2,2,1,1,6,1,1,,,300,1,250,280,119.53393373494
243,215,5,2,2,1,1,4,1,3,,,178,0,,,119.53393373494
243,215,5,2,2,1,1,1,1,1,,,1200,1,1000,1200,119.53393373494
243,215,5,2,2,1,1,11,0,,,,,,,,119.53393373494
243,215,5,2,2,1,1,8,0,,,,,,,,119.53393373494
243,215,5,2,2,1,1,7,0,,,,,,,,119.53393373494
243,215,5,2,2,1,1,9,0,,,,,,,,119.53393373494
243,215,5,2,2,1,1,10,0,,,,,,,,119.53393373494
243,215,5,2,2,1,1,2,0,,,,,,,,119.53393373494
243,215,5,2,2,1,1,5,1,5,6,,700,0,,,119.53393373494
244,216,5,2,2,1,1,6,1,8,34,,9000,1,8000,8500,50.6682119205298
244,216,5,2,2,1,1,8,1,2,,,1600,1,1130,1500,50.6682119205298
244,216,5,2,2,1,1,11,0,,,,,,,,50.6682119205298
244,216,5,2,2,1,1,3,1,4,,,888,0,,,50.6682119205298
244,216,5,2,2,1,1,12,1,5,888,,0,0,,,50.6682119205298
244,216,5,2,2,1,1,10,0,,,,,,,,50.6682119205298
244,216,5,2,2,1,1,7,0,,,,,,,,50.6682119205298
244,216,5,2,2,1,1,2,0,,,,,,,,50.6682119205298
244,216,5,2,2,1,1,9,0,,,,,,,,50.6682119205298
244,216,5,2,2,1,1,4,0,,,,,,,,50.6682119205298
244,216,5,2,2,1,1,13,0,,,,,,,,50.6682119205298
244,216,5,2,2,1,1,5,1,5,5,,500,1,400,500,50.6682119205298
244,216,5,2,2,1,1,1,0,,,,,,,,50.6682119205298
245,217,5,2,1,1,1,4,1,3,,,190,0,,,15.1000164383562
245,217,5,2,1,1,1,8,1,2,,,1500,1,1050,1285,15.1000164383562
245,217,5,2,1,1,1,6,1,8,30,,11000,1,10000,11000,15.1000164383562
245,217,5,2,1,1,1,5,1,1,,,180,1,110,150,15.1000164383562
245,217,5,2,1,1,1,1,1,1,,,1700,1,1500,1700,15.1000164383562
245,217,5,2,1,1,1,10,0,,,,,,,,15.1000164383562
245,217,5,2,1,1,1,13,0,,,,,,,,15.1000164383562
245,217,5,2,1,1,1,7,0,,,,,,,,15.1000164383562
245,217,5,2,1,1,1,11,0,,,,,,,,15.1000164383562
245,217,5,2,1,1,1,2,0,,,,,,,,15.1000164383562
245,217,5,2,1,1,1,12,1,5,888,,0,0,,,15.1000164383562
245,217,5,2,1,1,1,3,1,4,,,888,0,,,15.1000164383562
245,217,5,2,1,1,1,9,0,,,,,,,,15.1000164383562
246,218,5,2,2,1,1,7,0,,,,,,,,235.364968421053
246,218,5,2,2,1,1,1,0,,,,,,,,235.364968421053
246,218,5,2,2,1,1,12,1,5,888,,0,0,,,235.364968421053
246,218,5,2,2,1,1,5,1,5,5,,640,0,,,235.364968421053
246,218,5,2,2,1,1,2,0,,,,,,,,235.364968421053
246,218,5,2,2,1,1,13,0,,,,,,,,235.364968421053
246,218,5,2,2,1,1,4,1,3,,,125,0,,,235.364968421053
246,218,5,2,2,1,1,6,0,,,,,,,,235.364968421053
246,218,5,2,2,1,1,3,1,4,,,888,0,,,235.364968421053
246,218,5,2,2,1,1,11,0,,,,,,,,235.364968421053
246,218,5,2,2,1,1,10,0,,,,,,,,235.364968421053
246,218,5,2,2,1,1,9,0,,,,,,,,235.364968421053
246,218,5,2,2,1,1,8,0,,,,,,,,235.364968421053
247,219,5,2,1,1,1,5,1,5,6,,800,1,720,780,5.48210979228487
247,219,5,2,1,1,1,1,1,1,,,1583,1,1300,1450,5.48210979228487
247,219,5,2,1,1,1,12,1,555,0,8,100,0,,,5.48210979228487
247,219,5,2,1,1,1,10,0,,,,,,,,5.48210979228487
247,219,5,2,1,1,1,11,0,,,,,,,,5.48210979228487
247,219,5,2,1,1,1,6,1,8,35,,9000,1,8000,9000,5.48210979228487
247,219,5,2,1,1,1,7,1,2,,,1700,1,1000,1300,5.48210979228487
247,219,5,2,1,1,1,4,1,3,,,125,0,,,5.48210979228487
247,219,5,2,1,1,1,8,1,2,,,1490,1,980,1050,5.48210979228487
247,219,5,2,1,1,1,2,0,,,,,,,,5.48210979228487
247,219,5,2,1,1,1,9,0,,,,,,,,5.48210979228487
247,219,5,2,1,1,1,13,0,,,,,,,,5.48210979228487
247,219,5,2,1,1,1,3,1,4,,,888,0,,,5.48210979228487
248,220,5,2,2,1,1,9,0,,,,,,,,117.7655625
248,220,5,2,2,1,1,8,0,,,,,,,,117.7655625
248,220,5,2,2,1,1,10,0,,,,,,,,117.7655625
248,220,5,2,2,1,1,1,0,,,,,,,,117.7655625
248,220,5,2,2,1,1,6,0,,,,,,,,117.7655625
248,220,5,2,2,1,1,2,0,,,,,,,,117.7655625
248,220,5,2,2,1,1,3,1,4,,,888,0,,,117.7655625
248,220,5,2,2,1,1,13,0,,,,,,,,117.7655625
248,220,5,2,2,1,1,12,1,5,888,,0,0,,,117.7655625
248,220,5,2,2,1,1,7,0,,,,,,,,117.7655625
248,220,5,2,2,1,1,11,0,,,,,,,,117.7655625
248,220,5,2,2,1,1,5,1,5,7,,700,0,,,117.7655625
248,220,5,2,2,1,1,4,1,3,,,131,0,,,117.7655625
249,221,5,2,1,1,1,6,1,8,35,,10000,1,9000,9500,8.0922816
249,221,5,2,1,1,1,3,1,4,,,888,0,,,8.0922816
249,221,5,2,1,1,1,4,1,3,,,133,0,,,8.0922816
249,221,5,2,1,1,1,12,1,5,888,,0,0,,,8.0922816
249,221,5,2,1,1,1,7,0,,,,,,,,8.0922816
249,221,5,2,1,1,1,8,1,2,,,1469,1,1100,1200,8.0922816
249,221,5,2,1,1,1,11,0,,,,,,,,8.0922816
249,221,5,2,1,1,1,5,1,1,,,620,1,500,600,8.0922816
249,221,5,2,1,1,1,9,0,,,,,,,,8.0922816
249,221,5,2,1,1,1,13,0,,,,,,,,8.0922816
249,221,5,2,1,1,1,10,0,,,,,,,,8.0922816
249,221,5,2,1,1,1,2,0,,,,,,,,8.0922816
249,221,5,2,1,1,1,1,1,1,,,1666,1,1300,1333,8.0922816
250,222,5,2,2,1,1,4,0,,,,,,,,61.0949142857143
250,222,5,2,2,1,1,13,0,,,,,,,,61.0949142857143
250,222,5,2,2,1,1,12,0,,,,,,,,61.0949142857143
250,222,5,2,2,1,1,8,0,,,,,,,,61.0949142857143
250,222,5,2,2,1,1,3,1,4,,,888,0,,,61.0949142857143
250,222,5,2,2,1,1,9,0,,,,,,,,61.0949142857143
250,222,5,2,2,1,1,7,0,,,,,,,,61.0949142857143
250,222,5,2,2,1,1,11,0,,,,,,,,61.0949142857143
250,222,5,2,2,1,1,1,0,,,,,,,,61.0949142857143
250,222,5,2,2,1,1,5,1,5,6,,700,1,600,650,61.0949142857143
250,222,5,2,2,1,1,6,0,,,,,,,,61.0949142857143
250,222,5,2,2,1,1,2,0,,,,,,,,61.0949142857143
250,222,5,2,2,1,1,10,0,,,,,,,,61.0949142857143
251,223,5,2,1,1,1,6,1,1,,,250,1,200,220,8.45871833333333
251,223,5,2,1,1,1,8,0,,,,,,,,8.45871833333333
251,223,5,2,1,1,1,10,0,,,,,,,,8.45871833333333
251,223,5,2,1,1,1,13,0,,,,,,,,8.45871833333333
251,223,5,2,1,1,1,2,0,,,,,,,,8.45871833333333
251,223,5,2,1,1,1,5,1,5,6,,600,1,550,600,8.45871833333333
251,223,5,2,1,1,1,12,1,5,888,,0,0,,,8.45871833333333
251,223,5,2,1,1,1,11,0,,,,,,,,8.45871833333333
251,223,5,2,1,1,1,3,1,4,,,888,0,,,8.45871833333333
251,223,5,2,1,1,1,1,1,1,,,1350,1,1000,1250,8.45871833333333
251,223,5,2,1,1,1,9,0,,,,,,,,8.45871833333333
251,223,5,2,1,1,1,4,1,3,,,250,0,,,8.45871833333333
251,223,5,2,1,1,1,7,0,,,,,,,,8.45871833333333
252,224,5,2,1,1,1,2,0,,,,,,,,8.83617364864865
252,224,5,2,1,1,1,12,1,5,888,,0,0,,,8.83617364864865
252,224,5,2,1,1,1,6,1,1,,,350,1,300,320,8.83617364864865
252,224,5,2,1,1,1,9,0,,,,,,,,8.83617364864865
252,224,5,2,1,1,1,1,1,1,,,1350,1,1250,1450,8.83617364864865
252,224,5,2,1,1,1,5,1,5,7,,900,1,800,850,8.83617364864865
252,224,5,2,1,1,1,4,1,3,,,212,0,,,8.83617364864865
252,224,5,2,1,1,1,11,0,,,,,,,,8.83617364864865
252,224,5,2,1,1,1,10,0,,,,,,,,8.83617364864865
252,224,5,2,1,1,1,7,1,2,,,1600,0,,,8.83617364864865
252,224,5,2,1,1,1,13,0,,,,,,,,8.83617364864865
252,224,5,2,1,1,1,3,1,4,,,888,0,,,8.83617364864865
252,224,5,2,1,1,1,8,1,2,,,1550,1,1060,1400,8.83617364864865
255,225,5,3,2,1,1,10,0,,,,,,,,5.61932387096774
255,225,5,3,2,1,1,4,0,,,,,,,,5.61932387096774
255,225,5,3,2,1,1,5,1,5,5,,700,1,580,650,5.61932387096774
255,225,5,3,2,1,1,2,0,,,,,,,,5.61932387096774
255,225,5,3,2,1,1,12,0,,,,,,,,5.61932387096774
255,225,5,3,2,1,1,11,0,,,,,,,,5.61932387096774
255,225,5,3,2,1,1,9,0,,,,,,,,5.61932387096774
255,225,5,3,2,1,1,8,0,,,,,,,,5.61932387096774
255,225,5,3,2,1,1,13,0,,,,,,,,5.61932387096774
255,225,5,3,2,1,1,3,1,4,,,888,0,,,5.61932387096774
255,225,5,3,2,1,1,6,1,8,32,,9500,1,8500,9500,5.61932387096774
255,225,5,3,2,1,1,7,0,,,,,,,,5.61932387096774
255,225,5,3,2,1,1,1,0,,,,,,,,5.61932387096774
256,226,5,3,2,1,1,6,1,8,30,,9000,1,8000,8500,6.850405
256,226,5,3,2,1,1,2,0,,,,,,,,6.850405
256,226,5,3,2,1,1,11,0,,,,,,,,6.850405
256,226,5,3,2,1,1,10,0,,,,,,,,6.850405
256,226,5,3,2,1,1,5,1,5,6,,600,1,500,600,6.850405
256,226,5,3,2,1,1,3,1,4,,,888,0,,,6.850405
256,226,5,3,2,1,1,7,0,,,,,,,,6.850405
256,226,5,3,2,1,1,12,0,,,,,,,,6.850405
256,226,5,3,2,1,1,8,0,,,,,,,,6.850405
256,226,5,3,2,1,1,13,0,,,,,,,,6.850405
256,226,5,3,2,1,1,9,0,,,,,,,,6.850405
256,226,5,3,2,1,1,1,1,1,,,1250,1,1100,1200,6.850405
256,226,5,3,2,1,1,4,0,,,,,,,,6.850405
257,227,5,3,2,1,3,8,0,,,,,,,,10.336208
257,227,5,3,2,1,3,6,1,8,31,,10000,1,9000,9500,10.336208
257,227,5,3,2,1,3,3,1,4,,,888,0,,,10.336208
257,227,5,3,2,1,3,1,1,1,,,1300,1,1100,1250,10.336208
257,227,5,3,2,1,3,13,0,,,,,,,,10.336208
257,227,5,3,2,1,3,10,0,,,,,,,,10.336208
257,227,5,3,2,1,3,5,1,1,,,800,1,700,780,10.336208
257,227,5,3,2,1,3,9,0,,,,,,,,10.336208
257,227,5,3,2,1,3,4,0,,,,,,,,10.336208
257,227,5,3,2,1,3,2,0,,,,,,,,10.336208
257,227,5,3,2,1,3,7,0,,,,,,,,10.336208
257,227,5,3,2,1,3,12,0,,,,,,,,10.336208
257,227,5,3,2,1,3,11,0,,,,,,,,10.336208
258,228,5,3,2,1,1,8,0,,,,,,,,137.657460869565
258,228,5,3,2,1,1,5,1,555,0,1,0,0,,,137.657460869565
258,228,5,3,2,1,1,12,1,555,5,1,20,1,3000,3200,137.657460869565
258,228,5,3,2,1,1,3,1,4,,,888,0,,,137.657460869565
258,228,5,3,2,1,1,9,0,,,,,,,,137.657460869565
258,228,5,3,2,1,1,7,0,,,,,,,,137.657460869565
258,228,5,3,2,1,1,6,0,,,,,,,,137.657460869565
258,228,5,3,2,1,1,1,0,,,,,,,,137.657460869565
258,228,5,3,2,1,1,11,0,,,,,,,,137.657460869565
258,228,5,3,2,1,1,13,0,,,,,,,,137.657460869565
258,228,5,3,2,1,1,2,0,,,,,,,,137.657460869565
258,228,5,3,2,1,1,4,0,,,,,,,,137.657460869565
258,228,5,3,2,1,1,10,0,,,,,,,,137.657460869565
259,229,5,3,2,1,2,7,0,,,,,,,,8.26972446043165
259,229,5,3,2,1,2,2,0,,,,,,,,8.26972446043165
259,229,5,3,2,1,2,13,0,,,,,,,,8.26972446043165
259,229,5,3,2,1,2,3,1,4,,,888,0,,,8.26972446043165
259,229,5,3,2,1,2,6,1,8,30,,10000,1,9000,9500,8.26972446043165
259,229,5,3,2,1,2,1,0,,,,,,,,8.26972446043165
259,229,5,3,2,1,2,8,0,,,,,,,,8.26972446043165
259,229,5,3,2,1,2,10,0,,,,,,,,8.26972446043165
259,229,5,3,2,1,2,4,0,,,,,,,,8.26972446043165
259,229,5,3,2,1,2,5,1,5,8,,900,1,770,850,8.26972446043165
259,229,5,3,2,1,2,9,0,,,,,,,,8.26972446043165
259,229,5,3,2,1,2,12,1,555,10,18,400,0,,,8.26972446043165
259,229,5,3,2,1,2,11,0,,,,,,,,8.26972446043165
260,230,5,3,2,1,1,10,0,,,,,,,,5.48211779359431
260,230,5,3,2,1,1,12,1,555,3,3,500,1,500,2000,5.48211779359431
260,230,5,3,2,1,1,9,0,,,,,,,,5.48211779359431
260,230,5,3,2,1,1,8,0,,,,,,,,5.48211779359431
260,230,5,3,2,1,1,7,0,,,,,,,,5.48211779359431
260,230,5,3,2,1,1,4,0,,,,,,,,5.48211779359431
260,230,5,3,2,1,1,2,0,,,,,,,,5.48211779359431
260,230,5,3,2,1,1,5,1,5,6,,700,1,600,650,5.48211779359431
260,230,5,3,2,1,1,13,0,,,,,,,,5.48211779359431
260,230,5,3,2,1,1,1,0,,,,,,,,5.48211779359431
260,230,5,3,2,1,1,6,0,,,,,,,,5.48211779359431
260,230,5,3,2,1,1,3,1,4,,,888,0,,,5.48211779359431
260,230,5,3,2,1,1,11,0,,,,,,,,5.48211779359431
261,231,5,3,2,1,2,7,0,,,,,,,,1.95926893617021
261,231,5,3,2,1,2,5,1,5,7,,900,1,770,850,1.95926893617021
261,231,5,3,2,1,2,3,1,4,,,888,0,,,1.95926893617021
261,231,5,3,2,1,2,6,1,8,35,,10000,1,8000,9000,1.95926893617021
261,231,5,3,2,1,2,8,0,,,,,,,,1.95926893617021
261,231,5,3,2,1,2,9,0,,,,,,,,1.95926893617021
261,231,5,3,2,1,2,13,0,,,,,,,,1.95926893617021
261,231,5,3,2,1,2,11,0,,,,,,,,1.95926893617021
261,231,5,3,2,1,2,10,0,,,,,,,,1.95926893617021
261,231,5,3,2,1,2,12,1,555,5,18,1000,0,,,1.95926893617021
261,231,5,3,2,1,2,2,0,,,,,,,,1.95926893617021
261,231,5,3,2,1,2,1,1,1,,,1250,1,1100,1300,1.95926893617021
261,231,5,3,2,1,2,4,0,,,,,,,,1.95926893617021
262,232,5,3,2,1,1,4,0,,,,,,,,7.84644511904762
262,232,5,3,2,1,1,5,1,5,6,,800,0,,,7.84644511904762
262,232,5,3,2,1,1,7,0,,,,,,,,7.84644511904762
262,232,5,3,2,1,1,2,0,,,,,,,,7.84644511904762
262,232,5,3,2,1,1,8,0,,,,,,,,7.84644511904762
262,232,5,3,2,1,1,1,0,,,,,,,,7.84644511904762
262,232,5,3,2,1,1,13,0,,,,,,,,7.84644511904762
262,232,5,3,2,1,1,6,0,,,,,,,,7.84644511904762
262,232,5,3,2,1,1,9,0,,,,,,,,7.84644511904762
262,232,5,3,2,1,1,3,1,4,,,888,0,,,7.84644511904762
262,232,5,3,2,1,1,12,0,,,,,,,,7.84644511904762
262,232,5,3,2,1,1,10,0,,,,,,,,7.84644511904762
262,232,5,3,2,1,1,11,0,,,,,,,,7.84644511904762
263,233,5,3,2,1,1,9,0,,,,,,,,13.49487
263,233,5,3,2,1,1,2,0,,,,,,,,13.49487
263,233,5,3,2,1,1,3,1,4,,,888,0,,,13.49487
263,233,5,3,2,1,1,4,0,,,,,,,,13.49487
263,233,5,3,2,1,1,7,0,,,,,,,,13.49487
263,233,5,3,2,1,1,1,0,,,,,,,,13.49487
263,233,5,3,2,1,1,13,0,,,,,,,,13.49487
263,233,5,3,2,1,1,11,0,,,,,,,,13.49487
263,233,5,3,2,1,1,12,0,,,,,,,,13.49487
263,233,5,3,2,1,1,8,0,,,,,,,,13.49487
263,233,5,3,2,1,1,6,0,,,,,,,,13.49487
263,233,5,3,2,1,1,5,1,555,0,18,0,0,,,13.49487
263,233,5,3,2,1,1,10,0,,,,,,,,13.49487
264,234,5,3,1,1,3,12,0,,,,,,,,12.3318692307692
264,234,5,3,1,1,3,8,0,,,,,,,,12.3318692307692
264,234,5,3,1,1,3,2,0,,,,,,,,12.3318692307692
264,234,5,3,1,1,3,9,0,,,,,,,,12.3318692307692
264,234,5,3,1,1,3,4,0,,,,,,,,12.3318692307692
264,234,5,3,1,1,3,3,1,4,,,888,0,,,12.3318692307692
264,234,5,3,1,1,3,7,0,,,,,,,,12.3318692307692
264,234,5,3,1,1,3,5,1,5,8,,800,1,700,780,12.3318692307692
264,234,5,3,1,1,3,13,0,,,,,,,,12.3318692307692
264,234,5,3,1,1,3,11,0,,,,,,,,12.3318692307692
264,234,5,3,1,1,3,10,0,,,,,,,,12.3318692307692
264,234,5,3,1,1,3,1,1,1,,,1200,1,1000,1200,12.3318692307692
264,234,5,3,1,1,3,6,1,8,888,,10000,1,8000,8500,12.3318692307692
265,235,5,3,2,1,2,8,0,,,,,,,,90.9270416666667
265,235,5,3,2,1,2,7,0,,,,,,,,90.9270416666667
265,235,5,3,2,1,2,11,0,,,,,,,,90.9270416666667
265,235,5,3,2,1,2,3,1,4,,,888,0,,,90.9270416666667
265,235,5,3,2,1,2,10,0,,,,,,,,90.9270416666667
265,235,5,3,2,1,2,4,0,,,,,,,,90.9270416666667
265,235,5,3,2,1,2,5,1,5,5,,500,1,450,480,90.9270416666667
265,235,5,3,2,1,2,9,0,,,,,,,,90.9270416666667
265,235,5,3,2,1,2,1,1,1,,,1300,1,1275,1450,90.9270416666667
265,235,5,3,2,1,2,13,0,,,,,,,,90.9270416666667
265,235,5,3,2,1,2,2,0,,,,,,,,90.9270416666667
265,235,5,3,2,1,2,12,1,555,15,18,1000,0,,,90.9270416666667
265,235,5,3,2,1,2,6,1,8,35,,11000,1,10000,11000,90.9270416666667
266,236,5,3,2,1,1,8,0,,,,,,,,115.230054545455
266,236,5,3,2,1,1,9,0,,,,,,,,115.230054545455
266,236,5,3,2,1,1,11,0,,,,,,,,115.230054545455
266,236,5,3,2,1,1,12,1,555,15,9,0,0,,,115.230054545455
266,236,5,3,2,1,1,2,0,,,,,,,,115.230054545455
266,236,5,3,2,1,1,4,0,,,,,,,,115.230054545455
266,236,5,3,2,1,1,1,0,,,,,,,,115.230054545455
266,236,5,3,2,1,1,3,1,4,,,888,0,,,115.230054545455
266,236,5,3,2,1,1,10,0,,,,,,,,115.230054545455
266,236,5,3,2,1,1,13,0,,,,,,,,115.230054545455
266,236,5,3,2,1,1,6,1,8,35,,9500,1,8500,9500,115.230054545455
266,236,5,3,2,1,1,7,0,,,,,,,,115.230054545455
266,236,5,3,2,1,1,5,1,5,7,,800,1,700,800,115.230054545455
267,237,5,3,1,1,1,2,0,,,,,,,,31.9791152777778
267,237,5,3,1,1,1,4,0,,,,,,,,31.9791152777778
267,237,5,3,1,1,1,7,0,,,,,,,,31.9791152777778
267,237,5,3,1,1,1,9,0,,,,,,,,31.9791152777778
267,237,5,3,1,1,1,6,1,8,888,,9500,1,8500,9500,31.9791152777778
267,237,5,3,1,1,1,13,0,,,,,,,,31.9791152777778
267,237,5,3,1,1,1,8,0,,,,,,,,31.9791152777778
267,237,5,3,1,1,1,3,1,4,,,888,0,,,31.9791152777778
267,237,5,3,1,1,1,5,1,5,8,,1000,1,900,920,31.9791152777778
267,237,5,3,1,1,1,12,0,,,,,,,,31.9791152777778
267,237,5,3,1,1,1,10,0,,,,,,,,31.9791152777778
267,237,5,3,1,1,1,11,0,,,,,,,,31.9791152777778
267,237,5,3,1,1,1,1,1,1,,,1250,1,1000,1200,31.9791152777778
268,238,5,3,1,1,2,9,0,,,,,,,,6.19307276595745
268,238,5,3,1,1,2,7,0,,,,,,,,6.19307276595745
268,238,5,3,1,1,2,5,1,5,8,,1000,0,,,6.19307276595745
268,238,5,3,1,1,2,4,0,,,,,,,,6.19307276595745
268,238,5,3,1,1,2,13,0,,,,,,,,6.19307276595745
268,238,5,3,1,1,2,2,0,,,,,,,,6.19307276595745
268,238,5,3,1,1,2,8,0,,,,,,,,6.19307276595745
268,238,5,3,1,1,2,6,1,8,888,,9000,1,8000,9000,6.19307276595745
268,238,5,3,1,1,2,11,0,,,,,,,,6.19307276595745
268,238,5,3,1,1,2,10,0,,,,,,,,6.19307276595745
268,238,5,3,1,1,2,1,1,1,,,1666,1,1500,1600,6.19307276595745
268,238,5,3,1,1,2,12,0,,,,,,,,6.19307276595745
268,238,5,3,1,1,2,3,1,4,,,888,0,,,6.19307276595745
269,239,5,3,2,1,1,1,0,,,,,,,,7.10105867403315
269,239,5,3,2,1,1,12,0,,,,,,,,7.10105867403315
269,239,5,3,2,1,1,2,0,,,,,,,,7.10105867403315
269,239,5,3,2,1,1,5,1,5,8,,800,1,720,800,7.10105867403315
269,239,5,3,2,1,1,3,1,4,,,888,0,,,7.10105867403315
269,239,5,3,2,1,1,10,0,,,,,,,,7.10105867403315
269,239,5,3,2,1,1,8,0,,,,,,,,7.10105867403315
269,239,5,3,2,1,1,13,0,,,,,,,,7.10105867403315
269,239,5,3,2,1,1,4,0,,,,,,,,7.10105867403315
269,239,5,3,2,1,1,6,0,,,,,,,,7.10105867403315
269,239,5,3,2,1,1,11,0,,,,,,,,7.10105867403315
269,239,5,3,2,1,1,7,0,,,,,,,,7.10105867403315
269,239,5,3,2,1,1,9,0,,,,,,,,7.10105867403315
270,240,5,3,2,1,2,8,0,,,,,,,,10.5218458333333
270,240,5,3,2,1,2,3,1,4,,,888,0,,,10.5218458333333
270,240,5,3,2,1,2,5,1,5,7,,900,1,780,800,10.5218458333333
270,240,5,3,2,1,2,10,0,,,,,,,,10.5218458333333
270,240,5,3,2,1,2,9,0,,,,,,,,10.5218458333333
270,240,5,3,2,1,2,13,0,,,,,,,,10.5218458333333
270,240,5,3,2,1,2,11,0,,,,,,,,10.5218458333333
270,240,5,3,2,1,2,12,0,,,,,,,,10.5218458333333
270,240,5,3,2,1,2,7,0,,,,,,,,10.5218458333333
270,240,5,3,2,1,2,6,1,8,34,,9500,1,8500,9500,10.5218458333333
270,240,5,3,2,1,2,2,0,,,,,,,,10.5218458333333
270,240,5,3,2,1,2,4,0,,,,,,,,10.5218458333333
270,240,5,3,2,1,2,1,0,,,,,,,,10.5218458333333
271,241,5,3,2,1,1,10,0,,,,,,,,61.146402640264
271,241,5,3,2,1,1,6,1,8,34,,9500,1,8500,9500,61.146402640264
271,241,5,3,2,1,1,12,1,1,,,0,0,,,61.146402640264
271,241,5,3,2,1,1,3,1,4,,,888,0,,,61.146402640264
271,241,5,3,2,1,1,7,0,,,,,,,,61.146402640264
271,241,5,3,2,1,1,5,1,5,8,,1000,1,900,950,61.146402640264
271,241,5,3,2,1,1,8,0,,,,,,,,61.146402640264
271,241,5,3,2,1,1,2,0,,,,,,,,61.146402640264
271,241,5,3,2,1,1,11,0,,,,,,,,61.146402640264
271,241,5,3,2,1,1,4,0,,,,,,,,61.146402640264
271,241,5,3,2,1,1,13,0,,,,,,,,61.146402640264
271,241,5,3,2,1,1,1,1,1,,,1416,1,1250,1400,61.146402640264
271,241,5,3,2,1,1,9,0,,,,,,,,61.146402640264
280,242,5,4,2,1,1,3,1,4,,,888,0,,,83.807
280,242,5,4,2,1,1,11,0,,,,,,,,83.807
280,242,5,4,2,1,1,10,0,,,,,,,,83.807
280,242,5,4,2,1,1,7,0,,,,,,,,83.807
280,242,5,4,2,1,1,4,0,,,,,,,,83.807
280,242,5,4,2,1,1,1,1,1,,,1500,1,1300,1333,83.807
280,242,5,4,2,1,1,8,0,,,,,,,,83.807
280,242,5,4,2,1,1,2,0,,,,,,,,83.807
280,242,5,4,2,1,1,6,1,7,1.5,,300,1,200,250,83.807
280,242,5,4,2,1,1,13,0,,,,,,,,83.807
280,242,5,4,2,1,1,5,1,5,7,,700,1,600,650,83.807
280,242,5,4,2,1,1,9,0,,,,,,,,83.807
280,242,5,4,2,1,1,12,0,,,,,,,,83.807
281,243,5,4,1,1,1,12,0,,,,,,,,9.17697944785276
281,243,5,4,1,1,1,8,0,,,,,,,,9.17697944785276
281,243,5,4,1,1,1,2,0,,,,,,,,9.17697944785276
281,243,5,4,1,1,1,6,1,8,33,,9000,1,8000,9000,9.17697944785276
281,243,5,4,1,1,1,10,0,,,,,,,,9.17697944785276
281,243,5,4,1,1,1,5,1,5,7,,800,1,700,800,9.17697944785276
281,243,5,4,1,1,1,9,0,,,,,,,,9.17697944785276
281,243,5,4,1,1,1,11,0,,,,,,,,9.17697944785276
281,243,5,4,1,1,1,13,0,,,,,,,,9.17697944785276
281,243,5,4,1,1,1,1,1,1,,,1600,1,1500,1550,9.17697944785276
281,243,5,4,1,1,1,3,1,4,,,888,0,,,9.17697944785276
281,243,5,4,1,1,1,7,0,,,,,,,,9.17697944785276
281,243,5,4,1,1,1,4,0,,,,,,,,9.17697944785276
282,244,5,4,1,1,1,13,0,,,,,,,,9.30882887323944
282,244,5,4,1,1,1,7,0,,,,,,,,9.30882887323944
282,244,5,4,1,1,1,6,1,8,34,,10000,1,8000,9000,9.30882887323944
282,244,5,4,1,1,1,12,0,,,,,,,,9.30882887323944
282,244,5,4,1,1,1,8,0,,,,,,,,9.30882887323944
282,244,5,4,1,1,1,5,1,5,5,,640,0,,,9.30882887323944
282,244,5,4,1,1,1,11,0,,,,,,,,9.30882887323944
282,244,5,4,1,1,1,2,0,,,,,,,,9.30882887323944
282,244,5,4,1,1,1,4,0,,,,,,,,9.30882887323944
282,244,5,4,1,1,1,1,1,1,,,1500,1,1250,1300,9.30882887323944
282,244,5,4,1,1,1,3,1,4,,,888,0,,,9.30882887323944
282,244,5,4,1,1,1,10,0,,,,,,,,9.30882887323944
282,244,5,4,1,1,1,9,0,,,,,,,,9.30882887323944
283,245,5,4,1,1,1,8,0,,,,,,,,13.2456640127389
283,245,5,4,1,1,1,3,1,4,,,888,0,,,13.2456640127389
283,245,5,4,1,1,1,7,0,,,,,,,,13.2456640127389
283,245,5,4,1,1,1,4,0,,,,,,,,13.2456640127389
283,245,5,4,1,1,1,12,1,5,888,,0,0,,,13.2456640127389
283,245,5,4,1,1,1,9,0,,,,,,,,13.2456640127389
283,245,5,4,1,1,1,6,1,8,35,,11000,1,8000,8500,13.2456640127389
283,245,5,4,1,1,1,13,0,,,,,,,,13.2456640127389
283,245,5,4,1,1,1,10,0,,,,,,,,13.2456640127389
283,245,5,4,1,1,1,11,0,,,,,,,,13.2456640127389
283,245,5,4,1,1,1,1,1,1,,,1500,1,1250,1333,13.2456640127389
283,245,5,4,1,1,1,5,1,5,8,,900,1,780,850,13.2456640127389
283,245,5,4,1,1,1,2,0,,,,,,,,13.2456640127389
284,246,5,4,2,1,1,6,1,7,1,,250,1,200,220,21.25921875
284,246,5,4,2,1,1,3,1,4,,,888,0,,,21.25921875
284,246,5,4,2,1,1,7,0,,,,,,,,21.25921875
284,246,5,4,2,1,1,12,1,5,888,,0,0,,,21.25921875
284,246,5,4,2,1,1,10,0,,,,,,,,21.25921875
284,246,5,4,2,1,1,2,0,,,,,,,,21.25921875
284,246,5,4,2,1,1,9,0,,,,,,,,21.25921875
284,246,5,4,2,1,1,1,1,1,,,1400,1,1350,1433,21.25921875
284,246,5,4,2,1,1,5,1,5,7,,900,1,780,850,21.25921875
284,246,5,4,2,1,1,4,0,,,,,,,,21.25921875
284,246,5,4,2,1,1,11,0,,,,,,,,21.25921875
284,246,5,4,2,1,1,13,0,,,,,,,,21.25921875
284,246,5,4,2,1,1,8,0,,,,,,,,21.25921875
285,247,5,4,2,1,1,11,0,,,,,,,,79.18262625
285,247,5,4,2,1,1,6,1,7,1.5,,300,1,200,220,79.18262625
285,247,5,4,2,1,1,2,0,,,,,,,,79.18262625
285,247,5,4,2,1,1,9,0,,,,,,,,79.18262625
285,247,5,4,2,1,1,12,1,5,888,,0,0,,,79.18262625
285,247,5,4,2,1,1,13,0,,,,,,,,79.18262625
285,247,5,4,2,1,1,8,0,,,,,,,,79.18262625
285,247,5,4,2,1,1,1,0,,,,,,,,79.18262625
285,247,5,4,2,1,1,5,1,5,7,,700,1,600,650,79.18262625
285,247,5,4,2,1,1,10,0,,,,,,,,79.18262625
285,247,5,4,2,1,1,3,1,4,,,888,0,,,79.18262625
285,247,5,4,2,1,1,7,0,,,,,,,,79.18262625
285,247,5,4,2,1,1,4,0,,,,,,,,79.18262625
286,248,5,4,2,1,1,3,1,4,,,888,0,,,133.014805369128
286,248,5,4,2,1,1,11,0,,,,,,,,133.014805369128
286,248,5,4,2,1,1,9,0,,,,,,,,133.014805369128
286,248,5,4,2,1,1,8,0,,,,,,,,133.014805369128
286,248,5,4,2,1,1,1,0,,,,,,,,133.014805369128
286,248,5,4,2,1,1,10,0,,,,,,,,133.014805369128
286,248,5,4,2,1,1,2,0,,,,,,,,133.014805369128
286,248,5,4,2,1,1,7,0,,,,,,,,133.014805369128
286,248,5,4,2,1,1,12,0,,,,,,,,133.014805369128
286,248,5,4,2,1,1,13,0,,,,,,,,133.014805369128
286,248,5,4,2,1,1,6,1,8,34,,10000,1,9000,9500,133.014805369128
286,248,5,4,2,1,1,4,0,,,,,,,,133.014805369128
286,248,5,4,2,1,1,5,1,5,7,,800,0,,,133.014805369128
287,249,5,5,2,1,1,3,1,4,,,888,0,,,121.134436090226
287,249,5,5,2,1,1,2,0,,,,,,,,121.134436090226
287,249,5,5,2,1,1,5,1,5,7,,900,1,780,850,121.134436090226
287,249,5,5,2,1,1,12,1,5,888,,0,0,,,121.134436090226
287,249,5,5,2,1,1,11,0,,,,,,,,121.134436090226
287,249,5,5,2,1,1,9,0,,,,,,,,121.134436090226
287,249,5,5,2,1,1,1,1,1,,,1500,1,1250,1400,121.134436090226
287,249,5,5,2,1,1,8,0,,,,,,,,121.134436090226
287,249,5,5,2,1,1,10,0,,,,,,,,121.134436090226
287,249,5,5,2,1,1,13,0,,,,,,,,121.134436090226
287,249,5,5,2,1,1,7,0,,,,,,,,121.134436090226
287,249,5,5,2,1,1,6,1,8,35,,9000,1,8000,9000,121.134436090226
287,249,5,5,2,1,1,4,0,,,,,,,,121.134436090226
288,250,5,5,1,1,1,12,1,5,888,,0,0,,,9.34212658227848
288,250,5,5,1,1,1,1,1,1,,,1500,1,1350,1450,9.34212658227848
288,250,5,5,1,1,1,9,0,,,,,,,,9.34212658227848
288,250,5,5,1,1,1,4,0,,,,,,,,9.34212658227848
288,250,5,5,1,1,1,7,0,,,,,,,,9.34212658227848
288,250,5,5,1,1,1,3,1,4,,,888,0,,,9.34212658227848
288,250,5,5,1,1,1,2,0,,,,,,,,9.34212658227848
288,250,5,5,1,1,1,11,0,,,,,,,,9.34212658227848
288,250,5,5,1,1,1,8,0,,,,,,,,9.34212658227848
288,250,5,5,1,1,1,6,1,8,35,,9500,1,8500,9500,9.34212658227848
288,250,5,5,1,1,1,13,0,,,,,,,,9.34212658227848
288,250,5,5,1,1,1,10,0,,,,,,,,9.34212658227848
288,250,5,5,1,1,1,5,1,5,8,,1000,0,,,9.34212658227848
289,251,5,5,2,1,1,12,1,5,888,,0,0,,,160.181593984962
289,251,5,5,2,1,1,9,0,,,,,,,,160.181593984962
289,251,5,5,2,1,1,11,0,,,,,,,,160.181593984962
289,251,5,5,2,1,1,3,1,4,,,888,0,,,160.181593984962
289,251,5,5,2,1,1,10,0,,,,,,,,160.181593984962
289,251,5,5,2,1,1,7,0,,,,,,,,160.181593984962
289,251,5,5,2,1,1,13,0,,,,,,,,160.181593984962
289,251,5,5,2,1,1,6,0,,,,,,,,160.181593984962
289,251,5,5,2,1,1,8,0,,,,,,,,160.181593984962
289,251,5,5,2,1,1,4,0,,,,,,,,160.181593984962
289,251,5,5,2,1,1,1,0,,,,,,,,160.181593984962
289,251,5,5,2,1,1,2,0,,,,,,,,160.181593984962
289,251,5,5,2,1,1,5,1,5,7,,700,0,,,160.181593984962
290,252,5,5,2,1,1,2,0,,,,,,,,6.41137191489362
290,252,5,5,2,1,1,9,0,,,,,,,,6.41137191489362
290,252,5,5,2,1,1,10,0,,,,,,,,6.41137191489362
290,252,5,5,2,1,1,6,1,8,35,,8000,0,,,6.41137191489362
290,252,5,5,2,1,1,8,0,,,,,,,,6.41137191489362
290,252,5,5,2,1,1,5,1,5,7,,800,1,740,800,6.41137191489362
290,252,5,5,2,1,1,1,1,1,,,1500,1,1350,1450,6.41137191489362
290,252,5,5,2,1,1,12,1,5,888,,0,0,,,6.41137191489362
290,252,5,5,2,1,1,3,1,4,,,888,0,,,6.41137191489362
290,252,5,5,2,1,1,4,0,,,,,,,,6.41137191489362
290,252,5,5,2,1,1,11,0,,,,,,,,6.41137191489362
290,252,5,5,2,1,1,7,0,,,,,,,,6.41137191489362
290,252,5,5,2,1,1,13,0,,,,,,,,6.41137191489362
291,253,5,5,2,1,1,13,0,,,,,,,,5.14883130434783
291,253,5,5,2,1,1,2,0,,,,,,,,5.14883130434783
291,253,5,5,2,1,1,12,1,555,0,8,0,0,,,5.14883130434783
291,253,5,5,2,1,1,9,0,,,,,,,,5.14883130434783
291,253,5,5,2,1,1,10,0,,,,,,,,5.14883130434783
291,253,5,5,2,1,1,11,0,,,,,,,,5.14883130434783
291,253,5,5,2,1,1,4,0,,,,,,,,5.14883130434783
291,253,5,5,2,1,1,7,0,,,,,,,,5.14883130434783
291,253,5,5,2,1,1,5,1,5,7,,800,1,700,780,5.14883130434783
291,253,5,5,2,1,1,8,0,,,,,,,,5.14883130434783
291,253,5,5,2,1,1,3,1,4,,,888,0,,,5.14883130434783
291,253,5,5,2,1,1,1,0,,,,,,,,5.14883130434783
291,253,5,5,2,1,1,6,0,,,,,,,,5.14883130434783
292,254,5,5,2,1,1,2,0,,,,,,,,4.10791541284404
292,254,5,5,2,1,1,13,0,,,,,,,,4.10791541284404
292,254,5,5,2,1,1,5,1,5,6,,700,0,,,4.10791541284404
292,254,5,5,2,1,1,9,0,,,,,,,,4.10791541284404
292,254,5,5,2,1,1,7,0,,,,,,,,4.10791541284404
292,254,5,5,2,1,1,11,0,,,,,,,,4.10791541284404
292,254,5,5,2,1,1,12,1,555,0,6,0,0,,,4.10791541284404
292,254,5,5,2,1,1,1,1,1,,,1600,1,1400,1433,4.10791541284404
292,254,5,5,2,1,1,10,0,,,,,,,,4.10791541284404
292,254,5,5,2,1,1,8,0,,,,,,,,4.10791541284404
292,254,5,5,2,1,1,6,1,7,1,,250,1,200,250,4.10791541284404
292,254,5,5,2,1,1,4,0,,,,,,,,4.10791541284404
292,254,5,5,2,1,1,3,1,4,,,888,0,,,4.10791541284404
293,255,5,5,2,1,1,11,0,,,,,,,,6.88020618556701
293,255,5,5,2,1,1,9,0,,,,,,,,6.88020618556701
293,255,5,5,2,1,1,10,0,,,,,,,,6.88020618556701
293,255,5,5,2,1,1,3,1,4,,,888,0,,,6.88020618556701
293,255,5,5,2,1,1,12,1,555,0,6,0,0,,,6.88020618556701
293,255,5,5,2,1,1,4,0,,,,,,,,6.88020618556701
293,255,5,5,2,1,1,8,0,,,,,,,,6.88020618556701
293,255,5,5,2,1,1,7,0,,,,,,,,6.88020618556701
293,255,5,5,2,1,1,5,1,5,7,,800,1,720,800,6.88020618556701
293,255,5,5,2,1,1,6,0,,,,,,,,6.88020618556701
293,255,5,5,2,1,1,2,0,,,,,,,,6.88020618556701
293,255,5,5,2,1,1,13,0,,,,,,,,6.88020618556701
293,255,5,5,2,1,1,1,0,,,,,,,,6.88020618556701
294,256,5,5,2,1,1,3,1,4,,,888,0,,,195.606
294,256,5,5,2,1,1,1,0,,,,,,,,195.606
294,256,5,5,2,1,1,7,0,,,,,,,,195.606
294,256,5,5,2,1,1,4,0,,,,,,,,195.606
294,256,5,5,2,1,1,10,0,,,,,,,,195.606
294,256,5,5,2,1,1,11,0,,,,,,,,195.606
294,256,5,5,2,1,1,12,1,555,0,8,0,0,,,195.606
294,256,5,5,2,1,1,2,0,,,,,,,,195.606
294,256,5,5,2,1,1,13,0,,,,,,,,195.606
294,256,5,5,2,1,1,9,0,,,,,,,,195.606
294,256,5,5,2,1,1,5,1,5,7,,700,1,580,650,195.606
294,256,5,5,2,1,1,8,0,,,,,,,,195.606
294,256,5,5,2,1,1,6,0,,,,,,,,195.606
295,257,5,5,2,1,1,1,0,,,,,,,,5.47658758928572
295,257,5,5,2,1,1,4,0,,,,,,,,5.47658758928572
295,257,5,5,2,1,1,10,0,,,,,,,,5.47658758928572
295,257,5,5,2,1,1,7,0,,,,,,,,5.47658758928572
295,257,5,5,2,1,1,2,0,,,,,,,,5.47658758928572
295,257,5,5,2,1,1,6,1,8,33.4,,9500,1,8500,9000,5.47658758928572
295,257,5,5,2,1,1,11,0,,,,,,,,5.47658758928572
295,257,5,5,2,1,1,9,0,,,,,,,,5.47658758928572
295,257,5,5,2,1,1,3,1,4,,,888,0,,,5.47658758928572
295,257,5,5,2,1,1,13,0,,,,,,,,5.47658758928572
295,257,5,5,2,1,1,5,1,5,7,,700,1,580,600,5.47658758928572
295,257,5,5,2,1,1,8,0,,,,,,,,5.47658758928572
295,257,5,5,2,1,1,12,1,555,10.5,6,0,0,,,5.47658758928572
296,258,5,5,2,1,1,1,1,1,,,1600,0,,,7.95912688172043
296,258,5,5,2,1,1,6,1,8,32.5,,10000,1,9000,10000,7.95912688172043
296,258,5,5,2,1,1,11,0,,,,,,,,7.95912688172043
296,258,5,5,2,1,1,10,0,,,,,,,,7.95912688172043
296,258,5,5,2,1,1,2,0,,,,,,,,7.95912688172043
296,258,5,5,2,1,1,9,0,,,,,,,,7.95912688172043
296,258,5,5,2,1,1,3,1,4,,,888,0,,,7.95912688172043
296,258,5,5,2,1,1,13,0,,,,,,,,7.95912688172043
296,258,5,5,2,1,1,5,1,5,8,,800,1,720,800,7.95912688172043
296,258,5,5,2,1,1,12,1,5,888,,0,0,,,7.95912688172043
296,258,5,5,2,1,1,7,0,,,,,,,,7.95912688172043
296,258,5,5,2,1,1,8,0,,,,,,,,7.95912688172043
296,258,5,5,2,1,1,4,0,,,,,,,,7.95912688172043
297,259,5,5,2,1,1,3,1,4,,,888,0,,,2.34540276243094
297,259,5,5,2,1,1,9,0,,,,,,,,2.34540276243094
297,259,5,5,2,1,1,13,0,,,,,,,,2.34540276243094
297,259,5,5,2,1,1,6,0,,,,,,,,2.34540276243094
297,259,5,5,2,1,1,8,0,,,,,,,,2.34540276243094
297,259,5,5,2,1,1,5,1,5,6,,600,1,580,600,2.34540276243094
297,259,5,5,2,1,1,7,0,,,,,,,,2.34540276243094
297,259,5,5,2,1,1,2,0,,,,,,,,2.34540276243094
297,259,5,5,2,1,1,4,0,,,,,,,,2.34540276243094
297,259,5,5,2,1,1,10,0,,,,,,,,2.34540276243094
297,259,5,5,2,1,1,12,0,,,,,,,,2.34540276243094
297,259,5,5,2,1,1,11,0,,,,,,,,2.34540276243094
297,259,5,5,2,1,1,1,0,,,,,,,,2.34540276243094
298,260,5,5,2,1,1,10,0,,,,,,,,421.347619047619
298,260,5,5,2,1,1,13,0,,,,,,,,421.347619047619
298,260,5,5,2,1,1,9,0,,,,,,,,421.347619047619
298,260,5,5,2,1,1,11,0,,,,,,,,421.347619047619
298,260,5,5,2,1,1,5,1,5,7,,800,1,720,800,421.347619047619
298,260,5,5,2,1,1,12,1,555,0,6,0,0,,,421.347619047619
298,260,5,5,2,1,1,3,1,4,,,888,0,,,421.347619047619
298,260,5,5,2,1,1,2,0,,,,,,,,421.347619047619
298,260,5,5,2,1,1,4,0,,,,,,,,421.347619047619
298,260,5,5,2,1,1,7,0,,,,,,,,421.347619047619
298,260,5,5,2,1,1,6,1,7,1.5,,300,1,250,300,421.347619047619
298,260,5,5,2,1,1,8,0,,,,,,,,421.347619047619
298,260,5,5,2,1,1,1,1,1,,,1670,0,,,421.347619047619
308,261,5,6,2,1,1,4,0,,,,,,,,65.4211258741259
308,261,5,6,2,1,1,3,1,4,,,888,0,,,65.4211258741259
308,261,5,6,2,1,1,5,1,5,7,,700,1,580,600,65.4211258741259
308,261,5,6,2,1,1,9,0,,,,,,,,65.4211258741259
308,261,5,6,2,1,1,11,0,,,,,,,,65.4211258741259
308,261,5,6,2,1,1,1,0,,,,,,,,65.4211258741259
308,261,5,6,2,1,1,12,0,,,,,,,,65.4211258741259
308,261,5,6,2,1,1,2,0,,,,,,,,65.4211258741259
308,261,5,6,2,1,1,7,0,,,,,,,,65.4211258741259
308,261,5,6,2,1,1,8,0,,,,,,,,65.4211258741259
308,261,5,6,2,1,1,10,0,,,,,,,,65.4211258741259
308,261,5,6,2,1,1,6,1,7,1.5,,300,1,200,250,65.4211258741259
308,261,5,6,2,1,1,13,0,,,,,,,,65.4211258741259
309,262,5,6,1,1,1,12,0,,,,,,,,11.2610976744186
309,262,5,6,1,1,1,6,1,8,33,,11000,1,10000,10500,11.2610976744186
309,262,5,6,1,1,1,4,0,,,,,,,,11.2610976744186
309,262,5,6,1,1,1,13,0,,,,,,,,11.2610976744186
309,262,5,6,1,1,1,2,0,,,,,,,,11.2610976744186
309,262,5,6,1,1,1,1,1,1,,,1062,1,1000,1200,11.2610976744186
309,262,5,6,1,1,1,8,0,,,,,,,,11.2610976744186
309,262,5,6,1,1,1,5,1,5,7,,800,1,740,800,11.2610976744186
309,262,5,6,1,1,1,7,0,,,,,,,,11.2610976744186
309,262,5,6,1,1,1,3,1,4,,,888,0,,,11.2610976744186
309,262,5,6,1,1,1,11,0,,,,,,,,11.2610976744186
309,262,5,6,1,1,1,9,0,,,,,,,,11.2610976744186
309,262,5,6,1,1,1,10,0,,,,,,,,11.2610976744186
310,263,5,6,2,1,1,5,1,5,5,,600,1,500,580,265.9455
310,263,5,6,2,1,1,8,0,,,,,,,,265.9455
310,263,5,6,2,1,1,4,0,,,,,,,,265.9455
310,263,5,6,2,1,1,7,0,,,,,,,,265.9455
310,263,5,6,2,1,1,10,0,,,,,,,,265.9455
310,263,5,6,2,1,1,12,1,5,888,,0,0,,,265.9455
310,263,5,6,2,1,1,6,0,,,,,,,,265.9455
310,263,5,6,2,1,1,11,0,,,,,,,,265.9455
310,263,5,6,2,1,1,2,0,,,,,,,,265.9455
310,263,5,6,2,1,1,9,0,,,,,,,,265.9455
310,263,5,6,2,1,1,13,0,,,,,,,,265.9455
310,263,5,6,2,1,1,3,1,4,,,888,0,,,265.9455
310,263,5,6,2,1,1,1,0,,,,,,,,265.9455
311,264,5,6,2,1,1,4,0,,,,,,,,110.668164383562
311,264,5,6,2,1,1,1,0,,,,,,,,110.668164383562
311,264,5,6,2,1,1,9,0,,,,,,,,110.668164383562
311,264,5,6,2,1,1,7,0,,,,,,,,110.668164383562
311,264,5,6,2,1,1,2,0,,,,,,,,110.668164383562
311,264,5,6,2,1,1,5,1,5,8,,1000,0,,,110.668164383562
311,264,5,6,2,1,1,12,0,,,,,,,,110.668164383562
311,264,5,6,2,1,1,13,0,,,,,,,,110.668164383562
311,264,5,6,2,1,1,6,1,8,35,,9000,1,8000,9000,110.668164383562
311,264,5,6,2,1,1,3,1,4,,,888,0,,,110.668164383562
311,264,5,6,2,1,1,11,0,,,,,,,,110.668164383562
311,264,5,6,2,1,1,8,0,,,,,,,,110.668164383562
311,264,5,6,2,1,1,10,0,,,,,,,,110.668164383562
312,265,5,6,2,1,1,13,0,,,,,,,,188.315441860465
312,265,5,6,2,1,1,10,0,,,,,,,,188.315441860465
312,265,5,6,2,1,1,2,0,,,,,,,,188.315441860465
312,265,5,6,2,1,1,11,0,,,,,,,,188.315441860465
312,265,5,6,2,1,1,3,1,4,,,888,0,,,188.315441860465
312,265,5,6,2,1,1,8,0,,,,,,,,188.315441860465
312,265,5,6,2,1,1,7,0,,,,,,,,188.315441860465
312,265,5,6,2,1,1,4,0,,,,,,,,188.315441860465
312,265,5,6,2,1,1,6,1,8,35,,10000,1,9000,10000,188.315441860465
312,265,5,6,2,1,1,1,1,1,,,1500,1,1350,1450,188.315441860465
312,265,5,6,2,1,1,12,1,5,888,,0,0,,,188.315441860465
312,265,5,6,2,1,1,9,0,,,,,,,,188.315441860465
312,265,5,6,2,1,1,5,1,5,5,,500,0,,,188.315441860465
313,266,5,7,1,1,1,3,1,4,,,888,0,,,16.9766382352941
313,266,5,7,1,1,1,2,0,,,,,,,,16.9766382352941
313,266,5,7,1,1,1,13,0,,,,,,,,16.9766382352941
313,266,5,7,1,1,1,9,0,,,,,,,,16.9766382352941
313,266,5,7,1,1,1,8,0,,,,,,,,16.9766382352941
313,266,5,7,1,1,1,4,0,,,,,,,,16.9766382352941
313,266,5,7,1,1,1,11,0,,,,,,,,16.9766382352941
313,266,5,7,1,1,1,10,0,,,,,,,,16.9766382352941
313,266,5,7,1,1,1,5,1,5,7,,700,1,580,600,16.9766382352941
313,266,5,7,1,1,1,12,0,,,,,,,,16.9766382352941
313,266,5,7,1,1,1,1,1,1,,,1666,1,1400,1450,16.9766382352941
313,266,5,7,1,1,1,7,0,,,,,,,,16.9766382352941
313,266,5,7,1,1,1,6,1,8,34,,10000,1,8500,9500,16.9766382352941
314,267,5,7,2,1,1,5,1,5,7,,800,1,740,780,121.421042553191
314,267,5,7,2,1,1,13,0,,,,,,,,121.421042553191
314,267,5,7,2,1,1,7,0,,,,,,,,121.421042553191
314,267,5,7,2,1,1,1,0,,,,,,,,121.421042553191
314,267,5,7,2,1,1,8,0,,,,,,,,121.421042553191
314,267,5,7,2,1,1,4,1,3,,,100,0,,,121.421042553191
314,267,5,7,2,1,1,2,0,,,,,,,,121.421042553191
314,267,5,7,2,1,1,11,0,,,,,,,,121.421042553191
314,267,5,7,2,1,1,12,1,5,888,,0,0,,,121.421042553191
314,267,5,7,2,1,1,3,1,4,,,888,0,,,121.421042553191
314,267,5,7,2,1,1,6,1,7,1.5,,250,1,200,230,121.421042553191
314,267,5,7,2,1,1,9,0,,,,,,,,121.421042553191
314,267,5,7,2,1,1,10,0,,,,,,,,121.421042553191
315,268,5,7,2,1,1,5,1,5,5,,600,1,500,580,161.408918918919
315,268,5,7,2,1,1,4,1,3,,,250,0,,,161.408918918919
315,268,5,7,2,1,1,6,1,7,1,,300,1,200,220,161.408918918919
315,268,5,7,2,1,1,1,0,,,,,,,,161.408918918919
315,268,5,7,2,1,1,9,0,,,,,,,,161.408918918919
315,268,5,7,2,1,1,13,0,,,,,,,,161.408918918919
315,268,5,7,2,1,1,11,0,,,,,,,,161.408918918919
315,268,5,7,2,1,1,2,0,,,,,,,,161.408918918919
315,268,5,7,2,1,1,3,1,4,,,888,0,,,161.408918918919
315,268,5,7,2,1,1,8,0,,,,,,,,161.408918918919
315,268,5,7,2,1,1,12,0,,,,,,,,161.408918918919
315,268,5,7,2,1,1,10,0,,,,,,,,161.408918918919
315,268,5,7,2,1,1,7,0,,,,,,,,161.408918918919
316,269,5,7,2,1,1,7,0,,,,,,,,140.077125
316,269,5,7,2,1,1,9,0,,,,,,,,140.077125
316,269,5,7,2,1,1,11,0,,,,,,,,140.077125
316,269,5,7,2,1,1,1,0,,,,,,,,140.077125
316,269,5,7,2,1,1,6,1,1,,,300,1,250,280,140.077125
316,269,5,7,2,1,1,8,1,2,,,1500,1,1100,1200,140.077125
316,269,5,7,2,1,1,2,0,,,,,,,,140.077125
316,269,5,7,2,1,1,12,1,5,888,,0,0,,,140.077125
316,269,5,7,2,1,1,4,1,3,,,200,0,,,140.077125
316,269,5,7,2,1,1,3,1,4,,,888,0,,,140.077125
316,269,5,7,2,1,1,13,0,,,,,,,,140.077125
316,269,5,7,2,1,1,10,0,,,,,,,,140.077125
316,269,5,7,2,1,1,5,1,5,6,,800,1,700,800,140.077125
317,270,5,7,1,1,1,7,0,,,,,,,,10.6805162650602
317,270,5,7,1,1,1,12,0,,,,,,,,10.6805162650602
317,270,5,7,1,1,1,13,1,1,,,250,0,,,10.6805162650602
317,270,5,7,1,1,1,1,1,1,,,1666,1,1500,1700,10.6805162650602
317,270,5,7,1,1,1,11,0,,,,,,,,10.6805162650602
317,270,5,7,1,1,1,2,0,,,,,,,,10.6805162650602
317,270,5,7,1,1,1,4,1,3,,,105,0,,,10.6805162650602
317,270,5,7,1,1,1,3,1,4,,,888,0,,,10.6805162650602
317,270,5,7,1,1,1,6,1,8,35,,10000,1,9000,10000,10.6805162650602
317,270,5,7,1,1,1,8,0,,,,,,,,10.6805162650602
317,270,5,7,1,1,1,10,0,,,,,,,,10.6805162650602
317,270,5,7,1,1,1,9,0,,,,,,,,10.6805162650602
317,270,5,7,1,1,1,5,1,5,5,,600,1,480,580,10.6805162650602
318,271,5,7,1,1,1,6,1,7,1,,300,1,250,300,14.9964432926829
318,271,5,7,1,1,1,13,0,,,,,,,,14.9964432926829
318,271,5,7,1,1,1,1,1,1,,,1200,1,1000,1300,14.9964432926829
318,271,5,7,1,1,1,7,0,,,,,,,,14.9964432926829
318,271,5,7,1,1,1,4,1,3,,,250,0,,,14.9964432926829
318,271,5,7,1,1,1,12,0,,,,,,,,14.9964432926829
318,271,5,7,1,1,1,8,0,,,,,,,,14.9964432926829
318,271,5,7,1,1,1,10,0,,,,,,,,14.9964432926829
318,271,5,7,1,1,1,11,0,,,,,,,,14.9964432926829
318,271,5,7,1,1,1,2,0,,,,,,,,14.9964432926829
318,271,5,7,1,1,1,5,1,5,7,,700,1,580,650,14.9964432926829
318,271,5,7,1,1,1,3,1,4,,,888,0,,,14.9964432926829
318,271,5,7,1,1,1,9,0,,,,,,,,14.9964432926829
319,272,5,7,2,1,1,12,0,,,,,,,,156.04722972973
319,272,5,7,2,1,1,10,0,,,,,,,,156.04722972973
319,272,5,7,2,1,1,1,0,,,,,,,,156.04722972973
319,272,5,7,2,1,1,8,0,,,,,,,,156.04722972973
319,272,5,7,2,1,1,2,0,,,,,,,,156.04722972973
319,272,5,7,2,1,1,11,0,,,,,,,,156.04722972973
319,272,5,7,2,1,1,13,0,,,,,,,,156.04722972973
319,272,5,7,2,1,1,5,1,5,7,,800,1,740,780,156.04722972973
319,272,5,7,2,1,1,6,0,,,,,,,,156.04722972973
319,272,5,7,2,1,1,3,1,4,,,888,0,,,156.04722972973
319,272,5,7,2,1,1,4,1,3,,,100,0,,,156.04722972973
319,272,5,7,2,1,1,7,0,,,,,,,,156.04722972973
319,272,5,7,2,1,1,9,0,,,,,,,,156.04722972973
